Open_time,Close,RSI_Scaled,MACD_Scaled,BB_Scaled,OBV_Scaled
57886-10-25 22:00:00,2.0298,-0.31946403385049466,-1.0,-0.39848224259832643,-1.0
57886-11-05 08:00:00,2.0273,-0.4181818181818201,-1.0,-0.4099361873740323,-1.0
57886-11-15 18:00:00,2.0321,-0.3470764617691178,-0.9593456750479007,-0.32472752396258153,-1.0
57886-11-26 04:00:00,2.02,-0.40981432360743014,-1.0,-0.42276249346372285,-1.0
57886-12-06 14:00:00,2.0282,-0.29892761394102124,-0.8068611404910824,-0.2925715789637052,-0.941888718517528
57886-12-17 00:00:00,2.0366,-0.20491803278688792,-0.36797693408673815,-0.1735784159929336,-0.5056403767478311
57886-12-27 10:00:00,2.0337,-0.1953125000000011,-0.1149721411433391,-0.1881945779048198,-0.7501732301617141
57887-01-06 20:00:00,2.0447,-0.07213930348258546,0.36765025856174105,-0.02981028830515725,-0.29307240542164664
57887-01-17 06:00:00,2.0474,-0.028589580686148475,0.7529587386991858,0.030479996948464372,0.4229295930275942
57887-01-27 16:00:00,2.0405,-0.07806912991656634,0.8036588978670232,-0.04785681232111405,0.289650526988573
57887-02-07 02:00:00,2.0428,-0.04303030303030275,0.883393476546064,0.01999266224364471,0.9099799326303423
57887-02-17 12:00:00,2.0511,0.08524173027989856,1.0,0.22661478809646007,1.0
57887-02-27 22:00:00,2.0568,0.13357843137254943,1.0,0.38265023883319826,1.0
57887-03-10 08:00:00,2.0522,0.09837019790454193,1.0,0.2869325302034105,1.0
57887-03-20 18:00:00,2.0527,0.1415327564894966,1.0,0.29665980338304143,1.0
57887-03-31 04:00:00,2.0551,0.1720297029702994,1.0,0.34905859236735604,1.0
57887-04-10 14:00:00,2.0571,0.1602564102564138,1.0,0.3719958584980251,1.0
57887-04-21 00:00:00,2.0483,0.18942436412315766,1.0,0.1575941839020606,1.0
57887-05-01 10:00:00,2.0461,0.1302765647743821,0.7094817883673176,0.09574600389140298,1.0
57887-05-11 20:00:00,2.0536,0.12536873156342176,0.6957200410886611,0.2414918613477215,1.0
57887-05-22 06:00:00,2.0462,0.08644536652835244,0.44785701532878064,0.05980028978448371,0.7852404885270612
57887-06-01 16:00:00,2.0386,-0.0442670537010163,0.05916210285876878,-0.13779916479748427,0.4768746937242607
57887-06-12 02:00:00,2.0409,-0.04744525547445266,-0.12042619639938927,-0.09540956587462368,0.5884690000251326
57887-06-22 12:00:00,2.0407,0.0016181229773460926,-0.2294732027654755,-0.15603479363800288,0.33902600456382714
57887-07-02 22:00:00,2.0422,-0.004918032786888515,-0.24017166604187,-0.15133002769995896,0.3700774909950832
57887-07-13 08:00:00,2.039,-0.10822898032200362,-0.32088730806228405,-0.27844102438890195,-0.02021019456063868
57887-07-23 18:00:00,2.0432,-0.125000000000001,-0.2311000150846422,-0.1547610948632735,0.07451119718221764
57887-08-03 04:00:00,2.0398,-0.11654135338346044,-0.2541429033144015,-0.2759097850929368,-0.36385801254390626
57887-08-13 14:00:00,2.034,-0.1598290598290656,-0.4145100145198648,-0.43797985450211413,-1.0
57887-08-24 00:00:00,2.0318,-0.199828473413381,-0.5492978505388909,-0.46081477377002134,-1.0
57887-09-03 10:00:00,2.0262,-0.24959612277868148,-0.7568359310750841,-0.5370009234524427,-1.0
57887-09-13 20:00:00,2.0191,-0.24252491694352601,-1.0,-0.5882424403279674,-1.0
57887-09-24 06:00:00,2.0279,-0.13622754491018363,-0.8998062819688835,-0.337444268771271,-0.8465189658107422
57887-10-04 16:00:00,2.0239,-0.2345971563981084,-0.8650496979890605,-0.38458817030910564,-1.0
57887-10-15 02:00:00,2.0201,-0.2185929648241245,-0.8908904913063928,-0.4163782941742074,-1.0
57887-10-25 12:00:00,2.016,-0.20106761565836762,-0.9600530986277691,-0.4486716511046433,-1.0
57887-11-04 22:00:00,2.0202,-0.17814113597246517,-0.8121091686380117,-0.33186333175798066,-1.0
57887-11-15 08:00:00,2.0217,-0.15993265993266303,-0.6115888010973037,-0.27033634212572055,-0.7959635403630927
57887-11-25 18:00:00,2.0305,-0.087706146926536,-0.1770154536954437,-0.05389146137494705,-0.31568296917570654
57887-12-06 04:00:00,2.0319,-0.05469953775038805,0.1687982918361078,0.005467721307288342,1.0
57887-12-16 14:00:00,2.0314,-0.09640522875817104,0.3856986359591873,0.012743555483517799,0.5201855846304563
57887-12-27 00:00:00,2.0162,-0.16164383561643986,0.08532901882707965,-0.3735452819251731,0.028779187485683186
57888-01-06 10:00:00,2.0072,-0.17585301837270334,-0.3449047078259879,-0.5216525058359878,-0.6775370426145599
57888-01-16 20:00:00,1.9874,-0.23667377398720818,-1.0,-0.7250655074343859,-1.0
57888-01-27 06:00:00,2.0073,-0.0874190564292327,-0.9859227818598216,-0.31344557256217853,-1.0
57888-02-06 16:00:00,1.993,-0.11318300086730299,-1.0,-0.49799181438100887,-1.0
57888-02-17 02:00:00,1.9949,-0.1522140221402229,-1.0,-0.4163399445835494,-0.9084957643287948
57888-02-27 12:00:00,1.9965,-0.12924528301886878,-1.0,-0.3521594723613115,-0.28429719564153727
57888-03-08 22:00:00,1.9911,-0.13475836431226795,-1.0,-0.39487651406124147,-0.6020624414929648
57888-03-19 08:00:00,1.993,-0.10910815939279017,-0.8788485860232519,-0.3266765257239985,0.009645824422007405
57888-03-29 18:00:00,2.001,-0.08791208791208943,-0.45700774408524686,-0.1751867958977784,0.3694355057350306
57888-04-09 04:00:00,2.0015,-0.09334565619223767,-0.11272706460276526,-0.1517121504095732,0.7238838270630202
57888-04-19 14:00:00,1.9951,-0.16729678638941536,-0.034944151411441624,-0.23378584466499697,0.3436305299683915
57888-04-30 00:00:00,2.0084,-0.09983007646559089,0.44320014192463386,0.003116628381912512,0.5742543670059364
57888-05-10 10:00:00,2.0056,-0.10750000000000176,0.6791556120545312,-0.03342788413601394,0.17092610556435855
57888-05-20 20:00:00,1.9981,-0.08058771148708893,0.6129791651432798,-0.14994210491551285,-0.06276884006613742
57888-05-31 06:00:00,2.0046,-0.011839708561020845,0.7658466388711469,-0.022087264079059754,0.34043257978984715
57888-06-10 16:00:00,2.0015,0.07572502685284743,0.7675596778813693,-0.06214240233445423,0.11292009239030389
57888-06-21 02:00:00,1.9906,-0.09928656361474497,0.4461780848961595,-0.2501532709489941,-0.21899460101302748
57888-07-01 12:00:00,1.9906,-0.01719197707736525,0.2546440557409993,-0.24432410566302087,-0.12042390862523131
57888-07-11 22:00:00,1.9949,0.0,0.27886055194078546,-0.13361352312362823,0.18589996369367243
57888-07-22 08:00:00,2.0141,0.09799554565701629,0.8692925917200359,0.5241315767450372,1.0
57888-08-01 18:00:00,2.0063,0.08242950108459812,0.9972309060827691,0.2599712782202074,0.7085046496117074
57888-08-12 04:00:00,2.0165,0.11691542288557255,1.0,0.5257159569284655,1.0
57888-08-22 14:00:00,2.0119,0.05612770339855733,1.0,0.3565442145110973,-0.21441249633958273
57888-09-02 00:00:00,2.0142,0.0642062689585442,1.0,0.3784335947427293,0.33289466005123336
57888-09-12 10:00:00,2.0274,0.1527909176915787,1.0,0.6053674756255503,1.0
57888-09-22 20:00:00,2.0334,0.12703252032520185,1.0,0.5947669319755322,1.0
57888-10-03 06:00:00,2.0264,0.10136452241715554,1.0,0.396668479638949,1.0
57888-10-13 16:00:00,2.0213,0.11576846307385225,1.0,0.26592739332745763,-1.0
57888-10-24 02:00:00,2.0297,0.12291870714985309,1.0,0.3831822534611522,-1.0
57888-11-03 12:00:00,2.0355,0.1622137404580135,1.0,0.42698540581422895,-1.0
57888-11-13 22:00:00,2.0331,0.22066458982346926,1.0,0.34481735390739743,-1.0
57888-11-24 08:00:00,2.0323,0.2147270854788894,1.0,0.29864365150955163,-1.0
57888-12-04 18:00:00,2.0406,0.22601384767556965,1.0,0.3840152558236849,-1.0
57888-12-15 04:00:00,2.0332,0.10694288913773775,1.0,0.24267527389427868,-1.0
57888-12-25 14:00:00,2.0297,0.13764705882353068,0.7582193753817299,0.16847488621732842,-1.0
57889-01-05 00:00:00,2.0224,0.035931790499391436,0.26131637979736,0.0363731397600181,-1.0
57889-01-15 10:00:00,2.0158,0.02318668252081013,-0.27710776296326917,-0.10531888689240881,-1.0
57889-01-25 20:00:00,2.0157,0.009157509157507016,-0.6236076073542062,-0.15346361598868258,-1.0
57889-02-05 06:00:00,2.0214,-0.040322580645163364,-0.6614883229927002,-0.07037364759663606,-1.0
57889-02-15 16:00:00,2.0273,-0.04104979811574738,-0.4966160367855724,0.07113089419121432,-0.92880575832731
57889-02-26 02:00:00,2.0259,-0.0036390101892297966,-0.4245606642960146,0.006696835903610698,-0.9451471461017079
57889-03-08 12:00:00,2.0229,0.012012012012010853,-0.46004442563076947,-0.09998089913484026,-0.9772813460838372
57889-03-18 22:00:00,2.0177,-0.09463722397476465,-0.624036542482369,-0.2941838283397481,-0.9583515035502639
57889-03-29 08:00:00,2.0199,-0.1304347826086979,-0.6432417324125985,-0.24175628123530218,-0.7095153121578455
57889-04-08 18:00:00,2.0255,-0.060317460317460936,-0.4702916293719634,-0.03564204787651898,-0.46081624952828065
57889-04-19 04:00:00,2.0275,-0.03738317757009646,-0.28964732832760093,0.04872350417622162,-0.1935615473342644
57889-04-29 14:00:00,2.0217,-0.15316045380875226,-0.33995859864426586,-0.1565345801622024,-0.32661034866482075
57889-05-10 00:00:00,2.0191,-0.12390158172232046,-0.43850116307758435,-0.24466558690133322,-0.3904793413732486
57889-05-20 10:00:00,2.006,-0.17819548872180646,-0.8666559142114196,-0.5743619755493391,-0.6097929434515629
57889-05-30 20:00:00,2.0254,0.019083969465646722,-0.5312389353925795,0.04033586884842455,1.0
57889-06-10 06:00:00,2.0207,0.03194263363754979,-0.4349162503795446,-0.09508835640916613,0.6597445698463422
57889-06-20 16:00:00,2.0235,0.04911838790932044,-0.2742568743908728,0.014135072470482068,1.0
57889-07-01 02:00:00,2.0201,-0.00843060959792541,-0.2614956061595376,-0.08379115545337651,1.0
57889-07-11 12:00:00,2.0195,-0.05431754874651895,-0.26002384196443606,-0.08924720422702526,1.0
57889-07-21 22:00:00,2.0156,-0.06931359353970457,-0.3611484472813386,-0.2515930546037651,1.0
57889-08-01 08:00:00,2.0161,-0.04735376044568418,-0.3924063824666566,-0.2078160129377859,1.0
57889-08-11 18:00:00,2.0125,-0.03703703703703687,-0.4966593430417261,-0.3608722230441645,0.9500267614201646
57889-08-22 04:00:00,2.0127,-0.05278592375366414,-0.529478454280833,-0.33367317955159603,1.0
57889-09-01 14:00:00,2.0165,-0.06777108433735024,-0.409827389056862,-0.14880754150418707,1.0
57889-09-12 00:00:00,2.0139,-0.10149253731343338,-0.38620692518925,-0.24204557817241634,0.8217841637095938
57889-09-22 10:00:00,2.0148,-0.05555555555555558,-0.3212743174728597,-0.18022997181276995,0.9223615070900615
57889-10-02 20:00:00,2.0224,0.02459016393442881,-0.038128057800644544,0.18404975780022448,1.0
57889-10-13 06:00:00,2.0236,0.1594202898550785,0.18077363857467385,0.2224904621020315,1.0
57889-10-23 16:00:00,2.0178,-0.09134615384615669,0.14379646799372597,-0.044272939114624044,1.0
57889-11-03 02:00:00,2.0141,-0.08128078817734369,0.009167055351643954,-0.1965423534968283,0.9022732397343413
57889-11-13 12:00:00,2.0135,-0.13020833333333282,-0.08941100310619102,-0.20754929146889844,0.5977134005193814
57889-11-23 22:00:00,2.0171,-0.03886010362693937,-0.0377851353265791,-0.007739581561615805,0.682685484182629
57889-12-04 08:00:00,2.0069,-0.1307053941908719,-0.296269239869301,-0.46840028897329716,0.18418245340332587
57889-12-14 18:00:00,1.9992,-0.15769230769230858,-0.6621394861531333,-0.7033461762537031,-1.0
57889-12-25 04:00:00,2.0038,-0.10962566844919608,-0.7166478919189607,-0.4537906485209057,-0.9495046548570844
57890-01-04 14:00:00,2.0024,-0.09369202226345069,-0.7461351743480258,-0.4399505516658203,-1.0
57890-01-15 00:00:00,2.0116,-0.008744038155803657,-0.4481875000636828,-0.08190466656308953,-1.0
57890-01-25 10:00:00,2.0177,0.00920245398772912,-0.0498304589391771,0.16275115066516188,-0.21390743340513202
57890-02-04 20:00:00,2.0102,-0.02639087018544828,-0.005128227782265734,-0.11766689847013961,-0.5824744296336158
57890-02-15 06:00:00,2.012,-0.01971830985915607,0.08625013017418638,-0.03802348790816873,-0.07563320539440675
57890-02-25 16:00:00,2.0154,-0.05239520958083971,0.24846482277850723,0.101200340666596,0.39843253335870216
57890-03-08 02:00:00,2.0123,-0.08224163027656467,0.25682845434716406,-0.02413063115801045,-0.11206751212216724
57890-03-18 12:00:00,2.0191,0.009325681492109772,0.4558737599813438,0.23286943276865157,0.5812555484322128
57890-03-28 22:00:00,2.0282,0.09387483355526094,0.8299024909029031,0.5050607494282078,1.0
57890-04-08 08:00:00,2.0291,0.1034482758620704,1.0,0.45972778415517845,1.0
57890-04-18 18:00:00,2.0369,0.12437185929648387,1.0,0.5675385212571966,1.0
57890-04-29 04:00:00,2.0348,0.1951048951048996,1.0,0.45393846509809976,1.0
57890-05-09 14:00:00,2.0369,0.2860394537177582,1.0,0.44959517988629527,1.0
57890-05-20 00:00:00,2.0372,0.2711038961038996,1.0,0.4022041612841143,1.0
57890-05-30 10:00:00,2.0335,0.24334898278560568,1.0,0.29372423095877287,1.0
57890-06-09 20:00:00,2.0311,0.17075306479859986,0.8909839305287435,0.22383447264504186,0.9760650020860066
57890-06-20 06:00:00,2.0401,0.1866666666666671,0.9139997441390751,0.35727848284886177,1.0
57890-06-30 16:00:00,2.0415,0.29035250463821993,0.9055708530215959,0.3428598336306392,1.0
57890-07-11 02:00:00,2.0423,0.28638941398865925,0.8583479152672253,0.3302397899582792,1.0
57890-07-21 12:00:00,2.0412,0.25494071146245,0.7320291803532596,0.2847251004508894,1.0
57890-07-31 22:00:00,2.0443,0.31620553359683523,0.6833294508821438,0.3242545844978929,1.0
57890-08-11 08:00:00,2.0526,0.32149712092130445,0.8356218343196127,0.4397491613369303,1.0
57890-08-21 18:00:00,2.0601,0.3158415841584141,1.0,0.49968802277749036,1.0
57890-09-01 04:00:00,2.0778,0.36181277860326744,1.0,0.654129542404982,1.0
57890-09-11 14:00:00,2.0928,0.37516778523489824,1.0,0.6807238037276873,1.0
57890-09-22 00:00:00,2.1319,0.43542600896860906,1.0,0.78591731958029,1.0
57890-10-02 10:00:00,2.1224,0.3595458368376774,1.0,0.5714858767153406,1.0
57890-10-12 20:00:00,2.1535,0.38844355377421447,1.0,0.6355905731000295,1.0
57890-10-23 06:00:00,2.1554,0.41210277214333824,1.0,0.5335354449590621,1.0
57890-11-02 16:00:00,2.1506,0.39753825681969124,1.0,0.4366265010419039,1.0
57890-11-13 02:00:00,2.1379,0.3175324675324669,1.0,0.3279268657016018,0.9977970079618206
57890-11-23 12:00:00,2.1454,0.3244846970643337,1.0,0.328691679364146,1.0
57890-12-03 22:00:00,2.1468,0.3251400124455496,1.0,0.3020394241584534,1.0
57890-12-14 08:00:00,2.1495,0.33364140480591475,1.0,0.28486378367014986,1.0
57890-12-24 18:00:00,2.1691,0.3489932885906035,1.0,0.3437365871499961,1.0
57891-01-04 04:00:00,2.1706,0.34302325581395277,1.0,0.3185462901879229,1.0
57891-01-14 14:00:00,2.1698,0.33182093163944326,1.0,0.2859953928132496,1.0
57891-01-25 00:00:00,2.1733,0.31601588352084686,1.0,0.2772931021394385,1.0
57891-02-04 10:00:00,2.1739,0.29663496708119974,0.7716434056263884,0.25778405404283755,1.0
57891-02-14 20:00:00,2.1687,0.1789883268482475,0.20326498656956732,0.21212388740752275,1.0
57891-02-25 06:00:00,2.1748,0.2635814889336001,-0.12000381565784575,0.23359324430369066,1.0
57891-03-07 16:00:00,2.1763,0.16332378223495425,-0.4063070321839912,0.2332988434799167,1.0
57891-03-18 02:00:00,2.1716,0.11157024793388426,-0.8339590136592189,0.1919615974876574,1.0
57891-03-28 12:00:00,2.1799,0.19250985545335308,-0.9475182292039693,0.2742124165111741,1.0
57891-04-07 22:00:00,2.1743,0.26376811594203076,-1.0,0.21732823665779977,1.0
57891-04-18 08:00:00,2.1736,0.2266881028938914,-1.0,0.1879896622137036,0.5948073163920128
57891-04-28 18:00:00,2.1547,0.049560853199499655,-1.0,-0.17292586870680626,-0.21103027852170023
57891-05-09 04:00:00,2.1566,0.04499366286438489,-1.0,-0.13978574064593413,0.33017694576919543
57891-05-19 14:00:00,2.1649,-0.031065088757396497,-1.0,0.015773441122229892,0.6670202539217813
57891-05-30 00:00:00,2.174,0.02260638297872386,-1.0,0.17855809851140514,0.9273402006232455
57891-06-09 10:00:00,2.1713,0.009727626459144378,-1.0,0.10433877127525792,0.6729053919363754
57891-06-19 20:00:00,2.1705,-0.018817204301073198,-1.0,0.0628647835251952,0.30954948351785055
57891-06-30 06:00:00,2.167,-0.04463130659767389,-1.0,-0.07299334714635647,-0.08986729355949279
57891-07-10 16:00:00,2.1692,0.0033647375504721744,-1.0,-0.04168804031149154,0.21627475899714363
57891-07-21 02:00:00,2.1653,-0.06588072122052763,-1.0,-0.19252076559988496,-0.09290408151450806
57891-07-31 12:00:00,2.167,-0.0643153526970962,-1.0,-0.11510481169603726,0.23255550451140647
57891-08-10 22:00:00,2.1693,-0.016452074391991534,-1.0,-0.020702786993912703,0.34626018746158943
57891-08-21 08:00:00,2.1651,-0.11246200607902801,-1.0,-0.17375386557362704,-0.15331872432734373
57891-08-31 18:00:00,2.1593,-0.11363636363636409,-1.0,-0.3613691198703416,-0.6549485671074732
57891-09-11 04:00:00,2.1574,-0.12053571428571402,-1.0,-0.38480746197487425,-1.0
57891-09-21 14:00:00,2.1532,-0.014285714285714735,-1.0,-0.4599160311277455,-1.0
57891-10-02 00:00:00,2.1495,-0.0653775322283599,-1.0,-0.4972258780091566,-1.0
57891-10-12 10:00:00,2.1448,-0.19822485207100216,-1.0,-0.5286007088781743,-1.0
57891-10-22 20:00:00,2.1535,-0.20377733598409092,-1.0,-0.27124837399319435,-1.0
57891-11-02 06:00:00,2.1526,-0.192783505154636,-1.0,-0.2698776188420081,-1.0
57891-11-12 16:00:00,2.1546,-0.15995975855130867,-1.0,-0.1915017402787988,-1.0
57891-11-23 02:00:00,2.1548,-0.13146551724137856,-1.0,-0.18574550907136045,-0.8520810994440168
57891-12-03 12:00:00,2.1523,-0.18094218415417712,-1.0,-0.24909062453204328,-0.9854032277925462
57891-12-13 22:00:00,2.161,-0.04174757281553165,-0.9117704546323913,0.012269240670820358,-0.5772875711217061
57891-12-24 08:00:00,2.1752,0.06406250000000024,-0.21771445706881776,0.4250920019699237,0.22956644918996766
57892-01-03 18:00:00,2.1859,0.11464088397790317,0.5270584451081403,0.6121916885047893,1.0
57892-01-14 04:00:00,2.1843,0.13753581661891134,0.9053810379335017,0.5010477937765088,1.0
57892-01-24 14:00:00,2.1833,0.18461538461538363,1.0,0.4241895747862038,0.6278946462869852
57892-02-04 00:00:00,2.1826,0.19749216300940187,1.0,0.37334072842747035,0.3384429851575199
57892-02-14 10:00:00,2.1811,0.2283142389525331,0.9238696320068832,0.3139485117138835,0.16091259499041818
57892-02-24 20:00:00,2.1763,0.21543408360128136,0.6360550890671562,0.21125495979593378,-0.005614921213451679
57892-03-06 06:00:00,2.1762,0.27256944444444375,0.3947212255345191,0.20004822569137948,-0.10031978569690375
57892-03-16 16:00:00,2.1775,0.23904382470119434,0.23501944375945868,0.2082376397804533,0.18931607638022466
57892-03-27 02:00:00,2.1808,0.26806083650190116,0.1925298472771171,0.2426104530726424,0.8997138707434068
57892-04-06 12:00:00,2.1878,0.28819444444444575,0.33298475536913075,0.3255340442258312,1.0
57892-04-16 22:00:00,2.1991,0.3224163027656485,0.7051367162992652,0.4453857586858957,1.0
57892-04-27 08:00:00,2.2092,0.3728702490170379,1.0,0.5131323664543528,1.0
57892-05-07 18:00:00,2.2073,0.3330935251798556,1.0,0.4365973291200401,1.0
57892-05-18 04:00:00,2.2065,0.27896613190731,1.0,0.38069732061479733,1.0
57892-05-28 14:00:00,2.203,0.17484662576686727,1.0,0.3034889664092211,1.0
57892-06-08 00:00:00,2.2082,0.22761904761904905,0.9530458624040772,0.345955031273677,1.0
57892-06-18 10:00:00,2.2064,0.216697936210128,0.7542013044505255,0.2968211776648614,0.9251202474340013
57892-06-28 20:00:00,2.2009,0.15748709122202953,0.38623563995463644,0.19869672710428654,0.1850818906069859
57892-07-09 06:00:00,2.1941,0.10252365930599627,-0.10715969296781976,0.05632754986766786,-1.0
57892-07-19 16:00:00,2.2044,0.20391872278664847,-0.15536239265206078,0.2384725904682794,-0.24539262598184935
57892-07-30 02:00:00,2.1929,0.10398505603984787,-0.5561416153221175,-0.004025016993859598,-0.8938263336370338
57892-08-09 12:00:00,2.1974,0.1191616766467043,-0.6899470526315279,0.07626764245640472,-0.20582285599368397
57892-08-19 22:00:00,2.1914,0.06148491879350104,-0.9534373468480467,-0.05873287825565071,-0.8449451213151108
57892-08-30 08:00:00,2.193,0.032178217821780875,-1.0,-0.036687789712729235,-0.4261788834253501
57892-09-09 18:00:00,2.1886,-0.07104194857915935,-1.0,-0.14576677028815904,-0.7104130332209315
57892-09-20 04:00:00,2.1923,-0.12518518518518396,-1.0,-0.08719726759901297,-0.5332820134135111
57892-09-30 14:00:00,2.1878,-0.13908701854493294,-1.0,-0.2322075316564482,-0.855522327742578
57892-10-11 00:00:00,2.1889,-0.12500000000000083,-1.0,-0.24184476328900478,-0.4800631556368031
57892-10-21 10:00:00,2.184,-0.1323119777158751,-1.0,-0.40755847532971895,-0.6711189019594695
57892-10-31 20:00:00,2.1803,-0.19843527738264755,-1.0,-0.4747221369236212,-1.0
57892-11-11 06:00:00,2.1836,-0.15877437325905064,-1.0,-0.3393153151967194,-0.6378637254088438
57892-11-21 16:00:00,2.181,-0.14441219158200114,-1.0,-0.37050641372735105,-0.8190079066235696
57892-12-02 02:00:00,2.1879,-0.044927536231885334,-1.0,-0.16314920406764355,-0.4482445266628116
57892-12-12 12:00:00,2.1757,-0.2023977433004232,-1.0,-0.4503022025536242,-0.7303559324832526
57892-12-22 22:00:00,2.1738,-0.15579119086459914,-1.0,-0.43890557398986235,-1.0
57893-01-02 08:00:00,2.1688,-0.231391585760518,-1.0,-0.5050398590606603,-1.0
57893-01-12 18:00:00,2.1738,-0.144736842105263,-1.0,-0.3507746111635168,-1.0
57893-01-23 04:00:00,2.1706,-0.17948717948718296,-1.0,-0.39179513148769607,-1.0
57893-02-02 14:00:00,2.1764,-0.09561128526645812,-0.9517284042667578,-0.21658577553805353,-1.0
57893-02-13 00:00:00,2.1746,-0.14297253634895013,-0.7743935832332638,-0.25051690498669643,-1.0
57893-02-23 10:00:00,2.1749,-0.11178509532062408,-0.6053244905760142,-0.2187963650607398,-1.0
57893-03-05 20:00:00,2.1722,-0.14080944350758418,-0.5362353325343264,-0.2790435204979168,-1.0
57893-03-16 06:00:00,2.1779,-0.050748752079865955,-0.28772668605673135,-0.08021550031416935,-0.7329772717295145
57893-03-26 16:00:00,2.1781,-0.019434628975262602,-0.09921199873958199,-0.053031872550743986,-0.1466373932808551
57893-04-06 02:00:00,2.1768,-0.06227106227106277,-0.0016144459868600424,-0.0826303225732401,-0.7669513046529814
57893-04-16 12:00:00,2.1774,-0.03422053231939176,0.08918554049818758,-0.035742643680622244,-0.23121455589557532
57893-04-26 22:00:00,2.1766,-0.12150537634408343,0.13001436125493782,-0.05006564231302102,-0.672716122202206
57893-05-07 08:00:00,2.1561,-0.17883211678831967,-0.4362889098255098,-0.7571458107902631,-1.0
57893-05-17 18:00:00,2.1652,-0.06935483870967618,-0.4909328697669121,-0.36768642909768146,-1.0
57893-05-28 04:00:00,2.1934,0.14436619718309684,0.33501608396841204,0.5655395132421277,-0.6845957736955111
57893-06-07 14:00:00,2.168,-0.027462121212120105,0.10879813886088262,-0.2242490011714079,-1.0
57893-06-18 00:00:00,2.1651,-0.026115859449192813,-0.11041754710962129,-0.2861182092227845,-1.0
57893-06-28 10:00:00,2.1676,-0.043137254901959854,-0.15633239816408848,-0.18882864869318822,-1.0
57893-07-08 20:00:00,2.1698,-0.023437499999999445,-0.099593988987499,-0.10379020645419945,-0.6262179824695909
57893-07-19 06:00:00,2.1689,-0.02912621359223394,-0.07148827408097216,-0.12522128157543583,-1.0
57893-07-29 16:00:00,2.1627,-0.04460093896713624,-0.21689750085043447,-0.31216956655486644,-1.0
57893-08-09 02:00:00,2.1659,-0.057692307692307376,-0.18935572756004837,-0.1923025963585172,-0.9593514870828475
57893-08-19 12:00:00,2.178,-0.0004314063848153693,0.20461338344613358,0.18050174603704827,-0.37614632558258565
57893-08-29 22:00:00,2.1686,-0.03306451612903222,0.18136914494732656,-0.10410305092137312,-0.841699357246901
57893-09-09 08:00:00,2.177,-0.001517450682852639,0.4155031997761169,0.15667894928492854,-0.4604933463732102
57893-09-19 18:00:00,2.1737,-0.010796723752791892,0.4572042143122273,0.05507495919674432,-0.7226962392334532
57893-09-30 04:00:00,2.1781,0.09306260575296221,0.5991746721659469,0.18155806354513726,-0.3296940855537089
57893-10-10 14:00:00,2.1844,0.08318890814558122,0.8504841861676995,0.3510398356134229,0.13816134608174258
57893-10-21 00:00:00,2.19,-0.018318965517241825,1.0,0.4565361522435405,0.8291432319709976
57893-10-31 10:00:00,2.1816,0.08970976253298091,1.0,0.21842689288300254,0.5243528732478423
57893-11-10 20:00:00,2.1849,0.12992125984252134,0.9861641060785068,0.2868224630966105,1.0
57893-11-21 06:00:00,2.1731,0.03216374269005673,0.574275175696547,-0.013055339567624114,0.7352417683755048
57893-12-01 16:00:00,2.1763,0.037572254335260236,0.379120423483084,0.048100568756797246,1.0
57893-12-12 02:00:00,2.1824,0.07360959651036103,0.4135820798393955,0.20065395873364045,1.0
57893-12-22 12:00:00,2.1819,0.11162790697674618,0.39711867101158915,0.22714470102151196,1.0
57894-01-01 22:00:00,2.1863,0.11697247706422165,0.49131033363848087,0.330746175606345,1.0
57894-01-12 08:00:00,2.1867,0.05761589403973677,0.5323797564112935,0.3118748550688355,1.0
57894-01-22 18:00:00,2.1876,0.1417910447761218,0.5513395123178514,0.3076213873885979,1.0
57894-02-02 04:00:00,2.1899,0.10591133004926345,0.5949382672014776,0.3403631918941574,1.0
57894-02-12 14:00:00,2.1986,0.18778280542986436,0.8366127125821934,0.51521003353539,1.0
57894-02-23 00:00:00,2.2001,0.17350157728706672,0.9783031899878737,0.50373023182313,1.0
57894-03-05 10:00:00,2.2031,0.15557404326123248,1.0,0.5191405797138469,1.0
57894-03-15 20:00:00,2.2022,0.11010830324909804,1.0,0.4277093886565637,1.0
57894-03-26 06:00:00,2.2084,0.25187969924812226,1.0,0.510969445970028,1.0
57894-04-05 16:00:00,2.2062,0.20441458733205364,1.0,0.4021337238549628,1.0
57894-04-16 02:00:00,2.2,0.28924731182796104,0.7559242082702483,0.23600487112828694,0.9670014907119706
57894-04-26 12:00:00,2.2022,0.28461538461538727,0.5607921261118745,0.26133759370090837,1.0
57894-05-06 22:00:00,2.2035,0.25921375921376244,0.42212497363172097,0.2643408244532762,1.0
57894-05-17 08:00:00,2.2057,0.2806603773584897,0.3513507719971344,0.28688378554121896,1.0
57894-05-27 18:00:00,2.2008,0.168997668997667,0.11939219808362447,0.15719331524164093,1.0
57894-06-07 04:00:00,2.2013,0.16976744186046122,-0.04453744236917373,0.15126315481777042,1.0
57894-06-17 14:00:00,2.1976,0.10917030567685393,-0.2793751703579801,0.04136598816089898,0.9763558692475679
57894-06-28 00:00:00,2.1952,0.05773420479302427,-0.5078724841838967,-0.05432546079053091,0.5614981306627984
57894-07-08 10:00:00,2.1925,-0.07644110275689164,-0.7279915896140035,-0.16513344647706285,0.11607235468380775
57894-07-18 20:00:00,2.1981,-0.022727272727269987,-0.6880871242889928,-0.0075716605240519486,0.29158973867538346
57894-07-29 06:00:00,2.1952,-0.08997722095672112,-0.7331235761358832,-0.1470445450169609,-0.09375456721010922
57894-08-08 16:00:00,2.2118,0.08053691275167885,-0.259814095551636,0.49165224975664457,0.20055385087463604
57894-08-19 02:00:00,2.2009,-0.05832037325039002,-0.28623078781023253,0.011205890475189273,-0.3807103984253329
57894-08-29 12:00:00,2.2049,-0.009833585476551165,-0.19015994703197406,0.1868618131103409,-0.42173616619651283
57894-09-08 22:00:00,2.1931,-0.04811715481171719,-0.48178287888049676,-0.402956358375686,-1.0
57894-09-19 08:00:00,2.2032,0.006281407035174991,-0.36261315827874807,0.09520693640703193,-0.6232501227992552
57894-09-29 18:00:00,2.2056,0.013011152416356642,-0.21549800865750776,0.20569386053209204,-0.13581585947593675
57894-10-10 04:00:00,2.2051,-0.0037974683544327315,-0.14249344334392736,0.1717761845619572,-0.39479033684248105
57894-10-20 14:00:00,2.202,0.0077720207253876294,-0.19511599596399812,0.038599171459510195,-0.6785060599717777
57894-10-31 00:00:00,2.2009,-0.0025706940874032913,-0.2650653139459991,-0.004211512835196607,-1.0
57894-11-10 10:00:00,2.1955,-0.01320754716981104,-0.4667565244797398,-0.26800667635202147,-1.0
57894-11-20 20:00:00,2.1952,0.0,-0.5909471305820719,-0.2581206059366443,-1.0
57894-12-01 06:00:00,2.195,0.016688918558076526,-0.655794164010112,-0.2429645457305611,-1.0
57894-12-11 16:00:00,2.1963,-0.012747875354109095,-0.6348937632821205,-0.16044969433115047,-1.0
57894-12-22 02:00:00,2.1956,0.002923976608189993,-0.618107722632412,-0.18013214631393543,-1.0
57895-01-01 12:00:00,2.1893,-0.1936316695352845,-0.76636134607524,-0.424844803558133,-1.0
57895-01-11 22:00:00,2.1874,-0.13747454175152657,-0.8804769027552227,-0.4438078773296126,-1.0
57895-01-22 08:00:00,2.1837,-0.2172131147540955,-1.0,-0.5068303760922205,-1.0
57895-02-01 18:00:00,2.184,-0.12198391420910892,-1.0,-0.44328285360920033,-1.0
57895-02-12 04:00:00,2.1765,-0.3847262247838515,-1.0,-0.5606908706843173,-1.0
57895-02-22 14:00:00,2.1767,-0.444615384615378,-1.0,-0.47322210804806,-1.0
57895-03-05 00:00:00,2.1788,-0.38563049853371906,-1.0,-0.3839858056078306,-0.8962271406822327
57895-03-15 10:00:00,2.1797,-0.34952978056425554,-0.9880411729299553,-0.32244958432821524,-0.30229471354134013
57895-03-25 20:00:00,2.183,-0.26246334310850117,-0.7262831352832821,-0.21646019431320523,0.13899628042649806
57895-04-05 06:00:00,2.1805,-0.24038461538461303,-0.5840788429847181,-0.25739406700303735,-0.07824178028022152
57895-04-15 16:00:00,2.1699,-0.30481927710842893,-0.7586848362018981,-0.45657543006854345,-0.5892563144095729
57895-04-26 02:00:00,2.1701,-0.2999999999999957,-0.8066417626250966,-0.4073928196317793,0.39527412912020565
57895-05-06 12:00:00,2.1739,-0.2545454545454515,-0.6660859314342582,-0.2935788152591341,1.0
57895-05-16 22:00:00,2.1725,-0.2583892617449666,-0.5645715620011234,-0.30254908963104066,0.7486113221600018
57895-05-27 08:00:00,2.1681,-0.2476635514018669,-0.5788783152015529,-0.3815297438022168,0.1008088644583603
57895-06-06 18:00:00,2.1656,-0.2511520737327162,-0.6084100618652575,-0.39912322775805575,-0.23322888124079863
57895-06-17 04:00:00,2.1718,-0.12962962962962604,-0.3913336004820336,-0.2179375508452721,0.35997151853162535
57895-06-27 14:00:00,2.1634,-0.19074074074073932,-0.4551129114055497,-0.4015227553428049,-0.12672208550206285
57895-07-08 00:00:00,2.1698,-0.06332703213610552,-0.25978796609656035,-0.21325274236410457,0.49291614330416456
57895-07-18 10:00:00,2.167,-0.08738738738738794,-0.1794774382606612,-0.2855587301763828,0.06364641483654722
57895-07-28 20:00:00,2.1729,-0.04974704890387882,0.07815948214744134,-0.06855037441999695,0.5470594388069862
57895-08-08 06:00:00,2.1707,-0.07425742574257399,0.1975042917524094,-0.13100270359394617,-0.016062362129975107
57895-08-18 16:00:00,2.1695,-0.11538461538461303,0.25256918529781164,-0.16074370056896825,-0.7713425688192524
57895-08-29 02:00:00,2.1641,-0.1335504885993486,0.1416401462036115,-0.3666462548384217,-1.0
57895-09-08 12:00:00,2.1609,-0.08333333333333603,-0.003806747831890479,-0.44035158646944783,-1.0
57895-09-18 22:00:00,2.1585,-0.10320284697508947,-0.13997127839895876,-0.46241955091870995,-1.0
57895-09-29 08:00:00,2.1545,-0.17198581560283754,-0.30942929752398696,-0.5202413867480317,-1.0
57895-10-09 18:00:00,2.1498,-0.19011725293132314,-0.5105402218678878,-0.5688669357322211,-1.0
57895-10-20 04:00:00,2.146,-0.1869712351945857,-0.6935896088033074,-0.588124226627332,-1.0
57895-10-30 14:00:00,2.151,-0.11850649350649511,-0.5980151147916195,-0.40194165034567897,-1.0
57895-11-10 00:00:00,2.1489,-0.199130434782613,-0.5380994052718189,-0.4051220305728161,-1.0
57895-11-20 10:00:00,2.1392,-0.20578231292517246,-0.723648685983759,-0.5494402289246084,-1.0
57895-11-30 20:00:00,2.1475,-0.18369028006589988,-0.5277790501051919,-0.31442200598491044,-1.0
57895-12-11 06:00:00,2.1461,-0.17622259696458714,-0.38422977200271546,-0.31383649802999825,-1.0
57895-12-21 16:00:00,2.1408,-0.2734241908006839,-0.3936339198639627,-0.3872692710592311,-1.0
57896-01-01 02:00:00,2.1465,-0.19453376205787976,-0.17735781355191757,-0.23391759515515004,-1.0
57896-01-11 12:00:00,2.1391,-0.22222222222222515,-0.2118424974810938,-0.3596759141494472,-1.0
57896-01-21 22:00:00,2.1259,-0.25065616797900403,-0.5700193749628508,-0.535371314078242,-1.0
57896-02-01 08:00:00,2.1342,-0.16420664206642271,-0.48524079512305646,-0.3373058111601923,-1.0
57896-02-11 18:00:00,2.1383,-0.12168674698795279,-0.24840686501675988,-0.23399062571497525,-1.0
57896-02-22 04:00:00,2.1338,-0.12395209580838507,-0.17842225965569916,-0.3000146885162268,-1.0
57896-03-03 14:00:00,2.1197,-0.16200215285253095,-0.49568854707877774,-0.5225654291358226,-1.0
57896-03-14 00:00:00,2.1338,-0.05910852713178327,-0.21714521618603777,-0.22276607133516296,-1.0
57896-03-24 10:00:00,2.1309,-0.09940652818991064,-0.07405691428663637,-0.26638309583811226,-1.0
57896-04-03 20:00:00,2.1485,-0.0017152658662090703,0.5734574009568745,0.17366753517956512,-0.9216773587572846
57896-04-14 06:00:00,2.1529,0.06154537286612605,1.0,0.3057666761943918,-0.544681940388404
57896-04-24 16:00:00,2.1443,-0.014336917562724427,1.0,0.0961658385400056,-0.8797450929273692
57896-05-05 02:00:00,2.1471,0.004424778761061399,1.0,0.18068980873596652,-0.34841715058036415
57896-05-15 12:00:00,2.1399,-0.003916449086162455,1.0,-0.014885402787088498,-0.5830123873278079
57896-05-25 22:00:00,2.1379,-0.038669064748201254,0.9017069084126577,-0.05562297600916488,-0.7647666218101147
57896-06-05 08:00:00,2.1325,-0.030219780219780945,0.598826022859567,-0.1954767983320045,-1.0
57896-06-15 18:00:00,2.1252,-0.0033881897386260906,0.19139339637392308,-0.37077435618293514,-1.0
57896-06-26 04:00:00,2.1216,-0.06389452332657158,-0.1529585430624723,-0.4145943079838146,-1.0
57896-07-06 14:00:00,2.128,-0.051040634291377396,-0.14831956691069415,-0.21863796555459497,-1.0
57896-07-17 00:00:00,2.1259,-0.040101522842638626,-0.1722400640458365,-0.25013562715947757,-1.0
57896-07-27 10:00:00,2.1211,0.007847533632288517,-0.2909988851232379,-0.33964849844485867,-1.0
57896-08-06 20:00:00,2.1005,-0.17398119122257044,-0.9221755575346349,-0.6572508146652556,-1.0
57896-08-17 06:00:00,2.1036,-0.14233576642335594,-1.0,-0.5048591690502097,-1.0
57896-08-27 16:00:00,2.083,-0.3311425682507536,-1.0,-0.6582500899587878,-1.0
57896-09-07 02:00:00,2.0838,-0.36253934942287047,-1.0,-0.5307633018650295,-0.7046949358731304
57896-09-17 12:00:00,2.0988,-0.2236971484759056,-1.0,-0.30646791142344,-0.1881864028198603
57896-09-27 22:00:00,2.0975,-0.24750499001995707,-1.0,-0.296832716078665,-0.49118294870255713
57896-10-08 08:00:00,2.0946,-0.23618352450469005,-1.0,-0.2976882258107293,-0.9143900260564725
57896-10-18 18:00:00,2.0909,-0.24077868852458795,-0.8559945362713853,-0.30531633825080307,-1.0
57896-10-29 04:00:00,2.0981,-0.17303822937625457,-0.4524334636916981,-0.20523029324663172,-0.6737990149222558
57896-11-08 14:00:00,2.1052,-0.1008064516129023,0.08382639986462452,-0.10640501605066394,-0.11492305111739161
57896-11-19 00:00:00,2.103,-0.0950920245398752,0.40427728035561245,-0.11449296729576863,-0.3638848689875231
57896-11-29 10:00:00,2.0979,-0.15595854922279684,0.4873378946559948,-0.1621026860841172,-0.49577575780090954
57896-12-09 20:00:00,2.0991,-0.14016736401673624,0.5995053892144403,-0.12649061136193918,-0.22012331247918246
57896-12-20 06:00:00,2.0909,-0.15252525252525262,0.4490802535932392,-0.23374752513079355,-0.6048859966950935
57896-12-30 16:00:00,2.0972,-0.019480519480518543,0.5629560448067823,-0.1106316802935336,-0.2599399503957078
57897-01-10 02:00:00,2.0978,-0.035279805352799676,0.6693376548807798,-0.08051240992192332,0.22769319444778652
57897-01-20 12:00:00,2.0997,0.1314960629921239,0.8017566971517149,-0.02364996578233247,0.7790723358495111
57897-01-30 22:00:00,2.0979,0.10930232558139574,0.834036881299102,-0.03529152669873825,0.5513036824813777
57897-02-10 08:00:00,2.0948,-0.03802281368821331,0.7621219543878107,-0.09335292907765852,0.32924082595960263
57897-02-20 18:00:00,2.0966,-0.008474576271187695,0.7695484101887526,0.002389681519380904,0.5783710876575657
57897-03-03 04:00:00,2.0955,0.008771929824562763,0.7401558618547984,-0.03498425842310843,0.1463514830656113
57897-03-13 14:00:00,2.096,0.05301455301455482,0.7341082027582748,0.003924461101292076,0.3633989795926716
57897-03-24 00:00:00,2.097,-0.013126491646779481,0.755889167258204,0.02147567769209957,0.8060172173964293
57897-04-03 10:00:00,2.1047,-0.005882352941178559,0.9872534934962124,0.4749112109508089,1.0
57897-04-13 20:00:00,2.1126,0.0995850622406631,1.0,0.7137557515530648,1.0
57897-04-24 06:00:00,2.1044,0.0633528265107215,1.0,0.2761477164703747,1.0
57897-05-04 16:00:00,2.1045,0.0537848605577681,1.0,0.25403117084974147,1.0
57897-05-15 02:00:00,2.1094,0.19722814498934071,1.0,0.4365200503178137,1.0
57897-05-25 12:00:00,2.1084,0.1346153846153877,1.0,0.34667080398238037,1.0
57897-06-04 22:00:00,2.1055,0.08769931662870578,1.0,0.21610193701874858,0.7870275517437346
57897-06-15 08:00:00,2.1068,0.08198614318706754,0.9571783390873463,0.2587721369495314,1.0
57897-06-25 18:00:00,2.1092,0.12870159453302987,0.9245743274076389,0.32453532075851865,1.0
57897-07-06 04:00:00,2.1101,0.18345323741007202,0.8917623573805787,0.32423060496121137,1.0
57897-07-16 14:00:00,2.1038,0.07792207792207928,0.6489494038257262,0.052595887023724086,1.0
57897-07-27 00:00:00,2.1021,0.0705128205128226,0.41964587075080356,-0.03310782580417698,1.0
57897-08-06 10:00:00,2.096,0.0,0.08181045456856066,-0.29673601009020684,0.34587826688495404
57897-08-16 20:00:00,2.0902,-0.05944055944056076,-0.29779562388855474,-0.4778859161976326,-0.40511531412316043
57897-08-27 06:00:00,2.0909,-0.1374501992031847,-0.4938199526373529,-0.4082696739079098,0.451108922359752
57897-09-06 16:00:00,2.097,-0.16115702479338906,-0.40620871983256945,-0.18940094872377472,0.7723820649373694
57897-09-17 02:00:00,2.0889,-0.16045548654244213,-0.5577824252069904,-0.444001707953928,0.06971321407307929
57897-09-27 12:00:00,2.0816,-0.20630630630630437,-0.8267713296249238,-0.577527738687306,-1.0
57897-10-07 22:00:00,2.0857,-0.21663619744058182,-0.8215681163957368,-0.4097630090902345,-0.5577891561512553
57897-10-18 08:00:00,2.0858,-0.21003717472119005,-0.7593280536744069,-0.36858803935377604,-0.11705828307367114
57897-10-28 18:00:00,2.0792,-0.2286956521739124,-0.8578760014436754,-0.4609249843251577,-1.0
57897-11-08 04:00:00,2.0821,-0.20896785109982718,-0.7735810502165403,-0.3533058621600248,-0.46156905148581356
57897-11-18 14:00:00,2.0817,-0.2408056042031505,-0.6733869489164466,-0.3242447524452404,-0.9480786692324243
57897-11-29 00:00:00,2.0878,-0.17897271268057763,-0.3777606464292736,-0.16715012562837828,0.32587590723581145
57897-12-09 10:00:00,2.0851,-0.15928449744463324,-0.23040412959469586,-0.20729192613676362,-0.048615591092179715
57897-12-19 20:00:00,2.0864,-0.13464837049743045,-0.06675855968131027,-0.1574390675441678,0.5496001522030511
57897-12-30 06:00:00,2.0895,-0.058770343580469786,0.15105980574427608,-0.0641575290597538,0.9937405771209328
57898-01-09 16:00:00,2.0955,0.047747747747748925,0.47547531754420563,0.11148727437240025,1.0
57898-01-20 02:00:00,2.0951,0.038043478260869845,0.6623398071299201,0.13376171415954696,0.8849249046612909
57898-01-30 12:00:00,2.0915,-0.05218216318785707,0.6585476556747364,0.06269416875997458,0.4390286212933644
57898-02-09 22:00:00,2.0933,0.047413793103448065,0.6911220853920148,0.1673181525218207,1.0
57898-02-20 08:00:00,2.0885,0.0785876993166279,0.5511125635434782,-0.0043190601550967544,0.19303157625152528
57898-03-02 18:00:00,2.0847,-0.011467889908255868,0.3381195020275928,-0.16722496380235397,-0.8161250498611532
57898-03-13 04:00:00,2.08,-0.060165975103732894,0.06358180350454885,-0.3577690311955262,-1.0
57898-03-23 14:00:00,2.079,-0.0023474178403753987,-0.1275944516636339,-0.35901379972576164,-1.0
57898-04-03 00:00:00,2.0749,-0.0821917808219188,-0.3464352233348459,-0.4870620518826436,-1.0
57898-04-13 10:00:00,2.0613,-0.17894736842105258,-0.8468543769689395,-0.7435076633819627,-1.0
57898-04-23 20:00:00,2.0574,-0.2773722627737234,-1.0,-0.6554764057522161,-1.0
57898-05-04 06:00:00,2.0577,-0.26145038167938794,-1.0,-0.531182620764768,-1.0
57898-05-14 16:00:00,2.0631,-0.20619469026548332,-1.0,-0.3649555880474058,-1.0
57898-05-25 02:00:00,2.0658,-0.21122994652406563,-0.9196372228940006,-0.28438362428717345,-1.0
57898-06-04 12:00:00,2.0651,-0.2992125984251935,-0.6966500159481992,-0.2721956720847029,-1.0
57898-06-14 22:00:00,2.0618,-0.3100558659217856,-0.587829331026397,-0.3038693825776487,-1.0
57898-06-25 08:00:00,2.0636,-0.2687861271676246,-0.4064937371460801,-0.24482109906885213,-1.0
57898-07-05 18:00:00,2.0605,-0.30827067669172664,-0.33090262372237217,-0.2724340527449006,-1.0
57898-07-16 04:00:00,2.0603,-0.29012345679012097,-0.2403931369518124,-0.24965273433294294,-1.0
57898-07-26 14:00:00,2.069,-0.14672897196261658,0.11430735222019658,-0.08016658449892783,-1.0
57898-08-06 00:00:00,2.0672,-0.12648221343873284,0.31013743415587763,-0.09381547223406095,-1.0
57898-08-16 10:00:00,2.0703,-0.08254269449715423,0.5380340107537918,-0.009742072187735706,-1.0
57898-08-26 20:00:00,2.0687,-0.0617529880478061,0.6360613118198826,-0.021736270816525183,-1.0
57898-09-06 06:00:00,2.0681,0.09139784946235952,0.6752059056608407,-0.007056135605227942,-1.0
57898-09-16 16:00:00,2.0681,0.16066066066065698,0.6913161867421795,0.025725061704884422,-1.0
57898-09-27 02:00:00,2.0707,0.1825842696629172,0.7662426207400996,0.1604862431952946,-0.9105018505227029
57898-10-07 12:00:00,2.0636,0.006702412868634933,0.5900382398944664,-0.09993704817544369,-1.0
57898-10-17 22:00:00,2.0657,-0.0013623978201602882,0.53209083635523,0.030319164078707272,-0.6838145829361061
57898-10-28 08:00:00,2.0587,-0.07441860465116312,0.2852313030609228,-0.33743350159073826,-0.8955679809279288
57898-11-07 18:00:00,2.0637,0.021252796420581532,0.2815196417459149,-0.04584470922242451,-0.5010889535201899
57898-11-18 04:00:00,2.0624,-0.0135746606334875,0.24639787085513257,-0.1513940327225463,-0.8985033632854776
57898-11-28 14:00:00,2.0659,0.06053811659192543,0.33257386257790167,0.05712219970973276,-0.5066410317039566
57898-12-09 00:00:00,2.0867,0.20245398773006174,0.993023213444112,0.8666655079456198,1.0
57898-12-19 10:00:00,2.0882,0.16551724137931045,1.0,0.678992515587834,1.0
57898-12-29 20:00:00,2.0859,0.15982905982905804,1.0,0.5031579501153356,1.0
57899-01-09 06:00:00,2.076,0.04364471669218983,1.0,0.1969624296315272,0.3532890686308475
57899-01-19 16:00:00,2.0588,-0.061186650185413693,0.5433529599233115,-0.2843772891600978,-0.6088179041134287
57899-01-30 02:00:00,2.0508,-0.09796149490373496,-0.17215095130333402,-0.4584428516621587,-1.0
57899-02-09 12:00:00,2.0265,-0.18472468916518509,-1.0,-0.7529094838359527,-1.0
57899-02-19 22:00:00,2.0338,-0.15728900255754508,-1.0,-0.5116734418238721,-1.0
57899-03-02 08:00:00,2.0294,-0.14921465968586461,-1.0,-0.4906205109584886,-1.0
57899-03-12 18:00:00,2.0249,-0.17435897435897418,-1.0,-0.4711140886282631,-1.0
57899-03-23 04:00:00,2.034,-0.10369437447523194,-1.0,-0.315670629269697,-0.7984405686812144
57899-04-02 14:00:00,2.0357,-0.12089810017271196,-1.0,-0.2666563561218627,-0.512403568519269
57899-04-13 00:00:00,2.0406,-0.09128978224455558,-1.0,-0.18822613012504358,-0.19680296283768559
57899-04-23 10:00:00,2.0294,-0.14358772619984395,-1.0,-0.2917446627638881,-0.45790284836229467
57899-05-03 20:00:00,2.0201,-0.2880622837370259,-1.0,-0.3563549476306195,-0.6731922501537384
57899-05-14 06:00:00,2.0188,-0.3006932409012147,-1.0,-0.3310222747302918,-0.9120172840650254
57899-05-24 16:00:00,2.0252,-0.2539748953974924,-0.928549681049524,-0.2387892809767166,-0.46835209520260934
57899-06-04 02:00:00,2.0314,-0.1925734024179631,-0.4854176561043632,-0.15660810292239458,-0.19618325812349255
57899-06-14 12:00:00,2.0378,-0.10000000000000264,0.04789426086098061,-0.07680785851085042,0.04796179018097598
57899-06-24 22:00:00,2.0374,-0.06878850102669631,0.4117468659377792,-0.06723453505326743,-0.09626435841723024
57899-07-05 08:00:00,2.0316,0.03231939163498221,0.4922048054876888,-0.11135784351597589,-0.285790770174109
57899-07-15 18:00:00,2.032,-0.012499999999998845,0.5701497724631848,-0.08587860788634505,0.03939353940992614
57899-07-26 04:00:00,2.0249,-0.030120481927709553,0.4228443848739792,-0.1852649960933198,0.028684711105399274
57899-08-05 14:00:00,2.0232,-0.011821974965229909,0.2982833254268949,-0.2333411545132823,-0.041276518861125766
57899-08-16 00:00:00,2.0316,-0.016853932584267983,0.4877913910577389,0.021446475818101884,0.400582525762502
57899-08-26 10:00:00,2.0274,-0.056309362279510444,0.49637896578811797,-0.10074486402552718,0.24674516156026677
57899-09-05 20:00:00,2.0243,-0.11335187760778859,0.42200339351360755,-0.22386386084612364,-0.13716587723344523
57899-09-16 06:00:00,2.0281,-0.0100775193798458,0.49939178616059765,-0.05437291305634667,0.12307292906459255
57899-09-26 16:00:00,2.0208,0.005600000000001271,0.3436389730564108,-0.3272121149776005,-0.3114454783572195
57899-10-07 02:00:00,2.0315,0.08831710709318474,0.5730348413725784,0.08936172485003924,-0.1608659710102343
57899-10-17 12:00:00,2.0357,0.07532281205165092,0.8413185916174324,0.2525122152524738,0.40259935144304976
57899-10-27 22:00:00,2.0319,0.0037147102525982856,0.8851526666087939,0.11097922997593268,0.19235568276725673
57899-11-07 08:00:00,2.0295,-0.06556082148499165,0.8247381627086926,0.039559473630991215,-0.12472410296250688
57899-11-17 18:00:00,2.0339,-0.026002971768201488,0.8981860206946295,0.22434581691727795,0.23706640156492623
57899-11-28 04:00:00,2.0347,0.024879614767254754,0.9448597129803002,0.23824493373523215,0.5607034254803904
57899-12-08 14:00:00,2.0344,0.019292604501609634,0.9381358038140393,0.20913030003662592,-0.1784871658500583
57899-12-19 00:00:00,2.0226,-0.017189835575485923,0.5614465915439046,-0.38161124516451495,-1.0
57899-12-29 10:00:00,2.0268,0.025936599423632023,0.437022182324134,-0.15863359399658994,-0.11623536304508411
57900-01-08 20:00:00,2.033,0.010416666666665741,0.5344495440301297,0.16965121615612533,0.9148464993201075
57900-01-19 06:00:00,2.0335,0.04803149606299317,0.5987036419860832,0.217787175285713,1.0
57900-01-29 16:00:00,2.0362,0.09429477020602262,0.7014641774150736,0.3381172735895648,1.0
57900-02-09 02:00:00,2.0356,0.0626043405676161,0.7253266422149467,0.28754829469478627,1.0
57900-02-19 12:00:00,2.0279,0.05887230514096142,0.490185589146027,-0.11696065096047759,0.589568141387584
57900-03-01 22:00:00,2.0305,-0.009578544061301764,0.4037000323891839,0.0002790660948399637,0.8409206974737655
57900-03-12 08:00:00,2.0282,-0.07455268389661929,0.27138647202530236,-0.11807898006069867,0.3639919016003345
57900-03-22 18:00:00,2.0288,-0.032908704883226225,0.20107173978834947,-0.08936695195153421,0.557837463154608
57900-04-02 04:00:00,2.0306,0.011827956989248434,0.20777076821630333,-0.006508750217241899,1.0
57900-04-12 14:00:00,2.0327,-0.013574660633482616,0.2706473953329409,0.10474499391766268,1.0
57900-04-23 00:00:00,2.0402,0.05402750491159203,0.5219907387303284,0.5221091986434829,1.0
57900-05-03 10:00:00,2.0359,0.013661202185788812,0.53365322339702,0.2317828232556013,1.0
57900-05-13 20:00:00,2.0375,0.1666666666666634,0.5649820135511784,0.31668913585804703,1.0
57900-05-24 06:00:00,2.0388,0.14354066985645697,0.5969756564875572,0.35279430905872067,1.0
57900-06-03 16:00:00,2.0362,0.041884816753926635,0.5128375420266583,0.1863284534959747,1.0
57900-06-14 02:00:00,2.0374,0.05012853470436651,0.4697522462873107,0.238313816997769,1.0
57900-06-24 12:00:00,2.038,0.024456521739127157,0.4361228214919529,0.2554912440007069,1.0
57900-07-04 22:00:00,2.0411,0.06997455470737779,0.48195231177317704,0.37809418055375643,1.0
57900-07-15 08:00:00,2.0412,0.20977917981072214,0.4867682736670527,0.36906852106345933,1.0
57900-07-25 18:00:00,2.0396,0.14820846905537455,0.4150368293727103,0.25980427498140246,1.0
57900-08-05 04:00:00,2.0409,0.21380471380471278,0.3825466639480291,0.30179788911409433,1.0
57900-08-15 14:00:00,2.0438,0.23437499999999856,0.42205194552077785,0.40544229600671766,1.0
57900-08-26 00:00:00,2.0439,0.21947194719471375,0.4221548528651813,0.3665409256852261,1.0
57900-09-05 10:00:00,2.0504,0.25504322766570064,0.5828674913230169,0.5544473548324651,1.0
57900-09-15 20:00:00,2.0376,-0.032500000000001916,0.27276153189480085,-0.0029299084253074925,1.0
57900-09-26 06:00:00,2.0357,-0.002659574468084791,0.0004380003492375907,-0.10476384140064354,0.7046275246337226
57900-10-06 16:00:00,2.0368,-0.00943396226415294,-0.14661367357686042,-0.08090929205514213,0.929535720039904
57900-10-17 02:00:00,2.0307,-0.09665871121718728,-0.416662710263754,-0.41926562042685633,0.12891555405726426
57900-10-27 12:00:00,2.032,-0.051724137931034864,-0.5333187847443998,-0.3618077636596216,1.0
57900-11-06 22:00:00,2.0303,-0.08637469586374613,-0.6338161892155972,-0.43119537223418725,0.8039986392408351
57900-11-17 08:00:00,2.028,-0.11682242990654024,-0.7349359995735247,-0.46941479325474517,0.19140099207553662
57900-11-27 18:00:00,2.0217,-0.21086956521739508,-0.9458912032792911,-0.6072483452286792,-1.0
57900-12-08 04:00:00,2.0214,-0.21428571428571574,-1.0,-0.5140156030560494,-1.0
57900-12-18 14:00:00,2.0175,-0.227835051546393,-1.0,-0.5316075922554205,-1.0
57900-12-29 00:00:00,2.0245,-0.15129151291512938,-0.9562715265943453,-0.29230434950437467,-1.0
57901-01-08 10:00:00,2.0255,-0.1749521988527729,-0.7472676202409659,-0.2405442270247924,-0.9579406484257597
57901-01-18 20:00:00,2.027,-0.15735567970204528,-0.5251439673343029,-0.18106839360577742,-0.44245381604637635
57901-01-29 06:00:00,2.0259,-0.25362318840579323,-0.38091808194933563,-0.19133532243390644,-0.7704139379890734
57901-02-08 16:00:00,2.0241,-0.1809651474530813,-0.3125830909213867,-0.2187354259971856,-1.0
57901-02-19 02:00:00,2.0241,-0.16384180790960273,-0.24229528774136025,-0.19766825049904757,-0.9622872423340849
57901-03-01 12:00:00,2.0257,-0.15459610027854692,-0.12734737585126238,-0.13454603083114836,-0.5735377342795664
57901-03-11 22:00:00,2.0246,-0.09870550161812025,-0.0687272033942818,-0.14766163472831667,-0.8491970842541555
57901-03-22 08:00:00,2.0276,-0.06748466257668473,0.07100325730057504,-0.03261863698481382,-0.22613853059998415
57901-04-01 18:00:00,2.0275,-0.04516129032258126,0.16385889988276017,0.004319179696653408,-0.42989350851823266
57901-04-12 04:00:00,2.0319,0.058912386706943654,0.3530670696362723,0.2508451481674626,0.22984723269084303
57901-04-22 14:00:00,2.0321,0.19259259259258055,0.4697015429916148,0.28784408836526676,0.7986466617095255
57901-05-03 00:00:00,2.0276,0.0993589743589759,0.39686858309609857,0.07261974308074748,0.09181636111077456
57901-05-13 10:00:00,2.0299,0.20945945945945366,0.4061106554422891,0.2275309673948538,0.653470303431969
57901-05-23 20:00:00,2.0313,0.14166666666665761,0.43919090113502707,0.32642139602698117,1.0
57901-06-03 06:00:00,2.0304,0.1025104602510476,0.41753512638166057,0.265617907943981,0.9332600219192229
57901-06-13 16:00:00,2.0337,0.1303501945525275,0.48399773650135386,0.4289632868629466,1.0
57901-06-24 02:00:00,2.0353,0.17938931297709781,0.5516250174120477,0.4574655776155341,1.0
57901-07-04 12:00:00,2.0356,0.23279352226721495,0.5773429971551625,0.4211214359341753,1.0
57901-07-14 22:00:00,2.0311,0.1198630136986325,0.43442351827100456,0.15587841341766817,1.0
57901-07-25 08:00:00,2.0324,0.11591695501730104,0.3611180478348235,0.21983737679240156,1.0
57901-08-04 18:00:00,2.0405,0.22144846796657836,0.5323810905404983,0.6071371535945254,1.0
57901-08-15 04:00:00,2.0422,0.21098265895953783,0.6604696965070059,0.5663119345192889,1.0
57901-08-25 14:00:00,2.0395,0.16129032258064957,0.6252141031061559,0.38278792327482625,1.0
57901-09-05 00:00:00,2.0349,0.04010695187166036,0.4327006191418292,0.1476689641243205,1.0
57901-09-15 10:00:00,2.0252,-0.0735607675906188,0.0022895473095326645,-0.3372338758798735,0.7384702056926074
57901-09-25 20:00:00,2.03,0.025423728813556923,-0.13264657176264363,-0.11252861877094006,0.9860088165952376
57901-10-06 06:00:00,2.0299,0.0,-0.21762480256637132,-0.1403165389893714,0.6684594576216407
57901-10-16 16:00:00,2.0353,0.04081632653061307,-0.10626051358861632,0.1411613930194897,0.8004487019777522
57901-10-27 02:00:00,2.0322,0.017578124999998335,-0.12482333344248708,-0.050305665627094764,0.5370329062269401
57901-11-06 12:00:00,2.0377,0.037453183520599675,0.02674125932933831,0.2512322126062785,0.7002503312573263
57901-11-16 22:00:00,2.0354,0.0009242144177469269,0.04991083061017403,0.1088653243981943,0.4706415013199594
57901-11-27 08:00:00,2.0355,-0.000927643784788601,0.06112927580596031,0.0965964330645458,0.5768617191517786
57901-12-07 18:00:00,2.0357,0.04637096774193583,0.06704010170243459,0.09325316300955389,0.8082250448657274
57901-12-18 04:00:00,2.0296,-0.0257352941176488,-0.11420185495104211,-0.27276357632641396,0.5262919834211236
57901-12-28 14:00:00,2.0334,-0.07085828343313882,-0.114843746507608,-0.05289658146005988,0.6203275876905804
57902-01-08 00:00:00,2.0341,-0.08248472505091542,-0.09222005790483989,-0.010831908857889982,0.8908626790951739
57902-01-18 10:00:00,2.0358,-0.03846153846153705,-0.026884433173194153,0.09265612797426181,1.0
57902-01-28 20:00:00,2.0333,-0.017391304347824377,-0.06038379828327087,-0.054751188997412215,0.86183838773075
57902-02-08 06:00:00,2.031,0.07512953367876107,-0.14811624047212554,-0.1965346805683006,0.566690010157817
57902-02-18 16:00:00,2.028,-0.02717391304347566,-0.28527797117256926,-0.3496924567587772,-0.9597735717671501
57902-03-01 02:00:00,2.0296,-0.003916449086164342,-0.31169617226752216,-0.23414610285507914,-0.41197680897034544
57902-03-11 12:00:00,2.0242,-0.14490861618798972,-0.470344299400516,-0.5173228330110851,-1.0
57902-03-21 22:00:00,2.0255,-0.0917808219178079,-0.507477437616278,-0.39903930288426304,-1.0
57902-04-01 08:00:00,2.0257,-0.1923076923076945,-0.4973599453253327,-0.3439247509457928,-0.7451023857310869
57902-04-11 18:00:00,2.0279,-0.12057877813505491,-0.39881285659613586,-0.22787318605250767,-0.06668352121933085
57902-04-22 04:00:00,2.0316,-0.05619596541786448,-0.20543887976404693,0.0019117919495396096,0.34898999502331834
57902-05-02 14:00:00,2.0305,-0.07303370786516666,-0.10200345331254485,-0.07030031498521627,-0.18304497488215826
57902-05-13 00:00:00,2.0303,0.011784511784514229,-0.033934763540967285,-0.06868827630911989,-1.0
57902-05-23 10:00:00,2.0319,-0.027272727272728392,0.06086535938019268,0.03698908758572683,-1.0
57902-06-02 20:00:00,2.0335,-0.010563380281689017,0.167311923166515,0.16693656082572994,-0.6972643141020408
57902-06-13 06:00:00,2.0334,-0.044776119402988146,0.22561779085317765,0.17175618075957033,-1.0
57902-06-23 16:00:00,2.0339,0.012096774193546822,0.26764246686439735,0.2195249228946199,-0.6498128611786435
57902-07-04 02:00:00,2.0303,-0.013409961685826255,0.17731764590163085,-0.02952870422687731,-0.9715267254788208
57902-07-14 12:00:00,2.0314,0.07024793388429762,0.14516448754280428,0.05010554348053309,-0.5804959545783105
57902-07-24 22:00:00,2.0282,-0.027131782945732708,0.025674054783482746,-0.18270312766852093,-0.7172715835351335
57902-08-04 08:00:00,2.0291,0.11502347417840142,-0.023020572824689743,-0.09465556405268227,0.15577453459942125
57902-08-14 18:00:00,2.0267,0.02678571428570997,-0.12078414374254429,-0.27172523963572226,-0.4457981203951399
57902-08-25 04:00:00,2.0296,0.07768924302788127,-0.08964484607609195,-0.0013733791672247975,0.09366643288373377
57902-09-04 14:00:00,2.0309,0.06198347107437907,-0.025708269047242608,0.11821829133756967,0.869470980359059
57902-09-15 00:00:00,2.0308,-0.019417475728152334,0.01474451476099093,0.09676218854395635,0.14038180431908903
57902-09-25 10:00:00,2.0336,0.06950672645739497,0.1227292865771534,0.3206926865911418,0.7708401553060932
57902-10-05 20:00:00,2.0353,0.10504201680671832,0.23508550051296837,0.4366053950559253,1.0
57902-10-16 06:00:00,2.0373,0.11157024793388626,0.3524875351340217,0.5389775109067363,1.0
57902-10-26 16:00:00,2.0391,0.11475409836065031,0.4602733325231664,0.5902477849016639,1.0
57902-11-06 02:00:00,2.04,0.13095238095238249,0.5291377193080947,0.5495137339195779,1.0
57902-11-16 12:00:00,2.0402,0.12650602409638423,0.548417210183551,0.47686541641784896,1.0
57902-11-26 22:00:00,2.0341,0.06934306569343096,0.3509938160111932,0.0727163273904674,1.0
57902-12-07 08:00:00,2.0365,0.08885017421602914,0.2746896119672085,0.2072052904107604,1.0
57902-12-17 18:00:00,2.0418,0.22077922077922008,0.36207987124578633,0.46646955984441096,1.0
57902-12-28 04:00:00,2.0455,0.24404761904761973,0.5000957670801577,0.5525339622797196,1.0
57903-01-07 14:00:00,2.0482,0.3171091445427777,0.6323626862057675,0.5548281406538249,1.0
57903-01-18 00:00:00,2.0501,0.31155015197568947,0.729367081819096,0.5235969492675479,1.0
57903-01-28 10:00:00,2.0546,0.328254847645435,0.8731958959074446,0.5592343681781751,1.0
57903-02-07 20:00:00,2.0623,0.3604118993135007,1.0,0.622423273499106,1.0
57903-02-18 06:00:00,2.0685,0.3704883227176219,1.0,0.617525935126378,1.0
57903-02-28 16:00:00,2.0666,0.33086680761100096,1.0,0.4884841220973425,1.0
57903-03-11 02:00:00,2.0604,0.22427184466019567,1.0,0.3276260667370481,1.0
57903-03-21 12:00:00,2.0545,0.1384892086330951,0.7379723969374877,0.18715993703017342,0.9970718579155301
57903-03-31 22:00:00,2.0531,0.11675579322638374,0.37033993861646197,0.13956220782648254,0.711596858907695
57903-04-11 08:00:00,2.05,0.08305084745762592,0.004411251631031714,0.054890821979983184,0.2780922773940854
57903-04-21 18:00:00,2.047,0.11538461538461786,-0.3383664817644894,-0.029883392434134015,0.018174715464910427
57903-05-02 04:00:00,2.0507,0.12412587412587417,-0.4528879270427488,0.04164875220913222,0.18515738276249652
57903-05-12 14:00:00,2.0485,0.061922365988913874,-0.5890284211040439,-0.02804629309422413,-0.10679442477888529
57903-05-23 00:00:00,2.0514,0.055347091932459125,-0.5818030401720471,0.03206632031832246,-0.047030356875793926
57903-06-02 10:00:00,2.0489,0.006591337099813188,-0.6409400684617855,-0.048195730253258684,-0.2999619949329827
57903-06-12 20:00:00,2.0472,-0.027410207939508158,-0.7138266330405677,-0.1083414046080231,-0.5094588069384999
57903-06-23 06:00:00,2.0464,-0.08333333333333554,-0.7636885773795076,-0.16491877439244063,-0.7552074983139259
57903-07-03 16:00:00,2.0378,-0.2445109780439182,-1.0,-0.4463561245054474,-1.0
57903-07-14 02:00:00,2.0365,-0.35398230088495897,-1.0,-0.4543495305436823,-1.0
57903-07-24 12:00:00,2.0296,-0.36852589641434774,-1.0,-0.5542923938822472,-1.0
57903-08-03 22:00:00,2.0309,-0.32560706401766326,-1.0,-0.45096101423910706,-1.0
57903-08-14 08:00:00,2.0262,-0.3208616780045389,-1.0,-0.4776875164025308,-1.0
57903-08-24 18:00:00,2.0295,-0.25652173913043397,-1.0,-0.3604574721511298,-1.0
57903-09-04 04:00:00,2.0347,-0.1590436590436583,-1.0,-0.23141664565084596,-0.8285819713986264
57903-09-14 14:00:00,2.0305,-0.1673427991886423,-1.0,-0.2978250749825303,-1.0
57903-09-25 00:00:00,2.0341,-0.16869918699186814,-0.7785967666897584,-0.202993330153581,-0.8343573473649221
57903-10-05 10:00:00,2.0283,-0.19128787878787734,-0.7414216190232661,-0.3202838572261778,-1.0
57903-10-15 20:00:00,2.0296,-0.212890625000002,-0.6309146116259686,-0.2619107365478026,-0.8880775642387171
57903-10-26 06:00:00,2.0286,-0.20422535211267784,-0.5457417927674161,-0.26331205566210275,-1.0
57903-11-05 16:00:00,2.0339,-0.12476547842401553,-0.2963055800623763,-0.10211186238288172,-1.0
57903-11-16 02:00:00,2.0315,-0.13570127504553958,-0.18042361474504948,-0.1513971547017261,-1.0
57903-11-26 12:00:00,2.0344,-0.034552845528451226,0.00034374568916892924,-0.04758124391122093,-0.7738918385121334
57903-12-06 22:00:00,2.0309,-0.05447470817120781,0.026029160735331867,-0.13799122670023206,-0.9676558377726399
57903-12-17 08:00:00,2.0331,0.0374732334047132,0.11900665309927613,-0.03990799845119164,-0.6668228791361921
57903-12-27 18:00:00,2.0322,0.014038876889849394,0.1587897988556348,-0.05030511406069471,-0.9055656134486599
57904-01-07 04:00:00,2.0336,0.08604651162790666,0.2297265460264205,0.05656057266060388,-0.5196451042772886
57904-01-17 14:00:00,2.0338,0.053884711779445094,0.28102118722096,0.154639657452723,0.02766162679212853
57904-01-28 00:00:00,2.0415,0.08018867924528339,0.5349648643498608,0.6860574371221626,1.0
57904-02-07 10:00:00,2.0442,0.16748166259168518,0.7558670699818875,0.6855574923893546,1.0
57904-02-17 20:00:00,2.0432,0.11879895561357712,0.8350670633113846,0.51888858557985,0.8489677671880913
57904-02-28 06:00:00,2.0469,0.25690607734805926,0.9561907036062939,0.5692862241660106,1.0
57904-03-09 16:00:00,2.0396,0.11848341232227577,0.7749040741501414,0.2240056410441209,0.9340035370395796
57904-03-20 02:00:00,2.0327,0.04261954261954426,0.42345184949582687,-0.10120193118848869,-1.0
57904-03-30 12:00:00,2.0303,-0.03982300884955742,0.11377556921672877,-0.19949549008718181,-1.0
57904-04-09 22:00:00,2.0312,-0.003432494279173137,-0.05769442984981186,-0.16054245228656505,-0.9714860941571156
57904-04-20 08:00:00,2.0249,-0.10084925690021224,-0.3429773615403509,-0.3986511121115285,-1.0
57904-04-30 18:00:00,2.0061,-0.19871794871794735,-1.0,-0.7922941064165245,-1.0
57904-05-11 04:00:00,2.0037,-0.23482428115016146,-1.0,-0.6533170057046118,-1.0
57904-05-21 14:00:00,1.9991,-0.24962292609351439,-1.0,-0.6003386202140261,-1.0
57904-06-01 00:00:00,2.0232,-0.05842696629213345,-1.0,-0.12629000388394623,-1.0
57904-06-11 10:00:00,2.017,-0.0884210526315784,-0.944476130900158,-0.22579937600005112,-1.0
57904-06-21 20:00:00,2.0188,-0.12738496071829336,-0.6497602826493557,-0.17589469501135302,-1.0
57904-07-02 06:00:00,2.0527,0.03532834580216182,0.5753947640749512,0.4001936944543223,-0.8687919674798319
57904-07-12 16:00:00,2.0419,-0.004996156802459961,1.0,0.20374021812821352,-1.0
57904-07-23 02:00:00,2.0469,0.0,1.0,0.267063845057142,-0.7734421221699737
57904-08-02 12:00:00,2.0466,0.028135048231511584,1.0,0.2450155743607486,-0.8830392185707389
57904-08-12 22:00:00,2.058,0.09813809154383091,1.0,0.3805442432405417,-0.6845539574852999
57904-08-23 08:00:00,2.0605,0.11705426356589199,1.0,0.3799788454624994,-0.46188337428290205
57904-09-02 18:00:00,2.0763,0.15670604586518322,1.0,0.5122964494732121,0.1728996313144685
57904-09-13 04:00:00,2.0865,0.2083897158322051,1.0,0.5320594117899433,0.8740258007615657
57904-09-23 14:00:00,2.0875,0.31307692307692303,1.0,0.4695832608567402,1.0
57904-10-04 00:00:00,2.1018,0.34566596194503274,1.0,0.5079124883214106,1.0
57904-10-14 10:00:00,2.1037,0.375718390804597,1.0,0.4488926800808928,1.0
57904-10-24 20:00:00,2.0992,0.3177257525083622,1.0,0.36591481430775785,1.0
57904-11-04 06:00:00,2.1035,0.3674596431605802,1.0,0.3526494287842299,1.0
57904-11-14 16:00:00,2.104,0.36597938144330133,1.0,0.31884307555892377,1.0
57904-11-25 02:00:00,2.0927,0.21321961620469,1.0,0.2203299284786927,1.0
57904-12-05 12:00:00,2.0931,0.3069544364508413,1.0,0.2034457765402019,1.0
57904-12-15 22:00:00,2.0871,0.23815165876777256,0.506067928025433,0.14141394033997967,1.0
57904-12-26 08:00:00,2.0822,0.19999999999999707,-0.15818787993974873,0.08174616892236541,0.7517065536326009
57905-01-05 18:00:00,2.0906,0.1895348837209283,-0.3858121909389046,0.13879831104301965,0.7537253760429523
57905-01-16 04:00:00,2.0909,0.1813842482100213,-0.5627055159831866,0.12520132648527638,0.7463074428596655
57905-01-26 14:00:00,2.0847,0.05660377358490787,-0.8864305589809784,0.03486018482526698,0.5778743719879749
57905-02-06 00:00:00,2.0738,-0.0847797062750334,-1.0,-0.13441091647825587,0.371199165129524
57905-02-16 10:00:00,2.0678,-0.12327909887358979,-1.0,-0.2565975256713483,0.05728867831630297
57905-02-26 20:00:00,2.0596,-0.2859078590785866,-1.0,-0.4290442498026461,-0.3285775677256325
57905-03-09 06:00:00,2.0491,-0.3313106796116462,-1.0,-0.5616794857420854,-1.0
57905-03-19 16:00:00,2.0303,-0.356256463288518,-1.0,-0.6839918995398246,-1.0
57905-03-30 02:00:00,2.035,-0.35272914521111587,-1.0,-0.5215368452700733,-1.0
57905-04-09 12:00:00,2.0443,-0.28186968838526794,-1.0,-0.3687795146649625,-1.0
57905-04-19 22:00:00,2.0291,-0.28961748633879536,-1.0,-0.4530539812030729,-1.0
57905-04-30 08:00:00,2.0316,-0.27479892761394187,-1.0,-0.3795024939768055,-1.0
57905-05-10 18:00:00,2.0364,-0.22899728997290053,-1.0,-0.30266039241259124,-0.7543710002744903
57905-05-21 04:00:00,2.0356,-0.21857410881801143,-1.0,-0.280401232383263,-0.7840369376389262
57905-05-31 14:00:00,2.0442,-0.21722846441947596,-1.0,-0.18121712347256658,-0.5670116835794351
57905-06-11 00:00:00,2.0397,-0.23063063063063266,-1.0,-0.20434598927267394,-0.9903989752409778
57905-06-21 10:00:00,2.0401,-0.21197718631179002,-1.0,-0.18019461777203694,-0.7605495301105558
57905-07-01 20:00:00,2.0444,-0.14908722109533512,-0.6634693427317301,-0.11636218401836801,-0.5229258553376754
57905-07-12 06:00:00,2.045,-0.12231759656652502,-0.3148642037835199,-0.09126034500658353,-0.32973290823495915
57905-07-22 16:00:00,2.0552,-0.0231092436974788,0.2431709012422797,0.04788009013239147,0.08710723839131818
57905-08-02 02:00:00,2.0704,0.10660660660660548,1.0,0.27295198297671397,0.684271153955422
57905-08-12 12:00:00,2.0789,0.27120535714285865,1.0,0.42567192468173964,1.0
57905-08-22 22:00:00,2.068,0.17223382045929125,1.0,0.30440548362310327,1.0
57905-09-02 08:00:00,2.0643,0.11086474501108678,1.0,0.2641348360953172,1.0
57905-09-12 18:00:00,2.0644,0.23501997336883962,1.0,0.272504536071823,1.0
57905-09-23 04:00:00,2.0674,0.2367724867724854,1.0,0.30805702177896743,1.0
57905-10-03 14:00:00,2.074,0.24289405684754317,1.0,0.3711656527232998,1.0
57905-10-14 00:00:00,2.0658,0.17806603773584684,1.0,0.22182236422316104,1.0
57905-10-24 10:00:00,2.0751,0.18070175438596325,1.0,0.3300749454967338,1.0
57905-11-03 20:00:00,2.0695,0.17205542725173317,1.0,0.22143178408409936,0.9804763200711937
57905-11-14 06:00:00,2.0719,0.1794582392776527,0.9106183483899908,0.2365727177375635,1.0
57905-11-24 16:00:00,2.0768,0.18161434977578483,0.9189095770786209,0.2903471930048902,1.0
57905-12-05 02:00:00,2.0784,0.185144124168514,0.9114910919374248,0.2907141830731629,1.0
57905-12-15 12:00:00,2.077,0.1339066339066336,0.8052215666260453,0.24743205930770307,1.0
57905-12-25 22:00:00,2.0742,0.02753623188405807,0.5999822598244577,0.17626623988172274,0.7305850173218047
57906-01-05 08:00:00,2.0718,-0.05643879173290889,0.3537442356935136,0.11112285643690367,0.44771103334303697
57906-01-15 18:00:00,2.0772,0.08013937282229933,0.32093233193160053,0.21733201572146654,0.5514512693545285
57906-01-26 04:00:00,2.0785,0.1290909090909127,0.3035486230061888,0.2445161442336281,0.7750678153340912
57906-02-05 14:00:00,2.0784,0.1272727272727271,0.2553070158805434,0.2604652989325673,0.5141827848489731
57906-02-16 00:00:00,2.0762,0.08118081180811887,0.12855014561325184,0.1657436981521342,0.12855525183811242
57906-02-26 10:00:00,2.0776,0.03673469387755224,0.06371233738991956,0.2151449679074905,0.49540936891366105
57906-03-08 20:00:00,2.0817,0.17706013363029516,0.11952221073445553,0.3961674664736935,1.0
57906-03-19 06:00:00,2.0802,0.06873315363881671,0.0847639490202291,0.2927013633360127,-0.06735068642250867
57906-03-29 16:00:00,2.082,0.18768768768768807,0.09091572999757629,0.3518327656953071,0.6724464228695105
57906-04-09 02:00:00,2.09,0.23264781491002884,0.3026323172779205,0.6318719303806071,1.0
57906-04-19 12:00:00,2.0888,0.1704545454545493,0.36363585054810654,0.5025480239771418,-0.14673496139765604
57906-04-29 22:00:00,2.0866,0.11452513966480549,0.29704335149651584,0.3601089152546152,-1.0
57906-05-10 08:00:00,2.0856,0.1214689265536727,0.18821636331283448,0.3018646584554284,-1.0
57906-05-20 18:00:00,2.0889,0.20473537604457448,0.18334633095303718,0.39414822946081196,-0.7029052488770992
57906-05-31 04:00:00,2.093,0.2819148936170208,0.2667561596412752,0.4987000383156691,0.22670551929581823
57906-06-10 14:00:00,2.0912,0.20588235294118107,0.22879632796411356,0.38287086209638055,-1.0
57906-06-21 00:00:00,2.1105,0.30769230769231026,0.7303547068519689,0.7682726535471338,1.0
57906-07-01 10:00:00,2.1072,0.26086956521739835,0.8843356281442115,0.5479487072147906,1.0
57906-07-11 20:00:00,2.1037,0.24336283185840668,0.8045531577573386,0.403889791248636,1.0
57906-07-22 06:00:00,2.101,0.20242214532872094,0.6038851551071361,0.30802645786325966,0.3957584135385988
57906-08-01 16:00:00,2.1029,0.19064748201438875,0.47047581390691545,0.3199988983431329,0.9559389825509734
57906-08-12 02:00:00,2.0979,0.14974619289340263,0.18431752835519394,0.1839712141663482,0.19604334214921576
57906-08-22 12:00:00,2.1007,0.15557404326123248,0.04402132964272169,0.22628759367375828,0.8372634888060274
57906-09-01 22:00:00,2.0984,0.07720588235294168,-0.1460341651667424,0.15254247831317636,0.4309572596283932
57906-09-12 08:00:00,2.0969,0.07404021937843108,-0.3336977149296841,0.0966472452304249,-0.4558219857658771
57906-09-22 18:00:00,2.0927,0.053791887125221205,-0.5878481632151336,-0.03709445776951731,-0.8272008174817027
57906-10-03 04:00:00,2.089,0.028619528619529544,-0.8544558479987774,-0.16086320287899314,-1.0
57906-10-13 14:00:00,2.0904,0.013043478260866492,-0.9645109428218502,-0.1450094455293494,-1.0
57906-10-24 00:00:00,2.0933,0.0026642984014225712,-0.9248163654358239,-0.07513546648994462,-0.46950907757728927
57906-11-03 10:00:00,2.0887,-0.021150592216585384,-1.0,-0.23282945616698908,-1.0
57906-11-13 20:00:00,2.091,-0.23159144893111205,-0.964637505982454,-0.15837092747055054,-0.4003307496772068
57906-11-24 06:00:00,2.0952,-0.13953488372092848,-0.7833774113969276,-0.02626462048752748,-0.01958932482467317
57906-12-04 16:00:00,2.093,-0.1282973621103094,-0.7106316539515,-0.12904257137335945,-0.9984938643314064
57906-12-15 02:00:00,2.0963,-0.05555555555555669,-0.5480151872446597,-0.014313743267556578,-0.46222566855488684
57906-12-25 12:00:00,2.0971,-0.07038834951455941,-0.40910834796032763,0.01011956691148408,-0.010599912329446626
57907-01-04 22:00:00,2.0985,0.007978723404254318,-0.27394834666859974,0.05412599921981631,0.6015645127828586
57907-01-15 08:00:00,2.0982,-0.03561253561253358,-0.1970767348750834,0.0792386959086826,-0.0010235080151917446
57907-01-25 18:00:00,2.0958,-0.03693181818181307,-0.2214408543519173,-0.013440178653602974,-1.0
57907-02-05 04:00:00,2.1018,0.0617128463476011,-0.06299109784319867,0.3476764643278598,1.0
57907-02-15 14:00:00,2.0839,-0.08239700374531639,-0.4937365442664201,-0.5796951396828853,1.0
57907-02-26 00:00:00,2.0793,-0.08931860036832295,-0.8829718700447632,-0.648487036924171,0.013147575530565822
57907-03-08 10:00:00,2.0799,-0.09813084112149312,-1.0,-0.5158836086677687,1.0
57907-03-18 20:00:00,2.0704,-0.19051580698835352,-1.0,-0.6712690168639448,0.22616373514222649
57907-03-29 06:00:00,2.0756,-0.10790774299834871,-1.0,-0.43731302057760835,0.8804659126136063
57907-04-08 16:00:00,2.069,-0.16923076923077007,-1.0,-0.5235797795844822,0.24886777549005693
57907-04-19 02:00:00,2.0819,-0.09023066485753051,-1.0,-0.16947740597211258,0.7250553708783988
57907-04-29 12:00:00,2.0812,-0.08171745152354537,-0.8537372245459602,-0.1751294989548225,0.30458314795344177
57907-05-09 22:00:00,2.0731,-0.1506493506493477,-0.8568376663755126,-0.3421153905376909,-0.013663225724930304
57907-05-20 08:00:00,2.0818,-0.09010600706713995,-0.5510068410569905,-0.11688611347048017,0.47173745504601816
57907-05-30 18:00:00,2.0751,-0.12971175166297189,-0.5145418681583107,-0.2564357243940855,0.15942710994167128
57907-06-10 04:00:00,2.0693,-0.15099268547544342,-0.6214542284393815,-0.35003569608222307,-0.13326193862430596
57907-06-20 14:00:00,2.0788,-0.08268482490272339,-0.3659006269131273,-0.11947397811320914,0.18899983134680318
57907-07-01 00:00:00,2.0799,-0.11184882533197199,-0.140207518371217,-0.08046367543088057,0.38233018802726704
57907-07-11 10:00:00,2.0737,-0.059164733178653395,-0.15721075330668904,-0.20363072134604582,0.0387341702887497
57907-07-21 20:00:00,2.082,0.015016685205783808,0.09694520898432527,0.01370527147601508,0.2042952939042444
57907-08-01 06:00:00,2.0682,-0.05674102812803061,-0.13571295294691663,-0.31197429520218406,-0.34999001391435736
57907-08-11 16:00:00,2.0752,0.02385685884692057,-0.055600807099326015,-0.10678519594033814,-0.03639257968900714
57907-08-22 02:00:00,2.0783,0.013705583756344897,0.10296613638395177,0.012830349703101596,0.0541552402916047
57907-09-01 12:00:00,2.0792,0.05495689655172609,0.2381283360396401,0.12414756045107167,0.6352584403007766
57907-09-11 22:00:00,2.0779,-0.024630541871921652,0.28696105797822535,0.07717577031777378,0.3996946848508711
57907-09-22 08:00:00,2.0827,0.008792497069168181,0.45601255703823,0.3187208420725206,1.0
57907-10-02 18:00:00,2.084,0.06942675159235723,0.5886449881299882,0.3590225824426835,1.0
57907-10-13 04:00:00,2.0848,0.021246458923513845,0.6756035486784189,0.35893886226816074,1.0
57907-10-23 14:00:00,2.0874,0.0924812030075215,0.7802258109751835,0.42283181475630105,1.0
57907-11-03 00:00:00,2.0741,0.0324324324324321,0.42588223841568135,-0.21179001031521616,1.0
57907-11-13 10:00:00,2.0831,0.02925170068027072,0.4505206594415726,0.22331480641828405,1.0
57907-11-23 20:00:00,2.0858,0.039280958721704784,0.5270158211027555,0.3286532737707002,1.0
57907-12-04 06:00:00,2.088,0.10056258790436001,0.6162499526307321,0.3814477401752838,1.0
57907-12-14 16:00:00,2.0806,-0.009971509971508807,0.42797534454568786,0.05359841958588718,1.0
57907-12-25 02:00:00,2.0794,0.09722222222222254,0.2551107443601268,-0.010034281989646954,1.0
57908-01-04 12:00:00,2.0768,0.015037593984960629,0.05963781171767617,-0.16068821498749553,0.7876957705752589
57908-01-14 22:00:00,2.0797,0.013207547169809764,0.020184674819512832,-0.017125079219215078,0.7816708014729933
57908-01-25 08:00:00,2.0744,-0.04181184668989846,-0.15811957738311797,-0.2618861732529305,0.4946347912425719
57908-02-04 18:00:00,2.0726,-0.04576856649395572,-0.3118770639710647,-0.3421273963325676,0.07909178738386136
57908-02-15 04:00:00,2.0738,-0.08195211786372125,-0.3541621484228453,-0.2581146355822744,0.14304848261401842
57908-02-25 14:00:00,2.0724,-0.10661764705882454,-0.3992284205086348,-0.3601949397502589,-0.22590686174714514
57908-03-07 00:00:00,2.0797,-0.041871921182267124,-0.1895493699084541,-0.0018118317398961303,-0.05580141226238959
57908-03-17 10:00:00,2.0747,-0.10031595576619479,-0.18875582875516472,-0.24513832768590832,-0.45287761727596404
57908-03-27 20:00:00,2.0737,-0.003921568627450633,-0.20207784740907797,-0.27236297380160207,-0.9597185259769161
57908-04-07 06:00:00,2.0716,-0.13038548752834472,-0.2551041215716218,-0.34113065901308903,-1.0
57908-04-17 16:00:00,2.0704,-0.18075117370892213,-0.3034603213094031,-0.35210605894673586,-1.0
57908-04-28 02:00:00,2.065,-0.25109170305677325,-0.4679051271120456,-0.49888783376673523,-1.0
57908-05-08 12:00:00,2.0618,-0.22596153846154338,-0.6313934340870819,-0.5261219228659643,-1.0
57908-05-18 22:00:00,2.0627,-0.20217917675545138,-0.6649410783985347,-0.4413540161309093,-1.0
57908-05-29 08:00:00,2.0644,-0.15346534653465482,-0.5904860311998471,-0.3436792678751015,-0.7835849688659413
57908-06-08 18:00:00,2.0682,-0.13922518159806224,-0.3897730700243189,-0.19370294662017268,-0.3872249755764071
57908-06-19 04:00:00,2.066,-0.10994764397905771,-0.2941892529374349,-0.24906753693044786,-0.5782324154089857
57908-06-29 14:00:00,2.061,-0.140096618357489,-0.35033334322283305,-0.4141493972824277,-0.8762466421415788
57908-07-10 00:00:00,2.0617,-0.1479217603911947,-0.33193566597769847,-0.3504844674530202,-0.10039995106385961
57908-07-20 10:00:00,2.0616,-0.13636363636363624,-0.29030878442436203,-0.3224505512926117,-1.0
57908-07-30 20:00:00,2.0683,-0.14615384615384497,-0.03772669662837125,-0.03700548532072667,-0.3697659939329427
57908-08-10 06:00:00,2.0698,-0.0690140845070426,0.18257566213894513,0.05092866503560611,0.26680928795112296
57908-08-20 16:00:00,2.0666,-0.09416445623341896,0.23388604188453907,-0.08025564300737104,0.06292263842066739
57908-08-31 02:00:00,2.0643,-0.0963060686015848,0.20224744837497616,-0.17019542655982456,-0.4347625685800615
57908-09-10 12:00:00,2.0543,-0.17237687366166637,-0.10429521232466049,-0.535925587991984,-1.0
57908-09-20 22:00:00,2.0544,-0.1280193236714986,-0.27287166156418075,-0.4566485818523374,-1.0
57908-10-01 08:00:00,2.0528,-0.11306532663316449,-0.39499359368858206,-0.4823580201200067,-1.0
57908-10-11 18:00:00,2.0539,-0.10999999999999877,-0.4021123093727445,-0.397144809743737,-1.0
57908-10-22 04:00:00,2.0581,-0.07411764705882318,-0.24563312385989944,-0.206185905940249,-0.7410158233638463
57908-11-01 14:00:00,2.0503,-0.1924731182795702,-0.34352064345182026,-0.47730447036993207,-1.0
57908-11-12 00:00:00,2.0528,-0.14102564102564058,-0.29514127420079234,-0.3390400898084221,-0.6324129559982523
57908-11-22 10:00:00,2.0479,-0.14025695931477655,-0.37232734349093805,-0.46348651027719406,-1.0
57908-12-02 20:00:00,2.0476,-0.15226781857451543,-0.38943616715992896,-0.4133562779482446,-1.0
57908-12-13 06:00:00,2.0498,-0.12190082644628353,-0.2943420000850901,-0.30209700125915906,-1.0
57908-12-23 16:00:00,2.0483,-0.23148148148148578,-0.2409249260580467,-0.3162621505188592,-1.0
57909-01-03 02:00:00,2.056,-0.13967611336032354,0.05188745735035696,-0.044372383988204256,-1.0
57909-01-13 12:00:00,2.0604,-0.06126482213438966,0.38323270800115095,0.12283167931007555,-0.6262818526559565
57909-01-23 22:00:00,2.0615,-0.028340080971657078,0.624438979090087,0.16123676971574485,0.011284509257467473
57909-02-03 08:00:00,2.0605,0.07673267326733013,0.7339590912272149,0.12809682859382765,-0.6489335631875899
57909-02-13 18:00:00,2.0596,0.06310679611650893,0.756437334051775,0.09996519644221069,-1.0
57909-02-24 04:00:00,2.0637,0.12471395881006808,0.8669835200851868,0.2712057356469365,-0.8311394401332832
57909-03-06 14:00:00,2.0631,0.10648148148148073,0.88816301252227,0.2858134571911196,-1.0
57909-03-17 00:00:00,2.0615,0.041871921182267235,0.8210893213917793,0.244380763511148,-1.0
57909-03-27 10:00:00,2.0599,0.13953488372092882,0.7003449296198223,0.19159992553240512,-1.0
57909-04-06 20:00:00,2.0576,0.07017543859649045,0.5303204623058385,0.07581955503117732,-1.0
57909-04-17 06:00:00,2.0582,0.17224080267558717,0.42151783642407187,0.09492070061711477,-1.0
57909-04-27 16:00:00,2.0568,0.14838709677419304,0.2976201553341554,0.020142715037959502,-1.0
57909-05-08 02:00:00,2.0563,0.1109215017064834,0.1962725444868545,-0.00929851287933331,-1.0
57909-05-18 12:00:00,2.0522,0.06112852664577206,0.009145250121167283,-0.18820906897648043,-1.0
57909-05-28 22:00:00,2.0553,-0.012820512820515773,-0.012400219780840705,-0.05598086644318334,-1.0
57909-06-08 08:00:00,2.0545,-0.12447257383966609,-0.04251518455260511,-0.10003104131487156,-1.0
57909-06-18 18:00:00,2.0558,-0.1192468619246902,-0.015204626973150734,-0.060495967170079434,-1.0
57909-06-29 04:00:00,2.0619,0.024137931034480586,0.1864075854656206,0.2508201094453191,-1.0
57909-07-09 14:00:00,2.0689,0.13247863247863567,0.5124697662373742,0.5693511996103573,-0.17962554287281243
57909-07-20 00:00:00,2.0698,0.09561128526645946,0.7207316800481554,0.5624067623922218,0.24967616399853904
57909-07-30 10:00:00,2.082,0.2172413793103467,1.0,0.7924201173794974,1.0
57909-08-09 20:00:00,2.0849,0.26116071428571563,1.0,0.6663643154586905,1.0
57909-08-20 06:00:00,2.084,0.27324263038549135,1.0,0.5270311520572519,1.0
57909-08-30 16:00:00,2.0797,0.23969631236442512,1.0,0.36928230816726015,1.0
57909-09-10 02:00:00,2.08,0.23799126637554735,1.0,0.3358516912509405,1.0
57909-09-20 12:00:00,2.0658,0.07679180887371839,0.626343884089769,0.00891837768661019,0.9254938936369764
57909-09-30 22:00:00,2.0664,0.08603066439522933,0.2207590918076901,0.018886200873627357,1.0
57909-10-11 08:00:00,2.0611,0.07429048414023454,-0.21388288327352326,-0.1019088614261357,0.662350906920076
57909-10-21 18:00:00,2.0544,-0.0070866141732292,-0.6842126305650531,-0.24403999506552082,-0.4648183502772261
57909-11-01 04:00:00,2.0512,-0.02503793626707007,-1.0,-0.3000406284482329,-1.0
57909-11-11 14:00:00,2.0553,-0.0036390101892297966,-1.0,-0.20554416112394985,-1.0
57909-11-22 00:00:00,2.0686,0.04413702239789119,-0.7157291759994775,0.06980323365251684,0.9359918090362586
57909-12-02 10:00:00,2.0852,0.09532163742689892,0.04807849372618466,0.3809690463030295,1.0
57909-12-12 20:00:00,2.1036,0.16407766990291295,1.0,0.6075193077675445,1.0
57909-12-23 06:00:00,2.1156,0.16342412451361898,1.0,0.6336675862480903,1.0
57910-01-02 16:00:00,2.1501,0.24255952380952295,1.0,0.7655579859119417,1.0
57910-01-13 02:00:00,2.139,0.1901798063623774,1.0,0.5350118173439093,1.0
57910-01-23 12:00:00,2.1664,0.25849731663685094,1.0,0.613672025493732,1.0
57910-02-02 22:00:00,2.165,0.25177725118483396,1.0,0.502697986764923,1.0
57910-02-13 08:00:00,2.1729,0.3295384615384621,1.0,0.47176408984550366,1.0
57910-02-23 18:00:00,2.1507,0.22895165670831208,1.0,0.30153674667384767,0.7411669202232641
57910-03-06 04:00:00,2.1474,0.23695771554091205,1.0,0.25645442446625355,0.2663207816138144
57910-03-16 14:00:00,2.1493,0.2676254935138206,1.0,0.24326757704556146,0.41180110101415135
57910-03-27 00:00:00,2.1532,0.28651685393258475,1.0,0.24063708424680563,0.6129778508183644
57910-04-06 10:00:00,2.1555,0.28433598183882025,1.0,0.22978677012594284,0.7913545701541022
57910-04-16 20:00:00,2.1486,0.23557126030624342,0.5112125185456965,0.17210731743024787,0.575900747593793
57910-04-27 06:00:00,2.1477,0.2027903958468531,-0.03390068372843954,0.1484232038540828,0.14509693000128923
57910-05-07 16:00:00,2.137,0.11407103825136611,-0.7755089834896852,0.06831912528866957,-0.30269549721846567
57910-05-18 02:00:00,2.135,0.07111436950146521,-1.0,0.034458079414275034,-0.6786438793196438
57910-05-28 12:00:00,2.132,-0.08627264061010548,-1.0,-0.014730184240828614,-1.0
57910-06-07 22:00:00,2.1328,-0.03276955602536907,-1.0,-0.046909642003710506,-1.0
57910-06-18 08:00:00,2.1298,-0.26068376068376437,-1.0,-0.13068988467822268,-1.0
57910-06-28 18:00:00,2.1123,-0.3053302433371998,-1.0,-0.4152086886119457,-1.0
57910-07-09 04:00:00,2.1052,-0.39590643274854076,-1.0,-0.520070595707631,-1.0
57910-07-19 14:00:00,2.1135,-0.2597765363128497,-1.0,-0.3983516562431084,-1.0
57910-07-30 00:00:00,2.1103,-0.2594405594405606,-1.0,-0.3884918439515975,-1.0
57910-08-09 10:00:00,2.1125,-0.25626740947075605,-1.0,-0.3261406306198821,-1.0
57910-08-19 20:00:00,2.105,-0.3196286472148556,-1.0,-0.376166830878757,-1.0
57910-08-30 06:00:00,2.0991,-0.35696202531645693,-1.0,-0.4011187336514528,-1.0
57910-09-09 16:00:00,2.1083,-0.2478474784747871,-1.0,-0.27354484249433986,-1.0
57910-09-20 02:00:00,2.1052,-0.25449101796407336,-1.0,-0.28399223109896676,-1.0
57910-09-30 12:00:00,2.1122,-0.1553884711779452,-1.0,-0.17304719012005282,-1.0
57910-10-10 22:00:00,2.1105,-0.15408805031446493,-1.0,-0.1756741742788091,-1.0
57910-10-21 08:00:00,2.1066,-0.157960199004977,-1.0,-0.20970506113726745,-1.0
57910-10-31 18:00:00,2.1094,-0.14199029126213603,-1.0,-0.1519895277063787,-0.8543150022718304
57910-11-11 04:00:00,2.1124,-0.1055825242718435,-0.7347071305096216,-0.08207850065518169,-0.7406361512463853
57910-11-21 14:00:00,2.1062,-0.04289732770745408,-0.6800319158196045,-0.18484354629566824,-0.7715390948599108
57910-12-02 00:00:00,2.1052,0.0,-0.6338154160365452,-0.18981629414678391,-0.8498516320367752
57910-12-12 10:00:00,2.101,-0.10262725779967274,-0.6870158000337417,-0.27601809802445565,-1.0
57910-12-22 20:00:00,2.0965,-0.11093247588424598,-0.8069056519998268,-0.3777207163189003,-1.0
57911-01-02 06:00:00,2.0896,-0.17115097159940051,-1.0,-0.5580317704303956,-1.0
57911-01-12 16:00:00,2.091,-0.11513157894736514,-1.0,-0.5216751778989851,-1.0
57911-01-23 02:00:00,2.0937,-0.04687499999999806,-0.9341437568482314,-0.3762367773513957,-1.0
57911-02-02 12:00:00,2.0886,-0.18411214953270533,-0.9356945410662083,-0.46902945197096874,-1.0
57911-02-12 22:00:00,2.0892,-0.1568627450980361,-0.8508662783164351,-0.39887319560331935,-0.8664342186086016
57911-02-23 08:00:00,2.086,-0.2775423728813523,-0.8250049996272342,-0.4288675239377101,-1.0
57911-03-05 18:00:00,2.0915,-0.18627450980391896,-0.5823622754166495,-0.25043227092892106,-0.8324176370829423
57911-03-16 04:00:00,2.0891,-0.17676767676767097,-0.4451694551204828,-0.28699195996997773,-1.0
57911-03-26 14:00:00,2.088,-0.22384937238493352,-0.34241093935259,-0.29045014999625784,-1.0
57911-04-06 00:00:00,2.0865,-0.27969762419006244,-0.2774836476384627,-0.2972488665880205,-1.0
57911-04-16 10:00:00,2.0836,-0.26279069767441454,-0.27978681466910615,-0.33262260854230197,-1.0
57911-04-26 20:00:00,2.0844,-0.24299065420560567,-0.21578067870669335,-0.2868893000969198,-1.0
57911-05-07 06:00:00,2.0835,-0.22151898734177122,-0.1625556729705492,-0.285099823414398,-1.0
57911-05-17 16:00:00,2.0889,-0.0940594059405882,0.06485570010042556,-0.12154448936969203,-0.8596748765335772
57911-05-28 02:00:00,2.0872,-0.034090909090904786,0.18272695471415076,-0.15140957945557848,-1.0
57911-06-07 12:00:00,2.0918,0.010416666666665408,0.40870852397812985,0.027704211962648384,-0.6714586195060248
57911-06-17 22:00:00,2.0904,-0.044474393531000744,0.5150418622136403,0.005237760891612098,-1.0
57911-06-28 08:00:00,2.0902,0.024844720496891348,0.5745603183535734,0.039373256391614375,-1.0
57911-07-08 18:00:00,2.0874,-0.0261627906976713,0.5246327274543967,-0.11139097775590595,-1.0
57911-07-19 04:00:00,2.0865,0.007788161993771969,0.4628280952588804,-0.16803984773683872,-1.0
57911-07-29 14:00:00,2.0883,-0.056338028169015786,0.4743485070810666,0.0009109795417133748,-1.0
57911-08-09 00:00:00,2.088,-0.02091254752851901,0.46902144193332446,-0.013112585982053615,-1.0
57911-08-19 10:00:00,2.0885,0.009727626459138716,0.4756292067793197,0.06649682828471304,-1.0
57911-08-29 20:00:00,2.089,0.050607287449392135,0.4882870467252325,0.11756447669967107,-0.7937752818331166
57911-09-09 06:00:00,2.0862,0.05284552845527879,0.4069130028775095,-0.165064819518855,-1.0
57911-09-19 16:00:00,2.0814,-0.0524475524475545,0.21172931239099155,-0.5618161734300291,-1.0
57911-09-30 02:00:00,2.0792,-0.07190635451504696,0.030635008789339696,-0.6144449491545132,-1.0
57911-10-10 12:00:00,2.0827,-0.11071428571429281,0.03369533306033455,-0.3012133969920866,-1.0
57911-10-20 22:00:00,2.0843,-0.05197132616488276,0.09664290672103351,-0.1617835401673245,-1.0
57911-10-31 08:00:00,2.0834,-0.1735537190082732,0.12084330305958225,-0.2146608782631711,-1.0
57911-11-10 18:00:00,2.0819,-0.17489711934156943,0.10175048569983258,-0.31274586852820135,-1.0
57911-11-21 04:00:00,2.078,-0.21785714285715274,-0.013561442231968283,-0.508963966858133,-1.0
57911-12-01 14:00:00,2.078,-0.18650793650794967,-0.06959520718642774,-0.44957018747879035,-1.0
57911-12-12 00:00:00,2.0741,-0.2198581560283786,-0.19888925022442538,-0.5536470483614331,-1.0
57911-12-22 10:00:00,2.075,-0.24358974358974606,-0.22716483995751408,-0.43657356029479644,-1.0
57912-01-01 20:00:00,2.0785,-0.15573770491803857,-0.11445022156421464,-0.24725900960081554,-0.9412809976187563
57912-01-12 06:00:00,2.0887,0.0024875621890544375,0.2759920345669575,0.26180356823457884,-0.11416229873502058
57912-01-22 16:00:00,2.0866,-0.028708133971294736,0.46141668212284126,0.17248578742030918,-1.0
57912-02-02 02:00:00,2.0736,-0.12115384615384855,0.19032052044519068,-0.43576847714871525,-1.0
57912-02-12 12:00:00,2.0713,-0.10202020202020451,-0.041709755572076714,-0.4660666939351217,-1.0
57912-02-22 22:00:00,2.0696,-0.09795918367347412,-0.2195326333256734,-0.46636830046594213,-1.0
57912-03-04 08:00:00,2.0716,-0.11684210526315808,-0.24586761015481964,-0.3444364953669646,-1.0
57912-03-14 18:00:00,2.0691,-0.15702479338842762,-0.30628586932037904,-0.39813982200449116,-1.0
57912-03-25 04:00:00,2.0681,-0.15773195876288926,-0.34054360083575375,-0.39593679606041554,-1.0
57912-04-04 14:00:00,2.0717,-0.10079051383399373,-0.22194800652243932,-0.22968409957257946,-1.0
57912-04-15 00:00:00,2.0661,-0.11376673040152818,-0.28102681999382945,-0.40004725682741205,-1.0
57912-04-25 10:00:00,2.0628,-0.13669064748201215,-0.3807887845125271,-0.45013966789255844,-1.0
57912-05-05 20:00:00,2.063,-0.1069364161849704,-0.39808401359088263,-0.39053018993508104,-1.0
57912-05-16 06:00:00,2.0643,-0.10229445506692647,-0.3298608974559494,-0.31439081260492274,-0.7540772066948318
57912-05-26 16:00:00,2.0621,-0.16078431372549218,-0.3127296527376629,-0.3487264510780096,-1.0
57912-06-06 02:00:00,2.065,-0.27116704805492176,-0.17937002586822787,-0.22974424457568043,-0.6264198125275527
57912-06-16 12:00:00,2.0658,-0.24528301886792758,-0.04086395101460175,-0.18325272929642095,-0.26764956972542847
57912-06-26 22:00:00,2.0648,-0.144736842105265,0.04131069008941391,-0.19587015921479373,-0.42013635832186924
57912-07-07 08:00:00,2.0625,-0.144736842105265,0.045939098502714645,-0.24855957709237075,-0.5912320618954358
57912-07-17 18:00:00,2.0615,-0.1363636363636364,0.03945259271553853,-0.25484101304417417,-0.896964223207894
57912-07-28 04:00:00,2.0616,-0.1798561151079261,0.05826542155845432,-0.22804355432002055,-0.08584093447637002
57912-08-07 14:00:00,2.0639,-0.0942028985507346,0.1558480541760569,-0.14146871743488693,0.8135398077440678
57912-08-18 00:00:00,2.072,0.05619596541787297,0.4661421859765982,0.34285426276765685,1.0
57912-08-28 10:00:00,2.0695,-0.03273809523809312,0.5839149767049585,0.21471802000869822,1.0
57912-09-07 20:00:00,2.0665,0.006451612903225379,0.5589617638672477,0.030191040761324395,0.9037099223155467
57912-09-18 06:00:00,2.0618,-0.015432098765437718,0.39510574166065243,-0.27434996242621246,-0.1729917152264409
57912-09-28 16:00:00,2.0643,0.01873198847261781,0.36143539722773593,-0.07813047947528595,0.614270257875717
57912-10-09 02:00:00,2.0713,0.08663366336633904,0.5412780530661659,0.42775744602092647,1.0
57912-10-19 12:00:00,2.0697,0.09547738693467489,0.5939795736549199,0.2981045444827869,0.6331704999317942
57912-10-29 22:00:00,2.0685,0.04593175853018161,0.5745171150850187,0.2399151822709802,-0.03373271812719903
57912-11-09 08:00:00,2.0666,0.010204081632657624,0.4891607730155974,0.0930761007179367,-0.578142722761697
57912-11-19 18:00:00,2.0716,0.07870370370370594,0.5666896443908821,0.4121570719536515,0.0027469250598737417
57912-11-30 04:00:00,2.0679,0.06053811659192665,0.4877398736283,0.13245168743908042,-0.8641939702663325
57912-12-10 14:00:00,2.0616,0.001002004008013646,0.23806555018923228,-0.3007398440009142,-1.0
57912-12-21 00:00:00,2.0653,0.03457943925233853,0.1849831675563953,-0.05630228292893702,-0.8529421643466275
57912-12-31 10:00:00,2.0626,-0.012059369202222836,0.07120791015239433,-0.23595023643583474,-1.0
57913-01-10 20:00:00,2.0705,-0.013966480446927831,0.23370974882000714,0.29006692638164466,0.3695637616697327
57913-01-21 06:00:00,2.0683,-0.011235955056182634,0.266361859930936,0.12940074785030276,-0.745719630771685
57913-01-31 16:00:00,2.0736,0.06373429084380478,0.4335976886503112,0.4240337528920787,1.0
57913-02-11 02:00:00,2.0614,-0.0031645569620248892,0.1660901256274587,-0.3505894405453822,1.0
57913-02-21 12:00:00,2.0623,-0.01623376623376438,0.021017947401031255,-0.2992683535018612,1.0
57913-03-03 22:00:00,2.0681,-0.02649006622516631,0.10285890606952446,0.0606752262164626,1.0
57913-03-14 08:00:00,2.1038,0.1804232804232797,1.0,0.9708610284995767,1.0
57913-03-24 18:00:00,2.0885,0.0920810313075503,1.0,0.46755052537067787,1.0
57913-04-04 04:00:00,2.0892,0.10521415270018397,1.0,0.42058401743788887,1.0
57913-04-14 14:00:00,2.0638,-0.030516431924882514,0.6470236635760899,-0.1649042813317339,0.7480016278593554
57913-04-25 00:00:00,2.0564,-0.04372623574144391,-0.09794374839777045,-0.315171224759042,0.3078846880695389
57913-05-05 10:00:00,2.057,-0.018282988871223815,-0.5477998118001174,-0.27608852646629733,0.39200673336996256
57913-05-15 20:00:00,2.0531,-0.048412698412698185,-0.9188289232464598,-0.325649938865639,0.21735466219382002
57913-05-26 06:00:00,2.0472,-0.05959752321981432,-1.0,-0.3943157529727578,0.04286844457781047
57913-06-05 16:00:00,2.044,-0.1064257028112443,-1.0,-0.4015929995132896,-0.2753973136755095
57913-06-16 02:00:00,2.0467,-0.08639999999999909,-1.0,-0.31791378810448606,-0.08750493566716433
57913-06-26 12:00:00,2.0548,-0.07355242566510023,-1.0,-0.1683363165185719,-0.011956382866913102
57913-07-06 22:00:00,2.0549,-0.028089887640449118,-0.9131222066489764,-0.15948186418665866,-0.03036572403349186
57913-07-17 08:00:00,2.0496,-0.052872606161532554,-0.8309900905712572,-0.22844677699856936,-0.21682155505227174
57913-07-27 18:00:00,2.0471,-0.08989726027397177,-0.7943377165972582,-0.24911155394964402,-0.45305102607369024
57913-08-07 04:00:00,2.0483,-0.33718104495747453,-0.6786124600633021,-0.2100306036593016,-0.48163051538035023
57913-08-17 14:00:00,2.0418,-0.3176870748299332,-0.7419565089951121,-0.28081988002251684,-0.8963188591592142
57913-08-28 00:00:00,2.0451,-0.289750328515111,-0.6272940797168602,-0.20958509227254113,-0.6684106815184961
57913-09-07 10:00:00,2.0432,-0.1958174904942962,-0.5569892841510932,-0.21960897807658247,-0.7578517393915043
57913-09-17 20:00:00,2.0326,-0.21326164874551978,-0.7701191427944475,-0.3351613924294944,-1.0
57913-09-28 06:00:00,2.0292,-0.23720136518771284,-0.9384142848231812,-0.3403609018790942,-1.0
57913-10-08 16:00:00,2.0201,-0.2586206896551731,-1.0,-0.4622027688731199,-1.0
57913-10-19 02:00:00,2.0228,-0.2013201320131982,-1.0,-0.40762471724253696,-1.0
57913-10-29 12:00:00,2.0207,-0.1957983193277275,-1.0,-0.4597465639757261,-1.0
57913-11-08 22:00:00,2.0129,-0.2616099071207381,-1.0,-0.527019064995261,-1.0
57913-11-19 08:00:00,2.0057,-0.3854003139717391,-1.0,-0.5453573195472843,-1.0
57913-11-29 18:00:00,2.0066,-0.3744186046511547,-1.0,-0.45950292904917567,-1.0
57913-12-10 04:00:00,2.0097,-0.3202247191011175,-1.0,-0.36596064795993954,-1.0
57913-12-20 14:00:00,2.006,-0.3236220472440893,-1.0,-0.372105093417874,-1.0
57913-12-31 00:00:00,1.9964,-0.3609179415855285,-1.0,-0.43837071386113047,-1.0
57914-01-10 10:00:00,1.9994,-0.3099415204678286,-1.0,-0.354609872343733,-1.0
57914-01-20 20:00:00,2.0015,-0.32440476190475753,-0.7431778217292714,-0.29879634515216763,-1.0
57914-01-31 06:00:00,1.9995,-0.3246656760772616,-0.5416144556522056,-0.2980333274616355,-1.0
57914-02-10 16:00:00,2.0039,-0.23486088379705322,-0.20146927178895987,-0.21820265056182653,-0.7605950145870264
57914-02-21 02:00:00,2.0033,-0.22212692967409792,0.06263800636753412,-0.20614775194780355,-0.8779491367278964
57914-03-03 12:00:00,2.0087,-0.10439560439559975,0.43973031883107844,-0.10820163075172529,-0.4976174697751179
57914-03-13 22:00:00,2.0171,-0.047263681592039974,0.9541853379992392,0.05021359356237365,0.12912894827727353
57914-03-24 08:00:00,2.008,-0.09435364041604816,1.0,-0.08798528714238862,-0.010419580993187705
57914-04-03 18:00:00,2.0115,-0.011111111111113348,1.0,0.017894848170253774,0.45040321574401876
57914-04-14 04:00:00,2.0106,0.04320987654321118,1.0,0.026585050362519014,0.06060272523480605
57914-04-24 14:00:00,2.0148,0.06833333333333369,1.0,0.19575231322381903,0.7380469587287655
57914-05-05 00:00:00,2.014,0.03726169844020577,1.0,0.1883439195349197,0.22484460299026854
57914-05-15 10:00:00,2.0064,0.0032467532467564952,1.0,-0.05717941055236475,-0.5381870429463801
57914-05-25 20:00:00,2.0102,0.12365591397849773,1.0,0.13048702746702534,0.797329866096508
57914-06-05 06:00:00,2.0138,0.12765957446808496,1.0,0.2883312447417845,1.0
57914-06-15 16:00:00,2.0126,0.10000000000000075,1.0,0.21518955895484304,0.8301812563262887
57914-06-26 02:00:00,2.0094,0.08730158730158688,0.9682669462668676,0.06843777028955111,0.2255606715880923
57914-07-06 12:00:00,2.0052,0.011504424778761901,0.7350727702119417,-0.10573321355285598,-0.40944836045531113
57914-07-16 22:00:00,2.0069,0.031250000000000666,0.6263201769243554,-0.0333317879769891,0.262751520427469
57914-07-27 08:00:00,2.0033,-0.04838709677419695,0.44558052495436856,-0.22765792462993756,-0.7428524455977878
57914-08-06 18:00:00,2.0059,-0.11200000000000238,0.40863276825638745,-0.12689311101615747,-0.050230688293544615
57914-08-17 04:00:00,2.0051,-0.034772182254196204,0.36385845728577315,-0.18611988486965758,-1.0
57914-08-27 14:00:00,2.0121,0.006637168141597094,0.5427178227328189,0.17964659352334722,-0.8891051213173389
57914-09-07 00:00:00,2.0087,-0.019916142557652228,0.5484382133100751,-0.04321883242554048,-1.0
57914-09-17 10:00:00,2.016,0.011811023622046002,0.7555153295600627,0.38117196522903607,-0.936709235311078
57914-09-27 20:00:00,2.0141,0.0009633911368035486,0.8084528451284635,0.23755393500660082,-1.0
57914-10-08 06:00:00,2.013,0.07268722466960054,0.7834451889119404,0.1949716989839385,-1.0
57914-10-18 16:00:00,2.0152,0.05707762557077489,0.8051558254926293,0.3069079189745749,-1.0
57914-10-29 02:00:00,2.012,-0.020737327188937504,0.6960067198613278,0.09874731833496031,-1.0
57914-11-08 12:00:00,2.0104,-0.02511415525113847,0.555541186062364,-0.003538309496597003,-1.0
57914-11-18 22:00:00,2.0161,0.0723542116630661,0.6140130870144962,0.3511655878289306,-1.0
57914-11-29 08:00:00,2.0161,0.12945368171021254,0.62681023044152,0.3342353830027296,-1.0
57914-12-09 18:00:00,2.0169,0.12135922330097271,0.6321640893593243,0.3425225554872393,-0.42653587280325556
57914-12-20 04:00:00,2.0161,0.16666666666666285,0.5845626670810038,0.26865867542772415,-0.9955794121584435
57914-12-30 14:00:00,2.0083,0.027522935779818458,0.3011957797962159,-0.1649851159283539,-1.0
57915-01-10 00:00:00,2.0044,-0.0074946466809436285,-0.0022655727192549594,-0.34663301252614603,-1.0
57915-01-20 10:00:00,2.0086,-0.03986332574032181,-0.06665567357902266,-0.1151441172382272,-1.0
57915-01-30 20:00:00,2.0127,0.044843049327353834,0.01941628135046319,0.09053718310293812,-0.3241182878172481
57915-02-10 06:00:00,2.0074,-0.10093896713614797,-0.07835120919237099,-0.2109648574132763,-0.9106107010147083
57915-02-20 16:00:00,2.0073,-0.08333333333333326,-0.13469440915469622,-0.2441750529625039,-1.0
57915-03-03 02:00:00,2.0135,0.0054466230936836,0.021550349531712927,0.11432725308196712,-0.3880630505492299
57915-03-13 12:00:00,2.0118,-0.03744493392070497,0.07286949306096191,-0.01624295871492698,-1.0
57915-03-23 22:00:00,2.009,-0.03333333333333399,0.02355114053011486,-0.19565736543849876,-1.0
57915-04-03 08:00:00,2.009,-0.016129032258067444,-0.004818321410572826,-0.197376704553061,-1.0
57915-04-13 18:00:00,2.0021,-0.15695067264573298,-0.21938586747322275,-0.5501528199767296,-1.0
57915-04-24 04:00:00,2.0018,-0.1592427616926449,-0.3468157476750005,-0.4802940634171569,-1.0
57915-05-04 14:00:00,1.991,-0.2358834244080113,-0.7177645728978689,-0.7351344099445905,-1.0
57915-05-15 00:00:00,1.9975,-0.15346534653465,-0.7167429116256565,-0.4158327383264594,-1.0
57915-05-25 10:00:00,2.0008,-0.06684491978609797,-0.5741342841804882,-0.26458691433475445,-1.0
57915-06-04 20:00:00,1.9942,-0.08673469387755028,-0.6370914125281386,-0.4357110354962629,-1.0
57915-06-15 06:00:00,1.9968,-0.10314685314685279,-0.55637199870533,-0.3148033495310354,-1.0
57915-06-25 16:00:00,1.9879,-0.20000000000000112,-0.723273270619421,-0.5175877137152582,-1.0
57915-07-06 02:00:00,1.99,-0.14795918367347016,-0.7148223185211753,-0.4061885694282201,-1.0
57915-07-16 12:00:00,1.999,-0.06129985228951085,-0.3944511788665075,-0.1168984612193662,-0.8359823536016936
57915-07-26 22:00:00,1.9914,-0.15991316931982708,-0.3776179085769133,-0.32196489902484327,-0.9931947122286301
57915-08-06 08:00:00,1.9871,-0.1722454672245472,-0.45501055072501456,-0.39811906073766445,-1.0
57915-08-16 18:00:00,1.9933,-0.1045272969374163,-0.2807623640824738,-0.1986592530245676,-0.8438888600737403
57915-08-27 04:00:00,1.9921,-0.11074705111402366,-0.17266429569482142,-0.2121323462745775,-0.9691825297087606
57915-09-06 14:00:00,1.9952,-0.047586206896551186,0.013851825608582566,-0.10287628745552102,-0.6444733061089406
57915-09-17 00:00:00,2.0023,0.0031525851197993227,0.3561310256276823,0.1267892715210882,-0.22171077320087884
57915-09-27 10:00:00,2.002,0.07994186046511398,0.5619057188608496,0.15042115554868696,-0.470817711337058
57915-10-07 20:00:00,2.0215,0.14669926650366705,1.0,0.6971963383660471,0.31963143899700275
57915-10-18 06:00:00,2.0079,0.03854505971769717,1.0,0.2944152454608149,-0.413697180018227
57915-10-28 16:00:00,2.0092,0.0864055299539157,1.0,0.3327901067706168,0.08237328074806848
57915-11-08 02:00:00,2.0164,0.10722100656455058,1.0,0.47532794293865244,1.0
57915-11-18 12:00:00,2.0225,0.19525959367945545,1.0,0.5318221588768226,1.0
57915-11-28 22:00:00,2.0114,0.10963114754098291,1.0,0.24473017630625327,1.0
57915-12-09 08:00:00,2.0201,0.10842754367933993,1.0,0.3928145054984762,1.0
57915-12-19 18:00:00,2.0143,0.11989528795811433,1.0,0.24514368997156588,1.0
57915-12-30 04:00:00,2.024,0.18285431119920603,1.0,0.39482260607354136,1.0
57916-01-09 14:00:00,2.0246,0.1642182581322129,1.0,0.36011961331296005,1.0
57916-01-20 00:00:00,2.0357,0.2072243346007595,1.0,0.49098982650681255,1.0
57916-01-30 10:00:00,2.0478,0.23029772329246867,1.0,0.5762084980690452,1.0
57916-02-09 20:00:00,2.0524,0.22426141450313286,1.0,0.5327472214036144,1.0
57916-02-20 06:00:00,2.0417,0.16257166257166378,1.0,0.34672961807910674,1.0
57916-03-01 16:00:00,2.0431,0.10384615384615337,1.0,0.3347218617186356,1.0
57916-03-12 02:00:00,2.033,0.12487562189054868,1.0,0.17543107908684974,1.0
57916-03-22 12:00:00,2.034,0.12375249500998076,0.604563790102263,0.17116906835079715,1.0
57916-04-01 22:00:00,2.0338,0.09334763948497882,0.2760825144345756,0.1495983393978938,1.0
57916-04-12 08:00:00,2.0332,0.06100342075256593,0.0032793817374169192,0.1208198376496935,0.9240031984331868
57916-04-22 18:00:00,2.0341,0.14645161290322695,-0.17667449670061683,0.11796493026980304,0.8999787040141671
57916-05-03 04:00:00,2.0399,0.13270777479892903,-0.14598011425281937,0.21018217317509258,0.858594171376774
57916-05-13 14:00:00,2.034,0.13186077643908933,-0.3250638738577415,0.07746204970960258,0.7445861276759496
57916-05-24 00:00:00,2.0283,0.030410183875532182,-0.6196826950631835,-0.06608799962776613,0.5922018538668214
57916-06-03 10:00:00,2.0324,0.0525606469002704,-0.6846278858960592,0.009200413998562751,0.6149885468245965
57916-06-13 20:00:00,2.0323,-0.026898734177212724,-0.7228954326614534,-0.005015156880837646,0.49575032668833857
57916-06-24 06:00:00,2.017,-0.2319277108433785,-1.0,-0.40798912924135255,0.04618235384832366
57916-07-04 16:00:00,2.0223,-0.22429210134128497,-1.0,-0.2778775221774392,0.2665611755266275
57916-07-15 02:00:00,2.0279,-0.11129032258064919,-1.0,-0.16549955514309822,0.5863849765790009
57916-07-25 12:00:00,2.0304,-0.10063391442155167,-0.9337233666593212,-0.10512184100876953,0.8308959501631092
57916-08-04 22:00:00,2.0281,-0.04430379746835572,-0.8432465531006801,-0.18333418864961404,0.8032434965769191
57916-08-15 08:00:00,2.0367,0.02146263910970081,-0.5086618728600768,0.07909771157926193,1.0
57916-08-25 18:00:00,2.0379,0.03208137715180126,-0.2528345004446577,0.14138601195213163,1.0
57916-09-05 04:00:00,2.0381,0.03858267716535513,-0.08831061960668636,0.20749229584924256,1.0
57916-09-15 14:00:00,2.0406,0.04992319508448484,0.07750486525525982,0.31350049519714196,1.0
57916-09-26 00:00:00,2.0358,-0.03198127925116817,0.02279221094365191,0.14418520300832904,1.0
57916-10-06 10:00:00,2.0308,-0.02531645569619967,-0.17314808981118948,-0.06869651844627478,1.0
57916-10-16 20:00:00,2.0342,0.048440065681441324,-0.20245643427896537,0.07865366246198202,1.0
57916-10-27 06:00:00,2.0315,-0.0075630252100850615,-0.3028676212783702,-0.03371688006033147,1.0
57916-11-06 16:00:00,2.0306,-0.014096185737976996,-0.38950112803010173,-0.06713002551350772,0.6990054181294019
57916-11-17 02:00:00,2.0274,0.10788381742738773,-0.5290120279156569,-0.18915657215950243,0.2935031875789549
57916-11-27 12:00:00,2.0285,0.07045454545454777,-0.5679935280801502,-0.12350571735565175,0.6444580413207937
57916-12-07 22:00:00,2.0296,0.0215189873417726,-0.5406271012813607,-0.0643319299997242,0.8887458173236038
57916-12-18 08:00:00,2.0263,-0.05086848635236085,-0.5999408124553195,-0.20669939562174,0.4898937187956111
57916-12-28 18:00:00,2.0256,-0.03229974160206728,-0.6334334547299563,-0.2184667230009113,0.262803500983809
57917-01-08 04:00:00,2.0312,-0.07703081232493308,-0.46417907224393024,0.029674844559530844,0.443152520623891
57917-01-18 14:00:00,2.0367,-0.014999999999998737,-0.17857194932963197,0.2665463106303744,0.742647925267267
57917-01-29 00:00:00,2.0414,0.037078651685392594,0.14211357807477762,0.46158123990218813,1.0
57917-02-08 10:00:00,2.0382,-0.02654867256637422,0.23771889589966202,0.2676433359037147,0.6762437303732216
57917-02-18 20:00:00,2.0385,0.03316953316953286,0.2885632653572532,0.25649474324136845,1.0
57917-03-01 06:00:00,2.0408,0.13157894736842046,0.3662399080027941,0.3333520457020577,1.0
57917-03-11 16:00:00,2.0385,0.058265582655829706,0.3219434275943275,0.2131003126953025,1.0
57917-03-22 02:00:00,2.0379,0.09195402298850908,0.25226389429294466,0.18397498190262918,0.547478158686781
57917-04-01 12:00:00,2.0356,0.06906077348066153,0.1202734939027736,0.07950881731096648,-0.4133879335178058
57917-04-11 22:00:00,2.0373,0.14265129682997169,0.07229409320710341,0.17746503420786697,0.23396075716426248
57917-04-22 08:00:00,2.0353,0.09550561797752355,-0.028368079335718163,0.07689536919564555,-0.35947545897740346
57917-05-02 18:00:00,2.0305,0.01145038167939072,-0.23820411035193548,-0.1672403084852936,-1.0
57917-05-13 04:00:00,2.0294,0.04177897574123768,-0.39723570847892187,-0.20708111913631422,-1.0
57917-05-23 14:00:00,2.0288,0.04324324324324402,-0.5006293405293851,-0.22610632493033112,-1.0
57917-06-03 00:00:00,2.0302,-0.015243902439029566,-0.5043784643770833,-0.1560051115244223,-1.0
57917-06-13 10:00:00,2.0257,-0.17295597484277125,-0.6160475198156791,-0.3638650800861931,-1.0
57917-06-23 20:00:00,2.027,-0.2535211267605591,-0.619289960005963,-0.29338825063118246,-1.0
57917-07-04 06:00:00,2.0357,-0.03687315634218252,-0.3376119861771973,0.10313316518840276,-0.7140180616282381
57917-07-14 16:00:00,2.0377,-0.011235955056178693,-0.0863534935585896,0.178255959977199,0.10352971892014623
57917-07-25 02:00:00,2.035,-0.08055555555555372,-0.003930840412362987,0.02318452883375932,-0.8610933664133256
57917-08-04 12:00:00,2.0368,-0.023943661971831898,0.09933087579857651,0.10617780920818165,-0.3624716960321179
57917-08-14 22:00:00,2.038,0.0013850415512433045,0.19255138555157597,0.16664940156767583,-0.1032732740880868
57917-08-25 08:00:00,2.0392,0.05142857142857249,0.2741526249097904,0.24472077644258816,0.37636528250681645
57917-09-04 18:00:00,2.0398,0.03687315634218258,0.32610542708010953,0.2690451785082737,0.9931169733088021
57917-09-15 04:00:00,2.044,0.12049861495845304,0.46078754631359914,0.4468196155101827,1.0
57917-09-25 14:00:00,2.0422,0.17673716012084495,0.46458048635233756,0.34579441780456033,0.8772199831745087
57917-10-06 00:00:00,2.0388,0.13276836158192806,0.3385084328274016,0.17599696684623312,0.5601441595545039
57917-10-16 10:00:00,2.0398,0.15363128491620648,0.2649402318464811,0.21778337201292908,0.9134091748810174
57917-10-26 20:00:00,2.0403,0.14469914040115017,0.2129804906581508,0.22548055556640256,1.0
57917-11-06 06:00:00,2.0446,0.27233429394812947,0.2874030592304841,0.3861446598682431,1.0
57917-11-16 16:00:00,2.0432,0.2327586206896599,0.27058297352594857,0.29423297446525853,1.0
57917-11-27 02:00:00,2.0394,0.06187290969900183,0.12698605308955432,0.11486369937685137,1.0
57917-12-07 12:00:00,2.0405,0.04827586206896872,0.053782020191148174,0.14432949043868037,1.0
57917-12-17 22:00:00,2.0412,0.11481481481481359,0.016771660054988334,0.1572868941208072,1.0
57917-12-28 08:00:00,2.0362,-0.009933774834436138,-0.1615515228254748,-0.10596793338009564,1.0
57918-01-07 18:00:00,2.0336,-0.06962025316455711,-0.3488779107553121,-0.31381852848749503,1.0
57918-01-18 04:00:00,2.04,0.010869565217390242,-0.26928447336811545,0.05935564996611131,1.0
57918-01-28 14:00:00,2.0379,-0.024804177545692363,-0.27334461189279774,-0.13263225586121874,1.0
57918-02-08 00:00:00,2.0277,-0.18397291196388577,-0.5647543082516403,-0.726003429354062,0.3225875893984148
57918-02-18 10:00:00,2.0064,-0.28056426332288453,-1.0,-0.9452435331566602,-1.0
57918-02-28 20:00:00,2.0018,-0.28461538461538766,-1.0,-0.7402008020091836,-1.0
57918-03-11 06:00:00,1.9785,-0.3510882016036665,-1.0,-0.7908918975806334,-1.0
57918-03-21 16:00:00,1.9904,-0.25278622087132574,-1.0,-0.5118414595241777,-1.0
57918-04-01 02:00:00,1.9936,-0.261270491803278,-1.0,-0.40973178454912157,-1.0
57918-04-11 12:00:00,1.9816,-0.284658040665434,-1.0,-0.4699091618371445,-1.0
57918-04-21 22:00:00,1.9881,-0.23128944995491452,-1.0,-0.3543721816876276,-1.0
57918-05-02 08:00:00,1.9964,-0.1867061812023718,-1.0,-0.2427458567320937,-0.6625753132995995
57918-05-12 18:00:00,1.9869,-0.2139479905437341,-1.0,-0.30545489520723446,-0.8362560667482862
57918-05-23 04:00:00,1.9962,-0.15243902439024382,-1.0,-0.19167688398545518,-0.6329765943587219
57918-06-02 14:00:00,1.9961,-0.14568764568764508,-0.5938366799024946,-0.17285522803303444,-0.6283411082014385
57918-06-13 00:00:00,2.0056,-0.1305007587253425,0.029979673193134822,-0.05746587938049896,-0.3677315842008193
57918-06-23 10:00:00,2.008,-0.11317183951551885,0.5337772338295043,-0.01511201687555902,-0.15618287530784308
57918-07-03 20:00:00,2.0177,-0.03799392097264359,1.0,0.11341908788961497,0.11881829571696717
57918-07-14 06:00:00,2.0125,0.026406926406926434,1.0,0.0735731492054047,0.026217776326914077
57918-07-24 16:00:00,2.0094,0.03333333333333366,1.0,0.0545026095605089,-0.03036829749307603
57918-08-04 02:00:00,2.0051,0.14000000000000123,1.0,0.016240043955143446,-0.07512802828846339
57918-08-14 12:00:00,2.0002,0.0556818181818185,0.9419499596190315,-0.03058256909485163,-0.11055452911926361
57918-08-24 22:00:00,2.0036,0.05668934240362833,0.8502412045797492,0.0682652399778585,0.13331023045387091
57918-09-04 08:00:00,2.0008,0.12151898734177147,0.6943042041907048,0.04514874714661177,0.09275727806759554
57918-09-14 18:00:00,2.0,0.08117326057298802,0.5629128078098411,0.0339479844175844,0.030316645930918422
57918-09-25 04:00:00,2.0021,0.0424739195231002,0.536916264597455,0.08538188321587381,0.13856761815843763
57918-10-05 14:00:00,2.0008,0.11799660441425941,0.47816018025227636,0.029167687600942793,-0.6199307500380885
57918-10-16 00:00:00,2.0015,0.052683896620278614,0.45907192581761413,0.034248678887676576,-0.5127630694672887
57918-10-26 10:00:00,1.9988,0.025519848771265452,0.3658429844970537,-0.0517433266172862,-0.7895391187781041
57918-11-05 20:00:00,2.0022,-0.03632478632478148,0.40773983752168297,0.02056204628082292,-0.7655547043557002
57918-11-16 06:00:00,2.0048,-0.034042553191489855,0.5079210534357604,0.08971753132119142,-0.5329858431531513
57918-11-26 16:00:00,2.0108,-0.07967667436489351,0.7371824933908582,0.2860268808709401,0.009513733987870785
57918-12-07 02:00:00,2.0075,-0.06038647342995396,0.7629711365868601,0.14976792413198337,-0.22987855597809223
57918-12-17 12:00:00,2.0106,0.0144927536231918,0.8444100706581932,0.26491080294420355,0.11169780228923089
57918-12-27 22:00:00,2.0108,0.07640750670241037,0.870130401926149,0.252675917674272,0.34033543958557655
57919-01-07 08:00:00,2.0141,0.19467787114845336,0.9478223299279944,0.36895798254326884,0.9214419949008454
57919-01-17 18:00:00,2.0088,0.0691489361702089,0.8015504138264619,0.12334634122880705,0.6065849832518284
57919-01-28 04:00:00,2.0104,0.13186813186813084,0.7215698180549773,0.23985742421970413,1.0
57919-02-07 14:00:00,2.0074,0.09585492227978998,0.5518030497425531,0.10382514869274229,1.0
57919-02-18 00:00:00,2.0101,0.10204081632652695,0.49930206555424944,0.2465053251888265,1.0
57919-02-28 10:00:00,2.0082,0.0929648241206007,0.38803078171207045,0.13483192610461114,1.0
57919-03-10 20:00:00,2.0116,0.118823529411761,0.39913014873868286,0.2864213231588979,1.0
57919-03-21 06:00:00,2.0122,0.16584158415841233,0.40394267178409443,0.28707345018142183,1.0
57919-03-31 16:00:00,2.0144,0.1556122448979551,0.4502102620511277,0.3596045052998642,1.0
57919-04-11 02:00:00,2.014,0.12432432432431684,0.4433357506545176,0.3102492015474462,1.0
57919-04-21 12:00:00,2.0101,-0.01002865329513064,0.30063415620356515,0.08945672838315899,0.9369037332688802
57919-05-01 22:00:00,2.0108,0.05108359133127227,0.2134786240982097,0.1084879723292268,1.0
57919-05-12 08:00:00,2.0182,0.10382513661202009,0.3602261018700941,0.4834203474535278,1.0
57919-05-22 18:00:00,2.0196,0.11640211640211306,0.47043385622326445,0.5399956009337321,1.0
57919-06-02 04:00:00,2.0166,0.03333333333333166,0.42282639489161644,0.3401975235128495,1.0
57919-06-12 14:00:00,2.0143,0.07971014492753503,0.2982090815968346,0.16746340365839085,0.8295572947422503
57919-06-23 00:00:00,2.0185,0.1091644204851705,0.3203609289084089,0.4142766718665176,1.0
57919-07-03 10:00:00,2.0209,0.1849315068493127,0.38022389135857504,0.49563558194725577,1.0
57919-07-13 20:00:00,2.0217,0.16763005780346585,0.41315024092062275,0.4647496101050529,1.0
57919-07-24 06:00:00,2.0226,0.21428571428571241,0.4294360671690278,0.44375467653697653,1.0
57919-08-03 16:00:00,2.0244,0.19999999999999585,0.45965420796816403,0.4611016629027914,1.0
57919-08-14 02:00:00,2.0271,0.2184750733137787,0.52216789759116,0.5001059131756518,1.0
57919-08-24 12:00:00,2.0298,0.22254335260114966,0.6004566143768885,0.5155310158703186,1.0
57919-09-03 22:00:00,2.034,0.2604166666666684,0.7268181828734464,0.5652009919325012,1.0
57919-09-14 08:00:00,2.0397,0.3681592039800975,0.9186881918967047,0.6068285744812774,1.0
57919-09-24 18:00:00,2.033,0.24025974025973895,0.7785598312550053,0.36535796400455056,1.0
57919-10-05 04:00:00,2.0305,0.14891041162227425,0.5581548668489372,0.26359528334790105,1.0
57919-10-15 14:00:00,2.0316,0.1463414634146346,0.40249502208869464,0.2682469958243019,1.0
57919-10-26 00:00:00,2.0327,0.20588235294117974,0.29465874270732595,0.2718949320603714,1.0
57919-11-05 10:00:00,2.0293,0.1865671641791059,0.09080484784009832,0.15263360213410126,1.0
57919-11-15 20:00:00,2.0283,0.13243243243243608,-0.09289890278610642,0.10305064606367009,0.9291204503714706
57919-11-26 06:00:00,2.0283,0.10693641618497296,-0.22502583963205872,0.08264926129080918,0.8404902064037466
57919-12-06 16:00:00,2.0259,0.0580110497237567,-0.38723896709582367,-0.020656617136386668,0.652643063449892
57919-12-17 02:00:00,2.031,0.1039603960396035,-0.3406336784383722,0.15577950242696748,0.7114262402044971
57919-12-27 12:00:00,2.0291,0.058024691358026126,-0.3685489345452456,0.06180419432926332,0.5456951084548644
57920-01-06 22:00:00,2.0285,0.018229166666670404,-0.403031967538248,0.0077089464212583,0.36607101904274875
57920-01-17 08:00:00,2.039,0.09956709956710252,-0.11583643040651588,0.48116477181536843,0.5085697464307914
57920-01-27 18:00:00,2.0391,0.060570071258908675,0.05549458900406567,0.43777142796556257,1.0
57920-02-07 04:00:00,2.039,-0.009589041095886375,0.13927497399596103,0.3950481270543491,0.7698258873611556
57920-02-17 14:00:00,2.0361,0.04740061162079312,0.08197612368480804,0.2298043694508779,0.4619630276666709
57920-02-28 00:00:00,2.0364,0.09672131147540886,0.03220537549419223,0.22528296093176114,0.6338717004710577
57920-03-09 10:00:00,2.0355,0.06435643564356008,-0.04523760685959516,0.15532060841492423,0.2601859374440267
57920-03-19 20:00:00,2.0371,0.07142857142856929,-0.06309895425589612,0.22542288371841124,0.6427342060590452
57920-03-30 06:00:00,2.031,0.025373134328358415,-0.2666463927728365,-0.11830403423259478,-0.7815191323843707
57920-04-09 16:00:00,2.0351,0.09289617486338275,-0.27842613900762586,0.13918051870401316,-0.15178336971300213
57920-04-20 02:00:00,2.0378,0.12086513994910353,-0.20950493348762572,0.27948463607219654,0.5958855673689245
57920-04-30 12:00:00,2.0383,0.16577540106951683,-0.15716906341750075,0.27879662712408615,1.0
57920-05-10 22:00:00,2.0367,0.08407079646017745,-0.178735011793517,0.17068210484067936,0.46939653538288234
57920-05-21 08:00:00,2.038,0.13363363363363023,-0.1606779102135231,0.22488670879207484,1.0
57920-05-31 18:00:00,2.0348,0.08774373259053048,-0.2493400830377772,0.03168936510215381,0.9741771359883828
57920-06-11 04:00:00,2.0344,-0.0891472868217063,-0.3181808637433875,-0.009435317752433947,0.5081562371251763
57920-06-21 14:00:00,2.0333,-0.10820895522387824,-0.390637746776573,-0.09772001247473006,0.10103624036312311
57920-07-02 00:00:00,2.039,0.0,-0.2627564122324261,0.26532600162099496,0.8563934107758094
57920-07-12 10:00:00,2.0393,0.05369127516778793,-0.17258048258049621,0.2620873079117092,1.0
57920-07-22 20:00:00,2.0333,-0.04366197183098541,-0.29373481203755536,-0.2379693495667654,-1.0
57920-08-02 06:00:00,2.0317,-0.05248618784530551,-0.41226292412726023,-0.44508057690416447,-1.0
57920-08-12 16:00:00,2.0332,-0.05401662049861988,-0.4317654609752643,-0.269790335977197,-1.0
57920-08-23 02:00:00,2.0325,0.024429967426712107,-0.4512259188894891,-0.3061867525283096,-1.0
57920-09-02 12:00:00,2.0347,-0.006944444444443976,-0.38420603589374874,-0.07303069933276074,-0.8906010030046675
57920-09-12 22:00:00,2.0333,-0.08181818181818123,-0.3703986554349745,-0.19947458562416553,-1.0
57920-09-23 08:00:00,2.0356,-0.046075085324233434,-0.28213380741206223,0.03766031178072626,-0.8328736137319033
57920-10-03 18:00:00,2.0282,-0.12108262108262857,-0.43350586099369437,-0.571863490005235,-1.0
57920-10-14 04:00:00,2.0341,-0.049118387909318606,-0.339053915533902,-0.05358098613812545,-0.6887015463423135
57920-10-24 14:00:00,2.0365,0.021850899742931307,-0.19657136913427278,0.13697248104881665,-0.15242006907878997
57920-11-04 00:00:00,2.0362,0.02319587628865738,-0.10958963849223113,0.1042688616581482,-0.6529727505569406
57920-11-14 10:00:00,2.0329,-0.004878048780487365,-0.14902060559898803,-0.17404500936377815,-1.0
57920-11-24 20:00:00,2.0319,-0.0977961432506938,-0.1983357184448099,-0.24141012212231155,-1.0
57920-12-05 06:00:00,2.0299,-0.1236842105263144,-0.2799140996138921,-0.3780540503112761,-1.0
57920-12-15 16:00:00,2.0321,-0.017543859649127524,-0.25455774033748474,-0.16252764997699826,-0.9764038205552944
57920-12-26 02:00:00,2.0276,-0.05525606469002503,-0.3579313291520521,-0.4884418986641107,-1.0
57921-01-05 12:00:00,2.0248,-0.1093750000000015,-0.4862765261527824,-0.5743232621904283,-1.0
57921-01-15 22:00:00,2.026,-0.08354755784062312,-0.5060158367573195,-0.42586360631215064,-1.0
57921-01-26 08:00:00,2.0192,-0.1781609195402305,-0.6883374355920852,-0.670627253842617,-1.0
57921-02-05 18:00:00,2.0195,-0.16273584905660937,-0.7547883434759689,-0.5557998739709366,-1.0
57921-02-16 04:00:00,2.0237,-0.13431151241535466,-0.6298992790170469,-0.31097243680341546,-1.0
57921-02-26 14:00:00,2.0196,-0.10487804878048956,-0.6317672747830967,-0.4372778112031881,-1.0
57921-03-09 00:00:00,2.0223,-0.15608465608466093,-0.5136302228883595,-0.28726367080960596,-0.30332279845927007
57921-03-19 10:00:00,2.0222,-0.2014084507042334,-0.40679345602891814,-0.2636873909189493,-0.633592312939735
57921-03-29 20:00:00,2.0203,-0.21428571428572113,-0.3641024317316594,-0.3087131318299411,-0.7315757954241777
57921-04-09 06:00:00,2.017,-0.21428571428572452,-0.40377221297114757,-0.39119018444556847,-1.0
57921-04-19 16:00:00,2.0175,-0.19672131147541366,-0.38146416158018126,-0.3362950678782789,0.5768939213623939
57921-04-30 02:00:00,2.0166,-0.18732394366197852,-0.3613570221997503,-0.33235150928968266,-1.0
57921-05-10 12:00:00,2.0204,-0.15768194070080954,-0.20606488586720695,-0.1706400823908102,-0.663696130253864
57921-05-20 22:00:00,2.0195,-0.12089552238806417,-0.1105073489355531,-0.18773291108783258,-0.8252506404484826
57921-05-31 08:00:00,2.0201,-0.07507987220447654,-0.013489760760172949,-0.14566240708599582,-0.41368752579733087
57921-06-10 18:00:00,2.0208,-0.08441558441558306,0.08229841327472542,-0.09243768217745951,-0.01397546411253861
57921-06-21 04:00:00,2.0184,-0.015151515151513584,0.08188062226456747,-0.20349182980445224,-0.47459100943179333
57921-07-01 14:00:00,2.0167,-0.05035971223021013,0.041371787909402574,-0.28407886922024095,-1.0
57921-07-12 00:00:00,2.0143,-0.18076923076922624,-0.042609803292652265,-0.4493845681747939,-1.0
57921-07-22 10:00:00,2.015,-0.10176991150442061,-0.059113263150709396,-0.3803415071705927,-1.0
57921-08-01 20:00:00,2.017,-0.12100456621004496,0.005514027614026749,-0.19913139679454633,0.47697063135856677
57921-08-12 06:00:00,2.0223,0.001845018450180147,0.21363956796876657,0.313002770643544,0.8218550028956709
57921-08-22 16:00:00,2.0194,-0.01601423487544673,0.2616463242733451,0.026568076569280952,-0.7386547940616074
57921-09-02 02:00:00,2.0193,0.046184738955821536,0.2876756420868343,0.01771998312707823,-0.9886110129013671
57921-09-12 12:00:00,2.022,0.08302583025829646,0.37940460812480936,0.30848012476668707,-0.5072292355328345
57921-09-22 22:00:00,2.0223,0.10754716981131984,0.43678678698237167,0.3117788243221046,-0.1695312676807627
57921-10-03 08:00:00,2.0207,0.006172839506176642,0.41333739300948763,0.16570803734265271,-0.7296029697153447
57921-10-13 18:00:00,2.0208,0.027659574468086867,0.38899052872649337,0.18906949526568584,-0.09736331462287319
57921-10-24 04:00:00,2.0217,0.0336134453781568,0.3877551055478437,0.27032567810854213,0.5958828994124276
57921-11-03 14:00:00,2.0227,0.0394190871369301,0.4030970069336208,0.3339265456910101,1.0
57921-11-14 00:00:00,2.0205,0.04393305439330564,0.33396929335864656,0.09906071093971269,0.4864991070317069
57921-11-24 10:00:00,2.022,0.11181434599155649,0.32244989247063177,0.22791426220553657,1.0
57921-12-04 20:00:00,2.0261,0.23228346456693505,0.42258099430488827,0.5375865287228205,1.0
57921-12-15 06:00:00,2.0261,0.22469635627530793,0.46714853566190445,0.4588105873974204,1.0
57921-12-25 16:00:00,2.0284,0.22800000000000642,0.5404310832202056,0.5296050386421747,1.0
57922-01-05 02:00:00,2.0298,0.1777251184834151,0.6004435226007303,0.5197783614539289,1.0
57922-01-15 12:00:00,2.0241,0.09832635983263238,0.4409763720403894,0.15533145121982594,1.0
57922-01-25 22:00:00,2.0257,0.12598425196851037,0.36376684429250467,0.2294961035501154,1.0
57922-02-05 08:00:00,2.0266,0.09745762711865369,0.3209594408032002,0.2680931829223836,1.0
57922-02-15 18:00:00,2.0262,0.08227848101265445,0.26339023021245167,0.22703313199161745,1.0
57922-02-26 04:00:00,2.026,0.1188340807174807,0.20480721928669335,0.19479255378701643,0.7711978944948829
57922-03-08 14:00:00,2.028,0.1487603305785118,0.21222466832114523,0.3219664713594004,0.9417048127103449
57922-03-19 00:00:00,2.0271,0.11157024793387915,0.1757320069885482,0.22867046358056542,0.5602462569502297
57922-03-29 10:00:00,2.0265,0.07983193277310807,0.12196140723189706,0.16083047471926493,0.3448267997582208
57922-04-08 20:00:00,2.0251,0.0999999999999962,0.036617856023638005,0.025149648684121284,-0.31200331643043827
57922-04-19 06:00:00,2.0244,0.0540540540540555,-0.04375090607616432,-0.048214649561160505,-0.8307039245866655
57922-04-29 16:00:00,2.0228,-0.0837563451776584,-0.14288356003273547,-0.21543015020292405,-1.0
57922-05-10 02:00:00,2.0207,-0.12385321100916685,-0.2628073519173157,-0.41642098046259135,-1.0
57922-05-20 12:00:00,2.017,-0.24568965517240487,-0.43544551851406654,-0.6321361615693863,-1.0
57922-05-30 22:00:00,2.0169,-0.294520547945186,-0.5263024924734242,-0.5384905707758456,-1.0
57922-06-10 08:00:00,2.0143,-0.26063829787232096,-0.632701437173822,-0.5999870511760754,-1.0
57922-06-20 18:00:00,2.0118,-0.3527918781725765,-0.7389115945631625,-0.5995979700019342,-1.0
57922-07-01 04:00:00,2.0164,-0.2179487179487174,-0.6311039230421978,-0.32833263137261065,-1.0
57922-07-11 14:00:00,2.0158,-0.22033898305084137,-0.5447146471384365,-0.3198164972326062,-1.0
57922-07-22 00:00:00,2.0134,-0.2441860465116244,-0.5274267079320972,-0.38213280982776354,-1.0
57922-08-01 10:00:00,2.0128,-0.3114754098360679,-0.5007647504989767,-0.36876753434091813,-1.0
57922-08-11 20:00:00,2.0177,-0.1654929577464765,-0.30840448671568294,-0.1362545390353212,-1.0
57922-08-22 06:00:00,2.0172,-0.16431095406360458,-0.1787373039169049,-0.14141717508795637,-1.0
57922-09-01 16:00:00,2.0177,-0.13503649635036374,-0.06564961504089216,-0.10200962176291029,-1.0
57922-09-12 02:00:00,2.0195,-0.08596491228070341,0.06910464891985643,-0.002666009700153127,-0.8150936754487013
57922-09-22 12:00:00,2.0173,-0.09450171821305908,0.09379634097870233,-0.09195630493884854,-0.8580491745158396
57922-10-02 22:00:00,2.0192,-0.025951557093426503,0.16732653227467192,0.028975520278774147,-0.6091393726909614
57922-10-13 08:00:00,2.0198,0.05426356589147596,0.2293949081441138,0.09188832766501853,-0.21676663173444188
57922-10-23 18:00:00,2.019,0.03962264150943395,0.23975525006963258,0.07443667812618526,-0.316687834071739
57922-11-03 04:00:00,2.0167,0.0458015267175611,0.17295848483180276,-0.06524842635730799,-0.608524075225368
57922-11-13 14:00:00,2.0147,0.05642023346303304,0.06964012029953344,-0.21243692646326146,-0.9756331964687087
57922-11-24 00:00:00,2.0127,-0.08008658008657632,-0.05131187965620536,-0.3749224016481755,-1.0
57922-12-04 10:00:00,2.0125,-0.07268722466960065,-0.12446929928191892,-0.36099518579971196,-1.0
57922-12-14 20:00:00,2.0141,0.01598173515982093,-0.1111617308185899,-0.18476060028552438,-0.8991994029287848
57922-12-25 06:00:00,2.0124,-0.008695652173912216,-0.1401513314055729,-0.31629565490919587,-1.0
57923-01-04 16:00:00,2.0056,-0.2429718875502081,-0.3422499134810764,-0.6975409991491315,-1.0
57923-01-15 02:00:00,2.0092,-0.14285714285714518,-0.3387802895104928,-0.40838721531273425,-1.0
57923-01-25 12:00:00,2.0077,-0.17241379310345534,-0.3543112824819566,-0.4393191033205296,-1.0
57923-02-04 22:00:00,2.0067,-0.22695035460993124,-0.3655771345578184,-0.43299057766784954,-1.0
57923-02-15 08:00:00,2.0075,-0.18283582089552908,-0.32035633259059015,-0.35024224000282533,-0.5797211067008263
57923-02-25 18:00:00,2.0037,-0.2700348432055827,-0.37525558174291623,-0.47528749470107456,-1.0
57923-03-08 04:00:00,1.9941,-0.3408488063660519,-0.6579857108465863,-0.6857251985954473,-1.0
57923-03-18 14:00:00,2.0012,-0.20227272727273216,-0.5811363786538328,-0.37018145880157177,-1.0
57923-03-29 00:00:00,2.0004,-0.19176470588235744,-0.5115455510416979,-0.3544009796791714,-1.0
57923-04-08 10:00:00,1.9988,-0.18883610451306737,-0.47227060722180897,-0.366121503521315,-1.0
57923-04-18 20:00:00,2.0059,-0.07203389830508672,-0.19976338281821718,-0.11036698939483702,-1.0
57923-04-29 06:00:00,2.0041,-0.08606557377049229,-0.05393786852281307,-0.15345213236199878,-1.0
57923-05-09 16:00:00,1.9999,-0.1381322957198446,-0.06488820505415166,-0.28216624570510784,-1.0
57923-05-20 02:00:00,1.9991,-0.1316831683168309,-0.07442264531042012,-0.2906149271204955,-1.0
57923-05-30 12:00:00,1.9977,-0.08758314855875665,-0.09986337634867545,-0.3197367108231861,-1.0
57923-06-09 22:00:00,2.0032,-0.0638297872340407,0.06711399060027351,-0.07226639403931873,-1.0
57923-06-20 08:00:00,2.004,-0.03995680345572189,0.20899416807207497,-0.018368598824779314,-1.0
57923-06-30 18:00:00,1.9997,-0.0705645161290317,0.17879292869995356,-0.20074327402069003,-1.0
57923-07-11 04:00:00,1.9901,-0.14897260273972535,-0.11234802755382055,-0.5872421412078612,-1.0
57923-07-21 14:00:00,1.9947,-0.07601351351351299,-0.13822746973925656,-0.3454663990783565,-1.0
57923-08-01 00:00:00,1.993,-0.010721247563351688,-0.17953785877476663,-0.378783993642215,-1.0
57923-08-11 10:00:00,1.9918,-0.10352422907488845,-0.2133926523020006,-0.3930629100907046,-1.0
57923-08-21 20:00:00,1.9959,-0.046201232032853756,-0.08605522156770329,-0.18049667131250346,-1.0
57923-09-01 06:00:00,1.9913,-0.07253384912959249,-0.11738087519305329,-0.3664345223132406,-1.0
57923-09-11 16:00:00,1.9953,-0.10905349794238672,0.004061817022924309,-0.15260320926118898,-0.9318564596440305
57923-09-22 02:00:00,2.001,-0.029523809523812783,0.2643602816141636,0.15928257864227846,-0.6457319622277401
57923-10-02 12:00:00,1.9925,-0.06514084507042378,0.18414772858149037,-0.29150256922768225,-0.7623458230109794
57923-10-12 22:00:00,1.997,-0.017355371900826366,0.27266358559551773,-0.041470896251807,-0.43983570986995735
57923-10-23 08:00:00,1.9879,-0.07184750733137873,0.0658414012988078,-0.4541616963147036,-1.0
57923-11-02 18:00:00,1.9891,-0.11032863849765284,-0.015616417717841682,-0.3514915099025403,-0.6713012944666212
57923-11-13 04:00:00,1.9904,-0.10559006211180211,-0.011282004419031828,-0.2697046130074372,-0.18741406906784594
57923-11-23 14:00:00,1.9872,-0.09873617693522924,-0.08435005396089582,-0.38801453023034893,-0.7284592779765136
57923-12-04 00:00:00,1.9891,-0.008992805755394795,-0.05347281758494238,-0.26566180066569445,-0.026650414238672242
57923-12-14 10:00:00,1.9871,-0.07169811320754599,-0.07245213647002927,-0.32588446762534407,-0.8699838800117977
57923-12-24 20:00:00,1.989,-0.037593984962406124,-0.008009831644358999,-0.21279426521310196,-0.25961033072344586
57924-01-04 06:00:00,1.993,0.010714285714286564,0.1664807534948253,0.002384067875386142,0.33240409916311714
57924-01-14 16:00:00,1.9866,-0.07975986277873143,0.09772577706987837,-0.33087804298325174,-0.6055266026917724
57924-01-25 02:00:00,1.9873,-0.03676470588235281,0.08653836750494942,-0.2695382841191215,0.685788978097648
57924-02-04 12:00:00,1.9857,-0.09230769230769231,0.04488021799714361,-0.3410267719991421,-0.4337877668134069
57924-02-14 22:00:00,1.9886,-0.12601626016260042,0.11717896579530365,-0.14549862410965408,1.0
57924-02-25 08:00:00,1.9942,0.018358531317494764,0.3354309160276337,0.19695890823845175,1.0
57924-03-06 18:00:00,1.9895,-0.08064516129032284,0.3331732300398228,-0.08506395223216939,1.0
57924-03-17 04:00:00,1.9916,0.046835443037975044,0.38997942697543364,0.05958937336595782,1.0
57924-03-27 14:00:00,1.9876,-0.0177304964539014,0.3023966492118864,-0.182245490708072,1.0
57924-04-07 00:00:00,1.9877,-0.03284671532846617,0.24754741735993316,-0.15682677009820684,1.0
57924-04-17 10:00:00,1.9894,0.027777777777777235,0.2620945013620767,-0.010964599946698295,1.0
57924-04-27 20:00:00,1.9866,-0.030864197530866,0.18780403429843887,-0.2322307895160734,0.9762897712776345
57924-05-08 06:00:00,1.9872,0.0012787723785163685,0.16025633119564273,-0.17568146500336773,1.0
57924-05-18 16:00:00,1.9902,0.014925373134326514,0.23293765655921897,0.15246865620707672,1.0
57924-05-29 02:00:00,1.9878,-0.06735751295336839,0.20693096537672584,-0.11164258667821908,1.0
57924-06-08 12:00:00,1.9847,-0.026912181303116123,0.09958650059376353,-0.4029443147306882,0.19264768301549864
57924-06-18 22:00:00,1.9923,0.05924170616113589,0.2580880463496657,0.3561993936085699,0.5723277757376259
57924-06-29 08:00:00,1.9857,0.0,0.1610242539423067,-0.2806091361596296,-0.29909392396126977
57924-07-09 18:00:00,1.9855,-0.03483146067415577,0.09477224304368667,-0.28424949652762177,-1.0
57924-07-20 04:00:00,1.9784,-0.17173913043478195,-0.14973710425213066,-0.6890958126945386,-1.0
57924-07-30 14:00:00,1.9784,-0.1343825665859566,-0.286168171679746,-0.5708345717251582,-1.0
57924-08-10 00:00:00,1.977,-0.17980295566502308,-0.38780111582840016,-0.542276252070338,-1.0
57924-08-20 10:00:00,1.9877,0.0010570824524311906,-0.10923744572031538,0.05047111628853285,-1.0
57924-08-30 20:00:00,1.9779,-0.0859649122807018,-0.20338643294324216,-0.4314799844343709,-1.0
57924-09-10 06:00:00,1.9841,-0.043089430894309555,-0.060060621820271554,-0.10539624055167579,-1.0
57924-09-20 16:00:00,1.9848,-0.015151515151515416,0.06465413367197792,-0.04972517305127966,-1.0
57924-10-01 02:00:00,1.981,-0.049520766773163194,0.04004485779060773,-0.2339415349592301,-1.0
57924-10-11 12:00:00,1.9949,0.03197278911564594,0.43820484463846454,0.4859585174296246,-0.6755401519365855
57924-10-21 22:00:00,1.9984,0.07104557640750675,0.7767822894864932,0.5491741869383961,-0.431480889252092
57924-11-01 08:00:00,1.9995,0.10192837465564908,0.9886425881666596,0.5044300691950352,-0.15459735595373314
57924-11-11 18:00:00,2.0071,0.10192837465564775,1.0,0.6237644191801048,0.18172335956331015
57924-11-22 04:00:00,1.9977,0.0795755968169769,1.0,0.2955445153958315,0.08904704982964944
57924-12-02 14:00:00,1.9957,0.06606217616580368,0.9425933487310325,0.2169333187427145,0.04377242263274919
57924-12-13 00:00:00,1.9934,0.10359116022099657,0.6935542460795479,0.14230832728017173,0.03999614870455398
57924-12-23 10:00:00,1.9985,0.12967741935484045,0.6463287932682125,0.26868581723839546,0.2450304201879644
57925-01-02 20:00:00,1.994,0.1054590570719608,0.4471878284037167,0.1262521000942597,0.2196890819782918
57925-01-13 06:00:00,1.9951,0.05211267605633907,0.32523893405611154,0.1526087149171974,0.45871980978400795
57925-01-23 16:00:00,2.0002,0.16817496229261142,0.37374522803537075,0.2696759659251682,0.7202072260588105
57925-02-03 02:00:00,1.9946,0.07990867579908734,0.21426815591937026,0.10232957822324718,0.666945412580184
57925-02-13 12:00:00,1.9999,0.1073968705547671,0.24955064606824653,0.22727849547347112,0.7268272172633722
57925-02-23 22:00:00,2.0007,0.14635958395245263,0.27351244504150773,0.22916414650271133,0.7716890999077973
57925-03-06 08:00:00,2.0033,0.07500000000000029,0.34088869435763186,0.28997659007029686,0.8744556351491142
57925-03-16 18:00:00,2.0007,0.020871143375682633,0.279819769680061,0.18498083765070705,0.47928935709313336
57925-03-27 04:00:00,1.9966,-0.024956970740104667,0.0971495101438588,0.022904874938747044,0.04841834999908802
57925-04-06 14:00:00,2.0008,-0.057586837294333004,0.08919036795803477,0.16839125511883424,0.21862193478309036
57925-04-17 00:00:00,1.996,-0.01696606786427196,-0.07099701978799926,-0.06816995830488709,-0.14768726728263423
57925-04-27 10:00:00,1.9968,0.011247443762779974,-0.15504931511403508,-0.10175464913572962,-0.31966037396237307
57925-05-07 20:00:00,1.9982,0.04999999999999949,-0.16915887801681453,-0.011980844787330469,0.37695597118771734
57925-05-18 06:00:00,2.0018,0.03548387096774075,-0.07427282813583412,0.23860038404570172,1.0
57925-05-28 16:00:00,1.9967,0.028662420382165044,-0.16909138692281986,-0.12275985962305269,0.5730241620690526
57925-06-08 02:00:00,1.9972,0.022580645161290436,-0.2144674767735795,-0.06274194143656187,1.0
57925-06-18 12:00:00,1.9934,-0.07522123893805271,-0.35113928859194915,-0.36314644686834574,0.4983130244036444
57925-06-28 22:00:00,1.9952,0.0072463768115961225,-0.37407890711167097,-0.20691398059923116,1.0
57925-07-09 08:00:00,1.9912,-0.108478802992519,-0.492489020315767,-0.5009713786554143,0.0922718828201713
57925-07-19 18:00:00,1.9965,-0.04708520179372505,-0.39272912517153485,-0.07461670932717329,0.9736167076528424
57925-07-30 04:00:00,1.9978,-0.06351039260969848,-0.27698018163467153,0.013476673015289209,1.0
57925-08-09 14:00:00,1.9938,-0.07718120805369272,-0.3109041815470662,-0.3010689802447563,0.49213414540605477
57925-08-20 00:00:00,1.9973,0.007936507936509685,-0.2178635357037829,-0.01018304918100732,1.0
57925-08-30 10:00:00,1.9979,-0.035802469135801485,-0.13403008109092368,0.02586067701202699,1.0
57925-09-09 20:00:00,1.9968,0.010869565217390131,-0.10953573924104722,-0.053797656801723714,1.0
57925-09-20 06:00:00,1.9982,0.018716577540107804,-0.05050512297904486,0.07788600798649148,1.0
57925-09-30 16:00:00,1.9967,-0.020000000000000684,-0.057212592196620456,-0.028163934127432178,1.0
57925-10-11 02:00:00,1.9983,-0.049295774647884594,-0.01441496116064805,0.15314727476283607,1.0
57925-10-21 12:00:00,1.9939,-0.040229885057469605,-0.11743098541438164,-0.28919235069852645,1.0
57925-10-31 22:00:00,1.9943,-0.04178674351585182,-0.166466804633408,-0.22829497214083466,1.0
57925-11-11 08:00:00,1.9932,-0.003124999999999656,-0.22237688319757085,-0.31769510906275905,0.9056838908278539
57925-11-21 18:00:00,1.9919,-0.05238095238095347,-0.28497893457609985,-0.3968403910070021,0.49490983387709103
57925-12-02 04:00:00,1.9855,-0.0840707964601774,-0.49628120861393893,-0.7171090906847023,-0.5457679268933618
57925-12-12 14:00:00,1.9875,-0.1470588235294092,-0.5440934066042727,-0.5081790332581977,1.0
57925-12-23 00:00:00,1.9841,-0.20948012232415864,-0.6428553415165057,-0.590976405029811,0.5319525541794384
57926-01-02 10:00:00,1.9844,-0.16206896551724198,-0.6592194977905323,-0.4839545014605517,0.9137635367871286
57926-01-12 20:00:00,1.9854,-0.22452830188679118,-0.6012042790984875,-0.38137956939385187,1.0
57926-01-23 06:00:00,1.9835,-0.2589928057553925,-0.5826458787575749,-0.41423899584264795,0.7289964356143263
57926-02-02 16:00:00,1.9729,-0.32037533512063987,-0.841679288388488,-0.6710519899114373,-1.0
57926-02-13 02:00:00,1.9591,-0.3933601609657933,-1.0,-0.7699887285642233,-1.0
57926-02-23 12:00:00,1.9677,-0.25528169014084456,-1.0,-0.4707042977010253,-1.0
57926-03-05 22:00:00,1.9645,-0.28938356164383605,-1.0,-0.46312500967499065,-1.0
57926-03-16 08:00:00,1.9764,-0.132776934749621,-0.9026520270765787,-0.19359579282847017,-1.0
57926-03-26 18:00:00,1.9726,-0.15656565656565663,-0.6725495468697822,-0.2475176840795657,-1.0
57926-04-06 04:00:00,1.9673,-0.17619047619047606,-0.6253279967854024,-0.3226296708598592,-1.0
57926-04-16 14:00:00,1.9411,-0.2581300813008126,-1.0,-0.6612823518995279,-1.0
57926-04-27 00:00:00,1.9323,-0.26388888888888884,-1.0,-0.6310717960669923,-1.0
57926-05-07 10:00:00,1.9213,-0.3014571948998177,-1.0,-0.6205833504392634,-1.0
57926-05-17 20:00:00,1.9277,-0.24999999999999983,-1.0,-0.46608364260490914,-1.0
57926-05-28 06:00:00,1.9256,-0.2565445026178007,-1.0,-0.42755691504405513,-1.0
57926-06-07 16:00:00,1.9232,-0.2681034482758625,-1.0,-0.3999523491514455,-1.0
57926-06-18 02:00:00,1.9241,-0.2582608695652183,-1.0,-0.35040419465029593,-1.0
57926-06-28 12:00:00,1.912,-0.261373390557941,-1.0,-0.41274007826748493,-1.0
57926-07-08 22:00:00,1.913,-0.22227579556412763,-1.0,-0.36097849840677915,-1.0
57926-07-19 08:00:00,1.9051,-0.30388349514563107,-1.0,-0.38600715386372614,-1.0
57926-07-29 18:00:00,1.9066,-0.285784797630799,-1.0,-0.3365437689363861,-1.0
57926-08-09 04:00:00,1.8999,-0.398022892819979,-1.0,-0.35982705488679845,-1.0
57926-08-19 14:00:00,1.8915,-0.4026812313803373,-1.0,-0.394113012163688,-1.0
57926-08-30 00:00:00,1.8946,-0.36903553299492287,-1.0,-0.3317535644686959,-1.0
57926-09-09 10:00:00,1.8837,-0.3449519230769221,-1.0,-0.38074528838219845,-1.0
57926-09-19 20:00:00,1.883,-0.3282290279627149,-1.0,-0.3499430884713292,-1.0
57926-09-30 06:00:00,1.8921,-0.19945355191256864,-0.6421150211366408,-0.24732854328105086,-1.0
57926-10-10 16:00:00,1.8932,-0.25405007363770127,-0.1929897918549558,-0.22296531045132933,-0.7494946783017917
57926-10-21 02:00:00,1.9021,-0.15729585006693442,0.4453832259206952,-0.11636465851707217,-0.5236468801820178
57926-10-31 12:00:00,1.9044,-0.12600536193029366,0.9757983966264234,-0.06597865992323959,-0.19727419571227653
57926-11-10 22:00:00,1.8961,-0.17073170731707177,1.0,-0.172865692128014,-0.4488612547084104
57926-11-21 08:00:00,1.8858,-0.1633416458852852,0.9023718171800506,-0.3170204599893921,-0.785506438890282
57926-12-01 18:00:00,1.8843,-0.17781908302354266,0.7674521583157161,-0.3095152858625033,-0.918920065406064
57926-12-12 04:00:00,1.8867,-0.1223404255319141,0.7906725692580439,-0.2484897560652668,-0.5605267591906586
57926-12-22 14:00:00,1.8831,-0.15200517464424296,0.7353609321102277,-0.29352950528267574,-0.8121309914901136
57927-01-02 00:00:00,1.883,-0.1195190947666186,0.733918984401677,-0.2781623306331652,-1.0
57927-01-12 10:00:00,1.8962,0.031125827814570406,1.0,0.03483405203186496,-0.7202081680235776
57927-01-22 20:00:00,1.8938,-0.005347593582888499,1.0,-0.00304170869212933,-0.9803676388682172
57927-02-02 06:00:00,1.8915,0.05891238670694854,1.0,-0.042506899151779354,-1.0
57927-02-12 16:00:00,1.887,0.02857142857142847,1.0,-0.16670458462091797,-1.0
57927-02-23 02:00:00,1.8841,-0.06269592476488833,1.0,-0.2492474324653121,-1.0
57927-03-05 12:00:00,1.885,-0.06446540880503121,1.0,-0.19504373591325164,-1.0
57927-03-15 22:00:00,1.8909,-0.09240924092409109,1.0,0.033564280978749306,-1.0
57927-03-26 08:00:00,1.8977,-0.05145929339477845,1.0,0.2833499095293024,-0.6574576975983981
57927-04-05 18:00:00,1.8921,-0.03205128205128216,1.0,0.057838179596266914,-1.0
57927-04-16 04:00:00,1.8978,0.10380622837370279,1.0,0.2524519748132582,-0.7310292940786768
57927-04-26 14:00:00,1.8981,0.12190812720847899,1.0,0.24569946738842374,-0.3368021976160936
57927-05-07 00:00:00,1.8912,0.03682487725040884,1.0,-0.013151334188718722,-0.9186721564449681
57927-05-17 10:00:00,1.8964,0.10606060606060685,1.0,0.207629643400563,-0.3470554190288682
57927-05-27 20:00:00,1.8897,0.048340548340547795,1.0,-0.03844939520575308,-0.6078877493914008
57927-06-07 06:00:00,1.8791,-0.1281859070464777,0.6347957043923655,-0.4584961918764826,-1.0
57927-06-17 16:00:00,1.8888,-0.033783783783783106,0.6047110021706101,-0.04496681488465437,-0.2847052107610338
57927-06-28 02:00:00,1.8786,-0.07875457875457831,0.2850518295342853,-0.4471360139107356,-0.9698127820393636
57927-07-08 12:00:00,1.8783,-0.055984555984555595,0.08814287155695506,-0.4103515471599902,-1.0
57927-07-18 22:00:00,1.8726,-0.07142857142857184,-0.17887587503516697,-0.5361803790607093,-1.0
57927-07-29 08:00:00,1.8664,-0.10839160839160805,-0.4899854727469554,-0.600276971226934,-1.0
57927-08-08 18:00:00,1.8761,-0.0825892857142852,-0.34853036996360937,-0.2951510877788047,-1.0
57927-08-19 04:00:00,1.8704,-0.15423728813559207,-0.3782591040614546,-0.39685573541061925,-1.0
57927-08-29 14:00:00,1.8691,-0.13657957244655483,-0.38479865392824647,-0.37913213997691897,-1.0
57927-09-09 00:00:00,1.8613,-0.21147161066048598,-0.5647683016125292,-0.4819069173247868,-1.0
57927-09-19 10:00:00,1.8671,-0.16884531590413832,-0.44688691023204624,-0.3199491592526922,-1.0
57927-09-29 20:00:00,1.8687,-0.13005780346820722,-0.2697215271513678,-0.26131918731005255,-0.8378769343339544
57927-10-10 06:00:00,1.8726,-0.139671361502347,0.0028715608244656034,-0.16389468855783162,-0.5477443092048311
57927-10-20 16:00:00,1.8709,-0.11720698254363993,0.15799085705444735,-0.17880823940572604,-1.0
57927-10-31 02:00:00,1.8657,-0.08957219251336895,0.12911958885250815,-0.2625340905453652,-1.0
57927-11-10 12:00:00,1.8623,-0.19343065693430572,0.03853533681833599,-0.3104131694948782,-1.0
57927-11-20 22:00:00,1.8729,-0.04136429608127734,0.32140558707984096,-0.05066668470428404,-0.6562007651822825
57927-12-01 08:00:00,1.871,-0.05177304964539048,0.45897250772544024,-0.07904458699945821,-0.8416316882254733
57927-12-11 18:00:00,1.8697,-0.021936459909229267,0.5146717223894507,-0.09525986026752609,-0.9085459273773828
57927-12-22 04:00:00,1.8808,0.10140845070422455,0.8758707310850536,0.3255100771497228,-0.5964919406866356
57928-01-01 14:00:00,1.882,0.04719999999999813,1.0,0.35502562914286606,-0.23505478168653526
57928-01-12 00:00:00,1.8865,0.13132137030995028,1.0,0.5454785573783651,0.40803111493996846
57928-01-22 10:00:00,1.8891,0.15974440894568653,1.0,0.5492326201807767,1.0
57928-02-01 20:00:00,1.8938,0.27310924369747824,1.0,0.579451694085507,1.0
57928-02-12 06:00:00,1.8946,0.2522935779816511,1.0,0.5029696294423596,1.0
57928-02-22 16:00:00,1.8906,0.1924428822495604,1.0,0.35726242049416246,1.0
57928-03-04 02:00:00,1.8874,0.13167259786476737,1.0,0.2586067176240201,1.0
57928-03-14 12:00:00,1.8771,0.047839506172839164,0.8384263713566539,0.010362000521375925,0.6541306876753953
57928-03-24 22:00:00,1.8754,0.07911908646003274,0.4094835404254369,-0.037600056420346806,0.2252332635383625
57928-04-04 08:00:00,1.8794,0.13812600969305178,0.2367370159346892,0.03874735011168451,0.5284481694442835
57928-04-14 18:00:00,1.8802,0.07005758157389641,0.13994848628907444,0.043902198869722575,0.75026567911382
57928-04-25 04:00:00,1.8827,0.11100569259962001,0.14500281713181423,0.09384690516283323,0.954317239029043
57928-05-05 14:00:00,1.877,0.06392294220665529,-0.02536866156462174,-0.06732878322577618,0.5675287281258882
57928-05-16 00:00:00,1.8795,-0.013402061855670833,-0.0580411700241129,-0.010825575754803862,0.6584018951345766
57928-05-26 10:00:00,1.8763,-0.05643564356435432,-0.16846183103495962,-0.12399053787055803,0.2560003659620311
57928-06-05 20:00:00,1.8817,-0.04669260700389244,-0.07113551971354892,0.011063523580352452,0.36163080897018474
57928-06-16 06:00:00,1.8793,-0.0957031250000005,-0.07555867735496014,-0.08770382107655927,0.11786488885395578
57928-06-26 16:00:00,1.8813,-0.12886597938144284,-0.015289009757119755,-0.036054175030535984,0.3753488588984454
57928-07-07 02:00:00,1.8836,-0.11000000000000165,0.09113586982831066,0.030255437097783222,0.7323788923048556
57928-07-17 12:00:00,1.9049,0.10624071322436845,0.7737040365597435,0.6960017500589832,1.0
57928-07-27 22:00:00,1.9067,0.14643399089529707,1.0,0.5940003535850868,1.0
57928-08-07 08:00:00,1.909,0.2754749568221081,1.0,0.5399276553416734,1.0
57928-08-17 18:00:00,1.9202,0.3323442136498528,1.0,0.624749709275189,1.0
57928-08-28 04:00:00,1.9207,0.3231611893583741,1.0,0.5301064390348742,1.0
57928-09-07 14:00:00,1.9208,0.3212025316455709,1.0,0.4607709742202456,1.0
57928-09-18 00:00:00,1.9253,0.3266871165644184,1.0,0.45466121033493534,1.0
57928-09-28 10:00:00,1.9255,0.40619765494137583,1.0,0.4001720880095043,1.0
57928-10-08 20:00:00,1.9279,0.4060402684563782,1.0,0.38030177504534757,1.0
57928-10-19 06:00:00,1.9353,0.4623824451410664,1.0,0.4129892331502152,1.0
57928-10-29 16:00:00,1.9346,0.44754653130287847,1.0,0.35981766650112124,1.0
57928-11-09 02:00:00,1.9377,0.48829431438127213,1.0,0.35195551816620685,1.0
57928-11-19 12:00:00,1.9168,0.2255400254129618,0.6658173221261887,0.10733565163370795,0.6903081240068927
57928-11-29 22:00:00,1.9086,0.1477541371158404,-0.16317339219746269,-0.002182933516186758,0.2112775594235803
57928-12-10 08:00:00,1.9203,0.10266666666666635,-0.37974049437200225,0.11750762360915878,0.6177806831231931
57928-12-20 18:00:00,1.9181,0.07559681697612686,-0.6047977585281699,0.070112883322756,0.39420047685331977
57928-12-31 04:00:00,1.9147,0.03725490196078485,-0.8569265266521288,0.0019893293701056525,-0.23521362286432318
57929-01-10 14:00:00,1.9238,0.024193548387097308,-0.7470367711076107,0.11771280482248947,0.20582529118079623
57929-01-21 00:00:00,1.9267,0.03906250000000033,-0.594751659017405,0.1533636445335722,0.3649648095447917
57929-01-31 10:00:00,1.9273,0.042043984476067386,-0.48946363628998235,0.161852489732765,0.6056008177264307
57929-02-10 20:00:00,1.9318,0.042043984476067386,-0.3045255778523309,0.2617653286253312,0.8724640277143253
57929-02-21 06:00:00,1.9411,0.09027777777777879,0.06104035676645185,0.4722559336976011,1.0
57929-03-03 16:00:00,1.9372,0.05290102389078577,0.13632763586559526,0.3351848297287475,1.0
57929-03-14 02:00:00,1.933,-0.01357733175914988,0.016684884225625238,0.1928799918389571,0.6797559783051136
57929-03-24 12:00:00,1.9216,-0.06813417190775789,-0.4284605818995267,-0.14004599888465136,0.3498747326909232
57929-04-03 22:00:00,1.9282,-0.048028311425683035,-0.5294175588034906,0.04200014842593569,0.5955440017126405
57929-04-14 08:00:00,1.9327,0.09636363636363687,-0.4692660162383751,0.16194825485294895,1.0
57929-04-24 18:00:00,1.9208,0.0707656612529004,-0.7875454546308007,-0.1758495737041501,0.6194633550614588
57929-05-05 04:00:00,1.9197,-0.00396825396825351,-1.0,-0.19253517934816577,0.30424564153595857
57929-05-15 14:00:00,1.9165,-0.010443864229763788,-1.0,-0.2561026001828748,0.10158508502635026
57929-05-26 00:00:00,1.9225,0.04924242424242431,-1.0,-0.07133509140948358,0.44919882234821384
57929-06-05 10:00:00,1.9189,-0.0332428765264578,-1.0,-0.15683984950213875,0.3687843217932311
57929-06-15 20:00:00,1.9318,0.030465949820787763,-0.7584018444188271,0.2159431862125012,0.6095311711120124
57929-06-26 06:00:00,1.9306,0.01957295373665524,-0.5221322893679671,0.16245014238547606,0.05972700466656698
57929-07-06 16:00:00,1.9175,-0.07696447793326122,-0.7471392098033286,-0.2769366127880231,-0.27702179758424583
57929-07-17 02:00:00,1.9182,-0.1358244365361811,-0.8461139749002164,-0.2537194995786437,-0.14613645546896417
57929-07-27 12:00:00,1.9231,-0.08264947245017568,-0.7367350634546822,-0.10912274107528946,-0.08695246092180976
57929-08-06 22:00:00,1.927,-0.035294117647058754,-0.5299240632643857,0.02475774592267599,0.736747899235348
57929-08-17 08:00:00,1.9238,0.014322916666666519,-0.47832574739449474,-0.08459590821687712,-0.0789737095759055
57929-08-27 18:00:00,1.9297,0.009855453350854582,-0.2607681348209237,0.12144195364073018,0.3026925922093735
57929-09-07 04:00:00,1.9316,-0.00748299319727963,-0.06642205321298096,0.18958308937266033,0.7696625047018751
57929-09-17 14:00:00,1.9276,0.051829268292682196,-0.06838235768718687,0.08180939040005997,0.12321661819940732
57929-09-28 00:00:00,1.923,0.023878437047757495,-0.21058826475854114,-0.08612757163950258,-0.9223511688420378
57929-10-08 10:00:00,1.9277,0.07932011331444677,-0.1620834276929388,0.14800982372293603,-0.4683432279966131
57929-10-18 20:00:00,1.9288,0.0479452054794518,-0.10099716875231664,0.18261796708136624,-0.16714714310684428
57929-10-29 06:00:00,1.9265,0.05900621118012461,-0.1339552022198752,0.07720154679471003,-0.4109907708096115
57929-11-08 16:00:00,1.9242,-0.07063197026022316,-0.2238253506510064,-0.014188463768317283,-0.7251407456180459
57929-11-19 02:00:00,1.9282,-0.021201413427563265,-0.16078220885123323,0.17356018135783413,0.08494025304221751
57929-11-29 12:00:00,1.9279,0.1187214611872135,-0.12998715765684,0.14010525172948196,-0.44904618013707587
57929-12-09 22:00:00,1.9269,0.09863945578231403,-0.14109635828033332,0.0661100114981874,-0.7818480609668448
57929-12-20 08:00:00,1.9282,0.06296296296296156,-0.11062418269492916,0.12695586460433994,-0.2544594091622902
57929-12-30 18:00:00,1.9258,-0.015384615384616607,-0.16312449847116467,-0.039133054575186454,-0.869435916267735
57930-01-10 04:00:00,1.9278,0.05291005291005313,-0.13644307892590385,0.10865959215112142,-0.22564346061885507
57930-01-20 14:00:00,1.9297,0.0,-0.06413031483027988,0.24460066924606272,0.3935941355451406
57930-01-31 00:00:00,1.9238,-0.10317460317460392,-0.19388266928985018,-0.21890961712604012,-1.0
57930-02-10 10:00:00,1.9264,-0.016483516483517757,-0.1956467091601537,-0.05145914505631227,-0.13718635399346582
57930-02-20 20:00:00,1.921,-0.026881720430107725,-0.349494194186811,-0.5620801356449547,-0.878271206594281
57930-03-03 06:00:00,1.924,-0.05211267605633901,-0.34531857376068137,-0.24869685393177537,-0.06260295425114616
57930-03-13 16:00:00,1.9284,-0.005154639175260045,-0.2007815484317672,0.14899143403494475,1.0
57930-03-24 02:00:00,1.9326,0.07493857493857536,0.01879097745941179,0.49562707647841486,1.0
57930-04-03 12:00:00,1.9251,0.00980392156862897,-0.06669094065066337,-0.15001281116572157,1.0
57930-04-13 22:00:00,1.9226,-0.0630630630630617,-0.1932154478896637,-0.3450802912983284,0.9479388021784203
57930-04-24 08:00:00,1.9178,-0.10327198364008233,-0.405333853669823,-0.6329722324682038,0.16593854265135538
57930-05-04 18:00:00,1.9173,-0.09917355371900927,-0.5339046136338512,-0.5451752233867074,-0.7592744755721743
57930-05-15 04:00:00,1.9256,-0.023465703971118523,-0.3460258826281376,0.007320290372800131,1.0
57930-05-25 14:00:00,1.9311,0.045299145299145915,-0.05035784360886572,0.3398851391233515,1.0
57930-06-05 00:00:00,1.9292,0.011986301369863672,0.08210656299284359,0.2011871979397345,0.7824500949222737
57930-06-15 10:00:00,1.9308,0.00946643717728124,0.2070155186871082,0.28449528890040565,1.0
57930-06-25 20:00:00,1.9311,0.06952380952381032,0.28233220457956426,0.28381387798487356,1.0
57930-07-06 06:00:00,1.9253,-0.009874326750447748,0.1444313436405351,-0.05157389281811475,0.9834206748449473
57930-07-16 16:00:00,1.9261,0.04990215264187736,0.07188466545320199,0.001474322513088211,1.0
57930-07-27 02:00:00,1.9218,-0.02099236641221347,-0.1044971514111146,-0.2344204738000239,0.7339723109355747
57930-08-06 12:00:00,1.9215,-0.07142857142857012,-0.2200552083818079,-0.22929962939470055,0.00955289680508981
57930-08-16 22:00:00,1.9186,-0.14893617021276628,-0.3666046072628191,-0.3501111187654823,-0.4435814103933558
57930-08-27 08:00:00,1.9156,-0.11176470588235377,-0.5269713815630006,-0.4469038208663647,-1.0
57930-09-06 18:00:00,1.911,-0.13004484304932812,-0.7329593401136244,-0.5478452704196156,-1.0
57930-09-17 04:00:00,1.9149,-0.033180778032035674,-0.7076778957586951,-0.3499285396987032,-1.0
57930-09-27 14:00:00,1.9203,0.030864197530863224,-0.4934956678287353,-0.12240540479195455,-0.6665491101661365
57930-10-08 00:00:00,1.9259,0.0032679738562088056,-0.16519603738930821,0.10996099627663791,0.4424116233094657
57930-10-18 10:00:00,1.9261,-0.06157635467980477,0.060628033573237594,0.1397227621527456,1.0
57930-10-28 20:00:00,1.9227,-0.07719714964370561,0.10546705955066922,-0.002836563094007427,0.46932167013210774
57930-11-08 06:00:00,1.9223,-0.10391198044010069,0.12159316156189098,-0.019634710722793214,0.010569474173133638
57930-11-18 16:00:00,1.9197,-0.13194444444444636,0.05456839755328557,-0.13894847745112288,-0.5635219533125684
57930-11-29 02:00:00,1.9217,-0.04568527918781834,0.07269985735567709,-0.06187263932990861,-0.05043760442144945
57930-12-09 12:00:00,1.9253,-0.009478672985781034,0.1896578964294963,0.1021146976016899,1.0
57930-12-19 22:00:00,1.9233,0.01879699248120381,0.19900541496557844,0.03092039728687912,0.8459107982196226
57930-12-30 08:00:00,1.9208,-0.00831353919239819,0.12540850593372674,-0.07269915220522499,0.29262108134629133
57931-01-09 18:00:00,1.9117,-0.07142857142857273,-0.1886991308074088,-0.47404633784677297,-0.3471649129417325
57931-01-20 04:00:00,1.9099,-0.06050955414012793,-0.42418938679035345,-0.5050516863121565,-0.7473374349395097
57931-01-30 14:00:00,1.9074,-0.04000000000000059,-0.6174659027526591,-0.5225299954935828,-1.0
57931-02-10 00:00:00,1.9044,-0.11904761904761907,-0.7872971123463135,-0.5428154891035148,-1.0
57931-02-20 10:00:00,1.9013,-0.2272727272727259,-0.9346465465252757,-0.5416062299932913,-1.0
57931-03-02 20:00:00,1.9049,-0.26381909547738547,-0.8630447519955463,-0.36991484925958906,-1.0
57931-03-13 06:00:00,1.902,-0.2835294117647047,-0.8451794771445981,-0.4045581992559498,-1.0
57931-03-23 16:00:00,1.9044,-0.2204819277108403,-0.7057472918195091,-0.30309763841019555,-1.0
57931-04-03 02:00:00,1.9044,-0.21776155717761125,-0.5656727769226483,-0.28457948841850866,-1.0
57931-04-13 12:00:00,1.9068,-0.15770171149144008,-0.3613965870932304,-0.20304239619078313,-0.5474392944265061
57931-04-23 22:00:00,1.9071,-0.1862244897959161,-0.1878859695005569,-0.1765901852335815,-0.06606758674212604
57931-05-04 08:00:00,1.9132,-0.14508393285371596,0.12648466457688834,0.006576808869859452,0.2597377525453645
57931-05-14 18:00:00,1.9097,-0.15740740740740677,0.2329645956210788,-0.07470712354424602,0.16004158498504786
57931-05-25 04:00:00,1.9141,-0.07427937915742899,0.4329617372308198,0.07595446783372439,0.4322575441875823
57931-06-04 14:00:00,1.9133,0.02173913043478326,0.5287550848937149,0.06818824507688737,0.16143713081980043
57931-06-15 00:00:00,1.9118,0.026027397260274032,0.5326350149719119,0.03222293661949294,-0.12298120258584264
57931-06-25 10:00:00,1.9121,0.06851311953352623,0.5298775678195944,0.06342043393791164,0.4162832205056336
57931-07-05 20:00:00,1.9083,0.05555555555555558,0.4025650458106174,-0.05422280490751635,0.22434369978858001
57931-07-16 06:00:00,1.9113,0.14285714285714335,0.4008562900019858,0.12336709953366476,0.8509886943553199
57931-07-26 16:00:00,1.9091,0.0625,0.3257019029528567,0.047735950191540644,0.17243415532056994
57931-08-06 02:00:00,1.9079,0.09247648902821393,0.2368158979450904,-0.017784528818214018,-0.3125924442086088
57931-08-16 12:00:00,1.9152,0.1467391304347827,0.3908380663515019,0.412929724036866,0.3727500022076888
57931-08-26 22:00:00,1.9209,0.19411764705882406,0.6415769896505101,0.5964993326608314,1.0
57931-09-06 08:00:00,1.9197,0.15617433414043513,0.7375030698798088,0.45981017819930503,0.8715171410733343
57931-09-16 18:00:00,1.9269,0.20539419087136968,0.9741704921633819,0.636901181129633,1.0
57931-09-27 04:00:00,1.9189,0.05688622754491057,0.8420244084163107,0.28283037170845526,0.4873810037044492
57931-10-07 14:00:00,1.9635,0.2949561403508777,1.0,0.9479019571077341,1.0
57931-10-18 00:00:00,1.9831,0.32424812030075256,1.0,0.8167929472728226,1.0
57931-10-28 10:00:00,1.9704,0.24133558748943273,1.0,0.5372189196656043,1.0
57931-11-07 20:00:00,1.9374,0.08544726301735661,1.0,0.15304646875212002,1.0
57931-11-18 06:00:00,1.9114,-0.001994301994301728,0.8304471360936904,-0.14062886782987438,0.2235718710466546
57931-11-28 16:00:00,1.9032,-0.014174541411895725,-0.44972102628078625,-0.22353916977235194,-0.18943968355903562
57931-12-09 02:00:00,1.886,-0.06517259144770743,-1.0,-0.3782802849811778,-1.0
57931-12-19 12:00:00,1.8872,-0.05670636975660265,-1.0,-0.3348399529637174,-0.9091233738549217
57931-12-29 22:00:00,1.8986,-0.022872602065912073,-1.0,-0.2104787596480393,-0.6257726405517668
57932-01-09 08:00:00,1.8852,-0.07163323782234943,-1.0,-0.31458702996720056,-0.9230007560600265
57932-01-19 18:00:00,1.8869,-0.08276533592989266,-1.0,-0.2774135689953625,-0.6703290734395992
57932-01-30 04:00:00,1.8738,-0.10561435803037256,-1.0,-0.35907535674841606,-0.820000937311732
57932-02-09 14:00:00,1.8729,-0.12796208530805664,-1.0,-0.33292567371012277,-0.992075789912304
57932-02-20 00:00:00,1.8767,-0.10203094777562838,-1.0,-0.27896995395849633,-0.8322564927885463
57932-03-01 10:00:00,1.875,-0.26998169615619194,-1.0,-0.2703411113235069,-0.9234488860046126
57932-03-11 20:00:00,1.8593,-0.386874999999999,-1.0,-0.3480672121047982,-1.0
57932-03-22 06:00:00,1.8586,-0.37770270270270145,-1.0,-0.3169186414321911,-1.0
57932-04-01 16:00:00,1.8523,-0.35078318219290877,-1.0,-0.322634603439596,-1.0
57932-04-12 02:00:00,1.8529,-0.3050052137643368,-1.0,-0.28701728166425716,-1.0
57932-04-22 12:00:00,1.8512,-0.2908277404921691,-1.0,-0.2694033923563679,-1.0
57932-05-02 22:00:00,1.865,-0.12209302325581306,-1.0,-0.1647662115746084,-1.0
57932-05-13 08:00:00,1.8606,-0.14910313901345235,-0.8061692449152724,-0.18784547583663508,-1.0
57932-05-23 18:00:00,1.8831,-0.07726819541375901,0.22550991562341574,0.047971492969786755,-0.927615658293045
57932-06-03 04:00:00,1.8819,-0.018728717366629233,0.8837485571195435,0.08397955721041561,-1.0
57932-06-13 14:00:00,1.8773,-0.05274725274725306,1.0,0.04799567397952287,-1.0
57932-06-24 00:00:00,1.8726,-0.007263922518158994,1.0,-0.004692753632905056,-1.0
57932-07-04 10:00:00,1.8653,-0.04269662921348344,1.0,-0.1224045840999784,-1.0
57932-07-14 20:00:00,1.865,-0.06842105263157927,0.8670732250589539,-0.11078534433694925,-1.0
57932-07-25 06:00:00,1.8638,-0.06588235294117711,0.7458416479927222,-0.11587528445658224,-1.0
57932-08-04 16:00:00,1.863,0.026390870185449722,0.652411531791012,-0.11525419645345097,-1.0
57932-08-15 02:00:00,1.8681,0.06375838926174549,0.751538910592724,0.030903198121574937,-1.0
57932-08-25 12:00:00,1.8647,0.08659217877094927,0.7170531810093226,-0.046858045191472686,-1.0
57932-09-04 22:00:00,1.8685,0.10427807486631036,0.8085530234465941,0.060557867941537946,-1.0
57932-09-15 08:00:00,1.8592,0.04854368932038833,0.5910992679838982,-0.16960189875471277,-1.0
57932-09-25 18:00:00,1.8589,-0.0442670537010158,0.4519991708650021,-0.15898269278413024,-1.0
57932-10-06 04:00:00,1.8626,0.014662756598240456,0.48469250498889555,-0.06026607775922699,-1.0
57932-10-16 14:00:00,1.8627,-0.22270742358078438,0.5174649876864067,-0.06398091003495826,-0.9947765998446659
57932-10-27 00:00:00,1.861,-0.22570194384449055,0.49500013656120345,-0.13201986143698552,-1.0
57932-11-06 10:00:00,1.8683,-0.09183673469387588,0.6999107715929048,0.06964199969651763,-0.7263669603336542
57932-11-16 20:00:00,1.8653,-0.07716701902748413,0.7352143309010089,-0.05581440740587046,-0.8099756426345521
57932-11-27 06:00:00,1.8697,0.0495495495495486,0.8760643388793993,0.09446074480212385,-0.645833933252797
57932-12-07 16:00:00,1.8577,-0.06506238859180058,0.5963615094233955,-0.3249495937541508,-0.9950059532221228
57932-12-18 02:00:00,1.8576,-0.05636363636363578,0.41272068476113294,-0.3201943133310081,-1.0
57932-12-28 12:00:00,1.8572,-0.053113553113552925,0.28924415397227987,-0.34206442953894634,-1.0
57933-01-07 22:00:00,1.8564,-0.11630218687872751,0.19764891317638486,-0.37722763979150387,-1.0
57933-01-18 08:00:00,1.8646,-0.0009074410163337765,0.39233507702187176,0.09870908538864076,-1.0
57933-01-28 18:00:00,1.8629,-0.052830188679245604,0.46721438622648975,0.0024591020294532084,-1.0
57933-02-08 04:00:00,1.8667,0.0789473684210531,0.6220900798073246,0.22725518364872965,-1.0
57933-02-18 14:00:00,1.8638,0.048902195608781174,0.6225637103613669,0.05174516491732517,-1.0
57933-03-01 00:00:00,1.8607,-0.01919191919191926,0.518996281113602,-0.12797066306558103,-1.0
57933-03-11 10:00:00,1.8543,-0.07526881720430062,0.2584167056426807,-0.4475227204964898,-1.0
57933-03-21 20:00:00,1.855,-0.0547445255474453,0.1191436464753409,-0.3607307041351163,-1.0
57933-04-01 06:00:00,1.8559,-0.12809917355371864,0.06875359389567903,-0.28555935779273395,-1.0
57933-04-11 16:00:00,1.8586,-0.06964656964656912,0.12894806190795027,-0.13300727343464736,-0.7100344500929079
57933-04-22 02:00:00,1.858,-0.1320541760722334,0.1589578690313343,-0.16287188476623343,-0.7911472203331659
57933-05-02 12:00:00,1.8578,0.0015384615384614886,0.1797551763434541,-0.15943065392929257,-0.9011410630692982
57933-05-12 22:00:00,1.8541,-0.04847645429362685,0.09140977496797548,-0.3241443215083202,-1.0
57933-05-23 08:00:00,1.844,-0.14410480349344895,-0.24719523801516127,-0.6439899300736743,-1.0
57933-06-02 18:00:00,1.8373,-0.18471953578336636,-0.6253864507311931,-0.6938406286041237,-1.0
57933-06-13 04:00:00,1.8403,-0.2612903225806439,-0.7248172853760636,-0.49984124967376653,-1.0
57933-06-23 14:00:00,1.8318,-0.2917448405253268,-0.9773731798338482,-0.6168973448821764,-1.0
57933-07-04 00:00:00,1.8352,-0.2977315689981107,-0.964084746921876,-0.4498487592022128,-0.8501800093444082
57933-07-14 10:00:00,1.833,-0.29501915708812304,-0.9456592007876463,-0.4340384038121413,-1.0
57933-07-24 20:00:00,1.8314,-0.28895463510848246,-0.9053611780645126,-0.4090796899303001,-1.0
57933-08-04 06:00:00,1.8334,-0.22570194384449394,-0.7466238033582369,-0.32855780109737764,-0.8112806822916889
57933-08-14 16:00:00,1.8421,-0.11878453038673903,-0.32526496812831873,-0.13753717760644069,-0.23197955113643404
57933-08-25 02:00:00,1.844,-0.10759493670886072,0.04143686050636543,-0.08211544219112976,0.21588040387325574
57933-09-04 12:00:00,1.8367,-0.18280467445742843,0.08679437896769995,-0.21678611830161687,-0.14181996289276366
57933-09-14 22:00:00,1.8415,-0.1287051482059291,0.28033815194975653,-0.09020323300303601,0.3890785196990385
57933-09-25 08:00:00,1.8422,-0.12074303405572595,0.4366456194983991,-0.05453522314320608,0.7895017054457262
57933-10-05 18:00:00,1.8464,-0.05913978494623651,0.6622935574214226,0.06489650349576337,1.0
57933-10-16 04:00:00,1.8468,0.02527075812274271,0.8074642641546205,0.0893419597571875,1.0
57933-10-26 14:00:00,1.8546,0.15309734513274353,1.0,0.30685260381719603,1.0
57933-11-06 00:00:00,1.853,0.11524500907440927,1.0,0.2834459425152418,1.0
57933-11-16 10:00:00,1.8586,0.25670498084291016,1.0,0.4414213417399093,1.0
57933-11-26 20:00:00,1.8689,0.28510998307952495,1.0,0.630969690199801,1.0
57933-12-07 06:00:00,1.87,0.3189655172413778,1.0,0.5597124169109833,1.0
57933-12-17 16:00:00,1.8778,0.3613707165109019,1.0,0.5810845531940454,1.0
57933-12-28 02:00:00,1.8781,0.3575999999999989,1.0,0.4924310218980812,1.0
57934-01-07 12:00:00,1.8763,0.3075539568345307,1.0,0.40361263211247844,1.0
57934-01-17 22:00:00,1.8767,0.30221811460258596,1.0,0.3653819629986199,1.0
57934-01-28 08:00:00,1.8724,0.3493150684931503,1.0,0.2719823099401638,0.9307205138337733
57934-02-07 18:00:00,1.8683,0.26587301587301626,1.0,0.1900261253874631,0.5080178179947129
57934-02-18 04:00:00,1.8703,0.2717601547388778,0.8142814644219664,0.20058574838944565,0.679654861831222
57934-02-28 14:00:00,1.8785,0.2881508078994611,0.808506112460404,0.3063327824501467,0.8700591025054984
57934-03-11 00:00:00,1.8723,0.2073170731707319,0.5612177158404791,0.1824263303884991,0.5542546152805315
57934-03-21 10:00:00,1.8759,0.18586387434554896,0.45946974043686306,0.22128734463930133,0.7410459725001556
57934-03-31 20:00:00,1.886,0.2507598784194528,0.6424147312101994,0.37015153278291313,1.0
57934-04-11 06:00:00,1.8822,0.18437500000000173,0.588181557709532,0.2797199373397077,0.8783328696582441
57934-04-21 16:00:00,1.8968,0.2042459736456823,0.9223297106337888,0.50651019202544,1.0
57934-05-02 02:00:00,1.8918,0.15096952908587213,0.9098250183668842,0.38042102382624055,0.9083930804919088
57934-05-12 12:00:00,1.9181,0.22216097023153314,1.0,0.7108684465394723,1.0
57934-05-22 22:00:00,1.9139,0.18921775898520077,1.0,0.5407314856586354,1.0
57934-06-02 08:00:00,1.8929,0.07293497363796153,1.0,0.193442122834793,0.4302802157397011
57934-06-12 18:00:00,1.9097,0.12672811059907862,1.0,0.42286778600509145,1.0
57934-06-23 04:00:00,1.8939,0.07586450247000687,0.5823230942900226,0.14656515084222443,0.03767430748168051
57934-07-03 14:00:00,1.9022,0.11617546264564749,0.39464699831129263,0.25753801292025313,0.6971809214450768
57934-07-14 00:00:00,1.8999,0.10123119015047866,0.14410736719100203,0.19931922040368355,0.10471720832616624
57934-07-24 10:00:00,1.9193,0.12960609911054666,0.49855644261779997,0.4455314682949988,0.8597498998036984
57934-08-03 20:00:00,1.9282,0.174578388507183,0.9068779075397502,0.48937756660532605,1.0
57934-08-14 06:00:00,1.9197,0.13272727272727325,0.8190614055363139,0.3331486258066485,1.0
57934-08-24 16:00:00,1.9122,0.08066502463054204,0.45211722136454396,0.21128949410431208,0.7611449404549472
57934-09-04 02:00:00,1.9088,0.08209876543209882,0.04775831466260784,0.14634648874391232,0.2172421278916794
57934-09-14 12:00:00,1.9136,0.05519053876478308,-0.12029960973306414,0.19611696263471767,0.4639142695215693
57934-09-24 22:00:00,1.9102,0.061088977423638835,-0.3698280894293274,0.12559552647119598,0.1738886913775258
57934-10-05 08:00:00,1.8687,-0.14897466827503025,-1.0,-0.5251407069848447,-1.0
57934-10-15 18:00:00,1.8533,-0.1711864406779664,-1.0,-0.6453553768531094,-1.0
57934-10-26 04:00:00,1.8703,-0.06531791907514439,-1.0,-0.38471351701117434,-1.0
57934-11-05 14:00:00,1.8665,-0.1349999999999998,-1.0,-0.401656821158241,-1.0
57934-11-16 00:00:00,1.8729,-0.06972111553784843,-1.0,-0.29702045975470154,-1.0
57934-11-26 10:00:00,1.8593,-0.13758819756253998,-1.0,-0.4050399028621432,-1.0
57934-12-06 20:00:00,1.8601,-0.1288860103626937,-1.0,-0.352757540080641,-1.0
57934-12-17 06:00:00,1.8435,-0.25,-1.0,-0.45215029403614765,-1.0
57934-12-27 16:00:00,1.8343,-0.30908492429229684,-1.0,-0.4618875826068457,-1.0
57935-01-07 02:00:00,1.8344,-0.29721254355400645,-1.0,-0.4030356393410468,-1.0
57935-01-17 12:00:00,1.8148,-0.3129820051413875,-1.0,-0.47637196184964115,-1.0
57935-01-27 22:00:00,1.8062,-0.3190298507462681,-1.0,-0.460172199626437,-1.0
57935-02-07 08:00:00,1.8195,-0.2779090372120494,-1.0,-0.3310506821764188,-1.0
57935-02-17 18:00:00,1.8134,-0.2813953488372091,-1.0,-0.3340294163860711,-1.0
57935-02-28 04:00:00,1.8084,-0.2225092250922508,-1.0,-0.3358607616047663,-1.0
57935-03-10 14:00:00,1.8015,-0.20393700787401514,-1.0,-0.3484884074232756,-1.0
57935-03-21 00:00:00,1.8156,-0.22038678485092672,-1.0,-0.2329027709372813,-1.0
57935-03-31 10:00:00,1.8194,-0.1897663174858995,-1.0,-0.18748361685501463,-0.8047104572234225
57935-04-10 20:00:00,1.8138,-0.23965936739659427,-0.7685893967500542,-0.21593639589115704,-0.9696886070649928
57935-04-21 06:00:00,1.8198,-0.17070008643042373,-0.20269746733269872,-0.1521922065135075,-0.7652922280210286
57935-05-01 16:00:00,1.8182,-0.17982832618025868,0.19077648667372854,-0.14945431854566155,-0.906837019099042
57935-05-12 02:00:00,1.8196,-0.11796643632773929,0.5424367334914365,-0.11859094656350533,-0.7412386021792935
57935-05-22 12:00:00,1.8174,-0.08960763520678794,0.7434389293632805,-0.12354919360308836,-0.8167956934710977
57935-06-01 22:00:00,1.8187,-0.08219895287958168,0.9396488273422735,-0.08840130194991208,-0.643574984746962
57935-06-12 08:00:00,1.8157,0.005703422053232821,0.9952749010123951,-0.10979184813667991,-0.7506252705854445
57935-06-22 18:00:00,1.8109,0.031291611185086166,0.9052117661058456,-0.17289804099303757,-0.8560817976089283
57935-07-03 04:00:00,1.808,-0.08887171561050922,0.7817916333237955,-0.2408956257141867,-1.0
57935-07-13 14:00:00,1.8076,-0.049152542372879915,0.714915267006236,-0.2519567103466944,-1.0
57935-07-24 00:00:00,1.8068,-0.014598540145985828,0.6737136495229363,-0.2674457353373477,-1.0
57935-08-03 10:00:00,1.789,-0.09512937595129495,0.15443862319200297,-0.7524605397588093,-1.0
57935-08-13 20:00:00,1.782,-0.28668941979522256,-0.3232770106710622,-0.6993005404163561,-1.0
57935-08-24 06:00:00,1.7929,-0.2016742770167423,-0.2281796208913287,-0.38929110912921017,-1.0
57935-09-03 16:00:00,1.7851,-0.21134020618556731,-0.32278840824546157,-0.48142735053880253,-1.0
57935-09-14 02:00:00,1.7761,-0.3081805359661493,-0.5655324681910137,-0.5440831010854051,-1.0
57935-09-24 12:00:00,1.774,-0.3095238095238091,-0.6862842406127689,-0.4892878963105101,-1.0
57935-10-04 22:00:00,1.7825,-0.23630573248407727,-0.41416319815423097,-0.32258547517329283,-1.0
57935-10-15 08:00:00,1.7764,-0.24878640776699046,-0.3340556006872448,-0.3673525397210342,-1.0
57935-10-25 18:00:00,1.7859,-0.1810154525386315,0.07630644236980022,-0.20728362559297703,-1.0
57935-11-05 04:00:00,1.7864,-0.16628830874006906,0.4100320619311298,-0.18051976410968862,-0.9280319669963614
57935-11-15 14:00:00,1.7941,-0.0923076923076922,0.8868526516517914,-0.05027328985103163,-0.3275832915604946
57935-11-26 00:00:00,1.8174,0.04219030520646272,1.0,0.3101224038184257,0.4563717929336954
57935-12-06 10:00:00,1.8414,0.12518518518518473,1.0,0.5855846773964481,1.0
57935-12-16 20:00:00,1.8419,0.13028953229398732,1.0,0.5181507915488164,1.0
57935-12-27 06:00:00,1.8403,0.21645569620253235,1.0,0.45051376363663487,1.0
57936-01-06 16:00:00,1.8488,0.27833333333333343,1.0,0.4780717702614502,1.0
57936-01-17 02:00:00,1.8455,0.23398576512455493,1.0,0.39677184875213356,1.0
57936-01-27 12:00:00,1.8409,0.2554945054945059,1.0,0.32132440651998695,1.0
57936-02-06 22:00:00,1.84,0.31602373887240387,1.0,0.28721152650059223,1.0
57936-02-17 08:00:00,1.8342,0.2872137404580154,1.0,0.21927544512956654,0.8553035698377862
57936-02-27 18:00:00,1.8289,0.2283464566929131,1.0,0.15675487866813165,0.6375335387509948
57936-03-09 04:00:00,1.8304,0.2783505154639172,1.0,0.15148055199384214,0.6678903313714291
57936-03-19 14:00:00,1.8284,0.23743016759776492,0.8991278749135162,0.11925775782511461,0.4981954500106856
57936-03-30 00:00:00,1.833,0.2489316239316236,0.679629791864383,0.14199380742705914,0.5114413063301765
57936-04-09 10:00:00,1.8366,0.23743016759776492,0.5927021653739412,0.155546814604117,0.5255999503922808
57936-04-19 20:00:00,1.8452,0.18582887700534745,0.7375996553745251,0.21945575116074612,0.5794371284888624
57936-04-30 06:00:00,1.8512,0.08626760563380276,0.9428499416302369,0.2603434692044968,0.7203030130672983
57936-05-10 16:00:00,1.8696,0.18540829986613017,1.0,0.4385736454032063,1.0
57936-05-21 02:00:00,1.8627,0.14,1.0,0.343754786471944,0.7218125676535079
57936-05-31 12:00:00,1.8654,0.11185983827493251,1.0,0.38097173610520607,1.0
57936-06-10 22:00:00,1.8676,0.15116279069767502,1.0,0.42774107503688896,1.0
57936-06-21 08:00:00,1.8642,0.1620305980528528,1.0,0.3426945370055178,1.0
57936-07-01 18:00:00,1.8595,0.1287978863936584,0.8928813313984298,0.23313509959233691,0.6566580129427821
57936-07-12 04:00:00,1.8671,0.21225806451612883,0.7717795201721768,0.3323681113732976,0.9679801647071128
57936-07-22 14:00:00,1.8666,0.2592847317744167,0.5961308511956205,0.29157664840796893,0.5423966049195428
57936-08-02 00:00:00,1.8669,0.2552447552447562,0.4174266025587913,0.27201000767772665,0.7811928887567935
57936-08-12 10:00:00,1.8656,0.26271186440677985,0.19865526143048012,0.22953202486133462,0.4253643929235277
57936-08-22 20:00:00,1.8649,0.23841554559043476,-0.016750594850345323,0.1981305539415884,0.07988592217149122
57936-09-02 06:00:00,1.865,0.2239747634069411,-0.19543267815691154,0.1804041907041143,0.2774460108285747
57936-09-12 16:00:00,1.8678,0.19618055555555625,-0.2627004500420383,0.20334409311481483,0.605795545979751
57936-09-23 02:00:00,1.8639,0.11441441441441447,-0.4510163928217961,0.12088834418423877,0.23439865596746057
57936-10-03 12:00:00,1.8652,-0.05729166666666652,-0.552955611758477,0.12541586871848265,0.4134868553968501
57936-10-13 22:00:00,1.8673,0.06845238095238027,-0.570867210241118,0.15380041690365276,0.6438448977641729
57936-10-24 08:00:00,1.8686,0.049689440993790246,-0.5571560900225416,0.1781986217075081,0.9398092554651806
57936-11-03 18:00:00,1.8674,-0.003205128205127916,-0.5958366109746768,0.13914117014122118,0.5321129077931199
57936-11-14 04:00:00,1.8703,0.099348534201953,-0.5446377214596217,0.3000352829017663,1.0
57936-11-24 14:00:00,1.8705,0.20992366412213803,-0.5171310708797731,0.3970032984456172,1.0
57936-12-05 00:00:00,1.8734,0.14651162790697558,-0.4261532331219707,0.5748294416397401,1.0
57936-12-15 10:00:00,1.874,0.1712962962962956,-0.36613300368396307,0.525785451263006,1.0
57936-12-25 20:00:00,1.8785,0.22480620155038633,-0.214317585487762,0.6504963638296937,1.0
57937-01-05 06:00:00,1.8801,0.2777777777777787,-0.09684204544752244,0.5898731280062379,1.0
57937-01-15 16:00:00,1.8833,0.3216783216783192,0.039740871622339205,0.5938725235351907,1.0
57937-01-26 02:00:00,1.8796,0.2267080745341591,-0.019777156146298068,0.39736482313837485,1.0
57937-02-05 12:00:00,1.8732,0.07541899441340816,-0.2776266688373193,0.11119347509281308,0.7889075940581424
57937-02-15 22:00:00,1.8673,0.044973544973545554,-0.6310841969965723,-0.14368838660647099,-0.13565847143022883
57937-02-26 08:00:00,1.8772,0.12931034482758574,-0.5646359746152406,0.2553769027326962,0.6017228958877117
57937-03-08 18:00:00,1.872,0.04747474747474878,-0.6766854619808328,0.022735941505863888,-0.13287216793780218
57937-03-19 04:00:00,1.8888,0.15538461538461545,-0.25288104127180305,0.5988429207970967,1.0
57937-03-29 14:00:00,1.8772,0.06498673740053085,-0.34144457213375123,0.1495591826859871,0.010849887152529292
57937-04-09 00:00:00,1.886,0.09655596555965484,-0.15198133550499307,0.42178613441694424,0.8134300872143854
57937-04-19 10:00:00,1.8776,0.03966480446927323,-0.29845311905489136,0.10323729472019694,-1.0
57937-04-29 20:00:00,1.8792,0.03287981859410449,-0.3560708952716158,0.14495408442754787,-1.0
57937-05-10 06:00:00,1.8755,0.008214676889374828,-0.5084228366435773,-0.020405826779322067,-1.0
57937-05-20 16:00:00,1.8911,0.06152343749999989,-0.14927460759199185,0.5325696848625625,-1.0
57937-05-31 02:00:00,1.8901,0.04911591355599121,0.028837052746273153,0.43845605900455664,-1.0
57937-06-10 12:00:00,1.8946,0.054801163918526075,0.24415503908459416,0.5108661925468772,-0.5401144263391566
57937-06-20 22:00:00,1.8884,0.041666666666667296,0.1595226715780482,0.2736178379126566,-1.0
57937-07-01 08:00:00,1.9037,0.133187772925764,0.5167242574484764,0.6189219422138759,-0.678661355016024
57937-07-11 18:00:00,1.8914,0.09966914805624494,0.32764959347058015,0.2443930501132615,-1.0
57937-07-22 04:00:00,1.8813,0.016928158546655636,-0.13062394495201704,-0.04483472644663605,-1.0
57937-08-01 14:00:00,1.874,0.008116883116883189,-0.6518100963624891,-0.2378071137666018,-1.0
57937-08-12 00:00:00,1.8828,-0.02604166666666674,-0.7150262110100638,0.006934232509818727,-1.0
57937-08-22 10:00:00,1.89,0.05776173285198527,-0.5328204831106069,0.1896907063162493,-1.0
57937-09-01 20:00:00,1.8886,0.012572533849130374,-0.45543183460998116,0.13365288744995785,-1.0
57937-09-12 06:00:00,1.8939,0.08125623130608195,-0.25175378232899087,0.2640055446434152,-0.7433464766501547
57937-09-22 16:00:00,1.9005,0.10113960113960185,0.05881357478574064,0.40637450694784094,-0.4433219133641979
57937-10-03 02:00:00,1.9081,0.14926739926739974,0.449067879486652,0.5361387335534393,0.05317178653538342
57937-10-13 12:00:00,1.9173,0.12743190661478654,0.9143556137916389,0.609967006683301,0.714756858692425
57937-10-23 22:00:00,1.9079,0.08003597122302208,0.8588390369498192,0.3596393641350891,0.557722724118341
57937-11-03 08:00:00,1.9096,0.06918819188191871,0.8009140868307268,0.35171561950064734,1.0
57937-11-13 18:00:00,1.9121,0.1131805157593122,0.7659749347394742,0.36015968005894483,1.0
57937-11-24 04:00:00,1.911,0.04033149171270789,0.6407494967355853,0.3056471718128516,0.84117508369456
57937-12-04 14:00:00,1.9102,0.1189873417721522,0.47277008178600793,0.2666726681400089,-0.04425470222803024
57937-12-15 00:00:00,1.9076,0.18391608391608527,0.23333197468680603,0.19385483271315695,-0.20896471713721013
57937-12-25 10:00:00,1.9062,0.2454268292682923,-0.0039487607826227105,0.14894514852380147,-0.3789160573540063
57938-01-04 20:00:00,1.9058,0.20104895104895137,-0.19832434505592667,0.12870325811294858,-0.44102397472135313
57938-01-15 06:00:00,1.9027,0.11958568738229969,-0.4337506224612498,0.05166147409377497,-0.6454090121922584
57938-01-25 16:00:00,1.904,0.14528301886792405,-0.5535133007170056,0.07856106938458118,-0.39542668836940237
57938-02-05 02:00:00,1.9092,0.14461247637051144,-0.47972986319898125,0.1692944351300294,-0.14594346622809679
57938-02-15 12:00:00,1.91,0.10084925690021129,-0.4154732566717982,0.16743197554259714,-0.05077713265705251
57938-02-25 22:00:00,1.9078,-0.0035971223021578624,-0.44692528570867396,0.0998299651087522,-0.2647126440913917
57938-03-08 08:00:00,1.9028,-0.19333333333333458,-0.6171930845956378,-0.08450652695242916,-0.6981213997968738
57938-03-18 18:00:00,1.9049,-0.04966887417218435,-0.6574878317229591,-0.043693092591950144,-0.33415658257453623
57938-03-29 04:00:00,1.9059,-0.0627118644067815,-0.6447229576179232,-0.05017866379500757,-0.20417901781623188
57938-04-08 14:00:00,1.9092,-0.047854785478546935,-0.5309588429864555,0.10275746025672883,-0.08439083435128092
57938-04-19 00:00:00,1.9082,-0.0463576158940423,-0.4837967093528633,0.012855397138324398,-0.680392570778333
57938-04-29 10:00:00,1.9087,-0.025083612040131154,-0.4360910972458001,0.047334980110268376,-0.3842013451932584
57938-05-09 20:00:00,1.9044,-0.05063291139240328,-0.5292571706575327,-0.27715924953960214,-0.502060641075288
57938-05-20 06:00:00,1.9064,0.0031055900621148602,-0.5212652673611485,-0.08588992276667162,0.031051929954164007
57938-05-30 16:00:00,1.9035,-0.03314121037463941,-0.5917163743333809,-0.3157280291991208,-0.04000501513486747
57938-06-10 02:00:00,1.9036,0.01419558359621298,-0.6189763231322872,-0.2862258884362243,0.936250224900287
57938-06-20 12:00:00,1.9021,-0.029780564263322873,-0.6628935936336506,-0.3911956350386408,1.0
57938-06-30 22:00:00,1.9026,-0.12132352941176205,-0.6552276578166085,-0.31454638643809113,1.0
57938-07-11 08:00:00,1.899,-0.18333333333332874,-0.7334705794355568,-0.5464911521819168,0.3370354693952312
57938-07-21 18:00:00,1.8976,-0.17465753424657166,-0.7957544882921878,-0.5427866564314003,-0.4134685680980474
57938-08-01 04:00:00,1.9013,-0.02688172043010789,-0.6945198349020159,-0.24539569168935826,0.8944546914387111
57938-08-11 14:00:00,1.8977,-0.1224489795918352,-0.7069875717728904,-0.44650110169611457,0.32936916632444113
57938-08-22 00:00:00,1.8959,-0.16556291390728006,-0.7360672694856274,-0.48068968326159905,-0.3429267988083015
57938-09-01 10:00:00,1.9005,-0.13809523809523272,-0.5860830236179531,-0.1883705297135872,0.7068785019220037
57938-09-11 20:00:00,1.9054,-0.03954802259886797,-0.32165999594505273,0.1309620969356109,1.0
57938-09-22 06:00:00,1.9043,-0.061111111111109784,-0.17326914586661882,0.07369376782673365,1.0
57938-10-02 16:00:00,1.9002,-0.0586592178770966,-0.1923049074854636,-0.18925711499341574,0.27987585974548274
57938-10-13 02:00:00,1.9019,-0.06338028169014187,-0.14603347356933044,-0.06756340750117701,0.7069409114173035
57938-10-23 12:00:00,1.9036,0.001457725947521693,-0.06092153990260475,0.05352519643985476,1.0
57938-11-02 22:00:00,1.9044,0.011428571428573009,0.01801723708196127,0.1340668460616028,1.0
57938-11-13 08:00:00,1.9063,0.05932203389830659,0.120923467601609,0.29186898729220634,1.0
57938-11-23 18:00:00,1.9122,0.11764705882352622,0.34960312673181515,0.6460807608947232,1.0
57938-12-04 04:00:00,1.9153,0.20223325062034492,0.5628357007019748,0.6510510402570009,1.0
57938-12-14 14:00:00,1.9138,0.20049504950494823,0.6200411213980422,0.49393124119178344,1.0
57938-12-25 00:00:00,1.9162,0.1905370843989741,0.6885504296869184,0.5084176124189228,1.0
57939-01-04 10:00:00,1.9155,0.2458563535911591,0.6687576358873023,0.41723018957074565,1.0
57939-01-14 20:00:00,1.9155,0.28488372093023173,0.6135058451554191,0.3686169890899178,1.0
57939-01-25 06:00:00,1.9169,0.26282051282051144,0.5782745542137614,0.37080721138678363,1.0
57939-02-04 16:00:00,1.9106,0.07975460122699485,0.3320097602358186,0.135599867239229,1.0
57939-02-15 02:00:00,1.9106,0.09999999999999853,0.14898956137024671,0.11754689767808502,0.9507448927197182
57939-02-25 12:00:00,1.9133,0.2176079734219286,0.09344881468118091,0.19589600208923796,1.0
57939-03-07 22:00:00,1.9141,0.2089041095890417,0.0652081899380055,0.2051527854048354,1.0
57939-03-18 08:00:00,1.919,0.2376543209876557,0.17474229747031614,0.3728761868748014,1.0
57939-03-28 18:00:00,1.9286,0.2936893203883503,0.5012856357814094,0.6211091726835085,1.0
57939-04-08 04:00:00,1.9331,0.305936073059361,0.7971486316719901,0.6121875585444305,1.0
57939-04-18 14:00:00,1.9297,0.21186440677966134,0.8265233901104698,0.4417646374648382,1.0
57939-04-29 00:00:00,1.9333,0.2153110047846889,0.8891819259952067,0.4771094472515851,1.0
57939-05-09 10:00:00,1.9415,0.285567010309279,1.0,0.5785167297141516,1.0
57939-05-19 20:00:00,1.9562,0.3289473684210532,1.0,0.6956417668748724,1.0
57939-05-30 06:00:00,1.9492,0.2511177347242928,1.0,0.48122022390492913,1.0
57939-06-09 16:00:00,1.9524,0.26244665718349947,1.0,0.46521681068757625,1.0
57939-06-20 02:00:00,1.9468,0.2006711409395987,1.0,0.3311845458458562,1.0
57939-06-30 12:00:00,1.9487,0.27175463623395313,1.0,0.3239322887600683,1.0
57939-07-10 22:00:00,1.9404,0.19005102040816269,0.550043641431892,0.17316665704219336,1.0
57939-07-21 08:00:00,1.9324,0.11409796893667812,-0.04921436047166517,0.03282738183069289,0.5998905353963163
57939-07-31 18:00:00,1.9398,0.1423034330011077,-0.24565968554921605,0.13635562352491237,0.9504462074823832
57939-08-11 04:00:00,1.9425,0.13337116912599245,-0.31556686158877123,0.16220237462823384,0.9898770633307485
57939-08-21 14:00:00,1.9437,0.09473023839397687,-0.34543644315090855,0.16340343735282048,1.0
57939-09-01 00:00:00,1.9459,0.08268733850129151,-0.31875279961211367,0.1826945469603637,1.0
57939-09-11 10:00:00,1.9424,0.0819354838709675,-0.42319522265066967,0.09806120055219092,0.9174305844298482
57939-09-21 20:00:00,1.9415,0.05481283422459904,-0.5277115410817542,0.057099727162684855,0.7213678133033562
57939-10-02 06:00:00,1.9409,-0.004464285714285199,-0.6168609049924777,0.014008165225629532,0.5689375880622854
57939-10-12 16:00:00,1.9307,-0.2033492822966504,-0.969710171974939,-0.3316292212159218,-0.07362108297674862
57939-10-23 02:00:00,1.9209,-0.21603053435114533,-1.0,-0.5759627464732817,-1.0
57939-11-02 12:00:00,1.9287,-0.1690442225392283,-1.0,-0.33156229445573376,-1.0
57939-11-12 22:00:00,1.928,-0.14417177914110468,-1.0,-0.3444851074708032,-1.0
57939-11-23 08:00:00,1.9228,-0.18905109489051058,-1.0,-0.4402605058329047,-1.0
57939-12-03 18:00:00,1.9237,-0.1366612111292958,-1.0,-0.36954622263467135,-1.0
57939-12-14 04:00:00,1.9255,-0.06284153005464405,-1.0,-0.30127077269580393,-1.0
57939-12-24 14:00:00,1.9288,-0.10826771653543221,-1.0,-0.19617217972576334,-0.7591311442950305
57940-01-04 00:00:00,1.9339,-0.08082706766917247,-0.7695189591059173,-0.04252242296239861,-0.4496097168231982
57940-01-14 10:00:00,1.921,-0.1748844375963023,-0.8880491002881737,-0.3662191082438202,-1.0
57940-01-24 20:00:00,1.9216,-0.19194312796208624,-0.9020546211672084,-0.32159880361936766,-1.0
57940-02-04 06:00:00,1.9214,-0.17500000000000027,-0.8710402208731667,-0.2946181201576473,-1.0
57940-02-14 16:00:00,1.926,-0.12166405023547999,-0.6717432953208946,-0.1536928278608728,-0.7606658578898182
57940-02-25 02:00:00,1.9263,-0.11514195583596398,-0.5010393864304973,-0.12857504531727754,0.06555199114862417
57940-03-06 12:00:00,1.9257,-0.04646840148699022,-0.38225841108177266,-0.12728373594091896,-0.04871074640645078
57940-03-16 22:00:00,1.9287,0.08297872340425616,-0.19659808024726552,-0.016795677612232773,0.1662405162449393
57940-03-27 08:00:00,1.9266,-0.025423728813559476,-0.12674065096157636,-0.061921700791833734,-0.06897650212102681
57940-04-06 18:00:00,1.923,-0.056561085972850034,-0.17649736747038697,-0.18217264544295708,-0.7566003367628851
57940-04-17 04:00:00,1.923,0.002564102564102333,-0.19343621567396194,-0.1714289639828182,-0.7046491337770713
57940-04-27 14:00:00,1.9242,0.006361323155215648,-0.15355025210911832,-0.09408917703923969,-0.4447480045045495
57940-05-08 00:00:00,1.9199,-0.06698564593301554,-0.2398676864765257,-0.3618368075084475,-1.0
57940-05-18 10:00:00,1.9217,-0.08808933002481623,-0.22267300063340625,-0.23964741820048469,-0.831142260518751
57940-05-28 20:00:00,1.9214,-0.1760563380281701,-0.20211391903482695,-0.23653515667817648,-1.0
57940-06-08 06:00:00,1.923,0.041322314049587194,-0.12476310392305368,-0.10456627065667284,-0.7184703985585986
57940-06-18 16:00:00,1.9226,0.020833333333335813,-0.07379743605395321,-0.13327852465868445,-0.9686057398558384
57940-06-29 02:00:00,1.9217,0.006072874493926461,-0.05642562464736444,-0.18964574971059772,-1.0
57940-07-09 12:00:00,1.9216,-0.10891089108910795,-0.03760760194709503,-0.18066816197408642,-1.0
57940-07-19 22:00:00,1.925,-0.027896995708151406,0.08308468611999609,0.0823132711809067,-0.773741845348202
57940-07-30 08:00:00,1.9268,0.02244897959183867,0.214545047404343,0.33298484282891394,-0.3640349611940033
57940-08-09 18:00:00,1.925,-0.07939914163090173,0.24059517236389175,0.13054079072715552,-0.7220515279177314
57940-08-20 04:00:00,1.9247,-0.04418604651162811,0.24232020395170326,0.08433523441855995,-0.8667693635929549
57940-08-30 14:00:00,1.9276,0.11057692307692202,0.3212929859043643,0.3535425810192572,-0.5747636663899707
57940-09-10 00:00:00,1.9256,0.05701754385964786,0.3011949952937512,0.14699461873297448,-0.8165145914456631
57940-09-20 10:00:00,1.9266,0.053097345132747,0.30668436188332354,0.24922720225243922,-0.5401809620414524
57940-09-30 20:00:00,1.9298,0.23023255813953458,0.3912563001064973,0.5015243130298397,-0.10392634273390171
57940-10-11 06:00:00,1.9316,0.23023255813953458,0.4793230832810742,0.5889724622651742,0.5674077759347866
57940-10-21 16:00:00,1.9329,0.25555555555555487,0.5493186349092261,0.572850139728859,1.0
57940-11-01 02:00:00,1.9303,0.15531914893616527,0.4895555116050374,0.3442335361721405,0.7013524713082767
57940-11-11 12:00:00,1.9314,0.18181818181817677,0.45816887583234633,0.3699984015160753,1.0
57940-11-21 22:00:00,1.9339,0.2364341085271292,0.4859165783290954,0.4539496097154597,1.0
57940-12-02 08:00:00,1.9346,0.24621212121211955,0.4957769083031817,0.43853452212406663,1.0
57940-12-12 18:00:00,1.934,0.19067796610168852,0.4549420136214572,0.3616050161077885,1.0
57940-12-23 04:00:00,1.932,0.10924369747898666,0.3426886361729688,0.22758947097744164,1.0
57941-01-02 14:00:00,1.9335,0.18085106382978222,0.29264355280603926,0.28394729516271955,1.0
57941-01-13 00:00:00,1.9305,0.11068702290076193,0.1525720062606556,0.09345545449805748,0.4340409253940711
57941-01-23 10:00:00,1.9361,0.14705882352940902,0.2133742721788549,0.396001773018816,1.0
57941-02-02 20:00:00,1.9339,0.14261168384879508,0.16938530113086286,0.24506723506877015,1.0
57941-02-13 06:00:00,1.9388,0.1848484848484827,0.2682827838186459,0.49818687659723015,1.0
57941-02-23 16:00:00,1.9364,0.10248447204968636,0.23847416676821287,0.31085949910979804,0.8023027715711302
57941-03-06 02:00:00,1.9419,0.14345403899721132,0.3589460490381084,0.5566147098183929,1.0
57941-03-16 12:00:00,1.932,-0.010112359550563,0.11825570657439631,-0.04269305034489196,-0.19867298289394167
57941-03-26 22:00:00,1.9283,-0.0219298245614033,-0.1560033787125713,-0.2839286506067338,-1.0
57941-04-06 08:00:00,1.9258,-0.05957446808510641,-0.40164365894174003,-0.44791562622364717,-1.0
57941-04-16 18:00:00,1.9222,-0.12162162162162088,-0.6475697646724681,-0.5952352520408907,-1.0
57941-04-27 04:00:00,1.9198,-0.14859437751004068,-0.8443808599448729,-0.591871672438192,-1.0
57941-05-07 14:00:00,1.9247,-0.08595194085027558,-0.7856972199941408,-0.321535911194322,-1.0
57941-05-18 00:00:00,1.9284,-0.03225806451612939,-0.6030863252686457,-0.13895243450110173,-1.0
57941-05-28 10:00:00,1.9343,0.0066445182724246266,-0.2869667680308855,0.12220397013018769,-0.6727099600764922
57941-06-07 20:00:00,1.9296,-0.007269789983845976,-0.21160024625952056,-0.08809757536711049,-0.8411818289046243
57941-06-18 06:00:00,1.9296,-0.05772646536412013,-0.15380669111761008,-0.07849920732605864,-0.7654165532531069
57941-06-28 16:00:00,1.9272,-0.059292035398229304,-0.17955933816448547,-0.17062683280530722,-0.8298027645580911
57941-07-09 02:00:00,1.9289,-0.0928705440900563,-0.1365861306477403,-0.08213292165652764,-0.6223512557134936
57941-07-19 12:00:00,1.926,-0.09665427509293634,-0.18636270732479818,-0.1978915132970216,-0.6610025012895842
57941-07-29 22:00:00,1.9253,-0.16938775510204052,-0.22720725394990682,-0.20865416658670138,-0.6732209403188534
57941-08-09 08:00:00,1.9259,-0.07682619647355188,-0.22195749181852187,-0.16952725804522695,-0.4438107264389195
57941-08-19 18:00:00,1.9242,-0.05437665782493384,-0.2545282247710867,-0.22110819724495295,-0.787979552987003
57941-08-30 04:00:00,1.9239,-0.026760563380281988,-0.2677691525221171,-0.21215704458611806,-1.0
57941-09-09 14:00:00,1.9221,-0.0014836795252223811,-0.3112480777605378,-0.27252800332696336,-1.0
57941-09-20 00:00:00,1.9226,0.0440251572327065,-0.3037487599490852,-0.22836985246683567,-0.9151714508242225
57941-09-30 10:00:00,1.9208,-0.06794425087108052,-0.33094028840528233,-0.3513663957007998,-1.0
57941-10-10 20:00:00,1.9214,-0.13671874999999756,-0.30784293246395056,-0.28636860942674214,-0.9163324463936683
57941-10-21 06:00:00,1.9207,-0.3333333333333297,-0.2915715387360533,-0.3006707180283602,-1.0
57941-10-31 16:00:00,1.9217,-0.23652694610778596,-0.23028793159356922,-0.21523239092666402,-0.5999504430771828
57941-11-11 02:00:00,1.9283,-0.027896995708156347,0.01951044716548531,0.19915269438162442,-0.13099235175089455
57941-11-21 12:00:00,1.9243,-0.05823293172691024,0.06581069619832593,-0.08321464861958922,-0.6773021994846498
57941-12-01 22:00:00,1.9254,-0.07201646090535102,0.1304221798419979,-0.009064662268559842,-0.3020492154432342
57941-12-12 08:00:00,1.9238,-0.04782608695652152,0.12424217001640092,-0.10596793070124583,-0.7304135343102438
57941-12-22 18:00:00,1.9283,0.05597014925372934,0.25127457238141493,0.2806877322667892,0.07633378118361253
57942-01-02 04:00:00,1.9394,0.18096514745308356,0.646664987575233,0.8154474716283655,1.0
57942-01-12 14:00:00,1.936,0.15128205128205108,0.7660291962928031,0.5311551689627168,1.0
57942-01-23 00:00:00,1.9394,0.18408551068883583,0.9022983902360955,0.5715889222938706,1.0
57942-02-02 10:00:00,1.9419,0.23130841121495282,1.0,0.5584585344605968,1.0
57942-02-12 20:00:00,1.9439,0.24040632054175926,1.0,0.522739759447503,1.0
57942-02-23 06:00:00,1.9459,0.2820224719101114,1.0,0.4929016358830619,1.0
57942-03-05 16:00:00,1.9447,0.258314855875833,1.0,0.4002204322599815,1.0
57942-03-16 02:00:00,1.9366,0.1514285714285717,0.7092273614418351,0.16366139313969175,0.5588440717664807
57942-03-26 12:00:00,1.9366,0.1446601941747584,0.44397055332124175,0.14718952896257498,0.49992435922672007
57942-04-05 22:00:00,1.9339,0.05882352941176483,0.16405237307036516,0.059216606691038565,0.01977776859527301
57942-04-16 08:00:00,1.9322,0.08719646799116954,-0.0816501019966618,-0.001727038040755191,-0.26035845635480115
57942-04-26 18:00:00,1.9358,0.10878661087866004,-0.13858249687950358,0.0842181547680535,0.10637143494811635
57942-05-07 04:00:00,1.9335,0.09999999999999998,-0.2456184095387993,-0.0036772937540204276,-0.2666706731616081
57942-05-17 14:00:00,1.9336,0.060090702947846464,-0.30803469297316466,-0.02290148200644132,-0.0701638994870442
57942-05-28 00:00:00,1.9354,-0.057471264367815855,-0.28903120202533517,0.01731039899126441,0.21636865980365738
57942-06-07 10:00:00,1.9367,0.010703363914375319,-0.23388545977493774,0.05222950023100148,0.5508620086414239
57942-06-17 20:00:00,1.9284,-0.14627659574468127,-0.43785513346648386,-0.295092222626595,0.07000742748013196
57942-06-28 06:00:00,1.9296,-0.1694214876033034,-0.5160425524257051,-0.2678009522287465,0.5322750652074523
57942-07-08 16:00:00,1.9165,-0.2890295358649755,-0.9263230617551439,-0.7037175173280119,-1.0
57942-07-19 02:00:00,1.9085,-0.3501872659175996,-1.0,-0.7265120143345415,-1.0
57942-07-29 12:00:00,1.9008,-0.36644407345575686,-1.0,-0.6848427786659036,-1.0
57942-08-08 22:00:00,1.8992,-0.3501872659176003,-1.0,-0.5735173327041008,-1.0
57942-08-19 08:00:00,1.9033,-0.28956521739130253,-1.0,-0.43071059920496735,-1.0
57942-08-29 18:00:00,1.9055,-0.24912280701754197,-1.0,-0.3502380719157794,-0.7174965183288528
57942-09-09 04:00:00,1.9054,-0.24187725631768742,-1.0,-0.31672130756361816,-0.881429055021287
57942-09-19 14:00:00,1.9077,-0.25970425138632036,-1.0,-0.25472639384543566,-0.6105558902848907
57942-09-30 00:00:00,1.9007,-0.2789115646258489,-1.0,-0.33567461841967705,-0.8388165238648707
57942-10-10 10:00:00,1.9013,-0.27234401349072446,-0.9125544778379028,-0.2937936896888731,-0.5088364068459823
57942-10-20 20:00:00,1.9022,-0.28424657534246667,-0.7228122644448942,-0.2528975776737099,-0.17124476706312045
57942-10-31 06:00:00,1.9049,-0.26588628762541816,-0.46017924225098317,-0.1876447039033292,0.2711707157755861
57942-11-10 16:00:00,1.9004,-0.249999999999999,-0.37413667881141666,-0.23844935952696172,-0.145160977415665
57942-11-21 02:00:00,1.9055,-0.20116861435726352,-0.1230244337695318,-0.13330142372760923,0.20136166287019802
57942-12-01 12:00:00,1.9049,-0.12236286919831363,0.05276673463814572,-0.12536981924712587,0.11168700375332126
57942-12-11 22:00:00,1.9081,-0.004694835680753351,0.2826127377476104,-0.04421408848163083,0.33524662163990276
57942-12-22 08:00:00,1.9171,0.18564920273348662,0.7024569894419509,0.18017490972650652,1.0
57943-01-01 18:00:00,1.9095,0.1032064128256518,0.7346304419422567,0.04410352421046404,0.9953573566501411
57943-01-12 04:00:00,1.9123,0.09259259259259434,0.8231535545749398,0.17604588640844154,1.0
57943-01-22 14:00:00,1.9082,0.02673267326732598,0.739652282306079,0.10408153101064854,1.0
57943-02-02 00:00:00,1.9037,-0.015482695810564995,0.5393787940758309,-0.099328828937576,0.6698409044769463
57943-02-12 10:00:00,1.9073,-0.003558718861209509,0.5109370208715442,0.10809271249832475,0.7564211923690797
57943-02-22 20:00:00,1.9094,0.08479532163742598,0.5468645173565854,0.20559755811788216,1.0
57943-03-05 06:00:00,1.9127,0.10555555555555574,0.6549339964812894,0.35973458185035667,1.0
57943-03-15 16:00:00,1.9156,0.11964285714285727,0.789420643297032,0.4524988799226104,1.0
57943-03-26 02:00:00,1.9137,0.07971014492753536,0.791910337348462,0.31542848825544656,1.0
57943-04-05 12:00:00,1.9151,0.14107485604606396,0.8057789647122057,0.3444457062065549,1.0
57943-04-15 22:00:00,1.9181,0.12599999999999878,0.870784624114525,0.42601425859671616,1.0
57943-04-26 08:00:00,1.9121,0.06498194945848224,0.7005018484331791,0.14000190537923074,1.0
57943-05-06 18:00:00,1.9137,0.052044609665427566,0.6112750708369811,0.19450538753373525,1.0
57943-05-17 04:00:00,1.9155,-0.01716738197424922,0.5819578789497009,0.2585559176923672,1.0
57943-05-27 14:00:00,1.9123,0.03317535545023842,0.44487478972114836,0.08049863351121178,1.0
57943-06-07 00:00:00,1.9126,0.0037783375314858203,0.3482868508918616,0.07455405352249811,1.0
57943-06-17 10:00:00,1.9163,0.10305343511450471,0.38030800522449254,0.2729252949168498,1.0
57943-06-27 20:00:00,1.9126,0.11558441558441868,0.27501419589110265,0.020788703807193776,1.0
57943-07-08 06:00:00,1.9076,0.003759398496240296,0.05070999461315131,-0.31558180665284485,0.7196967354581058
57943-07-18 16:00:00,1.9137,0.048974943052391806,0.08652408030863441,0.11297542401569394,0.8916758972267258
57943-07-29 02:00:00,1.912,-0.008274231678488786,0.05627925684921699,-0.01612812369863914,0.5013336429611451
57943-08-08 12:00:00,1.9165,0.010250569476083382,0.16654008668453135,0.2810019108055911,0.8797548519375105
57943-08-18 22:00:00,1.9178,0.04734411085450374,0.2655705311135385,0.333524731018051,1.0
57943-08-29 08:00:00,1.9235,0.0882352941176473,0.4798286974699184,0.6456361546667457,1.0
57943-09-08 18:00:00,1.9209,0.02966101694915424,0.5124099490500195,0.42816036393826096,1.0
57943-09-19 04:00:00,1.924,0.13431151241535144,0.5941440150183478,0.5380325238045836,1.0
57943-09-29 14:00:00,1.9223,0.09684684684684708,0.5613418435031757,0.38066557623857145,1.0
57943-10-10 00:00:00,1.9444,0.22333848531684797,1.0,0.8831589917747158,1.0
57943-10-20 10:00:00,1.9313,0.12734584450402153,1.0,0.39952102155274294,-0.07028768646636394
57943-10-30 20:00:00,1.9307,0.12082777036048142,0.9365062486675347,0.3401288482638738,-1.0
57943-11-10 06:00:00,1.9241,0.0501285347043704,0.5998132152328604,0.14012155283232586,-1.0
57943-11-20 16:00:00,1.9293,0.10529634300126045,0.49543803379548607,0.2608094607443052,-0.9124258773535717
57943-12-01 02:00:00,1.9332,0.16368286445012814,0.5031806017873882,0.330980137674175,-0.2577792335559794
57943-12-11 12:00:00,1.9326,0.12998624484181664,0.4486698056103533,0.2836815139522706,-0.8387036487773097
57943-12-21 22:00:00,1.9202,0.04916067146282954,0.013532154166198221,-0.0566301033545199,-1.0
57944-01-01 08:00:00,1.9115,-0.028538812785388834,-0.5297056184923503,-0.289974589119695,-1.0
57944-01-11 18:00:00,1.9129,-0.027936145952108915,-0.8170501526262178,-0.2437099229414642,-1.0
57944-01-22 04:00:00,1.9163,-0.04215456674473134,-0.8688698560885205,-0.16088330288690433,-1.0
57944-02-01 14:00:00,1.9192,-0.00991831971995355,-0.7829230060143203,-0.10516852585659331,-0.7934221211817398
57944-02-12 00:00:00,1.919,-0.03019323671497509,-0.7035742281502467,-0.1217443485007057,-1.0
57944-02-22 10:00:00,1.9238,0.008731082654249378,-0.4853904792494129,0.003919735625579124,-0.5505572168307075
57944-03-03 20:00:00,1.9208,-0.17664670658682524,-0.41754028241339225,-0.09871713086151152,-1.0
57944-03-14 06:00:00,1.9201,-0.1029411764705887,-0.3795792046058045,-0.12600519053673143,-1.0
57944-03-24 16:00:00,1.9192,-0.10511882998171862,-0.3672979530326162,-0.14670616515050838,-1.0
57944-04-04 02:00:00,1.9236,-0.004761904761904245,-0.21666086401412954,-0.010426710609050593,-0.9744041310950075
57944-04-14 12:00:00,1.9218,-0.0763747454175161,-0.1671607336371535,-0.06452628209374461,-1.0
57944-04-24 22:00:00,1.9247,-0.08835758835758784,-0.046470245407942146,0.024516610706986297,-0.7245870166828985
57944-05-05 08:00:00,1.9267,-0.0595959595959597,0.08642532643189818,0.14727724395791242,-0.20245529400070775
57944-05-15 18:00:00,1.9204,0.002304147465440054,-0.02176680281141928,-0.0891276127652113,-0.8575045468989535
57944-05-26 04:00:00,1.9205,0.12931034482758808,-0.0890728645036425,-0.06684159587166683,-0.3185012226536618
57944-06-05 14:00:00,1.9199,0.10294117647058665,-0.14739473403354691,-0.08434414915616811,-0.7370119905491858
57944-06-16 00:00:00,1.9142,-0.028925619834710425,-0.34512926614195977,-0.3083077630906462,-1.0
57944-06-26 10:00:00,1.9169,-0.03185595567866967,-0.3746082087774532,-0.17252124210574227,-0.47143888262439176
57944-07-06 20:00:00,1.9197,0.009043927648577865,-0.29331813439734217,0.008511713759414619,0.5271390232882414
57944-07-17 06:00:00,1.9181,-0.08028169014084496,-0.2742563531963066,-0.0891254053222309,-0.021364671313989676
57944-07-27 16:00:00,1.9252,0.05555555555555425,-0.041356078523382245,0.356257317339556,0.8176008193516512
57944-08-07 02:00:00,1.9244,0.05415617128463679,0.08352735965130832,0.2849661392534686,0.35263752758945116
57944-08-17 12:00:00,1.9285,0.10839160839160844,0.27658695592726795,0.5138034264307572,1.0
57944-08-27 22:00:00,1.9273,0.04659949622166226,0.347369034438997,0.3767213031056179,1.0
57944-09-07 08:00:00,1.9251,0.04114713216957655,0.307902391724613,0.2062288723410144,0.5571641441119842
57944-09-17 18:00:00,1.9283,0.04455445544554215,0.3578697638282665,0.3821779991105192,1.0
57944-09-28 04:00:00,1.9241,-0.030516431924884346,0.24507836300825667,0.10541207166131539,1.0
57944-10-08 14:00:00,1.9175,-0.03379953379953515,-0.03422568512438395,-0.2951022425876312,-1.0
57944-10-19 00:00:00,1.9161,-0.04977375565611036,-0.25182946593710737,-0.35587069585946607,-1.0
57944-10-29 10:00:00,1.9177,-0.024336283185840413,-0.3314636819056204,-0.23891209661242813,-1.0
57944-11-08 20:00:00,1.9181,0.048872180451127956,-0.35461758260076953,-0.20154597375729344,-0.7608860412159485
57944-11-19 06:00:00,1.9223,0.06521739130434612,-0.22974854903591074,0.04286665314741711,-0.2555673632105877
57944-11-29 16:00:00,1.9226,0.03727506426735361,-0.13163449195081273,0.0744705701707391,0.5270709015111094
57944-12-10 02:00:00,1.9259,0.096059113300493,0.03218269740737354,0.24733439312728733,1.0
57944-12-20 12:00:00,1.9278,0.03672316384180707,0.18777299269105646,0.3209290749344589,1.0
57944-12-30 22:00:00,1.9261,0.0234159779614298,0.22484346206028427,0.20718300857562766,1.0
57945-01-10 08:00:00,1.9268,-0.02583586626139861,0.2550249717169873,0.22656879473316183,1.0
57945-01-20 18:00:00,1.9278,0.0076452599388371345,0.28745678803817026,0.260186390843846,1.0
57945-01-31 04:00:00,1.9336,0.11707988980716189,0.4586492115152382,0.5092464321382453,1.0
57945-02-10 14:00:00,1.9346,0.0923753665689171,0.5670890911656533,0.4850563731489115,1.0
57945-02-21 00:00:00,1.935,0.17986798679868077,0.6117566011224582,0.4378140183284839,1.0
57945-03-03 10:00:00,1.9397,0.39084507042253236,0.7378697715197838,0.535100797564966,1.0
57945-03-13 20:00:00,1.9353,0.30573248407643394,0.6418804206544462,0.33056013712835475,1.0
57945-03-24 06:00:00,1.9361,0.30065359477124176,0.561598039150781,0.32754529764935014,1.0
57945-04-03 16:00:00,1.9313,0.1885714285714305,0.3310993178622907,0.1421266946764853,0.9431136042038053
57945-04-14 02:00:00,1.9327,0.16149068322981663,0.19822927246890326,0.18179897786839527,1.0
57945-04-24 12:00:00,1.9284,0.08011049723756636,-0.03283578140086761,0.022404621710047645,0.7909656632588887
57945-05-04 22:00:00,1.9338,0.10313315926892919,-0.030938462275841284,0.1941761317978743,0.9321670002939948
57945-05-15 08:00:00,1.9357,0.10313315926892919,0.015077648762386407,0.24708729831181597,1.0
57945-05-25 18:00:00,1.9358,0.13215258855585832,0.033910410719925455,0.23443897220832854,1.0
57945-06-05 04:00:00,1.9323,0.06962025316455478,-0.0701384521617199,0.05727720526826485,0.44600814174677994
57945-06-15 14:00:00,1.9403,0.13440860215053652,0.08911813432940623,0.42598367782577307,0.9789048769012032
57945-06-26 00:00:00,1.9331,-0.005219206680583899,-0.03754275992544503,0.028922667028872584,0.14344532277031566
57945-07-06 10:00:00,1.9297,-0.04870775347912648,-0.2260856951366685,-0.19137452291610124,-0.8229740902206892
57945-07-16 20:00:00,1.9311,-0.038011695906432774,-0.30331060741355687,-0.11944218161181652,0.1635128639769779
57945-07-27 06:00:00,1.9341,-0.0564516129032262,-0.25945548906521293,0.05216052884557243,0.6701125367416721
57945-08-06 16:00:00,1.9386,0.033199195171026874,-0.09775940317762181,0.3444060918410743,1.0
57945-08-17 02:00:00,1.9416,0.05298651252408504,0.08588559936451141,0.5026828476341363,1.0
57945-08-27 12:00:00,1.9335,0.019927536231883813,-0.04960384399058142,-0.08193577064210117,0.9429438763226932
57945-09-06 22:00:00,1.9396,0.057595993322202665,0.0353903818007274,0.32413953099153436,1.0
57945-09-17 08:00:00,1.9273,-0.008100147275404035,-0.28149429672970117,-0.44865898211508254,0.7258689772559875
57945-09-27 18:00:00,1.9264,-0.05835962145110457,-0.5012152181368744,-0.442305231308779,0.10952545467284171
57945-10-08 04:00:00,1.9306,-0.038812785388126825,-0.49893822295465945,-0.17658062255021,0.7537735572075328
57945-10-18 14:00:00,1.9302,-0.04242424242424242,-0.49038381644956525,-0.18181667665898693,0.22534679046390516
57945-10-29 00:00:00,1.9316,-0.00547730829420906,-0.424836054814383,-0.10087938243231903,0.5960777467995892
57945-11-08 10:00:00,1.9348,-0.046531302876478775,-0.273644249462675,0.08046024394529061,1.0
57945-11-18 20:00:00,1.9367,0.03345724907063197,-0.11391134582722896,0.1718693144917114,1.0
57945-11-29 06:00:00,1.9272,-0.020868113522536924,-0.28873935075713175,-0.3571187286897459,0.6024795379288815
57945-12-09 16:00:00,1.9179,-0.09734513274336254,-0.6576197225221547,-0.6582862100095099,-0.9963034746125723
57945-12-20 02:00:00,1.9116,-0.15822784810126378,-1.0,-0.683949581957718,-1.0
57945-12-30 12:00:00,1.9074,-0.22033898305084632,-1.0,-0.631969994291776,-1.0
57946-01-09 22:00:00,1.9023,-0.26954732510287754,-1.0,-0.6112941542518203,-1.0
57946-01-20 08:00:00,1.9043,-0.218562874251494,-1.0,-0.4766522030481969,-1.0
57946-01-30 18:00:00,1.8956,-0.3170028818443771,-1.0,-0.5391094378555078,-1.0
57946-02-10 04:00:00,1.9007,-0.21382636655948206,-1.0,-0.39092629331830914,-1.0
57946-02-20 14:00:00,1.897,-0.22615384615384232,-1.0,-0.39743522022748157,-1.0
57946-03-03 00:00:00,1.8965,-0.27814029363784415,-1.0,-0.3614151128976655,-1.0
57946-03-13 10:00:00,1.8984,-0.2531847133757933,-1.0,-0.30188626282644615,-1.0
57946-03-23 20:00:00,1.9024,-0.2232415902140653,-0.8027861613115143,-0.21576634393722882,-0.9590993840467877
57946-04-03 06:00:00,1.8969,-0.2799113737075322,-0.6656541821286771,-0.27822490191009397,-1.0
57946-04-13 16:00:00,1.8977,-0.2927927927927929,-0.49032770181480007,-0.23977667434108385,-0.6552725683808093
57946-04-24 02:00:00,1.8997,-0.2326565143824027,-0.2642086309124666,-0.18664101235803898,-0.18517233974232872
57946-05-04 12:00:00,1.9013,-0.1614785992217891,-0.029147220347556464,-0.1414733436292177,0.12923131969826393
57946-05-14 22:00:00,1.9089,-0.025616698292219353,0.3738950254538571,0.008323147686767007,0.5342460911971861
57946-05-25 08:00:00,1.9059,-0.014563106796116942,0.5517278571421811,-0.02512674410369986,0.15962585674981802
57946-06-04 18:00:00,1.9063,0.04273504273504225,0.6767820350540638,0.01317992865022588,0.5625047409382311
57946-06-15 04:00:00,1.9035,-0.008403361344539062,0.667520532064107,-0.018292831964424328,0.4936742001290014
57946-06-25 14:00:00,1.9043,0.10957178841309811,0.6778157464619489,0.06032996623933318,1.0
57946-07-06 00:00:00,1.9006,-0.0013054830287204111,0.5673102922501851,-0.08203369693803086,0.6439211619450695
57946-07-16 10:00:00,1.9027,0.077656675749318,0.5543999471434046,0.06980532782314319,1.0
57946-07-26 20:00:00,1.9032,0.0912806539509512,0.5555050309919585,0.12276515609758876,1.0
57946-08-06 06:00:00,1.9044,0.08333333333333182,0.5844443884631503,0.19482923442653355,1.0
57946-08-16 16:00:00,1.9034,0.01515151515151314,0.5639489442667069,0.13141156214640892,1.0
57946-08-27 02:00:00,1.9016,0.08020477815699323,0.4889735320783099,-0.012492587107313324,0.5710083361568024
57946-09-06 12:00:00,1.8987,0.01592356687898222,0.35065116220717213,-0.2143497694068136,-0.17245811592386773
57946-09-16 22:00:00,1.8985,-0.020270270270267565,0.2576603500704754,-0.24054404829844184,-0.7563783714605248
57946-09-27 08:00:00,1.9031,0.027607361963190025,0.3370754121819798,0.08140747502943801,-0.17274040105069735
57946-10-07 18:00:00,1.9037,-0.10156249999999978,0.40319858763200156,0.11171564422897928,0.3611252813890247
57946-10-18 04:00:00,1.894,-0.18421052631578733,0.15682077563002678,-0.5547835016690986,-1.0
57946-10-28 14:00:00,1.894,-0.19278996865203923,0.009452955225139777,-0.5071351035811767,-1.0
57946-11-08 00:00:00,1.8896,-0.2074626865671641,-0.1962169395549378,-0.635403658016328,-1.0
57946-11-18 10:00:00,1.8921,-0.17329545454545808,-0.22637407232205242,-0.4386662085658185,-1.0
57946-11-28 20:00:00,1.8953,-0.07636887608069293,-0.12405265414164057,-0.25802258838868275,-1.0
57946-12-09 06:00:00,1.8923,-0.14606741573033716,-0.12423024945715,-0.36572947054485316,-1.0
57946-12-19 16:00:00,1.896,-0.09278350515464107,0.006645753072534326,-0.16721029692610506,-0.7321205791817684
57946-12-30 02:00:00,1.8943,-0.12849872773537074,0.05561908585468432,-0.2290406718309712,-0.9268686838585238
57947-01-09 12:00:00,1.8895,-0.16125290023202082,-0.03966306120236249,-0.4153738290297822,-1.0
57947-01-19 22:00:00,1.8884,-0.15566037735849164,-0.11258687509862308,-0.4133570851349134,-1.0
57947-01-30 08:00:00,1.8888,-0.12406015037594204,-0.12375956755261104,-0.3504204330006293,-0.8036645207782596
57947-02-09 18:00:00,1.8885,-0.12500000000000205,-0.11573380224747089,-0.32663517349073756,-0.9432257274773542
57947-02-20 04:00:00,1.8835,-0.24257425742574612,-0.23262668837278122,-0.4713921653769012,-1.0
57947-03-02 14:00:00,1.8826,-0.259213759213761,-0.3018264964413661,-0.45067742008979306,-1.0
57947-03-13 00:00:00,1.8824,-0.18589743589743646,-0.3164440022958249,-0.41135419238123794,-1.0
57947-03-23 10:00:00,1.876,-0.23936170212766217,-0.47581575082180855,-0.5532354180548582,-1.0
57947-04-02 20:00:00,1.8784,-0.15730337078651574,-0.4603509666914646,-0.41021087237416765,-1.0
57947-04-13 06:00:00,1.8823,-0.13243243243243014,-0.2914055313223258,-0.25219288962143793,-1.0
57947-04-23 16:00:00,1.8801,-0.21111111111111058,-0.21199597945913068,-0.3047735760823234,-1.0
57947-05-04 02:00:00,1.8831,-0.12777777777777977,-0.041037801207509196,-0.18342128764476145,-1.0
57947-05-14 12:00:00,1.8823,-0.20694864048338146,0.06783274980852878,-0.19515472237644793,-1.0
57947-05-24 22:00:00,1.8812,-0.20153846153846205,0.12319460891176913,-0.21826638852099461,-1.0
57947-06-04 08:00:00,1.8803,-0.16083916083915895,0.14765637182873248,-0.23298741380059707,-1.0
57947-06-14 18:00:00,1.8803,-0.14727272727272678,0.17732646208728878,-0.2106094410007423,-1.0
57947-06-25 04:00:00,1.8806,-0.14963503649634957,0.21703310424247976,-0.1793338761216815,-0.9155567670730985
57947-07-05 14:00:00,1.8779,-0.17785234899328972,0.1731383999818513,-0.2757382706111819,-0.9739391619750626
57947-07-16 00:00:00,1.8832,-0.004983388704318303,0.3115928404147966,0.0008252841625249197,-0.7829921849717973
57947-07-26 10:00:00,1.8835,0.015254237288133687,0.4108454774460365,0.05745309591729575,-0.5499879061193729
57947-08-05 20:00:00,1.8858,0.053797468354427336,0.5375984047575106,0.24250094079370976,-0.31292636802454565
57947-08-16 06:00:00,1.8859,0.19565217391304313,0.6096864186250947,0.27367353179633735,-0.12103511779284883
57947-08-26 16:00:00,1.8903,0.2179487179487175,0.7674957603091352,0.5757107277365567,0.13808837265702203
57947-09-06 02:00:00,1.8928,0.2027027027027014,0.9137115870679672,0.6477897079295485,0.5728398359171364
57947-09-16 12:00:00,1.895,0.2876447876447855,1.0,0.6138965037670578,1.0
57947-09-26 22:00:00,1.8989,0.294776119402984,1.0,0.625914424026454,1.0
57947-10-07 08:00:00,1.9008,0.331541218637989,1.0,0.5657613737095204,1.0
57947-10-17 18:00:00,1.901,0.3666666666666656,1.0,0.49107596775356077,1.0
57947-10-28 04:00:00,1.9044,0.40847457627118244,1.0,0.5076960856729085,1.0
57947-11-07 14:00:00,1.9054,0.41147540983606135,1.0,0.4586708091525339,1.0
57947-11-18 00:00:00,1.9007,0.28796561604584414,1.0,0.29709059950023853,1.0
57947-11-28 10:00:00,1.8987,0.3040935672514641,0.8106687428395716,0.2204540422578729,1.0
57947-12-08 20:00:00,1.9002,0.27960526315789536,0.6412881062093247,0.23572799167663738,1.0
57947-12-19 06:00:00,1.8996,0.2622149837133574,0.47422276628223975,0.19834830184441132,0.6659181719487216
57947-12-29 16:00:00,1.8961,0.16144200626959304,0.23188021889960417,0.08616464985688954,0.2903766839058708
57948-01-09 02:00:00,1.8934,0.10869565217391464,-0.022184885541091375,-0.009326795744069527,-0.12532661598052017
57948-01-19 12:00:00,1.8883,-0.028409090909091383,-0.34008111525485335,-0.18491126365371285,-0.9933386407593958
57948-01-29 22:00:00,1.8791,-0.16348448687351036,-0.7998774455337222,-0.48830058148775396,-1.0
57948-02-09 08:00:00,1.882,-0.15258215962441624,-0.970513463200167,-0.3875748558368822,-1.0
57948-02-19 18:00:00,1.8788,-0.23985680190931147,-1.0,-0.4592383750267266,-1.0
57948-03-01 04:00:00,1.8802,-0.24879227053140368,-1.0,-0.39008326114375647,-1.0
57948-03-11 14:00:00,1.8729,-0.2896907216494874,-1.0,-0.5206784623778856,-1.0
57948-03-22 00:00:00,1.8795,-0.24081237911025566,-1.0,-0.3201541261966336,-1.0
57948-04-01 10:00:00,1.8852,-0.17907801418439845,-0.7899075332001969,-0.1670454282020476,-0.8239280653347111
57948-04-11 20:00:00,1.883,-0.16419294990723726,-0.5992244039678521,-0.20297509937748826,-0.9958707743292217
57948-04-22 06:00:00,1.8815,-0.16104868913857884,-0.48473656689845696,-0.2167510948075303,-1.0
57948-05-02 16:00:00,1.8864,-0.12147887323943507,-0.23662934491745308,-0.08402885082034672,-0.5347862430734328
57948-05-13 02:00:00,1.8874,-0.10664335664335672,-0.030749631857281537,-0.044218848243002984,-0.15740830152666047
57948-05-23 12:00:00,1.8852,-0.09749552772808534,0.044803253164196144,-0.08110971500453518,-0.2623770988350106
57948-06-02 22:00:00,1.891,-0.020338983050847137,0.2674495179721454,0.10682671380000919,0.12627647125568722
57948-06-13 08:00:00,1.8848,-0.02911813643926836,0.22074635664172007,-0.06064258937065631,-0.004384964122599307
57948-06-23 18:00:00,1.8807,0.014545454545455083,0.06828646325956902,-0.1747428668625346,-0.41332571641941457
57948-07-04 04:00:00,1.8822,0.0018656716417929653,0.02036656340618964,-0.10359791819926423,0.1705106667527107
57948-07-14 14:00:00,1.8692,-0.0757097791798107,-0.38159098369224004,-0.5562504747399495,-0.5687556223507177
57948-07-25 00:00:00,1.872,-0.06327160493827111,-0.5236476611990346,-0.41619884476019203,1.0
57948-08-04 10:00:00,1.8778,0.03870458135860888,-0.4068472514824793,-0.16042885208841745,1.0
57948-08-14 20:00:00,1.8842,0.037242472266245,-0.11553263517443581,0.14229204447835808,1.0
57948-08-25 06:00:00,1.8821,-0.02605042016806608,0.022761148007405453,0.03727991401944475,1.0
57948-09-04 16:00:00,1.8842,0.010101010101010832,0.18008524918779836,0.129680981522738,1.0
57948-09-15 02:00:00,1.8799,-0.012861736334405405,0.15440559814655327,-0.07341484314260466,1.0
57948-09-25 12:00:00,1.8826,-0.031666666666666565,0.21875411805214412,0.04725577482325649,1.0
57948-10-05 22:00:00,1.8827,-0.03976311336717325,0.25998491985355354,0.03138652484837667,1.0
57948-10-16 08:00:00,1.8814,-0.03264604810996552,0.24322461296544107,-0.03950589067578547,0.8897012134830017
57948-10-26 18:00:00,1.886,-0.04385964912280754,0.36216214222553444,0.19180164815462486,0.9000081022706319
57948-11-06 04:00:00,1.8912,0.05714285714285605,0.5765552861936158,0.4024175912815876,1.0
57948-11-16 14:00:00,1.8808,0.0008025682182984939,0.3841824858448543,-0.08384473584895047,0.9815348135677929
57948-11-27 00:00:00,1.8801,-0.01707317073170711,0.22838699306764165,-0.10286187806820324,0.6516407851352229
57948-12-07 10:00:00,1.8833,0.13636363636363558,0.21667465140634,0.059652243121149806,0.6946630273934119
57948-12-17 20:00:00,1.8813,0.09135559921414371,0.1440433906755125,-0.02816557391038621,0.5049971786266396
57948-12-28 06:00:00,1.8815,0.04083885209713034,0.10074014756210209,0.005399680610816082,0.5252589278512968
57949-01-07 16:00:00,1.8803,-0.04862842892768093,0.03711213223520447,-0.047920654093265014,0.21888883396729358
57949-01-18 02:00:00,1.8786,-0.04408060453400575,-0.05055680900567129,-0.13422880076953853,-0.11960774139248606
57949-01-28 12:00:00,1.8823,-0.023002421307506127,0.008585485717158337,0.06655143748395842,0.07112310444609825
57949-02-07 22:00:00,1.8796,-0.0037783375314857093,-0.029647632744683836,-0.13532393580204932,-0.9574951424512601
57949-02-18 08:00:00,1.8774,-0.0663265306122463,-0.11228930542216137,-0.3604999600182406,-1.0
57949-02-28 18:00:00,1.8763,-0.07960199004975116,-0.18616142185689033,-0.42678592879374716,-1.0
57949-03-11 04:00:00,1.877,-0.05555555555555558,-0.1978506048460934,-0.3323044100345286,-1.0
57949-03-21 14:00:00,1.8734,-0.16321243523316098,-0.29465383000718587,-0.5024907767435874,-1.0
57949-04-01 00:00:00,1.8729,-0.26991150442478173,-0.34883228418168755,-0.45859244486832124,-1.0
57949-04-11 10:00:00,1.871,-0.19291338582677497,-0.4134066001135256,-0.48662031229066277,-1.0
57949-04-21 20:00:00,1.873,-0.13295880149813072,-0.3666588248491913,-0.33710089689814227,-1.0
57949-05-02 06:00:00,1.8733,-0.21008403361344719,-0.3012304426075084,-0.2894854693908817,-0.49209357693534345
57949-05-12 16:00:00,1.877,-0.08431372549019606,-0.1278786823769744,-0.09185451569586162,0.12832862883600174
57949-05-23 02:00:00,1.876,-0.10456273764258678,-0.03247349366802912,-0.12384325140074964,-0.290765181299251
57949-06-02 12:00:00,1.8733,-0.1258992805755414,-0.04033000701375752,-0.279486241750593,-0.6963556406787512
57949-06-12 22:00:00,1.8705,-0.14013840830449864,-0.11531571345884081,-0.41042109242381375,-1.0
57949-06-23 08:00:00,1.8623,-0.2994011976047919,-0.38535163776942166,-0.6846945727469194,-1.0
57949-07-03 18:00:00,1.8638,-0.24534161490683615,-0.4802857855653279,-0.5205827651234626,-1.0
57949-07-14 04:00:00,1.8554,-0.286458333333337,-0.7475407702342778,-0.6790907418431584,-1.0
57949-07-24 14:00:00,1.8546,-0.28477690288714286,-0.8858890606739125,-0.5753005340300594,-1.0
57949-08-04 00:00:00,1.8482,-0.32876712328767344,-1.0,-0.613927853549849,-1.0
57949-08-14 10:00:00,1.8555,-0.1884210526315815,-0.941817075559147,-0.3678294265992307,-1.0
57949-08-24 20:00:00,1.86,-0.12524271844660184,-0.6441808844020079,-0.22783079462659744,-0.40015874547834074
57949-09-04 06:00:00,1.8616,-0.09179687500000172,-0.35589731711295247,-0.1656089779530548,0.22123651423552543
57949-09-14 16:00:00,1.8671,-0.05393053016453442,0.025733754073002983,-0.0002841246096746963,0.7091268874508843
57949-09-25 02:00:00,1.8608,-0.10296540362438272,0.10236625904110942,-0.16037332770186608,0.3429999509203462
57949-10-05 12:00:00,1.8595,-0.1500857632933122,0.12910757649858115,-0.17794410033906055,-0.3403350225935863
57949-10-15 22:00:00,1.8555,-0.1672104404567712,0.04429765653725448,-0.2686254904866839,-0.616751345822837
57949-10-26 08:00:00,1.8543,-0.15886287625418133,-0.024590653378088502,-0.2747434721812789,-0.981493366116262
57949-11-05 18:00:00,1.8495,-0.16990291262136126,-0.18461141553546345,-0.36828113942581814,-1.0
57949-11-16 04:00:00,1.845,-0.1488812392426868,-0.3842113224398193,-0.43306692591430745,-1.0
57949-11-26 14:00:00,1.8472,-0.14115646258503417,-0.4022740801698651,-0.33776740918252796,-1.0
57949-12-07 00:00:00,1.8379,-0.14656616415410356,-0.6394001243131693,-0.5167852412537772,-1.0
57949-12-17 10:00:00,1.8432,-0.08878504672897314,-0.5750054899843928,-0.35432902665170063,-1.0
57949-12-27 20:00:00,1.8457,-0.020729684908791013,-0.4051835068578918,-0.2677103463137717,-0.9923797603141659
57950-01-07 06:00:00,1.8523,-0.026845637583891524,-0.05792881060108082,-0.05384139651467679,-0.18780480763864343
57950-01-17 16:00:00,1.8539,-0.053791887125220594,0.23693911835003062,0.01166239463656571,0.1839855331044332
57950-01-28 02:00:00,1.8528,-0.07829181494661847,0.40439021888574783,-0.007037900139426179,-0.10143880982438212
57950-02-07 12:00:00,1.8571,-0.09090909090909105,0.6394478119627165,0.14048891427244525,0.3487941687744703
57950-02-17 22:00:00,1.8548,-0.05882352941176483,0.7110052988130957,0.059639868830099974,-0.7367598272512565
57950-02-28 08:00:00,1.8576,-0.01809523809523833,0.8231494513626537,0.14173340019555858,-0.3090672232142054
57950-03-10 18:00:00,1.8597,0.041501976284585074,0.9326039208545367,0.20464151894223326,0.2788502122385064
57950-03-21 04:00:00,1.8579,0.035156250000000666,0.918998485641852,0.14773679934492656,-0.061083060675447075
57950-03-31 14:00:00,1.8529,0.03307392996109049,0.7337431487774134,-0.01211872021337207,-0.3486218710770237
57950-04-11 00:00:00,1.8578,0.12355212355212375,0.7370825322533762,0.2026364705619904,0.017910376016638366
57950-04-21 10:00:00,1.8564,0.09019607843137445,0.673411000178909,0.16095523428532754,-0.17938284215993608
57950-05-01 20:00:00,1.8558,0.2115839243498806,0.5928254948421723,0.1478470252322499,-0.4182262559540579
57950-05-12 06:00:00,1.8542,0.14248704663212697,0.4754065906864643,0.08219930651864937,-0.699865831541552
57950-05-22 16:00:00,1.862,0.18564920273348828,0.613562830298126,0.37788158529080595,-0.0434802559306059
57950-06-02 02:00:00,1.8655,0.16176470588235337,0.7781149985264507,0.4457270567516455,1.0
57950-06-12 12:00:00,1.8685,0.1729857819905224,0.9342593932973902,0.47964381037119197,1.0
57950-06-22 22:00:00,1.8659,0.14988558352402748,0.9118295417678837,0.3478962685120084,0.9873029858651496
57950-07-03 08:00:00,1.8746,0.1819126819126834,1.0,0.5850934876302099,1.0
57950-07-13 18:00:00,1.8708,0.16129032258064568,1.0,0.4215172901618036,0.9642955965444509
57950-07-24 04:00:00,1.8731,0.15784114052953258,1.0,0.45544767912653217,1.0
57950-08-03 14:00:00,1.8689,0.08984375000000111,0.8423803963201401,0.27810913523446035,0.6982452783160141
57950-08-14 00:00:00,1.8667,0.0852713178294564,0.6051901671498453,0.18051132674954096,0.21109406680116932
57950-08-24 10:00:00,1.8655,0.13179916317991558,0.3815511944666415,0.11961707103651897,-0.8334006363720274
57950-09-03 20:00:00,1.8701,0.12947368421052763,0.34607054325145303,0.2626689073463082,0.2877304865440658
57950-09-14 06:00:00,1.8719,0.16179540709811857,0.34810022056767503,0.2973845603494457,1.0
57950-09-24 16:00:00,1.8672,0.10961538461538523,0.18355637803337616,0.10939556518627247,0.7236443087168039
57950-10-05 02:00:00,1.869,0.14176245210727823,0.11199925555180708,0.15950540729286444,1.0
57950-10-15 12:00:00,1.8667,0.05032119914346789,-0.01711146578007933,0.058670362868253556,0.45989010561423305
57950-10-25 22:00:00,1.8701,0.049356223175966996,-0.009588236150719633,0.1722853983775604,0.9393991241637826
57950-11-05 08:00:00,1.8774,0.08742632612966483,0.19671266663682976,0.4267523939121748,1.0
57950-11-15 18:00:00,1.8679,0.01730103806228378,0.027371471455973784,0.013970262007868772,0.5497560813834531
57950-11-26 04:00:00,1.8661,-0.08349705304518662,-0.14448931093104042,-0.10385109842613449,-1.0
57950-12-06 14:00:00,1.8588,-0.11029411764705932,-0.4686699482355921,-0.5678599130323955,-1.0
57950-12-17 00:00:00,1.8601,-0.12172284644194692,-0.6199538253531067,-0.46601753038258353,-1.0
57950-12-27 10:00:00,1.8599,-0.09109311740890597,-0.6971837680394828,-0.4271599517464193,-1.0
57951-01-06 20:00:00,1.866,-0.006566604127579034,-0.5389971788567016,-0.09688023324880757,-1.0
57951-01-17 06:00:00,1.8634,-0.019195612431444242,-0.4935361335091427,-0.2234914380347534,-1.0
57951-01-27 16:00:00,1.8659,-0.03992395437262575,-0.37155049825858166,-0.07551972091759207,-0.7887169219558522
57951-02-07 02:00:00,1.8572,-0.12352941176470561,-0.533127989321528,-0.47049869008545,-1.0
57951-02-17 12:00:00,1.8672,0.0,-0.318482900503396,0.047307048040290844,-0.06735393566423421
57951-02-27 22:00:00,1.8614,-0.05523255813953526,-0.33841875671970956,-0.23395256444349544,-0.4411709442754247
57951-03-10 08:00:00,1.8649,-0.012857142857143011,-0.2328896804179809,-0.04832593776487326,0.5708922541561472
57951-03-20 18:00:00,1.8661,-0.029498525073746285,-0.12066502057441546,0.012146878764364488,0.849574692599942
57951-03-31 04:00:00,1.8584,-0.13929618768328322,-0.26888888807845746,-0.34385091742438356,-0.12902423259585824
57951-04-10 14:00:00,1.8513,-0.1261398176291783,-0.5545106720551353,-0.573348071646422,-1.0
57951-04-21 00:00:00,1.8535,-0.09516616314199461,-0.6393348714153292,-0.4135849820182799,-1.0
57951-05-01 10:00:00,1.8557,-0.025368248772504765,-0.5923992366416216,-0.2910407561574634,-0.624791514721881
57951-05-11 20:00:00,1.8578,-0.01857835218093845,-0.4668998667056724,-0.18718851888461774,-0.3049541422386404
57951-05-22 06:00:00,1.8562,-0.02922590837282807,-0.4053626202084959,-0.2281274722654586,-0.422954965035615
57951-06-01 16:00:00,1.8544,-0.09830508474576294,-0.392038635107052,-0.3061801474769396,-0.5653631262418729
57951-06-12 02:00:00,1.857,-0.05423728813559292,-0.28067537973944723,-0.15878791464634234,0.47121964157614404
57951-06-22 12:00:00,1.8601,-0.048657718120803606,-0.09850848691144637,0.018157208933982982,0.6703239868615389
57951-07-02 22:00:00,1.8619,0.04459203036053261,0.08087488996701787,0.10690211035284869,1.0
57951-07-13 08:00:00,1.8666,-0.006329113924049945,0.33333109185319987,0.3265116536945646,1.0
57951-07-23 18:00:00,1.867,0.06666666666666721,0.4924412165380218,0.3141548388569879,1.0
57951-08-03 04:00:00,1.865,0.0012345679012344402,0.513727909599186,0.22065190449036087,1.0
57951-08-13 14:00:00,1.8647,-0.017676767676768623,0.4958217894747004,0.20068911448890936,0.8035829352005817
57951-08-24 00:00:00,1.8641,0.08769230769230896,0.4444273723327565,0.17855132076479907,0.5279203189692449
57951-09-03 10:00:00,1.8639,0.24609375000000044,0.3853665014635875,0.15213647102844396,0.28902964510913476
57951-09-13 20:00:00,1.8655,0.2400000000000011,0.3761077336968307,0.24129695669158635,0.6509349691452996
57951-09-24 06:00:00,1.8638,0.1653061224489798,0.301644589808327,0.14699177330020907,0.41093635324640954
57951-10-04 16:00:00,1.8614,0.07258064516129148,0.1691548652641732,0.03503253512423854,2.119023504378805e-05
57951-10-15 02:00:00,1.8606,0.09166666666666579,0.05342348296294356,0.00827170312034442,-0.2880533175068256
57951-10-25 12:00:00,1.8679,0.2288135593220324,0.1898939362142671,0.35316890753736063,0.19049608815278823
57951-11-04 22:00:00,1.8696,0.22027972027971965,0.31386309721601036,0.4081048140439,0.5338648544663918
57951-11-15 08:00:00,1.8653,0.08724832214764933,0.2481508395411392,0.16387935091190886,0.028688819932687046
57951-11-25 18:00:00,1.862,0.0015974440894566122,0.09553440674026559,-0.0451886672624528,-0.31670768532809795
57951-12-06 04:00:00,1.8624,-0.07777777777777833,0.0039204094370937,-0.03628128222949589,-0.0706182702024229
57951-12-16 14:00:00,1.8628,-0.07777777777777833,-0.04466482139233061,-0.03480149042104386,0.16446593163415738
57951-12-27 00:00:00,1.8632,-0.035433070866142724,-0.06363173675559783,-0.04622629604335443,0.640732117808553
57952-01-06 10:00:00,1.8621,-0.04961832061068655,-0.10655311542494303,-0.1900936498676858,-0.09553247094617534
57952-01-16 20:00:00,1.8609,-0.059701492537315826,-0.16490635234084516,-0.3222546835263512,-0.9040580585325659
57952-01-27 06:00:00,1.8579,-0.10135135135134976,-0.281886698542196,-0.5377185805314159,-1.0
57952-02-06 16:00:00,1.8595,-0.1013513513513542,-0.29495420192746347,-0.3503000121199725,-0.8387020575308228
57952-02-17 02:00:00,1.8589,-0.08596491228070285,-0.30556553736625697,-0.3612643731771936,-1.0
57952-02-27 12:00:00,1.8637,0.037216828478965125,-0.15621604229649633,0.06035628312064023,-0.836547068211485
57952-03-08 22:00:00,1.8659,0.08204334365325083,0.010246912130401808,0.24333277897716932,0.23261867532743744
57952-03-19 08:00:00,1.8662,-0.03359683794466106,0.12338655545808563,0.2534674096232825,0.9900172419655247
57952-03-29 18:00:00,1.8675,-0.04216867469879626,0.22599729464543983,0.3306013136627808,1.0
57952-04-09 04:00:00,1.8719,0.13200000000000278,0.4063410456262532,0.5634562694897942,1.0
57952-04-19 14:00:00,1.8711,0.20222222222222597,0.47367870981424326,0.44017398835662136,0.6368356565954102
57952-04-30 00:00:00,1.8689,0.13374485596708097,0.4248293610065955,0.27350318063240586,-0.24404325411577865
57952-05-10 10:00:00,1.8733,0.18551236749116962,0.49684374254838887,0.4638515480954847,1.0
57952-05-20 20:00:00,1.8729,0.1713780918727963,0.5000001883812905,0.4003678600382181,-0.004305712337771754
57952-05-31 06:00:00,1.8701,0.1333333333333363,0.388840016384643,0.2502237007240563,-1.0
57952-06-10 16:00:00,1.8706,0.16552901023891298,0.3070168616825039,0.2548680027574912,-0.556315819030453
57952-06-21 02:00:00,1.8711,0.2462686567164224,0.24717113251298004,0.2535010377853042,0.0834423095482279
57952-07-01 12:00:00,1.8713,0.23228346456693505,0.19494269564230193,0.23860913091056246,0.6838843191879715
57952-07-11 22:00:00,1.873,0.26603773584906154,0.19344017342319986,0.2906305425398549,1.0
57952-07-22 08:00:00,1.8688,0.09845559845560203,0.05164825248638439,0.07457302947952305,0.3639256016075391
57952-08-01 18:00:00,1.87,0.08232931726908155,-0.013590453112245797,0.11676766001281302,0.8282902437868886
57952-08-12 04:00:00,1.8712,0.09689922480620183,-0.027396190278225905,0.15780918931807664,1.0
57952-08-22 14:00:00,1.8691,0.030075187969926254,-0.10422608205923423,0.021298131190864766,0.6174614374060166
57952-09-02 00:00:00,1.8666,-0.1072874493927119,-0.2279353124412494,-0.17723122879456132,-0.4778232562806795
57952-09-12 10:00:00,1.8718,0.012027491408933555,-0.149912208845226,0.19441698842003896,0.41161822421419564
57952-09-22 20:00:00,1.8735,0.08041958041958064,-0.051064170944886876,0.34720489944635513,1.0
57952-10-03 06:00:00,1.8758,0.047169811320754484,0.07323432293366623,0.5218528831481275,1.0
57952-10-13 16:00:00,1.8751,0.04104477611940327,0.11948590871920947,0.4141410577949888,1.0
57952-10-24 02:00:00,1.8739,0.07539682539682246,0.09956963532824853,0.26391991871802445,0.7840886816397552
57952-11-03 12:00:00,1.8736,0.05999999999999861,0.06519250808074498,0.21709119736469418,0.10330677850811344
57952-11-13 22:00:00,1.8745,0.06692913385826949,0.05833148171809273,0.2852222620334681,1.0
57952-11-24 08:00:00,1.8781,0.11805555555555824,0.14752805271573047,0.5461795044099638,1.0
57952-12-04 18:00:00,1.869,-0.05524861878453047,-0.07771777631245635,-0.2704661936814688,0.14661884675325446
57952-12-15 04:00:00,1.8715,0.03913043478260758,-0.1504435882401623,-0.0388544540968454,0.8174521302883966
57952-12-25 14:00:00,1.8738,0.05337078651685134,-0.12923857048654538,0.1525366173752951,1.0
57953-01-05 00:00:00,1.8692,-0.025641025641025716,-0.2508031685559309,-0.2522882259770418,0.30023145322605455
57953-01-15 10:00:00,1.8676,-0.019480519480520264,-0.3675928350910432,-0.3576555466156931,-1.0
57953-01-25 20:00:00,1.8691,0.03333333333333255,-0.3842030983298042,-0.21826726008692815,-0.35628009003956923
57953-02-05 06:00:00,1.872,0.002840909090911947,-0.2955290124929495,0.023899901306862037,1.0
57953-02-15 16:00:00,1.8632,-0.12174940898344994,-0.4853716670621639,-0.5822897676604255,1.0
57953-02-26 02:00:00,1.8629,-0.1600496277915603,-0.5913300072895848,-0.5097504420041877,0.6985179911606323
57953-03-08 12:00:00,1.8558,-0.20663811563168993,-0.8357250808937607,-0.6886253521270772,-0.8596470027617004
57953-03-18 22:00:00,1.8577,-0.17088607594936506,-0.8902254992081761,-0.5037445486041688,-0.17800807151461986
57953-03-29 08:00:00,1.8581,-0.16315789473683778,-0.8644755767675371,-0.43196499877153727,0.6314367534123616
57953-04-08 18:00:00,1.861,-0.13636363636363558,-0.7150425737577908,-0.28927289485484625,1.0
57953-04-19 04:00:00,1.859,-0.19937369519832898,-0.6369072007892614,-0.3250796553391291,-0.5342983031065424
57953-04-29 14:00:00,1.8591,-0.12724935732647724,-0.5449830072906043,-0.2905402127328595,0.22808983647802533
57953-05-10 00:00:00,1.8555,-0.19999999999999785,-0.5556825653223888,-0.37333550891481937,-0.34390890110714933
57953-05-20 10:00:00,1.8612,-0.14516129032257824,-0.35819797222885724,-0.1562668082089781,0.18212125088036193
57953-05-30 20:00:00,1.8624,-0.08499999999999747,-0.1707375183172789,-0.09684054763565297,0.7519463652853883
57953-06-10 06:00:00,1.8651,-0.03041362530413516,0.044660114220295484,0.020805781485235375,1.0
57953-06-20 16:00:00,1.8674,-0.020286396181384392,0.2545328181529143,0.1493893406820943,1.0
57953-07-01 02:00:00,1.8659,-0.07530864197531051,0.33876044223864055,0.09142183775633095,0.7214691073977589
57953-07-11 12:00:00,1.8691,0.08452722063037188,0.4758436393045437,0.24802521446621717,1.0
57953-07-21 22:00:00,1.8688,0.08452722063037188,0.5359164492563891,0.26480864428896456,0.49953251108964397
57953-08-01 08:00:00,1.8661,0.16885245901639567,0.4734973324966752,0.1414864749576621,-0.666599604228029
57953-08-11 18:00:00,1.8658,0.14013840830449653,0.40634829623250784,0.13249943238779105,-1.0
57953-08-22 04:00:00,1.867,0.14983164983164698,0.38248650781572896,0.2054189814164329,-0.9680096267064103
57953-09-01 14:00:00,1.8697,0.1474576271186413,0.4297933942768816,0.3721153433061247,-0.18294827693608381
57953-09-12 00:00:00,1.8698,0.19565217391304002,0.44257414525262934,0.340333921508414,0.9413654028339065
57953-09-22 10:00:00,1.8738,0.23333333333333006,0.545546565636746,0.469452854443661,1.0
57953-10-02 20:00:00,1.8809,0.3628571428571403,0.7886344246803528,0.6398697457262583,1.0
57953-10-13 06:00:00,1.8829,0.3466453674121378,0.9565663501957498,0.584013294648613,1.0
57953-10-23 16:00:00,1.8801,0.2689969604863216,0.9267030552491493,0.4252179044547424,1.0
57953-11-03 02:00:00,1.8794,0.23139158576051466,0.8334400263946042,0.3567024962249433,1.0
57953-11-13 12:00:00,1.8766,0.14649681528662428,0.6423075574628363,0.24099177298775065,1.0
57953-11-23 22:00:00,1.8714,0.07834757834757833,0.3285352204891466,0.05083690822122622,0.7872129617834268
57953-12-04 08:00:00,1.87,0.013513513513515374,0.06419441223617149,-0.026596632994527247,0.4569397393861453
57953-12-14 18:00:00,1.8661,-0.0365853658536574,-0.22821606201275896,-0.20068582890925596,-0.03813846127999744
57953-12-25 04:00:00,1.868,0.02631578947368407,-0.35356050400242206,-0.1400522676370633,0.12322099518876616
57954-01-04 14:00:00,1.8705,0.06135770234987137,-0.34935141238828105,-0.04366899560494297,0.21792573337406368
57954-01-15 00:00:00,1.8736,0.08208955223880565,-0.24590189826952297,0.0835934563839068,0.37650579980097443
57954-01-25 10:00:00,1.8714,0.02141057934508861,-0.2393710564343895,-0.030764331391305466,0.1306671351765407
57954-02-04 20:00:00,1.8723,0.030864197530866333,-0.2031573002396636,0.00429690279676298,0.49668932961929424
57954-02-15 06:00:00,1.8738,0.0,-0.13231103422339846,0.06462158666098616,0.5485089187147782
57954-02-25 16:00:00,1.8734,-0.11980830670926756,-0.0984701746736406,0.028952511463466557,0.33578545378176605
57954-03-08 02:00:00,1.8711,-0.1867088607594964,-0.14467322527113727,-0.10573928514196962,0.04438175132964629
57954-03-18 12:00:00,1.8729,-0.11764705882353199,-0.11896272106510442,-0.02704816961493295,0.11897070449357831
57954-03-28 22:00:00,1.8734,-0.09868421052631737,-0.08709173635989556,-0.009663033742700222,0.14850579704722594
57954-04-08 08:00:00,1.8716,-0.08503401360544516,-0.11977391145772043,-0.11880119455645255,-0.18236166069275395
57954-04-18 18:00:00,1.8664,-0.08503401360544194,-0.2898885481620492,-0.37216874809964917,-0.6078534689694687
57954-04-29 04:00:00,1.8662,-0.06737588652482424,-0.39103826335423186,-0.35132511492417695,-0.9968405182351697
57954-05-09 14:00:00,1.8688,0.050185873605947506,-0.3612735595748171,-0.19663878050435346,-0.7687674924213803
57954-05-20 00:00:00,1.8692,0.023622047244092337,-0.31422280286725524,-0.1551083423827152,-0.0687720076057176
57954-05-30 10:00:00,1.8689,-0.0344827586206915,-0.27846149708848683,-0.16538208360070406,-0.5409930808224059
57954-06-09 20:00:00,1.8676,-0.14018691588785304,-0.28012150128983765,-0.26540681668755395,-0.9164341458258528
57954-06-20 06:00:00,1.8655,-0.13849765258216223,-0.327795227238687,-0.4088749967123677,-1.0
57954-06-30 16:00:00,1.8608,-0.22908366533865165,-0.4767370063139519,-0.6344822938153707,-1.0
57954-07-11 02:00:00,1.8611,-0.2656903765690409,-0.5347307640143558,-0.5303286656771049,-1.0
57954-07-21 12:00:00,1.8576,-0.2925925925925966,-0.6420613316033185,-0.5986987658749111,-1.0
57954-07-31 22:00:00,1.8459,-0.346153846153849,-1.0,-0.7840843081507961,-1.0
57954-08-11 08:00:00,1.8483,-0.33243243243243653,-1.0,-0.564048170740663,-1.0
57954-08-21 18:00:00,1.843,-0.36363636363636676,-1.0,-0.5806338289703489,-1.0
57954-09-01 04:00:00,1.8326,-0.3869047619047646,-1.0,-0.6480637649235804,-1.0
57954-09-11 14:00:00,1.8326,-0.3738938053097377,-1.0,-0.5348632539498088,-1.0
57954-09-22 00:00:00,1.8298,-0.38075313807531674,-1.0,-0.49594259557935044,-1.0
57954-10-02 10:00:00,1.8301,-0.4252747252747281,-1.0,-0.42602207046760393,-1.0
57954-10-12 20:00:00,1.8291,-0.4349240780911083,-1.0,-0.39044467605101896,-1.0
57954-10-23 06:00:00,1.8321,-0.37704918032786866,-1.0,-0.3107097955117002,-1.0
57954-11-02 16:00:00,1.8373,-0.28747628083491594,-0.764835122735143,-0.2088859422954779,-1.0
57954-11-13 02:00:00,1.8385,-0.26061776061776054,-0.3875726771957754,-0.17074468369084445,-0.7420957585346739
57954-11-23 12:00:00,1.8389,-0.23052631578947458,-0.08332102724873622,-0.14612581543918618,-0.5550573556449687
57954-12-03 22:00:00,1.8365,-0.24798387096774205,0.0779145499811866,-0.16567311223598669,-0.6274984755118936
57954-12-14 08:00:00,1.8581,0.0036927621861164717,0.8394079056234925,0.22075485058810607,-0.26466524905936395
57954-12-24 18:00:00,1.8711,0.1826086956521732,1.0,0.4442202302482915,1.0
57955-01-04 04:00:00,1.8723,0.1769911504424777,1.0,0.44821259863384333,1.0
57955-01-14 14:00:00,1.8695,0.20290964777947862,1.0,0.38889622858765427,1.0
57955-01-25 00:00:00,1.8693,0.33303085299455404,1.0,0.3650870951489541,1.0
57955-02-04 10:00:00,1.8629,0.2463414634146336,1.0,0.25875903524695554,0.7352006469793821
57955-02-14 20:00:00,1.8626,0.277966101694914,1.0,0.24643109434972743,0.5404187120640799
57955-02-25 06:00:00,1.8646,0.2841845140032937,1.0,0.2555815814109911,0.7709420942455338
57955-03-07 16:00:00,1.8577,0.2147147147147137,1.0,0.14112162319305555,0.5045588281057047
57955-03-18 02:00:00,1.8592,0.20814132104454552,0.829942129078568,0.15055154639167034,0.6691400849056506
57955-03-28 12:00:00,1.8683,0.22463768115942007,0.8795984685141212,0.2605546730163718,0.7747599000998817
57955-04-07 22:00:00,1.8662,0.19814020028612267,0.7995971134016719,0.2068503125071537,0.48203404803572636
57955-04-18 08:00:00,1.8658,0.1924177396280382,0.6901792040211611,0.18076407564990982,0.17841329333764194
57955-04-28 18:00:00,1.8652,0.2107195301027882,0.5606653170804652,0.15226575169277312,-0.018597311305319247
57955-05-09 04:00:00,1.8703,0.11821705426356455,0.5899673568981284,0.221678353555815,0.08539367482545314
57955-05-19 14:00:00,1.8697,-0.01785714285714335,0.5500311926682411,0.19427613111516095,-0.2764818481354769
57955-05-30 00:00:00,1.8722,-0.0012345679012343291,0.5577641938641172,0.22819740132152955,0.0029978918836110133
57955-06-09 10:00:00,1.8709,0.01794871794871844,0.48309851440557044,0.1845331391373255,-0.42075345554046234
57955-06-19 20:00:00,1.8777,0.0921052631578928,0.5953529212265022,0.3561379163942584,0.26310547778112736
57955-06-30 06:00:00,1.8749,0.14285714285714046,0.5381128054444735,0.3424986469575756,-0.5147042952565176
57955-07-10 16:00:00,1.8819,0.19815195071868208,0.6616429411155516,0.563565034795243,1.0
57955-07-21 02:00:00,1.8811,0.17368421052631333,0.6634713236924301,0.46043540583326903,0.18516782802461595
57955-07-31 12:00:00,1.8692,0.10952380952380925,0.2643424965061587,0.009281659448815871,-1.0
57955-08-10 22:00:00,1.8643,0.045617173524150956,-0.16204090998033385,-0.1680531454605148,-1.0
57955-08-21 08:00:00,1.8673,-0.01004016064257146,-0.35285400893167745,-0.04960943790396527,-1.0
57955-08-31 18:00:00,1.8675,0.013569937369518392,-0.4667040909903967,-0.051791612165145384,-0.43920858395797074
57955-09-11 04:00:00,1.8641,-0.016699410609035514,-0.6300624177018489,-0.18912116169642024,-0.898744023128886
57955-09-21 14:00:00,1.867,0.01691729323308311,-0.6310885835202907,-0.08050421392517426,-0.40496126657922826
57955-10-02 00:00:00,1.8706,0.0029013539651835396,-0.5085022110101469,0.04079103588547661,0.0994029361863611
57955-10-12 10:00:00,1.8703,0.005836575875488026,-0.42721578139535527,0.0036481802939993813,-0.43378197570867927
57955-10-22 20:00:00,1.8737,0.01434034416825869,-0.26741318815549747,0.1548373337252723,-0.03799392818920366
57955-11-02 06:00:00,1.8767,0.05370370370370481,-0.07780793359248936,0.2705680055660855,1.0
57955-11-12 16:00:00,1.8749,-0.028571428571428137,-0.018990489121403206,0.165757959411461,0.5370096685979912
57955-11-23 02:00:00,1.878,0.03144016227180446,0.0974276558229019,0.2862259336301609,1.0
57955-12-03 12:00:00,1.8767,-0.05963302752293537,0.11556057661952394,0.2042691456656398,-0.6350120503662334
57955-12-13 22:00:00,1.8788,-0.025612472160356448,0.16983431366051288,0.27547244232599466,0.2275019686486573
57955-12-24 08:00:00,1.8758,0.09166666666666745,0.09509115706616715,0.12640232125545026,-0.5815455311436674
57956-01-03 18:00:00,1.8735,0.137724550898204,-0.036442148260593984,0.01395170924645972,-1.0
57956-01-14 04:00:00,1.8723,0.07911392405063622,-0.1645763317567889,-0.029872674514106856,-1.0
57956-01-24 14:00:00,1.8713,0.058641975308643235,-0.2776668423226595,-0.06887670797992623,-1.0
57956-02-04 00:00:00,1.8721,0.134228187919464,-0.3223774722645058,-0.008329288144178826,-1.0
57956-02-14 10:00:00,1.8724,0.0992647058823547,-0.3357030012919713,0.03319632845833165,-0.9645772873972849
57956-02-24 20:00:00,1.8726,0.04201680672268937,-0.33080380621876493,0.03526991761421272,-0.39015216062784847
57956-03-06 06:00:00,1.8722,0.03974895397489597,-0.3314477447759259,-0.01221915897085224,-1.0
57956-03-16 16:00:00,1.8758,0.043568464730290635,-0.21835560257273368,0.19824532149458074,-0.4000687379175748
57956-03-27 02:00:00,1.8741,-0.05701754385964902,-0.19366480096391003,0.06711320570943113,-0.6824041029888785
57956-04-06 12:00:00,1.8769,0.04201680672269026,-0.09426130953812606,0.2646255348033948,0.02223075057348566
57956-04-16 22:00:00,1.878,0.0,-0.0025044233659066804,0.349979551814929,0.9592853709130623
57956-04-27 08:00:00,1.8766,-0.002283105022830856,0.006892118795434317,0.1957959186177759,-0.05612153669962203
57956-05-07 18:00:00,1.8742,-0.10360360360360532,-0.06494680207253445,-0.06856978607759423,-0.6063202271978332
57956-05-18 04:00:00,1.8637,-0.20370370370370794,-0.41954155945979493,-0.7848366118682994,-1.0
57956-05-28 14:00:00,1.844,-0.31316348195329435,-1.0,-0.952091815656825,-1.0
57956-06-08 00:00:00,1.8303,-0.35234899328859426,-1.0,-0.831366655762507,-1.0
57956-06-18 10:00:00,1.8373,-0.259146341463418,-1.0,-0.5552965754432153,-1.0
57956-06-28 20:00:00,1.8346,-0.27777777777778256,-1.0,-0.5032368093159824,-1.0
57956-07-09 06:00:00,1.8382,-0.2415254237288167,-1.0,-0.3916234792937645,-1.0
57956-07-19 16:00:00,1.8414,-0.21138211382114191,-1.0,-0.30821191307915846,-0.8457511939987414
57956-07-30 02:00:00,1.8419,-0.20500676589986683,-1.0,-0.27174858379073874,-0.5206718900353295
57956-08-09 12:00:00,1.8436,-0.2236111111111137,-1.0,-0.22458884574273874,-0.17726549254521323
57956-08-19 22:00:00,1.8349,-0.2481012658227877,-1.0,-0.311094833213522,-0.4949126475272206
57956-08-30 08:00:00,1.8402,-0.22515337423312998,-0.7661832949897186,-0.21632797721387348,-0.25915461435389753
57956-09-09 18:00:00,1.8466,-0.1808755760368666,-0.33795536644196106,-0.11383241889357137,0.014331261462294631
57956-09-20 04:00:00,1.8475,-0.16859791425260867,0.0053937545741486,-0.08615638870988368,0.21080762777696682
57956-09-30 14:00:00,1.8438,-0.1735159817351608,0.14364686240028962,-0.12135461022944122,0.09267916876787843
57956-10-11 00:00:00,1.8466,-0.10700876095118939,0.3349593831316323,-0.06291040165090811,0.27844940261212076
57956-10-21 10:00:00,1.8406,-0.025679758308157885,0.29260948042894136,-0.1357932589708966,0.2412844001820327
57956-10-31 20:00:00,1.8453,0.13111888111888204,0.41678438800988343,-0.03836827697281431,0.3997940874542572
57956-11-11 06:00:00,1.8453,0.07968127490039945,0.5010795010984068,-0.010915103763466993,0.5145050808651287
57956-11-21 16:00:00,1.8451,0.11006289308176187,0.5489967201014829,0.021680089071196784,0.5330629969526307
57956-12-02 02:00:00,1.8442,0.06666666666666776,0.5499760925416018,0.05362508755229267,0.4848351127497583
57956-12-12 12:00:00,1.8468,0.06081081081081252,0.62209944966679,0.2582886985665097,0.6096931003183224
57956-12-22 22:00:00,1.8458,0.04342984409799666,0.6288366669846938,0.19826113296795667,0.3759431758161659
57957-01-02 08:00:00,1.8484,0.05240174672489328,0.6975837916597786,0.33270489439076667,0.42670364747876927
57957-01-12 18:00:00,1.8498,0.19350649350649873,0.765077387466277,0.3748495753420641,0.5001747503803874
57957-01-23 04:00:00,1.8534,0.17934782608695943,0.8905350729316063,0.5338766805929711,0.7486695954281585
57957-02-02 14:00:00,1.8548,0.12893081761006608,0.9796854488811184,0.5270180472914607,1.0
57957-02-13 00:00:00,1.854,0.10252365930599905,0.975141126072116,0.4200045845945659,1.0
57957-02-23 10:00:00,1.8509,0.11414790996784585,0.8429442586500787,0.2340698531496922,0.7779918925562994
57957-03-05 20:00:00,1.8491,0.04152823920265758,0.6735828825096334,0.12687944935380513,0.35090239953444025
57957-03-16 06:00:00,1.8473,0.12934362934362997,0.48827048385344746,0.0015847344619421833,-0.31961973965437596
57957-03-26 16:00:00,1.8451,-0.004273504273503925,0.289919686583751,-0.16712427569465477,-1.0
57957-04-06 02:00:00,1.8458,0.010373443983406005,0.177539146746238,-0.1155385862738989,-0.1006619269642112
57957-04-16 12:00:00,1.8443,-0.015748031496061354,0.060497955503007655,-0.20383398855178775,-1.0
57957-04-26 22:00:00,1.8476,0.06115107913668827,0.08623862392214506,0.006232298297261352,-0.4100170784464056
57957-05-07 08:00:00,1.8461,-0.013108614232208438,0.06022081208876913,-0.09568727283121364,-1.0
57957-05-17 18:00:00,1.8447,-0.02029520295203141,0.005898959256905147,-0.22575921552611666,-1.0
57957-05-28 04:00:00,1.844,-0.08730158730158682,-0.04295540883400637,-0.2687075568537762,-1.0
57957-06-07 14:00:00,1.8437,-0.1265560165975148,-0.07408181096762206,-0.2787205867998813,-1.0
57957-06-18 00:00:00,1.8437,-0.23658536585365736,-0.08356453136440245,-0.268521806338967,-1.0
57957-06-28 10:00:00,1.8434,-0.29381443298969145,-0.08752544226994763,-0.2835056726890901,-1.0
57957-07-08 20:00:00,1.8454,-0.20873786407767214,-0.02067606464618022,-0.137031214968105,-1.0
57957-07-19 06:00:00,1.8453,-0.15909090909091006,0.025977461304387564,-0.14173923750619172,-1.0
57957-07-29 16:00:00,1.8448,-0.13190184049079678,0.0458256341989037,-0.16243493025239308,-1.0
57957-08-09 02:00:00,1.8446,-0.09183673469387538,0.056459402449807246,-0.15886647571960538,-1.0
57957-08-19 12:00:00,1.8441,-0.03846153846153455,0.051900047024383555,-0.17551855780675962,-1.0
57957-08-29 22:00:00,1.8469,0.036423841059599504,0.13398615807926195,0.07998318210232724,-1.0
57957-09-09 08:00:00,1.8477,0.11805555555555414,0.20756088940683823,0.24901798294717004,-0.6752223597628565
57957-09-19 18:00:00,1.8463,-0.05199999999999633,0.20743920135511415,0.12769963710890286,-1.0
57957-09-30 04:00:00,1.8501,0.13513513513513797,0.3120071903403072,0.6671880026848123,-0.3893732442299282
57957-10-10 14:00:00,1.849,0.14827586206896726,0.33338389592155077,0.4588242252889,-0.9938869268763482
57957-10-21 00:00:00,1.847,0.09493670886075722,0.2745426914135851,0.17170412178150884,-1.0
57957-10-31 10:00:00,1.8503,0.17553191489362407,0.32213938198091513,0.5129823919325227,-0.716864301306166
57957-11-10 20:00:00,1.8519,0.20098039215687036,0.3837409480340267,0.5655612082858819,0.012105936174148997
57957-11-21 06:00:00,1.8515,0.19756097560975627,0.39180601121790903,0.4589489088736084,-0.396467977559012
57957-12-01 16:00:00,1.8495,0.09999999999999998,0.31843115578402925,0.2515723948028452,-1.0
57957-12-12 02:00:00,1.8482,0.06682027649769928,0.21750571219768258,0.1202354274108346,-1.0
57957-12-22 12:00:00,1.8483,0.08215962441314739,0.14485445857355328,0.11263195722603025,-0.9000441719481392
57958-01-01 22:00:00,1.8482,0.08490566037736003,0.08758220477140524,0.08607489343936947,-1.0
57958-01-12 08:00:00,1.847,0.0662100456620981,0.010736064131396097,-0.04859101286095885,-1.0
57958-01-22 18:00:00,1.8477,0.020202020202018,-0.019074599599134403,0.0011121515028768014,-1.0
57958-02-02 04:00:00,1.8483,0.015306122448983328,-0.02070866892670327,0.05320499841605342,-0.6471640922383148
57958-02-12 14:00:00,1.8498,0.08883248730964399,0.02164543887529521,0.20313605288919767,-0.17932378467339868
57958-02-23 00:00:00,1.8485,-0.046511627906976605,0.007806025531095742,0.031872941524530796,-0.7533982611576718
57958-03-05 10:00:00,1.8487,-0.009202453987728787,0.003111251468987402,0.034573636319392365,-0.30853764429331954
57958-03-15 20:00:00,1.8483,0.044217687074831424,-0.013076005722530482,-0.060312675252062686,-0.7267011270165764
57958-03-26 06:00:00,1.8479,-0.10169491525423324,-0.03558816306089761,-0.14002288401392338,-0.9528433703028792
57958-04-05 16:00:00,1.8505,-0.054687500000002054,0.026512504396709758,0.27900988037073426,-0.46253351086830397
57958-04-16 02:00:00,1.8507,-0.03174603174602836,0.06847827419659179,0.29013012492637125,0.23120982083476924
57958-04-26 12:00:00,1.848,-0.05639097744360333,0.011062507239930807,-0.17207791333539935,-0.4633318140049168
57958-05-06 22:00:00,1.8477,-0.02032520325203907,-0.03580633587635332,-0.20977163454091163,-0.8914842813505646
57958-05-17 08:00:00,1.8484,0.003875968992247514,-0.04442071518355221,-0.10439460791895627,0.22338622874366326
57958-05-27 18:00:00,1.8502,0.06849315068492978,0.0035107207128795056,0.22701191283539435,0.9436757406877321
57958-06-07 04:00:00,1.8503,0.12222222222222245,0.03488431426920633,0.29044247897395203,1.0
57958-06-17 14:00:00,1.8502,0.09689922480620539,0.048334548162376104,0.31362253749526914,0.7664633955806021
57958-06-28 00:00:00,1.8532,0.16013071895424436,0.13996196273707773,0.7136750868017785,1.0
57958-07-08 10:00:00,1.8508,0.030864197530860893,0.11829841489931961,0.2758417384542007,0.02217170473823505
57958-07-18 20:00:00,1.8518,0.10377358490565725,0.12545033383003296,0.3874013074855739,1.0
57958-07-29 06:00:00,1.8509,0.06626506024096424,0.09470230903022023,0.22425399570474247,-0.3212581194131952
57958-08-08 16:00:00,1.8504,0.06287425149700676,0.0532374719694542,0.1284580545030405,-1.0
57958-08-19 02:00:00,1.8489,0.02808988764044651,-0.02199744327683203,-0.13170594161778615,-1.0
57958-08-29 12:00:00,1.8465,-0.11363636363636476,-0.14059948786429358,-0.4795458109293025,-1.0
57958-09-08 22:00:00,1.8486,-0.05384615384615399,-0.14887157028394762,-0.14255569287698477,-1.0
57958-09-19 08:00:00,1.8485,0.014792899408282434,-0.15124969442555858,-0.157967110803385,-1.0
57958-09-29 18:00:00,1.848,0.008771929824567204,-0.1611063275332982,-0.22599694627089484,-1.0
57958-10-10 04:00:00,1.8506,0.05789473684210644,-0.08454000729117693,0.15157724838119668,-1.0
57958-10-20 14:00:00,1.8512,0.028089887640447397,-0.01583711180619194,0.21980255946220095,-0.8445533784500517
57958-10-31 00:00:00,1.8512,0.025423728813557478,0.02690853554180733,0.21131859591558144,-0.7740908157973663
57958-11-10 10:00:00,1.852,0.04891304347826275,0.07436679852021048,0.31105618006233104,-0.11134505105144765
57958-11-20 20:00:00,1.8522,-0.03205128205127933,0.10465831762114608,0.3067174308652665,0.2892754802941082
57958-12-01 06:00:00,1.8509,0.0034482758620686393,0.0787056289909615,0.10048625230097297,-0.018196107555554918
57958-12-11 16:00:00,1.8483,-0.10869565217390942,-0.019155638084717427,-0.2935281989641096,-0.5522658936852941
57958-12-22 02:00:00,1.8464,-0.1315789473684204,-0.13654038719538242,-0.49045276007568195,-0.9816052132463685
57959-01-01 12:00:00,1.8486,-0.04787234042553273,-0.14036562376221004,-0.18042923240521613,-0.5368731681778731
57959-01-11 22:00:00,1.8459,-0.07499999999999801,-0.21510950153060102,-0.459995858308643,-0.7256801971385053
57959-01-22 08:00:00,1.8448,-0.045454545454546524,-0.2833268473336351,-0.5142115335655224,-1.0
57959-02-01 18:00:00,1.8455,-0.08959537572254694,-0.2908421166147471,-0.38223578558819915,-1.0
57959-02-12 04:00:00,1.8489,0.009708737864076555,-0.18066932816909975,-0.0016761762369711386,-0.5199122124328596
57959-02-22 14:00:00,1.8495,0.03623188405796718,-0.08359045454177043,0.07465554349218284,-0.07186023891276938
57959-03-05 00:00:00,1.8491,-0.04054054054054218,-0.028722412655688423,0.03696914292232045,-0.5262387209216735
57959-03-15 10:00:00,1.8495,-0.04644808743169504,0.020162131772968103,0.07949795242311253,0.2741401760553316
57959-03-25 20:00:00,1.8502,-0.026315789473681184,0.0714193649976572,0.14211903691700156,0.7177424504358338
57959-04-05 06:00:00,1.8495,-0.0661375661375701,0.08056655968590745,0.05423429488383813,-0.014170792321825557
57959-04-15 16:00:00,1.8488,-0.08762886597938285,0.06265685947960868,-0.030106810935473516,-1.0
57959-04-26 02:00:00,1.8467,-0.10396039603960355,-0.01216295570873219,-0.2637233851302155,-1.0
57959-05-06 12:00:00,1.8458,-0.06756756756756632,-0.08377666322740394,-0.3281490135652119,-1.0
57959-05-16 22:00:00,1.8449,-0.042857142857144315,-0.1494357917253456,-0.3799251706985687,-1.0
57959-05-27 08:00:00,1.8466,-0.058823529411764275,-0.13190636015366242,-0.17715669280316088,0.5352572879570874
57959-06-06 18:00:00,1.8478,0.061290322580644485,-0.07740688334682569,-0.02341650085778907,1.0
57959-06-17 04:00:00,1.846,0.03703703703703942,-0.08973173766557399,-0.22478683214019402,1.0
57959-06-27 14:00:00,1.8493,0.10106382978723394,0.005346869238702508,0.24073606000174563,1.0
57959-07-08 00:00:00,1.8505,0.04819277108433817,0.10162638181112045,0.37208982920151146,1.0
57959-07-18 10:00:00,1.8517,0.06395348837209203,0.19337984056660343,0.45530218014879364,1.0
57959-07-28 20:00:00,1.8507,0.04494382022472032,0.21301416756289526,0.3071664795601784,1.0
57959-08-08 06:00:00,1.85,0.013812154696137169,0.1946624449673009,0.20317406595782728,1.0
57959-08-18 16:00:00,1.8517,0.03926701570680258,0.22287288498631025,0.37068749014612234,1.0
57959-08-29 02:00:00,1.8515,0.05376344086021656,0.22298069824673297,0.3169644503783877,1.0
57959-09-08 12:00:00,1.8541,0.1292682926829305,0.2864553113552834,0.5264395550904175,1.0
57959-09-18 22:00:00,1.8559,0.2277227722772327,0.36238242993478403,0.5760256278814473,1.0
57959-09-29 08:00:00,1.8565,0.26884422110552864,0.40638200479248704,0.5205215401640226,1.0
57959-10-09 18:00:00,1.8537,0.20183486238532078,0.3281792223335354,0.2741684408523306,1.0
57959-10-20 04:00:00,1.8557,0.20588235294117596,0.3164393621137347,0.3787245353323405,1.0
57959-10-30 14:00:00,1.8555,0.18246445497630193,0.28221969829525734,0.32707386672956196,0.8766531286341342
57959-11-10 00:00:00,1.859,0.28508771929824706,0.3427503701267598,0.4766337542309804,0.8805304400394764
57959-11-20 10:00:00,1.8595,0.2550000000000022,0.371398488895654,0.4407150573279155,0.8969640448400313
57959-11-30 20:00:00,1.8591,0.2239583333333357,0.3515201932960738,0.37550249601108077,0.6853371777154119
57959-12-11 06:00:00,1.8621,0.24761904761905318,0.40042538300017594,0.4839426007748404,0.8869919097972944
57959-12-21 16:00:00,1.8699,0.3453237410071943,0.6286718475365423,0.690399842881142,1.0
57960-01-01 02:00:00,1.8647,0.22755417956656399,0.5775590671348978,0.40424326064459515,0.2725335230567619
57960-01-11 12:00:00,1.8637,0.18987341772151867,0.47495464415101624,0.3315841666442817,-0.6041055143765673
57960-01-21 22:00:00,1.8622,0.16261398176292063,0.3298197807524559,0.24047311327154985,-1.0
57960-02-01 08:00:00,1.8633,0.14649681528662384,0.24055793551017854,0.2630618172691501,-0.9126269605146603
57960-02-11 18:00:00,1.8648,0.14308681672025725,0.20208931051425785,0.2988462188576133,-0.5074198380298758
57960-02-22 04:00:00,1.8665,0.15527950310559124,0.20283393924966778,0.3396961012657912,-0.19474479277057685
57960-03-03 14:00:00,1.8735,0.2719780219780259,0.38191345368908663,0.5554241250894394,1.0
57960-03-14 00:00:00,1.8715,0.21703296703297015,0.400563979797108,0.41961137369727197,1.0
57960-03-24 10:00:00,1.8697,0.1868421052631598,0.3225911271498392,0.31790743252546716,0.6797541783957065
57960-04-03 20:00:00,1.8736,0.1901041666666683,0.35330906182496935,0.42385021082873175,1.0
57960-04-14 06:00:00,1.8713,0.1467661691542308,0.26928384262281324,0.2996478432950124,0.6559181514516839
57960-04-24 16:00:00,1.8734,0.17064439140811605,0.245194164430636,0.3440210499964066,1.0
57960-05-05 02:00:00,1.87,0.09338061465721215,0.09929572280256224,0.19201719184981647,0.5264050868424204
57960-05-15 12:00:00,1.8712,0.018207282913166645,0.01835622970478696,0.22267491863905642,0.8146744570973231
57960-05-25 22:00:00,1.8707,0.09677419354838879,-0.06714612562431767,0.1835970140321571,0.5019553972440467
57960-06-05 08:00:00,1.8717,0.12903225806451935,-0.10721522396546117,0.2127791464720531,0.6857504061366299
57960-06-15 18:00:00,1.8751,0.19604863221884672,-0.046610053434515956,0.3586329964803957,0.922427971299627
57960-06-26 04:00:00,1.8751,0.1855345911949713,-0.024933025243691773,0.33882958236793825,0.8395297022839951
57960-07-06 14:00:00,1.8731,0.12848297213622428,-0.08694552911389275,0.20445397438281765,0.6026061956610036
57960-07-17 00:00:00,1.8723,0.09235668789809137,-0.1630376809466912,0.14688584648035896,0.3248661507596027
57960-07-27 10:00:00,1.872,-0.03036437246963286,-0.2290415590707751,0.11101852431887704,0.017968478768867903
57960-08-06 20:00:00,1.8736,0.043209876543210846,-0.2294401603181934,0.19253521582738609,0.24792568888262045
57960-08-17 06:00:00,1.8745,0.10256410256410808,-0.20854852206388647,0.24448846464336027,0.6693272000807108
57960-08-27 16:00:00,1.8766,0.06944444444444897,-0.14000605905685368,0.40597228324266,1.0
57960-09-07 02:00:00,1.8751,0.09134615384615674,-0.14965008436522048,0.2750788613742049,0.298399703873775
57960-09-17 12:00:00,1.8757,0.05958549222798015,-0.1463321084744275,0.3448509084525473,1.0
57960-09-27 22:00:00,1.8747,0.13905325443787198,-0.18129870135258538,0.20659036633976147,0.9186065054555201
57960-10-08 08:00:00,1.8761,0.1432748538011761,-0.16816236719649622,0.3397583712842077,1.0
57960-10-18 18:00:00,1.8735,0.07291666666666485,-0.24160261932942917,0.0046033347324720975,0.3626835823683374
57960-10-29 04:00:00,1.8744,0.07068062827225474,-0.26303831321062243,0.11701524832221599,1.0
57960-11-08 14:00:00,1.8728,-0.06647398843930502,-0.32291860592884025,-0.10543424215613206,0.9121200720437591
57960-11-19 00:00:00,1.8751,0.0,-0.2895095213540098,0.19086431341104715,1.0
57960-11-29 10:00:00,1.8765,0.0894736842105276,-0.22491474483512658,0.35424332986704177,1.0
57960-12-09 20:00:00,1.8782,0.14824120603014934,-0.1349153282405913,0.5134721013898591,1.0
57960-12-20 06:00:00,1.8775,0.13546798029555962,-0.10325592427919887,0.3917556462484705,1.0
57960-12-30 16:00:00,1.8786,0.12626262626262474,-0.05719765959591452,0.48085786136967956,1.0
57961-01-10 02:00:00,1.8769,0.05825242718446322,-0.08589340499773752,0.23419409626287047,1.0
57961-01-20 12:00:00,1.875,-0.039215686274509665,-0.16556452969673813,-0.014430891463369067,0.9790436463643721
57961-01-30 22:00:00,1.8736,-0.036945812807882006,-0.2580795354275514,-0.20401319264279072,0.5655846606578927
57961-02-10 08:00:00,1.8755,-0.004629629629628984,-0.2571593282010879,0.029130356916581723,0.8788147015640039
57961-02-20 18:00:00,1.873,-0.03679653679653633,-0.32520119871834585,-0.3504518814170864,0.28037339086523705
57961-03-03 04:00:00,1.8724,-0.08295964125560379,-0.37685901899076807,-0.4102506508065135,-0.9758073724359823
57961-03-13 14:00:00,1.8688,-0.10085836909870849,-0.501996620311915,-0.6806160826744292,-1.0
57961-03-24 00:00:00,1.8673,-0.14853556485355568,-0.6043647143766541,-0.6417195214577742,-1.0
57961-04-03 10:00:00,1.8689,-0.08158995815899445,-0.595491105347734,-0.43196539695373964,-1.0
57961-04-13 20:00:00,1.8649,-0.19921874999999573,-0.6789909799474093,-0.5943865594406206,-1.0
57961-04-24 06:00:00,1.8648,-0.24074074074073737,-0.7009533189870963,-0.5014602395545187,-1.0
57961-05-04 16:00:00,1.8683,-0.1896551724137902,-0.5768171113345244,-0.2640785471058229,-1.0
57961-05-15 02:00:00,1.8692,-0.15779467680608195,-0.4419756981594477,-0.19540141068320482,-1.0
57961-05-25 12:00:00,1.8698,-0.17054263565891714,-0.3152173184885935,-0.14678970658250945,-0.610616958980679
57961-06-04 22:00:00,1.8713,-0.10937500000000072,-0.17325689354425405,-0.0562402292223278,-0.05083388597860465
57961-06-15 08:00:00,1.874,-0.018939393939391702,0.006111331343353295,0.10258515700311976,0.31950797343012116
57961-06-25 18:00:00,1.8715,-0.03818181818181765,0.048161751046266875,-0.028216752135442613,0.11325802713252485
57961-07-06 04:00:00,1.8704,-0.09550561797752527,0.04257733375234031,-0.07490432491949295,-0.11081685385929428
57961-07-16 14:00:00,1.8722,-0.015384615384613554,0.09173740764096312,0.059336137149864965,0.286332839038268
57961-07-27 00:00:00,1.8711,-0.024528301886793502,0.08801874546486071,0.011784622326503236,0.10696919919559256
57961-08-06 10:00:00,1.8707,0.040772532188840915,0.07152475477739356,0.005463058199741688,-0.04669733030126313
57961-08-16 20:00:00,1.867,-0.005882352941175728,-0.04832244528021974,-0.2795137174971579,-0.6353872366463269
57961-08-27 06:00:00,1.8663,-0.05284552845528284,-0.13924079722924196,-0.30701787693892224,-0.9815207244096369
57961-09-06 16:00:00,1.8672,0.053488372093022374,-0.1603751727408246,-0.21343928808483836,-0.3284692158588444
57961-09-17 02:00:00,1.8683,0.07777777777777839,-0.13047581657736346,-0.09143888424182456,0.3694134805097576
57961-09-27 12:00:00,1.8689,0.015306122448977888,-0.0844121510597501,-0.01509391121439363,0.7131164840210754
57961-10-07 22:00:00,1.8673,-0.046798029556650134,-0.09447101990371852,-0.17160520816808644,-0.2486058084604527
57961-10-18 08:00:00,1.8708,0.021551724137933048,0.009473266438705136,0.17010345057384257,0.3249686905780875
57961-10-28 18:00:00,1.8726,0.027659574468086423,0.12992298198351174,0.3205174684019385,1.0
57961-11-08 04:00:00,1.8744,0.008849557522122797,0.2541076869099757,0.4475617637538021,1.0
57961-11-18 14:00:00,1.8711,-0.008547008547007573,0.2251072292052152,0.10689348514114938,0.7631159915518488
57961-11-29 00:00:00,1.874,0.07142857142857151,0.28155335222383454,0.3736443951877363,1.0
57961-12-09 10:00:00,1.8723,0.0019920318725097363,0.25407062131520397,0.17949697790874786,0.7542973702781618
57961-12-19 20:00:00,1.8736,0.049407114624504644,0.26216043512992093,0.2840685078148225,1.0
57961-12-30 06:00:00,1.8701,-0.010563380281689017,0.15181937264973724,-0.058795420793789965,0.5929264620110394
57962-01-09 16:00:00,1.8714,0.08461538461538443,0.1123918251637757,0.08776175413095444,0.9934923932922785
57962-01-20 02:00:00,1.8687,0.04285714285714237,0.002800971786485596,-0.17792567857670866,0.03644406203011087
57962-01-30 12:00:00,1.8664,-0.013605442176869265,-0.13338621111633722,-0.37035951015613716,-0.9060449905794331
57962-02-09 22:00:00,1.8667,-0.027972027972029023,-0.20312649589690204,-0.30629052823380126,0.29283142267369877
57962-02-20 08:00:00,1.8696,0.011326860841422759,-0.1514264939943784,-0.025612790186163914,0.6576197545362436
57962-03-02 18:00:00,1.8708,0.057377049180329376,-0.07545415812809286,0.08768902133157053,1.0
57962-03-13 04:00:00,1.8706,-0.003676470588234837,-0.02882643952519635,0.05338769172279434,0.7468871702236191
57962-03-23 14:00:00,1.8682,-0.07913669064748241,-0.06700162850851586,-0.19997941042823963,0.1979845058104896
57962-04-03 00:00:00,1.8626,-0.1867088607594964,-0.24931269371148398,-0.6303208878816278,-1.0
57962-04-13 10:00:00,1.8602,-0.17752442996742812,-0.41870307899820236,-0.6436347821440898,-1.0
57962-04-23 20:00:00,1.8605,-0.24021352313167937,-0.49157667820730816,-0.518673765338994,-1.0
57962-05-04 06:00:00,1.8569,-0.25666666666667354,-0.6125255549041476,-0.5892478964529928,-1.0
57962-05-14 16:00:00,1.859,-0.23701298701298995,-0.5899704406686423,-0.4190446006643973,-1.0
57962-05-25 02:00:00,1.8558,-0.23442622950820197,-0.6315656316343653,-0.48158779556023823,-1.0
57962-06-04 12:00:00,1.8549,-0.2740863787375427,-0.6428068369991085,-0.45229107822956904,-1.0
57962-06-14 22:00:00,1.8573,-0.1912751677852373,-0.5369208790540545,-0.31873117398052964,-1.0
57962-06-25 08:00:00,1.8569,-0.17025089605735005,-0.443443701596183,-0.3036526850943849,-1.0
57962-07-05 18:00:00,1.8616,-0.07894736842105482,-0.21319658620042659,-0.10161263343651644,-1.0
57962-07-16 04:00:00,1.861,-0.1433333333333333,-0.06306685168594278,-0.10729349832715457,-1.0
57962-07-26 14:00:00,1.8582,-0.1993670886075965,-0.034911115238973306,-0.20740691000179717,-1.0
57962-08-06 00:00:00,1.8588,-0.184375000000003,0.014355315751853039,-0.1616086487773145,-0.8237769664666016
57962-08-16 10:00:00,1.8581,-0.16666666666666913,0.03640127926628766,-0.17461201784278524,-0.8436962838704252
57962-08-26 20:00:00,1.8595,-0.05938697318008013,0.10126846819437757,-0.09188407050106995,-0.64692058229629
57962-09-06 06:00:00,1.8624,0.04135338345864692,0.23300187135415637,0.06388653587105964,-0.3388809493111434
57962-09-16 16:00:00,1.8629,0.04477611940298509,0.32935625105957866,0.11568370881068957,-0.05958117136518253
57962-09-27 02:00:00,1.8628,0.12660944206008928,0.38027083643628967,0.1533197250610564,-0.10323960303230273
57962-10-07 12:00:00,1.8641,0.11333333333333806,0.4399163240514577,0.31233780128089783,0.2693587675197947
57962-10-17 22:00:00,1.8687,0.2698744769874577,0.5969523025563869,0.6544559950789757,1.0
57962-10-28 08:00:00,1.8629,0.1388888888888915,0.5027429298947536,0.21061054691099945,1.0
57962-11-07 18:00:00,1.8614,0.07347670250896154,0.3800034047194555,0.09186897633168822,0.7482083171896936
57962-11-18 04:00:00,1.8641,0.11920529801324742,0.36719211436099475,0.27299315545873837,1.0
57962-11-28 14:00:00,1.8654,0.07089552238806096,0.3823689699646586,0.32980468218714654,1.0
57962-12-09 00:00:00,1.8651,0.07735849056603827,0.36685267445861075,0.2785270667211367,1.0
57962-12-19 10:00:00,1.8708,0.2142857142857143,0.5067075899895801,0.563003455379322,1.0
57962-12-29 20:00:00,1.8739,0.23667711598746055,0.6597860648032011,0.621222090410646,1.0
57963-01-09 06:00:00,1.8734,0.24132492113564585,0.7068453028120358,0.5041109061364184,1.0
57963-01-19 16:00:00,1.8703,0.16167664670658954,0.6077019797929876,0.31333251362928993,1.0
57963-01-30 02:00:00,1.8733,0.1626865671641795,0.5982762605657973,0.4085584884570116,1.0
57963-02-09 12:00:00,1.8814,0.2250608272506095,0.7926513677970418,0.6196447413517081,1.0
57963-02-19 22:00:00,1.8821,0.2314148681055176,0.887389556666564,0.5396269229035429,1.0
57963-03-02 08:00:00,1.8942,0.28666666666666796,1.0,0.7073904213961462,1.0
57963-03-12 18:00:00,1.8916,0.22673267326732605,1.0,0.5309439704119929,1.0
57963-03-23 04:00:00,1.8901,0.29437229437229306,1.0,0.43055568273944167,1.0
57963-04-02 14:00:00,1.8918,0.3275862068965516,1.0,0.4117174307186505,1.0
57963-04-13 00:00:00,1.8976,0.3383838383838378,1.0,0.4644880699388376,1.0
57963-04-23 10:00:00,1.8995,0.340319361277445,1.0,0.43764075665832414,1.0
57963-05-03 20:00:00,1.9132,0.37874015748031453,1.0,0.5707445730751795,1.0
57963-05-14 06:00:00,1.915,0.37080536912751627,1.0,0.5026714256366982,1.0
57963-05-24 16:00:00,1.9139,0.34722222222222054,1.0,0.4257038690179554,1.0
57963-06-04 02:00:00,1.9115,0.3201680672268892,1.0,0.3524631618939693,1.0
57963-06-14 12:00:00,1.9126,0.3678260869565183,1.0,0.33283637426021073,1.0
57963-06-24 22:00:00,1.9142,0.3645276292335079,0.9348849353738046,0.3228759553869329,1.0
57963-07-05 08:00:00,1.9141,0.33991683991683597,0.7205130836397032,0.29486516957004294,0.9897947891787936
57963-07-15 18:00:00,1.9082,0.24484052532832667,0.33192695541145256,0.18707982669094358,0.10145968787409267
57963-07-26 04:00:00,1.9097,0.18149882903980907,0.0691397430374732,0.1898299465994353,0.3605645306263049
57963-08-05 14:00:00,1.9026,0.11652542372881458,-0.35148660557975314,0.056222955382146056,0.08638334274028409
57963-08-16 00:00:00,1.9051,0.15560165975103857,-0.5687815094160412,0.07846554206934031,0.37554196100426895
57963-08-26 10:00:00,1.9031,0.11649484536082566,-0.776918745660693,0.011937422194797542,0.011946914393025176
57963-09-05 20:00:00,1.9057,0.0894039735099339,-0.832750081176319,0.048671984793274836,0.25745669608774063
57963-09-16 06:00:00,1.9017,0.023206751054852037,-0.9803892596652368,-0.09127508523729444,-0.1706701869624611
57963-09-26 16:00:00,1.8982,-0.20161290322580683,-1.0,-0.20668722007327245,-1.0
57963-10-07 02:00:00,1.893,-0.27093596059113495,-1.0,-0.372821462580674,-1.0
57963-10-17 12:00:00,1.8965,-0.20232558139534862,-1.0,-0.2929584557966174,-1.0
57963-10-27 22:00:00,1.901,-0.11640798226164106,-1.0,-0.1734470411771175,-0.993462479619238
57963-11-07 08:00:00,1.9032,-0.10173160173160356,-1.0,-0.10809054079963215,-0.6252349453124971
57963-11-17 18:00:00,1.9044,-0.10698689956331703,-0.8256505413061069,-0.07433877673725625,-0.32199997818385634
57963-11-28 04:00:00,1.9014,-0.13039014373716568,-0.7676335782007054,-0.1695549935207088,-0.6230467061940895
57963-12-08 14:00:00,1.8986,-0.10526315789473528,-0.7923517423701376,-0.2545173231785247,-0.9358045908131344
57963-12-19 00:00:00,1.8973,-0.13656387665198233,-0.8221670282795095,-0.2803166084645128,-1.0
57963-12-29 10:00:00,1.8947,-0.09657701711491468,-0.8895771352731322,-0.34796307588585496,-1.0
57964-01-08 20:00:00,1.8741,-0.26271186440677924,-1.0,-0.7908514596104224,-1.0
57964-01-19 06:00:00,1.8761,-0.2288135593220335,-1.0,-0.5980456659361446,-1.0
57964-01-29 16:00:00,1.8799,-0.2142857142857153,-1.0,-0.4437607429862332,-0.8450774014146224
57964-02-09 02:00:00,1.8782,-0.20293609671848017,-1.0,-0.4243575393227725,-1.0
57964-02-19 12:00:00,1.8784,-0.18131868131868262,-1.0,-0.3752470210919133,-0.6390069951142565
57964-02-29 22:00:00,1.876,-0.16409266409266576,-1.0,-0.37926118538324394,-0.8928171911057334
57964-03-11 08:00:00,1.8769,-0.19918699186991956,-1.0,-0.32279584688337287,-0.4634697922895468
57964-03-21 18:00:00,1.8756,-0.2760869565217399,-1.0,-0.31490598785889895,-0.5845597737805625
57964-04-01 04:00:00,1.8735,-0.32352941176470607,-1.0,-0.3246839902373485,-0.9122832902345772
57964-04-11 14:00:00,1.8717,-0.3516129032258084,-0.9339678223408869,-0.32563310971574055,-1.0
57964-04-22 00:00:00,1.8609,-0.37292817679558143,-1.0,-0.4685926743337283,-1.0
57964-05-02 10:00:00,1.8653,-0.29785330948121835,-1.0,-0.34257690480316805,-1.0
57964-05-12 20:00:00,1.8663,-0.2787769784172661,-0.8890318015180652,-0.2921238534381928,-0.934314455986532
57964-05-23 06:00:00,1.8671,-0.25650557620817976,-0.6948833044638021,-0.25277052978911185,-0.567675658228921
57964-06-02 16:00:00,1.8662,-0.11583577712610071,-0.5367927779109688,-0.24765697675880222,-0.8644812474851058
57964-06-13 02:00:00,1.863,-0.1855524079320135,-0.47530879565359785,-0.29096599557107694,-1.0
57964-06-23 12:00:00,1.861,-0.28208955223880394,-0.44158932581192467,-0.31516129580765745,-1.0
57964-07-03 22:00:00,1.8636,-0.2122093023255826,-0.2921488741286929,-0.24410466746121112,-0.7985087935539394
57964-07-14 08:00:00,1.8648,-0.19209039548022505,-0.11809222781470965,-0.2063742332318631,-0.37333587247131395
57964-07-24 18:00:00,1.8674,-0.12078651685393155,0.10328561732229465,-0.11430666942535872,0.1948281980668503
57964-08-04 04:00:00,1.8746,-0.027446300715990024,0.4763674711174355,0.16806045723433194,1.0
57964-08-14 14:00:00,1.8669,-0.09006211180124146,0.49022212104990065,-0.1185730186318657,0.3618395791196797
57964-08-25 00:00:00,1.8722,-0.0126213592232996,0.6554454744163821,0.1167716736194826,1.0
57964-09-04 10:00:00,1.8719,0.0019999999999997797,0.7423989211209484,0.12460079043781691,0.5460236327130702
57964-09-14 20:00:00,1.8709,0.12437810945273564,0.7536702730651068,0.10418586446213673,-0.021410997307135457
57964-09-25 06:00:00,1.8655,0.0024271844660191944,0.5871335858930503,-0.14358051119688497,-0.47289981051810237
57964-10-05 16:00:00,1.8669,0.007211538461537659,0.5144582651201265,-0.04949576559939356,-0.025061202838692977
57964-10-16 02:00:00,1.8611,-0.06437768240343295,0.2936924462090462,-0.3535461216220898,-0.684270865276189
57964-10-26 12:00:00,1.8625,-0.03927813163481941,0.20056808674254406,-0.24773512365550426,-0.2760084100553304
57964-11-05 22:00:00,1.8622,-0.009049773755655022,0.14239250167345163,-0.24213541922110282,-0.6287423190110834
57964-11-16 08:00:00,1.8629,0.022144522144522116,0.1379525544999992,-0.2100764747750617,-0.4592962565462712
57964-11-26 18:00:00,1.8611,-0.029691211401424222,0.09434813124777362,-0.3014403133546441,-0.9618523720347344
57964-12-07 04:00:00,1.8611,-0.04523227383863082,0.0806564981140779,-0.27544918087168124,-0.9049745389578701
57964-12-17 14:00:00,1.8657,-0.019813519813520086,0.22013192714422256,0.00760162771448214,-0.47320584470250704
57964-12-28 00:00:00,1.8622,-0.15816326530612146,0.21204328182305168,-0.19008659962359603,-0.8941383411071769
57965-01-07 10:00:00,1.8621,-0.07594936708860606,0.21036309835194825,-0.1919237946497106,-1.0
57965-01-17 20:00:00,1.8601,-0.21378091872791527,0.15700815459902062,-0.30423944934543057,-1.0
57965-01-28 06:00:00,1.8552,-0.253799392097264,-0.01070180896525732,-0.5019624203356864,-1.0
57965-02-07 16:00:00,1.8569,-0.20833333333333298,-0.04917625087531482,-0.3687090160857315,-0.9839922276450974
57965-02-18 02:00:00,1.8561,-0.16206896551723932,-0.07728265554703087,-0.3608188851941957,-1.0
57965-02-28 12:00:00,1.8542,-0.21525423728813547,-0.12925688296593374,-0.4171887092632047,-1.0
57965-03-10 22:00:00,1.8534,-0.1571428571428582,-0.1611559872122534,-0.39885195253033257,-1.0
57965-03-21 08:00:00,1.8556,-0.13636363636363952,-0.09111696976042538,-0.279046114454098,-1.0
57965-03-31 18:00:00,1.8496,-0.2032258064516161,-0.19931249386483532,-0.5132573883534558,-1.0
57965-04-11 04:00:00,1.8493,-0.22222222222222343,-0.24719568011845144,-0.483417874847368,-1.0
57965-04-21 14:00:00,1.8496,-0.19759450171821485,-0.2367395542343367,-0.4137830767745795,-1.0
57965-05-02 00:00:00,1.8516,-0.15273311897106256,-0.14024701066778444,-0.2942533041827482,-1.0
57965-05-12 10:00:00,1.8495,-0.28321678321678345,-0.11389890174572809,-0.35216818667703476,-1.0
57965-05-22 20:00:00,1.8539,-0.14067796610169309,0.05654689891677982,-0.12955591795932753,-0.8574402454310838
57965-06-02 06:00:00,1.8539,-0.13945578231292344,0.1801830703577874,-0.11273941392718767,-0.7734030569788863
57965-06-12 16:00:00,1.8481,-0.18072289156626342,0.09877722269374305,-0.35725302674714254,-1.0
57965-06-23 02:00:00,1.8509,-0.0691318327974269,0.1432029215775018,-0.19982757506338855,-0.6811006745869641
57965-07-03 12:00:00,1.8556,-0.01906158357771376,0.31914221706213824,0.047576705586725554,-0.18738794690838556
57965-07-13 22:00:00,1.8524,-0.050684931506849884,0.3376293657038546,-0.09752133114926131,-0.5941060432680352
57965-07-24 08:00:00,1.8522,-0.028735632183908122,0.3430058191239249,-0.08942091420478587,-1.0
57965-08-03 18:00:00,1.8491,-0.0579514824797841,0.25469573841240717,-0.2956495148373259,-1.0
57965-08-14 04:00:00,1.8488,-0.09659090909090823,0.19320846209282308,-0.3112299064724491,-1.0
57965-08-24 14:00:00,1.8508,0.019230769230770717,0.21825830301527513,-0.11635944119958053,-1.0
57965-09-04 00:00:00,1.8531,0.0572289156626512,0.30446891490336553,0.12105451222906649,-0.8967137860229029
57965-09-14 10:00:00,1.8515,0.02753623188405807,0.3102899778413794,-0.016811163620495007,-1.0
57965-09-24 20:00:00,1.8495,-0.030434782608695476,0.25306994386368303,-0.21133843035444272,-1.0
57965-10-05 06:00:00,1.8514,0.02769679300291561,0.27227042912228305,0.008996834632760353,-1.0
57965-10-15 16:00:00,1.8503,-0.05806451612903357,0.2504268222147556,-0.09486972532146254,-1.0
57965-10-26 02:00:00,1.8492,-0.0732087227414358,0.20343187807872626,-0.2285861189940815,-1.0
57965-11-05 12:00:00,1.847,-0.019298245614037035,0.11065661865008547,-0.4514542424640975,-1.0
57965-11-15 22:00:00,1.8477,-0.060606060606062884,0.07820375023971915,-0.3440358305165313,-1.0
57965-11-26 08:00:00,1.8469,-0.19333333333333402,0.04142482242035228,-0.38050413050771414,-1.0
57965-12-06 18:00:00,1.8468,-0.1443298969072188,0.024141713925715257,-0.35697503607541337,-1.0
57965-12-17 04:00:00,1.8492,-0.06944444444444753,0.09269245301459407,-0.10452043465164956,-0.5503959660146611
57965-12-27 14:00:00,1.8521,0.0700934579439284,0.22579002911701596,0.21160638601695403,0.47807169401866173
57966-01-07 00:00:00,1.8514,0.0596330275229342,0.2870734010803941,0.12049316316913017,0.26800104296128446
57966-01-17 10:00:00,1.8581,0.1377358490566044,0.5148573981800144,0.6457841091324585,1.0
57966-01-27 20:00:00,1.8583,0.10655737704918133,0.6447020065601121,0.5914525711867096,1.0
57966-02-07 06:00:00,1.8611,0.18750000000000056,0.7805578191691629,0.6304140118004833,1.0
57966-02-17 16:00:00,1.8589,0.18217054263566013,0.7657539818431297,0.4293317578751623,1.0
57966-02-28 02:00:00,1.8626,0.20289855072463892,0.8272716228047359,0.530214004907199,1.0
57966-03-10 12:00:00,1.8631,0.23703703703703438,0.8383787386012166,0.47170295151209074,1.0
57966-03-20 22:00:00,1.8611,0.21326164874551978,0.7426331652727336,0.3378880917293575,1.0
57966-03-31 08:00:00,1.8626,0.2867647058823528,0.685109491102784,0.3605361357654129,1.0
57966-04-10 18:00:00,1.8587,0.18092105263157976,0.4958279031676357,0.18132441555772016,1.0
57966-04-21 04:00:00,1.8571,0.16346153846153644,0.2996975686179169,0.10104388809549936,0.4264592554374916
57966-05-01 14:00:00,1.8589,0.18389057750759663,0.20783101145793795,0.16004582714122573,0.7622196806555688
57966-05-12 00:00:00,1.864,0.2078651685393248,0.2817045816756027,0.3323716639095856,1.0
57966-05-22 10:00:00,1.8638,0.17781155015196992,0.3006881042703913,0.29265739769554855,0.7783383055386858
57966-06-01 20:00:00,1.8661,0.213043478260868,0.35635039224698706,0.34994272272414784,1.0
57966-06-12 06:00:00,1.862,0.0611285266457674,0.24499816923492287,0.16551045440948686,0.6156676614532751
57966-06-22 16:00:00,1.8637,0.08083832335329033,0.20305411778111435,0.2220924469975467,0.9116787341731241
57966-07-03 02:00:00,1.8584,-0.03760445682451119,0.0026126093610115185,-0.06470922910912796,0.24617513332830945
57966-07-13 12:00:00,1.8605,0.02234636871508422,-0.07129126306658026,0.02492590950324569,1.0
57966-07-23 22:00:00,1.8604,-0.03416149068322921,-0.12587881558733768,-0.010760679373701842,0.6869141544062302
57966-08-03 08:00:00,1.8666,0.046174142480211566,0.01815261636425274,0.4835840109915749,1.0
57966-08-13 18:00:00,1.8649,0.05053191489361697,0.04915093765888034,0.29702527591878436,-0.5811032500515554
57966-08-24 04:00:00,1.8672,0.05989583333333215,0.1239865036081216,0.44225719715503675,0.329155623601042
57966-09-03 14:00:00,1.867,0.1195965417867425,0.1493295504190852,0.3749475103815645,-0.28455200376008843
57966-09-14 00:00:00,1.8678,0.1578171091445415,0.1710880726091286,0.38963677871365454,0.6951396293544628
57966-09-24 10:00:00,1.8655,0.0959302325581387,0.09884287921448148,0.19481224506312034,-0.9415012024454051
57966-10-04 20:00:00,1.8684,0.06832298136645898,0.12258748932632024,0.3724696003635647,-0.40351892353712066
57966-10-15 06:00:00,1.869,0.07975460122699585,0.13803031562841758,0.36724675226207915,0.5003739288167439
57966-10-25 16:00:00,1.8669,0.012345679012344513,0.06856128587990704,0.20543418196969299,-0.5909143058998538
57966-11-05 02:00:00,1.8681,0.10338983050847572,0.04540406988847487,0.26095415910006226,0.7442427273971164
57966-11-15 12:00:00,1.8672,0.060975609756098725,-0.008736482776052544,0.1829381385722466,0.14417549381322114
57966-11-25 22:00:00,1.8618,0.05902777777777468,-0.2104126100220207,-0.26098278207299813,-0.8689600856364906
57966-12-06 08:00:00,1.8626,0.03818181818181754,-0.3130565224651433,-0.1868181401748551,-0.11635182168670885
57966-12-16 18:00:00,1.8621,0.030465949820788873,-0.38537157404656025,-0.21672345753747518,-0.703626506188975
57966-12-27 04:00:00,1.8616,-0.11261261261261296,-0.43400786893885235,-0.2339586344749348,-1.0
57967-01-06 14:00:00,1.8623,-0.06132075471697801,-0.42933762617607146,-0.1809568895324971,-0.6103741216997346
57967-01-17 00:00:00,1.8662,-0.021929824561400524,-0.2973851794748083,0.11561601560093282,0.4468112302861524
57967-01-27 10:00:00,1.867,0.0,-0.1821205205128695,0.16162122594686323,1.0
57967-02-06 20:00:00,1.8653,-0.051440329218104486,-0.15570597846335066,-0.009012365255185117,0.6911013108717261
57967-02-17 06:00:00,1.8639,-0.03418803418803407,-0.1772791856465696,-0.17461215307120403,0.22323929075507043
57967-02-27 16:00:00,1.8617,-0.1475770925110126,-0.25067946942963437,-0.35861406247503924,-1.0
57967-03-10 02:00:00,1.8635,-0.11506276150627409,-0.2357236306330136,-0.17147552856721998,-0.6231612799670837
57967-03-20 12:00:00,1.8646,-0.05021834061135122,-0.1860083468247609,-0.05207476824120921,0.3285462469996429
57967-03-30 22:00:00,1.8638,-0.09555555555555612,-0.17198880092286334,-0.11665954115915783,-0.26341763304357113
57967-04-10 08:00:00,1.8614,-0.12083333333333046,-0.22725406919589797,-0.32140307999409834,-1.0
57967-04-20 18:00:00,1.8625,0.01776649746193204,-0.22066209738802606,-0.19486251485050032,-1.0
57967-05-01 04:00:00,1.8653,0.062211981566817176,-0.12566281725117098,0.1000237032731347,0.8500342090051032
57967-05-11 14:00:00,1.8734,0.19283276450511355,0.1743129549455941,0.7414779313278412,1.0
57967-05-22 00:00:00,1.8673,0.08166189111747824,0.17334618168900276,0.22679130930813862,1.0
57967-06-01 10:00:00,1.8705,0.10962566844919674,0.2540893689579743,0.4547405161402701,1.0
57967-06-11 20:00:00,1.8747,0.11273209549071472,0.41034026832016013,0.6222551568063392,1.0
57967-06-22 06:00:00,1.8776,0.13316582914572694,0.5669548645386102,0.6256380877906669,1.0
57967-07-02 16:00:00,1.8739,0.10287081339712789,0.5222002105117319,0.37737219708198544,1.0
57967-07-13 02:00:00,1.8794,0.16884531590413931,0.6201559231409057,0.5386105993628163,1.0
57967-07-23 12:00:00,1.8723,0.10433070866141858,0.43428443494595814,0.20110157865233302,1.0
57967-08-02 22:00:00,1.8781,0.13321167883211782,0.4547278484240315,0.4054761237109348,1.0
57967-08-13 08:00:00,1.8823,0.1528497409326428,0.5558088643217404,0.490723362950086,1.0
57967-08-23 18:00:00,1.8828,0.16493055555555713,0.5931767069974414,0.4385390076198946,1.0
57967-09-03 04:00:00,1.8771,0.12889983579638797,0.4068466272969232,0.2175528632382402,0.897839359557663
57967-09-13 14:00:00,1.8746,0.09711075441412553,0.18228444191569718,0.11494134076095341,0.36587154479721445
57967-09-24 00:00:00,1.8767,0.09253246753246835,0.07899997035234452,0.16936598268136605,0.49063046367144797
57967-10-04 10:00:00,1.8792,0.05178571428571466,0.06860642770171468,0.23721654096829092,0.705961011795789
57967-10-14 20:00:00,1.8795,0.1215139442231079,0.05279192923724315,0.22534094113119085,1.0
57967-10-25 06:00:00,1.879,0.08947368421052648,0.011004135995686367,0.1863985373264293,0.9497205731564754
57967-11-04 16:00:00,1.8742,-0.0051975051975046704,-0.17005051871434396,-0.03800306358589162,0.3013915141890018
57967-11-15 02:00:00,1.8785,0.00909090909091037,-0.16365791232409538,0.14686408122652095,0.5790812839532374
57967-11-25 12:00:00,1.877,0.03276955602537124,-0.2085498599283958,0.03879631956365315,0.21079448914649498
57967-12-05 22:00:00,1.8765,-0.034278959810873866,-0.2536520308512271,-0.003980560586362314,-0.11419669076573298
57967-12-16 08:00:00,1.8757,0.04722222222222039,-0.30467510231952155,-0.1036004281244568,-0.7494990741172605
57967-12-26 18:00:00,1.8717,-0.09356725146199163,-0.4491771230394653,-0.45017921541185996,-1.0
57968-01-06 04:00:00,1.8702,-0.19206349206349427,-0.5709078774646733,-0.5005615233197519,-1.0
57968-01-16 14:00:00,1.8691,-0.21339563862928546,-0.6590413798206831,-0.49015392828471477,-1.0
57968-01-27 00:00:00,1.871,-0.10777385159010672,-0.632678670459915,-0.338498283563424,-1.0
57968-02-06 10:00:00,1.8712,-0.06538461538461726,-0.5839709449944966,-0.29296040191353645,-1.0
57968-02-16 20:00:00,1.8718,-0.10000000000000364,-0.5108380262000322,-0.2518633500861206,-1.0
57968-02-27 06:00:00,1.8733,-0.12553191489361815,-0.3988705409082254,-0.14259876522728288,-0.8757359785508596
57968-03-08 16:00:00,1.8777,-0.03260869565217456,-0.1831173334911456,0.15976744119652742,-0.4202221815326898
57968-03-19 02:00:00,1.8778,-0.022058823529413518,-0.03835883232301534,0.2046374618072464,0.12402804529307822
57968-03-29 12:00:00,1.8728,-0.025547445255475754,-0.09403654129103145,-0.15658238388893198,-0.191764900750588
57968-04-08 22:00:00,1.8721,-0.13445378151260523,-0.1470579298618364,-0.19655618142542863,-0.339221699353219
57968-04-19 08:00:00,1.8732,-0.08119658119658296,-0.1429101971588636,-0.10246550827849743,-0.0461039359683614
57968-04-29 18:00:00,1.8776,0.020146520146518188,-0.006774172725330279,0.2383821081109242,0.2881527189824814
57968-05-10 04:00:00,1.8774,0.03183520599251055,0.0710841210159847,0.2413918783817156,0.1206659364179998
57968-05-20 14:00:00,1.8776,0.1288209606986932,0.1198137083586313,0.2712849476061465,0.4154568687523634
57968-05-31 00:00:00,1.8738,0.07142857142856895,0.031037204927089033,-0.041324951758226536,0.03733958245531085
57968-06-10 10:00:00,1.875,0.11660079051383587,0.006184139612890044,0.07632282310799177,0.4475623278997773
57968-06-20 20:00:00,1.8769,0.11660079051383587,0.04305950368597944,0.24292909689922038,0.9824323819349798
57968-07-01 06:00:00,1.874,0.05000000000000315,-0.023111617520121277,0.00044550323349246135,0.6113958847999433
57968-07-11 16:00:00,1.8742,0.043478260869569185,-0.06012236080589904,0.025202784094077946,1.0
57968-07-22 02:00:00,1.8806,0.11230769230769522,0.10367413716742721,0.5032146909967463,1.0
57968-08-01 12:00:00,1.8819,0.07142857142857251,0.23607289490493824,0.5166464472640808,1.0
57968-08-11 22:00:00,1.8795,0.02681388012618402,0.23362391230217383,0.3137153983154044,1.0
57968-08-22 08:00:00,1.8791,0.11623616236162548,0.2044614904268403,0.25777038176842115,1.0
57968-09-01 18:00:00,1.8766,0.07785467128027723,0.09849719679396259,0.0388252884431195,0.7528527096659274
57968-09-12 04:00:00,1.8785,0.08922558922559176,0.07778864460556531,0.18124012645003795,1.0
57968-09-22 14:00:00,1.8793,0.03256704980843028,0.07940918533813363,0.22919893775208477,1.0
57968-10-03 00:00:00,1.875,-0.039735099337748214,-0.053677823451886715,-0.14860626879173977,1.0
57968-10-13 10:00:00,1.8725,-0.07846153846153775,-0.2117083834907595,-0.3343133473013747,0.5467450760818497
57968-10-23 20:00:00,1.8706,-0.05228758169934511,-0.3591431463821347,-0.46015018296059546,0.02046818589926564
57968-11-03 06:00:00,1.872,-0.0487012987012978,-0.3953418313020402,-0.34532028091310174,0.22908492897075955
57968-11-13 16:00:00,1.8698,-0.11414790996784857,-0.46380033374601787,-0.47006058858150573,-0.24452153648405492
57968-11-24 02:00:00,1.8678,-0.10264900662252058,-0.5420118014016096,-0.5131600947025013,-0.778079178328247
57968-12-04 12:00:00,1.8693,-0.07777777777778011,-0.5191323451409616,-0.366371493738343,-0.39598168980610543
57968-12-14 22:00:00,1.8684,-0.23461538461538622,-0.502759957557339,-0.372387929874165,-0.8352007870046776
57968-12-25 08:00:00,1.8701,-0.223484848484845,-0.4145046596383169,-0.2543974516293749,-0.3963149583561392
57969-01-04 18:00:00,1.8714,-0.16007905138339995,-0.29651841638672505,-0.16779844092281637,0.1525612854818769
57969-01-15 04:00:00,1.8717,-0.1468253968253988,-0.1945119051567288,-0.13631734182931554,0.6355462490260161
57969-01-25 14:00:00,1.8723,-0.0922746781115869,-0.09869360702149692,-0.09724344996059237,1.0
57969-02-05 00:00:00,1.8731,-0.12162162162162327,-0.005730910957188762,-0.04913317597277628,1.0
57969-02-15 10:00:00,1.8754,-0.08227848101265833,0.1242397090976796,0.10056113805881439,1.0
57969-02-25 20:00:00,1.8739,-0.026315789473686457,0.15970958093420218,0.03929088371590728,1.0
57969-03-08 06:00:00,1.8731,0.015624999999998113,0.15409852776927851,0.007662346751115212,0.9865451511012789
57969-03-18 16:00:00,1.8717,0.029411764705878807,0.10521848313335873,-0.07417802501345211,0.6326277845044402
57969-03-29 02:00:00,1.8713,-0.01977401129943901,0.060646135594799776,-0.0887998836613425,0.025597600115385193
57969-04-08 12:00:00,1.8709,0.034591194968557004,0.02097210044288197,-0.10292397580715579,-0.2702673494455674
57969-04-18 22:00:00,1.8727,0.15605095541401848,0.05043188063474381,0.1316750863663103,0.1868043447667275
57969-04-29 08:00:00,1.8736,0.14238410596026696,0.09536934835500695,0.266955643065948,0.9227094881886208
57969-05-09 18:00:00,1.8724,0.12987012987013302,0.08631372962046699,0.10916905452991321,0.4228513807959399
57969-05-20 04:00:00,1.867,-0.08115183246073715,-0.07854800322577131,-0.5130305619775847,-0.17867341873392253
57969-05-30 14:00:00,1.8674,-0.10989010989011133,-0.16343387439485965,-0.4068668309472537,0.7502106225723429
57969-06-10 00:00:00,1.8696,-0.05223880597014963,-0.14098052082277243,-0.167561495984271,1.0
57969-06-20 10:00:00,1.8697,-0.0663265306122503,-0.11322587825706634,-0.17519588503378192,1.0
57969-06-30 20:00:00,1.8692,-0.101036269430054,-0.10080855251177608,-0.23065038331429238,1.0
57969-07-11 06:00:00,1.8709,-0.12032085561497369,-0.03439386425372966,-0.05553250737779586,1.0
57969-07-21 16:00:00,1.8721,-0.048913043478256146,0.04790949550045935,0.07500351219089729,1.0
57969-08-01 02:00:00,1.8708,-0.060846560846560316,0.06298463271380217,-0.07600119038737652,0.7049201013797115
57969-08-11 12:00:00,1.8717,0.0,0.099020273358017,0.030875400097543637,1.0
57969-08-21 22:00:00,1.8722,0.02432432432432774,0.13443669474370382,0.09093282349358345,1.0
57969-09-01 08:00:00,1.8745,0.0882352941176483,0.21969155328018117,0.34294346270241083,1.0
57969-09-11 18:00:00,1.8756,0.07360406091370375,0.2962878916155269,0.46368663245969277,1.0
57969-09-22 04:00:00,1.8801,0.13948497854077568,0.46172466480931945,0.7168075934224383,1.0
57969-10-02 14:00:00,1.879,0.14224137931034153,0.5101303650626322,0.5218909866169743,1.0
57969-10-13 00:00:00,1.877,0.2525252525252495,0.45528828521128367,0.33261750286958736,1.0
57969-10-23 10:00:00,1.8765,0.22864321608040183,0.38122767166547455,0.2694818244395141,1.0
57969-11-02 20:00:00,1.8747,0.13076923076923141,0.2602978428433343,0.13024971575175248,0.7400931145225231
57969-11-13 06:00:00,1.8761,0.15384615384615552,0.20887434131314705,0.21181812173483494,0.9254084035747734
57969-11-23 16:00:00,1.8776,0.19266055045871244,0.20614622763579882,0.28960448405810657,1.0
57969-12-04 02:00:00,1.8764,0.12910798122065803,0.15502828164505156,0.19426606557168213,0.6673559798536979
57969-12-14 12:00:00,1.8736,0.032751091703053015,0.029338385910390886,-0.009514271418239906,0.25568379806901503
57969-12-24 22:00:00,1.8761,0.10995850622406711,0.01768835288351821,0.14843394003317567,0.68618392683925
57970-01-04 08:00:00,1.8782,0.12845849802371712,0.06644457345518552,0.282809575780142,1.0
57970-01-14 18:00:00,1.8728,0.009933774834435916,-0.06793484016424138,-0.16283601095199735,0.7844022853669708
57970-01-25 04:00:00,1.8683,-0.0956790123456781,-0.2837061194426464,-0.5178609090265204,-0.17274362961920786
57970-02-04 14:00:00,1.8665,-0.13746223564954363,-0.45995021134635033,-0.5693606768721594,-1.0
57970-02-15 00:00:00,1.862,-0.27341389728096577,-0.6797164231833482,-0.670824891058206,-1.0
57970-02-25 10:00:00,1.8581,-0.2910863509749288,-0.8962285549263541,-0.6711138456560888,-1.0
57970-03-07 20:00:00,1.8576,-0.28197674418604607,-0.9983504481880546,-0.5628145163980608,-1.0
57970-03-18 06:00:00,1.8594,-0.23949579831932738,-0.9542037154339054,-0.4310188702545129,-1.0
57970-03-28 16:00:00,1.8565,-0.24728260869565089,-0.9553129926686181,-0.4531406672239523,-1.0
57970-04-08 02:00:00,1.8555,-0.28296703296703385,-0.9272522805564274,-0.41974605340277593,-1.0
57970-04-18 12:00:00,1.8463,-0.3548752834467086,-1.0,-0.5607736323301914,-1.0
57970-04-28 22:00:00,1.8442,-0.35777777777777486,-1.0,-0.5151328937085737,-1.0
57970-05-09 08:00:00,1.8382,-0.36721991701244505,-1.0,-0.5379666007808052,-1.0
57970-05-19 18:00:00,1.8422,-0.34104627766599577,-1.0,-0.4010858380042228,-1.0
57970-05-30 04:00:00,1.8403,-0.38282828282828246,-1.0,-0.38570327503360335,-1.0
57970-06-09 14:00:00,1.8348,-0.38306451612903203,-1.0,-0.42541981652891836,-1.0
57970-06-20 00:00:00,1.8386,-0.3036809815950916,-1.0,-0.324789330556385,-1.0
57970-06-30 10:00:00,1.8397,-0.2780082987551883,-0.7718071014519147,-0.2781794115739358,-0.9704746684476016
57970-07-10 20:00:00,1.8375,-0.2668845315904157,-0.6172514333118634,-0.28792419197870756,-0.9621780249249889
57970-07-21 06:00:00,1.8346,-0.26169265033407685,-0.5401645202297573,-0.3123357923256591,-0.9695754078867206
57970-07-31 16:00:00,1.837,-0.22008547008547086,-0.36018528895942037,-0.2521225716716902,-0.8041961380315006
57970-08-11 02:00:00,1.8301,-0.28227360308285254,-0.3950083485276944,-0.3646184297387071,-1.0
57970-08-21 12:00:00,1.8282,-0.277996070726917,-0.4162130153874279,-0.37312875245114674,-1.0
57970-08-31 22:00:00,1.8287,-0.2658730158730175,-0.35696899014879474,-0.33773596326473954,-1.0
57970-09-11 08:00:00,1.8172,-0.2760910815939303,-0.5988569986747874,-0.5217990449195247,-1.0
57970-09-21 18:00:00,1.8188,-0.2432950191570899,-0.6341641618576384,-0.43241162854705084,-1.0
57970-10-02 04:00:00,1.8202,-0.1890756302521015,-0.5425152659137835,-0.36625549001815216,-0.7378712749621084
57970-10-12 14:00:00,1.8301,-0.11308411214953296,-0.12746557059429833,-0.1372824900405914,-0.3475228766372856
57970-10-23 00:00:00,1.8333,-0.06386861313868758,0.2738128713513372,-0.0389563697098374,-0.007698043835783686
57970-11-02 10:00:00,1.8337,-0.011066398390340904,0.5633051528204205,0.0004622665348407162,0.5373667803584573
57970-11-12 20:00:00,1.842,0.03136531365313733,0.9962043875014014,0.27299834624297115,1.0
57970-11-23 06:00:00,1.8415,0.0167910447761197,1.0,0.2672632804206577,0.7057779237014348
57970-12-03 16:00:00,1.8432,0.05367231638418102,1.0,0.30492398720326275,0.9005310451606103
57970-12-14 02:00:00,1.8453,0.10229445506692048,1.0,0.3572664488456556,1.0
57970-12-24 12:00:00,1.8399,0.02622061482821081,1.0,0.1913880186108864,0.6843598725598733
57971-01-03 22:00:00,1.8412,0.11167002012072302,1.0,0.21716115450545181,0.8988355125011929
57971-01-14 08:00:00,1.8427,0.14705882352941102,1.0,0.2512969455900702,1.0
57971-01-24 18:00:00,1.8434,0.14848484848484755,1.0,0.26146360439689087,1.0
57971-02-04 04:00:00,1.8429,0.3337662337662347,1.0,0.23397928307249716,0.9028317015802725
57971-02-14 14:00:00,1.8423,0.31333333333333546,0.9550875190877115,0.2021122639996672,0.7110601291988907
57971-02-25 00:00:00,1.8409,0.27600000000000025,0.7976743434074998,0.15592518770350638,0.4562926036113049
57971-03-07 10:00:00,1.8441,0.22727272727272796,0.7597780138336334,0.2223403285723159,0.6093650186510636
57971-03-17 20:00:00,1.8439,0.1906474820143912,0.6980893941693254,0.1959968145025457,0.2658617222087217
57971-03-28 06:00:00,1.8456,0.20446735395188886,0.6784310384072938,0.2195719122047295,1.0
57971-04-07 16:00:00,1.847,0.11261261261261135,0.6758690884652653,0.24855264564255197,1.0
57971-04-18 02:00:00,1.8424,0.017110266159698462,0.5079848686319872,0.0832224127638993,1.0
57971-04-28 12:00:00,1.8434,0.003906249999999667,0.40711252425836814,0.11413260059390429,1.0
57971-05-08 22:00:00,1.8415,-0.07480314960630147,0.26819654622354594,-0.037892128640764855,1.0
57971-05-19 08:00:00,1.8419,0.04901960784313775,0.17904868620757644,-0.05053966233098223,1.0
57971-05-29 18:00:00,1.8399,-0.030805687203788235,0.05550697830356625,-0.38909700112897344,0.6849900314156888
57971-06-09 04:00:00,1.8418,-0.020930232558137307,0.03026830803678164,-0.12799471814015917,1.0
57971-06-19 14:00:00,1.8399,-0.07709251101321252,-0.04270201339681615,-0.3583369389983752,0.9159244174178155
57971-06-30 00:00:00,1.8414,-0.031645569620254554,-0.04270902347270367,-0.15069570910208208,1.0
57971-07-10 10:00:00,1.8405,-0.037500000000000866,-0.06673906359184276,-0.24315492562835284,0.8945840982503315
57971-07-20 20:00:00,1.8396,-0.027659574468086923,-0.10441446730225203,-0.3566769863252197,0.5042105104951303
57971-07-31 06:00:00,1.8345,-0.18897637795275968,-0.2706718095374714,-0.7250343805335637,-0.947480267026681
57971-08-10 16:00:00,1.8286,-0.24598070739550237,-0.5314736627319729,-0.8042388433272285,-1.0
57971-08-21 02:00:00,1.8296,-0.2631578947368445,-0.635824584783159,-0.5860456478897959,-0.4595279128643644
57971-08-31 12:00:00,1.8293,-0.30204778156997025,-0.6730325689881564,-0.5019980656692603,-0.8533028935379984
57971-09-10 22:00:00,1.8308,-0.22137404580152958,-0.6122826316065737,-0.3793161949117112,-0.10266099103535274
57971-09-21 08:00:00,1.8449,0.01908396946564961,-0.12519683009605587,0.23346066957446487,1.0
57971-10-01 18:00:00,1.8522,0.1196868008948564,0.4059434693866444,0.48334169235816926,1.0
57971-10-12 04:00:00,1.8482,0.06521739130434778,0.607037857946766,0.3070330222846608,1.0
57971-10-22 14:00:00,1.8449,0.050403225806450624,0.609714314313818,0.1833096708769678,0.5090442710645768
57971-11-02 00:00:00,1.8473,0.05489021956087681,0.6523965221289679,0.2739643029446791,1.0
57971-11-12 10:00:00,1.847,0.07319587628865898,0.6378448231004461,0.2475525681197327,0.6110658327389918
57971-11-22 20:00:00,1.8461,0.0490605427974965,0.5692658842884506,0.20616831427665738,0.34258847086546085
57971-12-03 06:00:00,1.8456,0.053684210526314446,0.48076338912998895,0.17780076926809507,-0.07182292265730895
57971-12-13 16:00:00,1.8452,0.05957446808510691,0.3862274152831831,0.15573021106644946,-0.25408668390440403
57971-12-24 02:00:00,1.8435,0.10321100917431059,0.2541483199948499,0.08793728818172386,-0.5012488654738455
57972-01-03 12:00:00,1.8439,0.20078740157480313,0.16600361130870436,0.09811472471281568,-0.019228066189408897
57972-01-13 22:00:00,1.8423,0.1640826873385015,0.05142785209003658,0.03675881691467808,-0.23211475214788
57972-01-24 08:00:00,1.844,0.18329177057356594,0.0222221624212887,0.09243807894704703,0.03746229974820239
57972-02-03 18:00:00,1.8462,0.18872549019607765,0.06255779225654405,0.15879033635358963,0.2988058118787897
57972-02-14 04:00:00,1.8466,0.03136531365313677,0.09183398414904402,0.15911667530403162,0.5237307295851159
57972-02-24 14:00:00,1.8501,-0.04506437768240268,0.20266076299769337,0.2544325405462148,0.9169147777261457
57972-03-06 00:00:00,1.8525,0.09907834101382296,0.32631440749325896,0.3198453874262073,1.0
57972-03-16 10:00:00,1.8502,0.1280193236714985,0.3139868882804065,0.22120780577373722,1.0
57972-03-26 20:00:00,1.8519,0.11500000000000266,0.332780816096769,0.3047102447647192,1.0
57972-04-06 06:00:00,1.8523,0.13184079601990106,0.33150048499752893,0.391328431439116,1.0
57972-04-16 16:00:00,1.8531,0.17499999999999527,0.3285916793993762,0.3968335151131209,1.0
57972-04-27 02:00:00,1.853,0.1887755102040829,0.297870961255945,0.3799916048943772,1.0
57972-05-07 12:00:00,1.854,0.2178217821782189,0.2826656323774314,0.39944962675659323,1.0
57972-05-17 22:00:00,1.8533,0.2552083333333297,0.2278588680990151,0.31626532444713384,1.0
57972-05-28 08:00:00,1.8543,0.2626262626262583,0.2000634331350356,0.3401610204368085,1.0
57972-06-07 18:00:00,1.8525,0.25499999999999656,0.10870442195969592,0.2097570379568897,1.0
57972-06-18 04:00:00,1.8524,0.22826086956521408,0.03152544072927628,0.18444747563206831,0.5267708387442136
57972-06-28 14:00:00,1.8554,0.2395833333333287,0.05743466741094054,0.32715371767978174,1.0
57972-07-09 00:00:00,1.8538,0.17647058823528938,0.012584076695292552,0.21073580550898097,0.5528054827515693
57972-07-19 10:00:00,1.8525,0.0659340659340647,-0.06556334504208118,0.11435667619102197,0.20621543222993843
57972-07-29 20:00:00,1.8528,0.009316770186334367,-0.11376603959042556,0.11458242310262201,0.5151914863560114
57972-08-09 06:00:00,1.8528,0.09420289855072206,-0.14914538980288147,0.09547881103903011,0.4402558457378916
57972-08-19 16:00:00,1.8551,0.11111111111110683,-0.10735054006998011,0.29935886227919095,0.9194094710869638
57972-08-30 02:00:00,1.8571,0.14999999999999714,-0.02786226967065506,0.49679663778142025,1.0
57972-09-09 12:00:00,1.8571,0.13157894736842035,0.012937495449044194,0.5144994048139535,1.0
57972-09-19 22:00:00,1.8583,0.16257668711656492,0.06224614173116609,0.5737392735352513,1.0
57972-09-30 08:00:00,1.8598,0.17261904761904256,0.12289286887317244,0.5979255518363449,1.0
57972-10-10 18:00:00,1.8536,0.006726457399102492,-0.0369240561638954,-0.07399482880956187,1.0
57972-10-21 04:00:00,1.8577,0.0669291338582656,-0.02667666946926392,0.3478500840933536,1.0
57972-10-31 14:00:00,1.8562,0.07370517928287079,-0.07330235374592715,0.16355342267068707,1.0
57972-11-11 00:00:00,1.8568,0.08593750000000122,-0.09184257199098252,0.2090845371701766,1.0
57972-11-21 10:00:00,1.8544,-0.01999999999999824,-0.17891404012168477,-0.06761019333599827,0.6751556848722475
57972-12-01 20:00:00,1.8575,0.06981132075471952,-0.14388818344857893,0.2582793200223651,1.0
57972-12-12 06:00:00,1.8628,0.16885245901639567,0.030189417198784232,0.643413459762741,1.0
57972-12-22 16:00:00,1.8606,0.12037037037037257,0.06393793241364192,0.39055961544637874,1.0
57973-01-02 02:00:00,1.86,0.10909090909091224,0.054384501791124855,0.30708631886527105,0.7118516861911304
57973-01-12 12:00:00,1.8619,0.10429447852761098,0.09083036422545057,0.4132910072264725,0.9940707047010504
57973-01-22 22:00:00,1.8646,0.11261261261261546,0.177274362638028,0.521522897548016,1.0
57973-02-02 08:00:00,1.8686,0.1541554959785555,0.3279575381315591,0.6258929940674576,1.0
57973-02-12 18:00:00,1.8712,0.16666666666666852,0.46951061681625517,0.6185793607804135,1.0
57973-02-23 04:00:00,1.8721,0.16141732283465005,0.5473715546227672,0.5502706575856033,1.0
57973-03-05 14:00:00,1.8689,0.21794871794872117,0.4606505757631585,0.364112943829518,1.0
57973-03-16 00:00:00,1.8672,0.14525993883792265,0.31792693747034523,0.2608780230618595,1.0
57973-03-26 10:00:00,1.866,0.15123456790123613,0.16141175844906985,0.18787349779918927,0.7320711302425265
57973-04-05 20:00:00,1.8687,0.17246376811594355,0.11759988948547205,0.27745015794247607,0.8905675179475285
57973-04-16 06:00:00,1.8691,0.22615384615384682,0.07951472883783926,0.26637406007287157,1.0
57973-04-26 16:00:00,1.8676,0.16343042071197444,-0.008465863037217441,0.18399755055501643,0.7602118229154765
57973-05-07 02:00:00,1.8701,0.12989323843416511,-0.006667344396071482,0.2679380634308749,0.8383212533777727
57973-05-17 12:00:00,1.8731,0.21626297577854647,0.06587654840791414,0.3591219557073124,0.9248602858407552
57973-05-27 22:00:00,1.8742,0.24149659863945483,0.12350917650048739,0.36912977069132713,1.0
57973-06-07 08:00:00,1.8746,0.22759856630824227,0.1481192998250348,0.35293695826681126,1.0
57973-06-17 18:00:00,1.8736,0.17175572519083626,0.10965643387282094,0.29730483488922554,1.0
57973-06-28 04:00:00,1.8705,0.03754940711462462,-0.02769414083022448,0.12501293199079044,0.4325420173571149
57973-07-08 14:00:00,1.8718,0.012499999999998734,-0.09169901254118012,0.17779839236207173,0.6845352033123133
57973-07-19 00:00:00,1.8714,-0.014893617021279781,-0.15564699394241086,0.13652482362097917,0.23561475965903028
57973-07-29 10:00:00,1.8698,0.020547945205477314,-0.2507786727879622,0.0038382577517752647,-0.0424248998815404
57973-08-08 20:00:00,1.8696,0.058823529411764386,-0.3191497280743565,-0.04981923720411452,-1.0
57973-08-19 06:00:00,1.8712,0.12499999999999734,-0.3140466649308481,0.07806579339844322,-0.9443027605607063
57973-08-29 16:00:00,1.8728,0.10406091370558324,-0.26244318291383667,0.22453887133889505,-0.4247819469972269
57973-09-09 02:00:00,1.8714,0.05555555555555425,-0.27111703047158314,0.0754627618354008,-0.9317780442698087
57973-09-19 12:00:00,1.8718,0.10714285714285632,-0.26410936492642884,0.11969224025455372,-0.10846824527330956
57973-09-29 22:00:00,1.8762,0.14186046511627837,-0.1306170087578344,0.4924623902544413,0.8141892211797984
57973-10-10 08:00:00,1.8748,0.04271356783919644,-0.0933574505259047,0.3270562338578642,-0.8610396071318017
57973-10-20 18:00:00,1.8796,0.11440677966101342,0.06229771316852502,0.6555736326501176,1.0
57973-10-31 04:00:00,1.88,0.11440677966101342,0.15579592025588151,0.5652910277750858,1.0
57973-11-10 14:00:00,1.8799,0.1387665198237883,0.1905262780977138,0.47716907634947914,0.9033429062988352
57973-11-21 00:00:00,1.8763,0.1250000000000011,0.08429865122149692,0.20108137713472196,-0.542996861453135
57973-12-01 10:00:00,1.8772,0.11842105263158087,0.026071653236686507,0.24355401032034207,0.5588720281082529
57973-12-11 20:00:00,1.8764,0.10775862068965814,-0.04855556472737008,0.16851933967380506,-0.6215615919316689
57973-12-22 06:00:00,1.8792,0.19262295081967562,-0.02466027773648459,0.34089299887398694,0.15252677883471633
57974-01-01 16:00:00,1.8787,0.1842105263157937,-0.03625692182707489,0.2804748108596674,-1.0
57974-01-12 02:00:00,1.8758,0.08846153846153793,-0.13926139867357495,0.07403920977108225,-1.0
57974-01-22 12:00:00,1.8739,0.020912547528515013,-0.26473616025904056,-0.07038126588909932,-1.0
57974-02-01 22:00:00,1.8725,0.020912547528519343,-0.3825612273035317,-0.17383250431059882,-1.0
57974-02-12 08:00:00,1.8699,-0.03333333333333388,-0.5234694599025602,-0.3454588034380637,-1.0
57974-02-22 18:00:00,1.8702,-0.1229508196721325,-0.585860656151201,-0.328547879968888,-1.0
57974-03-05 04:00:00,1.8727,-0.0411764705882357,-0.5304012813824688,-0.17223990539495282,-1.0
57974-03-15 14:00:00,1.8772,-0.047619047619047394,-0.3445632237267004,0.14281797813090047,-0.8808751145056773
57974-03-26 00:00:00,1.883,0.04901960784313952,-0.04812604682793767,0.49184463003712864,0.3338657983706723
57974-04-05 10:00:00,1.8816,0.02664576802507901,0.09264428753953097,0.3548905248288916,-0.4323112946182336
57974-04-15 20:00:00,1.8865,0.15361445783132466,0.3116185085513627,0.5633492133796301,1.0
57974-04-26 06:00:00,1.8886,0.16569767441860472,0.48592532680562234,0.5560675455876067,1.0
57974-05-06 16:00:00,1.8841,0.1010498687664041,0.42989550116706776,0.29382457635565995,1.0
57974-05-17 02:00:00,1.8783,-0.010948905109487705,0.19361559129280032,0.00992318415170701,1.0
57974-05-27 12:00:00,1.8779,-0.009756097560977117,0.013471957473229223,-0.004732178253932684,0.758652491658765
57974-06-06 22:00:00,1.877,0.01538461538461644,-0.13662647650795465,-0.042476332161787644,0.307832956960376
57974-06-17 08:00:00,1.8759,0.026178010471203828,-0.265534414828477,-0.09630537590501775,-0.007927243721929218
57974-06-27 18:00:00,1.8727,0.0024999999999997247,-0.4349189260116879,-0.23860401658635344,-0.41736835353170654
57974-07-08 04:00:00,1.8753,0.06750000000000045,-0.45099192043397524,-0.10903928271557228,0.012876949780621363
57974-07-18 14:00:00,1.8759,0.07071960297766522,-0.42731235992463407,-0.07200471528923386,0.528090433323138
57974-07-29 00:00:00,1.8759,0.04232804232804044,-0.3964472410176633,-0.06521097190493569,0.49598649279152024
57974-08-08 10:00:00,1.8767,-0.007331378299119451,-0.33850852704393825,-0.02865756645555101,1.0
57974-08-18 20:00:00,1.8796,-0.054487179487180404,-0.20474518310923315,0.09912762055175361,1.0
57974-08-29 06:00:00,1.8773,-0.06697819314641701,-0.18134945169524644,-0.025921799521760325,1.0
57974-09-08 16:00:00,1.878,-0.15232974910394687,-0.14062719988554406,-0.011944788715238464,1.0
57974-09-19 02:00:00,1.8723,-0.2587301587301615,-0.2771331774623834,-0.339799757407083,1.0
57974-09-29 12:00:00,1.8721,-0.22058823529412053,-0.35685569122250094,-0.3461154910741772,0.7696954969768574
57974-10-09 22:00:00,1.8718,-0.14976958525346135,-0.39890542814831786,-0.3310194447538142,0.5195918431861037
57974-10-20 08:00:00,1.8758,-0.04150197628458535,-0.2890762875333949,-0.10192750484933821,0.7123652456058047
57974-10-30 18:00:00,1.8733,-0.06877323420074499,-0.2783354477840855,-0.21584480512908055,0.43820179835729867
57974-11-10 04:00:00,1.8756,-0.00533807829181443,-0.18992444503537398,-0.06851152340929345,0.5950520028591216
57974-11-20 14:00:00,1.8806,0.13210702341137237,0.021551257840101045,0.34944705258049635,1.0
57974-12-01 00:00:00,1.8842,0.14401294498382133,0.25827907926428867,0.6391530355286086,1.0
57974-12-11 10:00:00,1.8832,0.11661341853035234,0.3639517062747296,0.48461519832548516,1.0
57974-12-21 20:00:00,1.8899,0.1842105263157895,0.6052232653549848,0.7011647206495664,1.0
57975-01-01 06:00:00,1.8971,0.22972972972972938,0.9320109801075952,0.7438265883990334,1.0
57975-01-11 16:00:00,1.9031,0.2473684210526318,1.0,0.6993921090276181,1.0
57975-01-22 02:00:00,1.8971,0.1933593749999999,1.0,0.4481396854097609,1.0
57975-02-01 12:00:00,1.8984,0.19691119691119763,1.0,0.4195027484198134,1.0
57975-02-11 22:00:00,1.8973,0.2648305084745721,1.0,0.3478527113947971,1.0
57975-02-22 08:00:00,1.8928,0.2009708737864051,0.7178374910930224,0.2164125215479854,1.0
57975-03-04 18:00:00,1.8918,0.19157088122605215,0.4531635393430571,0.17408498105039705,0.7527032886714641
57975-03-15 04:00:00,1.8905,0.1484848484848491,0.20806014062186357,0.1295452942194958,0.464949440220256
57975-03-25 14:00:00,1.8911,0.1869747899159655,0.042897777380428125,0.12846911318362875,0.5491320648301617
57975-04-05 00:00:00,1.8919,0.17678958785249332,-0.057777721412857204,0.13210677046079322,0.6133655896443516
57975-04-15 10:00:00,1.8967,0.1753812636165567,0.003796376984096395,0.22698563264788785,0.7540634626419999
57975-04-25 20:00:00,1.898,0.1582568807339425,0.06196034624868582,0.23836859758907447,0.9900284454157006
57975-05-06 06:00:00,1.899,0.1811926605504588,0.10606504983918327,0.2464837794380086,1.0
57975-05-16 16:00:00,1.8998,0.1312997347480106,0.132982832095634,0.24839952379359775,1.0
57975-05-27 02:00:00,1.9032,0.08997050147492613,0.22308780651592236,0.3391727270164526,1.0
57975-06-06 12:00:00,1.9032,0.0017921146953402411,0.2486073407175491,0.3331844023612496,1.0
57975-06-16 22:00:00,1.8968,-0.005300353356889942,0.04546762284404016,0.06757949329335,0.7729509702575559
57975-06-27 08:00:00,1.8998,0.023333333333330986,-0.016856135221459446,0.1822221115527708,1.0
57975-07-07 18:00:00,1.9001,0.047945205479451136,-0.06619796612111832,0.18906373470104187,1.0
57975-07-18 04:00:00,1.9076,0.22981366459627361,0.10489267244475171,0.539262910175214,1.0
57975-07-28 14:00:00,1.9169,0.3098765432098799,0.4573277343182106,0.7263374254354551,1.0
57975-08-08 00:00:00,1.9111,0.2288888888888887,0.4644183035243248,0.4409524743183769,1.0
57975-08-18 10:00:00,1.9086,0.18656716417910546,0.3496709363720322,0.3136378165713787,1.0
57975-08-28 20:00:00,1.9238,0.2601957585644379,0.6789400710367598,0.6425598847234057,1.0
57975-09-08 06:00:00,1.9184,0.1752827140549289,0.6681326068461388,0.42433362358411575,1.0
57975-09-18 16:00:00,1.9302,0.2223756906077361,0.9438266866799249,0.5846442618810661,1.0
57975-09-29 02:00:00,1.9452,0.2673611111111126,1.0,0.6813258793121171,1.0
57975-10-09 12:00:00,1.9537,0.2863974495217867,1.0,0.6414992926682008,1.0
57975-10-19 22:00:00,1.963,0.2990000000000015,1.0,0.6125706451667714,1.0
57975-10-30 08:00:00,1.9837,0.33347141673570957,1.0,0.6577709479994671,1.0
57975-11-09 18:00:00,1.9905,0.3868703550784486,1.0,0.5803169367633787,1.0
57975-11-20 04:00:00,1.9888,0.37145242070116946,1.0,0.4796839755156337,1.0
57975-11-30 14:00:00,1.9926,0.3751013787510147,1.0,0.4398571233351919,1.0
57975-12-11 00:00:00,1.9903,0.35012701100762167,1.0,0.3744221630207041,1.0
57975-12-21 10:00:00,1.9942,0.3429458740017757,1.0,0.3568949782795182,1.0
57975-12-31 20:00:00,1.9853,0.3203799654576873,1.0,0.2687142214612166,1.0
57976-01-11 06:00:00,1.9782,0.2890365448504988,1.0,0.2001087243256019,0.7007938454322707
57976-01-21 16:00:00,1.9884,0.27989601386481866,0.6358636789744014,0.24613395886289047,0.7811624706743642
57976-02-01 02:00:00,1.9931,0.3256320836965998,0.4134355861033857,0.2559014693731324,0.8544695522716704
57976-02-11 12:00:00,1.9917,0.2948226270373919,0.11826658110259822,0.22407923734247703,0.6764976515904059
57976-02-21 22:00:00,1.9916,0.2595078299776281,-0.16945442942623623,0.20234610237589423,0.45026164672103935
57976-03-03 08:00:00,1.996,0.24794841735052708,-0.3060642807345057,0.21857076456534474,0.594549371547015
57976-03-13 18:00:00,1.9906,0.16953316953316833,-0.6253336694488572,0.1566813378404659,0.38263025427585556
57976-03-24 04:00:00,1.9913,0.061889250814332275,-0.863386271108947,0.14608005170937344,0.43701738784540917
57976-04-03 14:00:00,1.9793,-0.08408408408408263,-1.0,-0.021648665119568644,-0.025861753340001736
57976-04-14 00:00:00,1.9851,-0.026166902404524628,-1.0,0.026465628715511946,0.04457675069889531
57976-04-24 10:00:00,1.9929,0.002008032128513748,-1.0,0.1614759762859097,0.23771575372550088
57976-05-04 20:00:00,2.0025,0.07439024390243865,-1.0,0.4299328262409866,1.0
57976-05-15 06:00:00,2.0171,0.12351672060409935,-0.5009951918362565,0.7859571015244022,1.0
57976-05-25 16:00:00,2.0118,0.14870931537598087,-0.31170122867080974,0.5200699385744723,0.9657223566522336
57976-06-05 02:00:00,2.0138,0.21190476190476037,-0.1930212887673366,0.483762278619418,1.0
57976-06-15 12:00:00,2.0199,0.19712140175218862,-0.005050567449597764,0.5204659659589852,1.0
57976-06-25 22:00:00,2.0155,0.1407035175879381,-0.08909764525670563,0.3774418166309895,1.0
57976-07-06 08:00:00,2.0136,0.13670411985018593,-0.26626799096826403,0.305399603033511,0.6880364785236323
57976-07-16 18:00:00,2.0075,0.09233449477351785,-0.6141540336010364,0.17424872692023485,0.32497082422569024
57976-07-27 04:00:00,2.0092,0.07913669064748108,-0.8223834526009847,0.18592368153019423,0.7461799609720362
57976-08-06 14:00:00,2.0069,0.10149439601494381,-1.0,0.12322463419584051,0.29807615678436217
57976-08-17 00:00:00,2.0174,0.14483906770255173,-0.8944325681708554,0.3047846445867667,0.46903366184922535
57976-08-27 10:00:00,2.0385,0.2983870967741933,-0.20353506540729766,0.5825855762567418,1.0
57976-09-06 20:00:00,2.026,0.1931067044381476,-0.18873319484163834,0.32886122568459275,0.23680506489068337
57976-09-17 06:00:00,2.0148,0.1001829826166527,-0.5602038503300163,0.12481804667966478,-0.5422948018030747
57976-09-27 16:00:00,2.029,0.11633011413520644,-0.4137579919468136,0.3280243023013575,0.02888874645764547
57976-10-08 02:00:00,2.0259,0.04296874999999989,-0.45294775456354996,0.2513167507750276,-0.3246142939028956
57976-10-18 12:00:00,2.0284,0.0833333333333337,-0.44241387294079276,0.26679108676130636,-0.0906246989321832
57976-10-28 22:00:00,2.0303,0.08291457286432291,-0.41772120970210724,0.2915084956578582,-0.020689738119385084
57976-11-08 08:00:00,2.0226,0.013353115727004927,-0.6639073757309332,0.12556123038394096,-0.5704317940545631
57976-11-18 18:00:00,2.0264,0.05422885572139524,-0.7307454811546451,0.20228415056022087,-0.39138244067748634
57976-11-29 04:00:00,2.0261,0.06319514661274139,-0.7993341632149981,0.17605863052456217,-0.5693978027889378
57976-12-09 14:00:00,2.0251,0.093816631130066,-0.8839764094310131,0.1347584332724734,-1.0
57976-12-20 00:00:00,2.0211,0.06191467221644287,-1.0,0.005943550031069278,-1.0
57976-12-30 10:00:00,2.0251,0.09304703476482779,-1.0,0.10963228147624737,-0.8934421509355983
57977-01-09 20:00:00,2.031,0.07296137339055986,-0.8611744904067588,0.2626842586796455,-0.36815970159648426
57977-01-20 06:00:00,2.0402,0.010455104551045813,-0.47705572202277774,0.45523939177332395,1.0
57977-01-30 16:00:00,2.0444,0.1260273972602769,-0.13362892984617172,0.4835861129050091,1.0
57977-02-10 02:00:00,2.0544,0.27576601671309253,0.33540525169967444,0.6039720058395031,1.0
57977-02-20 12:00:00,2.0465,0.13358778625954415,0.3368307632608285,0.38895556070704285,1.0
57977-03-02 22:00:00,2.0489,0.17746913580247137,0.34411041958420224,0.4114287173667811,1.0
57977-03-13 08:00:00,2.048,0.15506329113924178,0.25784592774401843,0.351252814148879,1.0
57977-03-23 18:00:00,2.0406,0.0749636098981078,-0.07230025695607757,0.17855528279215327,0.48060313125603127
57977-04-03 04:00:00,2.0315,0.06348074179743002,-0.5873141836338451,-0.03476084310248756,-0.1635077013640344
57977-04-13 14:00:00,2.0315,0.03846153846153588,-0.9250048725046969,-0.05856153046806972,-0.21913858118809185
57977-04-24 00:00:00,2.0335,0.054411764705882826,-1.0,-0.014421243711611686,0.0685494882368076
57977-05-04 10:00:00,2.0283,0.022160664819945275,-1.0,-0.14918928740873388,-0.14291202428786642
57977-05-14 20:00:00,2.0184,-0.01728553137003791,-1.0,-0.3667832323879604,-0.6716621635564277
57977-05-25 06:00:00,2.0115,-0.08395061728395192,-1.0,-0.4606339358833241,-1.0
57977-06-04 16:00:00,2.0075,-0.14854614412136657,-1.0,-0.48329621965049135,-1.0
57977-06-15 02:00:00,1.9884,-0.2910112359550553,-1.0,-0.6525641150523303,-1.0
57977-06-25 12:00:00,1.9995,-0.2340980187695499,-1.0,-0.42121937608486226,-1.0
57977-07-05 22:00:00,1.9941,-0.33023001095289856,-1.0,-0.4352962616475757,-1.0
57977-07-16 08:00:00,2.0003,-0.25781249999999534,-1.0,-0.32478131336049787,-1.0
57977-07-26 18:00:00,2.0062,-0.22932330827067388,-1.0,-0.23307633549962214,-1.0
57977-08-06 04:00:00,2.0062,-0.22668112798264317,-1.0,-0.21390160844435002,-1.0
57977-08-16 14:00:00,2.0077,-0.1906141367323289,-1.0,-0.17687574391380495,-0.8002368842315862
57977-08-27 00:00:00,2.009,-0.14331210191082688,-0.8123190395405928,-0.14313299541486302,-0.6326233315257537
57977-09-06 10:00:00,2.015,-0.09763313609467217,-0.34542927457315087,-0.04865129921671757,-0.4111324964131365
57977-09-16 20:00:00,2.0215,-0.06741573033707843,0.17027765043269755,0.058895802444179246,0.0032821236834114395
57977-09-27 06:00:00,2.0138,-0.07923497267759716,0.27586459974948,-0.028798803118201488,-0.044636867484952304
57977-10-07 16:00:00,2.0086,-0.05645161290322692,0.1909957605372339,-0.090653186513806,-0.07392033327960992
57977-10-18 02:00:00,2.0092,-0.014285714285714013,0.15957733392654938,-0.05801178492007775,0.33072480883339483
57977-10-28 12:00:00,2.0086,0.007133592736706218,0.12801752221793433,-0.0505372256961531,0.19457031149410708
57977-11-07 22:00:00,2.0055,0.1399345335515555,0.02496847225025883,-0.0980060630669729,0.12616655982594857
57977-11-18 08:00:00,2.0017,0.020446096654274992,-0.13791726693256015,-0.17507591710369919,-0.13347071831244783
57977-11-28 18:00:00,2.0014,0.07494866529773958,-0.22758583807419314,-0.16972477664873736,-0.15408312285587605
57977-12-09 04:00:00,2.001,0.008158508158504718,-0.26905454832835496,-0.16331749171667714,-0.22822844949328017
57977-12-19 14:00:00,1.9994,-0.08808290155440651,-0.31245179653540434,-0.1967381682427234,-0.4156657078539633
57977-12-30 00:00:00,2.0016,-0.056372549019613194,-0.24347056274600692,-0.11220478953701274,-0.18225667416791022
57978-01-09 10:00:00,2.0041,-0.04306220095693275,-0.0983822739173531,-0.06386694847916097,-0.07592502363203993
57978-01-19 20:00:00,1.9976,-0.12127659574467836,-0.1749208298672567,-0.3109187080508594,-0.5803415473706958
57978-01-30 06:00:00,2.0028,-0.13203463203463117,-0.04542778196572748,-0.1380231723273439,-0.1381453412183612
57978-02-09 16:00:00,2.0007,-0.2488038277511937,-0.005951537283428334,-0.22855051268313925,-0.5890098237946658
57978-02-20 02:00:00,2.0028,-0.15193370165745407,0.09729035142640673,-0.1311085950598732,-0.24607623270709306
57978-03-02 12:00:00,2.0037,-0.076802507836993,0.19993909064529244,-0.08760388721704893,0.33293471269771624
57978-03-12 22:00:00,2.0052,-0.060975609756097726,0.3138425196070562,-0.01937996317700358,1.0
57978-03-23 08:00:00,2.0133,0.05831265508685024,0.6202088611538678,0.3025267592930476,1.0
57978-04-02 18:00:00,2.0156,0.1278481012658217,0.8609226520708848,0.39193499894036554,1.0
57978-04-13 04:00:00,2.014,0.16487935656835873,0.932395178268972,0.3949620220094284,1.0
57978-04-23 14:00:00,2.011,0.12000000000000333,0.8511713074844333,0.27143456964501955,0.9327891903701225
57978-05-04 00:00:00,2.0071,0.07011494252873507,0.6503634174611969,0.08701051728162867,0.6828654560272188
57978-05-14 10:00:00,2.0077,0.09764705882352553,0.5146208213843027,0.12107204869980281,1.0
57978-05-24 20:00:00,2.0073,0.07002457002456941,0.3964975130822276,0.10535356479699798,0.8665889275162607
57978-06-04 06:00:00,2.0064,0.029411764705881915,0.2801535018959616,0.05842036551709151,0.5605481350936895
57978-06-14 16:00:00,2.0051,0.11061946902655018,0.15874301681157532,-0.014553464667280136,0.08170137323675303
57978-06-25 02:00:00,2.0045,0.029010238907850816,0.06053340777738738,-0.05333274833952728,-0.24976636669651736
57978-07-05 12:00:00,2.0084,0.12379421221864861,0.11284986933076337,0.1289996603984298,-0.011206851837401131
57978-07-15 22:00:00,2.0024,-0.005714285714285172,-0.03162907875212625,-0.19721159137289423,-0.5025497040785862
57978-07-26 08:00:00,1.9977,-0.0773195876288637,-0.25397276732255775,-0.4153769847307184,-1.0
57978-08-05 18:00:00,2.0005,-0.058603491271817076,-0.2945963064579655,-0.2569544370275042,-0.8695358153396805
57978-08-16 04:00:00,2.0045,-0.12222222222222257,-0.183593813784131,-0.08181134466382678,-0.8019188323683828
57978-08-26 14:00:00,2.002,-0.1878453038674071,-0.17214002573007017,-0.21146477434626498,-1.0
57978-09-06 00:00:00,1.9999,-0.19209809264305133,-0.21164740003490665,-0.31712641030546906,-1.0
57978-09-16 10:00:00,2.0078,-0.03846153846153977,0.0105102273382078,0.08429987531827621,-0.9518471622428128
57978-09-26 20:00:00,2.0087,0.020725388601040007,0.1812674542929852,0.11883590858960558,-0.1649206801037478
57978-10-07 06:00:00,2.01,0.029262086513994867,0.3220855065371134,0.17294928048075042,0.235359655096899
57978-10-17 16:00:00,2.0046,-0.030474040632053778,0.24101671301984737,-0.09152575478052988,-0.0019129409395951561
57978-10-28 02:00:00,2.006,-0.00446428571429025,0.2224900459959095,0.01386789013101497,0.5791407268497397
57978-11-07 12:00:00,2.0065,0.01590909090908932,0.21743289712574543,0.07885385217225027,1.0
57978-11-17 22:00:00,2.0073,0.03167420814479316,0.22931930308853135,0.16003803195601696,1.0
57978-11-28 08:00:00,2.0002,-0.08649789029535909,0.0207479277623271,-0.34356431110951696,0.43572161989157265
57978-12-08 18:00:00,2.0035,0.012304250559280416,-0.012420582923413331,-0.08700604912262044,0.7552921019100186
57978-12-19 04:00:00,2.0103,0.1346153846153848,0.1679856456477048,0.38803962305455153,1.0
57978-12-29 14:00:00,2.008,0.08099352051835751,0.20755804916665488,0.21627168462688295,0.725404195006845
57979-01-09 00:00:00,2.0083,0.04460093896713668,0.23198481287530698,0.22109202598486455,1.0
57979-01-19 10:00:00,2.01,0.09569377990430872,0.28585677720302055,0.30497640630168177,1.0
57979-01-29 20:00:00,2.0112,0.13814180929095632,0.34015618792889335,0.3586668956139505,1.0
57979-02-09 06:00:00,2.0094,0.022988505747124077,0.30378585161701777,0.22278033228079042,1.0
57979-02-19 16:00:00,2.0067,-0.02732240437158817,0.18560490438060204,0.030409267445483668,1.0
57979-03-02 02:00:00,2.0118,0.022277227722775295,0.2489402332375208,0.35804676836500526,1.0
57979-03-12 12:00:00,2.0157,0.14267352185089865,0.3872325546266926,0.5267338486985451,1.0
57979-03-22 22:00:00,2.0145,0.10981912144703088,0.41593732209143086,0.40185816719666057,1.0
57979-04-02 08:00:00,2.0142,0.10000000000000464,0.3996967509541018,0.3618913200523701,0.7869866561584821
57979-04-12 18:00:00,2.0175,0.12439024390244313,0.46000477522409927,0.4878665329684444,1.0
57979-04-23 04:00:00,2.0185,0.262177650429803,0.4971398862509393,0.4656773880082128,1.0
57979-05-03 14:00:00,2.0182,0.23040752351098215,0.4788340025017463,0.3970670835726502,0.46308540943208115
57979-05-14 00:00:00,2.0302,0.2681940700808686,0.783642283937583,0.7103809059835378,1.0
57979-05-24 10:00:00,2.0288,0.2872928176795675,0.8831965551635101,0.5393424760273344,1.0
57979-06-03 20:00:00,2.0304,0.2946666666666766,0.9341857187806863,0.497355629356234,1.0
57979-06-14 06:00:00,2.0428,0.3402489626556118,1.0,0.6530674582651421,1.0
57979-06-24 16:00:00,2.0398,0.2860000000000056,1.0,0.501428141013553,1.0
57979-07-05 02:00:00,2.0349,0.24011299435028866,1.0,0.35169294707261867,1.0
57979-07-15 12:00:00,2.0305,0.21715328467153783,0.7557654191280102,0.22997093715186478,0.6453310365283172
57979-07-25 22:00:00,2.0353,0.21559633027523328,0.6203846526293164,0.30268804925858983,1.0
57979-08-05 08:00:00,2.0352,0.1923076923077005,0.4748148942613349,0.27219473040508224,-0.16482222916414652
57979-08-15 18:00:00,2.0332,0.18155339805825532,0.274107603312701,0.2063776575201881,-0.8005036294594547
57979-08-26 04:00:00,2.033,0.18287937743190652,0.10112738384303507,0.18162118678353034,-1.0
57979-09-05 14:00:00,2.0311,0.136,-0.09511564232888851,0.11981115191225233,-1.0
57979-09-16 00:00:00,2.0399,0.1851211072664367,0.015991581244416773,0.31025136841843504,-1.0
57979-09-26 10:00:00,2.0387,0.17461669505962452,0.022826072807899268,0.2576537352898013,-1.0
57979-10-06 20:00:00,2.05,0.17068965517241463,0.327710437820465,0.48704018860664466,-0.8540633354654854
57979-10-17 06:00:00,2.0581,0.22642967542503867,0.709540255334677,0.5801367752637463,1.0
57979-10-27 16:00:00,2.0641,0.24384949348769724,1.0,0.5986943704102106,1.0
57979-11-07 02:00:00,2.0588,0.12903225806451746,1.0,0.43395465403340094,1.0
57979-11-17 12:00:00,2.0549,0.12003179650238482,0.8161751283160151,0.3245158048288067,1.0
57979-11-27 22:00:00,2.061,0.20358814352574317,0.7789495643485136,0.4130780791880857,1.0
57979-12-08 08:00:00,2.0626,0.2618270799347505,0.7234963516147647,0.3935119952078693,1.0
57979-12-18 18:00:00,2.0697,0.2704402515723302,0.8179555293078359,0.4637392600923872,1.0
57979-12-29 04:00:00,2.0632,0.20000000000000062,0.6037287597873531,0.30730133734015674,1.0
57980-01-08 14:00:00,2.067,0.23537604456824823,0.5056623532183627,0.33827976807850824,1.0
57980-01-19 00:00:00,2.0713,0.25230566534914556,0.4989439601326495,0.3666776371399102,1.0
57980-01-29 10:00:00,2.0665,0.2246192893401041,0.28383745913661557,0.2581869114713864,1.0
57980-02-08 20:00:00,2.06,0.13137254901961049,-0.10073237262397419,0.12987076139495068,1.0
57980-02-19 06:00:00,2.0677,0.17469879518072384,-0.15783384207946927,0.241912009310836,1.0
57980-02-29 16:00:00,2.0747,0.15692503176620276,-0.026705110452801373,0.33385277049803463,1.0
57980-03-11 02:00:00,2.0669,0.05612244897959173,-0.2151689558417764,0.17384019264638628,0.8456365206144195
57980-03-21 12:00:00,2.0732,0.05781448538754863,-0.18319244814145966,0.27906190267885056,0.9156722755852494
57980-03-31 22:00:00,2.0721,0.08926174496644057,-0.22968617748395337,0.2520907502108516,0.7490444776423951
57980-04-11 08:00:00,2.0802,0.16073697585768798,-0.054633953273704,0.43252947257598784,1.0
57980-04-21 18:00:00,2.0746,0.08695652173913238,-0.14851568983567195,0.2929903419751302,0.6759880905981762
57980-05-02 04:00:00,2.0793,0.10270602706026977,-0.10591545669315436,0.42401934612712255,0.8561279915906125
57980-05-12 14:00:00,2.0777,0.0527704485488133,-0.16312615728507884,0.3321076760212399,0.6090136390405496
57980-05-23 00:00:00,2.0735,0.0700680272108849,-0.3551993314012685,0.16707586094121796,0.3181034775178275
57980-06-02 10:00:00,2.0677,0.004635761589402043,-0.6674918136046822,-0.05536487040594307,-0.09924661887051947
57980-06-12 20:00:00,2.0752,0.02477763659466481,-0.6501426465599649,0.21007045084656517,-0.0075762056264919945
57980-06-23 06:00:00,2.0866,0.11781946072684557,-0.31209745905530156,0.5742592618586766,1.0
57980-07-03 16:00:00,2.0824,0.13493975903614353,-0.24409851825908116,0.3724448985289742,0.39979557339531874
57980-07-14 02:00:00,2.081,0.08670143415906206,-0.26687274844759573,0.28884067088569076,-0.17793119973961963
57980-07-24 12:00:00,2.0891,0.09254498714653103,-0.06823933409727859,0.5014790217468863,1.0
57980-08-03 22:00:00,2.0912,0.16851595006934983,0.08427911678121483,0.4862744945103361,1.0
57980-08-14 08:00:00,2.086,0.09014084507042186,-0.012762476998077697,0.29250948746033856,1.0
57980-08-24 18:00:00,2.0874,0.1072931276297352,-0.06901229537874726,0.30248240355333356,1.0
57980-09-04 04:00:00,2.0899,0.07382039573820409,-0.0645727831918057,0.35907434436464725,1.0
57980-09-14 14:00:00,2.0952,0.15749235474005996,0.05931492524404489,0.46480950536862264,1.0
57980-09-25 00:00:00,2.0951,0.12993421052631426,0.09427221727243985,0.4031397691988421,1.0
57980-10-05 10:00:00,2.116,0.23907615480648847,0.6826536506528915,0.735697783150929,1.0
57980-10-15 20:00:00,2.1048,0.17967853042479576,0.6512305170355532,0.4194122133175735,1.0
57980-10-26 06:00:00,2.1178,0.2656415694591704,0.935837216298063,0.5687728881141907,1.0
57980-11-05 16:00:00,2.1099,0.1832101372756061,0.7931719189788745,0.3708414989766784,1.0
57980-11-16 02:00:00,2.0957,0.046666666666666745,0.20500834683382907,0.10246071412105229,0.20574178602220944
57980-11-26 12:00:00,2.0945,0.06402116402116453,-0.2536507079346811,0.0677901856985399,-0.1367300957086474
57980-12-06 22:00:00,2.102,0.10437375745526689,-0.35330090687298465,0.18612843843335436,0.15074130518698295
57980-12-17 08:00:00,2.1026,0.07250268528463766,-0.4227288367079776,0.1774814253170821,0.6356467524596174
57980-12-27 18:00:00,2.0965,0.027291452111223524,-0.6636165604985895,0.034445977837156416,0.2570369146975242
57981-01-07 04:00:00,2.085,-0.0048355899419723625,-1.0,-0.2467214561788556,-0.8127351666005145
57981-01-17 14:00:00,2.0909,0.016218721037997375,-1.0,-0.11388411837757512,-0.0681917079091278
57981-01-28 00:00:00,2.0894,-0.002338634237606052,-1.0,-0.16384509039285333,-0.40895669964491477
57981-02-07 10:00:00,2.0909,-0.020853540252183278,-1.0,-0.1468843791769564,-0.13253609310320452
57981-02-17 20:00:00,2.0875,-0.03571428571428603,-1.0,-0.23229114246996102,-0.6233673697739696
57981-02-28 06:00:00,2.0905,-0.14406779661017027,-1.0,-0.15287151591402814,0.07130818958148755
57981-03-10 16:00:00,2.0882,-0.10427135678391963,-1.0,-0.21809253824473052,-1.0
57981-03-21 02:00:00,2.0862,-0.23032069970845542,-1.0,-0.2673298205224548,-1.0
57981-03-31 12:00:00,2.0885,-0.16984126984127185,-1.0,-0.20421757729335344,-1.0
57981-04-10 22:00:00,2.0913,-0.0426356589147282,-0.8785368752320145,-0.12556600185433536,-0.9333383505662298
57981-04-21 08:00:00,2.0965,0.017985611510789257,-0.569876609099642,0.006841805227366327,-0.5360306038567828
57981-05-01 18:00:00,2.0935,-0.0831702544031287,-0.4455209929353656,-0.047348677694760366,-0.8758918972354345
57981-05-12 04:00:00,2.0911,-0.10869565217391125,-0.4247242727083769,-0.10104672037482249,-0.9760778458646256
57981-05-22 14:00:00,2.0956,-0.008771929824558267,-0.26813182919563755,0.09304697684332841,-0.7362699007259893
57981-06-02 00:00:00,2.0879,0.03052631578947218,-0.3891076761937472,-0.22260257178778797,-1.0
57981-06-12 10:00:00,2.0861,-0.055299539170505174,-0.5051080466767516,-0.2842000550469296,-1.0
57981-06-22 20:00:00,2.0844,-0.05733944954128256,-0.6078471799389236,-0.3302536013008669,-1.0
57981-07-03 06:00:00,2.0876,-0.036423841059600615,-0.5528872742896254,-0.1596123100514817,-1.0
57981-07-13 16:00:00,2.0773,-0.09770114942528424,-0.7936272198653076,-0.6582442741794888,-1.0
57981-07-24 02:00:00,2.0829,-0.0693430656934309,-0.7425029442184023,-0.3211835560506261,-1.0
57981-08-03 12:00:00,2.0767,-0.09795570698466655,-0.8528741230855796,-0.5613540259534391,-1.0
57981-08-13 22:00:00,2.0847,-0.011591962905715736,-0.6434424924611325,-0.153568051739931,-1.0
57981-08-24 08:00:00,2.0909,0.01749271137026387,-0.29546642054757993,0.14499527221571162,-0.9741669195246928
57981-09-03 18:00:00,2.0927,0.010355029585797815,-0.006284768267829404,0.2249888938347986,-0.7531393912436778
57981-09-14 04:00:00,2.0929,-0.028753993610220574,0.18433213831707024,0.2170151822170564,-0.5424333641908579
57981-09-24 14:00:00,2.0925,-0.00833333333333608,0.2852948058516107,0.19131478413151803,-0.6367869575576718
57981-10-05 00:00:00,2.0978,0.05325914149443467,0.4900212926767438,0.38644116615118074,0.06469131933395995
57981-10-15 10:00:00,2.0975,0.016183986371379966,0.5849462693586472,0.333380221663254,-0.12277808500551865
57981-10-25 20:00:00,2.0928,0.04398563734290972,0.47667711325958984,0.12969332432610015,-0.3167663897082985
57981-11-05 06:00:00,2.097,0.0938037865748701,0.5046762230390076,0.28040591037224405,-0.04454362877087513
57981-11-15 16:00:00,2.0923,0.06464811783960533,0.3564304158422304,0.10529108507817597,-0.13664443731675982
57981-11-26 02:00:00,2.0893,0.013957307060755708,0.15415563939772492,-0.00821728157515128,-0.3068936212547911
57981-12-06 12:00:00,2.0831,0.05105633802816745,-0.16486819551875712,-0.2405723926002576,-0.5174121930287461
57981-12-16 22:00:00,2.0863,0.031250000000000444,-0.26637869455575824,-0.09617846933378998,-0.262107355813749
57981-12-27 08:00:00,2.085,0.08383838383838038,-0.35660143841853653,-0.14251087406513474,-0.8556091557899463
57982-01-06 18:00:00,2.0874,0.030751708428244706,-0.32651721839170506,-0.04731669601084809,-0.43532990670614835
57982-01-17 04:00:00,2.0888,-0.0268542199488484,-0.2509650940572487,0.0010375600985693678,0.36468409555507564
57982-01-27 14:00:00,2.0909,-0.02284263959390548,-0.12992942221806272,0.08119391264773834,0.7818516309099597
57982-02-07 00:00:00,2.0969,0.04424778761061876,0.12707638788378628,0.3103564085888635,1.0
57982-02-17 10:00:00,2.0999,0.07740585774058639,0.36822743186452933,0.39434908256937495,1.0
57982-02-27 20:00:00,2.1038,0.06465517241379526,0.6121549883570437,0.5321338694096782,1.0
57982-03-10 06:00:00,2.1127,0.13818181818181463,0.9891670194157628,0.6962768628872491,1.0
57982-03-20 16:00:00,2.1308,0.27777777777777635,1.0,0.8189996526935084,1.0
57982-03-31 02:00:00,2.1385,0.2885952712100134,1.0,0.7065887857962359,1.0
57982-04-10 12:00:00,2.1544,0.373646209386282,1.0,0.7006696295303947,1.0
57982-04-20 22:00:00,2.157,0.409310761789598,1.0,0.5822728893781568,1.0
57982-05-01 08:00:00,2.1495,0.3952380952380963,1.0,0.4315239882958718,1.0
57982-05-11 18:00:00,2.1404,0.3008898776418242,1.0,0.3058518192900703,1.0
57982-05-22 04:00:00,2.1369,0.28175895765472136,1.0,0.2463822652628629,0.9715297691124241
57982-06-01 14:00:00,2.144,0.29235537190082495,1.0,0.2833367753017253,1.0
57982-06-12 00:00:00,2.141,0.2652439024390226,1.0,0.23136921280897327,0.7896432279332226
57982-06-22 10:00:00,2.1421,0.2628336755646802,0.7245533860389552,0.21840620006802602,0.8226602464062653
57982-07-02 20:00:00,2.1401,0.23126338329764085,0.3613577140001965,0.17980239940833487,0.564569035170172
57982-07-13 06:00:00,2.1429,0.23068669527896757,0.1428344619270155,0.18625711909967413,0.5853793872819736
57982-07-23 16:00:00,2.1373,0.1765015806111685,-0.21836567392813436,0.11183652216501427,0.3498314492980595
57982-08-03 02:00:00,2.1243,0.058585858585857964,-0.8649397599018116,-0.049712960220812064,0.007730265760560221
57982-08-13 12:00:00,2.1213,-0.0566150178784236,-1.0,-0.11363582549834111,-0.3109533052646456
57982-08-23 22:00:00,2.1271,-0.06951219512195111,-1.0,-0.07113392605280067,-0.2743801589172657
57982-09-03 08:00:00,2.1319,-0.15867418899858732,-1.0,-0.030982945429008812,-0.3147911106222792
57982-09-13 18:00:00,2.1329,-0.17388167388167403,-1.0,-0.04872452528616206,-0.2707187955337838
57982-09-24 04:00:00,2.1322,-0.1383999999999998,-1.0,-0.10817162448043915,-0.5947410046302181
57982-10-04 14:00:00,2.1234,-0.1366559485530533,-1.0,-0.35957084484615087,-1.0
57982-10-15 00:00:00,2.127,-0.07945425361155772,-1.0,-0.2576976873514699,-0.7386523346766487
57982-10-25 10:00:00,2.1155,-0.21364317841079894,-1.0,-0.4664327287709611,-0.9416837342473848
57982-11-04 20:00:00,2.1229,-0.12728551336146443,-1.0,-0.2758494377662506,-0.5200422695218335
57982-11-15 06:00:00,2.1236,-0.13083451202263224,-1.0,-0.24719097966627562,-0.23325857204880937
57982-11-25 16:00:00,2.1331,-0.04475703324808039,-0.9483508201680257,0.032669639419246055,0.28889799972334357
57982-12-06 02:00:00,2.1319,-0.0718015665796361,-0.6906021541141798,0.010034595717790529,0.09915123738252249
57982-12-16 12:00:00,2.1336,-0.025447042640992457,-0.45937053711863757,0.06740014677789685,0.4992221218850646
57982-12-26 22:00:00,2.134,0.08069883527454424,-0.2936707332766856,0.10157301171058641,1.0
57983-01-06 08:00:00,2.1457,0.17732558139534982,0.1518280144509871,0.4545463976870203,1.0
57983-01-16 18:00:00,2.1497,0.16865671641791236,0.5248886500863984,0.5220903958958518,1.0
57983-01-27 04:00:00,2.1391,0.04945054945055016,0.4068562568925682,0.2203610377925197,1.0
57983-02-06 14:00:00,2.1397,0.046961325966851764,0.3122558195721812,0.2478951824675807,1.0
57983-02-17 00:00:00,2.1302,-0.012315270935961908,-0.05737407699147624,-0.022618792888149164,1.0
57983-02-27 10:00:00,2.1407,0.10434258142339903,0.0022263504507843645,0.2636967967263437,1.0
57983-03-09 20:00:00,2.1449,0.10718562874251414,0.1443671858263346,0.34850928237337553,1.0
57983-03-20 06:00:00,2.1377,0.14015151515151547,-0.001338017410461476,0.12375100578203413,1.0
57983-03-30 16:00:00,2.1472,0.14944649446494485,0.166240195930467,0.35826902286131024,1.0
57983-04-10 02:00:00,2.143,0.1143867924528269,0.1222720962086709,0.22314948952939628,1.0
57983-04-20 12:00:00,2.1365,0.02078239608801713,-0.11920513623947383,0.04146557823334429,0.5506383727586353
57983-04-30 22:00:00,2.138,0.037149817295980325,-0.2387045050217917,0.06511909680496997,0.6939778972514369
57983-05-11 08:00:00,2.1319,-0.009826589595375856,-0.49614241356561156,-0.11701779398820106,0.21236071303975623
57983-05-21 18:00:00,2.1309,-0.017795637198621483,-0.6769743456772276,-0.19894397277333487,-0.29693545300624935
57983-06-01 04:00:00,2.1303,-0.10131578947368458,-0.787126544026649,-0.2518178253595118,-0.8374830484973516
57983-06-11 14:00:00,2.1336,-0.10690571049136949,-0.7318989873452452,-0.16562987343811375,-0.7147299925104269
57983-06-22 00:00:00,2.1344,-0.03587786259542114,-0.6470048385596159,-0.1360797965170542,-0.06325651372648347
57983-07-02 10:00:00,2.1254,-0.09675236806495291,-0.8317238622825649,-0.46168684526317044,-0.8168971579425482
57983-07-12 20:00:00,2.125,-0.04012345679012275,-0.9235466398602533,-0.42583588656842053,-1.0
57983-07-23 06:00:00,2.1273,-0.11837455830388666,-0.871641077408288,-0.3178306784389204,-1.0
57983-08-02 16:00:00,2.1311,-0.12277580071174299,-0.686725748647391,-0.16779497531269116,-0.5321290795040265
57983-08-13 02:00:00,2.1227,-0.1306620209059246,-0.7816555664878001,-0.4309762060120189,-1.0
57983-08-23 12:00:00,2.1162,-0.2849264705882378,-0.9899288936948825,-0.5450126048999798,-1.0
57983-09-02 22:00:00,2.117,-0.2549019607843154,-1.0,-0.44680014484363867,-1.0
57983-09-13 08:00:00,2.1185,-0.19565217391304385,-0.9748055059583441,-0.36287181786946376,0.02189895995483795
57983-09-23 18:00:00,2.1206,-0.1866952789699583,-0.8131716857178872,-0.27531620671156065,0.8727770845145344
57983-10-04 04:00:00,2.1444,0.09720062208398372,0.031616935968406014,0.38168156609488313,1.0
57983-10-14 14:00:00,2.1498,0.13755458515283925,0.7246988783417787,0.469343960013231,1.0
57983-10-25 00:00:00,2.1504,0.14628820960698674,1.0,0.46662502170218567,1.0
57983-11-04 10:00:00,2.1506,0.1295731707317077,1.0,0.4373008996045469,1.0
57983-11-14 20:00:00,2.1659,0.19662921348314844,1.0,0.619112482242697,1.0
57983-11-25 06:00:00,2.1652,0.2771587743732592,1.0,0.5105634726857273,1.0
57983-12-05 16:00:00,2.1766,0.31159420289855044,1.0,0.5629462058174253,1.0
57983-12-16 02:00:00,2.1784,0.3104495747266094,1.0,0.49295935560056725,1.0
57983-12-26 12:00:00,2.1821,0.3102189781021898,1.0,0.45954314625245873,1.0
57984-01-05 22:00:00,2.1943,0.416279069767441,1.0,0.49958665183167983,1.0
57984-01-16 08:00:00,2.1874,0.412037037037032,1.0,0.3785797936770203,1.0
57984-01-26 18:00:00,2.1787,0.3271474019088003,1.0,0.26739151961338403,1.0
57984-02-06 04:00:00,2.1927,0.3473782771535565,1.0,0.3544250522605924,1.0
57984-02-16 14:00:00,2.2072,0.3632550335570456,1.0,0.4228833555149445,1.0
57984-02-27 00:00:00,2.2189,0.3478057889822582,1.0,0.4496218751657126,1.0
57984-03-08 10:00:00,2.2266,0.35100548446069335,1.0,0.44537373695826477,1.0
57984-03-18 20:00:00,2.2428,0.3695999999999988,1.0,0.492705794548698,1.0
57984-03-29 06:00:00,2.2674,0.3908969210174018,1.0,0.5623603847477177,1.0
57984-04-08 16:00:00,2.2722,0.3826493880489551,1.0,0.5146061888375706,1.0
57984-04-19 02:00:00,2.2712,0.38074712643677944,1.0,0.4544570940063696,1.0
57984-04-29 12:00:00,2.2693,0.3573631457208919,1.0,0.39378614747105256,1.0
57984-05-09 22:00:00,2.2782,0.3647660818713431,1.0,0.39610414452419107,1.0
57984-05-20 08:00:00,2.3206,0.3945868945868928,1.0,0.5360458155644507,1.0
57984-05-30 18:00:00,2.3464,0.40216816499206587,1.0,0.5574595215921048,1.0
57984-06-10 04:00:00,2.3207,0.3205868205868204,1.0,0.3878205288679345,1.0
57984-06-20 14:00:00,2.3163,0.3379174852652247,1.0,0.3319891399726618,1.0
57984-07-01 00:00:00,2.324,0.3327420172326394,1.0,0.3300053335159868,1.0
57984-07-11 10:00:00,2.3246,0.32006543075245275,1.0,0.30159060294744855,1.0
57984-07-21 20:00:00,2.3311,0.31481481481481355,1.0,0.3005276234829747,1.0
57984-08-01 06:00:00,2.3359,0.31175128351397485,1.0,0.2923524314059288,1.0
57984-08-11 16:00:00,2.326,0.24615384615384528,0.3887056533248544,0.22607880085711873,0.9998699590791518
57984-08-22 02:00:00,2.3286,0.20816326530612117,-0.22085557998555633,0.22176686849884097,1.0
57984-09-01 12:00:00,2.3356,0.21246648793565515,-0.5560439421434139,0.24205485435138296,1.0
57984-09-11 22:00:00,2.3352,0.2153432032301481,-0.9158014907045203,0.22401133203377133,1.0
57984-09-22 08:00:00,2.355,0.25735735735735743,-0.682085002705066,0.3307132619181179,1.0
57984-10-02 18:00:00,2.358,0.24844333748443348,-0.5760567912607706,0.33795839282983986,1.0
57984-10-13 04:00:00,2.3564,0.14941569282136724,-0.6881907411896953,0.3118356605245374,1.0
57984-10-23 14:00:00,2.3478,0.006822612085769175,-1.0,0.22138851053147135,1.0
57984-11-03 00:00:00,2.3254,0.023665659617322032,-1.0,0.0008238983479911255,0.4519117723894972
57984-11-13 10:00:00,2.359,0.16614785992217906,-1.0,0.3121365854285414,0.970782857063768
57984-11-23 20:00:00,2.349,0.09556574923547556,-1.0,0.20134584588845938,0.4325370212501786
57984-12-04 06:00:00,2.3717,0.15402223675604998,-1.0,0.5246249827977854,0.8697088892718883
57984-12-14 16:00:00,2.3784,0.1544741998693666,-1.0,0.5263260382710455,1.0
57984-12-25 02:00:00,2.3923,0.17385943279901428,-0.43385485119889977,0.5800329033789982,1.0
57985-01-04 12:00:00,2.3719,0.1328894035900412,-0.7600307401726784,0.30413557635431365,1.0
57985-01-14 22:00:00,2.3742,0.1322505800464049,-0.9934093036222317,0.3018797948569196,1.0
57985-01-25 08:00:00,2.3861,0.14241398759165302,-0.8747151103247087,0.39418130334188795,1.0
57985-02-04 18:00:00,2.4037,0.17609254498714733,-0.37367679308028195,0.508483546997609,1.0
57985-02-15 04:00:00,2.3983,0.12021099389228185,-0.327828154029639,0.39752900398461666,1.0
57985-02-25 14:00:00,2.393,0.09594298245613964,-0.5660293311068236,0.3086048140027525,1.0
57985-03-08 00:00:00,2.3983,0.11257388500806043,-0.6599742109260053,0.3294777487278988,1.0
57985-03-18 10:00:00,2.3902,0.11422413793103525,-1.0,0.22575153144037763,1.0
57985-03-28 20:00:00,2.3919,0.20163735597331733,-1.0,0.22193267904922798,1.0
57985-04-08 06:00:00,2.3861,0.09883296863603153,-1.0,0.1391684166999252,0.8473207533168604
57985-04-18 16:00:00,2.3768,0.1019061583577695,-1.0,0.016653586060560666,0.5609584099992443
57985-04-29 02:00:00,2.3686,-0.012715340442987333,-1.0,-0.09056298083675668,0.19882825579378596
57985-05-09 12:00:00,2.3913,0.046773023930384405,-1.0,0.1697253035828814,0.48040592858157927
57985-05-19 22:00:00,2.388,-0.0168892380204248,-1.0,0.10990811658536159,0.18596993425942773
57985-05-30 08:00:00,2.4016,0.12323651452282025,-1.0,0.3117076601839466,0.914388015800072
57985-06-09 18:00:00,2.3946,0.0814696485622991,-1.0,0.17245669413832843,0.5547680803023096
57985-06-20 04:00:00,2.3929,0.029565217391304466,-1.0,0.12861988471130925,0.17950941160628336
57985-06-30 14:00:00,2.39,-0.068295114656031,-1.0,0.0404247761477331,-0.5236098336633783
57985-07-11 00:00:00,2.3941,-0.021212121212120905,-1.0,0.1275193604501189,0.21317008417679198
57985-07-21 10:00:00,2.3834,-0.04597701149425171,-1.0,-0.1383042292409416,-0.5124084705467973
57985-07-31 20:00:00,2.3868,-0.056097560975608474,-1.0,-0.07619188124066711,0.43564253770782874
57985-08-11 06:00:00,2.3764,-0.06583969465648892,-1.0,-0.38146203287586744,-0.6003550303910845
57985-08-21 16:00:00,2.3757,-0.07803468208092412,-1.0,-0.36480130871418776,-1.0
57985-09-01 02:00:00,2.3553,-0.1300675675675656,-1.0,-0.6963230227654966,-1.0
57985-09-11 12:00:00,2.3403,-0.1470588235294099,-1.0,-0.7260740458106876,-1.0
57985-09-21 22:00:00,2.3303,-0.15210484511516953,-1.0,-0.6635362597060351,-1.0
57985-10-02 08:00:00,2.3386,-0.2363228699551561,-1.0,-0.4725183563884007,-1.0
57985-10-12 18:00:00,2.3377,-0.2305224564619603,-1.0,-0.41927626852829747,-1.0
57985-10-23 04:00:00,2.3346,-0.3397565922920893,-1.0,-0.39762460972072633,-1.0
57985-11-02 14:00:00,2.3324,-0.33155650319829444,-1.0,-0.3713274572402092,-1.0
57985-11-13 00:00:00,2.3381,-0.28016359918200406,-1.0,-0.28473692277580126,-1.0
57985-11-23 10:00:00,2.3434,-0.23253493013972049,-1.0,-0.21663782846026403,-1.0
57985-12-03 20:00:00,2.348,-0.22889771598808195,-1.0,-0.15484383560787557,-0.9429640300363675
57985-12-14 06:00:00,2.352,-0.1670212765957439,-0.9884149304542333,-0.1010362133037977,-0.6109185772478682
57985-12-24 16:00:00,2.3556,-0.16560509554140068,-0.4065104172455647,-0.04632732665827266,-0.3841715945683897
57986-01-04 02:00:00,2.3506,-0.14527027027026862,-0.14401808655115125,-0.08037422548039036,-0.45580268103518407
57986-01-14 12:00:00,2.3561,-0.10470085470085416,0.21044653478975425,0.0015587418412112974,-0.2659870919113104
57986-01-24 22:00:00,2.3611,0.03708439897698046,0.5889436826169735,0.08511435984272597,-0.0024688714445458898
57986-02-04 08:00:00,2.3683,0.1988636363636347,1.0,0.21789252553337235,0.2908066813383923
57986-02-14 18:00:00,2.3664,0.2897271268057783,1.0,0.2176123821556284,0.13446254526628432
57986-02-25 04:00:00,2.3736,0.2859477124183002,1.0,0.3685929366537939,0.7205895712578744
57986-03-07 14:00:00,2.3776,0.31026438569206927,1.0,0.43186502261220916,1.0
57986-03-18 00:00:00,2.3864,0.369999999999999,1.0,0.5325201289256911,1.0
57986-03-28 10:00:00,2.3859,0.39165446559297157,1.0,0.4533298809111317,1.0
57986-04-07 20:00:00,2.3702,0.2049808429118788,1.0,0.2094286705338232,1.0
57986-04-18 06:00:00,2.3741,0.1996098829648898,1.0,0.2411527839031714,1.0
57986-04-28 16:00:00,2.3746,0.18269230769230904,1.0,0.2248947035968748,1.0
57986-05-09 02:00:00,2.3712,0.13296398891966832,0.718360967184442,0.15568032071790783,1.0
57986-05-19 12:00:00,2.3701,0.1040172166427542,0.4368534303537091,0.12003954481806756,0.8101164258791441
57986-05-29 22:00:00,2.3716,0.158610271903322,0.2683472658595239,0.12649554953849518,1.0
57986-06-09 08:00:00,2.3877,0.20572916666666596,0.6038273673793241,0.39558136818718503,1.0
57986-06-19 18:00:00,2.3903,0.19623655913978355,0.8433120240713041,0.4099701072908557,1.0
57986-06-30 04:00:00,2.3809,0.08224543080939917,0.658888685306573,0.20520596352461196,1.0
57986-07-10 14:00:00,2.3794,0.08530183727034046,0.4468659661089499,0.1546710255512901,0.07407000476276493
57986-07-21 00:00:00,2.3817,0.056802244039269145,0.33824072922266046,0.18724454008276015,0.38665845420381606
57986-07-31 10:00:00,2.3869,0.0641379310344804,0.38375180862455766,0.30245575175336903,0.7938282712501934
57986-08-10 20:00:00,2.3456,-0.1942857142857149,-0.8307845137756518,-0.6962580860301057,-1.0
57986-08-21 06:00:00,2.3491,-0.1703703703703714,-1.0,-0.5426591096550981,-0.32837120185567553
57986-08-31 16:00:00,2.3364,-0.160952380952383,-1.0,-0.6315117414614385,-1.0
57986-09-11 02:00:00,2.2859,-0.29089709762533045,-1.0,-0.8551917619984137,-1.0
57986-09-21 12:00:00,2.2794,-0.30203045685279334,-1.0,-0.6751176169105786,-1.0
57986-10-01 22:00:00,2.2819,-0.2849393746011504,-1.0,-0.5356197089099302,-1.0
57986-10-12 08:00:00,2.279,-0.2873817034700329,-1.0,-0.47186966223669097,-1.0
57986-10-22 18:00:00,2.2763,-0.2983719474013792,-1.0,-0.42416940429061456,-1.0
57986-11-02 04:00:00,2.2716,-0.39143627781524304,-1.0,-0.3952690614311043,-1.0
57986-11-12 14:00:00,2.2092,-0.4351273426237401,-1.0,-0.5850141292694292,-1.0
57986-11-23 00:00:00,2.2416,-0.30138468195586426,-1.0,-0.38255751468039995,-1.0
57986-12-03 10:00:00,2.2509,-0.2689409794893267,-1.0,-0.3066726517111895,-1.0
57986-12-13 20:00:00,2.2448,-0.28203543469303727,-1.0,-0.2990448742162157,-1.0
57986-12-24 06:00:00,2.2458,-0.29580712788260016,-1.0,-0.26636466162609446,-1.0
57987-01-03 16:00:00,2.2553,-0.21843251088534144,-1.0,-0.20550870830621748,-1.0
57987-01-14 02:00:00,2.2405,-0.2490825688073396,-1.0,-0.24548694121265674,-1.0
57987-01-24 12:00:00,2.2306,-0.245817843866171,-1.0,-0.26491914203600675,-1.0
57987-02-03 22:00:00,2.2278,-0.1734328358208957,-1.0,-0.25625245738170377,-0.9955938661495091
57987-02-14 08:00:00,2.2526,-0.07212055974165671,-0.05145437933668279,-0.1181146436805236,-0.816303674935239
57987-02-24 18:00:00,2.2621,-0.05134854771784114,1.0,-0.040649266308631915,-0.6328107311835832
57987-03-07 04:00:00,2.2633,-0.04107796964939764,1.0,-0.006722953964566236,-0.3589762772288732
57987-03-17 14:00:00,2.2574,-0.04863612969634551,1.0,-0.020491929786490115,-0.4564422441957516
57987-03-28 00:00:00,2.2645,-0.018047788510421603,1.0,0.1045214833342396,-0.14057548922639043
57987-04-07 10:00:00,2.2797,0.2357859531772566,1.0,0.3023415428070636,0.28972607202157424
57987-04-17 20:00:00,2.2871,0.1827309236947785,1.0,0.38020452066912735,0.6175378317356722
57987-04-28 06:00:00,2.2833,0.1361344537815118,1.0,0.33118953971551424,0.5711017474899381
57987-05-08 16:00:00,2.2798,0.1503436426116812,1.0,0.2873062899106974,0.5097224430782052
57987-05-19 02:00:00,2.2841,0.15998329156223723,1.0,0.3274219754250741,1.0
57987-05-29 12:00:00,2.2908,0.15183917878528463,1.0,0.37554655416885974,1.0
57987-06-08 22:00:00,2.2918,0.24878758486905672,1.0,0.37162178329009377,1.0
57987-06-19 08:00:00,2.2977,0.33854692230070316,1.0,0.39175079633688015,1.0
57987-06-29 18:00:00,2.3006,0.366935483870966,1.0,0.3753568591084748,1.0
57987-07-10 04:00:00,2.3034,0.3290155440414475,1.0,0.36154075131606433,1.0
57987-07-20 14:00:00,2.3042,0.30729927007298874,1.0,0.33182110806775655,1.0
57987-07-31 00:00:00,2.3078,0.3138222849083181,1.0,0.3302474060683631,1.0
57987-08-10 10:00:00,2.3161,0.40040927694406203,1.0,0.37403411552620947,1.0
57987-08-20 20:00:00,2.3066,0.2780713342140001,1.0,0.26167673295012983,1.0
57987-08-31 06:00:00,2.283,0.019619500594529216,1.0,-0.03799218070372429,1.0
57987-09-10 16:00:00,2.2762,-0.06526946107784581,0.49120635533273893,-0.1599437288589557,0.7482113729832849
57987-09-21 02:00:00,2.2682,-0.08608893956670371,-0.37959172341552483,-0.2905424906017919,0.3343140202368952
57987-10-01 12:00:00,2.2618,-0.09933774834436948,-1.0,-0.3840890887222219,-0.02563696960744484
57987-10-11 22:00:00,2.2658,-0.10132890365448488,-1.0,-0.3446637714611406,0.05262471439927603
57987-10-22 08:00:00,2.2744,-0.08893709327548777,-1.0,-0.22547686148029905,0.2748459043495249
57987-11-01 18:00:00,2.2628,-0.14105058365758683,-1.0,-0.37898049307894655,0.030686899843500846
57987-11-12 04:00:00,2.2713,-0.12523719165085234,-1.0,-0.2295731283575569,0.1703994468114825
57987-11-22 14:00:00,2.2756,-0.11704119850187455,-0.8564428429093034,-0.15715760911171583,0.2514413535686225
57987-12-03 00:00:00,2.2712,-0.14852398523985244,-0.7204909551133046,-0.213018819860956,0.06612256400181232
57987-12-13 10:00:00,2.2751,-0.130493273542599,-0.4713586746229745,-0.14757067253412942,0.11710865147476333
57987-12-23 20:00:00,2.2659,-0.17890691716481572,-0.5445522055757724,-0.2565224120587618,-0.26183374847335966
57988-01-03 06:00:00,2.2665,-0.2266910420475297,-0.5294632591403748,-0.2260236809398916,-0.1544821747133441
57988-01-13 16:00:00,2.271,-0.1704980842911873,-0.345114113498466,-0.14614519908052181,0.0010388455383574823
57988-01-24 02:00:00,2.2677,-0.09096313912009402,-0.2905746287398495,-0.17291214731625398,-0.30036304196155345
57988-02-03 12:00:00,2.2674,-0.056701030927834184,-0.23227818358450436,-0.15799275543851587,-0.5032758075556092
57988-02-13 22:00:00,2.259,-0.058974358974360486,-0.4099064993812254,-0.26108672113090026,-0.6715891921682753
57988-02-24 08:00:00,2.2578,-0.02747252747252732,-0.5156038649068981,-0.2647267206337308,-1.0
57988-03-05 18:00:00,2.2485,-0.11075544174135715,-0.8052532721996969,-0.4603242090904411,-1.0
57988-03-16 04:00:00,2.2617,-0.07678355501813838,-0.5383116756475536,-0.18784013926785237,-1.0
57988-03-26 14:00:00,2.2518,-0.06790123456790165,-0.6076087459859404,-0.4639256394285907,-1.0
57988-04-06 00:00:00,2.259,-0.07716436637390317,-0.3849354669138198,-0.2069856250735222,-1.0
57988-04-16 10:00:00,2.2647,-0.06720098643649713,-0.03371434096435785,-0.008488864486479286,-0.7038689194580332
57988-04-26 20:00:00,2.2599,-0.06932515337423184,0.0741376410608146,-0.16700510207914476,-1.0
57988-05-07 06:00:00,2.2643,-0.06585365853658592,0.2913966032544973,-0.016183507903357874,-0.7881797339029901
57988-05-17 16:00:00,2.2737,0.047445255474452774,0.71070303638934,0.3038199404951112,-0.181527036474718
57988-05-28 02:00:00,2.278,0.06693830034924264,1.0,0.3943784540196946,0.21064210284657406
57988-06-07 12:00:00,2.2816,0.06235294117647161,1.0,0.45179397797087417,1.0
57988-06-17 22:00:00,2.2803,0.07590361445783078,1.0,0.39215585656356633,0.6448009753228136
57988-06-28 08:00:00,2.2804,0.0785024154589391,1.0,0.3622657513549199,1.0
57988-07-08 18:00:00,2.2798,0.13866666666666516,1.0,0.33056667413507923,0.565936574215319
57988-07-19 04:00:00,2.2835,0.1658064516129013,1.0,0.3769871296813704,1.0
57988-07-29 14:00:00,2.2838,0.2576642335766389,1.0,0.34396715636630615,1.0
57988-08-09 00:00:00,2.267,0.03675450762829424,0.7238387294867121,-0.034067874792511,0.9560917829771909
57988-08-19 10:00:00,2.2559,0.027967257844475957,-0.0125838864999554,-0.2649581714893604,-0.04001336474768563
57988-08-29 20:00:00,2.2402,-0.11491442542787061,-0.9306481591742002,-0.5100493264091779,-1.0
57988-09-09 06:00:00,2.2402,-0.1609724047306153,-1.0,-0.4498351733956311,-1.0
57988-09-19 16:00:00,2.2414,-0.12758620689655104,-1.0,-0.38865487885464195,-0.7272002753970195
57988-09-30 02:00:00,2.2398,-0.17575322812051652,-1.0,-0.3921361874680745,-1.0
57988-10-10 12:00:00,2.2484,-0.18359941944847064,-1.0,-0.23812114273315854,-0.8867194269536482
57988-10-20 22:00:00,2.2493,-0.21908396946564834,-1.0,-0.22068380768840434,-0.622615904026851
57988-10-31 08:00:00,2.2534,-0.21363636363636135,-0.748458250505064,-0.15166837712912595,-0.30949142522890044
57988-11-10 18:00:00,2.2529,-0.21012269938650108,-0.4578983226769283,-0.1488352948504112,-0.6400689838373301
57988-11-21 04:00:00,2.2502,-0.22271386430678464,-0.3086788360713451,-0.18001273968778392,-0.9853542103205956
57988-12-01 14:00:00,2.2503,-0.2191679049034137,-0.17367273863252036,-0.1660242078181438,-0.6563517915911853
57988-12-12 00:00:00,2.2466,-0.2741456166419016,-0.16485688149255748,-0.2000919683005823,-0.9460626872021308
57988-12-22 10:00:00,2.2474,-0.26843657817108924,-0.10424715303246714,-0.168860292215267,-0.5881392416727315
57989-01-01 20:00:00,2.2479,-0.18543689320387968,-0.022845282469298445,-0.14251329625748194,-0.11534251384627492
57989-01-12 06:00:00,2.2479,-0.09900990099009699,0.05282089631413745,-0.1238576439826351,-0.0616024153844936
57989-01-22 16:00:00,2.2384,-0.026315789473686957,-0.15569527081108223,-0.2610460949032538,-0.5094657711409737
57989-02-02 02:00:00,2.2521,0.12421711899790722,0.14419725339537667,0.005300827086868298,0.047894137996707394
57989-02-12 12:00:00,2.2517,0.10934182590233232,0.33631619038516275,0.035335195330133184,-0.5252071460626997
57989-02-22 22:00:00,2.2444,0.043560606060609075,0.249220407164107,-0.14401247500058562,-1.0
57989-03-05 08:00:00,2.2247,-0.18544600938967148,-0.3697898441758992,-0.7496031820207535,-1.0
57989-03-15 18:00:00,2.2134,-0.24158815612381818,-1.0,-0.7738522841381092,-1.0
57989-03-26 04:00:00,2.2297,-0.13699421965318004,-0.9128514852570773,-0.332616647945305,-1.0
57989-04-05 14:00:00,2.2292,-0.13699421965317815,-0.7697657546632454,-0.31718218528309094,-1.0
57989-04-16 00:00:00,2.2091,-0.19778633301251203,-1.0,-0.6092944878272654,-1.0
57989-04-26 10:00:00,2.1947,-0.23519458544839322,-1.0,-0.6584385203602189,-1.0
57989-05-06 20:00:00,2.1992,-0.19915966386554773,-1.0,-0.495329232749252,-1.0
57989-05-17 06:00:00,2.1955,-0.2128794093519285,-1.0,-0.46351847590278267,-1.0
57989-05-27 16:00:00,2.2136,-0.1229390681003592,-1.0,-0.22184346307941788,-1.0
57989-06-07 02:00:00,2.2142,-0.12027123483226376,-0.7455628160388964,-0.193576043079341,-1.0
57989-06-17 12:00:00,2.2133,-0.09543726235741556,-0.34528667866995216,-0.18430583278177154,-1.0
57989-06-27 22:00:00,2.2019,-0.19427244582043474,-0.3580762129938549,-0.2940744698428177,-1.0
57989-07-08 08:00:00,2.1969,-0.20478325859491986,-0.44200678447456776,-0.3195407315754868,-1.0
57989-07-18 18:00:00,2.2061,-0.14112011790714873,-0.15182465822550187,-0.18736618354639106,-1.0
57989-07-29 04:00:00,2.2021,-0.09416666666666623,-0.026211743545157533,-0.21501169480882393,-1.0
57989-08-08 14:00:00,2.1937,-0.08411614005123802,-0.13833605555623243,-0.29506661068322804,-1.0
57989-08-19 00:00:00,2.1943,-0.1745562130177507,-0.1313286802627427,-0.26037401969419194,-0.9778954417679371
57989-08-29 10:00:00,2.1963,-0.15986394557823258,-0.00897245903214199,-0.21902154371796223,-0.595809875931325
57989-09-08 20:00:00,2.1923,-0.09677419354838745,0.004656693771959912,-0.27323575952118995,-0.7636553661701038
57989-09-19 06:00:00,2.1879,-0.04427083333333459,-0.0622293714535857,-0.34933366273299815,-1.0
57989-09-29 16:00:00,2.18,-0.11970074812967435,-0.2778012687716013,-0.44951379523897433,-1.0
57989-10-10 02:00:00,2.1775,-0.1139240506329105,-0.41746412214754625,-0.4309430824893101,-1.0
57989-10-20 12:00:00,2.1909,-0.15275908479138667,-0.03850147805593328,-0.1734003641375379,-1.0
57989-10-30 22:00:00,2.1938,-0.13315926892950458,0.34014179107359355,-0.0951310297824251,-1.0
57989-11-10 08:00:00,2.1864,-0.1618531889290017,0.398175891234159,-0.25124005950798567,-1.0
57989-11-20 18:00:00,2.1799,-0.14066496163683057,0.2775033824600028,-0.36977996521862844,-1.0
57989-12-01 04:00:00,2.1771,-0.1302631578947377,0.15820402479448636,-0.38279363585143933,-1.0
57989-12-11 14:00:00,2.1743,-0.22844827586207261,0.04565862212901483,-0.3911585664610905,-1.0
57989-12-22 00:00:00,2.1829,-0.12938005390835838,0.274942686102152,-0.19764649573562515,-1.0
57990-01-01 10:00:00,2.1842,-0.07078986587183456,0.49336401734899415,-0.15210627283046102,-1.0
57990-01-11 20:00:00,2.1834,-0.08098068350668974,0.6312811758727211,-0.15578326455657926,-1.0
57990-01-22 06:00:00,2.1791,-0.1235632183908047,0.6082026510578571,-0.24940307983064097,-1.0
57990-02-01 16:00:00,2.1805,-0.0880597014925385,0.6499389823417762,-0.18928681442933093,-0.697668056908698
57990-02-12 02:00:00,2.1799,-0.06329113924050717,0.670420171517632,-0.1931512183985577,-0.969558142209013
57990-02-22 12:00:00,2.1813,0.011463844797175105,0.7331879768140992,-0.13015369828005102,-0.5404870658254332
57990-03-04 22:00:00,2.1694,-0.06127080181543365,0.4303981923834434,-0.4934886021395413,-1.0
57990-03-15 08:00:00,2.1691,-0.20566037735849507,0.25099729761763073,-0.446039920175795,-1.0
57990-03-25 18:00:00,2.1758,-0.15845070422535046,0.3615037155079343,-0.20296794044376365,-1.0
57990-04-05 04:00:00,2.1676,-0.16319444444444214,0.21343251900742938,-0.45156643965515364,-1.0
57990-04-15 14:00:00,2.1657,-0.1339622641509413,0.09392898058612734,-0.4512421585597745,-1.0
57990-04-26 00:00:00,2.1658,-0.11232604373757415,0.056592194985800294,-0.3936879077474426,-1.0
57990-05-06 10:00:00,2.1527,-0.1782178217821806,-0.3116058061282078,-0.623149993612887,-1.0
57990-05-16 20:00:00,2.1572,-0.22743362831858377,-0.35491609326637363,-0.44728366329467606,-1.0
57990-05-27 06:00:00,2.1699,-0.1053019145802645,0.04714976132534302,-0.11454194278696522,-0.5825058965097878
57990-06-06 16:00:00,2.1798,-0.02337662337662083,0.6256894811331928,0.17032770148282295,0.027433965776781994
57990-06-17 02:00:00,2.1841,0.03246753246753176,1.0,0.27969449834728644,0.7748288897611505
57990-06-27 12:00:00,2.1882,0.04830614805520839,1.0,0.3569664469282806,1.0
57990-07-07 22:00:00,2.1826,0.015938606847697212,1.0,0.1962868324795276,0.6140954505049094
57990-07-18 08:00:00,2.1828,0.008982035928144061,1.0,0.20164217322137057,1.0
57990-07-28 18:00:00,2.1758,0.04071246819338503,1.0,0.033343800021385595,0.3639576030616352
57990-08-08 04:00:00,2.1661,-0.017045454545452587,0.7887783148764437,-0.2008564587841014,-0.3142204772186619
57990-08-18 14:00:00,2.1678,-0.04819277108433728,0.5077031203703648,-0.14081769737174593,0.035821781166139606
57990-08-29 00:00:00,2.1711,0.02240717029449324,0.42135253388673105,-0.04142820815642689,0.4032249349660442
57990-09-08 10:00:00,2.159,-0.03793884484711413,0.01239616754599035,-0.3287559138318913,-0.07966654154651845
57990-09-18 20:00:00,2.1505,-0.0791106514994821,-0.4725742415005658,-0.4711467581218247,-0.5749744037093739
57990-09-29 06:00:00,2.1502,-0.014898688915375047,-0.7400252430287443,-0.4184650697038069,-1.0
57990-10-09 16:00:00,2.1531,-0.024908869987850746,-0.7622954299110697,-0.32078589433033633,-0.6333975392833029
57990-10-20 02:00:00,2.1674,-0.014898688915375047,-0.2961856988917406,-0.010037667969620079,-0.3401536006366685
57990-10-30 12:00:00,2.1643,-0.10051880674448882,-0.05416036488795348,-0.07255085681466555,-0.5719427225275965
57990-11-09 22:00:00,2.1619,-0.14760638297872064,0.05522299772547564,-0.11898288869741969,-0.8759083583456616
57990-11-20 08:00:00,2.1621,-0.18302945301542695,0.15128281226462,-0.11029014646914359,-0.6783317539250557
57990-11-30 18:00:00,2.1539,-0.19418132611637134,-0.010873288530338289,-0.28629149982256125,-1.0
57990-12-11 04:00:00,2.1483,-0.21752837326607705,-0.25067505851559935,-0.37773676659872046,-1.0
57990-12-21 14:00:00,2.1431,-0.2109677419354834,-0.5143593638265253,-0.4195307883891945,-1.0
57991-01-01 00:00:00,2.1318,-0.21681415929203424,-0.9555600391096527,-0.5253725112032818,-1.0
57991-01-11 10:00:00,2.1268,-0.24878640776699046,-1.0,-0.5185591957651735,-1.0
57991-01-21 20:00:00,2.1297,-0.2524390243902396,-1.0,-0.42886564926753995,-1.0
57991-02-01 06:00:00,2.1081,-0.27814207650272804,-1.0,-0.6171864608418957,-1.0
57991-02-11 16:00:00,2.1147,-0.19977678571428226,-1.0,-0.46614108302108803,-1.0
57991-02-22 02:00:00,2.1177,-0.17605633802816456,-1.0,-0.38216512987021195,-0.5183219655739599
57991-03-04 12:00:00,2.1169,-0.2006651884700621,-1.0,-0.3497906968657418,-0.8716165660797558
57991-03-14 22:00:00,2.1197,-0.30304955527318445,-1.0,-0.28487196620966554,-0.39340210392635505
57991-03-25 08:00:00,2.1297,-0.20210280373831224,-0.4305543825767939,-0.14118340423031228,0.24107530632227206
57991-04-04 18:00:00,2.1313,-0.1804245283018841,0.08374865795849866,-0.10425344717960772,0.9361720194669892
57991-04-15 04:00:00,2.1186,-0.22353545734840408,0.08505546006006652,-0.24900351201175547,0.5240627184381408
57991-04-25 14:00:00,2.1128,-0.21654373024235712,-0.03460960612543708,-0.29290111039990874,0.27598539160470426
57991-05-06 00:00:00,2.1155,-0.1782608695652142,0.02364951266086288,-0.23361789236892422,0.5851291633906919
57991-05-16 10:00:00,2.1035,-0.20040485829959237,-0.23752784924202702,-0.35724527218266705,0.18288382439678347
57991-05-26 20:00:00,2.1038,-0.15945330296127236,-0.32669384431140736,-0.32837763327910074,0.5501876764071887
57991-06-06 06:00:00,2.0963,-0.16888150609080482,-0.5296489895757227,-0.4009094691371298,0.18465900872643143
57991-06-16 16:00:00,2.0943,-0.19798657718120583,-0.6319993754184023,-0.4093077948404188,-0.7775686607104072
57991-06-27 02:00:00,2.1018,-0.04183266932270846,-0.3879864265368691,-0.27878960079214177,-0.1490840273456196
57991-07-07 12:00:00,2.0992,-0.10869565217391142,-0.2327504843690213,-0.307069992826273,-0.4423430077735107
57991-07-17 22:00:00,2.1036,-0.0969738651994495,0.06297164003546249,-0.21066112454018615,0.13795318880390664
57991-07-28 08:00:00,2.0951,-0.1355721393034815,0.05564359024386244,-0.3511375265359491,-0.2293206859725534
57991-08-07 18:00:00,2.0981,-0.13399503722084272,0.19333788596960227,-0.262098788424572,0.44477154054314105
57991-08-18 04:00:00,2.0836,-0.27085781433607625,-0.09507226363937309,-0.4966404286269069,-0.640568299642604
57991-08-28 14:00:00,2.0922,-0.21226927252985872,0.0371117277162181,-0.29500220682727807,-0.2608220901227633
57991-09-08 00:00:00,2.0811,-0.20718232044198798,-0.14747240252684807,-0.4388110247209567,-1.0
57991-09-18 10:00:00,2.0831,-0.17128027681661023,-0.13930884514997183,-0.35787841695467987,-0.6510286678282088
57991-09-28 20:00:00,2.0783,-0.20945945945945993,-0.20836127392606466,-0.38740873772629614,-1.0
57991-10-09 06:00:00,2.0812,-0.1398996235884576,-0.097605604740885,-0.3070443455972395,-0.9309764636999832
57991-10-19 16:00:00,2.0831,-0.1273062730627328,0.09116146031991221,-0.2591125478079407,-0.4973331921584554
57991-10-30 02:00:00,2.0908,-0.033742331288341476,0.4875320643937934,-0.10521442206390474,0.07964147362356525
57991-11-09 12:00:00,2.0898,-0.027950310559007374,0.7389188121054082,-0.10700650517039934,-0.2942745218228725
57991-11-19 22:00:00,2.0875,-0.09495351925630802,0.8467333378557057,-0.14246714169415192,-0.8364798002223393
57991-11-30 08:00:00,2.0882,-0.07493188010899227,0.9442937967531795,-0.10603037315113123,0.12175756702602494
57991-12-10 18:00:00,2.0755,-0.17197062423500642,0.6381496120393046,-0.43162066789408954,-1.0
57991-12-21 04:00:00,2.0684,-0.16625155666251473,0.25655499321418307,-0.5426959106279746,-1.0
57991-12-31 14:00:00,2.087,-0.05787278415015562,0.5950949013917166,-0.03004884129375457,1.0
57992-01-11 00:00:00,2.101,0.09119496855345832,1.0,0.331957690934233,1.0
57992-01-21 10:00:00,2.1125,0.10325534079348808,1.0,0.5599782463113476,1.0
57992-01-31 20:00:00,2.1103,0.16331096196867978,1.0,0.4582502002090534,1.0
57992-02-11 06:00:00,2.1271,0.2111324376199616,1.0,0.6586114226960411,1.0
57992-02-21 16:00:00,2.1274,0.24623871614844517,1.0,0.5460440498295209,1.0
57992-03-03 02:00:00,2.1282,0.24077868852459006,1.0,0.47923808917584887,1.0
57992-03-13 12:00:00,2.1314,0.24418604651162812,1.0,0.4486635608907297,1.0
57992-03-23 22:00:00,2.1455,0.2597340930674258,1.0,0.5191806001442119,1.0
57992-04-03 08:00:00,2.1505,0.27767612076852854,1.0,0.4854326027329875,1.0
57992-04-13 18:00:00,2.1398,0.2221750212404433,1.0,0.33666821992664087,1.0
57992-04-24 04:00:00,2.15,0.2429245283018875,1.0,0.3854937059450637,1.0
57992-05-04 14:00:00,2.1636,0.3438719750195186,1.0,0.44396163254708265,1.0
57992-05-15 00:00:00,2.1474,0.2879008746355701,1.0,0.2731557802787895,1.0
57992-05-25 10:00:00,2.1436,0.23120915032679845,1.0,0.21712082133786725,1.0
57992-06-04 20:00:00,2.1303,0.12037797863599087,0.9153006208462865,0.085486819415863,0.8510966992914772
57992-06-15 06:00:00,2.1368,0.10411311053984684,0.4376172630562915,0.12584308551642465,0.8313661531063756
57992-06-25 16:00:00,2.1438,0.13786008230452695,0.27742878102880625,0.1709972298242547,0.8069648591543912
57992-07-06 02:00:00,2.1379,0.04882459312839105,-0.051453459179671486,0.09442072475572427,0.690551945040983
57992-07-16 12:00:00,2.1426,0.0660869565217379,-0.16019563115421548,0.1322406372935523,0.7539100831918537
57992-07-26 22:00:00,2.1357,0.030966143682906067,-0.4625142391745448,0.007175978771154834,0.6369745002842523
57992-08-06 08:00:00,2.122,-0.03571428571428692,-1.0,-0.2740009568640294,0.371181427934253
57992-08-16 18:00:00,2.1173,-0.11538461538461592,-1.0,-0.38086419595403065,0.15223730466376667
57992-08-27 04:00:00,2.1245,-0.10450160771704342,-1.0,-0.27929483887604256,0.20286396400969703
57992-09-06 14:00:00,2.127,-0.05507745266781611,-1.0,-0.22441521459109037,0.4013359011470188
57992-09-17 00:00:00,2.1314,-0.08423913043478154,-1.0,-0.13432779871466738,0.6029856211570273
57992-09-27 10:00:00,2.129,-0.174395161290324,-1.0,-0.18892452093013185,0.042953260985042346
57992-10-07 20:00:00,2.1384,-0.04870129870130069,-0.7776256904639101,0.01220535819040669,0.361694391103807
57992-10-18 06:00:00,2.14,-0.019955654101995846,-0.4661299966144439,0.054841204003569066,0.8621174415022562
57992-10-28 16:00:00,2.1458,0.09371221281741193,-0.09670988858105406,0.1959073072618439,1.0
57992-11-08 02:00:00,2.1387,0.011404561824730042,-0.08558749504955264,0.032701960866627466,0.9008361372282058
57992-11-18 12:00:00,2.1252,-0.1035634743875295,-0.48570109742642764,-0.2543138085628742,0.23378109783927675
57992-11-28 22:00:00,2.1338,-0.022162162162163435,-0.4782606052727198,-0.022431544060203812,0.7057235683417361
57992-12-09 08:00:00,2.1278,-0.07889125799573449,-0.6396105336820214,-0.17997701600960608,0.06045402667391487
57992-12-19 18:00:00,2.1318,-0.02145214521452049,-0.605785954152725,-0.038738508264227034,0.46616231668137215
57992-12-30 04:00:00,2.129,0.043750000000000955,-0.6479382743097543,-0.1272844656123091,0.037103028860848035
57993-01-09 14:00:00,2.1232,0.0363748458692974,-0.8213408791701529,-0.2845949342114799,-0.4723907594086235
57993-01-20 00:00:00,2.1243,-0.001333333333333131,-0.8652199677585619,-0.22796704716480048,0.09870951936508197
57993-01-30 10:00:00,2.1246,-0.016483516483514704,-0.8469282433326781,-0.19714441122297804,0.34818171061238146
57993-02-09 20:00:00,2.1346,0.020408163265304036,-0.5063761687701773,0.15372496625490017,0.8313545637614909
57993-02-20 06:00:00,2.1321,0.019745222929935746,-0.3443520210811694,0.07361857887650658,0.38419763817209257
57993-03-02 16:00:00,2.1311,-0.05206847360912947,-0.2582764886562327,0.022827224222615405,-0.09775105260484897
57993-03-13 02:00:00,2.1395,-0.003250975292588998,0.0498622251782309,0.3128723688750539,1.0
57993-03-23 12:00:00,2.1164,-0.15605095541401381,-0.43589802953882045,-0.5265656721020606,-1.0
57993-04-02 22:00:00,2.1099,-0.15384615384615513,-0.9096528728251375,-0.6043321905954273,-1.0
57993-04-13 08:00:00,2.1351,0.04700854700854773,-0.426336519415103,0.13459356931501043,1.0
57993-04-23 18:00:00,2.1294,-0.021484375000000056,-0.2668649156031726,-0.03333098634796611,-0.2559360420669144
57993-05-04 04:00:00,2.1269,-0.004550050556117902,-0.22498747938379035,-0.09172067631491448,-1.0
57993-05-14 14:00:00,2.1182,-0.06563706563706745,-0.43895116763098796,-0.3181745719714991,-1.0
57993-05-25 00:00:00,2.127,-0.009124087591241947,-0.29171150433571125,-0.031506541067739535,-1.0
57993-06-04 10:00:00,2.1196,-0.016187050359712574,-0.3966361827410314,-0.25806781204056956,-1.0
57993-06-14 20:00:00,2.1276,0.013971210838274128,-0.20498656167714777,0.01769889984720907,-1.0
57993-06-25 06:00:00,2.1355,0.04335719968178209,0.16006017029280015,0.2878166889017,-0.16273764079500644
57993-07-05 16:00:00,2.1279,-0.027169505271695038,0.16315547479492173,0.02473256725894879,-1.0
57993-07-16 02:00:00,2.1325,0.0015948963317382603,0.29393722251435417,0.18200657906851536,-0.7619212654401422
57993-07-26 12:00:00,2.1306,-0.001979414093429055,0.30804014421178116,0.11329432099526815,-1.0
57993-08-05 22:00:00,2.1275,-0.04958677685950458,0.21264328891906745,-0.0005195742244800683,-1.0
57993-08-16 08:00:00,2.1334,0.08188824662813121,0.3150780361877661,0.18619330762762343,0.07471467008154739
57993-08-26 18:00:00,2.1296,0.0974282888229474,0.2531004233857595,0.04755466399924824,-0.28124168134364347
57993-09-06 04:00:00,2.1318,-0.021126760563379476,0.2653762554317136,0.13004283331631006,1.0
57993-09-16 14:00:00,2.1381,0.05527318932655789,0.4422760897850869,0.3262325560305941,1.0
57993-09-27 00:00:00,2.1326,0.03488372093023295,0.3686350517648661,0.13844416811186389,0.8998141904993463
57993-10-07 10:00:00,2.1325,0.09781121751026012,0.29814868238973274,0.15486676415446055,0.03660224041183582
57993-10-17 20:00:00,2.1453,0.118677042801559,0.608113493032256,0.5238884183288626,1.0
57993-10-28 06:00:00,2.1439,0.17088607594936345,0.7256075320474722,0.4769673597874081,1.0
57993-11-07 16:00:00,2.1392,0.08554572271386396,0.6186040783482275,0.28405325408850035,0.8061529578212707
57993-11-18 02:00:00,2.1375,0.016233766233767932,0.4624052320518747,0.20353067423160887,0.038600485146589515
57993-11-28 12:00:00,2.1319,0.03355704697986528,0.16899526698511352,-0.0076880438113550165,-0.7271564610938477
57993-12-08 22:00:00,2.1202,-0.09220389805097151,-0.3729624638458476,-0.45313796745440255,-1.0
57993-12-19 08:00:00,2.1186,-0.09036144578313116,-0.7474811700958975,-0.4571102852600124,-1.0
57993-12-29 18:00:00,2.1168,-0.08218125960061257,-1.0,-0.495998804560636,-1.0
57994-01-09 04:00:00,2.0998,-0.22047244094487822,-1.0,-0.7378361078320645,-1.0
57994-01-19 14:00:00,2.0839,-0.2587768969422395,-1.0,-0.7531569258319739,-1.0
57994-01-30 00:00:00,2.0945,-0.19286452947259392,-1.0,-0.48282963457323236,-1.0
57994-02-09 10:00:00,2.1076,-0.14734299516908023,-1.0,-0.2563696818375904,-1.0
57994-02-19 20:00:00,2.1015,-0.14937560038424363,-1.0,-0.31239101782524825,-1.0
57994-03-02 06:00:00,2.0962,-0.16605672461115945,-1.0,-0.3464323505162521,-1.0
57994-03-12 16:00:00,2.1002,-0.22437810945273556,-1.0,-0.26414228267716866,-1.0
57994-03-23 02:00:00,2.1023,-0.20553359683794314,-0.9339610865133077,-0.21512295697501826,-0.7569004362991443
57994-04-02 12:00:00,2.1025,-0.1897621509824194,-0.6432164780720686,-0.192627314760427,-0.5682318851574306
57994-04-12 22:00:00,2.1006,-0.1904024767801853,-0.45370605337296327,-0.1961822127034828,-0.6064470123891352
57994-04-23 08:00:00,2.0996,-0.17497291440953233,-0.310352841784637,-0.18898949915561475,-0.664035865754046
57994-05-03 18:00:00,2.1033,-0.10023724792408117,-0.06594260280288103,-0.12264693296097107,-0.3754518231121743
57994-05-14 04:00:00,2.1029,-0.09446450060168377,0.10981438391164564,-0.10894553788471012,-0.49196536826437703
57994-05-24 14:00:00,2.1028,-0.0859950859950871,0.2418086725337159,-0.09023098377548688,-0.6175418149426567
57994-06-04 00:00:00,2.095,-0.03324099722991625,0.11479201796931852,-0.20982987170511014,-0.9142446480908114
57994-06-14 10:00:00,2.0957,0.10350877192982577,0.07922419637969971,-0.18753963647895044,-0.4480780330648181
57994-06-24 20:00:00,2.0936,-0.009278350515465328,0.021163835925090604,-0.23669313426320554,-0.7202372849119152
57994-07-05 06:00:00,2.0969,-0.13824289405684842,0.1091696138514388,-0.12448873349832029,-0.22409365550559335
57994-07-15 16:00:00,2.1015,0.0,0.32170148505402585,0.06393493904277092,0.7569575623652195
57994-07-26 02:00:00,2.1045,0.11891117478509994,0.5538409177108427,0.2539851159649531,1.0
57994-08-05 12:00:00,2.1065,0.09574468085106558,0.7557332377034776,0.31910800862968913,1.0
57994-08-15 22:00:00,2.1061,0.06089743589743779,0.8565085254672926,0.32431647845110123,1.0
57994-08-26 08:00:00,2.093,-0.10770975056689575,0.5170332899108797,-0.4428362520790472,1.0
57994-09-05 18:00:00,2.0959,-0.05210643015521316,0.3839198517701405,-0.25248150740008696,1.0
57994-09-16 04:00:00,2.0857,-0.12799263351749773,0.004973500877095288,-0.6543531491926466,0.6461157437898616
57994-09-26 14:00:00,2.0906,-0.11441441441441791,-0.06871240563359896,-0.38081651386825915,1.0
57994-10-07 00:00:00,2.0956,-0.06073211314475818,0.05586289738702968,-0.14150763014191475,1.0
57994-10-17 10:00:00,2.1452,0.19343065693430928,1.0,0.940847867164817,1.0
57994-10-27 20:00:00,2.1228,0.11191626409017585,1.0,0.40970491583417146,-0.12908721272125034
57994-11-07 06:00:00,2.1176,0.08508158508158536,1.0,0.28087709500047076,-1.0
57994-11-17 16:00:00,2.1424,0.16116248348745055,1.0,0.5904350047442244,-0.00794234162118571
57994-11-28 02:00:00,2.1245,0.08313253012048105,1.0,0.2816885142197175,-0.5963448747580018
57994-12-08 12:00:00,2.126,0.07519950890116578,1.0,0.277239510088517,-0.26524585323576944
57994-12-18 22:00:00,2.1318,0.08237779118889643,1.0,0.3252235132228086,-0.08891671450722832
57994-12-29 08:00:00,2.1152,0.024126455906822497,1.0,0.08000426674291916,-0.5283694985478009
57995-01-08 18:00:00,2.0987,-0.018839103869653873,0.18339337756109206,-0.1569625498941789,-1.0
57995-01-19 04:00:00,2.0996,0.017915309446254524,-0.4064511025140006,-0.15046901695128956,-0.8560470317533843
57995-01-29 14:00:00,2.1074,0.03040719196192565,-0.538608730224876,-0.0459587393522089,-0.6577327121365717
57995-02-09 00:00:00,2.0987,0.03464818763326194,-0.8559791053769039,-0.1707508721604718,-0.8193894593408152
57995-02-19 10:00:00,2.0833,-0.018425037859666427,-1.0,-0.3590107560430933,-1.0
57995-03-01 20:00:00,2.0941,-0.0036782736635606605,-1.0,-0.1981018327163881,-0.5999251989160278
57995-03-12 06:00:00,2.0925,-0.16901860166773502,-1.0,-0.20666647605865734,-0.7137012847436306
57995-03-22 16:00:00,2.0819,-0.14191533657182331,-1.0,-0.32944905117173584,-0.8451120886299136
57995-04-02 02:00:00,2.0842,-0.1182719546742198,-1.0,-0.2844270576909077,-0.5528459543980111
57995-04-12 12:00:00,2.0847,-0.24679213002565903,-1.0,-0.27674038987079813,-0.2569837727738546
57995-04-22 22:00:00,2.083,-0.20605759682224017,-1.0,-0.28758716079011915,-0.39407387685005235
57995-05-03 08:00:00,2.0864,-0.19298245614034998,-1.0,-0.23611871449729221,-0.07967199648192969
57995-05-13 18:00:00,2.0872,-0.2284836065573751,-0.8410081152142126,-0.20963763695355558,0.5627811653461254
57995-05-24 04:00:00,2.0842,-0.1845238095238082,-0.6977994635704393,-0.22549132994122228,0.23273338885035003
57995-06-03 14:00:00,2.0848,-0.10205580029368488,-0.5317184455425468,-0.1965434324002846,1.0
57995-06-14 00:00:00,2.081,-0.13098591549295785,-0.4868591573125386,-0.23856570691947704,0.34118649329500855
57995-06-24 10:00:00,2.0907,-0.11454046639231835,-0.1262996418381022,-0.06862626454921511,1.0
57995-07-04 20:00:00,2.0894,-0.07099236641221379,0.0933630507069955,-0.06858797981251119,0.6759206799517833
57995-07-15 06:00:00,2.0927,0.08801498127340635,0.34687086893399005,0.04706371695097056,1.0
57995-07-25 16:00:00,2.0893,-0.05217391304347757,0.4125067305803151,-0.013718182060102002,0.39790115153686706
57995-08-05 02:00:00,2.0957,0.03149606299212737,0.6412391439646812,0.22200395460245703,0.9877232961490808
57995-08-15 12:00:00,2.0937,0.13981042654028686,0.7142607163018541,0.1686491889919005,0.12879702693623274
57995-08-25 22:00:00,2.0979,0.1553287981859438,0.8646827799206752,0.416936985305413,0.43476212581897716
57995-09-05 08:00:00,2.0968,0.13534675615212488,0.8995036996824721,0.382750313095775,-0.09489303863884423
57995-09-15 18:00:00,2.0961,0.1498855835240258,0.8696346626810572,0.3143685312213679,-0.7883442011431343
57995-09-26 04:00:00,2.0971,0.12953995157385412,0.8482819421239695,0.3424074848844808,-0.3399505340540939
57995-10-06 14:00:00,2.0958,0.10287081339712889,0.7645108228518498,0.2698518285853606,-0.9883790357357832
57995-10-17 00:00:00,2.0938,0.11764705882352755,0.6238922932663727,0.162981686869196,-1.0
57995-10-27 10:00:00,2.0933,0.1044226044226072,0.4972503434415589,0.12282070289807945,-1.0
57995-11-06 20:00:00,2.0915,0.13565891472868175,0.3470371937540648,0.02332306746658508,-1.0
57995-11-17 06:00:00,2.0923,0.026845637583889914,0.2648073170913382,0.042535159664649935,-1.0
57995-11-27 16:00:00,2.0913,0.03220338983050908,0.17650556793910613,-0.023171539449240663,-1.0
57995-12-08 02:00:00,2.0926,-0.001818181818177611,0.15556691808476153,0.03320538893968228,-1.0
57995-12-18 12:00:00,2.0965,0.12857142857142223,0.2532670148701639,0.22974494845725957,-0.7133665819925794
57995-12-28 22:00:00,2.0955,-0.004424778761061399,0.277012741839676,0.15274318879082893,-0.8667304697704717
57996-01-08 08:00:00,2.0964,0.06279069767441525,0.3078292221825203,0.23507077028119527,-0.6050892699649449
57996-01-18 18:00:00,2.1016,0.08222222222221665,0.4659132658792562,0.5880083464926702,-0.2381196135744126
57996-01-29 04:00:00,2.0921,-0.07605177993527662,0.2665692437675877,-0.21923257886445424,-0.7036863896945964
57996-02-08 14:00:00,2.0945,-0.024539877300610524,0.19939173219086953,-0.016868459218862653,-0.3020691864814631
57996-02-19 00:00:00,2.0902,-0.09610027855153619,0.02311519293750593,-0.41511660875065304,-0.7861891927007401
57996-02-29 10:00:00,2.0971,0.015662650602410344,0.11362492691432767,0.20677250422294124,-0.3093443797053745
57996-03-10 20:00:00,2.09,-0.04077253218884086,-0.04112677420005888,-0.38903411929724185,-0.6455840400266892
57996-03-21 06:00:00,2.0911,-0.023305084745764315,-0.10273402085764917,-0.2683220433966059,-0.08661074353359924
57996-03-31 16:00:00,2.0829,-0.0802238805970133,-0.3731757516344311,-0.6954901958232199,-1.0
57996-04-11 02:00:00,2.0854,-0.0623869801084973,-0.448056591012371,-0.4553096010592154,-0.7052166436203549
57996-04-21 12:00:00,2.0873,-0.035587188612099085,-0.41288024588011035,-0.30766831265602845,0.4737662581407631
57996-05-01 22:00:00,2.0838,-0.07534246575342302,-0.46679379681577554,-0.4412406389666082,-0.3776217766216775
57996-05-12 08:00:00,2.0864,-0.0884413309982478,-0.39511465818696057,-0.27245003516357597,0.6486365363358236
57996-05-22 18:00:00,2.0873,-0.07192982456140229,-0.2970524646552821,-0.20620822524823834,1.0
57996-06-02 04:00:00,2.0912,-0.04333333333333156,-0.0996015104414737,-0.0038762963712110077,1.0
57996-06-12 14:00:00,2.0898,-0.10498220640569172,-0.004237412012062762,-0.06970922207308444,1.0
57996-06-23 00:00:00,2.092,-0.001022494887523151,0.12693023233798037,0.04205179590262087,1.0
57996-07-03 10:00:00,2.0896,-0.05010224948875225,0.1394891220392338,-0.07403721098353128,0.40295926489692524
57996-07-13 20:00:00,2.0922,0.02118644067796782,0.22225658142568724,0.0736713378196282,1.0
57996-07-24 06:00:00,2.0929,-0.05121951219512022,0.2888839594724706,0.12060192956583415,1.0
57996-08-03 16:00:00,2.0992,0.11442786069651878,0.5042336084422205,0.43572748153452023,1.0
57996-08-14 02:00:00,2.0973,0.07560975609756193,0.5616977664170225,0.38228722874272714,1.0
57996-08-24 12:00:00,2.0966,0.20447761194029324,0.550836133466742,0.3155301333684002,0.7897605524056558
57996-09-03 22:00:00,2.1006,0.2171428571428522,0.6332580659161936,0.47238734679842054,1.0
57996-09-14 08:00:00,2.1014,0.20796460176990583,0.6752473394309697,0.44107352444194825,1.0
57996-09-24 18:00:00,2.0993,0.23846153846152818,0.6037486511137554,0.33241965520967687,0.6913379385801371
57996-10-05 04:00:00,2.094,0.10795454545454175,0.3703529476307536,0.08810695724568718,-0.21405445102387624
57996-10-15 14:00:00,2.0938,0.0942028985507204,0.1953112620307717,0.07311724943584508,-0.7446110691789344
57996-10-26 00:00:00,2.0925,0.020376175548582953,0.033559730255671896,-0.006244423090832452,-1.0
57996-11-05 10:00:00,2.0946,0.0736196319018374,-0.012500963171120557,0.07655002619540341,-1.0
57996-11-15 20:00:00,2.0955,0.05591054313098642,-0.018532175566426598,0.10498279114562847,-0.45000037931165293
57996-11-26 06:00:00,2.0975,0.12783171521035652,0.03290055455275352,0.19490967768342893,0.20792854841860153
57996-12-06 16:00:00,2.097,0.08333333333332948,0.044816134387533756,0.14744292650355217,-0.39472028066545384
57996-12-17 02:00:00,2.0982,0.09044368600681807,0.08071536769821958,0.20836011128425536,0.1951562641804036
57996-12-27 12:00:00,2.1006,0.027559055118106413,0.1645075916121419,0.3397139708457675,1.0
57997-01-06 22:00:00,2.1049,0.13669064748201076,0.3288508192368933,0.5464886612551911,1.0
57997-01-17 08:00:00,2.1014,0.07843137254901544,0.307295821694243,0.28886102477917663,1.0
57997-01-27 18:00:00,2.1033,0.047368421052628396,0.3268216199318259,0.3840168264062582,1.0
57997-02-07 04:00:00,2.1021,0.012110726643600689,0.28010115492448784,0.27696851967576475,1.0
57997-02-17 14:00:00,2.1028,0.06363636363635894,0.2489696502627848,0.2978110262979108,1.0
57997-02-28 00:00:00,2.1084,0.2589928057553904,0.3712895071823781,0.5638752286759561,1.0
57997-03-10 10:00:00,2.1077,0.2455830388692487,0.3991678353933991,0.44684578301108724,1.0
57997-03-20 20:00:00,2.1015,0.1355421686747007,0.20540165773976699,0.0916513224642801,0.2560891413073868
57997-03-31 06:00:00,2.1013,0.10702875399361356,0.057034214196658946,0.07840384035032322,-0.339491802444898
57997-04-10 16:00:00,2.0969,0.020114942528739466,-0.17747278587145293,-0.15263134518161287,-0.9228706419440954
57997-04-21 02:00:00,2.0944,-0.043909348441929896,-0.3979725723849119,-0.26817967702247053,-1.0
57997-05-01 12:00:00,2.0971,0.001333333333336073,-0.4458793038665681,-0.13628907090653597,-1.0
57997-05-11 22:00:00,2.0921,-0.07384987893462197,-0.6061912952349753,-0.3957875530419362,-1.0
57997-05-22 08:00:00,2.0894,-0.13461538461538197,-0.7602290741432199,-0.5012736963685122,-1.0
57997-06-01 18:00:00,2.0902,-0.19291338582677198,-0.7986581028304657,-0.4233781645315931,-1.0
57997-06-12 04:00:00,2.0892,-0.17134831460673894,-0.8131805375782799,-0.42364438796799,-1.0
57997-06-22 14:00:00,2.0908,-0.17705382436259853,-0.7344302985421445,-0.32273172279520845,-0.9203800534012662
57997-07-03 00:00:00,2.0921,-0.14124293785310837,-0.6084044482748474,-0.25081577995445903,-0.14458645874727982
57997-07-13 10:00:00,2.092,-0.15517241379309654,-0.4987143931460746,-0.23614711558049462,-0.5675241211845159
57997-07-23 20:00:00,2.0945,-0.21924290220820025,-0.3282029700065745,-0.12385655075908525,-0.3092758292207156
57997-08-03 06:00:00,2.093,-0.2261538461538437,-0.24418155805662048,-0.16431778244460227,-0.5519312319888878
57997-08-13 16:00:00,2.0937,-0.144444444444442,-0.15418674240595356,-0.1208252261019857,-0.05029629481481268
57997-08-24 02:00:00,2.0924,-0.1583629893238418,-0.12302477558717254,-0.15570848846288454,-0.3640856159238142
57997-09-03 12:00:00,2.0959,-0.01838235294118218,0.00961419802424452,0.005665812343506715,0.03816047529028158
57997-09-13 22:00:00,2.0946,0.0038461538461533884,0.05917646657956905,-0.034575627847661994,-0.1391667951582545
57997-09-24 08:00:00,2.0954,-0.035269709543568784,0.11505599351116128,0.03782032242725952,0.6745800218981846
57997-10-04 18:00:00,2.0969,0.11650485436894109,0.19207723551826275,0.19811775861488945,1.0
57997-10-15 04:00:00,2.0951,0.14467005076142025,0.18182682747984755,0.10429783355855948,1.0
57997-10-25 14:00:00,2.0907,0.010729613733909016,0.0413253722440148,-0.261316543442257,0.20678862808769136
57997-11-05 00:00:00,2.0921,0.06118143459915337,-0.004733022132819643,-0.10329289727521679,1.0
57997-11-15 10:00:00,2.0968,0.11194029850745801,0.10687641284785479,0.36007572741328775,1.0
57997-11-25 20:00:00,2.0991,0.12589928057553945,0.24136191471316704,0.5378335447477245,1.0
57997-12-06 06:00:00,2.0971,0.08585858585858619,0.25743281924894723,0.3160215426599807,1.0
57997-12-16 16:00:00,2.0957,0.020979020979018048,0.21531772592318926,0.1719329827925341,1.0
57997-12-27 02:00:00,2.0978,0.08219178082191414,0.24031833117909077,0.33412503763553814,1.0
57998-01-06 12:00:00,2.0953,0.02580645161289985,0.17164304966596475,0.07856044020836583,0.8098118197416309
57998-01-16 22:00:00,2.0946,0.036184210526311156,0.09985194717560446,-0.015781974651356945,0.3497802521418638
57998-01-27 08:00:00,2.0947,-0.022222222222218924,0.05292797724677933,-0.019959951493181194,0.7308692570931472
57998-02-06 18:00:00,2.0933,-0.023985239852391094,-0.019728513555425334,-0.19884564692920492,0.3096626699916671
57998-02-17 04:00:00,2.0921,-0.06000000000000383,-0.09883885050181138,-0.31566535017350195,-0.22381545176484985
57998-02-27 14:00:00,2.0919,-0.09541984732824832,-0.14851666067166786,-0.3231985589343871,-0.7940193580164487
57998-03-10 00:00:00,2.0896,-0.10299625468164758,-0.23792517964670656,-0.49781207337248223,-1.0
57998-03-20 10:00:00,2.0902,-0.010917030567689001,-0.26260153312632317,-0.40304449340000176,-0.8505291447687249
57998-03-30 20:00:00,2.0897,-0.0545454545454479,-0.276828756712821,-0.39433699809577133,-1.0
57998-04-10 06:00:00,2.0913,-0.14550264550264785,-0.22200876601748823,-0.23185296456636167,-0.9969297944185581
57998-04-20 16:00:00,2.0921,-0.20114942528736135,-0.14956331403996126,-0.14763117908116946,0.1711283834101744
57998-05-01 02:00:00,2.0922,-0.15806451612903344,-0.08990110258148937,-0.12178225546849819,0.8336672121918078
57998-05-11 12:00:00,2.0945,-0.03658536585365463,0.02285780167236301,0.08576376224430882,1.0
57998-05-21 22:00:00,2.0858,-0.26086956521738996,-0.15722476739362268,-0.5783539973577912,-0.7107047406420537
57998-06-01 08:00:00,2.0885,-0.14655172413793338,-0.17925565801776108,-0.33879456673381636,0.3780361261362127
57998-06-11 18:00:00,2.0917,-0.05642023346303299,-0.08610671087527354,-0.08776056136366273,0.9908713077156915
57998-06-22 04:00:00,2.0903,-0.08148148148148165,-0.059336439209528656,-0.1765572826633381,0.25487393557027915
57998-07-02 14:00:00,2.0907,-0.05000000000000343,-0.023049589954209075,-0.12447469835919017,1.0
57998-07-13 00:00:00,2.0908,-0.026104417670675784,0.00862079258989486,-0.09795450599882255,1.0
57998-07-23 10:00:00,2.0894,-0.047892720306512426,-0.007940155363088874,-0.21651209095749424,1.0
57998-08-02 20:00:00,2.0875,-0.04085603112840436,-0.06839796949210719,-0.38173584340592126,0.782357689377642
57998-08-13 06:00:00,2.09,-0.003623188405796729,-0.024980959161804178,-0.09371803343115426,1.0
57998-08-23 16:00:00,2.0877,-0.03401360544218035,-0.05838173611948232,-0.33281004422856086,0.8680840599251383
57998-09-03 02:00:00,2.0899,-0.02333333333333021,-0.0070725573880556876,-0.050149953916990064,1.0
57998-09-13 12:00:00,2.0917,-0.00645161290322499,0.08301546664504501,0.18252807622131406,1.0
57998-09-23 22:00:00,2.0928,0.009374999999998801,0.17212383458617747,0.30985316099482596,1.0
57998-10-04 08:00:00,2.0932,-0.021594684385383034,0.23518094720813978,0.3225661404837128,1.0
57998-10-14 18:00:00,2.092,0.1371681415929238,0.231499567999999,0.1664642646344331,1.0
57998-10-25 04:00:00,2.0948,0.1387665198237954,0.30207436144328353,0.42920956150775424,1.0
57998-11-04 14:00:00,2.0926,0.0207373271889425,0.2692768285177799,0.18091964883091394,0.5087573997717344
57998-11-15 00:00:00,2.0929,0.06310679611650616,0.2455563490593074,0.2062681536455977,1.0
57998-11-25 10:00:00,2.0925,0.043689320388341946,0.20783527206979385,0.1617346745569388,0.2076238868130961
57998-12-05 20:00:00,2.0946,0.0840707964601638,0.2356058548162092,0.3811990171230696,0.548925577778833
57998-12-16 06:00:00,2.0953,0.13470319634702665,0.26168514199956255,0.4305727729112221,0.8982286336220264
57998-12-26 16:00:00,2.0948,0.17804878048780692,0.24981444016364523,0.3384813311192082,0.11469349998287055
57999-01-06 02:00:00,2.0902,0.004424778761061288,0.09487857741647063,-0.16337916928430707,-0.50995092333559
57999-01-16 12:00:00,2.0898,0.05072463768115665,-0.019579732491765933,-0.202965053689606,-1.0
57999-01-26 22:00:00,2.0928,0.06744186046511091,-0.0036647423115145922,0.11285106913031784,-1.0
57999-02-06 08:00:00,2.0917,0.0,-0.02619197795250898,-0.012052406121874748,-1.0
57999-02-16 18:00:00,2.0902,-0.061320754716981396,-0.08321556593129575,-0.18382854493929607,-1.0
57999-02-27 04:00:00,2.0932,0.0,-0.027707994586454194,0.13230447874179507,-1.0
57999-03-09 14:00:00,2.0959,0.07707509881422081,0.08675368958761974,0.4105744462581389,-0.5348256773767774
57999-03-20 00:00:00,2.0952,0.008620689655171154,0.13301063548158315,0.3181148890936506,-1.0
57999-03-30 10:00:00,2.0882,-0.0785714285714253,-0.04957326730175442,-0.550928068535446,-1.0
57999-04-09 20:00:00,2.0901,-0.047297297297298424,-0.10686863598403135,-0.29911807688928443,-1.0
57999-04-20 06:00:00,2.095,0.03665689149560636,0.004927426971943814,0.25712575836650575,-0.5668452365166173
57999-04-30 16:00:00,2.0945,-0.0015384615384579914,0.059666315860091745,0.18968543962961304,-1.0
57999-05-11 02:00:00,2.0918,-0.05072463768115637,0.01160570959898105,-0.11291681518378782,-1.0
57999-05-21 12:00:00,2.0922,-0.037790697674420115,-0.00816822104421347,-0.05452632885258801,-0.6992520253855676
57999-05-31 22:00:00,2.0926,0.0397350993377511,-0.009157412266689624,-0.008609468678658305,-0.022988126833879595
57999-06-11 08:00:00,2.0888,-0.014880952380950607,-0.1205422436983529,-0.3917071677283732,-1.0
57999-06-21 18:00:00,2.0919,-0.01335311572700476,-0.09418060772078689,-0.05755102464268019,-0.5871940483687275
57999-07-02 04:00:00,2.0943,0.037142857142859254,-0.0030231313578786547,0.2009967075923983,0.34129463212296685
57999-07-12 14:00:00,2.0966,0.08938547486033765,0.12106485682195528,0.42241623977743326,1.0
57999-07-23 00:00:00,2.0959,0.04029850746268537,0.17169631059022256,0.3356419760725804,1.0
57999-08-02 10:00:00,2.095,-0.014195583596209482,0.1674200557479705,0.2221787267804194,0.17000793892665292
57999-08-12 20:00:00,2.0915,-0.053623188405800215,0.05289750617062888,-0.14194390105517818,-1.0
57999-08-23 06:00:00,2.0921,0.06939501779359003,-0.005510640777553935,-0.07595918950442238,-0.23916765525304406
57999-09-02 16:00:00,2.0947,0.07986111111110894,0.032537652545024796,0.17586716036731986,0.8915608225024639
57999-09-13 02:00:00,2.0924,-0.04961832061068966,-0.01364173086446814,-0.07381601570496077,-0.26548810344873
57999-09-23 12:00:00,2.0922,-0.04440154440154376,-0.04904035964290927,-0.08943372832881069,-1.0
57999-10-03 22:00:00,2.093,0.024999999999997247,-0.04660908857469915,0.011039412260343107,0.17747538609919944
57999-10-14 08:00:00,2.0926,0.008333333333332416,-0.055414353901587304,-0.019324331418098806,-0.8534585944020276
57999-10-24 18:00:00,2.0943,0.033596837944664615,-0.009553436677418899,0.15787277268563948,-0.12419619029845609
57999-11-04 04:00:00,2.0949,0.1380090497737555,0.03617301925477657,0.21452254588291653,0.5303229377794004
57999-11-14 14:00:00,2.0961,0.1039603960396035,0.0967988779601387,0.35638467159233733,1.0
57999-11-25 00:00:00,2.0981,0.09595959595959647,0.18664890510840104,0.5222680070194623,1.0
57999-12-05 10:00:00,2.1025,0.1347031963470322,0.35953330741923095,0.7217019757801277,1.0
57999-12-15 20:00:00,2.1019,0.13761467889908896,0.4290531913168165,0.5456927007144761,1.0
57999-12-26 06:00:00,2.1042,0.19827586206896186,0.5135693335204825,0.5728402999942945,1.0
58000-01-05 16:00:00,2.1028,0.2677725118483366,0.494194210182417,0.4338116376460873,1.0
58000-01-16 02:00:00,2.1006,0.18722466960352846,0.38630711837120335,0.2679455189053602,0.7700195673202467
58000-01-26 12:00:00,2.0948,0.0019305019305060345,0.1229384919686003,-0.09403261534533786,-0.07645134998485986
58000-02-05 22:00:00,2.0977,0.10000000000000331,0.028859215200292974,0.08289315113292628,0.9494464055855986
58000-02-16 08:00:00,2.1006,0.1438356164383583,0.045753238261022185,0.2419296422469296,1.0
58000-02-26 18:00:00,2.1028,0.16013071895424902,0.11083956932256267,0.33487318177191105,1.0
58000-03-08 04:00:00,2.1027,0.16666666666667151,0.13552514694277085,0.29842633109390193,1.0
58000-03-18 14:00:00,2.1085,0.20639534883721267,0.3050066617154648,0.5320948676001704,1.0
58000-03-29 00:00:00,2.0996,0.05503512880562411,0.12781582022738805,0.05254809365603763,0.7863434598186237
58000-04-08 10:00:00,2.1007,0.05399061032863972,0.03338782247262916,0.0934145762294033,1.0
58000-04-18 20:00:00,2.0917,-0.06451612903226239,-0.29825562643770537,-0.4048666535574741,-0.1681707476361429
58000-04-29 06:00:00,2.0893,-0.13865546218487895,-0.568421034352624,-0.4923190299069755,-1.0
58000-05-09 16:00:00,2.088,-0.1438923395445197,-0.752579298965283,-0.5054110677043842,-1.0
58000-05-20 02:00:00,2.0939,-0.09922928709056228,-0.6619026012445286,-0.222115085010329,-1.0
58000-05-30 12:00:00,2.1005,-0.0201401050788097,-0.38183577305273825,0.07933693342792125,-0.49321591450254026
58000-06-09 22:00:00,2.0945,-0.05008210180624173,-0.36360099790777783,-0.20310571738546246,-0.8414911947963374
58000-06-20 08:00:00,2.0962,0.012323943661970871,-0.2854938156552189,-0.11706074454145954,-0.5695382309281128
58000-06-30 18:00:00,2.0924,-0.045927209705375005,-0.33338275098825887,-0.2679915363286458,-0.8438874413937328
58000-07-11 04:00:00,2.091,-0.08540925266904098,-0.38712061797296987,-0.29924521978066887,-1.0
58000-07-21 14:00:00,2.0941,-0.07618213660245204,-0.3098512591776923,-0.14082345383653289,-0.8913839305028264
58000-08-01 00:00:00,2.0906,-0.10000000000000442,-0.34590849071090607,-0.2748796940338616,-1.0
58000-08-11 10:00:00,2.0928,-0.13796133567662694,-0.2844178246091184,-0.1552680927193375,-0.6533209485157041
58000-08-21 20:00:00,2.0909,-0.08717434869739776,-0.2836929698299232,-0.22982753441588843,-0.8427181492656683
58000-09-01 06:00:00,2.0931,-0.07450980392156525,-0.2011146056082858,-0.1182947053059008,-0.5127740797373891
58000-09-11 16:00:00,2.0963,0.0508849557522123,-0.04199725668530385,0.03821232087694626,-0.33984179402011233
58000-09-22 02:00:00,2.0918,0.026427061310781874,-0.0672630713236703,-0.15242429154159376,-0.4057241338634776
58000-10-02 12:00:00,2.089,0.010245901639343247,-0.15713988176802327,-0.2647278971099535,-0.534854891274965
58000-10-12 22:00:00,2.0869,-0.07777777777778,-0.26207025523445204,-0.3984605991786085,-1.0
58000-10-23 08:00:00,2.0637,-0.29870129870129886,-0.9844598940491586,-0.9279277343827141,-1.0
58000-11-02 18:00:00,2.0565,-0.30254777070063665,-1.0,-0.7790451089805017,-1.0
58000-11-13 04:00:00,2.0607,-0.27182235834609514,-1.0,-0.5500166526608696,-1.0
58000-11-23 14:00:00,2.0653,-0.20499243570348002,-1.0,-0.3999267168246333,-1.0
58000-12-04 00:00:00,2.0602,-0.2206303724928384,-1.0,-0.4301070206416912,-1.0
58000-12-14 10:00:00,2.0617,-0.23753665689149545,-1.0,-0.3579787893303653,-1.0
58000-12-24 20:00:00,2.0662,-0.17630057803468335,-1.0,-0.2571143078391076,-1.0
58001-01-04 06:00:00,2.0741,-0.12483311081441956,-0.5327077287950152,-0.11074536528964657,-0.9606711445347663
58001-01-14 16:00:00,2.0597,-0.17848970251716378,-0.5660352549874867,-0.31757093843690887,-1.0
58001-01-25 02:00:00,2.0649,-0.155973451327434,-0.37582055471852144,-0.20918595648046928,-0.855962533637884
58001-02-04 12:00:00,2.0674,-0.1610925306577461,-0.1331930367820262,-0.14988953407822025,-0.6684632678692976
58001-02-14 22:00:00,2.0615,-0.16630076838638785,-0.11461409685792134,-0.2259675465071127,-0.6827871184774641
58001-02-25 08:00:00,2.0644,-0.13486842105263114,0.01894950174645418,-0.15731617461671166,-0.24416514979524095
58001-03-07 18:00:00,2.0681,-0.10129310344827674,0.2408226858492058,-0.07440039773042728,0.1306367444476426
58001-03-18 04:00:00,2.0716,0.05403556771545981,0.500045703910673,0.00871543783145845,0.29057670779131456
58001-03-28 14:00:00,2.0745,0.13081395348836977,0.7504870875373889,0.09121983693530544,0.5214359833679064
58001-04-08 00:00:00,2.0657,0.03405994550408631,0.6400531907819312,-0.07483820125615565,0.4478808424879754
58001-04-18 10:00:00,2.0576,-0.050065019505853015,0.32813368919060815,-0.2701977490795522,-0.7458856562347279
58001-04-28 20:00:00,2.0394,-0.11555555555555475,-0.388433205744118,-0.6869700940839847,-1.0
58001-05-09 06:00:00,2.0553,-0.030651340996169396,-0.32768543613481926,-0.24837460317712667,-0.8808130012364145
58001-05-19 16:00:00,2.0684,0.009734513274337053,0.13633561732505223,0.1685704841171327,0.9745993988221539
58001-05-30 02:00:00,2.0742,0.00045085662759136724,0.6160163449964335,0.3182203650491896,1.0
58001-06-09 12:00:00,2.0611,0.006386861313869896,0.5288723216911998,-0.09300933190501115,0.2711165224667679
58001-06-19 22:00:00,2.0643,-0.0027881040892211995,0.5642328106610208,0.008945807136578332,0.9478010583497001
58001-06-30 08:00:00,2.0816,0.05800653594771188,1.0,0.46827225292414487,1.0
58001-07-10 18:00:00,2.0833,0.09221658206429784,1.0,0.44332121710133854,1.0
58001-07-21 04:00:00,2.091,0.10813008130081436,1.0,0.5292664629057771,1.0
58001-07-31 14:00:00,2.1,0.12431800467654097,1.0,0.5898192007299969,1.0
58001-08-11 00:00:00,2.1028,0.1222570532915358,1.0,0.5288370332158212,1.0
58001-08-21 10:00:00,2.1021,0.11004784688995362,1.0,0.44386007149224393,1.0
58001-08-31 20:00:00,2.0904,0.09625876851130133,1.0,0.243790231578901,1.0
58001-09-11 06:00:00,2.0827,0.09812353401094764,1.0,0.11566858205659458,0.7525552809854614
58001-09-21 16:00:00,2.0915,0.21983122362869356,1.0,0.2237898570451633,1.0
58001-10-02 02:00:00,2.0906,0.1705314009661847,0.8982848727842445,0.1920522542858193,0.7876777385682621
58001-10-12 12:00:00,2.0931,0.1329386437029082,0.760232475956035,0.20928446435075654,1.0
58001-10-22 22:00:00,2.091,0.09417040358744655,0.5559367032805834,0.16560424332180312,0.7905156859767024
58001-11-02 08:00:00,2.0879,0.169191919191917,0.29045799156829805,0.10722662708788933,0.4179741663370429
58001-11-12 18:00:00,2.0914,0.17044025157232756,0.19198082685498372,0.13874718571366518,0.4198951711755313
58001-11-23 04:00:00,2.0833,0.012091038406827903,-0.13471975957848628,-0.018658967908123103,0.2115196833751544
58001-12-03 14:00:00,2.0831,-0.0014534883720928593,-0.3571012240656017,-0.05608307310971855,0.017972596488164076
58001-12-14 00:00:00,2.0846,-0.05111821086262075,-0.4521469570340203,-0.04392622656831485,0.378572263834857
58001-12-24 10:00:00,2.08,-0.1718213058419225,-0.6389104871846587,-0.16104254933486128,-0.8218238924174446
58002-01-03 20:00:00,2.075,-0.23013245033111912,-0.8835564183143665,-0.34223454360256905,-1.0
58002-01-14 06:00:00,2.0708,-0.2449139280125141,-1.0,-0.510363138203705,-1.0
58002-01-24 16:00:00,2.0682,-0.20255474452554156,-1.0,-0.5071656527595622,-1.0
58002-02-04 02:00:00,2.064,-0.18226120857699313,-1.0,-0.5201550657476859,-1.0
58002-02-14 12:00:00,2.0549,-0.35465116279068754,-1.0,-0.5816964914749261,-1.0
58002-02-24 22:00:00,2.0536,-0.35576923076922057,-1.0,-0.5136702294403472,-1.0
58002-03-07 08:00:00,2.057,-0.34120982986767034,-1.0,-0.405840073973521,-1.0
58002-03-17 18:00:00,2.0546,-0.34210526315788936,-1.0,-0.4051410067287431,-1.0
58002-03-28 04:00:00,2.0405,-0.3691588785046676,-1.0,-0.5396476059207436,-1.0
58002-04-07 14:00:00,2.0502,-0.2926136363636398,-1.0,-0.3446529478031184,-1.0
58002-04-18 00:00:00,2.0505,-0.2619808306709269,-1.0,-0.3066204282930235,-1.0
58002-04-28 10:00:00,2.0459,-0.2776119402985079,-1.0,-0.33653757660631367,-1.0
58002-05-08 20:00:00,2.0476,-0.2752976190476197,-1.0,-0.28444784495849845,-1.0
58002-05-19 06:00:00,2.0443,-0.270864946889228,-0.9224270160257155,-0.3044751661182872,-1.0
58002-05-29 16:00:00,2.043,-0.257234726688104,-0.8000087699834383,-0.2958649289185179,-1.0
58002-06-09 02:00:00,2.0396,-0.25407166123778635,-0.747846442857678,-0.32462793749350827,-1.0
58002-06-19 12:00:00,2.0402,-0.23569023569023728,-0.6243278899378546,-0.2890750723007881,-0.927911098828194
58002-06-29 22:00:00,2.0365,-0.23344651952461876,-0.5862895221983215,-0.32535501970270825,-1.0
58002-07-10 08:00:00,2.0409,-0.1291512915129147,-0.36673327625607166,-0.2344933129583266,-0.928646659988026
58002-07-20 18:00:00,2.0428,-0.09854014598539995,-0.11684204320512767,-0.18298810393789555,-0.3228046660828149
58002-07-31 04:00:00,2.0439,-0.12476190476190852,0.11594492401755745,-0.14200601531427137,0.2218113666131838
58002-08-10 14:00:00,2.0485,-0.05575868372943371,0.42741249402335324,0.004922747864011479,0.53893560952855
58002-08-21 00:00:00,2.0494,0.1072289156626488,0.6632041118346437,0.07191952300592852,0.9871733866111914
58002-08-31 10:00:00,2.0525,0.03295128939828673,0.9017230155553573,0.2397261966142853,1.0
58002-09-10 20:00:00,2.0485,-0.025906735751292653,0.9207449052920327,0.08881737589974914,1.0
58002-09-21 06:00:00,2.05,0.05774647887323714,0.959173769283904,0.16895939193893672,1.0
58002-10-01 16:00:00,2.0451,-0.03229974160206728,0.8192919463664504,-0.03233429892018752,0.9412242095697707
58002-10-12 02:00:00,2.0501,0.07178217821782729,0.8612564550392451,0.2561253147368605,1.0
58002-10-22 12:00:00,2.0505,0.09493670886076,0.8791514955749039,0.2522088797371388,1.0
58002-11-01 22:00:00,2.0522,0.16666666666667052,0.916855303542745,0.332932466167008,1.0
58002-11-12 08:00:00,2.0541,0.17774936061381552,0.9687297294011866,0.4050439111248638,1.0
58002-11-22 18:00:00,2.0572,0.26883116883117153,1.0,0.47883256499182103,1.0
58002-12-03 04:00:00,2.0735,0.32341269841270237,1.0,0.7874239668490877,1.0
58002-12-13 14:00:00,2.0728,0.3048780487804891,1.0,0.5993809748077661,1.0
58002-12-24 00:00:00,2.0775,0.31818181818182123,1.0,0.5755973654902471,1.0
58003-01-03 10:00:00,2.0866,0.3324607329842939,1.0,0.6104428086586393,1.0
58003-01-13 20:00:00,2.0881,0.3341968911917117,1.0,0.5295421817765305,1.0
58003-01-24 06:00:00,2.0941,0.34210526315789624,1.0,0.5288921295813738,1.0
58003-02-03 16:00:00,2.0949,0.4027777777777799,1.0,0.4651687322500082,1.0
58003-02-14 02:00:00,2.1067,0.4175257731958787,1.0,0.5251967791966887,1.0
58003-02-24 12:00:00,2.0955,0.3396226415094312,1.0,0.3440708836660231,1.0
58003-03-06 22:00:00,2.0943,0.3139204545454536,1.0,0.29648438035048075,1.0
58003-03-17 08:00:00,2.0879,0.24476439790575677,1.0,0.19809579442362002,1.0
58003-03-27 18:00:00,2.0762,0.13888888888888862,0.4175948244552189,0.042449032456577385,0.7173126524590446
58003-04-07 04:00:00,2.0673,0.07066381156316826,-0.3997168984805812,-0.08324141098042925,0.05898323442529781
58003-04-17 14:00:00,2.0678,0.058370044052863945,-0.9115432315223224,-0.09188659962584672,0.10983871620982907
58003-04-28 00:00:00,2.0712,-0.014762516046212815,-1.0,-0.06851263089566417,0.1547435569580019
58003-05-08 10:00:00,2.0772,0.026442307692307487,-1.0,-0.0012396035147520523,0.17786968334822698
58003-05-18 20:00:00,2.0652,-0.06795580110497346,-1.0,-0.21139551565777587,-0.08786198721075025
58003-05-29 06:00:00,2.067,-0.11778846153845834,-1.0,-0.2075850840787848,-0.1040013779036403
58003-06-08 16:00:00,2.0636,-0.1439482961222065,-1.0,-0.29102660867046726,-0.48844818213165275
58003-06-19 02:00:00,2.0667,-0.16666666666666674,-1.0,-0.25484814881684714,-0.49554059065628503
58003-06-29 12:00:00,2.0643,-0.1825775656324582,-1.0,-0.2840640135640775,-0.6337458693830421
58003-07-09 22:00:00,2.0701,-0.23521850899742675,-1.0,-0.1701789043295467,-0.6241334602227588
58003-07-20 08:00:00,2.0722,-0.16957787481804698,-0.8331902299149583,-0.12469251344395804,-0.4409997728949304
58003-07-30 18:00:00,2.0707,-0.17101449275362168,-0.6717371369874218,-0.1380536072398132,-0.6803814418841455
58003-08-10 04:00:00,2.0662,-0.16169895678092244,-0.6724978644231746,-0.20154733841344963,-0.8915585386319531
58003-08-20 14:00:00,2.0643,-0.10383944153577684,-0.6976846437146725,-0.21497194759862914,-1.0
58003-08-31 00:00:00,2.0575,-0.08876811594202638,-0.8778866926007198,-0.316119767481591,-1.0
58003-09-10 10:00:00,2.0532,-0.12372881355932219,-1.0,-0.4066182267782318,-1.0
58003-09-20 20:00:00,2.047,-0.19579288025889868,-1.0,-0.5104666869276585,-1.0
58003-10-01 06:00:00,2.0492,-0.24137931034482663,-1.0,-0.4490056196820028,-1.0
58003-10-11 16:00:00,2.0569,-0.07728119180632848,-1.0,-0.2372440645050023,-0.6621881543347207
58003-10-22 02:00:00,2.0557,-0.10640301318267587,-0.8271445419183687,-0.2497657415194362,-0.8710589832275651
58003-11-01 12:00:00,2.0555,-0.08116232464929996,-0.6450673200365908,-0.2330917404548712,-1.0
58003-11-11 22:00:00,2.0545,-0.12761506276150486,-0.5131118694517572,-0.23939075882896438,-1.0
58003-11-22 08:00:00,2.0488,-0.15166340508806003,-0.5551145408038154,-0.36646930507766173,-1.0
58003-12-02 18:00:00,2.0552,-0.14410058027079148,-0.3505095444147902,-0.16111249176522552,-0.7428722109407163
58003-12-13 04:00:00,2.0541,-0.17850098619329247,-0.21955227073349617,-0.1782535793284511,-0.8733675147388689
58003-12-23 14:00:00,2.054,-0.16937119675456358,-0.11201525131081269,-0.1627550359004769,-0.9025388332430682
58004-01-03 00:00:00,2.0527,-0.14642082429500664,-0.05946592139626758,-0.1863820124940639,-1.0
58004-01-13 10:00:00,2.0569,-0.07644628099173173,0.11607817521430457,-0.035216844399910796,-0.6908174065166001
58004-01-23 20:00:00,2.0539,-0.040358744394619006,0.14968794137141017,-0.12007538109167692,-0.8456634249615705
58004-02-03 06:00:00,2.0593,0.06673960612691443,0.3367175255295695,0.08937543456813568,-0.5434682588069749
58004-02-13 16:00:00,2.0621,0.17848699763593057,0.5336620412807024,0.24406976084010057,-0.23453716292127635
58004-02-24 02:00:00,2.0569,0.08498896247240806,0.492438129872608,0.06282144319985394,-0.4885774032931704
58004-03-05 12:00:00,2.0497,-0.08035714285714318,0.24476291348129198,-0.30162552251686503,-0.7850164749799434
58004-03-15 22:00:00,2.0538,-0.019916142557652228,0.20900363599647434,-0.037148576451781545,-0.13142964556633396
58004-03-26 08:00:00,2.0572,0.01669941060903768,0.2870936494441511,0.19632164875583102,0.3982383407494844
58004-04-05 18:00:00,2.0591,0.04440154440154376,0.388136284496145,0.29486091747602206,0.9246256624050001
58004-04-16 04:00:00,2.0508,0.018382352941178626,0.2005096123849081,-0.28894426980694854,-0.14323220092892594
58004-04-26 14:00:00,2.0523,-0.029292929292933256,0.12656129026705532,-0.20390933053542543,0.8390777069084099
58004-05-07 00:00:00,2.0528,-0.013292433537833326,0.09834708587912717,-0.15001525634911883,1.0
58004-05-17 10:00:00,2.0551,0.010763209393347517,0.15244257031936617,0.027918876267849058,1.0
58004-05-27 20:00:00,2.0514,-0.012149532710281297,0.08031312584770456,-0.23389246808028635,1.0
58004-06-07 06:00:00,2.0501,-0.06719367588933034,0.0025191661769617363,-0.30164366655966174,0.3518105345343061
58004-06-17 16:00:00,2.0524,-0.015030060120241329,0.03002623942217407,-0.15947506715711862,1.0
58004-06-28 02:00:00,2.0529,-0.07111111111110902,0.06963401043398725,-0.11206585909209843,1.0
58004-07-08 12:00:00,2.0542,-0.09080459770115434,0.13787549292645696,-0.01367737964959348,1.0
58004-07-18 22:00:00,2.0581,0.014218009478671578,0.29584624452371844,0.2591140625012902,1.0
58004-07-29 08:00:00,2.0636,0.17160493827160817,0.5476706690841885,0.5417203521952314,1.0
58004-08-08 18:00:00,2.0736,0.21336206896552068,0.9748453217643964,0.7753161524944945,1.0
58004-08-19 04:00:00,2.0668,0.09638554216867956,0.9983419191241952,0.41406903801581396,1.0
58004-08-29 14:00:00,2.0636,0.04403131115460135,0.870092873392994,0.2678269446042204,1.0
58004-09-09 00:00:00,2.0615,0.11915367483296324,0.6834883422193222,0.1867336241902091,0.5127341932712219
58004-09-19 10:00:00,2.0584,0.06559139784946233,0.4394267288019986,0.06062461198675895,-0.10205685316577534
58004-09-29 20:00:00,2.0575,0.05010660980810444,0.23517636924335844,0.009868917179867376,-0.683466365928306
58004-10-10 06:00:00,2.0631,0.07968127490039945,0.25523453639347204,0.21827277412714408,-0.009182222964043647
58004-10-20 16:00:00,2.0594,0.07968127490039945,0.14357240015241649,0.06345217080722332,-0.6905052329505302
58004-10-31 02:00:00,2.0564,0.06069364161849766,-0.02474947432321648,-0.05270446342989571,-1.0
58004-11-10 12:00:00,2.0579,0.05381604696673303,-0.08873058633867324,-0.00651387512430851,-0.8379920387050503
58004-11-20 22:00:00,2.0533,0.0036231884057967845,-0.2612990548386072,-0.20353409353139912,-1.0
58004-12-01 08:00:00,2.0593,0.04257095158597801,-0.1837698726250143,0.03768193987441526,-0.8459560277955501
58004-12-11 18:00:00,2.0576,-0.00433275563258384,-0.17724052952036676,-0.041718064630242024,-1.0
58004-12-22 04:00:00,2.0634,-0.0017241379310343197,0.003138959402045051,0.19087046755340153,-0.2798781055071964
58005-01-01 14:00:00,2.0658,-0.07738095238095366,0.18406337225053498,0.27551365737747235,0.22035394038650377
58005-01-12 00:00:00,2.0674,0.006637168141592209,0.33214121516578715,0.3191976918129624,0.8310961628907875
58005-01-22 10:00:00,2.0723,0.09275053304903846,0.5471594659844558,0.48142255142962154,1.0
58005-02-01 20:00:00,2.0638,0.02157598499061919,0.4016048923930179,0.07899628271197201,0.8315743991680067
58005-02-12 06:00:00,2.0655,0.06840077071291406,0.3336392331168054,0.14335457046800737,1.0
58005-02-22 16:00:00,2.0658,0.08089668615984325,0.27635981718929786,0.1510964534944993,1.0
58005-03-05 02:00:00,2.0654,0.024945770065075923,0.20777742034155192,0.1717206341032268,1.0
58005-03-15 12:00:00,2.059,-0.004098360655737376,-0.03939965530138014,-0.15442683285964037,0.8604879892621466
58005-03-25 22:00:00,2.0605,0.04334038054968603,-0.15553728204219686,-0.06395104849004962,1.0
58005-04-05 08:00:00,2.0597,0.019313304721028324,-0.25004149327030406,-0.10244929746954456,0.7857242770145747
58005-04-15 18:00:00,2.0623,0.10089686098654693,-0.2265043024690748,0.02934194482142738,1.0
58005-04-26 04:00:00,2.0607,0.017412935323386947,-0.2519409346214028,-0.0696969796311282,0.5948568461018847
58005-05-06 14:00:00,2.0606,0.03886010362694481,-0.26250779929590135,-0.06827229922120559,0.11754178534404158
58005-05-17 00:00:00,2.0569,-0.08904109589041198,-0.3673814359865294,-0.2644778561302892,-0.3892139638903645
58005-05-27 10:00:00,2.0613,-0.05844155844155563,-0.28927678048977334,-0.03594807449752191,-0.09591454003640204
58005-06-06 20:00:00,2.0628,-0.05989583333333365,-0.1843253132798088,0.0371056106275488,0.07218193453184525
58005-06-17 06:00:00,2.0638,-0.12318840579709922,-0.08218105135224246,0.07456479196446364,0.3278551166597319
58005-06-27 16:00:00,2.061,-0.04861111111111355,-0.09756371098241023,-0.12219221205168407,-0.45263073030313133
58005-07-08 02:00:00,2.0645,-0.016339869281051356,-0.002217799915534319,0.09972808102644803,-0.22092040274319882
58005-07-18 12:00:00,2.0713,0.0741239892183293,0.25358500252125854,0.49838859726270734,1.0
58005-07-28 22:00:00,2.0688,0.0433673469387762,0.32529216983822845,0.3166897351838147,1.0
58005-08-08 08:00:00,2.0712,0.1732954545454516,0.4197273352533459,0.4253191439425805,1.0
58005-08-18 18:00:00,2.0855,0.2604166666666632,0.8688539984848284,0.8392991839708077,1.0
58005-08-29 04:00:00,2.0912,0.2977315689981116,1.0,0.7330124539618568,1.0
58005-09-08 14:00:00,2.078,0.12362204724409243,1.0,0.3174367718134439,1.0
58005-09-19 00:00:00,2.0778,0.13768115942028603,0.847627592731223,0.2845770625216498,1.0
58005-09-29 10:00:00,2.0736,0.09818731117824653,0.5388794454149338,0.16009695999726492,0.723957472097042
58005-10-09 20:00:00,2.0861,0.19466666666666443,0.6662409335758683,0.42543695174638263,1.0
58005-10-20 06:00:00,2.0987,0.2247596153846131,1.0,0.5862412462420012,1.0
58005-10-30 16:00:00,2.0943,0.18292682926829085,1.0,0.42895701642222717,0.4965333864453411
58005-11-10 02:00:00,2.0961,0.18584579976984827,1.0,0.40577436628313235,1.0
58005-11-20 12:00:00,2.1068,0.24156118143459782,1.0,0.5074765812137105,1.0
58005-11-30 22:00:00,2.105,0.2175080558539212,1.0,0.4179908694425065,1.0
58005-12-11 08:00:00,2.094,0.11664953751284635,0.9119485673455396,0.2209017044300282,0.34222000788627954
58005-12-21 18:00:00,2.0953,0.13787721123829288,0.6050746427170551,0.21974032344228,0.6403151937148196
58006-01-01 04:00:00,2.094,0.11999999999999822,0.309945435621465,0.1777699437772371,0.08026732218387998
58006-01-11 14:00:00,2.0921,0.03995157384987713,0.019479139800075672,0.12594827631421257,-0.26564179416489003
58006-01-22 00:00:00,2.1027,0.0657142857142845,0.11093409508248332,0.29920311420229007,0.03756598131287474
58006-02-01 10:00:00,2.1055,0.17833981841764113,0.20970145772370224,0.3287125277104114,0.4743829917515843
58006-02-11 20:00:00,2.1079,0.18978562421185396,0.2957544735622509,0.34352044127153925,0.8334110886362601
58006-02-22 06:00:00,2.1066,0.215968586387434,0.26096363208962436,0.2962835973354363,0.19981785875815922
58006-03-04 16:00:00,2.1084,0.1697108066971077,0.24188564946665947,0.31598794477220904,0.6315381874874023
58006-03-15 02:00:00,2.1125,0.12062937062936918,0.30004717504542494,0.3656342642946946,0.8680772822235369
58006-03-25 12:00:00,2.1216,0.22051696284329436,0.548414657444565,0.4815473053085143,1.0
58006-04-04 22:00:00,2.1397,0.2787723785166236,1.0,0.6633269797763186,1.0
58006-04-15 08:00:00,2.1441,0.259388038942976,1.0,0.6043091286247515,1.0
58006-04-25 18:00:00,2.1404,0.23983739837398343,1.0,0.4907414503097961,1.0
58006-05-06 04:00:00,2.1266,0.2127937336814607,1.0,0.2585277762404721,0.6755542430401088
58006-05-16 14:00:00,2.1329,0.23039215686274328,0.8293339100444228,0.31730143131956,1.0
58006-05-27 00:00:00,2.1301,0.2172081829121556,0.4952574772243384,0.24982932836967775,0.5181698308697614
58006-06-06 10:00:00,2.1295,0.2286063569682174,0.18860986869632343,0.21797101283746967,0.2361953876758183
58006-06-16 20:00:00,2.1244,0.1422018348623859,-0.21617465868955485,0.12923269198891008,0.03669948728178529
58006-06-27 06:00:00,2.1206,0.09767141009055591,-0.6229204305676758,0.06205601266026051,-0.2471009265692476
58006-07-07 16:00:00,2.161,0.23026886383347855,0.2783010197634286,0.5535229553441816,1.0
58006-07-18 02:00:00,2.1594,0.2283737024221476,0.7290303875917736,0.4628730554368601,0.5532832550526159
58006-07-28 12:00:00,2.1694,0.24636510500807873,1.0,0.5077314557823494,1.0
58006-08-07 22:00:00,2.1746,0.24859887910328415,1.0,0.4988016860902693,1.0
58006-08-18 08:00:00,2.1794,0.23963515754560627,1.0,0.4777779296077893,1.0
58006-08-28 18:00:00,2.1654,0.11030042918455052,1.0,0.2973411679289921,1.0
58006-09-08 04:00:00,2.1585,0.06050420168067372,0.7025320741119103,0.20185798224884377,0.7723275718644017
58006-09-18 14:00:00,2.1655,0.10261651676206174,0.41755090827719904,0.2556925963983394,1.0
58006-09-29 00:00:00,2.1622,0.1592128801431142,0.050552767314790775,0.19824597065598115,0.686614948005106
58006-10-09 10:00:00,2.1619,0.1370510396975455,-0.2614126831577293,0.17563920170217318,0.38792752421048865
58006-10-19 20:00:00,2.1737,0.1898954703832767,-0.16976097191861306,0.2993974482183327,0.7462114553677881
58006-10-30 06:00:00,2.167,0.1550868486352346,-0.3679955851207273,0.19189126909730803,0.29076093176777357
58006-11-09 16:00:00,2.1728,0.19901315789473695,-0.3728785057309142,0.24360496140737464,0.6965393148055857
58006-11-20 02:00:00,2.1689,0.19843878389482228,-0.5377879455878943,0.1753381504085879,0.3358710325060644
58006-11-30 12:00:00,2.1669,0.03541416566626676,-0.7378282766736423,0.1310528151378738,-0.06469935314592076
58006-12-10 22:00:00,2.1749,0.08639910813823759,-0.6566668233048657,0.2170024521485947,0.6033331098450982
58006-12-21 08:00:00,2.1803,0.06404230317273729,-0.4776852710912768,0.2693026608269149,1.0
58006-12-31 18:00:00,2.1763,0.010131108462455574,-0.5192756027425148,0.19406375269408882,0.23430734440495832
58007-01-11 04:00:00,2.1762,-0.020202020202017945,-0.5822416636315701,0.18561155607421975,-0.33306914498881923
58007-01-21 14:00:00,2.1714,0.04285714285714437,-0.7907727156898018,0.0793020992502278,-1.0
58007-02-01 00:00:00,2.1742,0.11911987860394391,-0.8566068990135453,0.16481594083403128,-0.64737445026749
58007-02-11 10:00:00,2.1676,0.016030534351144987,-1.0,-0.11492537803170227,-1.0
58007-02-21 20:00:00,2.1782,0.10989010989011139,-0.9418612628901415,0.2968040385699997,-0.5288156907490641
58007-03-04 06:00:00,2.1838,0.1402048655569792,-0.6811053755511303,0.458345126062754,0.2660173643356722
58007-03-14 16:00:00,2.1733,-0.002604166666669294,-0.837487806366837,0.0891266557575886,-0.6060028101743529
58007-03-25 02:00:00,2.1745,0.052594670406734156,-0.9046857651375007,0.11900290152921322,0.3360710011830611
58007-04-04 12:00:00,2.1669,-0.04035567715458299,-1.0,-0.20994928314408318,-0.5349899553721646
58007-04-14 22:00:00,2.1628,-0.041609822646657746,-1.0,-0.3675958252755257,-1.0
58007-04-25 08:00:00,2.1598,-0.04777927321668857,-1.0,-0.4697333452147567,-1.0
58007-05-05 18:00:00,2.1561,-0.13428571428571567,-1.0,-0.5545857885205024,-1.0
58007-05-16 04:00:00,2.1537,-0.19850746268656594,-1.0,-0.5275605624508747,-1.0
58007-05-26 14:00:00,2.1527,-0.1843750000000003,-1.0,-0.4808207205824408,-1.0
58007-06-06 00:00:00,2.1465,-0.21184022824536397,-1.0,-0.537021441667653,-1.0
58007-06-16 10:00:00,2.1393,-0.2213793103448286,-1.0,-0.5716879087872768,-1.0
58007-06-26 20:00:00,2.1446,-0.19733333333333064,-1.0,-0.4050672765855521,-1.0
58007-07-07 06:00:00,2.1489,-0.12861072902338527,-1.0,-0.2901210783303302,-1.0
58007-07-17 16:00:00,2.1516,-0.20524691358024072,-1.0,-0.2168118635938478,-0.7998799854248239
58007-07-28 02:00:00,2.1453,-0.2938931297709877,-1.0,-0.30389916738907,-0.9496254701172484
58007-08-07 12:00:00,2.1436,-0.26190476190475565,-1.0,-0.3032788955299944,-1.0
58007-08-17 22:00:00,2.1484,-0.21641791044776043,-0.9708313301940478,-0.19244509425639894,-0.8655784206853332
58007-08-28 08:00:00,2.1499,-0.1568265682656811,-0.6955744963477661,-0.14555775558810957,-0.5562165539917481
58007-09-07 18:00:00,2.1489,-0.13600782778864895,-0.5063043956113417,-0.14801479096559006,-0.6147136688193905
58007-09-18 04:00:00,2.1457,-0.1374269005847944,-0.44372866386440235,-0.19220818586643884,-0.7172063199542892
58007-09-28 14:00:00,2.1423,-0.13529411764705657,-0.46865254483762664,-0.26093491770007216,-0.7891152715228616
58007-10-09 00:00:00,2.1532,-0.004201680672270336,-0.12983893304948665,0.041806032203854704,-0.4133626243852936
58007-10-19 10:00:00,2.1482,-0.035433070866139726,-0.0432812843582153,-0.07984897434952198,-0.6327086389471966
58007-10-29 20:00:00,2.1496,0.02640545144803985,0.0670023123065602,0.0019505442351404056,-0.3665440670136119
58007-11-09 06:00:00,2.147,0.07116451016635683,0.06980169656516969,-0.09060331756636092,-0.5438577892052552
58007-11-19 16:00:00,2.1481,0.035070140280559436,0.1126158437645529,-0.004854712084363555,-0.09480938640563352
58007-11-30 02:00:00,2.1359,-0.11245674740484285,-0.2090911391736518,-0.6217694326740015,-0.7860661556585588
58007-12-10 12:00:00,2.1389,-0.10929432013769491,-0.29953130823133917,-0.4077701011564013,0.02354166841855128
58007-12-20 22:00:00,2.1354,-0.08951175406871648,-0.4287786804070733,-0.5096869278731619,-0.19981554567786894
58007-12-31 08:00:00,2.1275,-0.130894308943091,-0.7026603599384663,-0.6679089604046067,-1.0
58008-01-10 18:00:00,2.1275,-0.18430335097001815,-0.8213052828984995,-0.5590789211399025,-1.0
58008-01-21 04:00:00,2.1227,-0.2266666666666674,-0.9742647905932583,-0.5753924502598362,-1.0
58008-01-31 14:00:00,2.1156,-0.25189107413010475,-1.0,-0.6068856102128565,-1.0
58008-02-11 00:00:00,2.12,-0.19093610698365593,-1.0,-0.43612988717898155,-1.0
58008-02-21 10:00:00,2.1224,-0.15007541478129993,-0.9375411231277054,-0.34100513095066587,-1.0
58008-03-02 20:00:00,2.1233,-0.26554174067495695,-0.7100270752094756,-0.29055641660001574,-0.4046883537509748
58008-03-13 06:00:00,2.1253,-0.21482176360225014,-0.4426257586258611,-0.22593443987289102,-0.05945809686687081
58008-03-23 16:00:00,2.1209,-0.25488454706927033,-0.3495066068291956,-0.2854323036580019,-0.3957414551614361
58008-04-03 02:00:00,2.1284,-0.1519607843137213,-0.023355883228861746,-0.11543132826739555,0.2581989655129274
58008-04-13 12:00:00,2.1234,-0.1897081413210407,0.06799408556594722,-0.19905216348988392,-0.5306773641591803
58008-04-23 22:00:00,2.116,-0.1650082918739601,-0.06262092854421986,-0.3188643493004881,-1.0
58008-05-04 08:00:00,2.1335,-0.036096256684490624,0.399352561157444,0.068537268375235,0.01722527790492044
58008-05-14 18:00:00,2.1389,0.022816166883962263,0.8554472450512646,0.21341637022114024,1.0
58008-05-25 04:00:00,2.1457,0.1203703703703709,1.0,0.3949359072435068,1.0
58008-06-04 14:00:00,2.1598,0.18004459308807141,1.0,0.6374940505029869,1.0
58008-06-15 00:00:00,2.1684,0.2443850267379668,1.0,0.6684991891016727,1.0
58008-06-25 10:00:00,2.1672,0.2945205479452,1.0,0.5355838423668724,1.0
58008-07-05 20:00:00,2.1473,0.13239573229873747,1.0,0.21336921156062516,1.0
58008-07-16 06:00:00,2.1563,0.15451230628988033,1.0,0.3204770657967415,1.0
58008-07-26 16:00:00,2.1704,0.1916192026037412,1.0,0.45135471198930943,1.0
58008-08-06 02:00:00,2.166,0.1624102154828393,1.0,0.34875435912156494,1.0
58008-08-16 12:00:00,2.167,0.18908941755537312,1.0,0.32337504809641204,1.0
58008-08-26 22:00:00,2.1601,0.13066776586974405,1.0,0.21584076496858795,0.8812137772758996
58008-09-06 08:00:00,2.1652,0.17215815485996644,1.0,0.25411585105757595,0.9943404377566281
58008-09-16 18:00:00,2.1596,0.18227424749163956,0.8290604000853179,0.16336557312912836,0.6523643807330873
58008-09-27 04:00:00,2.1475,0.0612959719789834,0.17551685677479265,-0.011586301305368751,0.18264292674650048
58008-10-07 14:00:00,2.1387,-0.0008503401360542839,-0.522135253826513,-0.14672239192176412,-0.1559349952060704
58008-10-18 00:00:00,2.1418,-0.01712028094820134,-0.8633185117270904,-0.12593031360657037,0.05821419623393846
58008-10-28 10:00:00,2.1509,-0.04086317722681421,-0.7865891058975755,-0.004571586087303681,0.30609244041874434
58008-11-07 20:00:00,2.1285,-0.16259168704156596,-1.0,-0.37873981880939844,-0.25208201786345846
58008-11-18 06:00:00,2.14,-0.1022556390977431,-1.0,-0.24339595471361425,-0.10744124884412569
58008-11-28 16:00:00,2.1452,-0.00887573964497046,-1.0,-0.1628197984874145,0.16654430700208678
58008-12-09 02:00:00,2.1617,0.021462639109698922,-0.43945569515526295,0.15310977495825995,1.0
58008-12-19 12:00:00,2.155,-0.06503378378378372,-0.1982409212873754,0.0036011248377780802,0.4248271845772675
58008-12-29 22:00:00,2.1462,-0.08061889250814308,-0.30037810932500003,-0.16713114794603567,-0.0015220653884407105
58009-01-09 08:00:00,2.1553,-0.044690603514131955,-0.09069788764132941,0.03952454434606878,1.0
58009-01-19 18:00:00,2.1432,-0.06208670095517854,-0.3133940681101169,-0.20375899570687578,0.590409649624702
58009-01-30 04:00:00,2.1461,-0.07132188200149292,-0.35812744785924,-0.1370586019859294,1.0
58009-02-09 14:00:00,2.1495,-0.0383447228549732,-0.27360329715551573,-0.05363350627287167,1.0
58009-02-20 00:00:00,2.1447,-0.011254019292605055,-0.3505338232325907,-0.1424414753630474,1.0
58009-03-02 10:00:00,2.1518,0.053382233088834385,-0.17747613019187422,0.04881868629195685,1.0
58009-03-12 20:00:00,2.1497,0.03245686113393642,-0.12416692924921717,0.018764640371892294,1.0
58009-03-23 06:00:00,2.1477,-0.013961605584642434,-0.14551478767571335,-0.02110400003842322,0.7913085773398145
58009-04-02 16:00:00,2.1439,0.08020833333333255,-0.26459504445572657,-0.11445089496274063,0.4100274671258904
58009-04-13 02:00:00,2.1406,0.003416856492026832,-0.4235339735789751,-0.20436516873142418,0.10649510096390052
58009-04-23 12:00:00,2.1338,-0.06375838926174454,-0.7000269500982494,-0.3906604049979946,-0.6138080433223939
58009-05-03 22:00:00,2.1358,-0.1728971962616795,-0.7779841275361244,-0.3134989517044054,-0.23412575450072962
58009-05-14 08:00:00,2.1428,-0.08111702127659498,-0.5801165641905944,-0.09074757210432588,0.12883348569509145
58009-05-24 18:00:00,2.1337,-0.08278145695364025,-0.6870131360012803,-0.3414185628758887,-0.3081603858030728
58009-06-04 04:00:00,2.1375,-0.12678062678062496,-0.6023020025993248,-0.2617366155225789,-0.21954122255343753
58009-06-14 14:00:00,2.1394,-0.031666666666666565,-0.455862879080446,-0.1955927619947334,0.13396684029066525
58009-06-25 00:00:00,2.1433,-0.02295081967213214,-0.21916081597075468,-0.06030622804084418,0.5149125193065528
58009-07-05 10:00:00,2.1345,-0.11295180722891618,-0.3074298556479742,-0.34698420315423706,-0.4313252300131497
58009-07-15 20:00:00,2.1349,-0.0790322580645148,-0.326287784538772,-0.30711641429744896,0.37193708503199086
58009-07-26 06:00:00,2.1327,-0.16725043782837518,-0.3755817251387323,-0.3494776338853859,-0.3576206021302627
58009-08-05 16:00:00,2.1336,-0.1440071556350651,-0.3502858287065393,-0.2986595535025758,0.1944466712496166
58009-08-16 02:00:00,2.1241,-0.18611987381703615,-0.5814613114565433,-0.5530409111281323,-0.5643676045307059
58009-08-26 12:00:00,2.1224,-0.17536704730832114,-0.7329228445822882,-0.5108463964163276,-1.0
58009-09-05 22:00:00,2.1192,-0.17483660130719003,-0.868468831418815,-0.5177910485736257,-1.0
58009-09-16 08:00:00,2.1181,-0.14144144144144133,-0.923833162632409,-0.46823331953312564,-1.0
58009-09-26 18:00:00,2.119,-0.15441176470588358,-0.8657226847245749,-0.40357669998645485,-1.0
58009-10-07 04:00:00,2.1125,-0.28107606679035213,-0.9529407359835492,-0.5012200498269931,-1.0
58009-10-17 14:00:00,2.1048,-0.2752380952380955,-1.0,-0.5765868790451288,-1.0
58009-10-28 00:00:00,2.1035,-0.34000000000000086,-1.0,-0.5125638760764991,-1.0
58009-11-07 10:00:00,2.0865,-0.406298003072197,-1.0,-0.6549823634285299,-1.0
58009-11-17 20:00:00,2.0869,-0.45779220779220536,-1.0,-0.5316718767169101,-1.0
58009-11-28 06:00:00,2.0884,-0.42449355432780506,-1.0,-0.4391645563746267,-1.0
58009-12-08 16:00:00,2.0963,-0.3122977346278317,-1.0,-0.3005726483411867,-0.8253036018487858
58009-12-19 02:00:00,2.0972,-0.29338842975206403,-0.9525056001954768,-0.2605902910242418,-0.4293697609489152
58009-12-29 12:00:00,2.1007,-0.26069730586371,-0.505481527893835,-0.19289400910297122,-0.1512264151035162
58010-01-08 22:00:00,2.1022,-0.19872958257713308,-0.10884198780955634,-0.1534337930001316,0.14285105457165015
58010-01-19 08:00:00,2.099,-0.2067137809187264,0.09887814670667687,-0.18025390442164196,-0.008091059858590993
58010-01-29 18:00:00,2.0979,-0.19541284403669806,0.23819400059486795,-0.17730155253266683,-0.12775150697618828
58010-02-09 04:00:00,2.1019,-0.14111498257839744,0.47522636837837684,-0.09411308516117645,0.2319611768311354
58010-02-19 14:00:00,2.0993,-0.16666666666666913,0.5679017809271383,-0.12018740236972192,0.08369423803817742
58010-03-02 00:00:00,2.0966,-0.14376130198914966,0.561033958876578,-0.15515216591740028,-0.06375032797536884
58010-03-12 10:00:00,2.0957,-0.09381443298969233,0.5432452260938633,-0.1561429435742851,-0.7122644876578721
58010-03-22 20:00:00,2.0909,-0.1211538461538465,0.40479514071263584,-0.25005547598281963,-0.9450972652490939
58010-04-02 06:00:00,2.0913,0.06779661016949101,0.34839961114638096,-0.22252124590421635,-0.5369761840977771
58010-04-12 16:00:00,2.0933,0.08648648648648904,0.39216504786683026,-0.1511397085181418,-0.13054670164320017
58010-04-23 02:00:00,2.1012,0.1474654377880188,0.6672426525428645,0.1495100145130135,0.2724318408720275
58010-05-03 12:00:00,2.1034,0.09416445623342595,0.9054612054036755,0.2894551414291817,0.742224904998322
58010-05-13 22:00:00,2.1012,0.0512820512820511,0.9779623408151555,0.20802042715761881,0.3393445940368007
58010-05-24 08:00:00,2.0985,-0.02879581151832128,0.9260127540386676,0.09953300418545952,-0.09126290168170657
58010-06-03 18:00:00,2.0963,-0.07583547557840559,0.8112252305016295,-0.03261480425232283,-0.8392260621982566
58010-06-14 04:00:00,2.0992,0.00259067357512921,0.8096575622032411,0.10319158846172438,-0.6196489802956299
58010-06-24 14:00:00,2.104,0.07210401891252793,0.9325907900941034,0.38534614410129875,-0.26660449595319885
58010-07-05 00:00:00,2.0981,-0.04298642533936592,0.8135620869218898,-0.020122136779187783,-1.0
58010-07-15 10:00:00,2.1037,0.04661016949152452,0.8819727398481656,0.324412359609458,-0.23349963534180668
58010-07-25 20:00:00,2.1174,0.17869415807559863,1.0,0.7867647447531476,1.0
58010-08-05 06:00:00,2.1171,0.18576388888889062,1.0,0.6100289511444876,0.5602893682920342
58010-08-15 16:00:00,2.1132,0.196649029982361,1.0,0.4089187647944247,-0.015175754206573307
58010-08-26 02:00:00,2.1105,0.16271186440677898,1.0,0.2875069256235624,-0.7539432404559189
58010-09-05 12:00:00,2.1133,0.1672240802675572,1.0,0.34084764675980883,0.17716095146539046
58010-09-15 22:00:00,2.1156,0.13284132841328422,1.0,0.3643335116893017,0.765855988645673
58010-09-26 08:00:00,2.1218,0.15807560137456766,1.0,0.46371819545503556,1.0
58010-10-06 18:00:00,2.1196,0.15807560137457277,1.0,0.36004111953494033,1.0
58010-10-17 04:00:00,2.1136,0.12276422764227535,0.8855368193754104,0.18716071782733512,0.1538985251262948
58010-10-27 14:00:00,2.112,0.1288998357963903,0.6112322211621002,0.12548431724497833,-0.4452698019377745
58010-11-07 00:00:00,2.1142,0.12458471760797252,0.4651879551985504,0.17020944235136948,0.16474293997370243
58010-11-17 10:00:00,2.1091,0.04214876033058024,0.19366168440055861,0.000316807703081623,-0.4330324286596121
58010-11-27 20:00:00,2.1131,0.12798634812287046,0.12213645371404579,0.11268491548819948,0.15303100334953892
58010-12-08 06:00:00,2.1181,0.12413793103448667,0.2085444015923714,0.2467595316380058,0.7653860788084493
58010-12-18 16:00:00,2.1164,-0.010869565217390353,0.19393130577415085,0.17283140644478767,-0.3585320246660946
58010-12-29 02:00:00,2.1241,0.06554307116104685,0.38991407019509056,0.4077732659456976,0.378843945106864
58011-01-08 12:00:00,2.1213,0.07743785850860863,0.40112611252292396,0.2895909442942892,-0.7726987393793966
58011-01-18 22:00:00,2.1293,0.16319444444444997,0.6093627297435382,0.5149752774210816,0.901320385740212
58011-01-29 08:00:00,2.1281,0.13214285714285756,0.6610167664834043,0.4608788876096602,-0.7959489527263913
58011-02-08 18:00:00,2.1209,0.04351395730705854,0.43568166927623764,0.15668755996370876,-1.0
58011-02-19 04:00:00,2.0958,-0.1629072681704274,-0.4734303643960312,-0.6994761518305104,-1.0
58011-03-01 14:00:00,2.0967,-0.1458598726114697,-1.0,-0.5445933616690245,-0.5030879049290358
58011-03-12 00:00:00,2.0999,-0.0904887714663164,-1.0,-0.4004753773854136,1.0
58011-03-22 10:00:00,2.0881,-0.13911525029103955,-1.0,-0.580973406737131,-0.693209982755745
58011-04-01 20:00:00,2.0837,-0.17309875141884407,-1.0,-0.5529533136291801,-1.0
58011-04-12 06:00:00,2.0956,-0.07112750263435258,-1.0,-0.29062557238450726,1.0
58011-04-22 16:00:00,2.0914,-0.11409043112513229,-1.0,-0.3300881149228977,0.1838244456950373
58011-05-03 02:00:00,2.0877,-0.16204690831556634,-1.0,-0.35272665672837494,-0.6581116030490513
58011-05-13 12:00:00,2.0922,-0.12525879917184263,-1.0,-0.24963683422352617,0.26819222340531007
58011-05-23 22:00:00,2.0919,-0.18049327354260014,-0.9945911914308859,-0.23266140874877977,-0.30022041610802713
58011-06-03 08:00:00,2.0854,-0.1932185145317547,-0.9722003717508495,-0.30604470172868936,-0.9803161428663307
58011-06-13 18:00:00,2.0902,-0.2179487179487185,-0.7498290229036909,-0.21000495225496524,-0.5374657370919832
58011-06-24 04:00:00,2.0958,-0.17162592986184705,-0.3887775708303425,-0.10843347564500727,0.03200239554579062
58011-07-04 14:00:00,2.0813,-0.1952662721893466,-0.5438615419193331,-0.3046779271377331,-0.7712240716626068
58011-07-15 00:00:00,2.0748,-0.126811594202897,-0.7802374350415756,-0.3611626180461448,-1.0
58011-07-25 10:00:00,2.0776,-0.1127508854781567,-0.7827166672072636,-0.2925110795701916,-0.8839531412366834
58011-08-04 20:00:00,2.0703,-0.16666666666666502,-0.9306436408589026,-0.36913779911903644,-1.0
58011-08-15 06:00:00,2.0705,-0.11398963730569783,-0.9415689581673267,-0.3540291195506083,-1.0
58011-08-25 16:00:00,2.0668,-0.11045751633986689,-0.9774162284749489,-0.4219744475711559,-1.0
58011-09-05 02:00:00,2.0627,-0.23944687045123758,-1.0,-0.5029291067467054,-1.0
58011-09-15 12:00:00,2.0584,-0.23982558139535015,-1.0,-0.50467610769152,-1.0
58011-09-25 22:00:00,2.0658,-0.15103448275862036,-0.846574781093263,-0.31799498803594717,-1.0
58011-10-06 08:00:00,2.0677,-0.17525035765379227,-0.543215260186402,-0.25590093777086315,-1.0
58011-10-16 18:00:00,2.0596,-0.2078507078507073,-0.5207324264781469,-0.37538031045085546,-1.0
58011-10-27 04:00:00,2.0609,-0.1689655172413781,-0.4006995322115073,-0.3137637084775455,-0.8603933780574153
58011-11-06 14:00:00,2.0615,-0.21010248901903222,-0.24527691015299688,-0.27579752455531714,-0.2779002638056426
58011-11-17 00:00:00,2.0678,-0.20289855072463936,0.09063906656596435,-0.13448165066437007,0.032162346356250586
58011-11-27 10:00:00,2.0729,-0.07046979865771824,0.486942560881495,-0.016835362599383064,0.3714896888981326
58011-12-07 20:00:00,2.0715,-0.03027522935780097,0.7100265794753328,-0.026264822452126746,0.2625902301394767
58011-12-18 06:00:00,2.0743,-0.030275229357796585,0.9334695370144049,0.06156542486383576,0.6896841405807053
58011-12-28 16:00:00,2.071,0.006930693069308269,0.9657543000300759,-0.001808628010532387,0.21936276311107492
58012-01-08 02:00:00,2.076,0.04972875226039808,1.0,0.1626924659127067,0.5398825506752246
58012-01-18 12:00:00,2.0776,0.10150375939849277,1.0,0.3109499631254993,1.0
58012-01-28 22:00:00,2.0753,0.12256809338521313,1.0,0.25191022547800956,0.9365942882493277
58012-02-08 08:00:00,2.079,0.20275590551181422,1.0,0.37808419997166,1.0
58012-02-18 18:00:00,2.0762,0.11255411255411407,1.0,0.27481411729426497,0.9792803840231591
58012-02-29 04:00:00,2.0753,0.0840707964601769,1.0,0.2240821882524665,0.6739741770805037
58012-03-10 14:00:00,2.0789,0.23710073710073187,1.0,0.3307101067218504,0.8322966815842531
58012-03-21 00:00:00,2.0776,0.2051597051596985,0.9541643720851988,0.25643263714734255,0.47256191350702026
58012-03-31 10:00:00,2.0805,0.22093023255813282,0.9529545163314519,0.32489365912822976,0.749756056464129
58012-04-10 20:00:00,2.0851,0.20944309927360383,1.0,0.4452675875577887,1.0
58012-04-21 06:00:00,2.0821,0.1173469387755055,0.9760124880059872,0.30361994738407494,0.7348144742218526
58012-05-01 16:00:00,2.0773,0.068075117370894,0.747458303554309,0.11788515164606383,0.12329640304859778
58012-05-12 02:00:00,2.0805,0.0720930232558109,0.6641853967120391,0.21897854475903555,0.3316798008340966
58012-05-22 12:00:00,2.0797,0.10740740740740318,0.5584022538651974,0.1741327043359545,-0.24961470056504012
58012-06-01 22:00:00,2.0773,0.01715039577836519,0.39621425994177617,0.031081089288550245,-0.9214241908989518
58012-06-12 08:00:00,2.07,-0.08715596330275183,0.06365591778530158,-0.4508794984849547,-1.0
58012-06-22 18:00:00,2.075,-0.0032397408207315848,-0.0004038433972338493,-0.13432960694104257,-0.4847853384079297
58012-07-03 04:00:00,2.0689,-0.10369609856262696,-0.2158837332204739,-0.5012692726121594,-1.0
58012-07-13 14:00:00,2.0756,-0.005703422053231211,-0.14193507798622712,-0.08521259822424643,-0.3110446729639128
58012-07-24 00:00:00,2.0789,0.03272727272727305,0.01091073593876886,0.10518359303561287,0.4909096257734142
58012-08-03 10:00:00,2.0717,-0.061433447098976746,-0.10043523144288437,-0.34697238876783154,-0.516992021357319
58012-08-13 20:00:00,2.0672,-0.08414239482200464,-0.29272131598491724,-0.5235764954258844,-1.0
58012-08-24 06:00:00,2.0646,-0.129268292682925,-0.4696918945550002,-0.5481964118591367,-1.0
58012-09-03 16:00:00,2.067,-0.1526138279932549,-0.4811888767560892,-0.3811752761057492,-1.0
58012-09-14 02:00:00,2.0665,-0.13732394366197243,-0.4716761790659119,-0.35948621255022717,-1.0
58012-09-24 12:00:00,2.0609,-0.14236111111111116,-0.5968556983143,-0.4996982024170226,-1.0
58012-10-04 22:00:00,2.0636,-0.14798598949211594,-0.5569611928393624,-0.35375386736613823,-1.0
58012-10-15 08:00:00,2.0659,-0.11774744027303558,-0.42606551703796824,-0.2461915887268442,-0.6697108140622591
58012-10-25 18:00:00,2.0657,-0.10283687943262376,-0.3167860092548499,-0.22920133875900134,-1.0
58012-11-05 04:00:00,2.0707,0.006469500924215721,-0.07471410801179867,-0.029602157224264014,0.25852178061385034
58012-11-15 14:00:00,2.0721,-0.028712871287132402,0.1332908772555208,0.04876903980859615,1.0
58012-11-26 00:00:00,2.0691,0.002109704641349963,0.18067227923609647,-0.06352766530796394,0.5453594416972918
58012-12-06 10:00:00,2.0711,-0.05269320843091646,0.27000885189317836,0.04940314272312152,1.0
58012-12-16 20:00:00,2.0748,-0.047563805104406276,0.42982255429227934,0.2582936123085221,1.0
58012-12-27 06:00:00,2.0736,0.02560646900269581,0.4818366148179691,0.21619966886505027,0.8113980025125962
58013-01-06 16:00:00,2.0745,0.10895522388059464,0.5235802209258812,0.2462437030689386,1.0
58013-01-17 02:00:00,2.0735,0.13949843260188377,0.5002048131760145,0.200233870157979,-0.010371417355771606
58013-01-27 12:00:00,2.0709,0.060747663551399045,0.38953089195398105,0.054299741759788356,-0.6744342423123958
58013-02-06 22:00:00,2.0737,0.10465116279069975,0.38622248649058505,0.21560730374147585,-0.02410892863839015
58013-02-17 08:00:00,2.0798,0.2707736389684807,0.5455493630201649,0.5385935454229775,0.8215436396360217
58013-02-27 18:00:00,2.077,0.1914285714285685,0.5381800807643224,0.35314129470128297,0.38570632137156663
58013-03-10 04:00:00,2.0761,0.1517857142857093,0.4807886422667143,0.2771072147784792,-0.02572999233647532
58013-03-20 14:00:00,2.0748,0.1311239193083591,0.38231490312349997,0.1912635915523988,-0.6514171464194441
58013-03-31 00:00:00,2.0722,0.02321981424148678,0.2245454615149446,0.04565129883075669,-1.0
58013-04-10 10:00:00,2.0697,-0.03592814371257064,0.04027990307143648,-0.09547197003636237,-1.0
58013-04-20 20:00:00,2.0691,0.0,-0.09572513112029483,-0.17428965953493325,-1.0
58013-05-01 06:00:00,2.067,-0.06591639871382093,-0.23779157438803986,-0.34232484018386267,-1.0
58013-05-11 16:00:00,2.0661,-0.15371024734982242,-0.34074149360155914,-0.40572754008725087,-1.0
58013-05-22 02:00:00,2.0652,-0.14999999999999686,-0.41300050968031615,-0.45928480319222814,-1.0
58013-06-01 12:00:00,2.063,-0.1962457337883926,-0.49913070897227046,-0.5111391927662157,-1.0
58013-06-11 22:00:00,2.0615,-0.20134228187919306,-0.5679286770212515,-0.5012361601732134,-1.0
58013-06-22 08:00:00,2.0599,-0.1909722222222217,-0.6238727412237042,-0.4976773291487619,-1.0
58013-07-02 18:00:00,2.0639,-0.1633333333333361,-0.5044159116000456,-0.2854451998622857,-1.0
58013-07-13 04:00:00,2.0614,-0.3484848484848496,-0.4693181355362514,-0.3523715691956787,-1.0
58013-07-23 14:00:00,2.0652,-0.21532846715328446,-0.3045017760049282,-0.1719411440149356,-1.0
58013-08-03 00:00:00,2.0654,-0.2003745318352051,-0.17110534127125557,-0.1459173858283837,-0.7879122295688826
58013-08-13 10:00:00,2.0648,-0.19230769230769496,-0.08728942789829865,-0.1543335441029589,-1.0
58013-08-23 20:00:00,2.0625,-0.18871595330739338,-0.08822346031514759,-0.2319965055796155,-1.0
58013-09-03 06:00:00,2.0628,-0.14680851063829392,-0.06635328334964376,-0.1978292475060588,-0.8687427358111283
58013-09-13 16:00:00,2.0619,-0.15126050420167958,-0.06611147302079882,-0.22451302083919283,-1.0
58013-09-24 02:00:00,2.0615,-0.12443438914027027,-0.0647352464717032,-0.23026853490348553,-1.0
58013-10-04 12:00:00,2.0578,-0.16666666666666674,-0.15862009298267984,-0.417392487193758,-1.0
58013-10-14 22:00:00,2.0578,-0.15416666666666518,-0.19923998300871756,-0.40944618633817975,-1.0
58013-10-25 08:00:00,2.0588,-0.0921052631578902,-0.17478565605568266,-0.3313048655835398,-0.8952968735241131
58013-11-04 18:00:00,2.065,0.06363636363635894,0.04091994681932493,0.16173429567012854,-0.16999777124593463
58013-11-15 04:00:00,2.0583,-0.024539877300610524,-0.01036118871394089,-0.365711345411673,-1.0
58013-11-25 14:00:00,2.0558,-0.13022508038584701,-0.10403030479092058,-0.5063784387491143,-1.0
58013-12-06 00:00:00,2.0619,0.007204610951010992,0.03118562609118641,0.01571705793126299,-0.1550251886856185
58013-12-16 10:00:00,2.044,-0.2172131147540955,-0.39582435123094567,-0.870288651774993,-1.0
58013-12-26 20:00:00,2.0369,-0.2558348294434434,-0.837602618081436,-0.7896886749177832,-1.0
58014-01-06 06:00:00,2.0325,-0.27142857142856797,-1.0,-0.6847242547273398,-1.0
58014-01-16 16:00:00,2.0404,-0.16973886328725002,-1.0,-0.4112910770815847,-1.0
58014-01-27 02:00:00,2.0418,-0.15861027190332633,-0.9204763614355154,-0.335590213940815,-1.0
58014-02-06 12:00:00,2.0445,-0.12794117647058711,-0.6637291741392799,-0.24589962250977337,-1.0
58014-02-16 22:00:00,2.0439,-0.1290322580645173,-0.462998472330681,-0.23522721623682635,-1.0
58014-02-27 08:00:00,2.0433,-0.11136712749615918,-0.30684518631306507,-0.22566563706422216,-1.0
58014-03-09 18:00:00,2.0445,-0.10030165912518513,-0.13372906440238355,-0.17715456261452994,-1.0
58014-03-20 04:00:00,2.0515,-0.050484094052561046,0.2100595611298294,0.006386646047649158,-0.9524172689395896
58014-03-30 14:00:00,2.0519,-0.09849624060150453,0.4502266617492063,0.031223250721574836,-0.7649116612707747
58014-04-10 00:00:00,2.0468,-0.08859784283513006,0.4517505110952391,-0.08482482249222711,-0.8380149501441588
58014-04-20 10:00:00,2.0518,-0.02967359050445123,0.5965514526371003,0.06589168080935148,-0.6354604308045079
58014-04-30 20:00:00,2.052,-0.08048780487804935,0.682499873666731,0.08147117949410576,-0.449881743443107
58014-05-11 06:00:00,2.0501,0.06703296703296746,0.6643784226859063,0.038910788066684576,-0.4619254023861856
58014-05-21 16:00:00,2.0458,0.10421545667446952,0.5106109656349019,-0.07178528065223516,-0.47837178985632
58014-06-01 02:00:00,2.0465,0.17948717948717618,0.42424669933101866,-0.02500304508135409,-0.2557761225820365
58014-06-11 12:00:00,2.0543,0.17866323907454873,0.5903375204125068,0.26718300194740496,0.055491444874018324
58014-06-21 22:00:00,2.055,0.17277486910994877,0.6979623857479292,0.2965701723670292,0.3356085380782714
58014-07-02 08:00:00,2.0528,0.11007957559681214,0.6773038698067809,0.26312324455121683,0.580296458671851
58014-07-12 18:00:00,2.0619,0.1948051948051963,0.9046689940886182,0.5287281559237214,1.0
58014-07-23 04:00:00,2.0713,0.2545454545454541,1.0,0.6718715318761754,1.0
58014-08-02 14:00:00,2.0791,0.28084415584415434,1.0,0.7087452880538982,1.0
58014-08-13 00:00:00,2.0702,0.14724409448818765,1.0,0.42133128074307247,1.0
58014-08-23 10:00:00,2.0768,0.1786226685796265,1.0,0.49430005597438165,1.0
58014-09-02 20:00:00,2.0776,0.23547400611620295,1.0,0.4423334703586347,1.0
58014-09-13 06:00:00,2.074,0.1734374999999957,1.0,0.32944086433861797,1.0
58014-09-23 16:00:00,2.0732,0.16408668730649856,1.0,0.2836623867829525,0.6253893220094169
58014-10-04 02:00:00,2.0729,0.18095238095238042,0.8985298281173771,0.25189817279693427,0.3650698957114975
58014-10-14 12:00:00,2.0724,0.2246621621621614,0.6714633404791643,0.21871921115546344,0.058632775486423115
58014-10-24 22:00:00,2.0739,0.22833333333333217,0.5193989963552975,0.22604180936264606,0.2709801693345531
58014-11-04 08:00:00,2.0709,0.1503623188405777,0.2901583227234295,0.14544238190516856,-0.06899102626763756
58014-11-14 18:00:00,2.0714,0.14909090909090705,0.12576943097233342,0.13834804331167316,0.23935614393627264
58014-11-25 04:00:00,2.068,0.13523131672597843,-0.10315142324632674,0.0477865681812486,-0.10417939141634269
58014-12-05 14:00:00,2.0678,0.062367864693445796,-0.2671471755345541,0.02448536574190474,-0.4743210068230689
58014-12-16 00:00:00,2.0667,-0.058974358974357266,-0.4074380947340516,-0.0313338975930586,-0.9170029048460071
58014-12-26 10:00:00,2.0689,-0.15269461077843616,-0.42854086433278393,-0.00182464696123108,-0.813441392266064
58015-01-05 20:00:00,2.0644,-0.09999999999999387,-0.5678613755134287,-0.1858932102131423,-1.0
58015-01-16 06:00:00,2.0637,-0.28354978354977634,-0.662080638590486,-0.25513071463555104,-1.0
58015-01-26 16:00:00,2.0645,-0.28354978354977634,-0.6779252116691353,-0.3141933127416257,-1.0
58015-02-06 02:00:00,2.0682,-0.1249999999999904,-0.557864937890972,-0.14908778373037723,-0.7366889744367265
58015-02-16 12:00:00,2.0661,-0.14489795918366483,-0.5264551742125937,-0.24785704092659117,-0.8162427180949162
58015-02-26 22:00:00,2.0663,-0.1352459016393403,-0.4841142870674203,-0.2201747359637657,-0.5383534117556152
58015-03-09 08:00:00,2.062,-0.18439716312056192,-0.5670120372338701,-0.4209432982688199,-0.7896046244902868
58015-03-19 18:00:00,2.0626,-0.20695970695969207,-0.5801529762959539,-0.3550085161253313,-0.53328540591717
58015-03-30 04:00:00,2.06,-0.20260223048325698,-0.6406975152483863,-0.4645999801870668,-1.0
58015-04-09 14:00:00,2.0625,-0.15397923875431974,-0.5778825368778222,-0.2899609897683968,-0.9080542454288627
58015-04-20 00:00:00,2.0612,-0.12686567164178664,-0.5503241126033452,-0.3342792587088163,-1.0
58015-04-30 10:00:00,2.0611,-0.12546816479400008,-0.5101278065440956,-0.3111963645131802,-1.0
58015-05-10 20:00:00,2.0555,-0.17948717948717274,-0.6230339663796649,-0.5546064613691529,-1.0
58015-05-21 06:00:00,2.0557,-0.2260273972602701,-0.6557522735551066,-0.4909678278131091,-0.42786306661851675
58015-05-31 16:00:00,2.0585,-0.10727272727272291,-0.5593268574878505,-0.30393575393426514,0.42134289143222375
58015-06-11 02:00:00,2.0616,-0.0351170568561861,-0.377005026962423,-0.10539079327862005,1.0
58015-06-21 12:00:00,2.062,-0.042372881355929926,-0.2281276501648575,-0.06355576642096655,1.0
58015-07-01 22:00:00,2.0644,-0.06737588652482107,-0.04928644970048976,0.11020565770802548,1.0
58015-07-12 08:00:00,2.0619,-0.07342657342657088,-0.0035433130407764514,-0.046435976076595276,1.0
58015-07-22 18:00:00,2.0628,-0.05972696245733311,0.05534471512078093,0.04300740867168773,1.0
58015-08-02 04:00:00,2.0659,0.06939501779359691,0.1832902262858661,0.27356558585740287,1.0
58015-08-12 14:00:00,2.0637,0.018518518518512495,0.1931366471177269,0.10521750947688213,1.0
58015-08-23 00:00:00,2.0618,0.031034482758616866,0.13673607420781303,-0.03020462672744767,1.0
58015-09-02 10:00:00,2.0611,-0.025735294117644136,0.0763844961214378,-0.06321678287885169,0.654627608055706
58015-09-12 20:00:00,2.0614,0.0038167938931292777,0.04565144245436893,-0.018327044498532785,0.811386611057062
58015-09-23 06:00:00,2.06,-0.020000000000002016,-0.014489282447450349,-0.12787937658801946,0.5980773335189726
58015-10-03 16:00:00,2.0572,0.03441295546558809,-0.13062389163861726,-0.36071127165338607,0.32494700684891886
58015-10-14 02:00:00,2.0602,0.08181818181818523,-0.1066579320400725,-0.068522203543251,0.4014946833171176
58015-10-24 12:00:00,2.0604,0.038152610441767765,-0.07738774205265891,-0.051624102725822574,0.5533173061274197
58015-11-03 22:00:00,2.0581,-0.07261410788381467,-0.11891423309570057,-0.24434010508750115,0.1780631235321708
58015-11-14 08:00:00,2.0598,-0.043307086614168655,-0.08594557862538416,-0.07943108434652713,0.4520917868782117
58015-11-24 18:00:00,2.0605,-0.08227848101265445,-0.03692249833292043,-0.011620882330344584,0.6562131399771998
58015-12-05 04:00:00,2.0598,-0.04794520547945175,-0.021069957858137308,-0.10762372936323261,0.25915362053691066
58015-12-15 14:00:00,2.0622,-0.012820512820521102,0.06343538019191591,0.12290984419121886,1.0
58015-12-26 00:00:00,2.062,-0.09512195121951911,0.11072267932500768,0.08186258752803677,0.4937510787636197
58016-01-05 10:00:00,2.0641,0.009803921568626639,0.19889339458875713,0.31250752124919257,1.0
58016-01-15 20:00:00,2.0654,0.09090909090909394,0.2843294268215841,0.4122534607774987,1.0
58016-01-26 06:00:00,2.0634,0.05450236966824651,0.2668771666256342,0.20349636522912806,0.1277080700261794
58016-02-05 16:00:00,2.065,0.08035714285714479,0.29002222236177705,0.3457875021018084,0.586459404351096
58016-02-16 02:00:00,2.0668,0.14912280701754588,0.34255962868391476,0.4658806584761649,1.0
58016-02-26 12:00:00,2.0637,0.14069264069263743,0.2673687400666429,0.18887654704214252,0.9143243776081996
58016-03-07 22:00:00,2.0611,0.019823788546258214,0.1300051259704895,-0.061480455224975916,0.4428386138182455
58016-03-18 08:00:00,2.0598,-0.012605042016805235,-0.0015857328712209913,-0.18172991707015046,-0.9176145149096024
58016-03-28 18:00:00,2.0639,0.11328124999999689,0.03451212653011478,0.21385149583067753,-0.3228871393511127
58016-04-08 04:00:00,2.0611,0.02434456928839146,-0.02708354259908163,-0.06180458890514162,-0.9676377778127575
58016-04-18 14:00:00,2.0619,0.026119402985072537,-0.04184185206532247,0.00801474372875799,-0.4463121527972079
58016-04-29 00:00:00,2.0636,0.06834532374100977,-0.00017961710254366803,0.16064289746027371,0.5081182427109583
58016-05-09 10:00:00,2.0608,-0.024822695035458697,-0.056311540602680774,-0.15228996034886455,-1.0
58016-05-19 20:00:00,2.0594,-0.04421768707482593,-0.12992064860092611,-0.29553166758618876,-1.0
58016-05-30 06:00:00,2.06,-0.0734767025089581,-0.15211868236389708,-0.2562225902117231,-1.0
58016-06-09 16:00:00,2.0616,-0.06737588652482529,-0.11147757974817572,-0.08426138593123594,-0.41849285717949747
58016-06-20 02:00:00,2.0618,-0.030303030303036216,-0.07407394351171269,-0.06942773978491923,0.5801806218937287
58016-06-30 12:00:00,2.063,-0.03846153846153455,-0.011386115210470792,0.05981319459894263,1.0
58016-07-10 22:00:00,2.0621,-0.09362549800797232,0.0027679677589039883,-0.054058695462380624,1.0
58016-07-21 08:00:00,2.0643,0.012396694214875104,0.07598019321648142,0.2074889914085265,1.0
58016-07-31 18:00:00,2.0655,0.09649122807017574,0.15309253398556358,0.3358344208364581,1.0
58016-08-11 04:00:00,2.0753,0.24760383386581664,0.4785637223151413,0.8722512887219049,1.0
58016-08-21 14:00:00,2.0743,0.18439716312057353,0.6272116585179769,0.6185525822040061,1.0
58016-09-01 00:00:00,2.0754,0.2698113207547169,0.7169294320320599,0.5569679969456525,1.0
58016-09-11 10:00:00,2.0766,0.273234200743494,0.7662842705242593,0.5202607109456061,1.0
58016-09-21 20:00:00,2.0797,0.28445229681978645,0.8413067022173395,0.5366874371756087,1.0
58016-10-02 06:00:00,2.0817,0.38000000000000456,0.8945509414668692,0.5096755718319623,1.0
58016-10-12 16:00:00,2.0781,0.3148148148148131,0.7663253146040873,0.346023725056013,1.0
58016-10-23 02:00:00,2.0741,0.21299093655589052,0.517690958481808,0.19651101060162535,1.0
58016-11-02 12:00:00,2.0718,0.15088757396449892,0.2549196620686134,0.10681204931437416,0.948962199793658
58016-11-12 22:00:00,2.0731,0.1618911174785127,0.10126059252888177,0.13294600289865244,1.0
58016-11-23 08:00:00,2.0758,0.17582417582417487,0.06456264776335223,0.2019290481650019,1.0
58016-12-03 18:00:00,2.0768,0.2013698630136992,0.053471268543989765,0.21278765234357977,0.9995692187832261
58016-12-14 04:00:00,2.0792,0.20299727520436361,0.09963657097995966,0.26956319818817065,0.9617139593665892
58016-12-24 14:00:00,2.0826,0.2197943444730064,0.20814740308148236,0.35564015526389137,1.0
58017-01-04 00:00:00,2.0743,-0.013368983957218028,0.009040419181915787,0.039387560808240685,0.63508332699814
58017-01-14 10:00:00,2.0763,0.026041666666664187,-0.07267390694036378,0.09674566180030286,0.7087882559521183
58017-01-24 20:00:00,2.0749,-0.006459948320415743,-0.17531758514564164,0.014251500058067745,0.5624694505214043
58017-02-04 06:00:00,2.0765,-0.0012787723785193106,-0.19798312774090704,0.0661542775773789,0.7127861227223826
58017-02-14 16:00:00,2.0774,-0.031165311653116756,-0.18925422850978313,0.09749660907008129,0.8701532085978932
58017-02-25 02:00:00,2.0744,-0.09630606860158936,-0.27438482233961214,-0.18276385224946157,0.5970191600824193
58017-03-07 12:00:00,2.0752,-0.04131054131054057,-0.3026565072319693,-0.10966075036158901,0.6468667260265303
58017-03-17 22:00:00,2.0735,-0.009146341463413699,-0.3658815261727943,-0.2565930411422538,0.6009648608286662
58017-03-28 08:00:00,2.0728,0.016025641025639414,-0.4177610355729238,-0.2963311378959563,0.22918820029970804
58017-04-07 18:00:00,2.0729,-0.0033333333333329107,-0.4355733845273864,-0.2634027355028832,0.7238473845032892
58017-04-18 04:00:00,2.0712,-0.07931034482758537,-0.48249613222746224,-0.3628126285659419,0.22116658283129412
58017-04-28 14:00:00,2.072,-0.0833333333333321,-0.4713419791735748,-0.2810778020258887,1.0
58017-05-09 00:00:00,2.0681,-0.18316831683168855,-0.5600917149694675,-0.524984511310706,0.4286062925782426
58017-05-19 10:00:00,2.0688,-0.2499999999999919,-0.5716459034550767,-0.4127519451597974,1.0
58017-05-29 20:00:00,2.0682,-0.15326633165828596,-0.5707437275586119,-0.4152525270568692,0.2795209401584879
58017-06-09 06:00:00,2.0685,-0.21428571428570736,-0.5345858231644551,-0.35741342417340344,0.5353216831043278
58017-06-19 16:00:00,2.0663,-0.22631578947367587,-0.5497705995051843,-0.4321926751798285,-0.4759030193180757
58017-06-30 02:00:00,2.0654,-0.30327868852457274,-0.5572500285422981,-0.4222089173586982,-1.0
58017-07-10 12:00:00,2.0625,-0.3669950738916117,-0.6164483339787007,-0.5024619761131182,-1.0
58017-07-20 22:00:00,2.0646,-0.2525773195876171,-0.5580282248006364,-0.37743063649296543,-1.0
58017-07-31 08:00:00,2.0658,-0.2373737373737443,-0.4538725652149229,-0.27836423737214555,-0.4714701992099725
58017-08-10 18:00:00,2.0624,-0.25813953488372776,-0.4593606923438687,-0.41406509495514476,-0.9551608434547072
58017-08-21 04:00:00,2.0641,-0.19333333333333713,-0.3837996968428294,-0.29083516001488596,-0.3336355703556834
58017-08-31 14:00:00,2.0631,-0.20940170940171798,-0.3391092778667163,-0.3147358567556249,-1.0
58017-09-11 00:00:00,2.0664,-0.0960000000000093,-0.19018497715581661,-0.11548978974016827,-0.5188423231863709
58017-09-21 10:00:00,2.0651,-0.13529411764706123,-0.11718668588088725,-0.17454804924988437,-1.0
58017-10-01 20:00:00,2.061,-0.1381322957198466,-0.17683179700711849,-0.4021512932152146,-1.0
58017-10-12 06:00:00,2.0596,-0.17424242424242936,-0.2375011710015795,-0.4431025525781134,-1.0
58017-10-22 16:00:00,2.0555,-0.21237458193980802,-0.3736751523803639,-0.5891807511136941,-1.0
58017-11-02 02:00:00,2.0589,-0.14545454545454517,-0.3308940311090554,-0.3593308340530942,-1.0
58017-11-12 12:00:00,2.0557,-0.1558823529411798,-0.36953080871502586,-0.4821070269877675,-1.0
58017-11-22 22:00:00,2.0516,-0.18548387096774205,-0.48252588259205254,-0.6008251641347004,-1.0
58017-12-03 08:00:00,2.0547,-0.10427807486631202,-0.4255459432772388,-0.38771921311007745,-1.0
58017-12-13 18:00:00,2.054,-0.14722222222222625,-0.37464619186252274,-0.37815523487479114,-1.0
58017-12-24 04:00:00,2.0516,-0.1908602150537631,-0.37885075617299097,-0.43593156371959413,-1.0
58018-01-03 14:00:00,2.0529,-0.13532763532763198,-0.3088201248200052,-0.34029655158099836,-1.0
58018-01-14 00:00:00,2.052,-0.17638483965014473,-0.25925923809716733,-0.3439581294548242,-1.0
58018-01-24 10:00:00,2.0565,-0.08730158730158394,-0.06736690745859529,-0.11592517540070751,-1.0
58018-02-03 20:00:00,2.0597,-0.08885941644562328,0.16599334911330216,0.04598183242651688,-1.0
58018-02-14 06:00:00,2.0585,-0.08776595744681098,0.2846700971863569,0.0022854472593923925,-1.0
58018-02-24 16:00:00,2.0535,-0.09740259740259655,0.2139952360334344,-0.22984075308832908,-1.0
58018-03-07 02:00:00,2.055,-0.05958549222797882,0.21704008636784278,-0.13326454367547674,-0.9463613759397875
58018-03-17 12:00:00,2.0547,-0.011494252873562094,0.2132471817902464,-0.1307885501748453,-0.9248586560047818
58018-03-27 22:00:00,2.0557,-0.04938271604938488,0.24271819721058366,-0.05587453178376517,-0.7806508498907676
58018-04-07 08:00:00,2.0554,-0.005084745762707621,0.2531033746163947,-0.04896839332212788,-0.8458162824616292
58018-04-17 18:00:00,2.0541,0.046816479400748845,0.22129933237190183,-0.12918690025579088,-1.0
58018-04-28 04:00:00,2.0559,0.023622047244092337,0.2544411820808911,0.06367225158685019,-0.06956756996684238
58018-05-08 14:00:00,2.0549,0.01750972762646208,0.2444777334797684,-0.015673331584915573,-0.21122817506396915
58018-05-19 00:00:00,2.0578,0.11832061068702138,0.320972491552484,0.2855470258435081,0.015120990532054882
58018-05-29 10:00:00,2.0571,0.082031250000003,0.3421369406629276,0.23184884332972133,-0.012955259383997476
58018-06-08 20:00:00,2.0595,0.13837638376384187,0.4169585923357685,0.44100126759916125,1.0
58018-06-19 06:00:00,2.0586,0.04468085106383324,0.42449142764909814,0.31788763891798444,0.9908307718750444
58018-06-29 16:00:00,2.0547,-0.10330578512397048,0.3011706384007033,-0.09605626717618654,0.4364942491826679
58018-07-10 02:00:00,2.056,-0.05144032921810826,0.2529591648566042,0.031707621525465024,0.8322789258163839
58018-07-20 12:00:00,2.0542,0.016587677725111938,0.1635490923069951,-0.19007520001301026,-0.7498364333058194
58018-07-30 22:00:00,2.0524,-0.060747663551408426,0.052630798332475595,-0.3894572995447455,-1.0
58018-08-10 08:00:00,2.0518,-0.06682027649769756,-0.031147503103480415,-0.4529719529850387,-1.0
58018-08-20 18:00:00,2.0547,-0.02118644067796488,0.00841637011201044,-0.1140324015806371,-1.0
58018-08-31 04:00:00,2.0581,0.050561797752809334,0.1377481947381157,0.29576090447706116,-0.9562144870486038
58018-09-10 14:00:00,2.0572,0.05893536121672971,0.19109828024760248,0.20308896762134476,-1.0
58018-09-21 00:00:00,2.0566,0.01394422310757315,0.20232382367129312,0.11201363549998089,-1.0
58018-10-01 10:00:00,2.0561,0.024390243902436826,0.18900745216649117,0.04149180365836125,-1.0
58018-10-11 20:00:00,2.0583,0.010460251046028657,0.23916028513148402,0.29040646641502577,-0.979062333192924
58018-10-22 06:00:00,2.0606,0.0686274509803887,0.3288307272296315,0.48499048816276846,-0.2697072314393861
58018-11-01 16:00:00,2.056,-0.06317689530685561,0.23699329775913752,-0.025432364116302564,-1.0
58018-11-12 02:00:00,2.0549,-0.06630824372760152,0.13753292958264118,-0.15372021586412948,-1.0
58018-11-22 12:00:00,2.0555,0.016260162601623995,0.0876740797098247,-0.08395428614164913,-0.6619861862633223
58018-12-02 22:00:00,2.0574,0.02777777777777435,0.10915525234901977,0.11523242132176537,-0.019625913604260845
58018-12-13 08:00:00,2.0555,0.02569169960474449,0.06337594763233934,-0.08614475895904833,-0.44231839422957475
58018-12-23 18:00:00,2.0529,0.009578544061305871,-0.04267925397549365,-0.33966493809063825,-1.0
58019-01-03 04:00:00,2.0545,0.04981549815498032,-0.05861507885670691,-0.1481953927905466,-0.6833749922477578
58019-01-13 14:00:00,2.0548,0.0020408163265348556,-0.0549337418584744,-0.09641251180954458,0.3399454946157278
58019-01-24 00:00:00,2.0538,-0.09728506787330554,-0.07686141994545041,-0.20713034583289536,-0.6899757399166787
58019-02-03 10:00:00,2.0557,-0.03246753246753331,-0.029110282570349286,0.017621023576362416,0.38893288642777873
58019-02-13 20:00:00,2.0559,-0.015418502202646123,0.010398324009691436,0.03146962607815973,1.0
58019-02-24 06:00:00,2.0521,-0.07692307692307632,-0.0737753511066704,-0.4130715211439732,0.1901210588665328
58019-03-06 16:00:00,2.0504,-0.15490196078431795,-0.16976887338285748,-0.5646346682636383,-1.0
58019-03-17 02:00:00,2.05,-0.22457627118644352,-0.22991487476287656,-0.5124049040773357,-1.0
58019-03-27 12:00:00,2.0533,-0.06053811659192543,-0.15622574374549003,-0.1744650289785868,-1.0
58019-04-06 22:00:00,2.0525,-0.0545454545454479,-0.12148992767221721,-0.2290593354583607,-1.0
58019-04-17 08:00:00,2.0557,0.004065040650406027,0.003707913240992545,0.08945904341740696,-0.7193724717525338
58019-04-27 18:00:00,2.058,0.011999999999998678,0.15283929622930228,0.2973325282560807,0.4322948600661001
58019-05-08 04:00:00,2.0537,-0.03284671532846395,0.11671068688175806,-0.09604129647615,-0.365177571730943
58019-05-18 14:00:00,2.0501,-0.049295774647889756,-0.013533669509487865,-0.4427124293941972,-1.0
58019-05-29 00:00:00,2.049,-0.09856630824372781,-0.12314622200116689,-0.4778254869789437,-1.0
58019-06-08 10:00:00,2.0512,-0.060402684563758635,-0.11775290941411308,-0.23501610656895378,-1.0
58019-06-18 20:00:00,2.0504,-0.05743243243243307,-0.12760640485289476,-0.28237233892981545,-1.0
58019-06-29 06:00:00,2.0507,-0.08928571428571097,-0.11419309225332784,-0.23224724304488192,-1.0
58019-07-09 16:00:00,2.0549,-0.015624999999998057,0.0268712123507413,0.19524792009476177,-0.7282135121060445
58019-07-20 02:00:00,2.0527,0.009868421052637633,0.05421467005437724,-0.027448431942362128,-0.8115738756240316
58019-07-30 12:00:00,2.0562,0.09006211180124613,0.17462338249760287,0.3092079493888996,-0.48784223179217695
58019-08-09 22:00:00,2.0491,-0.01156812339331209,0.03813734355912492,-0.34571572464969363,-1.0
58019-08-20 08:00:00,2.0505,-0.03783783783784017,-0.004902362093938067,-0.19571486536073684,0.1034475260559214
58019-08-30 18:00:00,2.0514,-0.014824797843667248,-0.0016569825292138355,-0.09523758854789871,0.4600438018455676
58019-09-10 04:00:00,2.0468,-0.11558441558441163,-0.1296465328373474,-0.467766479961337,-0.059369736200911835
58019-09-20 14:00:00,2.0498,-0.10459183673469452,-0.11168636852326135,-0.18132628274185486,0.7820015215984532
58019-10-01 00:00:00,2.0496,-0.0584045584045616,-0.09607166966770989,-0.19380422160907207,0.37192835376526384
58019-10-11 10:00:00,2.0615,0.1313364055299544,0.2696475360077169,0.6501494534568335,1.0
58019-10-21 20:00:00,2.0588,0.10888888888889181,0.41008183639594104,0.4061268026766487,0.13183397047265602
58019-11-01 06:00:00,2.0616,0.11403508771929693,0.5610946381399996,0.49571076234310407,1.0
58019-11-11 16:00:00,2.0593,0.09447983014862327,0.5611055994519207,0.3366915665338759,0.7275696012619698
58019-11-22 02:00:00,2.0571,0.06530612244898326,0.46810261522030516,0.21869813127652193,0.5413517494805228
58019-12-02 12:00:00,2.0576,0.02980132450331152,0.3991930827759261,0.23035003055898529,1.0
58019-12-12 22:00:00,2.0538,0.011727078891254683,0.2229345609089115,0.011173844116238119,0.8363549949697759
58019-12-23 08:00:00,2.0522,-0.04444444444444584,0.05215509139187357,-0.08950588577885465,0.24889720541901378
58020-01-02 18:00:00,2.0594,0.1141906873614218,0.14977013258555472,0.2913623716603947,0.5641853311661038
58020-01-13 04:00:00,2.0563,0.061965811965810746,0.1103665221004542,0.10378761536508874,-0.11702853816605424
58020-01-23 14:00:00,2.0573,0.06289978678038466,0.10622807715153877,0.14329704235737672,0.16798500921734572
58020-02-03 00:00:00,2.0592,0.14027149321267074,0.15036275737718655,0.23381066947077167,0.576231073991717
58020-02-13 10:00:00,2.0566,0.0776255707762572,0.09112390840360776,0.07821064997079863,-0.054840094059421744
58020-02-23 20:00:00,2.0578,0.0915178571428571,0.0805903984523845,0.1399669563456568,0.2958567773237531
58020-03-05 06:00:00,2.0574,-0.06156156156156539,0.05438446689742414,0.09956680942568485,-1.0
58020-03-15 16:00:00,2.0622,0.04802259887005167,0.17095275191998913,0.3423225491412252,0.5174447892471195
58020-03-26 02:00:00,2.0577,-0.05256064690026718,0.09982948292393957,0.06591620161583,-0.5993221864717677
58020-04-05 12:00:00,2.0604,0.01466666666666816,0.12412384191492117,0.2195329083596207,0.3934865198794268
58020-04-15 22:00:00,2.0607,0.050561797752809556,0.13681493774398554,0.22749378555407984,1.0
58020-04-26 08:00:00,2.0429,-0.13894139886578233,-0.3855497899233662,-0.8590736348201875,-1.0
58020-05-06 18:00:00,2.0213,-0.22984441301272668,-1.0,-0.944440311770099,-1.0
58020-05-17 04:00:00,2.0091,-0.26506765067650434,-1.0,-0.8003508679897317,-1.0
58020-05-27 14:00:00,1.9914,-0.37037037037036835,-1.0,-0.75409695559325,-1.0
58020-06-07 00:00:00,1.9272,-0.4221713538260286,-1.0,-0.8692675525440259,-1.0
58020-06-17 10:00:00,1.9336,-0.3907138344914726,-1.0,-0.6280160302513983,-1.0
58020-06-27 20:00:00,1.9553,-0.2916900617630549,-1.0,-0.42831300748250395,-1.0
58020-07-08 06:00:00,1.9453,-0.30000000000000027,-1.0,-0.4199149255541168,-1.0
58020-07-18 16:00:00,1.9519,-0.2773703509690937,-1.0,-0.34311159201972136,-1.0
58020-07-29 02:00:00,1.9508,-0.27818371607515646,-1.0,-0.31244002328320486,-1.0
58020-08-08 12:00:00,1.9508,-0.2981798715203422,-1.0,-0.2815827840176426,-1.0
58020-08-18 22:00:00,1.9528,-0.28459034183396614,-1.0,-0.24613411698413118,-0.9983828731875178
58020-08-29 08:00:00,1.9538,-0.2918948521358159,-1.0,-0.21837323628414207,-0.8417342832078112
58020-09-08 18:00:00,1.958,-0.2753351206434326,-0.9231343077418147,-0.17845834542330352,-0.6850039600475293
58020-09-19 04:00:00,1.9585,-0.24940898345153728,-0.2575881201039442,-0.1569498803868623,-0.5632084725616966
58020-09-29 14:00:00,1.9576,-0.21447811447811532,0.25135932917605885,-0.14264870068514734,-0.5404727093818946
58020-10-10 00:00:00,1.9579,-0.18740849194729248,0.6698273230578139,-0.12227871878201635,-0.4187992989714077
58020-10-20 10:00:00,1.9565,-0.14505403158769853,0.9586420743680304,-0.11100693950684648,-0.4382470702333711
58020-10-30 20:00:00,1.9598,0.27441077441077566,1.0,-0.06916236118896901,-0.3203297919461968
58020-11-10 06:00:00,1.9674,0.2788778877887803,1.0,0.019902903221248547,-0.14526579778317322
58020-11-20 16:00:00,1.9723,0.19406392694063979,1.0,0.11892201298827165,0.09898297188037589
58020-12-01 02:00:00,1.9673,0.28350515463917914,1.0,0.1187134228517217,0.16759855886604214
58020-12-11 12:00:00,1.9656,0.20206489675516537,1.0,0.1659698586080297,0.3033030863740328
58020-12-21 22:00:00,1.9637,0.1858789625360232,1.0,0.19379471180651353,0.11931086961106882
58021-01-01 08:00:00,1.9654,0.20054945054945106,1.0,0.2328383235196192,0.5120520230544501
58021-01-11 18:00:00,1.9657,0.1858789625360232,1.0,0.24581302658700988,1.0
58021-01-22 04:00:00,1.9654,0.17058823529411937,1.0,0.21410215272413236,-0.12247883487085959
58021-02-01 14:00:00,1.9618,0.056886227544910795,1.0,0.06557363005620098,-0.850367973831736
58021-02-12 00:00:00,1.9606,0.030791788856304847,1.0,0.0006267107136841421,-1.0
58021-02-22 10:00:00,1.9615,0.05718475073313767,1.0,0.01720040304345427,-0.3174048524882637
58021-03-04 20:00:00,1.9538,-0.04939759036144531,1.0,-0.3548566260435996,-1.0
58021-03-15 06:00:00,1.9623,0.05967078189300412,1.0,0.02847783075308119,0.5852628758686432
58021-03-25 16:00:00,1.9566,-0.031372549019608675,0.9405963676203681,-0.283053972028916,-0.32429732572465103
58021-04-05 02:00:00,1.9566,-0.1244239631336419,0.8338226641687727,-0.2751039604954895,-0.29978954282221093
58021-04-15 12:00:00,1.9582,-0.17581047381546028,0.8097299261827445,-0.18944884376770832,0.4811341899724053
58021-04-25 22:00:00,1.9632,-0.05112219451371497,0.9358354926373583,0.06016199875770589,1.0
58021-05-06 08:00:00,1.9662,0.007246376811593347,1.0,0.1999782625117993,1.0
58021-05-16 18:00:00,1.9754,0.12012320328542037,1.0,0.5713483862731832,1.0
58021-05-27 04:00:00,1.9762,0.11297071129706959,1.0,0.5078252825473175,1.0
58021-06-06 14:00:00,1.9805,0.14285714285714135,1.0,0.5655575157137429,1.0
58021-06-17 00:00:00,1.9749,0.08318739054290747,1.0,0.34905395160430885,1.0
58021-06-27 10:00:00,1.9753,0.12523191094619712,1.0,0.3324554994288459,1.0
58021-07-07 20:00:00,1.9759,0.14352720450281542,1.0,0.3197692152183552,1.0
58021-07-18 06:00:00,1.982,0.17521367521367548,1.0,0.44322098047339187,1.0
58021-07-28 16:00:00,1.9838,0.2851711026615985,1.0,0.4293389493733858,1.0
58021-08-08 02:00:00,1.9743,0.11194029850746301,1.0,0.16129949778567387,1.0
58021-08-18 12:00:00,1.9784,0.20961538461538565,0.9634210510790768,0.24660628055849165,1.0
58021-08-28 22:00:00,1.9824,0.23035714285714404,0.9338320591457727,0.31376444087109145,1.0
58021-09-08 08:00:00,1.9766,0.15282392026578095,0.6957866883501193,0.15022262095045635,1.0
58021-09-18 18:00:00,1.9768,0.1227436823104685,0.512609615966471,0.1380815388106328,1.0
58021-09-29 04:00:00,1.977,0.10266159695817623,0.3722570338669985,0.1245955428648442,1.0
58021-10-09 14:00:00,1.9729,-0.026315789473683737,0.14010226981544366,-0.007715388063102457,1.0
58021-10-20 00:00:00,1.973,-0.034188034188032845,-0.015499430852944323,-0.032787439683116204,1.0
58021-10-30 10:00:00,1.9709,-0.10762331838564848,-0.1789585990794105,-0.15019946602337048,0.9770430683181338
58021-11-09 20:00:00,1.974,-0.010688836104514488,-0.18701841141934805,-0.07432787160233323,1.0
58021-11-20 06:00:00,1.9736,-0.02019002375296952,-0.19869672126346402,-0.1462258797459533,0.7319909930094578
58021-11-30 16:00:00,1.9695,-0.07017543859649067,-0.31926759441821245,-0.4449377747119071,0.39289530363486086
58021-12-11 02:00:00,1.9697,-0.1549118387909314,-0.37588920881358023,-0.3849793059562775,0.9696967565676587
58021-12-21 12:00:00,1.9721,-0.14516129032258118,-0.3245720713767269,-0.218121351735111,1.0
58021-12-31 22:00:00,1.974,-0.004587155963302281,-0.22210403124384767,-0.08562646714841665,1.0
58022-01-11 08:00:00,1.9729,-0.0925925925925904,-0.1797568327933199,-0.14743276022653212,1.0
58022-01-21 18:00:00,1.978,-0.07142857142857145,0.0035504648567564294,0.16149746611870586,1.0
58022-02-01 04:00:00,1.9787,0.04085603112840497,0.13752811973461912,0.1929690714490525,1.0
58022-02-11 14:00:00,1.9793,0.047892720306517034,0.23033959531781611,0.24883549063764043,1.0
58022-02-22 00:00:00,1.9828,0.09863945578231159,0.3763639679420052,0.4884797388495279,1.0
58022-03-04 10:00:00,1.9804,0.1353790613718412,0.37550721029542156,0.2992518258255632,1.0
58022-03-14 20:00:00,1.978,0.08333333333333326,0.28177726151766014,0.1498245614061392,1.0
58022-03-25 06:00:00,1.9816,0.1698412698412719,0.3087392723403852,0.3866449299528416,1.0
58022-04-04 16:00:00,1.9839,0.1612377850162895,0.371394697391028,0.461275946396695,1.0
58022-04-15 02:00:00,2.0047,0.30430528375734156,0.9907392059104461,0.8831319592745883,1.0
58022-04-25 12:00:00,2.0125,0.3923357664233609,1.0,0.7564988347437112,1.0
58022-05-05 22:00:00,2.022,0.4079563182527325,1.0,0.697285712815372,1.0
58022-05-16 08:00:00,2.015,0.3122270742358131,1.0,0.4853321552650415,1.0
58022-05-26 18:00:00,2.0173,0.31331403762663323,1.0,0.44768366053113573,1.0
58022-06-06 04:00:00,2.0123,0.2698630136986343,1.0,0.33534569784793833,1.0
58022-06-16 14:00:00,2.0185,0.2732793522267244,1.0,0.37154920565895166,1.0
58022-06-27 00:00:00,2.0193,0.2735849056603812,1.0,0.3420854783856586,1.0
58022-07-07 10:00:00,2.0127,0.20822942643391973,0.9797695789891104,0.23331019664130503,1.0
58022-07-17 20:00:00,2.0149,0.2034220532319434,0.6951553965370526,0.2375651127253786,1.0
58022-07-28 06:00:00,2.0109,0.1894409937888233,0.323726288060006,0.16518521034228428,1.0
58022-08-07 16:00:00,2.0119,0.2142857142857174,0.062142876706179906,0.15957164422140646,1.0
58022-08-18 02:00:00,2.0116,0.19788918205805262,-0.15485727671697677,0.1367365555780362,0.9278588196111183
58022-08-28 12:00:00,2.0162,0.20678617157490908,-0.189569059592095,0.18511522244264889,0.9870489359326791
58022-09-07 22:00:00,2.0137,0.07525083612040318,-0.3144219678069441,0.12749091113923527,0.7811978432246955
58022-09-18 08:00:00,2.0083,-0.03658536585365996,-0.5729173421828639,0.018051303609173286,0.3226253634687734
58022-09-28 18:00:00,2.0101,-0.11971830985915816,-0.6907624859284476,0.02648103291277859,0.5360042775655093
58022-10-09 04:00:00,2.004,-0.11270491803279226,-0.9426306684521945,-0.14653507253701575,0.18438292713111276
58022-10-19 14:00:00,2.0022,-0.1563146997929658,-1.0,-0.27238176369051714,-0.3254083129734095
58022-10-30 00:00:00,2.0001,-0.1343612334801817,-1.0,-0.5103717607511523,-1.0
58022-11-09 10:00:00,2.0002,-0.2328244274809269,-1.0,-0.46642941912555363,-0.9541664709571008
58022-11-19 20:00:00,1.9995,-0.25255102040817307,-1.0,-0.4287957844927256,-1.0
58022-11-30 06:00:00,1.9982,-0.21386430678467294,-1.0,-0.4288653043767586,-1.0
58022-12-10 16:00:00,1.9867,-0.32638888888889805,-1.0,-0.6457726625483982,-1.0
58022-12-21 02:00:00,1.9939,-0.1831896551724171,-1.0,-0.3823745641153318,-1.0
58022-12-31 12:00:00,1.9846,-0.24954296160877815,-1.0,-0.5319621501445044,-1.0
58023-01-10 22:00:00,1.98,-0.26779661016949546,-1.0,-0.5400607535381718,-1.0
58023-01-21 08:00:00,1.9884,-0.22133757961783718,-1.0,-0.3186539901769987,-1.0
58023-01-31 18:00:00,1.9905,-0.18589743589743873,-1.0,-0.2450251382541273,-0.14701447416037222
58023-02-11 04:00:00,1.9906,-0.1549912434325782,-1.0,-0.22001444547851462,0.5282074590483617
58023-02-21 14:00:00,1.986,-0.20116861435726352,-0.9279144518062554,-0.29454548380373335,0.2641676012774853
58023-03-04 00:00:00,1.9885,-0.13765541740675125,-0.7470507014958531,-0.2147139460685838,0.7688922777726994
58023-03-14 10:00:00,1.9848,-0.1494845360824773,-0.6941706638818598,-0.2741256800098829,0.3927471940623116
58023-03-24 20:00:00,1.9886,-0.09599332220367535,-0.5044084601104496,-0.16644843405623333,0.8649465965127291
58023-04-04 06:00:00,1.987,-0.10749185667752365,-0.3948178084329664,-0.19241987959664109,-0.41848826030433806
58023-04-14 16:00:00,1.9788,-0.15021770682148128,-0.5324171934711163,-0.3938452868089316,-1.0
58023-04-25 02:00:00,1.9844,-0.09426229508196726,-0.4148706332418889,-0.2153367522074559,-0.5104157974054844
58023-05-05 12:00:00,1.9732,-0.09259259259259162,-0.6315890587101309,-0.5162081840152278,-1.0
58023-05-15 22:00:00,1.9722,-0.16266866566716687,-0.7481439415094575,-0.48342395943566324,-1.0
58023-05-26 08:00:00,1.9636,-0.15909090909090878,-1.0,-0.6085746735344011,-1.0
58023-06-05 18:00:00,1.9666,-0.10403726708074634,-1.0,-0.4646816359309291,-1.0
58023-06-16 04:00:00,1.9693,-0.16269165247018663,-0.8738567524265852,-0.35958172878774375,-0.7114896445225991
58023-06-26 14:00:00,1.9696,-0.18365553602811885,-0.7022684595668949,-0.32372128972503744,0.4931542233216199
58023-07-07 00:00:00,1.9601,-0.2300150829562591,-0.8091871695242033,-0.4910853740455217,-0.19230083087027655
58023-07-17 10:00:00,1.9596,-0.21221864951768454,-0.8212717788841207,-0.4427021764484121,-0.6681355984257308
58023-07-27 20:00:00,1.9609,-0.22622950819671944,-0.7190213239910119,-0.36423263564203956,-0.1709246965393032
58023-08-07 06:00:00,1.9625,-0.18930390492359933,-0.540097617371671,-0.29694060386685694,0.3056162170146463
58023-08-17 16:00:00,1.9636,-0.2224199288256219,-0.3358177387101634,-0.24731085683758247,0.9643513698530801
58023-08-28 02:00:00,1.9674,-0.16780821917808209,-0.04700407357562364,-0.14614425131416037,1.0
58023-09-07 12:00:00,1.9705,-0.0778611632270168,0.2593870605203692,-0.05701071714200523,1.0
58023-09-17 22:00:00,1.9654,-0.1799242424242425,0.3214791921695485,-0.16089055272133757,1.0
58023-09-28 08:00:00,1.9565,-0.16534653465346705,0.11586159777702694,-0.35240123907949183,0.41724463146151414
58023-10-08 18:00:00,1.9638,-0.07394366197183078,0.22446940339730376,-0.14612970676828468,0.8084573932937622
58023-10-19 04:00:00,1.9626,-0.010121457489879693,0.2764275047756943,-0.16326566325387143,0.5970580599880042
58023-10-29 14:00:00,1.9666,0.0,0.44087248707151744,-0.009677045924092298,0.89824161651837
58023-11-09 00:00:00,1.9583,-0.0982142857142867,0.3082015102963414,-0.29649917443803614,0.5970129031484044
58023-11-19 10:00:00,1.9584,-0.10035842293906888,0.24004093989550623,-0.31736893040598074,1.0
58023-11-29 20:00:00,1.9541,-0.05928853754940716,0.08727689188068614,-0.4820268735767077,0.8894572613668009
58023-12-10 06:00:00,1.9484,-0.10035842293906888,-0.15145318058771703,-0.6291755276524621,0.3722033632328972
58023-12-20 16:00:00,1.9546,-0.05189456342669024,-0.0848521545891539,-0.3156079802494275,0.8892733611652137
58023-12-31 02:00:00,1.9522,-0.08373983739837365,-0.08047906794838927,-0.3701746026255146,0.4140925565051285
58024-01-10 12:00:00,1.9545,-0.07256778309409972,0.02163986519042619,-0.25100977845885786,0.8505592160405698
58024-01-20 22:00:00,1.9493,-0.1411856474258974,-0.03866834499790607,-0.4201144271481472,0.3048264194104907
58024-01-31 08:00:00,1.9426,-0.206056129985228,-0.24119110915659636,-0.561235619305403,-0.9029977337922553
58024-02-10 18:00:00,1.9422,-0.18412698412698447,-0.3383214829285066,-0.4849218450339141,-1.0
58024-02-21 04:00:00,1.9229,-0.2288828337874652,-0.9136213595646732,-0.7405685124804362,-1.0
58024-03-02 14:00:00,1.9279,-0.25246132208157646,-1.0,-0.5192025773979111,-1.0
58024-03-13 00:00:00,1.9299,-0.22739916550765032,-0.9868051719826817,-0.41695560820181266,-1.0
58024-03-23 10:00:00,1.9291,-0.27292576419214054,-0.8829967535084843,-0.38297251179394237,-1.0
58024-04-02 20:00:00,1.9242,-0.2611026033690672,-0.8759477675480335,-0.41899847081607045,-1.0
58024-04-13 06:00:00,1.9254,-0.2484939759036146,-0.7503764211409544,-0.3566198033926561,-1.0
58024-04-23 16:00:00,1.93,-0.18065967016491824,-0.45643191895200935,-0.2512024848170846,-0.895191674058492
58024-05-04 02:00:00,1.9318,-0.13216560509554148,-0.15281799223093623,-0.19954411631352548,-0.6619350432005346
58024-05-14 12:00:00,1.9287,-0.21691792294807344,-0.0013270886841510493,-0.2306171681710763,-0.6983474599188858
58024-05-24 22:00:00,1.9299,-0.19059829059829198,0.17203048027202417,-0.19124439632828388,-0.4800526651015895
58024-06-04 08:00:00,1.9359,-0.14951768488746042,0.48931932909509873,-0.05585072391601431,-0.304546103604814
58024-06-14 18:00:00,1.9388,-0.08764607679465763,0.7888470092628299,0.0264466160457969,-0.056410075642420565
58024-06-25 04:00:00,1.9367,-0.053345388788426984,0.9142161342252285,-0.0011952275923210465,-0.17746865727227498
58024-07-05 14:00:00,1.9291,-0.10479999999999945,0.7616911375716552,-0.16361705371494423,-0.2327920519929469
58024-07-16 00:00:00,1.933,0.10721868365180487,0.7759580515409188,-0.046265275988757626,0.014500193509834308
58024-07-26 10:00:00,1.9318,0.04503464203233265,0.7438133918676312,-0.057096108890583364,-0.049529605695838134
58024-08-05 20:00:00,1.9336,0.042923433874710204,0.7698845445399486,0.0361116902908688,0.1988103222022287
58024-08-16 06:00:00,1.9352,0.06947608200455535,0.823501764212794,0.1505815398991589,0.6931602852142886
58024-08-26 16:00:00,1.9243,0.0010020040080158665,0.5258803923215961,-0.3321443401136709,0.5253176523642127
58024-09-06 02:00:00,1.9263,0.00887573964496946,0.39797111620987935,-0.2221381969637462,0.8503806698572953
58024-09-16 12:00:00,1.9256,-0.0470085470085464,0.3036479314937777,-0.2820954350949306,0.37492547265310466
58024-09-26 22:00:00,1.9169,-0.1387337057728109,0.0017859268349291466,-0.6246875403604982,-1.0
58024-10-07 08:00:00,1.9255,-0.027027027027027806,0.08918440758611779,-0.19455945434612815,0.09632204259357585
58024-10-17 18:00:00,1.9201,-0.07728706624605663,0.008304718643490359,-0.39868081559332263,-1.0
58024-10-28 04:00:00,1.9325,-0.02435530085959764,0.344246866384804,0.13167782097130143,0.8586340783756569
58024-11-07 14:00:00,1.9251,-0.09219380888290685,0.34676459250700364,-0.1980933204865291,-1.0
58024-11-18 00:00:00,1.9249,-0.08149171270718208,0.34893421080469483,-0.19243753429382277,-1.0
58024-11-28 10:00:00,1.9215,-0.05571847507331379,0.25683964183484376,-0.30708384692008983,-1.0
58024-12-08 20:00:00,1.9136,-0.13434903047091373,-0.02106940237300473,-0.5282447666329888,-1.0
58024-12-19 06:00:00,1.9174,-0.09625668449197783,-0.060294828083168744,-0.3467627171156623,-1.0
58024-12-29 16:00:00,1.9224,-0.07179487179487054,0.08720206497901008,-0.15427581568723098,-1.0
58025-01-09 02:00:00,1.9149,-0.1209773539928477,-0.020014194324209277,-0.38706529227764375,-1.0
58025-01-19 12:00:00,1.9059,-0.11219512195121867,-0.3248716093219268,-0.5923044819321167,-1.0
58025-01-29 22:00:00,1.9107,-0.09198113207547004,-0.3352318964067185,-0.382541965885564,-1.0
58025-02-09 08:00:00,1.9152,-0.05869074492099252,-0.16843151565855177,-0.22047371018682765,-0.7913349829196852
58025-02-19 18:00:00,1.911,-0.03507728894173584,-0.15216646901173647,-0.3190354316380374,-0.852356297095479
58025-03-02 04:00:00,1.9081,-0.11096938775510135,-0.19292298043987655,-0.37306497602685484,-1.0
58025-03-12 14:00:00,1.9024,-0.11245235069885445,-0.348338117332341,-0.4986664018376692,-1.0
58025-03-23 00:00:00,1.9041,-0.20882352941176535,-0.35129875704833863,-0.39067584530214783,-0.9892315138295541
58025-04-02 10:00:00,1.8992,-0.197709923664122,-0.44984299655671456,-0.46220727238331527,-1.0
58025-04-12 20:00:00,1.8994,-0.19465648854961853,-0.4536689982385982,-0.40226106916119864,-0.699363906987168
58025-04-23 06:00:00,1.8985,-0.18253968253968195,-0.42890870930974506,-0.3763249258038329,-0.8433807198539097
58025-05-03 16:00:00,1.9018,-0.1010273972602746,-0.2643092151963002,-0.26675778510436865,-0.38880344497701547
58025-05-14 02:00:00,1.8984,-0.1637931034482763,-0.21509291777348427,-0.3153845738214196,-0.5337937648283304
58025-05-24 12:00:00,1.9001,-0.20383912248629327,-0.09184928070088583,-0.2600149355381737,-0.15376994651848572
58025-06-03 22:00:00,1.9024,-0.12626262626262724,0.08900514921349,-0.17911039228343528,0.4689372959443113
58025-06-14 08:00:00,1.8989,-0.07954545454545453,0.1274745948798792,-0.26245715003152015,0.20717513334932044
58025-06-24 18:00:00,1.9101,-0.005952380952382652,0.5022406901452182,0.1154666204933178,1.0
58025-07-05 04:00:00,1.9018,-0.12361623616236428,0.4994470124490056,-0.15055099812576272,0.4381226867294337
58025-07-15 14:00:00,1.9059,-0.04713493530499252,0.6199200639749997,0.012699971166970636,1.0
58025-07-26 00:00:00,1.8998,-0.07242582897033267,0.5130518909279833,-0.21037916872971102,0.4991206422444114
58025-08-05 10:00:00,1.8918,-0.08892617449664691,0.2128234218757889,-0.5111894420699148,-0.9174657357520447
58025-08-15 20:00:00,1.8915,-0.1082474226804131,0.030764712371850845,-0.4490335989078723,-1.0
58025-08-26 06:00:00,1.8892,-0.08992805755395783,-0.12596439016511068,-0.4705751333468264,-1.0
58025-09-05 16:00:00,1.8951,-0.03507340946166404,-0.01965079456500052,-0.23135956466890673,-1.0
58025-09-16 02:00:00,1.894,-0.03658536585366012,0.04226739270546643,-0.2595753024811022,-1.0
58025-09-26 12:00:00,1.8923,-0.07929883138564187,0.05555402597461661,-0.31021520510797373,-1.0
58025-10-06 22:00:00,1.8903,-0.06923076923076943,0.028804625955251312,-0.35888073828614386,-1.0
58025-10-17 08:00:00,1.8904,-0.08523725834797735,0.03941915087391004,-0.31859127976061175,-1.0
58025-10-27 18:00:00,1.8886,-0.12234042553191565,0.017506306972169965,-0.35455373194990636,-1.0
58025-11-07 04:00:00,1.8889,-0.09398496240601562,0.037435884320686195,-0.3074793250874323,-1.0
58025-11-17 14:00:00,1.89,-0.23317865429234513,0.10574565870763442,-0.24004905244077118,-1.0
58025-11-28 00:00:00,1.8947,-0.0898734177215178,0.3053363713994433,-0.04089025179772671,-0.9809158717425862
58025-12-08 10:00:00,1.8995,-0.07960199004975116,0.5789631649840439,0.15048067530689613,-0.7136354064149307
58025-12-18 20:00:00,1.9086,0.10185185185185364,1.0,0.4574653286733106,-0.2548210991100518
58025-12-29 06:00:00,1.9138,0.2722772277227741,1.0,0.550217532175763,0.17507816833491527
58026-01-08 16:00:00,1.9107,0.2222222222222251,1.0,0.4001535478658024,-0.2960364676814951
58026-01-19 02:00:00,1.9073,0.2042889390519198,1.0,0.3100315870518322,-0.7164159443370816
58026-01-29 12:00:00,1.9024,0.08429561200923952,1.0,0.15818191723539354,-0.9800290605185579
58026-02-08 22:00:00,1.8984,0.047619047619050114,0.7924900116759018,0.048547782791693805,-1.0
58026-02-19 08:00:00,1.904,0.11676646706586746,0.7114051182021808,0.21529565407629647,-0.9241471191319408
58026-03-01 18:00:00,1.8981,0.07222222222222097,0.4570097261721387,0.022336604363463297,-1.0
58026-03-12 04:00:00,1.8985,0.07458563535911633,0.289644296823989,0.024275644851392553,-0.8138410027448106
58026-03-22 14:00:00,1.897,0.07777777777777761,0.1296408985001317,-0.037323709854166665,-1.0
58026-04-02 00:00:00,1.9028,0.1168067226890761,0.19481276387184002,0.14090864131973835,-0.6728057592904043
58026-04-12 10:00:00,1.9042,0.11872909698996681,0.2691963491602321,0.169656319911348,-0.34598129423725915
58026-04-22 20:00:00,1.9066,0.10347826086956557,0.3739461028336827,0.22470085979619236,0.03771792196562684
58026-05-03 06:00:00,1.9029,0.030141843971631888,0.31384297302415165,0.08633603033168158,-0.34427268979284414
58026-05-13 16:00:00,1.903,-0.059071729957806574,0.26344879925468595,0.07188087025805368,-0.12886075723724058
58026-05-24 02:00:00,1.9074,-0.06866952789699532,0.34633411180431123,0.21184232335400788,0.05522557191196142
58026-06-03 12:00:00,1.9096,-0.012035010940920132,0.44359040456957405,0.28185885813414535,0.4810605284651703
58026-06-13 22:00:00,1.9077,0.004524886877827594,0.42441303431405497,0.18820136975616797,-0.7724251012129536
58026-06-24 08:00:00,1.9098,0.08937198067632646,0.44871650280756925,0.2711114389795942,0.35304372261245054
58026-07-04 18:00:00,1.9078,0.1192893401015207,0.3786444278395165,0.14819521464312235,0.16888271918867115
58026-07-15 04:00:00,1.9208,0.17948717948717952,0.6888094401265414,0.6512976321064716,0.7289631457714124
58026-07-25 14:00:00,1.9213,0.280193236714975,0.8556540914226324,0.5819430560890173,1.0
58026-08-05 00:00:00,1.9223,0.283333333333331,0.9365244880462962,0.5267132932805574,1.0
58026-08-15 10:00:00,1.9207,0.2814726840855125,0.8814602079795878,0.4148875928506566,1.0
58026-08-25 20:00:00,1.9196,0.2245989304812832,0.756624892585068,0.33921334215430154,1.0
58026-09-05 06:00:00,1.9153,0.13771712158809069,0.49974104286825705,0.1912015366090295,0.571733081460411
58026-09-15 16:00:00,1.9166,0.12755102040816368,0.33540869845606147,0.20939181824262998,1.0
58026-09-26 02:00:00,1.9211,0.22750000000000103,0.3300729267210062,0.3127328935609154,1.0
58026-10-06 12:00:00,1.9091,0.05876685934489412,-0.056316985636683976,-0.070122425089294,0.5727801227321878
58026-10-16 22:00:00,1.91,0.026859504132230816,-0.28570227157616684,-0.06870820318224558,1.0
58026-10-27 08:00:00,1.9041,-0.05278310940499109,-0.6019202388431372,-0.2844422647302548,0.3996706037112879
58026-11-06 18:00:00,1.9056,-0.020309477756286276,-0.7392354311950435,-0.235505807169745,0.9430893543872276
58026-11-17 04:00:00,1.8993,-0.09391771019677975,-0.982556046455449,-0.4220005513433478,-1.0
58026-11-27 14:00:00,1.9025,-0.04640980735551542,-1.0,-0.31132654471748755,-1.0
58026-12-08 00:00:00,1.9024,-0.2081447963800912,-0.9708413326540942,-0.3120788622764141,-1.0
58026-12-18 10:00:00,1.9051,-0.17456896551724216,-0.8284809064936915,-0.21459284414211777,-0.6913896680332658
58026-12-28 20:00:00,1.911,-0.11013645224171426,-0.528121612907626,-0.02020908823622314,-0.2873921816443433
58027-01-08 06:00:00,1.9116,-0.09045725646123365,-0.2975314368694078,-0.006731523540654927,1.0
58027-01-18 16:00:00,1.9133,-0.06188605108054984,-0.09006514118189611,0.0446465542601977,1.0
58027-01-29 02:00:00,1.9079,-0.07115384615384679,-0.1144105548171225,-0.13753204630049876,1.0
58027-02-08 12:00:00,1.9079,-0.08579881656804889,-0.12534542269151583,-0.11984129093668688,1.0
58027-02-18 22:00:00,1.903,-0.17710371819960896,-0.2696318993945747,-0.2652805391584999,1.0
58027-03-01 08:00:00,1.9039,-0.0650000000000015,-0.32051153559939016,-0.2139594231692029,1.0
58027-03-11 18:00:00,1.905,-0.062189054726366766,-0.30362680770653855,-0.1534552715280887,1.0
58027-03-22 04:00:00,1.9006,-0.04521963824289199,-0.4045409606708762,-0.312243809159421,1.0
58027-04-01 14:00:00,1.8897,-0.16528066528066532,-0.762261529905822,-0.6229640445659665,0.5301576299946108
58027-04-12 00:00:00,1.8853,-0.1515151515151517,-1.0,-0.627860561536067,-0.06994252133260048
58027-04-22 10:00:00,1.8834,-0.21269487750556948,-1.0,-0.5957703233277365,-0.5807596172245345
58027-05-02 20:00:00,1.8915,-0.10302457466918857,-1.0,-0.313624681561688,-0.16257564000966407
58027-05-13 06:00:00,1.8971,-0.07168458781362008,-0.714358875789782,-0.1319567476909782,0.16813008506160523
58027-05-23 16:00:00,1.9029,-0.07271095152603219,-0.2754886040404424,0.04346663241996207,0.5255722727870606
58027-06-03 02:00:00,1.9036,-0.07168458781362008,0.047704640809434894,0.06777728129814609,1.0
58027-06-13 12:00:00,1.8962,-0.13902439024390179,0.045589749838095384,-0.14922560293820858,0.16408246077213834
58027-06-23 22:00:00,1.8969,-0.09683098591549244,0.0753379433419929,-0.11926983365282562,1.0
58027-07-04 08:00:00,1.928,0.11433447098976157,1.0,0.6219383401656997,1.0
58027-07-14 18:00:00,1.927,0.14285714285714368,1.0,0.5040847922644336,1.0
58027-07-25 04:00:00,1.9337,0.16592427616926586,1.0,0.541817737319799,1.0
58027-08-04 14:00:00,1.943,0.19387755102040893,1.0,0.5787990221939003,1.0
58027-08-15 00:00:00,1.9487,0.24219536757301197,1.0,0.5506858118856921,1.0
58027-08-25 10:00:00,1.9453,0.30283224400871633,1.0,0.4372490128905613,1.0
58027-09-04 20:00:00,1.9499,0.3510869565217405,1.0,0.42826333517745163,1.0
58027-09-15 06:00:00,1.9579,0.37971457696228483,1.0,0.4444248236201731,1.0
58027-09-25 16:00:00,1.9472,0.2765640516385318,1.0,0.30145529543543625,1.0
58027-10-06 02:00:00,1.9376,0.19340974212034456,1.0,0.1887334477179089,0.9290704294110059
58027-10-16 12:00:00,1.8929,-0.03481894150417841,-0.36110560095877053,-0.24090183402469495,0.41507630812610363
58027-10-26 22:00:00,1.8791,-0.07817485641352911,-1.0,-0.35906058665694074,-0.2758516189299226
58027-11-06 08:00:00,1.876,-0.06627296587926595,-1.0,-0.37448285775623624,-0.8581450503274457
58027-11-16 18:00:00,1.8835,-0.042085427135678644,-1.0,-0.3059220607910902,-0.6205472076531755
58027-11-27 04:00:00,1.8831,-0.1747081712062254,-1.0,-0.3005420210640981,-0.9559149614798637
58027-12-07 14:00:00,1.8914,-0.13107511045655384,-1.0,-0.22135131995441,-0.869371944382234
58027-12-18 00:00:00,1.8946,-0.14777021919879002,-1.0,-0.1872895156556038,-0.7776314109547824
58027-12-28 10:00:00,1.8947,-0.19618196588139697,-1.0,-0.18074057261231707,-0.6769926049762296
58028-01-07 20:00:00,1.8947,-0.22998296422487202,-1.0,-0.17973827894533956,-0.7667860303757611
58028-01-18 06:00:00,1.9055,-0.15945512820512847,-0.9449916257632082,-0.08979463190713699,-0.4970722595290238
58028-01-28 16:00:00,1.9009,-0.1963141025641022,-0.6082769151845299,-0.11827184720965461,-0.5833327534328576
58028-02-08 02:00:00,1.9385,-0.06282383419689153,0.7439762524911311,0.20490007846926683,0.02119811204457102
58028-02-18 12:00:00,1.9777,0.08337889557135048,1.0,0.4760989206930101,1.0
58028-02-28 22:00:00,1.9734,0.10078828828828845,1.0,0.40530486092691687,0.5113554103807132
58028-03-10 08:00:00,1.9609,0.23383768913342518,1.0,0.30225076189243605,0.09166643128255031
58028-03-20 18:00:00,1.957,0.2874538745387457,1.0,0.2653945968875041,-0.31218551756149754
58028-03-31 04:00:00,1.9568,0.30467571644042346,1.0,0.2589585768112094,-0.45466120846743663
58028-04-10 14:00:00,1.9729,0.31657223796034084,1.0,0.3574926785414193,-0.032761374438159574
58028-04-21 00:00:00,1.9756,0.32229965156794493,1.0,0.3508515089580705,0.39616027918177893
58028-05-01 10:00:00,1.9763,0.31236203090507786,1.0,0.32748854706170205,0.9085191322390181
58028-05-11 20:00:00,1.9792,0.311946902654868,1.0,0.3101085340955233,1.0
58028-05-22 06:00:00,1.9746,0.2851534618129904,1.0,0.25587299353443504,0.8745988870916435
58028-06-01 16:00:00,1.982,0.2959322033898303,1.0,0.2756318894941794,1.0
58028-06-12 02:00:00,1.9784,0.25980042765502465,1.0,0.23018738815179585,0.7364235948538217
58028-06-22 12:00:00,1.9704,0.24182324286708345,0.7691777070095707,0.15865746356079147,0.3708067138475506
58028-07-02 22:00:00,1.9655,0.12162162162162193,0.1287376283895656,0.10540278040379847,0.08916180450725764
58028-07-13 08:00:00,1.9651,-0.08725761772853141,-0.3557158898945953,0.08265970441303205,-0.31475474723304947
58028-07-23 18:00:00,1.9588,-0.09838274932614516,-0.8879147464155701,0.0054564821840290545,-0.66053619635373
58028-08-03 04:00:00,1.9473,-0.09289617486338819,-1.0,-0.1488110341301005,-0.9428773405734365
58028-08-13 14:00:00,1.9476,-0.06752873563218431,-1.0,-0.20196341752092906,-0.49079172953854777
58028-08-24 00:00:00,1.955,-0.011718750000000056,-1.0,-0.21468137580455265,-0.23812459037419703
58028-09-03 10:00:00,1.956,-0.1369529983792554,-1.0,-0.24109342847018989,-0.022345432743662397
58028-09-13 20:00:00,1.958,-0.14426229508196725,-1.0,-0.17551597200684077,0.3824887173550397
58028-09-24 06:00:00,1.9551,-0.1677215189873404,-1.0,-0.2201972940862404,0.19799922226826244
58028-10-04 16:00:00,1.9579,-0.16877971473851133,-1.0,-0.1509537132572898,0.6866230670410319
58028-10-15 02:00:00,1.9663,-0.062032884902840035,-1.0,0.031625586536919714,0.9915945170050438
58028-10-25 12:00:00,1.9574,-0.1798245614035096,-1.0,-0.17641269024459721,0.5803244545275209
58028-11-04 22:00:00,1.9586,-0.1500000000000017,-0.9760553715918757,-0.13277661942363977,0.8886968670295049
58028-11-15 08:00:00,1.957,-0.1124161073825507,-0.956500313198264,-0.1518351589093508,0.17475710565577446
58028-11-25 18:00:00,1.9575,-0.07246376811594302,-0.9045872314888967,-0.12185001887582103,0.5466077781116687
58028-12-06 04:00:00,1.9521,-0.10797342192691245,-1.0,-0.23637197545319155,0.3517096721116787
58028-12-16 14:00:00,1.9453,-0.11120263591433466,-1.0,-0.37533832596617045,-0.08352500888971952
58028-12-27 00:00:00,1.9532,0.05166374781085892,-1.0,-0.15422509181854532,0.46406881017718576
58029-01-06 10:00:00,1.9477,0.0008025682182984939,-1.0,-0.3300665579272789,0.2802367095478812
58029-01-16 20:00:00,1.9467,-0.07423971377459843,-1.0,-0.3486037100883708,-0.3010604337097939
58029-01-27 06:00:00,1.9475,-0.07630161579892353,-1.0,-0.29169392893606894,-0.04696362734843859
58029-02-06 16:00:00,1.9494,-0.07733812949640345,-0.9202154079500301,-0.19441456060561907,0.14441735653976914
58029-02-17 02:00:00,1.9517,-0.030909090909091996,-0.7181671660162796,-0.07652969217083994,0.3579389422193839
58029-02-27 12:00:00,1.9522,-0.054079696394688015,-0.5433465434845773,-0.06702966531751203,1.0
58029-03-09 22:00:00,1.953,-0.14745011086474535,-0.3847860632814386,-0.043398797000692435,1.0
58029-03-20 08:00:00,1.9518,-0.07486631016042916,-0.30206273076334095,-0.09444099269595257,0.6607713517509909
58029-03-30 18:00:00,1.9465,-0.14578313253012098,-0.389852432096327,-0.31830370288419313,-0.5810923152416699
58029-04-10 04:00:00,1.9525,-0.04901960784313908,-0.2501358285726043,-0.022686838584963287,1.0
58029-04-20 14:00:00,1.9532,-0.04663774403470661,-0.1288348579686836,0.015759951145218998,1.0
58029-05-01 00:00:00,1.9515,-0.0070754716981123456,-0.09499433597784265,-0.05249701620346836,0.8103332569875098
58029-05-11 10:00:00,1.9506,0.07260273972602471,-0.09424555021142351,-0.07590206051383308,0.10441844358300915
58029-05-21 20:00:00,1.9547,0.02293577981651418,0.03146404940988857,0.20766396636362983,0.867483983987541
58029-06-01 06:00:00,1.9556,0.14056939501779164,0.13569807498933065,0.29865224171309257,1.0
58029-06-11 16:00:00,1.9504,0.05727554179566152,0.04315586804092967,-0.05906498965048379,0.8582411369220023
58029-06-22 02:00:00,1.951,0.05451713395638569,0.00084174947909114,0.015041716243957226,1.0
58029-07-02 12:00:00,1.9518,0.03870967741935316,-0.001953058025693382,0.087348690364901,1.0
58029-07-12 22:00:00,1.9477,-0.06097560975609606,-0.12244295765659398,-0.30917919130276383,1.0
58029-07-23 08:00:00,1.95,-0.031791907514449824,-0.12383256218777285,-0.07546603885020037,1.0
58029-08-02 18:00:00,1.9512,-0.025714285714285412,-0.08223315888999295,0.025365714839986064,1.0
58029-08-13 04:00:00,1.9529,0.015492957746479963,-0.0011297096837210596,0.17946290773266804,1.0
58029-08-23 14:00:00,1.959,0.17217630853994426,0.22854844661786064,0.6638681129921775,1.0
58029-09-03 00:00:00,1.9618,0.1404833836857995,0.44274183051655136,0.6803977075939487,1.0
58029-09-13 10:00:00,1.9576,0.06010928961748507,0.4312550604342806,0.3354932854420126,1.0
58029-09-23 20:00:00,1.9638,0.14963503649634868,0.5806307434974303,0.5986395643613927,1.0
58029-10-04 06:00:00,1.9646,0.17073170731707277,0.6645093581005342,0.5298257528523436,1.0
58029-10-14 16:00:00,1.9602,0.06658595641646303,0.550076490479292,0.2818709990387176,1.0
58029-10-25 02:00:00,1.9567,0.012528473804101492,0.34228562592227396,0.09511522464687083,0.9552057877985004
58029-11-04 12:00:00,1.957,0.08461538461538742,0.1966925357456215,0.09914967881156045,1.0
58029-11-14 22:00:00,1.9562,0.06632653061224392,0.06525189926476657,0.050619479036993154,0.6916406764585761
58029-11-25 08:00:00,1.9508,-0.011415525114154113,-0.1844610396015881,-0.22368476148330968,0.3486871030445706
58029-12-05 18:00:00,1.9469,-0.009174311926604561,-0.45113602109749834,-0.39363273350272265,-0.1536161916534942
58029-12-16 04:00:00,1.9448,-0.05990783410138151,-0.6610451613282722,-0.4311153721404461,-0.8032392476217669
58029-12-26 14:00:00,1.9439,-0.08468677494199695,-0.7879377673376697,-0.4108940729338152,-1.0
58030-01-06 00:00:00,1.9469,-0.06756756756756799,-0.7408387420183502,-0.2736884333523262,-0.8242188571046069
58030-01-16 10:00:00,1.9487,-0.12842892768079828,-0.6203919853713893,-0.1947626373539842,-0.6717661807423
58030-01-26 20:00:00,1.9443,-0.20983213429256636,-0.6393251968620721,-0.3364816899463621,-0.9980759379952214
58030-02-06 06:00:00,1.9418,-0.1975000000000003,-0.6878693325073216,-0.39675351338331194,-1.0
58030-02-16 16:00:00,1.9366,-0.3487179487179479,-0.8294447859054719,-0.4957975639118293,-1.0
58030-02-27 02:00:00,1.9416,-0.2662037037037033,-0.7231442725794357,-0.308803126025359,-1.0
58030-03-09 12:00:00,1.9288,-0.30426356589147247,-0.9834785765037978,-0.5605793077017918,-1.0
58030-03-19 22:00:00,1.9302,-0.2676767676767702,-1.0,-0.4508652219560477,-1.0
58030-03-30 08:00:00,1.9321,-0.24363992172211524,-0.9602798433592681,-0.3629149334392387,-1.0
58030-04-09 18:00:00,1.9235,-0.27758913412563757,-1.0,-0.4788382684939749,-1.0
58030-04-20 04:00:00,1.9258,-0.2240143369175645,-1.0,-0.38809701677297365,-0.47794584822728503
58030-04-30 14:00:00,1.9152,-0.2536000000000014,-1.0,-0.5322398457750076,-1.0
58030-05-11 00:00:00,1.9187,-0.20422535211267656,-1.0,-0.41336320714462754,-0.21339640605650403
58030-05-21 10:00:00,1.9053,-0.25261780104712084,-1.0,-0.562686274955158,-0.9144415918494686
58030-05-31 20:00:00,1.9151,-0.19110576923077022,-1.0,-0.3518050042634415,-0.07252666138110102
58030-06-11 06:00:00,1.9146,-0.20818070818070922,-0.9901653789650381,-0.32950759671764607,-0.8237027770117041
58030-06-21 16:00:00,1.9126,-0.19937106918239023,-0.8257373965385179,-0.3307022729220801,-1.0
58030-07-02 02:00:00,1.9148,-0.17045454545454602,-0.5803813726054656,-0.26366223248105924,0.35204516967915256
58030-07-12 12:00:00,1.9218,-0.09135802469135945,-0.15613492164818302,-0.11868190855740851,1.0
58030-07-22 22:00:00,1.9231,-0.11966364812419167,0.19245251248762582,-0.07759315017053486,1.0
58030-08-02 08:00:00,1.9209,-0.059220389805097806,0.37303760846365713,-0.10171583892595515,1.0
58030-08-12 18:00:00,1.9141,-0.11165048543689321,0.30412089706037315,-0.22702978861817408,0.3282225442081359
58030-08-23 04:00:00,1.9185,-0.09115281501340339,0.4077202682023591,-0.10734408252301852,0.7650685430009688
58030-09-02 14:00:00,1.9291,0.03655352480417773,0.7935421364692639,0.1941203375005831,1.0
58030-09-13 00:00:00,1.9241,-0.010718789407314189,0.8801787901183096,0.07808121763331932,0.9320491366012484
58030-09-23 10:00:00,1.9285,0.09097127222982204,1.0,0.269681963080878,1.0
58030-10-03 20:00:00,1.9293,0.07528409090909005,1.0,0.2957046221005314,1.0
58030-10-14 06:00:00,1.9224,0.13380281690140872,0.9732172011070412,0.07077777805392493,1.0
58030-10-24 16:00:00,1.9242,0.08139534883720811,0.8887205659862962,0.16350049307586445,1.0
58030-11-04 02:00:00,1.9244,0.0881294964028776,0.815681214025583,0.16887783759015695,1.0
58030-11-14 12:00:00,1.9335,0.1666666666666654,1.0,0.47062924752371604,1.0
58030-11-24 22:00:00,1.9327,0.14600326264274055,1.0,0.3880262165414098,0.9201661983959698
58030-12-05 08:00:00,1.9326,0.09926470588235381,1.0,0.34275289384491237,0.5192025991035578
58030-12-15 18:00:00,1.9243,0.009771986970682933,0.7779359527351746,0.048212702986918266,-0.1891777551653474
58030-12-26 04:00:00,1.9205,-0.0031746031746028303,0.4549268380698338,-0.11024253144231716,-0.5550690555054096
58031-01-05 14:00:00,1.9237,0.08080808080808144,0.3305960808842498,-0.0022877282778411834,0.2725315998043983
58031-01-16 00:00:00,1.9257,0.0631578947368413,0.30163083249913103,0.05955592038397961,0.6411553392366133
58031-01-26 10:00:00,1.93,0.00887573964496946,0.400211965628485,0.23912503704267452,1.0
58031-02-05 20:00:00,1.9244,0.002923976608188994,0.2845142383231345,-0.04507695647404841,0.5674308847848013
58031-02-16 06:00:00,1.9254,-0.032359081419625846,0.2320222807573232,-0.0007553829314872473,0.9455948901804107
58031-02-26 16:00:00,1.9284,-0.00898203592814506,0.27957997298471055,0.1334843162617213,1.0
58031-03-09 02:00:00,1.9271,0.05280898876404516,0.26156376728584996,0.04080882310778766,0.9769361421918059
58031-03-19 12:00:00,1.9263,0.02413793103448303,0.21734804737687863,-0.03693314816982479,0.16545337712292674
58031-03-29 22:00:00,1.9244,0.0,0.12651762585872306,-0.1530692342587075,-0.34558161526329473
58031-04-09 08:00:00,1.921,-0.1582278481012685,-0.03271482230875663,-0.3615853131705138,-1.0
58031-04-19 18:00:00,1.9223,-0.13000000000000506,-0.08960361417821837,-0.24952912835118563,-1.0
58031-04-30 04:00:00,1.9214,-0.13725490196078866,-0.1431906249846077,-0.27789640965172957,-1.0
58031-05-10 14:00:00,1.9236,-0.010086455331411337,-0.10134622034963486,-0.14235518006864517,-1.0
58031-05-21 00:00:00,1.925,0.06965944272445934,-0.02493406097961159,-0.054340764142357945,-0.6339618601997775
58031-05-31 10:00:00,1.9242,0.008361204013377144,0.005164006265164524,-0.10563772795435766,-1.0
58031-06-10 20:00:00,1.9181,-0.11176470588235582,-0.1496143746133321,-0.4613227376253604,-1.0
58031-06-21 06:00:00,1.918,-0.2013422818791989,-0.23718316648587623,-0.43520009449570035,-1.0
58031-07-01 16:00:00,1.9168,-0.14960629921260293,-0.30951103545829617,-0.48790288916524316,-1.0
58031-07-12 02:00:00,1.9204,-0.08928571428571375,-0.22808374445427215,-0.208910172340544,-1.0
58031-07-22 12:00:00,1.9222,-0.11567164179104666,-0.1064239496045774,-0.08814419627041864,-0.5173229452261477
58031-08-01 22:00:00,1.9217,-0.10384615384615692,-0.0326244461812498,-0.11636052737189373,-1.0
58031-08-12 08:00:00,1.9207,-0.10687022900763293,-0.007169832515464191,-0.17024961783700948,-1.0
58031-08-22 18:00:00,1.917,-0.1321428571428605,-0.09191921187311915,-0.40709737862472384,-1.0
58031-09-02 04:00:00,1.9172,-0.07661290322580855,-0.12757942773294448,-0.3482834843390994,-1.0
58031-09-12 14:00:00,1.9093,-0.20700636942675232,-0.3660643240883609,-0.6773402761003188,-1.0
58031-09-23 00:00:00,1.914,-0.10511363636363841,-0.3516128610535774,-0.37473245261982524,-1.0
58031-10-03 10:00:00,1.916,-0.10857142857143032,-0.25716628219076093,-0.23786767895906558,-0.8604358675018745
58031-10-13 20:00:00,1.9151,-0.14347826086956744,-0.20135060838847643,-0.26735192214037173,-1.0
58031-10-24 06:00:00,1.916,-0.11849710982659173,-0.11982552102069645,-0.190850478120353,-0.5556387608165697
58031-11-03 16:00:00,1.9225,0.06285714285714639,0.13680285895667305,0.21492761885813672,0.2449937662293397
58031-11-14 02:00:00,1.9231,0.07183098591549564,0.31769661059227705,0.2477112637708596,1.0
58031-11-24 12:00:00,1.9235,0.0965417867435161,0.43509345935674226,0.2602748670425272,1.0
58031-12-04 22:00:00,1.9202,-0.0029069767441889938,0.3978562512389386,0.07207558513978729,1.0
58031-12-15 08:00:00,1.9204,-0.027439024390240985,0.3666112177921663,0.10523792049657121,1.0
58031-12-25 18:00:00,1.9121,-0.1182266009852217,0.09252921290178036,-0.4006953254544539,0.6185709948921646
58032-01-05 04:00:00,1.9128,-0.09801488833746808,-0.057653624659239525,-0.32162648146706097,1.0
58032-01-15 14:00:00,1.9107,-0.08139534883720811,-0.2036694794078259,-0.39856122347905104,0.41540980758876817
58032-01-26 00:00:00,1.9151,-0.024475524475524202,-0.1497704765067691,-0.13788264557640445,0.8310658529436326
58032-02-05 10:00:00,1.9059,-0.038461538461538824,-0.36888496836956824,-0.5435111914541928,0.10966329004570118
58032-02-15 20:00:00,1.9133,-0.007462686567163257,-0.26364387288203667,-0.15494686004278735,0.8209278607869843
58032-02-26 06:00:00,1.9114,-0.049145299145297805,-0.23069832241785596,-0.22825812705319976,-0.02713539535412921
58032-03-07 16:00:00,1.9121,-0.0321888412017175,-0.16859368014036524,-0.1725293055555564,0.8481452013230198
58032-03-18 02:00:00,1.914,-0.02100840336134424,-0.05615768786517836,-0.06494868269540416,1.0
58032-03-28 12:00:00,1.9145,-0.09615384615384459,0.04131150786827711,-0.031690331016939965,1.0
58032-04-07 22:00:00,1.915,-0.09759036144578126,0.1241961519008474,-0.021232884198940205,1.0
58032-04-18 08:00:00,1.9112,-0.13697104677059863,0.06815865531468253,-0.2188621187599179,0.7807420988070194
58032-04-28 18:00:00,1.9066,-0.1471861471861432,-0.09545456018677768,-0.40858767700063653,0.18885932647344852
58032-05-09 04:00:00,1.9071,-0.1430107526881716,-0.169262665490553,-0.34404223233820863,0.8661270029388792
58032-05-19 14:00:00,1.9056,-0.08186397984886523,-0.24073834921786352,-0.3672685876297072,-0.006169231799950436
58032-05-30 00:00:00,1.9101,-0.03103448275862236,-0.13182472631517808,-0.14816979169313194,0.25277355233797516
58032-06-09 10:00:00,1.9057,-0.054585152838429185,-0.1742927648806016,-0.3329258263632859,-0.1552752410064657
58032-06-19 20:00:00,1.9082,-0.07858769931663007,-0.1081938039817942,-0.19593370690041018,0.5240702819600744
58032-06-30 06:00:00,1.9074,0.021126760563381253,-0.07331307612109997,-0.22661186250507848,0.06267911024083397
58032-07-10 16:00:00,1.9111,-0.034591194968553285,0.07131312685394323,0.046659241870536716,0.5233493339666897
58032-07-21 02:00:00,1.9093,-0.03312302839116721,0.11690241288751915,-0.08168019955336997,0.10623954189390536
58032-07-31 12:00:00,1.9122,0.00147492625368717,0.2345558977781647,0.14612519842052663,0.4340539467972012
58032-08-10 22:00:00,1.9077,-0.08630136986301395,0.17529638497649325,-0.18985089806916883,0.011735736836241212
58032-08-21 08:00:00,1.912,-0.031017369727049604,0.2639848551141446,0.16063831650520777,0.5186215679379378
58032-08-31 18:00:00,1.9114,-0.04455445544554559,0.29753739316843875,0.09407685725125159,0.24981096786353807
58032-09-11 04:00:00,1.9135,0.029715762273901825,0.3726790910693574,0.27099055163893604,0.7027362562236568
58032-09-21 14:00:00,1.9142,0.10919540229884972,0.4283521797790028,0.3061440017739062,0.9293605018860851
58032-10-02 00:00:00,1.9109,0.05053191489361819,0.3515067280943516,0.042297151108779296,0.5553417474294555
58032-10-12 10:00:00,1.911,0.07458563535911833,0.29378646746378667,0.06531456667002633,0.7906390144945468
58032-10-22 20:00:00,1.9108,0.010971786833858244,0.24167810746726015,0.06802512517321013,0.41402465170842456
58032-11-02 06:00:00,1.91,0.07597173144876401,0.17780476859714303,0.020012591529093404,0.26977188943826624
58032-11-12 16:00:00,1.9103,0.04022988505747571,0.1415162964371174,0.05494136436801855,1.0
58032-11-23 02:00:00,1.9095,0.04022988505747105,0.09208140712534794,-0.04222998735542738,-0.012193025729058522
58032-12-03 12:00:00,1.9063,-0.09374999999999895,-0.03306454538854801,-0.3671810433724356,-0.8251604643219466
58032-12-13 22:00:00,1.905,-0.08565737051792799,-0.1437289291808718,-0.4864283460335564,-1.0
58032-12-24 08:00:00,1.9043,-0.17248908296942844,-0.22172456657454534,-0.47272497355801607,-1.0
58033-01-03 18:00:00,1.9078,0.0022831050228308003,-0.1524077737025772,-0.17370418755985645,-0.7035626349107259
58033-01-14 04:00:00,1.8949,-0.2803278688524597,-0.4713717248206254,-0.8315560140842226,-1.0
58033-01-24 14:00:00,1.8966,-0.23417721518987333,-0.5909701139854019,-0.5856309096785873,-1.0
58033-02-04 00:00:00,1.8939,-0.30434782608695743,-0.7060568840811149,-0.5738163180778493,-1.0
58033-02-14 10:00:00,1.9011,-0.16925064599482992,-0.5225310621659274,-0.24813744466335447,-0.8238812606495329
58033-02-24 20:00:00,1.909,-0.02193995381062358,-0.1398967125927892,0.08266696396321116,0.028618851177152453
58033-03-07 06:00:00,1.9215,0.0942549371633743,0.48167993203721804,0.504620545713814,1.0
58033-03-17 16:00:00,1.9287,0.14274322169058928,1.0,0.610240509076442,1.0
58033-03-28 02:00:00,1.9263,0.1267496111975106,1.0,0.4647024856975708,1.0
58033-04-07 12:00:00,1.9451,0.21014492753623049,1.0,0.7040925154874262,1.0
58033-04-17 22:00:00,1.9365,0.1490066225165566,1.0,0.45635116768226824,1.0
58033-04-28 08:00:00,1.9307,0.13090128755364738,1.0,0.31519571835877147,0.4042546126499155
58033-05-08 18:00:00,1.9564,0.21853741496598555,1.0,0.6027266499713477,1.0
58033-05-19 04:00:00,1.9584,0.2275021026072318,1.0,0.5212732363736468,1.0
58033-05-29 14:00:00,1.9474,0.1566455696202531,1.0,0.3394936568927538,1.0
58033-06-09 00:00:00,1.9512,0.23998294970161904,1.0,0.3433659336409758,1.0
58033-06-19 10:00:00,1.9491,0.22302463891248858,1.0,0.2875688903272632,1.0
58033-06-29 20:00:00,1.9473,0.22859589041095885,1.0,0.24192684331911607,1.0
58033-07-10 06:00:00,1.9445,0.19306049822063953,0.793656291791404,0.19020330316182754,0.6188094632499077
58033-07-20 16:00:00,1.9386,0.1340579710144929,0.2819134338544098,0.10757421993512306,0.27348289389003283
58033-07-31 02:00:00,1.9329,0.0550193050193053,-0.2572593744452057,0.028320381320461663,-0.3413212269498154
58033-08-10 12:00:00,1.9314,0.013789581205311041,-0.6625317909307928,-0.011977558040532965,-0.8209123567142965
58033-08-20 22:00:00,1.9232,-0.01494696239151344,-1.0,-0.14801367029112383,-1.0
58033-08-31 08:00:00,1.9251,-0.11520737327188985,-1.0,-0.1667417839251436,-0.7695511724769568
58033-09-10 18:00:00,1.9197,-0.10047846889952256,-1.0,-0.30591687874552,-1.0
58033-09-21 04:00:00,1.9138,-0.10095579450418263,-1.0,-0.4355150658628113,-1.0
58033-10-01 14:00:00,1.9163,-0.3314049586776862,-1.0,-0.3719400238366704,-0.9494019012420444
58033-10-12 00:00:00,1.9228,-0.273846153846152,-1.0,-0.24023118163270935,-0.6335156242848552
58033-10-22 10:00:00,1.9236,-0.21715328467153255,-1.0,-0.22115950000633255,-0.49214834324898055
58033-11-01 20:00:00,1.9194,-0.2880434782608694,-1.0,-0.26903226018373205,-0.5135748916387244
58033-11-12 06:00:00,1.9183,-0.28413284132841354,-1.0,-0.26404710098795214,-0.5983686573318953
58033-11-22 16:00:00,1.9243,-0.19691780821917831,-0.9177735576441707,-0.15284996920290572,-0.4195843849966961
58033-12-03 02:00:00,1.925,-0.17317939609236022,-0.6682594450481565,-0.121998362122824,-0.17087084671868025
58033-12-13 12:00:00,1.9231,-0.14818355640535313,-0.5331319637603776,-0.1394062002181436,-0.4304288579042213
58033-12-23 22:00:00,1.9257,-0.07317073170731747,-0.3445944283623111,-0.06720831487458356,-0.16866253785328755
58034-01-03 08:00:00,1.9217,-0.09381044487427453,-0.32377356215713776,-0.13714732324799028,-0.9205541190328009
58034-01-13 18:00:00,1.9229,-0.0033557046979861838,-0.25708019198217924,-0.0871832255308842,-0.7467295311346408
58034-01-24 04:00:00,1.921,-0.045861297539149415,-0.2547715069111609,-0.12519046055972327,-0.9087705472467831
58034-02-03 14:00:00,1.9196,-0.0012285012285010444,-0.27780559231751667,-0.1673187872552499,-1.0
58034-02-14 00:00:00,1.9184,0.06388888888889066,-0.30906231449229965,-0.2203323464249627,-1.0
58034-02-24 10:00:00,1.9198,0.050143266475645376,-0.2674560906479857,-0.12697016947902107,-1.0
58034-03-06 20:00:00,1.9217,-0.01815181518151987,-0.16719961220818624,0.034562854931793896,-1.0
58034-03-17 06:00:00,1.9191,-0.07009345794392435,-0.16603068780764735,-0.1578828130027069,-1.0
58034-03-27 16:00:00,1.918,-0.02413793103448386,-0.1829928257782241,-0.22353274268340428,-1.0
58034-04-07 02:00:00,1.9213,0.04807692307692468,-0.08194956299119226,0.042163738846547005,-1.0
58034-04-17 12:00:00,1.9179,-0.11188811188811054,-0.10705841438553687,-0.29312355601804385,-1.0
58034-04-27 22:00:00,1.9204,-0.07565789473684054,-0.03795541700303013,-0.08317393050576743,-0.9590771908484181
58034-05-08 08:00:00,1.9227,-0.0064935064935058295,0.08084069593098105,0.15669239541537983,-0.6980732735686113
58034-05-18 18:00:00,1.9234,-0.03979238754325187,0.17780326343640643,0.23159250599152437,-0.4436853688874162
58034-05-29 04:00:00,1.9252,0.0655430711610494,0.28760863464526076,0.3707440127000807,-0.0518912857777282
58034-06-08 14:00:00,1.9239,0.018656716417908226,0.3088254861663751,0.218818007446688,-0.18235701963927572
58034-06-19 00:00:00,1.9253,0.08174904942965666,0.3512849929325214,0.34745846772738054,0.15303199562927597
58034-06-29 10:00:00,1.9259,0.123529411764705,0.3807482940546629,0.3921343178809542,0.6312941113096658
58034-07-09 20:00:00,1.9262,0.15853658536584858,0.39092191669076876,0.38154682244700655,1.0
58034-07-20 06:00:00,1.9234,0.06923076923076943,0.297354391338333,0.14345045532508616,1.0
58034-07-30 16:00:00,1.9266,0.08974358974359087,0.3176229828414392,0.3939734511447225,1.0
58034-08-10 02:00:00,1.924,0.0897435897435862,0.23864464264088187,0.15824442378598802,1.0
58034-08-20 12:00:00,1.9254,0.13405797101449157,0.21747772081906935,0.25499053013626516,1.0
58034-08-30 22:00:00,1.9254,0.08436213991769381,0.19241237948189285,0.23071018797222875,1.0
58034-09-10 08:00:00,1.923,0.10944206008583768,0.09592627414334413,0.006374813671390145,0.8103903304868332
58034-09-20 18:00:00,1.9232,0.06666666666666421,0.03518813416308331,0.009453329310588399,0.8693256606925566
58034-10-01 04:00:00,1.9235,0.02105263157894488,0.002870449522232188,0.029524196028090754,1.0
58034-10-11 14:00:00,1.9219,-0.03768844221105622,-0.06524631816899058,-0.14502184183823452,0.908509277677321
58034-10-22 00:00:00,1.9223,-0.07837837837838096,-0.09387114611910784,-0.14529617816552437,1.0
58034-11-01 10:00:00,1.9187,-0.12499999999999739,-0.21244989596674987,-0.5007422360130809,0.8383593753621018
58034-11-11 20:00:00,1.9203,-0.11904761904762362,-0.2293621292877732,-0.38398536844508113,1.0
58034-11-22 06:00:00,1.9188,-0.16210045662100486,-0.2713688727365212,-0.5157178084895855,0.9044649269528916
58034-12-02 16:00:00,1.9196,-0.14732142857143032,-0.2593416018813136,-0.3834595267888631,1.0
58034-12-13 02:00:00,1.9176,-0.1342592592592623,-0.29498110684240986,-0.49585406589501774,0.7682244312010743
58034-12-23 12:00:00,1.9185,-0.20984455958549586,-0.27355123792784486,-0.3658371542998513,0.9903000213229843
58035-01-02 22:00:00,1.919,-0.14534883720930397,-0.2284934232956641,-0.29057739165015006,1.0
58035-01-13 08:00:00,1.9198,-0.16867469879518948,-0.16173570114670713,-0.20123712884663325,1.0
58035-01-23 18:00:00,1.9204,-0.14534883720930397,-0.09032887992942916,-0.13160856395218934,1.0
58035-02-03 04:00:00,1.9213,-0.054140127388538295,-0.010813888000801922,-0.03193853529102303,1.0
58035-02-13 14:00:00,1.9194,-0.109195402298855,-0.011855363709923019,-0.19321745632912496,1.0
58035-02-24 00:00:00,1.9187,-0.13483146067415974,-0.028380091020706058,-0.24378567053679395,1.0
58035-03-06 10:00:00,1.9172,-0.1327683615819234,-0.07696272634602795,-0.3586674550535798,0.9796740253477924
58035-03-16 20:00:00,1.9175,-0.13636363636363863,-0.09052689416704769,-0.3085987576070468,1.0
58035-03-27 06:00:00,1.9183,-0.013513513513520037,-0.06667212768836242,-0.20951467828818893,1.0
58035-04-06 16:00:00,1.9157,-0.1455696202531664,-0.11942047936721836,-0.47408339328356475,0.9891243072517663
58035-04-17 02:00:00,1.9162,-0.08783783783784493,-0.12691839928875573,-0.3801624166157762,1.0
58035-04-27 12:00:00,1.9172,-0.07999999999999913,-0.09081924707990109,-0.24267934642073663,1.0
58035-05-07 22:00:00,1.9176,0.0,-0.046542858963396924,-0.16764807021128308,1.0
58035-05-18 08:00:00,1.9194,0.03146853146852846,0.041391327226125735,0.14709002648101788,1.0
58035-05-28 18:00:00,1.9197,0.02482269503545853,0.10832742462155644,0.18790622252925104,1.0
58035-06-08 04:00:00,1.9196,-0.007462686567163479,0.1467044041409465,0.18105905872677075,1.0
58035-06-18 14:00:00,1.917,-0.11038961038961526,0.09207166769357712,-0.2548317016915179,0.8438953553637019
58035-06-29 00:00:00,1.9159,-0.17307692307692718,0.02545428782419908,-0.3895257006652723,0.5118337978497787
58035-07-09 10:00:00,1.9198,0.011363636363635132,0.10028586424195841,0.22189511715031396,1.0
58035-07-19 20:00:00,1.9205,0.0511363636363642,0.1664865660771334,0.30438094395554616,1.0
58035-07-30 06:00:00,1.9198,0.07738095238094977,0.18268037032574583,0.1886250755609712,1.0
58035-08-09 16:00:00,1.9202,0.0798816568047308,0.19828138307451681,0.24329459637530548,1.0
58035-08-20 02:00:00,1.9199,0.04878048780487887,0.19186737841586352,0.2053386532574064,1.0
58035-08-30 12:00:00,1.9204,0.1643356643356647,0.19483795885516206,0.30035302578589496,1.0
58035-09-09 22:00:00,1.9189,0.08823529411764874,0.1448802091926216,0.06765744644784677,0.5620662762220565
58035-09-20 08:00:00,1.9199,0.08823529411764286,0.13679992457051426,0.21300651806762338,1.0
58035-09-30 18:00:00,1.9194,0.05844155844155807,0.11142145462426259,0.11938908017268401,-1.0
58035-10-11 04:00:00,1.9198,0.01428571428571257,0.10247202030478476,0.16487627091943602,1.0
58035-10-21 14:00:00,1.9193,-0.014084507042251726,0.07786080313660584,0.07765739699361063,0.17048877522774944
58035-11-01 00:00:00,1.9208,0.038461538461540545,0.102756392426533,0.29795421989047455,0.7350667064207529
58035-11-11 10:00:00,1.9176,0.018518518518515936,0.020347688681156387,-0.2864263965722095,0.05574882244048546
58035-11-21 20:00:00,1.9152,-0.019999999999997464,-0.10175939983281153,-0.6185619193423654,-1.0
58035-12-02 06:00:00,1.9128,-0.21874999999999345,-0.24211568122574786,-0.7244949043309252,-1.0
58035-12-12 16:00:00,1.9142,-0.1886227544910244,-0.27540050844360614,-0.47073806626973286,-0.22690051741116457
58035-12-23 02:00:00,1.9147,-0.15454545454545143,-0.26539725716281404,-0.3678246647871727,0.6521815807665624
58036-01-02 12:00:00,1.9144,-0.1768292682926773,-0.251465613187288,-0.35357951667785026,0.09219423244506476
58036-01-12 22:00:00,1.9149,-0.15060240963855148,-0.2119446642254117,-0.28502907351735907,0.69236925077023
58036-01-23 08:00:00,1.915,-0.16666666666667124,-0.1696156450084826,-0.26696856574800104,1.0
58036-02-02 18:00:00,1.9168,-0.06363636363636443,-0.07787993340521135,-0.08684538174331541,1.0
58036-02-13 04:00:00,1.9173,-0.0812499999999991,0.0023546069078451133,-0.025656653303743338,1.0
58036-02-23 14:00:00,1.917,-0.07594936708860717,0.04788479871039464,-0.04199602363529015,1.0
58036-03-05 00:00:00,1.9175,-0.0723270440251571,0.09245131352034112,0.021474653150136858,1.0
58036-03-15 10:00:00,1.9185,-0.02439024390243638,0.1484195007615932,0.13414967132393396,1.0
58036-03-25 20:00:00,1.9189,-0.06209150326797486,0.19079862996006178,0.19057175755278544,1.0
58036-04-05 06:00:00,1.9209,0.11702127659574946,0.2685724348890408,0.37714574187518046,1.0
58036-04-15 16:00:00,1.9158,0.017857142857141017,0.1571941148456813,-0.1314145992586228,1.0
58036-04-26 02:00:00,1.9165,0.12251655629139113,0.10155003004282093,-0.04303782926427285,1.0
58036-05-06 12:00:00,1.9173,0.10689655172414025,0.08643511636876837,0.06039755549645176,1.0
58036-05-16 22:00:00,1.9168,0.07241379310344809,0.05948155216985145,0.018349732320804057,1.0
58036-05-27 08:00:00,1.9173,0.09863945578230993,0.05549043524755803,0.11026689261036582,1.0
58036-06-06 18:00:00,1.9188,0.12420382165605104,0.09507978662759056,0.2928255773712616,1.0
58036-06-17 04:00:00,1.9175,0.07396449704141783,0.07819763423453818,0.1111473677455187,0.9445249787106627
58036-06-27 14:00:00,1.9177,0.029411764705878918,0.0702849556922532,0.11859174339992185,1.0
58036-07-08 00:00:00,1.9154,-0.055555555555555636,-0.004514488825362831,-0.2381340083804686,0.7139680996778544
58036-07-18 10:00:00,1.9166,-0.011111111111109795,-0.015437297870607112,-0.07213706524491426,1.0
58036-07-28 20:00:00,1.917,-0.013966480446925611,-0.008999936224554016,-0.03099417326855558,1.0
58036-08-08 06:00:00,1.9175,-0.02873563218391112,0.010912030047665191,0.037303211238887024,1.0
58036-08-18 16:00:00,1.9219,0.07009345794392241,0.1517116148883259,0.6838191336364849,1.0
58036-08-29 02:00:00,1.921,0.0024630541871918377,0.20629637651174548,0.45935324534307376,1.0
58036-09-08 12:00:00,1.9181,0.06353591160220906,0.14530113425204508,0.029334326177761882,1.0
58036-09-18 22:00:00,1.9218,0.12559241706160862,0.20682389307020294,0.4820780934312362,1.0
58036-09-29 08:00:00,1.9193,0.043859649122807154,0.16098915726150406,0.14014520903489325,0.7585436721125637
58036-10-09 18:00:00,1.9167,-0.002008032128513859,0.04699009899743482,-0.18580156716288865,-0.13858310574271995
58036-10-20 04:00:00,1.9156,-0.03333333333333394,-0.06020616066903033,-0.2955991186241902,-1.0
58036-10-30 14:00:00,1.9143,-0.0889328063241136,-0.16320299172020938,-0.4089987953565029,-1.0
58036-11-10 00:00:00,1.9145,-0.061983471074377405,-0.21413850928119169,-0.36227880712304056,-0.3862350473060289
58036-11-20 10:00:00,1.9129,-0.09374999999999722,-0.2816743627045121,-0.47647524195487934,-1.0
58036-11-30 20:00:00,1.9123,-0.06485355648535246,-0.3263273469726138,-0.462349727144472,-1.0
58036-12-11 06:00:00,1.9148,-0.03571428571428603,-0.2633267999316189,-0.21034761663236973,-1.0
58036-12-21 16:00:00,1.9103,-0.11433447098975952,-0.33929065211600373,-0.5213955701236053,-1.0
58037-01-01 02:00:00,1.9084,-0.14820846905537194,-0.4219254439741606,-0.5495601382136978,-1.0
58037-01-11 12:00:00,1.9053,-0.2823129251700641,-0.5383743108377371,-0.6006322513189505,-1.0
58037-01-21 22:00:00,1.9061,-0.25426621160409496,-0.5551749925134508,-0.46958993778251407,-1.0
58037-02-01 08:00:00,1.907,-0.20329670329669897,-0.5044615161970769,-0.3742914163802803,-1.0
58037-02-11 18:00:00,1.9059,-0.321862348178133,-0.4711507963852784,-0.3776354547203738,-1.0
58037-02-22 04:00:00,1.9064,-0.28414096916298603,-0.4028516555090804,-0.3174247970977755,-0.9301566893335651
58037-03-04 14:00:00,1.9069,-0.23786407766989653,-0.3152846235602237,-0.26651484593722813,-0.7065752592807807
58037-03-15 00:00:00,1.906,-0.23529411764705271,-0.2602600877114992,-0.28125136166634157,-0.8306861168521027
58037-03-25 10:00:00,1.9031,-0.2545454545454464,-0.2861344580495936,-0.3762469121108601,-1.0
58037-04-04 20:00:00,1.8998,-0.29282868525896333,-0.3723482816312446,-0.45864820070036144,-1.0
58037-04-15 06:00:00,1.9006,-0.2530864197530815,-0.3716818302189556,-0.3965000607032338,-1.0
58037-04-25 16:00:00,1.9004,-0.2489539748953929,-0.3448536081889401,-0.375336591224784,-1.0
58037-05-06 02:00:00,1.9018,-0.2850877192982436,-0.2556795970729041,-0.28440293473929734,-1.0
58037-05-16 12:00:00,1.9028,-0.19430051813471122,-0.14316247836711415,-0.21504944027118755,-0.8969075865620517
58037-05-26 22:00:00,1.9013,-0.18783068783068485,-0.09434964956711937,-0.26781750822666595,-0.9420929971538141
58037-06-06 08:00:00,1.902,-0.09999999999999998,-0.023777573517392448,-0.2118898588710964,-0.6365081570170678
58037-06-16 18:00:00,1.9001,-0.17045454545454075,-0.01888632466919811,-0.29581586742039234,-0.822080208109732
58037-06-27 04:00:00,1.8983,-0.2351351351351309,-0.05246537703585655,-0.37053968782205365,-1.0
58037-07-07 14:00:00,1.9019,-0.09523809523809573,0.04889162232472167,-0.13784484297565136,-1.0
58037-07-18 00:00:00,1.8977,-0.17611336032389174,0.0023778168061347736,-0.423871883421193,-1.0
58037-07-28 10:00:00,1.8967,-0.20238095238095483,-0.04124866005470665,-0.4497751576474885,-1.0
58037-08-07 20:00:00,1.8989,-0.1339622641509437,0.012452544198947969,-0.25253005500575754,-1.0
58037-08-18 06:00:00,1.8982,-0.10082304526748964,0.03990798354774245,-0.2777566918227571,-1.0
58037-08-28 16:00:00,1.8957,-0.08723404255319273,-0.003006679485409573,-0.4236825817912178,-1.0
58037-09-08 02:00:00,1.8988,-0.034883720930233564,0.07521825443798114,-0.1665473919668361,-1.0
58037-09-18 12:00:00,1.8983,-0.04022988505747177,0.12031992787839282,-0.1887793194969099,-1.0
58037-09-28 22:00:00,1.8948,-0.12411347517730414,0.054706133085038515,-0.4667727784493828,-1.0
58037-10-09 08:00:00,1.8975,-0.08862876254180863,0.10346581088609177,-0.206960593947711,-0.8831741120883608
58037-10-19 18:00:00,1.8972,-0.07142857142857262,0.13380477056852086,-0.21848203335225558,-1.0
58037-10-30 04:00:00,1.894,-0.12820512820512958,0.06629721231969873,-0.48668325026841047,-1.0
58037-11-09 14:00:00,1.8907,-0.14417177914110424,-0.06206142518820467,-0.6280954284148311,-1.0
58037-11-20 00:00:00,1.8892,-0.14086687306501816,-0.16930057033327076,-0.5926664891352178,-1.0
58037-11-30 10:00:00,1.8918,-0.16134185303514426,-0.1379631562076454,-0.3680857270264952,-1.0
58037-12-10 20:00:00,1.8968,-0.014018691588783494,0.04875577755566045,-0.013927424388485932,-0.7832355777041544
58037-12-21 06:00:00,1.8936,-0.045189504373179146,0.08430210391851921,-0.2197395391646348,-0.9891254660934193
58037-12-31 16:00:00,1.8976,-0.018005540166206035,0.23259902010523628,0.09472175400433547,-0.5483072710361916
58038-01-11 02:00:00,1.9095,0.11945031712473342,0.6731936151261633,0.7389353329915129,0.5850426203743495
58038-01-21 12:00:00,1.9095,0.15401785714285698,0.9260105715124731,0.5893596980884552,0.6295694868540143
58038-01-31 22:00:00,1.9075,0.09954233409610891,0.9875578854645631,0.44387028586418875,0.10805183596359653
58038-02-11 08:00:00,1.9064,0.0914221218961625,0.9499386107340676,0.35305906095340656,-0.10909153782188692
58038-02-21 18:00:00,1.9091,0.1643678160919544,0.9605707576061954,0.4085862579369136,0.4404201770271013
58038-03-04 04:00:00,1.9029,0.05744680851063899,0.739662063710566,0.15416399846590878,-0.6681806853803932
58038-03-14 14:00:00,1.9022,0.052742616033754075,0.543601788855173,0.11829877844454384,-0.9356901225126121
58038-03-25 00:00:00,1.9026,0.09641255605381305,0.40417068141342827,0.12062345708886901,-0.30033386045650723
58038-04-04 10:00:00,1.8991,0.09374999999999878,0.19311097499596214,-0.016151445527195274,-0.6400699845632997
58038-04-14 20:00:00,1.8986,0.1073059360730595,0.03509572257758229,-0.03620964508766977,-1.0
58038-04-25 06:00:00,1.9006,0.10185185185185264,-0.008705602856912865,0.030823427107346535,-0.8712719263734006
58038-05-05 16:00:00,1.8991,0.028967254408059917,-0.08047243652065421,-0.031718092552306176,-1.0
58038-05-16 02:00:00,1.8946,0.012195121951220855,-0.25313787255484216,-0.20225717714708763,-1.0
58038-05-26 12:00:00,1.8985,0.011002444987776583,-0.23493168275385976,-0.05975888745783353,-0.8582533322060218
58038-06-05 22:00:00,1.9022,-0.11162079510703504,-0.10333085824185988,0.06940057336088279,-0.3940897395654948
58038-06-16 08:00:00,1.8973,-0.16223404255319196,-0.15762531028421092,-0.17343236203828633,-1.0
58038-06-26 18:00:00,1.888,-0.21714922048997876,-0.4532931938489425,-0.5610476610471136,-1.0
58038-07-07 04:00:00,1.888,-0.2100456621004585,-0.6130373932561429,-0.48786680755827005,-1.0
58038-07-17 14:00:00,1.8874,-0.260191846522782,-0.6952791521040119,-0.46400858953546537,-1.0
58038-07-28 00:00:00,1.8894,-0.18000000000000044,-0.647374161066731,-0.35515058043021164,-1.0
58038-08-07 10:00:00,1.8931,-0.11234567901234427,-0.4694524535689654,-0.20541940024991717,-1.0
58038-08-17 20:00:00,1.8901,-0.14501160092807663,-0.4133012979038665,-0.28767730279757797,-1.0
58038-08-28 06:00:00,1.8878,-0.1348448687350851,-0.4151013912131178,-0.33898472922792233,-1.0
58038-09-07 16:00:00,1.8532,-0.29868421052631716,-1.0,-0.8899811576005241,-1.0
58038-09-18 02:00:00,1.8567,-0.28322580645161366,-1.0,-0.636421667415774,-1.0
58038-09-28 12:00:00,1.853,-0.28920953575909725,-1.0,-0.5674363058524368,-1.0
58038-10-08 22:00:00,1.854,-0.26640419947506533,-1.0,-0.46977140690070207,-1.0
58038-10-19 08:00:00,1.8386,-0.3415051311288484,-1.0,-0.5610700045638798,-1.0
58038-10-29 18:00:00,1.8425,-0.3395904436860049,-1.0,-0.44133038272701297,-1.0
58038-11-09 04:00:00,1.8522,-0.2432578209277223,-1.0,-0.29597891382903524,-1.0
58038-11-19 14:00:00,1.8465,-0.23288439955106438,-1.0,-0.32352571853893003,-1.0
58038-11-30 00:00:00,1.8451,-0.2370165745856339,-1.0,-0.30539467892824,-1.0
58038-12-10 10:00:00,1.8368,-0.25763747454175,-1.0,-0.3530531196296024,-1.0
58038-12-20 20:00:00,1.831,-0.2862745098039201,-1.0,-0.3704017208952708,-1.0
58038-12-31 06:00:00,1.8362,-0.2748792270531382,-1.0,-0.2894745966387589,-1.0
58039-01-10 16:00:00,1.8318,-0.2778836987607223,-0.9003290932784124,-0.3069949930808223,-1.0
58039-01-21 02:00:00,1.8171,-0.301364023870416,-1.0,-0.4117916510716327,-1.0
58039-01-31 12:00:00,1.8254,-0.15274725274725198,-0.9192421663040475,-0.29537677902281323,-1.0
58039-02-10 22:00:00,1.8182,-0.20327349524815091,-0.8834126005691542,-0.3373307318141512,-1.0
58039-02-21 08:00:00,1.8182,-0.19120879120879009,-0.7501239030729019,-0.3116443852850786,-1.0
58039-03-03 18:00:00,1.8205,-0.1814734561213433,-0.4940850399152846,-0.2722357974979982,-1.0
58039-03-14 04:00:00,1.8157,-0.14014687882496873,-0.3800522712650122,-0.3243543388083404,-1.0
58039-03-24 14:00:00,1.824,-0.10743321718931442,0.02114174316895956,-0.2096513801689076,-1.0
58039-04-04 00:00:00,1.8357,-0.09364358683314378,0.6802014579745606,0.013694565545736004,-0.655788806446672
58039-04-14 10:00:00,1.8378,-0.051479289940828066,1.0,0.07549434542742772,-0.31395537904492404
58039-04-24 20:00:00,1.8326,-0.0707814269535671,1.0,-0.008432404805408633,-0.4136007789252557
58039-05-05 06:00:00,1.8398,0.017201834862385912,1.0,0.17456726882349882,-0.1597691455482745
58039-05-15 16:00:00,1.8384,0.04468599033816456,1.0,0.14235920384328493,-0.31069124973424195
58039-05-26 02:00:00,1.8219,-0.07598299681190213,1.0,-0.2181006572209817,-0.5121320980415357
58039-06-05 12:00:00,1.826,-0.030916844349680284,1.0,-0.102970735384743,-0.07169002447939263
58039-06-15 22:00:00,1.8299,0.0771084337349407,1.0,0.022782326896816918,0.5076707464445005
58039-06-26 08:00:00,1.8354,0.06234413965087304,1.0,0.21108730030915934,1.0
58039-07-06 18:00:00,1.8304,0.07820512820512837,1.0,0.06721064584324254,1.0
58039-07-17 04:00:00,1.8302,0.07672634271099765,1.0,0.06218947657928209,0.8477818107026832
58039-07-27 14:00:00,1.8356,0.09286592865928622,1.0,0.23720060153429523,1.0
58039-08-07 00:00:00,1.8454,0.17207415990729957,1.0,0.4769939643514509,1.0
58039-08-17 10:00:00,1.8465,0.14222503160556244,1.0,0.44677269991001356,1.0
58039-08-27 20:00:00,1.8408,0.03488372093023184,1.0,0.2614417618772863,1.0
58039-09-07 06:00:00,1.8528,0.09036144578313199,1.0,0.5034600617972618,1.0
58039-09-17 16:00:00,1.8799,0.22545281220209712,1.0,0.7909462987232843,1.0
58039-09-28 02:00:00,1.8756,0.1754901960784312,1.0,0.5774376585152683,1.0
58039-10-08 12:00:00,1.8791,0.19548511047070183,1.0,0.5350349852301168,1.0
58039-10-18 22:00:00,1.8842,0.3360302049622448,1.0,0.5106851658319602,1.0
58039-10-29 08:00:00,1.8763,0.26062176165803164,1.0,0.3611985760470017,1.0
58039-11-08 18:00:00,1.8848,0.27151335311572755,1.0,0.4059434021182631,1.0
58039-11-19 04:00:00,1.8781,0.2086999022482905,1.0,0.2961495045338238,1.0
58039-11-29 14:00:00,1.8762,0.2308467741935487,1.0,0.24943434366513006,1.0
58039-12-10 00:00:00,1.8817,0.24641148325358841,1.0,0.2791620358553607,1.0
58039-12-20 10:00:00,1.8745,0.18297271872060306,0.9906063630564669,0.18240814434540198,0.9361958023691526
58039-12-30 20:00:00,1.8729,0.1401630988786957,0.5582561096012644,0.14562291745769906,0.60429203598704
58040-01-10 06:00:00,1.8695,0.11454183266932239,0.12323184975331519,0.08725015942227254,0.3763296438438078
58040-01-20 16:00:00,1.8731,0.1642929806714143,-0.08720747594807067,0.11388679351462061,0.4483274374135677
58040-01-31 02:00:00,1.8908,0.18269230769230804,0.2647338138599337,0.3206859919046682,0.9317048123267679
58040-02-10 12:00:00,1.8821,0.012850467289720835,0.18173162189830852,0.18617284363581066,0.5836901271873205
58040-02-20 22:00:00,1.8789,0.01952662721893539,-0.009868636215408226,0.11879089395642928,0.1153093696686615
58040-03-02 08:00:00,1.8773,-0.010895883777239823,-0.2129010768452636,0.06958189712836593,-0.1528629149638616
58040-03-12 18:00:00,1.8806,-0.02227722772277263,-0.2693544568229639,0.11608409454953217,-0.12248106862166053
58040-03-23 04:00:00,1.8786,0.015353805073430982,-0.3846197407347873,0.0417346509520673,-1.0
58040-04-02 14:00:00,1.8811,-0.02685050798258376,-0.3988542949703306,0.12177802449861419,-0.9123445101641336
58040-04-13 00:00:00,1.8778,-0.002290076335879243,-0.5169202409542254,-0.044881592813943993,-1.0
58040-04-23 10:00:00,1.8816,0.040059347181007676,-0.4860506542268178,0.13817583294056013,-0.4777714674194505
58040-05-03 20:00:00,1.881,-0.005599999999999383,-0.4904049263717564,0.10133799755051276,-0.7655615871161358
58040-05-14 06:00:00,1.8803,0.05178571428571421,-0.5184013711103188,0.07733085833632314,-1.0
58040-05-24 16:00:00,1.8813,0.07581227436823057,-0.5090880930038905,0.11787244902623462,-0.6870375329676858
58040-06-04 02:00:00,1.8804,0.10302457466918857,-0.5310177840712272,0.08460791817181701,-1.0
58040-06-14 12:00:00,1.8805,0.07489878542510209,-0.5410647711648717,0.08330248794639794,-0.16677936431354012
58040-06-24 22:00:00,1.8818,-0.13636363636363946,-0.5069776688631282,0.140639670613956,0.4194158978391878
58040-07-05 08:00:00,1.8812,-0.018072289156629173,-0.5011596498761863,0.1087341328232474,-0.2758459943197343
58040-07-15 18:00:00,1.8938,0.21720116618075958,-0.12803287531612947,0.6328481338933012,1.0
58040-07-26 04:00:00,1.8884,0.14566929133858653,-0.06784767336778752,0.34455416452991583,0.8966446110361296
58040-08-05 14:00:00,1.8892,0.12078651685393449,-0.02635566964550043,0.3653793915824699,1.0
58040-08-16 00:00:00,1.8821,0.04299754299754477,-0.22862711300564975,-0.01902343286048125,0.44153331948910396
58040-08-26 10:00:00,1.8822,0.014360313315928575,-0.3630020816236632,0.011840005928896669,1.0
58040-09-05 20:00:00,1.8821,0.061253561253565625,-0.45277040301343807,0.0056084074621181035,0.18018656568531172
58040-09-16 06:00:00,1.8797,-0.028189910979229404,-0.5757845826508751,-0.14749982323019,-0.8996229076263509
58040-09-26 16:00:00,1.8877,0.08150851581508578,-0.40918052250022346,0.3198986353028964,0.759400239260678
58040-10-07 02:00:00,1.8876,0.09012345679012335,-0.30460337936637044,0.2831746024605988,-0.42847160962577413
58040-10-17 12:00:00,1.8887,0.09113300492611032,-0.20876499506373644,0.3145340000396677,0.049069605361038056
58040-10-27 22:00:00,1.8868,0.0769230769230771,-0.21026799688156056,0.18305726440168213,-0.46113047379890015
58040-11-07 08:00:00,1.8929,0.13025210084033678,-0.03938222706107041,0.4737265427324888,0.3183333741393807
58040-11-17 18:00:00,1.8886,0.06719367588932978,-0.07201003282831735,0.21077809128640668,-0.4572868273684844
58040-11-28 04:00:00,1.8905,0.0895953757225445,-0.04986879016983277,0.2852392523324473,1.0
58040-12-08 14:00:00,1.8915,-0.028535980148883144,-0.020641162246770987,0.30648255366428734,1.0
58040-12-19 00:00:00,1.8989,0.12411347517730442,0.19781690631059706,0.5719322685572159,1.0
58040-12-29 10:00:00,1.8944,0.05652173913043579,0.17662503153251288,0.3248613446147596,1.0
58041-01-08 20:00:00,1.8947,0.16071428571428437,0.14563902408552032,0.30723188288434455,1.0
58041-01-19 06:00:00,1.8992,0.19495412844036553,0.2320489185326849,0.4501986644192122,1.0
58041-01-29 16:00:00,1.9038,0.22557172557172367,0.38989218449286434,0.5469896891078849,1.0
58041-02-09 02:00:00,1.9127,0.30219780219780357,0.7084982638515445,0.6748348272168323,1.0
58041-02-19 12:00:00,1.9085,0.20472440944882053,0.7282712072802017,0.46262287423000037,1.0
58041-03-01 22:00:00,1.9062,0.17547169811320662,0.613345000662145,0.35354428786193426,1.0
58041-03-12 08:00:00,1.9105,0.1939501779359426,0.6107136683272993,0.4121631476398502,1.0
58041-03-22 18:00:00,1.9058,0.1610169491525406,0.4152648487901091,0.2652937429623069,1.0
58041-04-02 04:00:00,1.9192,0.19834087481146156,0.6350670470710066,0.5201958217087905,1.0
58041-04-12 14:00:00,1.92,0.24999999999999745,0.7354438650986421,0.4780268429209359,1.0
58041-04-23 00:00:00,1.941,0.3083028083028063,1.0,0.7017446704375527,1.0
58041-05-03 10:00:00,1.9318,0.2236403995560471,1.0,0.4610125678445095,1.0
58041-05-13 20:00:00,1.9178,0.09772492244053665,0.8445443027129531,0.2045602199260934,0.8613578137266965
58041-05-24 06:00:00,1.9255,0.1556556556556541,0.6692752321905604,0.3039383609856565,1.0
58041-06-03 16:00:00,1.9301,0.16986564299424,0.619569635228536,0.34176307607736156,1.0
58041-06-14 02:00:00,1.9259,0.12848893166506137,0.3936316390716741,0.24799208396852757,0.8127931637907799
58041-06-24 12:00:00,1.92,0.07699619771863053,0.018702449143004868,0.128456694433025,0.4222550599253249
58041-07-04 22:00:00,1.9189,0.0318275154004104,-0.2902942934869682,0.08974014564930821,-0.023494199269895377
58041-07-15 08:00:00,1.9057,-0.013157894736842646,-0.8932802768942725,-0.17588184719457073,-0.5818690116505119
58041-07-25 18:00:00,1.9059,-0.0014381591562798168,-1.0,-0.19449308140694654,-0.25815994543978127
58041-08-05 04:00:00,1.9086,-0.009250243427458615,-1.0,-0.16461488034244248,0.2762307218103506
58041-08-15 14:00:00,1.9117,0.029179030662710215,-1.0,-0.11536476663978479,0.3775975336346416
58041-08-26 00:00:00,1.9096,-0.053452115812917866,-1.0,-0.17815064759491156,-0.03434287699546909
58041-09-05 10:00:00,1.9183,-0.008700102354145534,-1.0,0.031186610982845475,0.3163801427531812
58041-09-15 20:00:00,1.9191,-0.1412903225806451,-0.7603752426967035,0.03868600623499885,0.7984941907511854
58041-09-26 06:00:00,1.9181,-0.09884559884559896,-0.6200475652500899,-0.001984052461616259,0.34053935977955213
58041-10-06 16:00:00,1.9176,-0.0017921146953402411,-0.5350273253057329,-0.02505731958492813,-0.2135692003661557
58041-10-17 02:00:00,1.9131,-0.11787072243345975,-0.604331398425487,-0.16302049866099894,-0.7787706077111582
58041-10-27 12:00:00,1.9116,-0.18686868686868607,-0.6780366211172287,-0.19135082838864853,-1.0
58041-11-06 22:00:00,1.9077,-0.18495934959349541,-0.8189439969700917,-0.2729761645856964,-1.0
58041-11-17 08:00:00,1.9023,-0.18172484599589156,-1.0,-0.41414247505994994,-1.0
58041-11-27 18:00:00,1.9024,-0.17295597484276654,-1.0,-0.3832189055528379,-0.7817018678157812
58041-12-08 04:00:00,1.8963,-0.1157635467980278,-1.0,-0.4849530437208947,-1.0
58041-12-18 14:00:00,1.8922,-0.1539325842696611,-1.0,-0.5125025549923287,-1.0
58041-12-29 00:00:00,1.8945,-0.15986394557823203,-1.0,-0.41811595415049807,-1.0
58042-01-08 10:00:00,1.8985,-0.14666666666666556,-1.0,-0.2874796258603096,-1.0
58042-01-18 20:00:00,1.9024,-0.07692307692307565,-0.9277656233668465,-0.15732825620975388,-0.06897588931453541
58042-01-29 06:00:00,1.8992,-0.2312348668280853,-0.770389621042838,-0.2288762865842811,-0.3616770376643535
58042-02-08 16:00:00,1.898,-0.25299760191846615,-0.6598316870820669,-0.24678385494864552,-0.8423570355123272
58042-02-19 02:00:00,1.8974,-0.25060532687651316,-0.5654469685432898,-0.24516848631142135,-1.0
58042-03-01 12:00:00,1.9001,-0.20114942528735769,-0.3888108391724118,-0.15410886971216703,-0.26509617773079286
58042-03-11 22:00:00,1.8996,-0.1708860759493686,-0.26213147159695804,-0.1516783802906797,-0.35477224353876646
58042-03-22 08:00:00,1.9016,-0.12500000000000067,-0.10004406514955892,-0.08340906848878027,0.08826486093662558
58042-04-01 18:00:00,1.9051,-0.03282828282828215,0.11962550135584417,0.039043935207736524,0.49928409018897324
58042-04-12 04:00:00,1.9081,0.07795698924730932,0.3490457057615619,0.16444785879148027,1.0
58042-04-22 14:00:00,1.9041,0.020681265206810462,0.36801815980252195,0.0586381008454695,1.0
58042-05-03 00:00:00,1.9015,0.06914893617021134,0.29400011160872264,-0.013238199420432306,0.5936481963680538
58042-05-13 10:00:00,1.9019,0.1430678466076677,0.252223393375052,0.03605974770972664,0.8992299712935982
58042-05-23 20:00:00,1.9008,0.09633027522935811,0.1886120963293681,0.007201630825172778,0.6304068796082638
58042-06-03 06:00:00,1.9037,0.08227848101265711,0.23064124922706153,0.21649205509015945,0.8640403855640657
58042-06-13 16:00:00,1.8995,-0.04545454545454797,0.12950721411176888,-0.05719812602601809,0.49516425633458117
58042-06-24 02:00:00,1.905,0.08479532163742842,0.22596915700665127,0.29666243531043723,0.8668663722074879
58042-07-04 12:00:00,1.9075,0.1338028169014115,0.35339279442352134,0.4054482035473934,1.0
58042-07-14 22:00:00,1.9063,0.12326869806094587,0.38504778534912776,0.3196612337293956,0.6846141740718927
58042-07-25 08:00:00,1.9114,0.1467532467532504,0.537503251664995,0.586484663919145,1.0
58042-08-04 18:00:00,1.9054,0.06590909090909214,0.4333881930710661,0.16785876605711403,1.0
58042-08-15 04:00:00,1.9114,0.10208333333333497,0.5221934543752339,0.4851347242480337,1.0
58042-08-25 14:00:00,1.9149,0.10208333333333497,0.653308671180705,0.5658201899496327,1.0
58042-09-05 00:00:00,1.9093,0.011857707509882465,0.5377223813665535,0.24612025173412722,1.0
58042-09-15 10:00:00,1.9111,0.07231404958677878,0.48772126383068015,0.3149604261189617,1.0
58042-09-25 20:00:00,1.9142,0.12985685071574704,0.5181740829156,0.42666653068837834,1.0
58042-10-06 06:00:00,1.9097,0.07358490566037834,0.3750761483440148,0.16944564823963193,1.0
58042-10-16 16:00:00,1.9144,0.12014134275618471,0.39761531792513494,0.38025784289119036,1.0
58042-10-27 02:00:00,1.9137,0.09191176470588236,0.36471618659639876,0.30809792678964143,0.9277311188713061
58042-11-06 12:00:00,1.913,0.1326129666011796,0.2979627671394315,0.25223433202975987,0.11428329918084133
58042-11-16 22:00:00,1.9089,0.03939393939393965,0.11385230864500251,0.03646697694511336,-0.5539953162008967
58042-11-27 08:00:00,1.9061,-0.014056224899599012,-0.09658649086864163,-0.12260274455915837,-1.0
58042-12-07 18:00:00,1.9023,-0.038167938931297773,-0.3413809989023123,-0.32731714192623285,-1.0
58042-12-18 04:00:00,1.9022,-0.09704641350211007,-0.4864087649937998,-0.3445578239395547,-1.0
58042-12-28 14:00:00,1.9022,-0.03864734299516992,-0.557282920508621,-0.33357901932981826,-1.0
58043-01-08 00:00:00,1.9023,-0.12816901408450354,-0.5737829982406903,-0.3544440747657562,-1.0
58043-01-18 10:00:00,1.9015,-0.20426829268292424,-0.5802245023316955,-0.3718947238644196,-1.0
58043-01-28 20:00:00,1.8951,-0.2113095238095204,-0.7416910674887416,-0.5754127296689542,-1.0
58043-02-08 06:00:00,1.8981,-0.18678160919540204,-0.7165796700904279,-0.3916812042081747,-1.0
58043-02-18 16:00:00,1.9003,-0.20501474926252966,-0.5974922146576557,-0.2696478601137857,-0.9007058252285685
58043-03-01 02:00:00,1.9002,-0.16101694915253817,-0.49132554187974525,-0.2556666563559815,-1.0
58043-03-11 12:00:00,1.8979,-0.3044280442804371,-0.4617346366908951,-0.31229229186565477,-1.0
58043-03-21 22:00:00,1.8996,-0.2508896797152964,-0.364217539865315,-0.22364329799389204,-0.8160882792889036
58043-04-01 08:00:00,1.9005,-0.22084805653709494,-0.2516917473291755,-0.1692362029270708,-0.33271297516018367
58043-04-11 18:00:00,1.8981,-0.20300751879698709,-0.2311314304902846,-0.24148133156479895,-0.5096797633118415
58043-04-22 04:00:00,1.8945,-0.2116788321167793,-0.3036906676768264,-0.3564914152675176,-0.7080977768252492
58043-05-02 14:00:00,1.895,-0.15145228215767248,-0.3107878425555314,-0.3028381632446958,-0.37196756850854806
58043-05-13 00:00:00,1.8873,-0.23501577287065556,-0.5144377653402586,-0.5498840644723562,-0.9771580602717967
58043-05-23 10:00:00,1.8848,-0.2543859649122736,-0.6780873876789194,-0.5709687313034857,-1.0
58043-06-02 20:00:00,1.8866,-0.2186629526462373,-0.6813885066826985,-0.4650566729009795,-1.0
58043-06-13 06:00:00,1.8833,-0.23697916666666385,-0.7308972692722442,-0.5208256568281319,-1.0
58043-06-23 16:00:00,1.888,-0.09673024523160806,-0.572264460298456,-0.3103442310560862,0.5582060458233472
58043-07-04 02:00:00,1.8874,-0.1559766763848367,-0.44444214635129614,-0.30037935028710455,-0.12751791320697062
58043-07-14 12:00:00,1.8845,-0.22571428571428542,-0.40856113678185646,-0.36609119161533354,-0.7263568730737798
58043-07-24 22:00:00,1.885,-0.21468926553672218,-0.33229886969518213,-0.3135366599693606,0.36311210723632886
58043-08-04 08:00:00,1.8853,-0.1886227544910179,-0.2397878912662597,-0.2750287339050286,1.0
58043-08-14 18:00:00,1.8844,-0.23312883435582832,-0.17632195363187803,-0.2808630049146132,0.5790899638425799
58043-08-25 04:00:00,1.891,-0.12402088772846187,0.08430378061531081,-0.02256134318845432,1.0
58043-09-04 14:00:00,1.8889,-0.1210526315789478,0.20143473230037207,-0.0874198614807789,0.7594824930804744
58043-09-15 00:00:00,1.8908,-0.05096418732782482,0.33844784244606724,0.006040632271368973,1.0
58043-09-25 10:00:00,1.8905,-0.0623268698060942,0.4159371903882402,0.014824438067867929,0.4960949321207581
58043-10-05 20:00:00,1.8851,-0.03254437869822491,0.3026710213316966,-0.20655890427529855,-0.34773645052758184
58043-10-16 06:00:00,1.885,0.0031847133757958446,0.22934885323009221,-0.1942035063957666,-0.770541106964908
58043-10-26 16:00:00,1.884,-0.042483660130721856,0.15818897409575683,-0.23946882446639461,-1.0
58043-11-06 02:00:00,1.88,-0.05271565495207853,0.004438237011171102,-0.46722925088944117,-1.0
58043-11-16 12:00:00,1.8813,-0.12007168458781314,-0.03877098552926385,-0.35849149706034644,-1.0
58043-11-26 22:00:00,1.8766,-0.16874999999999984,-0.1849732876637778,-0.6166627942827998,-1.0
58043-12-07 08:00:00,1.8891,0.05528846153846101,0.11296733306165471,0.23955605161117954,-0.019088078478263878
58043-12-17 18:00:00,1.8912,0.07175925925925919,0.370716954734977,0.34192157248928423,1.0
58043-12-28 04:00:00,1.8827,-0.025291828793773785,0.28040281242906623,-0.19087945650976956,-0.2640151952631721
58044-01-07 14:00:00,1.8836,-0.00778210116731648,0.24961422719326903,-0.134975365213238,0.5880385765280223
58044-01-18 00:00:00,1.8884,-0.02620967741935415,0.37069086145976643,0.16878752063597435,1.0
58044-01-28 10:00:00,1.8804,-0.07657657657657602,0.20721386288873822,-0.3048185224514967,0.9310721689355342
58044-02-07 20:00:00,1.8831,-0.06838365896980492,0.18490836687842335,-0.1346923898172237,1.0
58044-02-18 06:00:00,1.8932,0.020423600605143144,0.46721353210721617,0.41691582488232026,1.0
58044-02-28 16:00:00,1.9069,0.14650537634408634,1.0,0.7711912057466062,1.0
58044-03-10 02:00:00,1.9035,0.11904761904761874,1.0,0.5265645744772554,1.0
58044-03-20 12:00:00,1.9124,0.1658878504672907,1.0,0.635288165288382,1.0
58044-03-30 22:00:00,1.9141,0.2046818727491,1.0,0.5526484831347978,1.0
58044-04-10 08:00:00,1.895,0.06775469831849701,1.0,0.10754636292517883,1.0
58044-04-20 18:00:00,1.8939,0.08871794871794814,0.7686069727697886,0.07824254124383401,0.7576061460566077
58044-05-01 04:00:00,1.8792,-0.04964894684052168,0.02015483840594682,-0.2456779679049622,0.020849963693366044
58044-05-11 14:00:00,1.8809,-0.05186304128902308,-0.40684863540287236,-0.2005971702504018,0.30497022479079006
58044-05-22 00:00:00,1.884,0.006922257720978986,-0.5683153723838958,-0.13207362275569473,0.6313314467311607
58044-06-01 10:00:00,1.8854,0.009533898305084887,-0.6030681852868955,-0.10890367970322651,0.80596786719009
58044-06-11 20:00:00,1.8882,-0.0010822510822510178,-0.5144554253099285,-0.05463809225835514,0.9950503033735036
58044-06-22 06:00:00,1.9066,0.12743190661478598,0.1020505517704274,0.33058196391109385,1.0
58044-07-02 16:00:00,1.9068,0.11814556331006998,0.48716237821789005,0.30254960028082,1.0
58044-07-13 02:00:00,1.9016,0.04402515723270417,0.5487736513698321,0.17506300309396916,1.0
58044-07-23 12:00:00,1.9094,0.013966480446927054,0.781509468506752,0.30865130857944467,1.0
58044-08-02 22:00:00,1.9069,0.019187358916478936,0.8077365871674044,0.2313430915673128,1.0
58044-08-13 08:00:00,1.9159,0.019729425028183978,1.0,0.37245182182807,1.0
58044-08-23 18:00:00,1.926,0.06127703398558193,1.0,0.49485039280169585,1.0
58044-09-03 04:00:00,1.9145,0.10893854748603404,1.0,0.25328902248659846,1.0
58044-09-13 14:00:00,1.9228,0.14943123061013552,1.0,0.36395142249942836,1.0
58044-09-24 00:00:00,1.9227,0.26492082825822283,1.0,0.33132932604490983,1.0
58044-10-04 10:00:00,1.9202,0.23703256936067485,1.0,0.2651396898333904,0.7731125099912098
58044-10-14 20:00:00,1.9166,0.1954436450839342,0.7028341623663386,0.19953355026189645,0.37533333436333544
58044-10-25 06:00:00,1.9122,0.15509259259259212,0.321579792798783,0.1288258295802156,0.10918097735952864
58044-11-04 16:00:00,1.916,0.15903890160182987,0.14999705077676348,0.17402613530504685,0.37159876165346206
58044-11-15 02:00:00,1.9137,0.04978962131837228,-0.05905715541820701,0.12076216155791653,0.06670161201736433
58044-11-25 12:00:00,1.9238,0.10467980295566437,0.08040159265757783,0.2702996156179108,0.3197738126425418
58044-12-05 22:00:00,1.9185,0.10393603936039486,-0.017414085358209347,0.15862727301248924,-0.02557917719506814
58044-12-16 08:00:00,1.9174,0.05361930294906181,-0.1365391495907462,0.11844321388446899,-1.0
58044-12-26 18:00:00,1.9211,0.09366754617414264,-0.12275913111644277,0.19659211328495718,-0.8302938672171554
58045-01-06 04:00:00,1.9192,0.024017467248908964,-0.1891090635019328,0.13555517331872435,-1.0
58045-01-16 14:00:00,1.9158,-0.08225806451612888,-0.3454316620913795,-0.01011464519069849,-1.0
58045-01-27 00:00:00,1.9175,0.028735632183906845,-0.4007283358769537,0.038440682796762826,-0.9376628012462183
58045-02-06 10:00:00,1.9143,-0.09023354564755953,-0.531507823765392,-0.15230941400153541,-1.0
58045-02-16 20:00:00,1.9097,-0.12596899224806246,-0.7422788123506006,-0.39470239609265256,-1.0
58045-02-27 06:00:00,1.9118,-0.08203124999999944,-0.7954406187534628,-0.3288818294256697,-1.0
58045-03-09 16:00:00,1.9046,-0.10948905109489027,-1.0,-0.5933526573823888,-1.0
58045-03-20 02:00:00,1.9008,-0.10516605166051518,-1.0,-0.6314690519436468,-1.0
58045-03-30 12:00:00,1.9007,-0.15148514851485018,-1.0,-0.5270428391698188,-1.0
58045-04-09 22:00:00,1.9028,-0.10834990059642058,-1.0,-0.39757672111874537,-1.0
58045-04-20 08:00:00,1.8964,-0.29399141630901154,-1.0,-0.5257243862361254,-1.0
58045-04-30 18:00:00,1.9016,-0.18172043010752842,-1.0,-0.3207568103542772,-1.0
58045-05-11 04:00:00,1.8993,-0.18972746331236962,-1.0,-0.3495334926740433,-1.0
58045-05-21 14:00:00,1.9023,-0.19999999999999957,-0.8814724123994746,-0.23783777270999046,-1.0
58045-06-01 00:00:00,1.9,-0.2025316455696209,-0.7735303388644343,-0.2757942188052861,-1.0
58045-06-11 10:00:00,1.9004,-0.1734234234234211,-0.6500264191887508,-0.24025249131907528,-0.8455102540075583
58045-06-21 20:00:00,1.8999,-0.20370370370370267,-0.5479561474583144,-0.23438237882940466,-0.9598822038088956
58045-07-02 06:00:00,1.902,-0.14608076009501075,-0.38774806953894664,-0.15229774948431501,-0.44147646824160075
58045-07-12 16:00:00,1.8995,-0.127499999999999,-0.3324993561746455,-0.20866233304214626,-0.7525183555729427
58045-07-23 02:00:00,1.8985,-0.1709511568123369,-0.30151757838848753,-0.22479804327393332,-1.0
58045-08-02 12:00:00,1.9025,-0.02941176470588197,-0.14115622118772853,-0.06110272547025242,-0.8418635869396714
58045-08-12 22:00:00,1.9018,0.01533742331288157,-0.0445818635413947,-0.06812223690186814,-0.929614615651445
58045-08-23 08:00:00,1.9006,-0.0014836795252223811,-0.0075015898748745135,-0.1043693170679178,-1.0
58045-09-02 18:00:00,1.901,-0.028125000000000122,0.036930719669283414,-0.057365361415824656,-0.638338903636408
58045-09-13 04:00:00,1.9061,0.15798045602605482,0.2203526848856697,0.35129949199634214,0.5599266032990519
58045-09-23 14:00:00,1.9122,0.16772151898733922,0.5098784669399303,0.8118165143443974,1.0
58045-10-04 00:00:00,1.9174,0.262318840579707,0.823373755968402,0.7924669485700975,1.0
58045-10-14 10:00:00,1.92,0.25953079178885186,1.0,0.6780308633111378,1.0
58045-10-24 20:00:00,1.916,0.22346368715083786,1.0,0.44302533076836104,1.0
58045-11-04 06:00:00,1.9211,0.255555555555555,1.0,0.5212579681622012,1.0
58045-11-14 16:00:00,1.921,0.26309226932668606,1.0,0.44886804558793647,1.0
58045-11-25 02:00:00,1.9182,0.19852941176470607,0.9535631754536065,0.3255111408775727,1.0
58045-12-05 12:00:00,1.9169,0.2196969696969715,0.7643170403017654,0.2600409890477695,0.5926431591942503
58045-12-15 22:00:00,1.916,0.22151898734176967,0.5712167392601879,0.21249949149051917,0.1781516142946527
58045-12-26 08:00:00,1.9183,0.2089947089947063,0.4776584134783981,0.2515970163023795,0.6417257984583215
58046-01-05 18:00:00,1.9133,0.13657957244655716,0.237838150657669,0.09320254733851374,0.09982564023902339
58046-01-16 04:00:00,1.9119,0.13356973995271704,0.023152527549287823,0.03611636596056922,-0.38070656071240117
58046-01-26 14:00:00,1.9094,0.09459459459459418,-0.19659361911237558,-0.05297468790948828,-0.8311373918563135
58046-02-06 00:00:00,1.9095,0.04314720812182815,-0.3318702802632213,-0.06963124018825118,0.23896263019382907
58046-02-16 10:00:00,1.9102,-0.029411764705882415,-0.388892096218044,-0.07201689185689808,0.6809138483254756
58046-02-26 20:00:00,1.9226,0.06310679611650583,-0.05245769068160356,0.34550643874116904,1.0
58046-03-09 06:00:00,1.9322,0.12655601659751015,0.4315757144631866,0.5831564461206642,1.0
58046-03-19 16:00:00,1.9329,0.1881959910913149,0.7227266265426188,0.5329682779254228,1.0
58046-03-30 02:00:00,1.9264,0.05723542116630487,0.6665144864785794,0.3061269194069207,1.0
58046-04-09 12:00:00,1.9303,0.09281437125748315,0.6967046903607943,0.39934513380423664,1.0
58046-04-19 22:00:00,1.9273,0.0904572564612337,0.5770530593456313,0.26669610982726244,1.0
58046-04-30 08:00:00,1.9249,0.07782101167315159,0.3859037672131977,0.16947819801959285,0.9067331761540918
58046-05-10 18:00:00,1.9287,0.11694290976059063,0.33953482120620404,0.27435790738451593,1.0
58046-05-21 04:00:00,1.9283,0.09541984732824405,0.2633259819310025,0.2370720421032142,0.8328931891972718
58046-05-31 14:00:00,1.9415,0.232673267326731,0.5676410327156363,0.5424949447461775,1.0
58046-06-11 00:00:00,1.931,0.13701578192252528,0.4034189100018464,0.23104046413034118,0.5030372136529363
58046-06-21 10:00:00,1.9325,0.16812227074235797,0.30247973600893757,0.24692743093028824,0.968874111164756
58046-07-01 20:00:00,1.9314,0.15710186513629731,0.17013328318158485,0.19745649315450664,0.4140038490997539
58046-07-12 06:00:00,1.9262,0.10781671159029549,-0.09468033914826395,0.04740858651276825,-0.2899939206003994
58046-07-22 16:00:00,1.9312,0.06437125748502881,-0.13154995097580238,0.1647341663162445,0.23924123088314553
58046-08-02 02:00:00,1.9314,-0.006968641114981744,-0.1630215382091025,0.15116943071981348,0.6608297572307779
58046-08-12 12:00:00,1.9363,0.027597402597401177,-0.052293466850590574,0.26484247098585745,1.0
58046-08-22 22:00:00,1.9334,0.06034482758620774,-0.08514413810138516,0.1646120169837213,0.6043473148154951
58046-09-02 08:00:00,1.9241,-0.048895899053627345,-0.39234498325793227,-0.20168692163759905,-0.11083163126725398
58046-09-12 18:00:00,1.9211,-0.048895899053627345,-0.6711415764782538,-0.44522466513244674,-1.0
58046-09-23 04:00:00,1.922,-0.02342487883683453,-0.8024796030157347,-0.3930769019989573,0.49924772445216264
58046-10-03 14:00:00,1.9196,-0.07520661157024855,-0.9287269908077178,-0.44318778064144,-0.8277276259772521
58046-10-14 00:00:00,1.9051,-0.15549597855227804,-1.0,-0.7557573971349393,-1.0
58046-10-24 10:00:00,1.9086,-0.25346687211093955,-1.0,-0.5283119601445615,0.5577051562037029
58046-11-03 20:00:00,1.9112,-0.17368421052631633,-1.0,-0.39605165171665935,1.0
58046-11-14 06:00:00,1.9077,-0.21016949152542524,-1.0,-0.4258160342888884,0.40234681979680825
58046-11-24 16:00:00,1.9051,-0.2173553719008272,-1.0,-0.4266465170074607,-0.5022389653344087
58046-12-05 02:00:00,1.914,-0.095015576323988,-1.0,-0.204312082107465,0.13408005776039486
58046-12-15 12:00:00,1.904,-0.19653179190751674,-1.0,-0.3778923047485854,-0.6322879189154141
58046-12-25 22:00:00,1.9078,-0.16208791208791368,-0.9419042007450324,-0.27484200460549313,0.04137740070038994
58047-01-05 08:00:00,1.9106,-0.18175388967468126,-0.6966779498354168,-0.1919056313021768,0.5576330916606606
58047-01-15 18:00:00,1.9079,-0.18085106382978777,-0.5737771015175644,-0.22880257481527416,0.021672519955569236
58047-01-26 04:00:00,1.9167,-0.05285714285714177,-0.19797135901806673,-0.011907815175469183,1.0
58047-02-05 14:00:00,1.9213,0.0013966480446925278,0.19485885274312856,0.10513360542340056,1.0
58047-02-16 00:00:00,1.92,-0.01388888888888884,0.4056014457455206,0.09187344952606669,1.0
58047-02-26 10:00:00,1.9138,-0.03825857519788928,0.34762713371051057,-0.04680297773272979,0.5203382612975076
58047-03-08 20:00:00,1.9158,0.08451816745655505,0.36213656253249854,0.04225192916481435,0.7650001196633558
58047-03-19 06:00:00,1.916,0.061666666666665204,0.36810185762816994,0.093399852745369,1.0
58047-03-29 16:00:00,1.9154,0.03620689655172382,0.3442759226619303,0.09391019808446788,-0.1881930889790179
58047-04-09 02:00:00,1.9156,0.07221206581352835,0.3255259856093838,0.11944370841658314,0.31204595715339556
58047-04-19 12:00:00,1.9084,0.02782462057335644,0.09481929783262581,-0.1811614167370723,-0.5287612689188632
58047-04-29 22:00:00,1.9194,0.04397394136807864,0.2728566746503737,0.3405533187149945,-0.0008397051006820247
58047-05-10 08:00:00,1.9214,0.16292134831460714,0.435184265733271,0.389345161293825,0.5089452209906661
58047-05-20 18:00:00,1.9289,0.18476357267951016,0.7382430869732096,0.5871638767902618,1.0
58047-05-31 04:00:00,1.918,0.056748466257667496,0.576402470278661,0.14225501911809624,0.8379940909042505
58047-06-10 14:00:00,1.9179,0.0798722044728436,0.44467939245049476,0.12123859690457683,0.06063182908563308
58047-06-21 00:00:00,1.9177,0.009259259259258301,0.3348145012081973,0.09414013611205019,-1.0
58047-07-01 10:00:00,1.9135,-0.07276119402985126,0.1272248702694764,-0.0868604818033224,-1.0
58047-07-11 20:00:00,1.9172,-0.0249999999999993,0.09890738908383231,0.0507180540891079,-1.0
58047-07-22 06:00:00,1.9147,0.008604206500957279,0.0037603515272952213,-0.09575241877250718,-1.0
58047-08-01 16:00:00,1.9113,-0.04189944134078177,-0.15448973669825092,-0.2800592130705676,-1.0
58047-08-12 02:00:00,1.9124,-0.03296703296703141,-0.21266988124618438,-0.25170505676971633,-1.0
58047-08-22 12:00:00,1.9146,-0.007117437722419184,-0.1725776721736525,-0.1182027476964333,-0.9267984231654786
58047-09-01 22:00:00,1.9185,0.024207011686144586,-0.023119599008665094,0.11605307069169024,-0.5944525639593894
58047-09-12 08:00:00,1.913,0.03951890034364203,-0.08648512528903658,-0.18713862529657282,-0.9464087268001093
58047-09-22 18:00:00,1.9116,-0.08024691358024649,-0.16039377076294012,-0.2575645056495631,-1.0
58047-10-03 04:00:00,1.9108,-0.11181434599155976,-0.21920747340834734,-0.27915017334227615,-1.0
58047-10-13 14:00:00,1.9111,-0.2213930348258698,-0.23296139406876168,-0.24226623897931948,-0.9083256995373513
58047-10-24 00:00:00,1.9076,-0.1585365853658523,-0.32782090286062904,-0.38317227535080467,-1.0
58047-11-03 10:00:00,1.9055,-0.1781609195402285,-0.4270485348057346,-0.42511490726386997,-1.0
58047-11-13 20:00:00,1.9019,-0.2068062827225124,-0.5664969715744334,-0.5222549124103946,-1.0
58047-11-24 06:00:00,1.9067,-0.08762886597937952,-0.4780691957475743,-0.28897203868584953,-1.0
58047-12-04 16:00:00,1.9032,-0.18134715025906556,-0.49193296305197015,-0.38613977030696955,-1.0
58047-12-15 02:00:00,1.8979,-0.2028985507246368,-0.6204526590918856,-0.5709100275288992,-1.0
58047-12-25 12:00:00,1.8976,-0.17885117493472436,-0.667158597117742,-0.49619961447428984,-1.0
58048-01-04 22:00:00,1.8923,-0.23647058823529304,-0.8041427857130069,-0.5739019071165734,-1.0
58048-01-15 08:00:00,1.8957,-0.21624713958810188,-0.735481744755544,-0.40396281188371813,-1.0
58048-01-25 18:00:00,1.8911,-0.3085585585585596,-0.7726917049853445,-0.47274388251521626,-1.0
58048-02-05 04:00:00,1.8788,-0.33398437500000056,-1.0,-0.651056306215966,-1.0
58048-02-15 14:00:00,1.8744,-0.3431734317343177,-1.0,-0.602079648205849,-1.0
58048-02-26 00:00:00,1.8814,-0.24337748344371024,-1.0,-0.39713537379985886,-1.0
58048-03-07 10:00:00,1.8753,-0.2703927492447141,-1.0,-0.44691386835017843,-1.0
58048-03-17 20:00:00,1.8773,-0.2341576506955187,-1.0,-0.3654321324378393,-1.0
58048-03-28 06:00:00,1.8761,-0.2304075235109721,-0.9231100096728604,-0.35203417438877677,-1.0
58048-04-07 16:00:00,1.8683,-0.24705882352941216,-0.9787340327680024,-0.4336906035049495,-1.0
58048-04-18 02:00:00,1.8731,-0.2470588235294146,-0.7878578106977563,-0.31695692908620277,-1.0
58048-04-28 12:00:00,1.8762,-0.19970414201183528,-0.5001693872324708,-0.23942514896923706,-0.9034832893921398
58048-05-08 22:00:00,1.8789,-0.14615384615384713,-0.1773841885050131,-0.17184074103581326,-0.7004433691519973
58048-05-19 08:00:00,1.8802,-0.131818181818182,0.11013492410773733,-0.12848431401783583,-0.4993496351567694
58048-05-29 18:00:00,1.8818,-0.08426966292135057,0.36895828166199834,-0.07745895211429549,-0.27623540608051383
58048-06-09 04:00:00,1.8811,-0.12248322147651075,0.528444617596957,-0.07423199809757369,-0.4280292174303284
58048-06-19 14:00:00,1.8788,-0.10732984293193804,0.5695349767124468,-0.1073001991579513,-0.4996624328312216
58048-06-30 00:00:00,1.8793,0.005494505494505031,0.6144597730552653,-0.07291564448242838,-0.26893613207728545
58048-07-10 10:00:00,1.8838,0.1030701754385962,0.7744536269455103,0.08921006003358667,0.11979107021516332
58048-07-20 20:00:00,1.887,0.06698564593301559,0.9585813627336491,0.2392507128457485,0.5957040511747602
58048-07-31 06:00:00,1.8859,0.14402173913043514,1.0,0.2253856330104309,0.3399678350222439
58048-08-10 16:00:00,1.8857,0.12000000000000055,1.0,0.280620425111076,0.3928209317084907
58048-08-21 02:00:00,1.8856,0.14011799410029335,0.9990886555044068,0.3187832334895697,0.2752346790809036
58048-08-31 12:00:00,1.888,0.34561403508771926,1.0,0.3902135017068761,0.7430324635452332
58048-09-10 22:00:00,1.8857,0.2423076923076931,0.9341860182658357,0.2528217826823679,0.1612378153019313
58048-09-21 08:00:00,1.8789,0.04545454545454475,0.6505799043643309,-0.07007049592727915,-0.9007690103589278
58048-10-01 18:00:00,1.8895,0.1409574468085113,0.7634713868828591,0.38982427827378163,0.16602365177549888
58048-10-12 04:00:00,1.8825,0.026558891454965372,0.6049684639070836,0.055170375481599865,-0.47521321394369875
58048-10-22 14:00:00,1.8795,-0.025727069351230147,0.39971214173765623,-0.09521476822745911,-1.0
58048-11-02 00:00:00,1.8746,-0.06646216768916141,0.11970046751372403,-0.3974575505878922,-1.0
58048-11-12 10:00:00,1.874,-0.05084745762711812,-0.06760775203508154,-0.4415499396655355,-1.0
58048-11-22 20:00:00,1.8749,-0.046218487394957986,-0.1431801877521423,-0.3791274939885969,-1.0
58048-12-03 06:00:00,1.8736,-0.11486486486486525,-0.208462499491299,-0.40735313503486337,-1.0
58048-12-13 16:00:00,1.8753,-0.13636363636363774,-0.17608191345004762,-0.2957646229080253,-1.0
58048-12-24 02:00:00,1.8757,-0.12085308056872146,-0.12162112809768895,-0.25340929905089316,-1.0
58049-01-03 12:00:00,1.8714,-0.15442764578833817,-0.1926935564742567,-0.40402193864434754,-1.0
58049-01-13 22:00:00,1.8743,-0.1150712830957224,-0.12872465934815697,-0.25776752920419344,-1.0
58049-01-24 08:00:00,1.8744,-0.14529914529914434,-0.06466929306330256,-0.23690943126614827,-0.8783210010581384
58049-02-03 18:00:00,1.8683,-0.17193675889328008,-0.18422310929873886,-0.4274184521609576,-1.0
58049-02-14 04:00:00,1.8689,-0.1126126126126133,-0.21716697564495382,-0.3616398879834322,-0.843495631993271
58049-02-24 14:00:00,1.871,-0.25766016713092,-0.14994550765497006,-0.2548931604528897,-0.5707341744067809
58049-03-07 00:00:00,1.87,-0.20903010033444874,-0.11335089589892179,-0.2666732865188297,-0.6425286965762665
58049-03-17 10:00:00,1.8706,-0.16181818181818214,-0.05104411798611479,-0.22105051734193298,-0.43606094663423384
58049-03-27 20:00:00,1.8702,-0.09565217391304381,-0.004876641027035286,-0.22108011628745933,-0.6814048985556075
58049-04-07 06:00:00,1.8731,-0.017786561264824752,0.12481347800648458,-0.07106030627113202,-0.42110434548599657
58049-04-17 16:00:00,1.8756,0.013011152416355531,0.2881288038085393,0.06210421085812334,-0.16715128704285317
58049-04-28 02:00:00,1.8757,0.04085603112840497,0.39344906466210594,0.14542034376058077,0.0695284482026741
58049-05-08 12:00:00,1.8746,-0.013944223107568432,0.42107496521899623,0.11736910357439134,0.020068159748482996
58049-05-18 22:00:00,1.8758,0.0019305019305017046,0.4645378351873738,0.273087454522179,0.4788684693979941
58049-05-29 08:00:00,1.8738,0.05084745762711895,0.4214528662120729,0.07543065430271134,0.6774000697234709
58049-06-08 18:00:00,1.8556,-0.2403598971722431,-0.14608653041688832,-0.8997100537495337,-1.0
58049-06-19 04:00:00,1.8349,-0.33193277310924885,-1.0,-0.9312382584766229,-1.0
58049-06-29 14:00:00,1.8266,-0.33792544570502925,-1.0,-0.761559460563414,-1.0
58049-07-10 00:00:00,1.8066,-0.3840937114673278,-1.0,-0.756267633586476,-1.0
58049-07-20 10:00:00,1.8156,-0.31477272727272887,-1.0,-0.5257093616638435,-1.0
58049-07-30 20:00:00,1.7936,-0.3504587155963317,-1.0,-0.6061649926582164,-1.0
58049-08-10 06:00:00,1.8017,-0.2957081545064386,-1.0,-0.45276850380358297,-1.0
58049-08-20 16:00:00,1.8036,-0.28220338983050935,-1.0,-0.3836129172702387,-1.0
58049-08-31 02:00:00,1.7996,-0.3085642317380354,-1.0,-0.3678181140686563,-1.0
58049-09-10 12:00:00,1.8066,-0.27912621359223355,-1.0,-0.2823909635325394,-0.9474437589087988
58049-09-20 22:00:00,1.8163,-0.22297297297297303,-1.0,-0.1884847724276717,-0.5964169835219532
58049-10-01 08:00:00,1.828,-0.1620305980528512,-0.27964035453683594,-0.08479272699505985,-0.2898471184616031
58049-10-11 18:00:00,1.8313,-0.15250171350239894,0.5266353623043346,-0.045044154501384936,0.006493976969009296
58049-10-22 04:00:00,1.821,-0.1712062256809338,0.7719572953001776,-0.11058788427136323,-0.06815954442644251
58049-11-01 14:00:00,1.8131,-0.14767199444058376,0.7209173661842403,-0.15626011586502003,-0.19537846332943767
58049-11-12 00:00:00,1.8113,-0.09440000000000026,0.6626983998479744,-0.15256489828654446,-0.3131759594093802
58049-11-22 10:00:00,1.7977,-0.11089792785878722,0.2580786733562063,-0.2542308224901286,-0.6596219925595249
58049-12-02 20:00:00,1.8012,-0.02372583479789142,0.1546649840800668,-0.20435405979822852,-0.24474138057251416
58049-12-13 06:00:00,1.785,-0.12644628099173683,-0.3282644852173063,-0.36540545623966914,-0.6079081349960944
58049-12-23 16:00:00,1.788,-0.02745098039215721,-0.46418111062918554,-0.34343208527869673,-0.11176164421752277
58050-01-03 02:00:00,1.7881,-0.07234042553191544,-0.45881925365440523,-0.34456322438361253,0.6056086294742943
58050-01-13 12:00:00,1.7895,-0.07540106951871678,-0.3263052210081102,-0.2987916756270355,1.0
58050-01-23 22:00:00,1.7895,-0.05642458100558678,-0.16104498281818005,-0.273266686281614,1.0
58050-02-03 08:00:00,1.7869,-0.11574618096357253,-0.059230008955907215,-0.29153782684179197,0.8859483138887929
58050-02-13 18:00:00,1.7912,-0.15746549560853296,0.19844298926366505,-0.19467706888863617,1.0
58050-02-24 04:00:00,1.7988,-0.19312169312169414,0.635892345435198,-0.06484821769176996,1.0
58050-03-06 14:00:00,1.8025,-0.18947368421052574,1.0,0.0007165985108905648,1.0
58050-03-17 00:00:00,1.8036,-0.1302395209580824,1.0,0.020423303894173128,1.0
58050-03-27 10:00:00,1.7996,-0.10731319554848817,1.0,-0.0512374429541414,1.0
58050-04-06 20:00:00,1.7983,-0.10416666666666541,1.0,-0.06712212834805531,1.0
58050-04-17 06:00:00,1.8057,0.07117437722419873,1.0,0.07707364377804427,1.0
58050-04-27 16:00:00,1.8036,0.021897810218979408,1.0,0.06837735688345092,0.830274435538096
58050-05-08 02:00:00,1.8077,0.26580796252927197,1.0,0.21809827587157415,0.9950564014193528
58050-05-18 12:00:00,1.8095,0.2590361445783108,1.0,0.31233223798853127,1.0
58050-05-28 22:00:00,1.8103,0.26303317535544735,1.0,0.3480518741192826,1.0
58050-06-08 08:00:00,1.8001,0.10392156862744972,1.0,0.07055631601482126,0.7868989850454552
58050-06-18 18:00:00,1.8023,0.12030075187969769,1.0,0.1310509928017618,0.9253109315154342
58050-06-29 04:00:00,1.8071,0.18231046931407902,1.0,0.26327587791739204,0.9983816382900516
58050-07-09 14:00:00,1.8076,0.15891472868217138,1.0,0.2562152663781855,1.0
58050-07-20 00:00:00,1.8076,0.10000000000000098,1.0,0.2338198164358961,1.0
58050-07-30 10:00:00,1.8047,0.025462962962962576,0.9226730921076602,0.11980523029210266,0.5729864629483226
58050-08-09 20:00:00,1.8033,-0.003448275862071082,0.7504331740100335,0.05000762574493478,-0.030258781599033124
58050-08-20 06:00:00,1.7984,-0.013513513513514486,0.4759717737062634,-0.17116859826243735,-0.6916668802477489
58050-08-30 16:00:00,1.8007,0.026431718061673548,0.36030100304823487,-0.13021569612173461,-0.5005820828600679
58050-09-10 02:00:00,1.7991,-0.0833333333333352,0.23588889050014616,-0.28596510073451054,-1.0
58050-09-20 12:00:00,1.7441,-0.321621621621622,-1.0,-1.0234100823786605,-1.0
58050-09-30 22:00:00,1.7565,-0.2539682539682546,-1.0,-0.6171843494698593,-1.0
58050-10-11 08:00:00,1.7479,-0.286245353159852,-1.0,-0.5870462371049049,-1.0
58050-10-21 18:00:00,1.7344,-0.31546134663341663,-1.0,-0.592281389385776,-1.0
58050-11-01 04:00:00,1.7528,-0.1840466926070043,-1.0,-0.3593934984201944,-1.0
58050-11-11 14:00:00,1.748,-0.20709382151029743,-1.0,-0.3591269302845221,-1.0
58050-11-22 00:00:00,1.7591,-0.1746724890829685,-1.0,-0.23381059889720496,-1.0
58050-12-02 10:00:00,1.7532,-0.19047619047619035,-1.0,-0.2592903335255802,-1.0
58050-12-12 20:00:00,1.7462,-0.20493991989319116,-1.0,-0.28988950253656814,-1.0
58050-12-23 06:00:00,1.7477,-0.1920485175202154,-0.917047962693421,-0.25060894176366877,-0.9226113182666448
58051-01-02 16:00:00,1.7583,-0.1427664974619287,-0.33806964197594136,-0.14002220108345437,-0.6754730205592189
58051-01-13 02:00:00,1.7646,-0.10628930817610083,0.2838768378801004,-0.068636492088268,-0.43370215053320355
58051-01-23 12:00:00,1.7654,-0.11206349206349159,0.7394252794895811,-0.04415375861262871,-0.23514461233807166
58051-02-02 22:00:00,1.7633,-0.11329113924050577,0.9807073703963272,-0.04575522574241614,-0.24059786097032163
58051-02-13 08:00:00,1.7604,0.07695939565627918,1.0,-0.05547999501739537,-0.2541860077983597
58051-02-23 18:00:00,1.7679,0.0564356435643566,1.0,0.052622775681205214,-0.021539211010936178
58051-03-06 04:00:00,1.7656,0.09345300950369573,1.0,0.05334280534353952,-0.03586040542216111
58051-03-16 14:00:00,1.7638,0.17710843373493956,1.0,0.059278143003230754,-0.05505736156702668
58051-03-27 00:00:00,1.752,-0.005235602094240288,0.9539975961173723,-0.10472530220453352,-0.1301568017100128
58051-04-06 10:00:00,1.744,-0.025125628140703404,0.4642734528694388,-0.2936164155172065,-0.3201975323662172
58051-04-16 20:00:00,1.7353,-0.1541450777202067,-0.08165070057564489,-0.48110952173780863,-1.0
58051-04-27 06:00:00,1.7398,-0.08839050131926135,-0.24980557166945544,-0.32952439767834424,-0.34010881269586624
58051-05-07 16:00:00,1.7583,0.06930126002290937,0.23567659707631428,0.10376072050252227,0.530358317100024
58051-05-18 02:00:00,1.7519,0.022776572668112727,0.3801367929088991,-0.08020222753025058,-0.03861607338713505
58051-05-28 12:00:00,1.7522,-0.037240537240537164,0.49741731005467316,-0.07125912308160554,0.3998657081190692
58051-06-07 22:00:00,1.7588,-0.03527980535279818,0.7737437943707174,0.09275079272811348,0.8506546124655758
58051-06-18 08:00:00,1.7625,-0.01703877790834385,1.0,0.18667172789673458,1.0
58051-06-28 18:00:00,1.7561,-0.040268456375839534,1.0,0.01064316698254919,0.3807270511936715
58051-07-09 04:00:00,1.749,-0.06089743589743535,0.7610586927057293,-0.1870735010936111,-0.2837524648133958
58051-07-19 14:00:00,1.7496,-0.10553633217993119,0.6092721612794648,-0.17479136792831806,0.1766061254574562
58051-07-30 00:00:00,1.75,-0.09198113207547254,0.5210492504707224,-0.15105746129266873,0.5360778817936508
58051-08-09 10:00:00,1.7395,-0.1299465240641718,0.15885618410831837,-0.3867949476947799,-0.42137769586636487
58051-08-19 20:00:00,1.7468,-0.029213483146068198,0.1616430401366573,-0.17565378055596576,0.27142647226172434
58051-08-30 06:00:00,1.7405,-0.020045819014891775,-0.003154405059968565,-0.3105235202259745,-0.6105517609725135
58051-09-09 16:00:00,1.742,0.041822721598002266,-0.03732292702944921,-0.24485667340079553,-0.04589930595900319
58051-09-20 02:00:00,1.7445,0.030089628681177705,0.04136577044779094,-0.16065110567565116,0.7347674175122628
58051-09-30 12:00:00,1.7443,-0.11705685618729228,0.10798759285169673,-0.14808596137572844,0.2416479621746973
58051-10-10 22:00:00,1.7502,-0.014333895446880685,0.34084993569625266,0.06343809338897377,1.0
58051-10-21 08:00:00,1.7524,0.0016339869281043473,0.5572350958937123,0.1385900127141616,1.0
58051-10-31 18:00:00,1.7505,-0.07345132743362859,0.6313476108945514,0.06231690301854953,0.9517149880447506
58051-11-11 04:00:00,1.7531,-0.08483754512635294,0.7419361875971595,0.13456256806962297,1.0
58051-11-21 14:00:00,1.7698,0.10426179604261887,1.0,0.6228585017552646,1.0
58051-12-02 00:00:00,1.7681,0.15837479270315058,1.0,0.4984657414161192,1.0
58051-12-12 10:00:00,1.7645,0.11769352290679247,1.0,0.35005376649391706,0.3429759309884731
58051-12-22 20:00:00,1.7602,0.0758928571428572,1.0,0.21173846694561738,-0.20950889702466477
58052-01-02 06:00:00,1.7617,0.19072164948453607,1.0,0.24607022421010305,0.2997984836531664
58052-01-12 16:00:00,1.7597,0.12192816635160764,0.9335968723357304,0.19784223538949341,-0.24781375351010557
58052-01-23 02:00:00,1.7567,0.16330645161290225,0.6712054763527872,0.11294495961988305,-0.7549108265802826
58052-02-02 12:00:00,1.7567,0.1528066528066513,0.4724751916106092,0.10219365203157837,-0.7906621040173318
58052-02-12 22:00:00,1.7526,0.08148893360160914,0.20365561428062082,-0.01653962792081659,-1.0
58052-02-23 08:00:00,1.7654,0.16934189406099476,0.3964128610990761,0.30801288609639477,-0.4696722763291602
58052-03-04 18:00:00,1.7582,0.06289308176100572,0.2853632768097076,0.09525584496665729,-1.0
58052-03-15 04:00:00,1.7747,0.14313222079589105,0.6788601678371646,0.48411129276238984,0.551684756784844
58052-03-25 14:00:00,1.7618,0.06355455568054003,0.5107260548780108,0.12609386671660117,-1.0
58052-04-05 00:00:00,1.7693,0.08635394456289947,0.5919705347015891,0.31433369333163896,1.0
58052-04-15 10:00:00,1.7473,-0.11352169525731509,-0.03469397881141303,-0.3530519494697845,-1.0
58052-04-25 20:00:00,1.7748,0.026821457165732143,0.3685802863529955,0.44101261882241827,1.0
58052-05-06 06:00:00,1.7583,-0.02249637155297529,0.11478646809333377,-0.07946207061529131,-1.0
58052-05-16 16:00:00,1.7648,0.016428571428571126,0.13161977074414785,0.11117942362150746,-0.6823794052789031
58052-05-27 02:00:00,1.764,0.008255563531945342,0.10442577166727605,0.06657265287342595,-1.0
58052-06-06 12:00:00,1.7697,0.034965034965035,0.24000833695209048,0.24038171015902676,-0.6691135372192859
58052-06-16 22:00:00,1.7627,0.020408163265306034,0.10032424642200896,0.005096110893062944,-0.9383293182936586
58052-06-27 08:00:00,1.7531,-0.01149425287356265,-0.280471630469352,-0.3089617032805225,-1.0
58052-07-07 18:00:00,1.7697,0.050561797752809445,-0.029231533527994697,0.26327027804011627,-0.7190598098364079
58052-07-18 04:00:00,1.76,-0.01626506024096408,-0.1604168293681725,-0.071051556598824,-1.0
58052-07-28 14:00:00,1.7531,-0.015389257694628566,-0.4425615284812821,-0.2835501654924786,-1.0
58052-08-08 00:00:00,1.745,-0.0944055944055942,-0.8384518434281995,-0.47376401856618855,-1.0
58052-08-18 10:00:00,1.729,-0.10224438902743144,-1.0,-0.6935572261357679,-1.0
58052-08-28 20:00:00,1.7528,-0.04668930390492426,-1.0,-0.14694166761512162,-1.0
58052-09-08 06:00:00,1.7731,0.0737142857142854,-0.29312907093865975,0.2804460385484383,-0.31959290132975604
58052-09-18 16:00:00,1.7764,0.0053050397877986155,0.36679164632422784,0.3262049676163411,0.5781663553145097
58052-09-29 02:00:00,1.7776,0.07121771217712225,0.7974674196560977,0.31645666360398117,0.9175228399695021
58052-10-09 12:00:00,1.771,0.0228613569321533,0.8330412054200977,0.19015444212117905,0.720720026072478
58052-10-19 22:00:00,1.7712,0.02666666666666695,0.8151252822071927,0.18192053290493793,0.8860799338395428
58052-10-30 08:00:00,1.7603,-0.03352353780313855,0.43969551608460256,-0.02827665311618527,0.6860952287662898
58052-11-09 18:00:00,1.7517,-0.038787023977432555,-0.07419630726072726,-0.21104934363959776,0.11411447940250913
58052-11-20 04:00:00,1.7421,-0.03878702397743333,-0.6768706028673599,-0.36444175344561747,-0.5901460001259989
58052-11-30 14:00:00,1.7393,-0.11874999999999958,-1.0,-0.3758149146714221,-1.0
58052-12-11 00:00:00,1.7404,-0.08207705192629833,-1.0,-0.3184857976692308,-0.6261395481788888
58052-12-21 10:00:00,1.7397,-0.05918727915194372,-1.0,-0.298268174316242,-0.964389889372361
58052-12-31 20:00:00,1.729,-0.06908462867012088,-1.0,-0.4211199422096715,-1.0
58053-01-11 06:00:00,1.7287,-0.001498501498502447,-1.0,-0.37534235481183137,-1.0
58053-01-21 16:00:00,1.723,-0.1817073170731689,-1.0,-0.40627574031162306,-1.0
58053-02-01 02:00:00,1.7188,-0.41198786039453367,-1.0,-0.4086878186424352,-1.0
58053-02-11 12:00:00,1.7275,-0.3429172510518923,-1.0,-0.2635717396604404,-1.0
58053-02-21 22:00:00,1.7291,-0.33821478382147785,-1.0,-0.22217091297755398,-1.0
58053-03-04 08:00:00,1.7257,-0.3306569343065685,-1.0,-0.24674191274551405,-1.0
58053-03-14 18:00:00,1.7286,-0.29915730337078916,-0.7138270964857066,-0.2098353957541748,-1.0
58053-03-25 04:00:00,1.7355,-0.18452380952380976,-0.2539020321299418,-0.1120834049714457,-0.9254921605477828
58053-04-04 14:00:00,1.7352,-0.14006791171477107,0.07102548686857209,-0.0974409099423797,-0.9828233504211389
58053-04-15 00:00:00,1.7364,-0.056435643564357374,0.33780199714169445,-0.060561224966235006,-0.7786796741878526
58053-04-25 10:00:00,1.7373,-0.020576131687242927,0.5446442058841259,-0.020834540374362387,-0.5445834518355521
58053-05-05 20:00:00,1.7387,-0.017382413087935034,0.7163890429531584,0.035622080177229676,-0.3532037589991301
58053-05-16 06:00:00,1.737,-0.027054108216432338,0.7652731407294187,0.04669982718993537,-0.4570266224649731
58053-05-26 16:00:00,1.744,0.16233766233766278,0.9860598562933954,0.3026739446453477,-0.0710327849397297
58053-06-06 02:00:00,1.7429,0.15106382978723554,1.0,0.31378419416397807,-0.11317812093176209
58053-06-16 12:00:00,1.7446,0.25116279069767433,1.0,0.36037233059860707,0.26526418339367275
58053-06-26 22:00:00,1.7469,0.34184914841849146,1.0,0.40037587623903537,0.6395753192210134
58053-07-07 08:00:00,1.7413,0.1815789473684234,1.0,0.21775420016670732,0.5625340039341239
58053-07-17 18:00:00,1.739,0.12790697674418783,0.8196104774952778,0.1457052746527715,0.4208288667475414
58053-07-28 04:00:00,1.7512,0.2684210526315829,1.0,0.45871580905244613,1.0
58053-08-07 14:00:00,1.7496,0.22727272727273073,1.0,0.36456607809319264,1.0
58053-08-18 00:00:00,1.7501,0.18341708542713775,1.0,0.34520315155747294,1.0
58053-08-28 10:00:00,1.7481,0.15542168674698897,0.9140930487825253,0.27742623869339866,1.0
58053-09-07 20:00:00,1.7464,0.11904761904762029,0.7477649375925555,0.20277391949874035,0.6461231685328316
58053-09-18 06:00:00,1.7448,0.08782201405152135,0.5592601557764897,0.1301274817557685,0.20042881038307528
58053-09-28 16:00:00,1.7462,0.08782201405152357,0.45277844414047697,0.16613894892726155,0.39402024745557257
58053-10-09 02:00:00,1.7465,0.11501210653752869,0.37024134285009963,0.16484083826476215,0.8136256930738005
58053-10-19 12:00:00,1.7396,-0.05339805825242683,0.09663694560838236,-0.18678732027194028,0.023195568308415758
58053-10-29 22:00:00,1.7381,-0.05769230769230688,-0.12543354906414347,-0.2821691890178009,-0.8454545516196138
58053-11-09 08:00:00,1.7335,-0.12471910112359486,-0.3935028442516528,-0.4903793422440575,-1.0
58053-11-19 18:00:00,1.7368,-0.11098901098901182,-0.44552188537338516,-0.32172106445997706,-0.9226554696196948
58053-11-30 04:00:00,1.7362,-0.06296296296296461,-0.4718931405801672,-0.33544502991510056,-1.0
58053-12-10 14:00:00,1.7379,-0.013784461152883454,-0.4127886961268495,-0.25807429589744885,-0.9869324391922705
58053-12-21 00:00:00,1.7371,-0.2473684210526338,-0.37503052324319297,-0.271192578796772,-1.0
58053-12-31 10:00:00,1.7247,-0.3167938931297738,-0.6893978838084225,-0.6461106272542076,-1.0
58054-01-10 20:00:00,1.7253,-0.3147208121827394,-0.8280508187510996,-0.5158026140829922,-1.0
58054-01-21 06:00:00,1.7293,-0.22705314009661703,-0.7484556103515567,-0.34204024345993866,-0.3232987068018835
58054-01-31 16:00:00,1.7292,-0.21608040201004852,-0.6538650716620013,-0.3118596576899851,-1.0
58054-02-11 02:00:00,1.7278,-0.21464646464646292,-0.591180947479176,-0.3215428809447509,-1.0
58054-02-21 12:00:00,1.7168,-0.2987804878048773,-0.8298446503933589,-0.5392326368506499,-1.0
58054-03-03 22:00:00,1.7195,-0.261627906976744,-0.8442421363775516,-0.41438299756793995,-1.0
58054-03-14 08:00:00,1.7165,-0.24213836477987516,-0.8812951976138842,-0.43578077451618735,-1.0
58054-03-24 18:00:00,1.7043,-0.28938356164383605,-1.0,-0.5990580619274667,-1.0
58054-04-04 04:00:00,1.689,-0.3219971056439944,-1.0,-0.6915644347778479,-1.0
58054-04-14 14:00:00,1.6949,-0.2921896792189663,-1.0,-0.4991141841103129,-1.0
58054-04-25 00:00:00,1.6985,-0.25234270414993343,-1.0,-0.3931048103028918,-1.0
58054-05-05 10:00:00,1.6962,-0.2768924302788852,-1.0,-0.3841986813498102,-1.0
58054-05-15 20:00:00,1.7014,-0.22396486825595985,-1.0,-0.27626958426783665,-1.0
58054-05-26 06:00:00,1.7004,-0.1778916544655928,-0.7985371001596664,-0.26391609641671643,-1.0
58054-06-05 16:00:00,1.6969,-0.1994382022471916,-0.6332535325249886,-0.28595748878391186,-1.0
58054-06-16 02:00:00,1.7037,-0.1729729729729742,-0.25781056244837536,-0.16434576267617484,-1.0
58054-06-26 12:00:00,1.7103,-0.11739130434782757,0.22444145031716065,-0.043993915313151055,-0.8732886578904739
58054-07-06 22:00:00,1.707,-0.12621359223301026,0.4597047954838233,-0.07858686532416748,-0.8690251205609814
58054-07-17 08:00:00,1.701,-0.10206718346253324,0.4481954539314086,-0.1669721405037728,-0.9666483050571901
58054-07-27 18:00:00,1.7027,-0.10994764397905771,0.5057064259764084,-0.11661920259841907,-0.7663929764274284
58054-08-07 04:00:00,1.7008,-0.10424966799468749,0.4975314709354554,-0.13598288087741173,-0.78299015786737
58054-08-17 14:00:00,1.7021,-0.01708074534161491,0.5406173925363341,-0.08887907489273755,-0.5595852531988443
58054-08-28 00:00:00,1.6934,0.03806228373702425,0.3212887850463684,-0.2778362054922206,-0.796731617461708
58054-09-07 10:00:00,1.6955,0.005555555555554981,0.26258640566585106,-0.21757275696024536,-0.5264569560379245
58054-09-17 20:00:00,1.694,-0.04335260115606915,0.20226112733365662,-0.24454228755280577,-0.8196739537423334
58054-09-28 06:00:00,1.69,-0.05783582089552264,0.07085674365932446,-0.3715930862272302,-1.0
58054-10-08 16:00:00,1.6872,-0.13867187500000133,-0.0634453431105475,-0.466463406784581,-1.0
58054-10-19 02:00:00,1.6879,-0.12278978388998163,-0.0905101473012253,-0.386046664011662,-1.0
58054-10-29 12:00:00,1.6768,-0.1717948717948738,-0.3921782170315606,-0.6621391216559505,-1.0
58054-11-08 22:00:00,1.6766,-0.2610789980732199,-0.5320066858169158,-0.5482559575133545,-1.0
58054-11-19 08:00:00,1.6642,-0.39948006932409286,-0.916939348940323,-0.663672370229067,-1.0
58054-11-29 18:00:00,1.6367,-0.42918192918193127,-1.0,-0.7963175644932199,-1.0
58054-12-10 04:00:00,1.6217,-0.4361936193619381,-1.0,-0.7144912808885276,-1.0
58054-12-20 14:00:00,1.641,-0.2843317972350239,-1.0,-0.4348874009994714,-1.0
58054-12-31 00:00:00,1.6503,-0.21786022433132035,-1.0,-0.3070581491925364,-1.0
58055-01-10 10:00:00,1.6459,-0.23613445378151227,-1.0,-0.3133601899040842,-1.0
58055-01-20 20:00:00,1.6453,-0.21686203787195635,-1.0,-0.2887014414389335,-1.0
58055-01-31 06:00:00,1.6352,-0.2535744322960467,-1.0,-0.3442355035999427,-1.0
58055-02-10 16:00:00,1.6279,-0.26503608660785843,-1.0,-0.36629602463671374,-1.0
58055-02-21 02:00:00,1.6332,-0.2253968253968246,-0.919064011178645,-0.28889418466950373,-0.8994869975315191
58055-03-03 12:00:00,1.6206,-0.24521354933725986,-1.0,-0.36117221457920734,-0.9332492148914018
58055-03-13 22:00:00,1.6104,-0.26668960770818884,-1.0,-0.40435823292580286,-1.0
58055-03-24 08:00:00,1.5613,-0.3150572831423888,-1.0,-0.6458487156913759,-1.0
58055-04-03 18:00:00,1.5685,-0.28402522333158076,-1.0,-0.5062314632811836,-1.0
58055-04-14 04:00:00,1.5727,-0.25123558484349146,-1.0,-0.42301437064841724,-1.0
58055-04-24 14:00:00,1.5679,-0.21580928481806683,-1.0,-0.404642066011157,-1.0
58055-05-05 00:00:00,1.5741,-0.1580345285524558,-1.0,-0.3317441304624589,-0.9235096291290866
58055-05-15 10:00:00,1.5716,-0.25934230194319763,-1.0,-0.3192890840396365,-1.0
58055-05-25 20:00:00,1.5827,-0.24926253687315636,-0.9704365776637358,-0.22469693266500568,0.5515217127426203
58055-06-05 06:00:00,1.585,-0.2280898876404494,-0.20836387695975672,-0.1900921150319183,1.0
58055-06-15 16:00:00,1.6022,-0.1435709526982008,0.897070476433755,-0.04364864016410297,1.0
58055-06-26 02:00:00,1.5896,-0.14941022280471827,1.0,-0.12691449633443025,1.0
58055-07-06 12:00:00,1.5782,-0.15858328015315837,1.0,-0.19919261011978173,1.0
58055-07-16 22:00:00,1.5827,-0.16196279666452867,1.0,-0.1447146994489229,1.0
58055-07-27 08:00:00,1.5809,-0.13680220537560317,1.0,-0.14083974048439268,1.0
58055-08-06 18:00:00,1.5762,-0.12249283667621774,1.0,-0.1641919305937189,0.9505220248295171
58055-08-17 04:00:00,1.5864,0.12462760675273177,1.0,-0.043064455216762,0.9610406554523891
58055-08-27 14:00:00,1.5937,0.1250000000000001,1.0,0.0659893728241081,0.9431105540711501
58055-09-07 00:00:00,1.5943,0.11111111111111172,1.0,0.10481418061789705,0.9471451123587742
58055-09-17 10:00:00,1.6092,0.19245107176141663,1.0,0.3780270826307255,0.9568717565588253
58055-09-27 20:00:00,1.6237,0.2145328719723183,1.0,0.5918378704211322,1.0
58055-10-08 06:00:00,1.6209,0.21268334771354636,1.0,0.5088811109830653,0.8220279806144297
58055-10-18 16:00:00,1.6126,0.13218390804597746,1.0,0.35142108211084433,0.6797169576289985
58055-10-29 02:00:00,1.6123,0.12286228622862361,1.0,0.31326388269378047,0.5379098290549384
58055-11-08 12:00:00,1.6066,0.02208835341365456,1.0,0.20789014421257646,0.36214621831597243
58055-11-18 22:00:00,1.6145,0.13119072708113944,1.0,0.29669405496884615,0.34348711617085265
58055-11-29 08:00:00,1.6172,0.22621809744779642,1.0,0.30568631204385865,0.3346355834584575
58055-12-09 18:00:00,1.6477,0.28966131907308457,1.0,0.6191725074780767,0.989303701305298
58055-12-20 04:00:00,1.6411,0.25726495726495846,1.0,0.4571436601144243,0.7619285610822679
58055-12-30 14:00:00,1.6472,0.2998310810810818,1.0,0.45657799933096344,1.0
