1775001600000000,1.34100000,1.34110000,1.33830000,1.34030000,477784.00000000,1775002499999999,640316.76474000,4486,161376.20000000,216264.99780000,0
1775002500000000,1.34030000,1.34220000,1.33900000,1.34190000,550141.60000000,1775003399999999,737479.75753000,4085,358278.00000000,480285.97987000,0
1775003400000000,1.34190000,1.34220000,1.33920000,1.34090000,458295.90000000,1775004299999999,614277.54603000,2797,293558.50000000,393462.94240000,0
1775004300000000,1.34100000,1.34600000,1.33830000,1.34520000,739792.60000000,1775005199999999,993379.55735000,6443,517290.90000000,694561.38822000,0
1775005200000000,1.34520000,1.34610000,1.34240000,1.34330000,1034032.50000000,1775006099999999,1389930.26939000,5353,557493.30000000,749418.64841000,0
1775006100000000,1.34330000,1.34330000,1.33740000,1.33740000,531306.80000000,1775006999999999,712170.62722000,3594,184607.40000000,247466.28614000,0
1775007000000000,1.33750000,1.33870000,1.33430000,1.33710000,580373.80000000,1775007899999999,775859.08451000,4967,270367.00000000,361478.58735000,0
1775007900000000,1.33720000,1.33740000,1.33490000,1.33510000,505557.00000000,1775008799999999,675541.80925000,2939,261589.00000000,349542.04019000,0
1775008800000000,1.33520000,1.33800000,1.33480000,1.33690000,703828.50000000,1775009699999999,940523.59187000,4364,290805.70000000,388614.83935000,0
1775009700000000,1.33690000,1.33800000,1.33140000,1.33240000,1367542.80000000,1775010599999999,1822794.03347000,5049,897921.90000000,1196468.25786000,0
1775010600000000,1.33230000,1.33420000,1.33200000,1.33380000,467316.30000000,1775011499999999,623100.33757000,3098,92745.70000000,123664.74610000,0
1775011500000000,1.33370000,1.33580000,1.33320000,1.33450000,479374.70000000,1775012399999999,639824.99360000,2867,182577.80000000,243682.94333000,0
1775012400000000,1.33460000,1.34490000,1.33460000,1.34240000,626893.80000000,1775013299999999,840415.85485000,5405,364804.10000000,489094.78257000,0
1775013300000000,1.34250000,1.34330000,1.33990000,1.34170000,752511.90000000,1775014199999999,1009399.55250000,3256,430553.20000000,577515.26302000,0
1775014200000000,1.34180000,1.34630000,1.34130000,1.34550000,896264.10000000,1775015099999999,1203898.64439000,4169,604533.90000000,811926.54507000,0
1775015100000000,1.34560000,1.35170000,1.34560000,1.34810000,3527610.50000000,1775015999999999,4757957.42432000,8800,2375367.00000000,3203776.10233000,0
1775016000000000,1.34820000,1.34920000,1.34390000,1.34430000,1083108.70000000,1775016899999999,1458235.96140000,4260,444417.30000000,598427.21880000,0
1775016900000000,1.34430000,1.34460000,1.34180000,1.34190000,824784.50000000,1775017799999999,1107831.43117000,3985,392254.00000000,526875.39023000,0
1775017800000000,1.34190000,1.34330000,1.34080000,1.34120000,637127.70000000,1775018699999999,854892.70127000,3200,344295.60000000,462000.46941000,0
1775018700000000,1.34120000,1.34290000,1.33860000,1.33910000,1181541.80000000,1775019599999999,1583770.79178000,5088,570756.10000000,765112.92203000,0
1775019600000000,1.33910000,1.34410000,1.33610000,1.34340000,2487798.40000000,1775020499999999,3332840.32520000,6379,1089438.70000000,1459704.72733000,0
1775020500000000,1.34330000,1.34960000,1.34310000,1.34660000,2333421.10000000,1775021399999999,3143099.48385000,9384,1635270.00000000,2203243.45710000,0
1775021400000000,1.34670000,1.34710000,1.34220000,1.34220000,413087.00000000,1775022299999999,555329.04133000,4399,204559.60000000,275020.01956000,0
1775022300000000,1.34220000,1.34920000,1.34160000,1.34670000,1429034.90000000,1775023199999999,1922724.34453000,6335,763653.90000000,1027288.44294000,0
1775023200000000,1.34670000,1.35590000,1.34670000,1.35470000,2286613.50000000,1775024099999999,3090696.93480000,8313,1366989.60000000,1847841.89131000,0
1775024100000000,1.35470000,1.35660000,1.35380000,1.35640000,864403.90000000,1775024999999999,1171705.44016000,6438,326790.10000000,442994.39256000,0
1775025000000000,1.35640000,1.36340000,1.35610000,1.36240000,2463052.90000000,1775025899999999,3349200.05359000,10398,1525977.10000000,2074748.23969000,0
1775025900000000,1.36240000,1.36340000,1.35950000,1.36240000,1507312.00000000,1775026799999999,2051433.38024000,6672,899922.90000000,1224874.62212000,0
1775026800000000,1.36250000,1.36750000,1.36250000,1.36510000,1462058.60000000,1775027699999999,1995374.19750000,6872,760610.60000000,1038172.29449000,0
1775027700000000,1.36510000,1.36570000,1.35950000,1.35980000,1169896.50000000,1775028599999999,1593000.46694000,5984,500158.40000000,680930.92343000,0
1775028600000000,1.35980000,1.36370000,1.35950000,1.36040000,1092237.30000000,1775029499999999,1486489.29232000,5538,430584.40000000,586037.23311000,0
1775029500000000,1.36030000,1.36100000,1.35630000,1.35660000,1239399.40000000,1775030399999999,1683510.14721000,4825,412779.80000000,560648.25164000,0
1775030400000000,1.35660000,1.35850000,1.35230000,1.35360000,1269548.20000000,1775031299999999,1720830.07247000,5490,368084.10000000,498880.31658000,0
1775031300000000,1.35370000,1.35690000,1.35250000,1.35590000,773193.40000000,1775032199999999,1047357.07587000,4273,320150.20000000,433628.49163000,0
1775032200000000,1.35580000,1.35860000,1.35560000,1.35770000,833344.70000000,1775033099999999,1131168.11792000,3704,568946.40000000,772437.51395000,0
1775033100000000,1.35760000,1.35780000,1.35200000,1.35270000,1152536.50000000,1775033999999999,1561426.13736000,6377,406342.90000000,550391.13142000,0
1775034000000000,1.35260000,1.35380000,1.34960000,1.35100000,1271296.00000000,1775034899999999,1717876.86599000,4527,704548.50000000,952071.95369000,0
1775034900000000,1.35090000,1.35150000,1.34980000,1.35130000,790557.30000000,1775035799999999,1067784.79998000,3902,518132.20000000,699838.16652000,0
1775035800000000,1.35140000,1.35370000,1.34920000,1.34930000,969879.30000000,1775036699999999,1310843.33667000,3884,487723.80000000,659063.63881000,0
1775036700000000,1.34940000,1.35270000,1.34930000,1.35120000,857361.40000000,1775037599999999,1158100.07356000,3206,634209.80000000,856589.56489000,0
1775037600000000,1.35120000,1.35290000,1.34990000,1.34990000,864680.60000000,1775038499999999,1168353.24153000,2980,439280.70000000,593630.72748000,0
1775038500000000,1.35000000,1.35190000,1.34900000,1.34980000,812610.50000000,1775039399999999,1097080.38840000,3342,466578.70000000,629945.11633000,0
1775039400000000,1.34990000,1.35420000,1.34900000,1.35320000,1477382.20000000,1775040299999999,1997086.64499000,4002,1202141.70000000,1625061.22873000,0
1775040300000000,1.35330000,1.35500000,1.34990000,1.35280000,787928.90000000,1775041199999999,1065581.71348000,3592,492121.20000000,665330.73397000,0
1775041200000000,1.35270000,1.35500000,1.35250000,1.35440000,1529521.10000000,1775042099999999,2070445.68168000,4125,651861.90000000,882394.69699000,0
1775042100000000,1.35430000,1.35450000,1.35060000,1.35170000,567929.50000000,1775042999999999,767932.14597000,3257,247856.80000000,335139.83985000,0
1775043000000000,1.35170000,1.35360000,1.35170000,1.35280000,494880.80000000,1775043899999999,669371.69719000,2768,237318.90000000,320989.53670000,0
1775043900000000,1.35270000,1.35560000,1.35260000,1.35440000,421310.80000000,1775044799999999,570562.03085000,2638,232511.40000000,314929.62188000,0
1775044800000000,1.35440000,1.35450000,1.35090000,1.35180000,803334.00000000,1775045699999999,1086735.42995000,4132,446726.40000000,604312.89845000,0
1775045700000000,1.35180000,1.35530000,1.35180000,1.35320000,583369.20000000,1775046599999999,789502.07038000,3888,244918.60000000,331440.65128000,0
1775046600000000,1.35330000,1.36060000,1.34940000,1.35880000,2705789.60000000,1775047499999999,3662121.68655000,9494,1207417.30000000,1635774.72500000,0
1775047500000000,1.35870000,1.36050000,1.35320000,1.35390000,2629175.60000000,1775048399999999,3566203.02954000,15529,1132637.00000000,1536281.65827000,0
1775048400000000,1.35400000,1.35690000,1.35030000,1.35500000,1307858.60000000,1775049299999999,1769973.20442000,7545,481873.00000000,652273.28268000,0
1775049300000000,1.35490000,1.35750000,1.35490000,1.35550000,610260.30000000,1775050199999999,827772.56559000,4504,343700.60000000,466208.22183000,0
1775050200000000,1.35560000,1.35630000,1.34480000,1.34830000,1988872.00000000,1775051099999999,2684835.36607000,14737,806012.80000000,1088345.43240000,0
1775051100000000,1.34830000,1.35140000,1.34580000,1.34680000,1015346.80000000,1775051999999999,1368720.17666000,10613,545849.40000000,735937.12417000,0
1775052000000000,1.34670000,1.35250000,1.34600000,1.35250000,888651.00000000,1775052899999999,1199391.41498000,8916,476182.20000000,642845.90002000,0
1775052900000000,1.35250000,1.35590000,1.35130000,1.35490000,563800.40000000,1775053799999999,763091.84431000,8718,238000.50000000,322150.99497000,0
1775053800000000,1.35490000,1.35620000,1.34900000,1.35310000,1142177.00000000,1775054699999999,1545223.33071000,10772,466513.30000000,631216.31874000,0
1775054700000000,1.35320000,1.35820000,1.35220000,1.35590000,1161249.40000000,1775055599999999,1574379.80526000,7016,520577.60000000,705925.74008000,0
1775055600000000,1.35580000,1.35640000,1.35120000,1.35190000,911097.30000000,1775056499999999,1233615.17222000,5926,405181.70000000,548617.93526000,0
1775056500000000,1.35180000,1.35740000,1.35050000,1.35450000,1001998.30000000,1775057399999999,1357117.33283000,6510,406150.30000000,550287.26371000,0
1775057400000000,1.35440000,1.35670000,1.35320000,1.35510000,512883.10000000,1775058299999999,694790.20238000,5308,218669.80000000,296261.04503000,0
1775058300000000,1.35500000,1.35780000,1.35490000,1.35750000,353529.80000000,1775059199999999,479473.63830000,3806,186529.40000000,252920.09768000,0
1775059200000000,1.35750000,1.35770000,1.35160000,1.35240000,432268.70000000,1775060099999999,585496.76784000,4366,189043.50000000,256032.96671000,0
1775060100000000,1.35240000,1.35720000,1.35190000,1.35520000,927558.10000000,1775060999999999,1257084.87665000,5556,602214.10000000,816269.14073000,0
1775061000000000,1.35520000,1.36210000,1.35470000,1.36100000,1188731.00000000,1775061899999999,1615976.63570000,9311,672572.10000000,914321.79264000,0
1775061900000000,1.36110000,1.36120000,1.35830000,1.35850000,609962.60000000,1775062799999999,829179.16905000,3897,199714.30000000,271544.00474000,0
1775062800000000,1.35850000,1.36830000,1.35840000,1.36240000,1733677.80000000,1775063699999999,2366204.88586000,11100,945973.90000000,1290865.24086000,0
1775063700000000,1.36240000,1.36410000,1.35500000,1.35540000,626049.50000000,1775064599999999,850593.71100000,6212,175617.70000000,238786.87239000,0
1775064600000000,1.35550000,1.35570000,1.35200000,1.35430000,423779.00000000,1775065499999999,573801.88888000,5799,177298.50000000,240056.22790000,0
1775065500000000,1.35420000,1.35500000,1.35090000,1.35180000,306554.80000000,1775066399999999,414498.12040000,4065,99548.20000000,134608.12652000,0
1775066400000000,1.35180000,1.35260000,1.34680000,1.35000000,2151377.60000000,1775067299999999,2903935.58398000,7114,1026186.80000000,1384624.25659000,0
1775067300000000,1.35010000,1.35090000,1.34750000,1.34850000,524377.40000000,1775068199999999,707475.99675000,5680,354206.20000000,477898.61211000,0
1775068200000000,1.34850000,1.35200000,1.34700000,1.35010000,329585.70000000,1775069099999999,444620.12104000,5484,187264.20000000,252673.78032000,0
1775069100000000,1.35020000,1.35020000,1.34630000,1.34750000,217813.10000000,1775069999999999,293719.39002000,3419,84407.90000000,113812.85673000,0
1775070000000000,1.34760000,1.35060000,1.34740000,1.34840000,223306.80000000,1775070899999999,301250.41432000,3706,116817.60000000,157587.71761000,0
1775070900000000,1.34850000,1.35330000,1.34790000,1.35320000,388298.20000000,1775071799999999,524092.55244000,3347,221591.70000000,299076.47928000,0
1775071800000000,1.35320000,1.35400000,1.34940000,1.34950000,356940.00000000,1775072699999999,482316.42291000,3767,182653.20000000,246848.21872000,0
1775072700000000,1.34940000,1.35170000,1.34880000,1.35050000,376481.70000000,1775073599999999,508288.32137000,4328,190430.80000000,257088.91584000,0
1775073600000000,1.35050000,1.35220000,1.34670000,1.34730000,534506.40000000,1775074499999999,721066.15401000,4496,323734.10000000,436684.67740000,0
1775074500000000,1.34730000,1.34810000,1.34510000,1.34570000,318175.90000000,1775075399999999,428330.52478000,2813,136925.80000000,184358.61633000,0
1775075400000000,1.34570000,1.34720000,1.34220000,1.34720000,504506.00000000,1775076299999999,678212.38565000,3887,264793.80000000,355974.10277000,0
1775076300000000,1.34710000,1.34960000,1.34700000,1.34840000,197071.70000000,1775077199999999,265713.64300000,2331,102397.00000000,138039.84827000,0
1775077200000000,1.34850000,1.35340000,1.34830000,1.35290000,625934.00000000,1775078099999999,845623.12947000,4027,439452.90000000,593623.73414000,0
1775078100000000,1.35300000,1.35550000,1.35240000,1.35420000,712606.80000000,1775078999999999,964917.62864000,4245,351127.90000000,475467.09467000,0
1775079000000000,1.35420000,1.35540000,1.35270000,1.35310000,457015.80000000,1775079899999999,618810.41614000,3112,138730.60000000,187839.94998000,0
1775079900000000,1.35320000,1.35670000,1.35070000,1.35510000,674876.00000000,1775080799999999,913528.91252000,5294,387577.60000000,524737.36047000,0
1775080800000000,1.35500000,1.35540000,1.35060000,1.35190000,486916.40000000,1775081699999999,658377.42824000,5795,151928.20000000,205444.43783000,0
1775081700000000,1.35180000,1.35180000,1.34760000,1.34900000,416827.70000000,1775082599999999,562451.22120000,4914,174079.30000000,234837.41843000,0
1775082600000000,1.34900000,1.35070000,1.34770000,1.34950000,245116.70000000,1775083499999999,330645.06991000,3350,135571.50000000,182889.66812000,0
1775083500000000,1.34950000,1.35010000,1.34700000,1.34880000,224796.20000000,1775084399999999,303059.12123000,2555,125221.70000000,168788.54654000,0
1775084400000000,1.34890000,1.35150000,1.34850000,1.35030000,443600.60000000,1775085299999999,598999.73531000,3396,184766.10000000,249549.79517000,0
1775085300000000,1.35030000,1.35060000,1.34930000,1.34950000,468987.10000000,1775086199999999,633012.54517000,2607,154446.00000000,208464.19437000,0
1775086200000000,1.34940000,1.34990000,1.34690000,1.34810000,338224.00000000,1775087099999999,455993.28254000,2824,158560.90000000,213738.43233000,0
1775087100000000,1.34820000,1.34890000,1.34670000,1.34780000,206029.10000000,1775087999999999,277695.14161000,2773,81357.40000000,109658.69812000,0
1775088000000000,1.34770000,1.34950000,1.34700000,1.34860000,366005.40000000,1775088899999999,493357.44413000,4720,193511.90000000,260829.68626000,0
1775088900000000,1.34860000,1.34990000,1.34740000,1.34820000,327254.10000000,1775089799999999,441297.72581000,3631,132198.40000000,178265.33656000,0
1775089800000000,1.34820000,1.35450000,1.34820000,1.35450000,1004914.30000000,1775090699999999,1358352.99773000,5093,721901.30000000,975765.17220000,0
1775090700000000,1.35450000,1.35690000,1.35270000,1.35690000,436255.10000000,1775091599999999,591071.75743000,3886,248794.30000000,337081.43599000,0
1775091600000000,1.35690000,1.35690000,1.33850000,1.34790000,3157606.30000000,1775092499999999,4252201.46828000,28868,1547873.80000000,2084787.30730000,0
1775092500000000,1.34790000,1.34790000,1.32860000,1.33140000,5145509.00000000,1775093399999999,6874013.26175000,36658,2028004.50000000,2710457.18568000,0
1775093400000000,1.33140000,1.33140000,1.32300000,1.32360000,2712165.00000000,1775094299999999,3597409.45410000,23602,1244973.70000000,1651168.13945000,0
1775094300000000,1.32360000,1.32900000,1.32230000,1.32820000,1154126.40000000,1775095199999999,1530631.35783000,11826,657837.60000000,872412.19185000,0
1775095200000000,1.32820000,1.33000000,1.32140000,1.32160000,1110304.60000000,1775096099999999,1471536.92250000,11853,460289.30000000,610297.43526000,0
1775096100000000,1.32150000,1.32330000,1.31700000,1.32070000,2276651.60000000,1775096999999999,3005572.23778000,11955,966378.30000000,1275834.43191000,0
1775097000000000,1.32060000,1.32520000,1.31760000,1.31850000,1430205.10000000,1775097899999999,1890155.06307000,9451,742288.80000000,981438.78798000,0
1775097900000000,1.31850000,1.32280000,1.31720000,1.31820000,1899447.90000000,1775098799999999,2506012.81903000,7269,993400.50000000,1310477.62447000,0
1775098800000000,1.31810000,1.31810000,1.31380000,1.31380000,1524426.50000000,1775099699999999,2006215.21070000,6943,901462.00000000,1186336.27740000,0
1775099700000000,1.31390000,1.31550000,1.31020000,1.31440000,1999969.50000000,1775100599999999,2626027.31191000,8408,1175238.50000000,1543183.42991000,0
1775100600000000,1.31450000,1.31630000,1.30670000,1.30960000,3798294.50000000,1775101499999999,4977630.13969000,13904,1921379.30000000,2517977.85465000,0
1775101500000000,1.30960000,1.31320000,1.30720000,1.31290000,1084127.80000000,1775102399999999,1420364.67974000,6925,560290.00000000,734122.85308000,0
1775102400000000,1.31290000,1.31550000,1.31200000,1.31480000,1142005.10000000,1775103299999999,1500429.80798000,5189,566606.20000000,744437.83000000,0
1775103300000000,1.31480000,1.32090000,1.31170000,1.31260000,3385547.50000000,1775104199999999,4456482.02237000,11805,2159792.60000000,2843498.56239000,0
1775104200000000,1.31260000,1.31310000,1.30800000,1.30880000,1271052.00000000,1775105099999999,1665766.18105000,6402,763873.00000000,1001114.66924000,0
1775105100000000,1.30870000,1.31070000,1.30500000,1.30820000,3389738.50000000,1775105999999999,4433279.48282000,11650,1550888.80000000,2028529.99136000,0
1775106000000000,1.30820000,1.31090000,1.30710000,1.30940000,1464310.70000000,1775106899999999,1916804.83463000,7065,722183.60000000,945409.64227000,0
1775106900000000,1.30940000,1.31200000,1.30820000,1.31190000,1221772.00000000,1775107799999999,1601100.09602000,4931,533867.30000000,699574.52231000,0
1775107800000000,1.31190000,1.31540000,1.31190000,1.31410000,1341880.40000000,1775108699999999,1762073.02022000,5180,640355.00000000,840868.82802000,0
1775108700000000,1.31400000,1.31600000,1.31280000,1.31520000,1042714.00000000,1775109599999999,1370395.64470000,3768,570668.20000000,750033.44612000,0
1775109600000000,1.31520000,1.31580000,1.31240000,1.31330000,748349.10000000,1775110499999999,983370.74829000,2997,326940.80000000,429582.68005000,0
1775110500000000,1.31330000,1.31860000,1.31320000,1.31690000,1117391.10000000,1775111399999999,1471516.38164000,4848,660916.50000000,870274.48819000,0
1775111400000000,1.31680000,1.31720000,1.31430000,1.31510000,1009120.50000000,1775112299999999,1327491.70448000,3190,359052.70000000,472351.83683000,0
1775112300000000,1.31510000,1.31650000,1.31480000,1.31570000,1238047.20000000,1775113199999999,1628718.99043000,2762,516774.50000000,679798.91141000,0
1775113200000000,1.31570000,1.31620000,1.31290000,1.31360000,1289620.80000000,1775114099999999,1695831.79020000,3722,585165.60000000,769424.94825000,0
1775114100000000,1.31360000,1.31670000,1.31360000,1.31550000,575266.20000000,1775114999999999,756580.78776000,3035,402648.40000000,529515.66548000,0
1775115000000000,1.31560000,1.31830000,1.31560000,1.31720000,812461.90000000,1775115899999999,1070161.43363000,3482,504442.20000000,664433.56967000,0
1775115900000000,1.31720000,1.31800000,1.31650000,1.31760000,664013.30000000,1775116799999999,874685.13779000,2037,419520.30000000,552597.62995000,0
1775116800000000,1.31750000,1.31760000,1.31540000,1.31550000,737999.50000000,1775117699999999,971336.41660000,2542,317894.00000000,418429.14703000,0
1775117700000000,1.31550000,1.31570000,1.31190000,1.31290000,920781.40000000,1775118599999999,1209100.78524000,2235,409247.80000000,537327.20643000,0
1775118600000000,1.31300000,1.31440000,1.31120000,1.31270000,1594880.30000000,1775119499999999,2093755.11513000,2792,833011.30000000,1093404.74245000,0
1775119500000000,1.31260000,1.31420000,1.31160000,1.31190000,918645.60000000,1775120399999999,1206313.81272000,2201,358307.20000000,470437.27933000,0
1775120400000000,1.31180000,1.31240000,1.30790000,1.31030000,2358805.60000000,1775121299999999,3090023.58118000,4735,1290830.20000000,1691075.01998000,0
1775121300000000,1.31030000,1.31190000,1.30920000,1.31140000,1073294.90000000,1775122199999999,1406317.22833000,3442,448327.90000000,587562.61631000,0
1775122200000000,1.31130000,1.31240000,1.30990000,1.31190000,482172.90000000,1775123099999999,632280.33635000,2720,271671.60000000,356260.13609000,0
1775123100000000,1.31180000,1.31290000,1.31060000,1.31180000,472242.60000000,1775123999999999,619608.14755000,2357,209575.00000000,274952.70510000,0
1775124000000000,1.31180000,1.31210000,1.30730000,1.30860000,692203.50000000,1775124899999999,906610.78851000,4500,284481.10000000,372531.53491000,0
1775124900000000,1.30870000,1.31060000,1.30770000,1.31030000,675945.30000000,1775125799999999,885215.45621000,3056,208188.90000000,272594.51968000,0
1775125800000000,1.31030000,1.31160000,1.30850000,1.30990000,2066896.50000000,1775126699999999,2707760.83907000,3431,506668.00000000,663632.11037000,0
1775126700000000,1.30990000,1.30990000,1.30850000,1.30860000,974531.70000000,1775127599999999,1275970.89135000,2547,362483.80000000,474540.71893000,0
1775127600000000,1.30860000,1.30920000,1.30360000,1.30380000,2252269.80000000,1775128499999999,2942230.70737000,6421,760732.30000000,993440.91737000,0
1775128500000000,1.30390000,1.30460000,1.30050000,1.30290000,2022331.50000000,1775129399999999,2633993.22902000,6919,1195729.70000000,1557289.55993000,0
1775129400000000,1.30280000,1.30360000,1.30010000,1.30190000,914424.80000000,1775130299999999,1190221.63806000,3685,519655.70000000,676360.48918000,0
1775130300000000,1.30190000,1.30210000,1.29890000,1.30020000,1715640.50000000,1775131199999999,2230676.75812000,5858,805502.10000000,1047292.59927000,0
1775131200000000,1.30020000,1.30060000,1.29620000,1.29650000,1803275.80000000,1775132099999999,2341390.29369000,8051,1073504.10000000,1393700.32994000,0
1775132100000000,1.29650000,1.29770000,1.29350000,1.29540000,1767681.90000000,1775132999999999,2290255.15958000,7544,845326.40000000,1095381.13730000,0
1775133000000000,1.29550000,1.29640000,1.29380000,1.29530000,901229.30000000,1775133899999999,1167073.90228000,5314,580945.20000000,752326.31960000,0
1775133900000000,1.29530000,1.29610000,1.29000000,1.29080000,2626582.10000000,1775134799999999,3394420.39700000,9027,1502955.00000000,1942434.68794000,0
1775134800000000,1.29090000,1.29370000,1.28770000,1.28840000,2216972.20000000,1775135699999999,2859576.78292000,11243,1118352.20000000,1442419.93487000,0
1775135700000000,1.28840000,1.28910000,1.28540000,1.28770000,2271882.00000000,1775136599999999,2923834.22270000,10526,1360350.90000000,1750648.34122000,0
1775136600000000,1.28760000,1.28950000,1.28020000,1.28180000,3061312.80000000,1775137499999999,3929515.82894000,20636,1679326.00000000,2155409.18423000,0
1775137500000000,1.28170000,1.29000000,1.28120000,1.28890000,2469824.30000000,1775138399999999,3176257.92047000,15867,1476282.90000000,1898407.40381000,0
1775138400000000,1.28890000,1.29190000,1.28450000,1.28500000,4601105.90000000,1775139299999999,5922267.52359000,19880,2917063.60000000,3754500.18149000,0
1775139300000000,1.28500000,1.29020000,1.28250000,1.28700000,2427688.40000000,1775140199999999,3122206.69466000,14604,1554861.20000000,1999544.44973000,0
1775140200000000,1.28700000,1.30320000,1.28660000,1.30290000,5311588.60000000,1775141099999999,6889360.47376000,36653,3162846.10000000,4101899.30297000,0
1775141100000000,1.30290000,1.30370000,1.29580000,1.30010000,1859902.70000000,1775141999999999,2416757.97608000,14254,809793.10000000,1052243.72424000,0
1775142000000000,1.30000000,1.30000000,1.29600000,1.29680000,1538463.00000000,1775142899999999,1996720.99900000,11381,547258.20000000,710278.55263000,0
1775142900000000,1.29680000,1.29720000,1.29120000,1.29340000,1436030.00000000,1775143799999999,1858062.39943000,10093,546292.10000000,706722.70203000,0
1775143800000000,1.29340000,1.30210000,1.29180000,1.30200000,1550375.10000000,1775144699999999,2010556.65622000,10071,698786.30000000,906135.26618000,0
1775144700000000,1.30210000,1.30210000,1.29740000,1.30010000,586214.40000000,1775145599999999,761849.22409000,6292,260277.20000000,338268.41294000,0
1775145600000000,1.30020000,1.30020000,1.29520000,1.29610000,2953188.50000000,1775146499999999,3830416.77912000,9362,1006994.00000000,1305821.23968000,0
1775146500000000,1.29600000,1.30110000,1.29500000,1.30010000,1915385.50000000,1775147399999999,2485193.57900000,8013,568314.30000000,737366.29111000,0
1775147400000000,1.30010000,1.30910000,1.29950000,1.30650000,2460649.50000000,1775148299999999,3210621.16552000,10177,1257145.90000000,1640358.55754000,0
1775148300000000,1.30650000,1.30800000,1.30430000,1.30440000,1076134.70000000,1775149199999999,1405775.97186000,5315,335694.70000000,438510.27186000,0
1775149200000000,1.30450000,1.30800000,1.30110000,1.30690000,1505758.90000000,1775150099999999,1963122.40676000,6031,530120.80000000,691346.11601000,0
1775150100000000,1.30680000,1.31130000,1.30660000,1.30790000,962678.40000000,1775150999999999,1260412.26210000,6657,415363.20000000,543814.20291000,0
1775151000000000,1.30790000,1.30800000,1.30250000,1.30470000,730451.40000000,1775151899999999,952826.22549000,5203,155152.20000000,202392.99358000,0
1775151900000000,1.30470000,1.30480000,1.29830000,1.29900000,547460.50000000,1775152799999999,712165.05703000,5755,185831.80000000,241737.86683000,0
1775152800000000,1.29890000,1.30160000,1.29780000,1.30040000,491779.80000000,1775153699999999,639065.33365000,4410,220133.90000000,286119.15045000,0
1775153700000000,1.30050000,1.30150000,1.29780000,1.29830000,504737.20000000,1775154599999999,656427.90672000,4358,239613.10000000,311588.93650000,0
1775154600000000,1.29820000,1.30290000,1.29810000,1.30220000,279945.40000000,1775155499999999,364084.56195000,3466,172351.50000000,224162.40898000,0
1775155500000000,1.30210000,1.30890000,1.30190000,1.30680000,567740.80000000,1775156399999999,741308.94785000,4111,320740.30000000,418706.01291000,0
1775156400000000,1.30690000,1.30800000,1.30550000,1.30550000,396073.10000000,1775157299999999,517535.82461000,3472,254168.60000000,332140.96229000,0
1775157300000000,1.30560000,1.30700000,1.30350000,1.30600000,483642.10000000,1775158199999999,631337.41145000,3839,325010.70000000,424317.60164000,0
1775158200000000,1.30600000,1.30620000,1.30130000,1.30490000,246713.50000000,1775159099999999,321635.53432000,3885,113698.30000000,148208.53113000,0
1775159100000000,1.30490000,1.31010000,1.30430000,1.30800000,886812.20000000,1775159999999999,1159530.28401000,5398,399816.20000000,522670.50851000,0
1775160000000000,1.30810000,1.31050000,1.30510000,1.30910000,608336.20000000,1775160899999999,795783.33110000,4417,458596.90000000,599883.28381000,0
1775160900000000,1.30920000,1.31700000,1.30880000,1.31630000,567565.90000000,1775161799999999,745364.16316000,5730,343065.00000000,450602.38339000,0
1775161800000000,1.31630000,1.32290000,1.31460000,1.31880000,1424308.00000000,1775162699999999,1878544.52852000,6343,635657.90000000,837964.45371000,0
1775162700000000,1.31890000,1.31970000,1.31680000,1.31810000,521304.30000000,1775163599999999,687319.57099000,3611,182635.30000000,240784.31550000,0
1775163600000000,1.31820000,1.31960000,1.31260000,1.31380000,693280.10000000,1775164499999999,912261.09992000,4480,210884.10000000,277503.00518000,0
1775164500000000,1.31390000,1.31650000,1.31370000,1.31470000,388093.40000000,1775165399999999,510368.51103000,3330,170853.40000000,224691.77589000,0
1775165400000000,1.31470000,1.31740000,1.31350000,1.31440000,748034.70000000,1775166299999999,983931.29380000,4646,284499.30000000,374155.23427000,0
1775166300000000,1.31440000,1.31580000,1.31390000,1.31580000,229898.20000000,1775167199999999,302339.40966000,2469,116376.30000000,153049.13973000,0
1775167200000000,1.31570000,1.31870000,1.31470000,1.31540000,992684.10000000,1775168099999999,1307115.47070000,6039,531150.00000000,699477.88512000,0
1775168100000000,1.31540000,1.31750000,1.31240000,1.31450000,658592.60000000,1775168999999999,866286.91733000,4417,257313.70000000,338456.20412000,0
1775169000000000,1.31450000,1.31670000,1.31450000,1.31590000,219802.60000000,1775169899999999,289249.98900000,2520,129048.10000000,169838.87327000,0
1775169900000000,1.31600000,1.31870000,1.31470000,1.31790000,445449.40000000,1775170799999999,586730.26976000,2659,162868.90000000,214467.03924000,0
1775170800000000,1.31790000,1.31930000,1.31630000,1.31690000,330426.30000000,1775171699999999,435524.20293000,3498,195359.70000000,257501.93551000,0
1775171700000000,1.31680000,1.31940000,1.31650000,1.31650000,480710.30000000,1775172599999999,633596.76136000,3235,280809.50000000,370152.07828000,0
1775172600000000,1.31650000,1.32110000,1.31570000,1.32000000,610990.90000000,1775173499999999,805538.99199000,3329,415005.70000000,547119.94212000,0
1775173500000000,1.32000000,1.32010000,1.31610000,1.32000000,499182.90000000,1775174399999999,658077.26181000,3692,357841.10000000,471765.93849000,0
1775174400000000,1.32000000,1.32260000,1.31970000,1.32200000,799121.80000000,1775175299999999,1055817.69358000,4891,443081.50000000,585471.63345000,0
1775175300000000,1.32200000,1.32200000,1.31720000,1.31790000,415050.00000000,1775176199999999,547671.80356000,4332,115542.50000000,152427.76487000,0
1775176200000000,1.31780000,1.32400000,1.31640000,1.31750000,1074516.00000000,1775177099999999,1418367.74879000,6442,538276.20000000,710397.71683000,0
1775177100000000,1.31740000,1.31750000,1.31440000,1.31590000,602314.10000000,1775177999999999,792488.26291000,3593,337430.20000000,443966.83830000,0
1775178000000000,1.31580000,1.32020000,1.31440000,1.31890000,3086314.90000000,1775178899999999,4065918.82020000,5568,1206839.90000000,1588855.18023000,0
1775178900000000,1.31890000,1.32080000,1.31810000,1.31990000,1328482.90000000,1775179799999999,1752538.30762000,3601,460706.40000000,607800.20359000,0
1775179800000000,1.31990000,1.32060000,1.31250000,1.31470000,601969.80000000,1775180699999999,792099.89913000,5867,196911.20000000,259110.66739000,0
1775180700000000,1.31480000,1.31480000,1.31280000,1.31370000,448498.80000000,1775181599999999,589131.52540000,2770,293517.60000000,385533.53564000,0
1775181600000000,1.31370000,1.31410000,1.30940000,1.31170000,956383.80000000,1775182499999999,1254182.39445000,4218,457033.40000000,599432.89955000,0
1775182500000000,1.31170000,1.31710000,1.30730000,1.30770000,2185087.50000000,1775183399999999,2867577.83939000,6957,990481.30000000,1299402.20350000,0
1775183400000000,1.30780000,1.30800000,1.30350000,1.30350000,916070.30000000,1775184299999999,1196251.39467000,6004,481544.80000000,628807.27224000,0
1775184300000000,1.30360000,1.30860000,1.30330000,1.30770000,960098.70000000,1775185199999999,1253534.87714000,4984,611055.70000000,797692.59002000,0
1775185200000000,1.30760000,1.31260000,1.30700000,1.31210000,1784912.00000000,1775186099999999,2337603.25463000,7199,1000699.50000000,1310747.46467000,0
1775186100000000,1.31210000,1.31860000,1.31140000,1.31740000,1135421.30000000,1775186999999999,1493550.66749000,5636,789355.60000000,1038275.84629000,0
1775187000000000,1.31750000,1.32090000,1.31700000,1.32050000,1188636.10000000,1775187899999999,1567552.20089000,6273,780861.70000000,1029774.32317000,0
1775187900000000,1.32060000,1.32190000,1.31900000,1.32170000,1195604.00000000,1775188799999999,1578973.66265000,6679,805244.30000000,1063362.76796000,0
1775188800000000,1.32160000,1.32340000,1.31680000,1.31770000,1894509.00000000,1775189699999999,2499462.69861000,8032,975389.40000000,1286657.73283000,0
1775189700000000,1.31770000,1.31950000,1.31520000,1.31540000,340531.90000000,1775190599999999,448481.40952000,4482,170627.00000000,224663.77127000,0
1775190600000000,1.31540000,1.31770000,1.31430000,1.31770000,396217.40000000,1775191499999999,521440.74876000,3384,152492.90000000,200701.76981000,0
1775191500000000,1.31760000,1.32180000,1.31760000,1.32000000,942065.10000000,1775192399999999,1243819.27154000,4564,548138.20000000,723733.70075000,0
1775192400000000,1.32000000,1.32190000,1.31920000,1.32020000,421019.00000000,1775193299999999,556132.18567000,2815,140433.30000000,185469.34116000,0
1775193300000000,1.32010000,1.32030000,1.31600000,1.32030000,484933.00000000,1775194199999999,639167.19407000,3914,206765.10000000,272519.52590000,0
1775194200000000,1.32040000,1.32610000,1.32040000,1.32230000,896111.40000000,1775195099999999,1186047.40787000,6166,505597.90000000,669224.06941000,0
1775195100000000,1.32230000,1.32290000,1.31830000,1.31870000,478973.30000000,1775195999999999,632517.91504000,3258,203948.00000000,269404.58395000,0
1775196000000000,1.31870000,1.32010000,1.31810000,1.31900000,402193.20000000,1775196899999999,530538.29915000,3225,167877.40000000,221463.39083000,0
1775196900000000,1.31890000,1.31890000,1.31590000,1.31620000,320452.20000000,1775197799999999,422046.66914000,2850,110904.50000000,146061.27578000,0
1775197800000000,1.31620000,1.32050000,1.31530000,1.31980000,491356.40000000,1775198699999999,647893.88125000,4281,264779.70000000,349165.11542000,0
1775198700000000,1.31970000,1.32080000,1.31830000,1.31930000,466337.20000000,1775199599999999,615568.97208000,2801,224059.00000000,295792.55824000,0
1775199600000000,1.31940000,1.32100000,1.31860000,1.31900000,303744.60000000,1775200499999999,400791.25919000,3275,154802.80000000,204266.51146000,0
1775200500000000,1.31890000,1.31920000,1.31680000,1.31690000,530983.40000000,1775201399999999,699545.75204000,2646,209727.60000000,276302.96449000,0
1775201400000000,1.31690000,1.32430000,1.31680000,1.32020000,733271.00000000,1775202299999999,967769.73687000,5561,343211.00000000,452975.85784000,0
1775202300000000,1.32020000,1.32060000,1.31760000,1.31880000,537460.00000000,1775203199999999,709010.70815000,3160,170370.20000000,224768.77518000,0
1775203200000000,1.31880000,1.32160000,1.31820000,1.32060000,649209.80000000,1775204099999999,856980.78490000,3375,298818.20000000,394365.44069000,0
1775204100000000,1.32060000,1.32110000,1.31770000,1.31790000,529290.40000000,1775204999999999,698154.85795000,3073,229508.60000000,302628.98312000,0
1775205000000000,1.31790000,1.32050000,1.31720000,1.31790000,451876.10000000,1775205899999999,596078.00178000,3540,231748.60000000,305672.03355000,0
1775205900000000,1.31780000,1.31990000,1.31660000,1.31750000,328715.80000000,1775206799999999,433216.19884000,3263,189959.60000000,250358.91340000,0
1775206800000000,1.31750000,1.31760000,1.31390000,1.31480000,640150.40000000,1775207699999999,842020.64353000,2927,214746.70000000,282384.18765000,0
1775207700000000,1.31490000,1.31510000,1.31150000,1.31220000,574530.00000000,1775208599999999,754217.40211000,3565,249409.50000000,327355.92776000,0
1775208600000000,1.31220000,1.31410000,1.31150000,1.31350000,248912.30000000,1775209499999999,326662.27600000,2186,167927.30000000,220375.72751000,0
1775209500000000,1.31350000,1.31360000,1.31110000,1.31170000,478419.40000000,1775210399999999,627554.39844000,1884,140712.40000000,184558.37253000,0
1775210400000000,1.31170000,1.31330000,1.31100000,1.31130000,377351.60000000,1775211299999999,495023.27807000,2828,204077.70000000,267704.84660000,0
1775211300000000,1.31120000,1.31440000,1.30930000,1.31310000,1984683.10000000,1775212199999999,2603118.50898000,5982,842650.20000000,1105435.99031000,0
1775212200000000,1.31310000,1.31640000,1.31230000,1.31610000,256889.60000000,1775213099999999,337843.92299000,2821,127349.00000000,167475.14226000,0
1775213100000000,1.31620000,1.31740000,1.31290000,1.31590000,1385774.50000000,1775213999999999,1822715.51020000,4216,496957.70000000,653281.12330000,0
1775214000000000,1.31590000,1.31750000,1.31500000,1.31550000,289895.90000000,1775214899999999,381650.71592000,2498,117631.80000000,154876.11892000,0
1775214900000000,1.31560000,1.31730000,1.31550000,1.31670000,333094.50000000,1775215799999999,438524.61057000,2508,145843.40000000,192005.86543000,0
1775215800000000,1.31670000,1.32330000,1.31620000,1.32290000,1021628.50000000,1775216699999999,1348863.72038000,4601,649664.80000000,857697.70404000,0
1775216700000000,1.32290000,1.32430000,1.31970000,1.32040000,1282777.00000000,1775217599999999,1694980.60202000,6171,673136.70000000,889226.50252000,0
1775217600000000,1.32040000,1.32520000,1.31830000,1.32410000,1877573.00000000,1775218499999999,2481997.05422000,5431,1216301.70000000,1607359.93895000,0
1775218500000000,1.32410000,1.32770000,1.32120000,1.32640000,1016824.70000000,1775219399999999,1346496.17405000,5907,473798.90000000,627672.42849000,0
1775219400000000,1.32640000,1.33560000,1.32220000,1.32370000,3678745.30000000,1775220299999999,4888645.90923000,19694,1849486.00000000,2458042.44380000,0
1775220300000000,1.32370000,1.32530000,1.31900000,1.31990000,1405788.70000000,1775221199999999,1857764.10979000,6918,520587.20000000,688292.57509000,0
1775221200000000,1.31990000,1.32040000,1.31660000,1.31800000,1264967.20000000,1775222099999999,1667867.19554000,4911,576187.60000000,759618.31642000,0
1775222100000000,1.31790000,1.31980000,1.31690000,1.31880000,859712.60000000,1775222999999999,1133244.34967000,3543,435490.00000000,574083.22024000,0
1775223000000000,1.31870000,1.31900000,1.31670000,1.31750000,635471.80000000,1775223899999999,837420.04730000,3071,298235.20000000,392980.77765000,0
1775223900000000,1.31740000,1.31830000,1.31440000,1.31760000,853826.50000000,1775224799999999,1123712.77972000,3340,326580.70000000,429909.15305000,0
1775224800000000,1.31760000,1.31840000,1.31500000,1.31700000,756706.80000000,1775225699999999,996457.99760000,3589,406311.90000000,535062.48086000,0
1775225700000000,1.31690000,1.32100000,1.31620000,1.31970000,587190.70000000,1775226599999999,774246.10474000,3396,383524.80000000,505625.55814000,0
1775226600000000,1.31970000,1.32000000,1.31600000,1.31600000,588041.60000000,1775227499999999,774809.92746000,2837,273395.50000000,360187.51234000,0
1775227500000000,1.31600000,1.32030000,1.31590000,1.31910000,486646.60000000,1775228399999999,641695.21398000,2786,292211.60000000,385230.71849000,0
1775228400000000,1.31910000,1.32330000,1.31880000,1.32230000,596462.60000000,1775229299999999,788450.38370000,3496,331047.70000000,437487.79966000,0
1775229300000000,1.32230000,1.32260000,1.31950000,1.32060000,454246.80000000,1775230199999999,600025.45330000,2999,165357.80000000,218444.37650000,0
1775230200000000,1.32060000,1.32160000,1.31820000,1.31880000,227209.20000000,1775231099999999,299883.06424000,2918,96621.70000000,127518.35224000,0
1775231100000000,1.31880000,1.31950000,1.31840000,1.31870000,146951.70000000,1775231999999999,193819.11432000,2006,63228.90000000,83393.53592000,0
1775232000000000,1.31870000,1.32070000,1.31840000,1.32030000,262715.80000000,1775232899999999,346769.20485000,2611,79497.40000000,104919.43747000,0
1775232900000000,1.32030000,1.32400000,1.31970000,1.32320000,485425.30000000,1775233799999999,641642.94910000,2914,267685.60000000,353865.13468000,0
1775233800000000,1.32320000,1.32330000,1.32100000,1.32240000,507422.80000000,1775234699999999,670988.41215000,3388,255230.50000000,337468.93528000,0
1775234700000000,1.32240000,1.32540000,1.32200000,1.32460000,707223.00000000,1775235599999999,936489.30261000,3543,456273.40000000,604228.30941000,0
1775235600000000,1.32450000,1.32520000,1.32280000,1.32280000,298501.50000000,1775236499999999,395273.56153000,1946,105471.40000000,139643.51828000,0
1775236500000000,1.32280000,1.32350000,1.31960000,1.32220000,208747.40000000,1775237399999999,275933.77514000,3103,79064.20000000,104516.46988000,0
1775237400000000,1.32210000,1.32280000,1.32020000,1.32060000,180138.90000000,1775238299999999,238076.19317000,1961,71803.70000000,94909.13337000,0
1775238300000000,1.32060000,1.32180000,1.31910000,1.32120000,97551.70000000,1775239199999999,128783.58503000,1615,48883.00000000,64538.31768000,0
1775239200000000,1.32110000,1.32140000,1.31940000,1.32080000,282998.50000000,1775240099999999,373692.62170000,1785,79723.00000000,105279.31790000,0
1775240100000000,1.32080000,1.32240000,1.32030000,1.32040000,330814.30000000,1775240999999999,437253.44783000,1868,51877.40000000,68537.22001000,0
1775241000000000,1.32040000,1.32120000,1.31920000,1.31920000,189472.90000000,1775241899999999,250102.34018000,1502,104206.40000000,137541.94562000,0
1775241900000000,1.31920000,1.31940000,1.31760000,1.31800000,332774.20000000,1775242799999999,438820.34634000,1487,117366.60000000,154753.67447000,0
1775242800000000,1.31800000,1.31850000,1.31350000,1.31390000,324279.80000000,1775243699999999,426594.77401000,2840,100214.30000000,131858.63002000,0
1775243700000000,1.31390000,1.31620000,1.31370000,1.31470000,209390.40000000,1775244599999999,275322.11817000,1889,128596.00000000,169082.89390000,0
1775244600000000,1.31460000,1.31660000,1.31440000,1.31660000,138247.80000000,1775245499999999,181889.84997000,1557,97305.40000000,128035.56270000,0
1775245500000000,1.31650000,1.31840000,1.31650000,1.31780000,176789.40000000,1775246399999999,232950.34885000,1423,58803.70000000,77487.04737000,0
1775246400000000,1.31770000,1.31910000,1.31730000,1.31910000,151224.50000000,1775247299999999,199365.71068000,1735,90731.10000000,119609.44562000,0
1775247300000000,1.31900000,1.31910000,1.31690000,1.31700000,141609.40000000,1775248199999999,186620.08262000,1215,55317.40000000,72901.48320000,0
1775248200000000,1.31690000,1.31820000,1.31690000,1.31770000,78374.20000000,1775249099999999,103249.77218000,1154,55947.60000000,73704.30223000,0
1775249100000000,1.31770000,1.31800000,1.31650000,1.31660000,105884.20000000,1775249999999999,139476.01109000,929,30998.70000000,40837.05853000,0
1775250000000000,1.31650000,1.31960000,1.31540000,1.31860000,260371.20000000,1775250899999999,343037.79534000,2106,153191.80000000,201851.25055000,0
1775250900000000,1.31860000,1.31880000,1.31700000,1.31720000,190711.40000000,1775251799999999,251281.77073000,1284,89760.60000000,118258.82836000,0
1775251800000000,1.31710000,1.31780000,1.31470000,1.31490000,505449.10000000,1775252699999999,665217.14827000,3149,306977.20000000,404028.50580000,0
1775252700000000,1.31490000,1.31880000,1.31350000,1.31840000,393159.70000000,1775253599999999,517503.24153000,3451,241854.20000000,318224.28643000,0
1775253600000000,1.31830000,1.31880000,1.31590000,1.31660000,202837.10000000,1775254499999999,267158.86766000,3216,94032.70000000,123844.62409000,0
1775254500000000,1.31650000,1.31950000,1.31650000,1.31950000,217597.90000000,1775255399999999,286874.50458000,1659,90653.90000000,119525.13527000,0
1775255400000000,1.31950000,1.32150000,1.31910000,1.32150000,378662.90000000,1775256299999999,500003.04636000,2042,213124.50000000,281439.21981000,0
1775256300000000,1.32150000,1.32230000,1.31640000,1.31670000,1047870.50000000,1775257199999999,1382045.75174000,3674,394671.00000000,520329.22950000,0
1775257200000000,1.31670000,1.31670000,1.31460000,1.31510000,150289.30000000,1775258099999999,197711.30270000,1252,70396.90000000,92597.12003000,0
1775258100000000,1.31520000,1.31530000,1.31370000,1.31370000,354256.50000000,1775258999999999,465620.24422000,1646,190057.30000000,249777.52697000,0
1775259000000000,1.31370000,1.31770000,1.31240000,1.31640000,984524.80000000,1775259899999999,1295061.19955000,3677,510454.60000000,671316.02320000,0
1775259900000000,1.31640000,1.31900000,1.31640000,1.31840000,300532.10000000,1775260799999999,396113.02560000,1637,173708.90000000,228954.59308000,0
1775260800000000,1.31830000,1.31830000,1.31610000,1.31700000,623203.00000000,1775261699999999,820700.48019000,2042,281073.50000000,370104.06741000,0
1775261700000000,1.31710000,1.31860000,1.31630000,1.31780000,172668.40000000,1775262599999999,227531.75106000,1586,96752.50000000,127489.73662000,0
1775262600000000,1.31770000,1.31910000,1.31760000,1.31780000,360591.50000000,1775263499999999,475426.03483000,1483,181489.30000000,239295.66474000,0
1775263500000000,1.31780000,1.31810000,1.31620000,1.31630000,210683.80000000,1775264399999999,277522.13644000,1314,87695.30000000,115530.88572000,0
1775264400000000,1.31630000,1.31760000,1.31510000,1.31620000,341452.60000000,1775265299999999,449544.64442000,1987,174022.80000000,229078.89622000,0
1775265300000000,1.31620000,1.31660000,1.31560000,1.31580000,141632.70000000,1775266199999999,186400.22571000,1386,72107.30000000,94902.88288000,0
1775266200000000,1.31570000,1.31710000,1.31540000,1.31560000,189735.60000000,1775267099999999,249712.24482000,1296,67325.80000000,88594.23338000,0
1775267100000000,1.31550000,1.31580000,1.31460000,1.31500000,228097.10000000,1775267999999999,300026.39374000,1421,86317.30000000,113533.30299000,0
1775268000000000,1.31490000,1.31500000,1.31330000,1.31400000,250494.20000000,1775268899999999,329140.89959000,1890,49236.00000000,64697.43701000,0
1775268900000000,1.31410000,1.31480000,1.31330000,1.31440000,285708.90000000,1775269799999999,375456.66495000,1352,181329.00000000,238311.98628000,0
1775269800000000,1.31440000,1.31510000,1.31420000,1.31430000,230272.10000000,1775270699999999,302737.80873000,1092,64478.10000000,84769.66991000,0
1775270700000000,1.31440000,1.31470000,1.31350000,1.31460000,77339.40000000,1775271599999999,101617.38064000,852,44746.90000000,58793.93973000,0
1775271600000000,1.31470000,1.31610000,1.31450000,1.31580000,161488.30000000,1775272499999999,212415.41372000,1157,44644.20000000,58719.01373000,0
1775272500000000,1.31580000,1.31590000,1.31470000,1.31530000,72527.50000000,1775273399999999,95388.25024000,832,30510.70000000,40126.49047000,0
1775273400000000,1.31520000,1.31650000,1.31490000,1.31630000,157463.50000000,1775274299999999,207174.09102000,991,73854.80000000,97165.49846000,0
1775274300000000,1.31630000,1.31680000,1.31490000,1.31590000,223970.50000000,1775275199999999,294748.62652000,1220,93134.00000000,122553.44952000,0
1775275200000000,1.31580000,1.31740000,1.31540000,1.31640000,189117.00000000,1775276099999999,248966.23533000,1170,102058.40000000,134346.08478000,0
1775276100000000,1.31650000,1.31780000,1.31640000,1.31760000,656703.50000000,1775276999999999,864825.45041000,5109,554022.80000000,729594.64218000,0
1775277000000000,1.31760000,1.31840000,1.31730000,1.31800000,247723.90000000,1775277899999999,326419.43895000,791,139639.40000000,184006.55773000,0
1775277900000000,1.31810000,1.31810000,1.31620000,1.31640000,117571.00000000,1775278799999999,154810.90850000,1022,67083.30000000,88330.49151000,0
1775278800000000,1.31640000,1.31660000,1.31550000,1.31620000,104640.90000000,1775279699999999,137706.77253000,1131,32963.90000000,43381.28397000,0
1775279700000000,1.31620000,1.31680000,1.31550000,1.31640000,180548.50000000,1775280599999999,237607.74689000,1229,68242.30000000,89801.47144000,0
1775280600000000,1.31650000,1.31850000,1.31640000,1.31670000,321326.80000000,1775281499999999,423408.13417000,1610,206542.60000000,272146.20238000,0
1775281500000000,1.31680000,1.31780000,1.31660000,1.31710000,161525.00000000,1775282399999999,212755.52247000,1196,91953.20000000,121110.79155000,0
1775282400000000,1.31710000,1.31780000,1.31640000,1.31780000,137533.90000000,1775283299999999,181143.21868000,1216,89519.80000000,117906.81591000,0
1775283300000000,1.31790000,1.31860000,1.31780000,1.31840000,138186.70000000,1775284199999999,182153.02338000,1276,55269.70000000,72859.28467000,0
1775284200000000,1.31850000,1.32020000,1.31780000,1.31890000,520140.30000000,1775285099999999,686181.94751000,1865,386629.00000000,510093.56865000,0
1775285100000000,1.31880000,1.32080000,1.31880000,1.31980000,379344.40000000,1775285999999999,500640.71208000,1579,180987.10000000,238840.19633000,0
1775286000000000,1.31980000,1.32010000,1.31880000,1.31920000,144311.30000000,1775286899999999,190403.08897000,1048,63611.40000000,83934.23520000,0
1775286900000000,1.31930000,1.31930000,1.31700000,1.31710000,90253.70000000,1775287799999999,118931.21090000,1011,32788.60000000,43201.08229000,0
1775287800000000,1.31710000,1.31710000,1.31630000,1.31630000,194831.10000000,1775288699999999,256542.63967000,978,90439.70000000,119091.37626000,0
1775288700000000,1.31630000,1.31630000,1.31530000,1.31610000,157295.50000000,1775289599999999,206979.88196000,1029,112989.30000000,148677.41740000,0
1775289600000000,1.31610000,1.31620000,1.31470000,1.31500000,310562.80000000,1775290499999999,408504.26935000,1299,190702.80000000,250842.26465000,0
1775290500000000,1.31510000,1.31650000,1.31510000,1.31630000,167059.20000000,1775291399999999,219824.67197000,984,96629.80000000,127151.95560000,0
1775291400000000,1.31630000,1.31640000,1.31420000,1.31460000,149500.50000000,1775292299999999,196611.04852000,1251,70589.80000000,92825.05623000,0
1775292300000000,1.31460000,1.31500000,1.31380000,1.31400000,435958.20000000,1775293199999999,572932.19374000,1314,248603.90000000,326694.02804000,0
1775293200000000,1.31410000,1.31430000,1.31330000,1.31400000,131358.00000000,1775294099999999,172576.33170000,856,69339.50000000,91096.93764000,0
1775294100000000,1.31400000,1.31400000,1.31320000,1.31340000,223274.40000000,1775294999999999,293314.90351000,1044,106756.40000000,140241.85986000,0
1775295000000000,1.31340000,1.31410000,1.31280000,1.31280000,152730.50000000,1775295899999999,200630.20830000,906,79955.00000000,105034.56025000,0
1775295900000000,1.31280000,1.31400000,1.31260000,1.31260000,341584.10000000,1775296799999999,448562.52450000,1438,220924.40000000,290119.06527000,0
1775296800000000,1.31270000,1.31290000,1.31130000,1.31130000,497262.40000000,1775297699999999,652465.76330000,2119,238988.80000000,313609.36168000,0
1775297700000000,1.31140000,1.31140000,1.30800000,1.30810000,603367.70000000,1775298599999999,790222.37468000,2841,363718.20000000,476284.80221000,0
1775298600000000,1.30800000,1.31300000,1.30700000,1.31170000,1439793.00000000,1775299499999999,1886449.20422000,5423,968084.40000000,1268201.63385000,0
1775299500000000,1.31180000,1.31480000,1.31170000,1.31430000,395675.70000000,1775300399999999,519603.54693000,2577,272765.10000000,358188.08506000,0
1775300400000000,1.31430000,1.31590000,1.31400000,1.31590000,480410.20000000,1775301299999999,631616.93097000,2459,274706.50000000,361152.25454000,0
1775301300000000,1.31590000,1.31640000,1.31220000,1.31240000,969062.90000000,1775302199999999,1273399.70104000,3305,395631.90000000,520017.04945000,0
1775302200000000,1.31230000,1.31340000,1.31100000,1.31160000,251758.70000000,1775303099999999,330401.43083000,1650,141011.30000000,185059.70053000,0
1775303100000000,1.31150000,1.31190000,1.31110000,1.31180000,165511.50000000,1775303999999999,217087.33372000,906,102403.80000000,134312.87895000,0
1775304000000000,1.31190000,1.31200000,1.31020000,1.31060000,169935.20000000,1775304899999999,222769.55945000,1151,73422.70000000,96249.40257000,0
1775304900000000,1.31050000,1.31140000,1.31010000,1.31060000,205014.00000000,1775305799999999,268709.13636000,1280,98050.60000000,128510.04095000,0
1775305800000000,1.31050000,1.31140000,1.30920000,1.30920000,338538.60000000,1775306699999999,443567.40920000,1350,153314.20000000,200866.44086000,0
1775306700000000,1.30920000,1.31090000,1.30910000,1.31040000,368291.70000000,1775307599999999,482414.28979000,1313,199904.70000000,261830.04201000,0
1775307600000000,1.31040000,1.31050000,1.30920000,1.31000000,372380.30000000,1775308499999999,487706.22042000,2134,221351.50000000,289899.47739000,0
1775308500000000,1.30990000,1.31090000,1.30910000,1.30930000,285108.40000000,1775309399999999,373417.71639000,1581,157502.00000000,206287.60256000,0
1775309400000000,1.30930000,1.31170000,1.30830000,1.31120000,621557.60000000,1775310299999999,813885.23565000,3094,426285.20000000,558149.69577000,0
1775310300000000,1.31120000,1.31130000,1.30890000,1.30940000,391956.90000000,1775311199999999,513495.00174000,2428,203428.90000000,266504.25739000,0
1775311200000000,1.30940000,1.31050000,1.30930000,1.30980000,276171.50000000,1775312099999999,361778.99021000,1577,119913.70000000,157068.47372000,0
1775312100000000,1.30980000,1.31060000,1.30970000,1.30980000,234617.90000000,1775312999999999,307408.78576000,1218,143215.60000000,187650.67005000,0
1775313000000000,1.30980000,1.31040000,1.30670000,1.30990000,650235.40000000,1775313899999999,850891.19311000,3611,260146.30000000,340457.17187000,0
1775313900000000,1.30990000,1.31280000,1.30970000,1.31260000,267716.30000000,1775314799999999,351087.93740000,2186,147489.20000000,193437.98514000,0
1775314800000000,1.31260000,1.31690000,1.31160000,1.31480000,901044.30000000,1775315699999999,1183893.27042000,5993,569410.90000000,748166.56099000,0
1775315700000000,1.31480000,1.31590000,1.31220000,1.31320000,661113.10000000,1775316599999999,868896.19997000,3491,430471.60000000,565854.78666000,0
1775316600000000,1.31320000,1.31440000,1.31270000,1.31280000,247933.20000000,1775317499999999,325667.33200000,1682,120581.90000000,158373.47764000,0
1775317500000000,1.31280000,1.31310000,1.31220000,1.31260000,176914.30000000,1775318399999999,232221.66571000,1312,97525.80000000,128014.99382000,0
1775318400000000,1.31260000,1.31380000,1.31070000,1.31080000,456557.80000000,1775319299999999,599084.17409000,2117,143768.60000000,188672.15117000,0
1775319300000000,1.31090000,1.31500000,1.31080000,1.31440000,457159.40000000,1775320199999999,600172.31984000,2815,258552.50000000,339405.94057000,0
1775320200000000,1.31440000,1.31540000,1.31350000,1.31540000,207015.10000000,1775321099999999,272158.78930000,1631,97274.50000000,127883.28790000,0
1775321100000000,1.31540000,1.31580000,1.31210000,1.31240000,436072.00000000,1775321999999999,573020.30132000,2766,189303.10000000,248784.14971000,0
1775322000000000,1.31250000,1.31400000,1.31200000,1.31370000,343539.40000000,1775322899999999,451073.78809000,1866,185146.30000000,243115.17112000,0
1775322900000000,1.31360000,1.31610000,1.31360000,1.31580000,911404.90000000,1775323799999999,1198316.48163000,1965,683031.60000000,897975.45822000,0
1775323800000000,1.31570000,1.31590000,1.31490000,1.31490000,282203.20000000,1775324699999999,371207.90180000,1248,128426.00000000,168925.00511000,0
1775324700000000,1.31500000,1.31510000,1.31420000,1.31460000,229718.60000000,1775325599999999,301999.76159000,1266,73002.20000000,95975.59184000,0
1775325600000000,1.31450000,1.31540000,1.31380000,1.31460000,197570.00000000,1775326499999999,259706.09773000,1924,130158.30000000,171079.50662000,0
1775326500000000,1.31450000,1.31580000,1.31430000,1.31550000,246319.40000000,1775327399999999,323969.12631000,1278,136393.10000000,179375.51842000,0
1775327400000000,1.31550000,1.31550000,1.31380000,1.31430000,191038.50000000,1775328299999999,251096.30023000,1137,51853.40000000,68156.62587000,0
1775328300000000,1.31440000,1.31460000,1.31340000,1.31340000,186574.50000000,1775329199999999,245155.47967000,1313,92466.50000000,121503.69807000,0
1775329200000000,1.31350000,1.32160000,1.31340000,1.32150000,1334930.20000000,1775330099999999,1759234.37768000,6038,657754.20000000,866539.97867000,0
1775330100000000,1.32150000,1.32260000,1.31700000,1.31720000,485852.80000000,1775330999999999,641143.55308000,3194,202363.00000000,267051.77670000,0
1775331000000000,1.31720000,1.31790000,1.31630000,1.31700000,199122.60000000,1775331899999999,262287.47165000,1435,89212.40000000,117515.64503000,0
1775331900000000,1.31700000,1.31950000,1.31660000,1.31780000,635653.10000000,1775332799999999,838173.96376000,2476,485296.70000000,639893.63122000,0
1775332800000000,1.31780000,1.31820000,1.31580000,1.31720000,247278.20000000,1775333699999999,325656.92743000,1865,130886.30000000,172361.02192000,0
1775333700000000,1.31720000,1.31810000,1.31690000,1.31810000,80956.10000000,1775334599999999,106671.79344000,936,34547.10000000,45521.76624000,0
1775334600000000,1.31800000,1.31830000,1.31760000,1.31790000,132430.20000000,1775335499999999,174527.07532000,925,85733.40000000,112986.18009000,0
1775335500000000,1.31780000,1.31790000,1.31650000,1.31670000,102118.10000000,1775336399999999,134518.18122000,970,41866.70000000,55149.68297000,0
1775336400000000,1.31680000,1.31760000,1.31410000,1.31540000,215052.60000000,1775337299999999,283085.77836000,1660,93448.80000000,123029.38263000,0
1775337300000000,1.31540000,1.31740000,1.31530000,1.31700000,149199.90000000,1775338199999999,196394.94400000,1335,71240.80000000,93772.93387000,0
1775338200000000,1.31700000,1.31790000,1.31650000,1.31690000,173004.60000000,1775339099999999,227868.57756000,1916,67419.10000000,88788.16166000,0
1775339100000000,1.31690000,1.31890000,1.31660000,1.31700000,275651.00000000,1775339999999999,363347.17278000,3325,142168.00000000,187416.84611000,0
1775340000000000,1.31710000,1.31830000,1.31650000,1.31780000,228717.40000000,1775340899999999,301354.50977000,2964,94932.30000000,125081.66270000,0
1775340900000000,1.31770000,1.31870000,1.31680000,1.31760000,177638.10000000,1775341799999999,234041.90269000,1967,122847.80000000,161842.82979000,0
1775341800000000,1.31760000,1.31820000,1.31620000,1.31820000,220499.50000000,1775342699999999,290393.27317000,1346,127467.60000000,167884.62798000,0
1775342700000000,1.31830000,1.31830000,1.31670000,1.31690000,180131.30000000,1775343599999999,237304.89627000,1273,53872.50000000,70963.11486000,0
1775343600000000,1.31680000,1.31680000,1.31460000,1.31510000,176887.30000000,1775344499999999,232650.33967000,1587,88260.60000000,116069.61746000,0
1775344500000000,1.31510000,1.31540000,1.31460000,1.31460000,130699.50000000,1775345399999999,171875.96746000,1237,47739.90000000,62782.20945000,0
1775345400000000,1.31460000,1.31470000,1.31360000,1.31470000,153371.30000000,1775346299999999,201560.94324000,1220,94445.30000000,124111.80158000,0
1775346300000000,1.31480000,1.31600000,1.31400000,1.31530000,178863.20000000,1775347199999999,235254.28846000,1435,69476.00000000,91376.60855000,0
1775347200000000,1.31540000,1.31550000,1.31400000,1.31400000,126570.40000000,1775348099999999,166397.37834000,1179,33656.40000000,44245.85745000,0
1775348100000000,1.31410000,1.31450000,1.31340000,1.31430000,174853.80000000,1775348999999999,229742.75729000,1437,42221.70000000,55479.84589000,0
1775349000000000,1.31430000,1.31460000,1.31360000,1.31420000,110705.30000000,1775349899999999,145482.59991000,1345,50057.00000000,65786.84354000,0
1775349900000000,1.31420000,1.31430000,1.31160000,1.31270000,230116.60000000,1775350799999999,302048.14164000,1763,120586.40000000,158285.30352000,0
1775350800000000,1.31270000,1.31420000,1.31170000,1.31370000,215033.10000000,1775351699999999,282359.31973000,2369,113309.20000000,148784.29194000,0
1775351700000000,1.31360000,1.31370000,1.31210000,1.31260000,107410.60000000,1775352599999999,141019.41076000,1360,32046.60000000,42082.06226000,0
1775352600000000,1.31260000,1.31260000,1.31180000,1.31240000,105948.30000000,1775353499999999,139019.32242000,1002,38930.10000000,51082.19676000,0
1775353500000000,1.31240000,1.31340000,1.31220000,1.31290000,163018.30000000,1775354399999999,214025.47845000,1123,87882.70000000,115390.14444000,0
1775354400000000,1.31290000,1.31370000,1.31020000,1.31370000,425206.00000000,1775355299999999,558075.29926000,2611,300498.60000000,394420.73006000,0
1775355300000000,1.31370000,1.31750000,1.31360000,1.31740000,322979.10000000,1775356199999999,425002.05860000,1946,269815.40000000,355027.57602000,0
1775356200000000,1.31730000,1.32000000,1.31570000,1.31600000,856277.10000000,1775357099999999,1128051.93696000,3331,511537.30000000,673945.20922000,0
1775357100000000,1.31610000,1.31700000,1.31540000,1.31700000,207582.30000000,1775357999999999,273217.30350000,1050,132636.00000000,174566.59491000,0
1775358000000000,1.31690000,1.31730000,1.31620000,1.31730000,129844.70000000,1775358899999999,170966.35630000,995,81787.00000000,107687.62675000,0
1775358900000000,1.31730000,1.31730000,1.31520000,1.31520000,115926.80000000,1775359799999999,152537.52359000,948,38244.60000000,50314.15942000,0
1775359800000000,1.31510000,1.31520000,1.31400000,1.31440000,101060.90000000,1775360699999999,132843.58092000,1017,51627.40000000,67864.68477000,0
1775360700000000,1.31440000,1.31440000,1.31320000,1.31330000,112761.90000000,1775361599999999,148172.07104000,701,44555.50000000,58553.01618000,0
1775361600000000,1.31340000,1.31410000,1.31110000,1.31120000,399718.20000000,1775362499999999,524531.12446000,1919,208220.40000000,273242.03067000,0
1775362500000000,1.31120000,1.31540000,1.31070000,1.31480000,1478903.10000000,1775363399999999,1941858.52926000,2952,1094171.30000000,1436288.44717000,0
1775363400000000,1.31490000,1.31520000,1.31240000,1.31250000,150346.90000000,1775364299999999,197585.87305000,1167,70062.60000000,92074.85974000,0
1775364300000000,1.31250000,1.31310000,1.30930000,1.31090000,1507499.30000000,1775365199999999,1975931.60668000,4147,521801.60000000,684025.75835000,0
1775365200000000,1.31090000,1.31230000,1.30760000,1.30840000,1691135.80000000,1775366099999999,2214312.28443000,2930,552411.00000000,723322.50707000,0
1775366100000000,1.30840000,1.30860000,1.30600000,1.30670000,422423.00000000,1775366999999999,552089.73464000,2103,195800.20000000,255891.63080000,0
1775367000000000,1.30670000,1.30690000,1.30470000,1.30490000,1658928.60000000,1775367899999999,2165801.79721000,3053,701795.40000000,916162.83605000,0
1775367900000000,1.30500000,1.30540000,1.30000000,1.30060000,1354719.30000000,1775368799999999,1764736.32639000,5187,690414.10000000,899347.84208000,0
1775368800000000,1.30070000,1.30300000,1.29640000,1.29760000,2331998.70000000,1775369699999999,3031811.19233000,9141,1129378.50000000,1468211.99226000,0
1775369700000000,1.29760000,1.29980000,1.29570000,1.29960000,672100.90000000,1775370599999999,872085.43051000,5087,417823.90000000,542179.36945000,0
1775370600000000,1.29960000,1.30260000,1.29950000,1.30100000,1600229.30000000,1775371499999999,2082400.47877000,3808,861211.70000000,1120673.71508000,0
1775371500000000,1.30100000,1.30320000,1.30100000,1.30150000,840128.50000000,1775372399999999,1093795.96473000,2779,508549.70000000,662093.63328000,0
1775372400000000,1.30160000,1.30370000,1.29920000,1.30010000,2415401.70000000,1775373299999999,3141771.13215000,5774,1103964.90000000,1436407.26278000,0
1775373300000000,1.30010000,1.30060000,1.29640000,1.30050000,1626405.70000000,1775374199999999,2112743.32785000,3964,682034.00000000,886099.13495000,0
1775374200000000,1.30040000,1.30050000,1.29730000,1.29770000,341802.00000000,1775375099999999,443827.75399000,2090,155644.80000000,202137.23830000,0
1775375100000000,1.29770000,1.29880000,1.29650000,1.29790000,922844.50000000,1775375999999999,1197595.23704000,2337,302315.70000000,392282.84895000,0
1775376000000000,1.29780000,1.29890000,1.29690000,1.29780000,438996.20000000,1775376899999999,569779.90453000,1755,236287.60000000,306642.52064000,0
1775376900000000,1.29780000,1.29900000,1.29710000,1.29740000,503587.40000000,1775377799999999,653578.15558000,2119,249541.10000000,323876.15585000,0
1775377800000000,1.29740000,1.29880000,1.29740000,1.29780000,304457.80000000,1775378699999999,395276.22550000,1343,121887.80000000,158243.92431000,0
1775378700000000,1.29780000,1.29970000,1.29750000,1.29930000,384698.90000000,1775379599999999,499492.66492000,1687,234918.70000000,305007.41390000,0
1775379600000000,1.29920000,1.30070000,1.29900000,1.29970000,411556.90000000,1775380499999999,534901.25752000,1869,249000.90000000,323635.28951000,0
1775380500000000,1.29970000,1.30190000,1.29950000,1.30180000,215472.00000000,1775381399999999,280234.39997000,1283,146973.40000000,191156.10714000,0
1775381400000000,1.30190000,1.30200000,1.30010000,1.30120000,498122.10000000,1775382299999999,648032.71583000,1922,276265.00000000,359402.56521000,0
1775382300000000,1.30130000,1.30170000,1.30010000,1.30090000,353120.80000000,1775383199999999,459377.10919000,1427,179249.60000000,233184.57458000,0
1775383200000000,1.30080000,1.30090000,1.29960000,1.29980000,161758.60000000,1775384099999999,210319.51003000,1222,76379.30000000,99306.16215000,0
1775384100000000,1.29980000,1.30040000,1.29940000,1.30040000,138748.20000000,1775384999999999,180351.25574000,927,64650.70000000,84041.71817000,0
1775385000000000,1.30040000,1.30400000,1.29990000,1.30150000,771931.80000000,1775385899999999,1004684.01861000,2948,381116.30000000,495999.74657000,0
1775385900000000,1.30150000,1.30160000,1.29830000,1.29900000,519787.30000000,1775386799999999,675437.88768000,2335,239918.10000000,311740.04053000,0
1775386800000000,1.29890000,1.29930000,1.29760000,1.29850000,567466.80000000,1775387699999999,736739.24241000,2426,316079.80000000,410353.12402000,0
1775387700000000,1.29850000,1.30000000,1.29850000,1.29960000,566773.40000000,1775388599999999,736469.39133000,1855,432636.80000000,562168.74816000,0
1775388600000000,1.29960000,1.30080000,1.29950000,1.29990000,319021.20000000,1775389499999999,414708.91553000,1558,114844.90000000,149314.12298000,0
1775389500000000,1.30000000,1.30020000,1.29860000,1.29870000,177721.90000000,1775390399999999,230956.12011000,1402,81824.40000000,106340.43199000,0
1775390400000000,1.29870000,1.29870000,1.29450000,1.29510000,839042.60000000,1775391299999999,1087487.62353000,3894,415477.40000000,538550.37859000,0
1775391300000000,1.29500000,1.29570000,1.29120000,1.29120000,726151.50000000,1775392199999999,939193.38766000,4461,328803.80000000,425281.20070000,0
1775392200000000,1.29120000,1.29220000,1.28210000,1.28360000,5244187.60000000,1775393099999999,6746911.94284000,17819,2414404.20000000,3106389.46309000,0
1775393100000000,1.28370000,1.28370000,1.27870000,1.28250000,3058993.80000000,1775393999999999,3917533.56510000,13126,1300123.30000000,1665037.73237000,0
1775394000000000,1.28250000,1.28600000,1.28210000,1.28270000,1341163.10000000,1775394899999999,1722329.41981000,6002,775175.90000000,995434.17963000,0
1775394900000000,1.28260000,1.28770000,1.28010000,1.28360000,1754401.70000000,1775395799999999,2253108.27767000,8123,930275.00000000,1194380.40719000,0
1775395800000000,1.28360000,1.28810000,1.28340000,1.28800000,869885.50000000,1775396699999999,1118748.21220000,4530,532502.80000000,684845.83755000,0
1775396700000000,1.28800000,1.29240000,1.28740000,1.28910000,1375138.30000000,1775397599999999,1773307.12699000,4955,661513.60000000,852909.85293000,0
1775397600000000,1.28900000,1.29060000,1.28610000,1.28650000,729309.70000000,1775398499999999,939729.79453000,4362,328409.70000000,423176.53401000,0
1775398500000000,1.28650000,1.28880000,1.28520000,1.28750000,464781.00000000,1775399399999999,598188.53823000,2943,233107.90000000,300071.75563000,0
1775399400000000,1.28760000,1.28910000,1.28690000,1.28790000,511220.50000000,1775400299999999,658386.80390000,2678,287203.10000000,369874.14063000,0
1775400300000000,1.28780000,1.28790000,1.28620000,1.28630000,293837.30000000,1775401199999999,378146.19741000,1647,107210.90000000,137969.03684000,0
1775401200000000,1.28640000,1.28770000,1.28340000,1.28700000,684496.80000000,1775402099999999,879931.07859000,4240,336816.70000000,432995.78973000,0
1775402100000000,1.28700000,1.29950000,1.28620000,1.29740000,1406198.10000000,1775402999999999,1818831.95284000,11196,806652.70000000,1043408.51291000,0
1775403000000000,1.29750000,1.30600000,1.29620000,1.29960000,2564706.00000000,1775403899999999,3335991.33776000,15475,1112058.00000000,1446492.01531000,0
1775403900000000,1.29950000,1.30050000,1.29590000,1.29670000,852221.20000000,1775404799999999,1106519.80989000,4845,371827.30000000,482881.35939000,0
1775404800000000,1.29670000,1.30070000,1.29670000,1.29960000,688434.00000000,1775405699999999,894350.24167000,4485,266083.60000000,345594.88901000,0
1775405700000000,1.29970000,1.30030000,1.29890000,1.29930000,338575.70000000,1775406599999999,440060.53143000,1953,151647.80000000,197105.79949000,0
1775406600000000,1.29930000,1.30200000,1.29810000,1.29920000,446540.80000000,1775407499999999,580696.64313000,3279,150962.60000000,196324.02348000,0
1775407500000000,1.29920000,1.29930000,1.29700000,1.29770000,286498.60000000,1775408399999999,371873.37851000,2844,83305.40000000,108118.36311000,0
1775408400000000,1.29780000,1.30120000,1.29680000,1.30050000,429837.50000000,1775409299999999,558541.60144000,2946,163020.70000000,211865.85345000,0
1775409300000000,1.30050000,1.30060000,1.29680000,1.30000000,283781.00000000,1775410199999999,368548.44729000,2562,143268.10000000,186064.01078000,0
1775410200000000,1.30000000,1.30150000,1.29830000,1.30150000,248114.50000000,1775411099999999,322457.94062000,2495,107839.10000000,140178.99052000,0
1775411100000000,1.30160000,1.30310000,1.30080000,1.30240000,550094.00000000,1775411999999999,716219.73349000,3138,268267.40000000,349287.70911000,0
1775412000000000,1.30230000,1.30230000,1.30000000,1.30090000,395763.90000000,1775412899999999,514927.95759000,2681,165898.60000000,215854.01297000,0
1775412900000000,1.30090000,1.30120000,1.29880000,1.29940000,199309.00000000,1775413799999999,259082.62410000,1860,34981.60000000,45463.57753000,0
1775413800000000,1.29930000,1.30480000,1.29930000,1.30320000,598159.80000000,1775414699999999,779431.42271000,3908,340818.60000000,444114.52014000,0
1775414700000000,1.30320000,1.30370000,1.30230000,1.30280000,263919.80000000,1775415599999999,343851.53378000,1750,101011.20000000,131595.98447000,0
1775415600000000,1.30280000,1.30300000,1.30100000,1.30140000,213555.30000000,1775416499999999,278083.54378000,1640,66973.80000000,87201.16970000,0
1775416500000000,1.30150000,1.30750000,1.30120000,1.30460000,511253.10000000,1775417399999999,667401.44014000,4180,249464.70000000,325582.37612000,0
1775417400000000,1.30460000,1.30500000,1.29980000,1.29990000,407948.30000000,1775418299999999,531097.15357000,2772,65918.10000000,85855.43078000,0
1775418300000000,1.30000000,1.30080000,1.29940000,1.30060000,327780.10000000,1775419199999999,426138.77478000,1685,133729.90000000,173846.08323000,0
1775419200000000,1.30060000,1.30160000,1.29970000,1.30060000,196301.00000000,1775420099999999,255317.91811000,1896,47997.10000000,62418.49768000,0
1775420100000000,1.30060000,1.30250000,1.30010000,1.30160000,318287.70000000,1775420999999999,414164.50224000,1508,111166.00000000,144664.60079000,0
1775421000000000,1.30160000,1.30530000,1.30070000,1.30200000,619405.90000000,1775421899999999,807358.97528000,4159,301025.90000000,392288.99336000,0
1775421900000000,1.30190000,1.30660000,1.30170000,1.30420000,1341274.30000000,1775422799999999,1750071.10973000,3314,1007675.30000000,1315099.34549000,0
1775422800000000,1.30420000,1.30480000,1.29920000,1.30110000,585405.00000000,1775423699999999,762595.72308000,3729,199846.80000000,260274.63010000,0
1775423700000000,1.30110000,1.30110000,1.29910000,1.30000000,200937.00000000,1775424599999999,261265.54736000,1849,116628.20000000,151655.29617000,0
1775424600000000,1.30010000,1.30150000,1.29860000,1.30020000,337375.00000000,1775425499999999,438613.90705000,2246,153356.20000000,199399.48339000,0
1775425500000000,1.30030000,1.30350000,1.30010000,1.30080000,253350.50000000,1775426399999999,329784.73663000,3460,119786.90000000,155943.25859000,0
1775426400000000,1.30070000,1.30540000,1.29940000,1.30140000,862906.20000000,1775427299999999,1123617.04676000,10255,346762.20000000,451695.31515000,0
1775427300000000,1.30140000,1.30200000,1.29720000,1.29930000,549984.10000000,1775428199999999,714320.34301000,4199,149041.40000000,193559.25908000,0
1775428200000000,1.29920000,1.30680000,1.29870000,1.30520000,591428.80000000,1775429099999999,770521.35031000,6311,370656.00000000,483027.41673000,0
1775429100000000,1.30530000,1.31300000,1.30530000,1.31230000,1735449.30000000,1775429999999999,2270078.57717000,10766,951232.40000000,1244107.12925000,0
1775430000000000,1.31240000,1.32000000,1.31160000,1.32000000,1283966.50000000,1775430899999999,1689831.00051000,11780,838609.90000000,1103999.17838000,0
1775430900000000,1.32000000,1.33200000,1.32000000,1.32500000,4625847.40000000,1775431799999999,6137189.54474000,22271,2523489.90000000,3347619.06376000,0
1775431800000000,1.32490000,1.32950000,1.32310000,1.32370000,1485936.10000000,1775432699999999,1970858.44338000,10366,815076.90000000,1081062.26928000,0
1775432700000000,1.32380000,1.32690000,1.32360000,1.32630000,1168009.90000000,1775433599999999,1548028.34369000,5840,542482.60000000,718968.06493000,0
1775433600000000,1.32640000,1.33870000,1.32640000,1.33350000,3663974.30000000,1775434499999999,4887930.16161000,25345,1633622.20000000,2179871.96675000,0
1775434500000000,1.33350000,1.33730000,1.33080000,1.33540000,1974366.00000000,1775435399999999,2636246.27854000,11509,831519.30000000,1110350.05884000,0
1775435400000000,1.33540000,1.34000000,1.33390000,1.33760000,2114151.90000000,1775436299999999,2826690.20369000,11974,908884.30000000,1215347.77676000,0
1775436300000000,1.33760000,1.33790000,1.33120000,1.33150000,847863.70000000,1775437199999999,1130717.32351000,6015,260348.90000000,347244.97112000,0
1775437200000000,1.33160000,1.33360000,1.32800000,1.32810000,2119052.90000000,1775438099999999,2817853.41498000,8038,1361134.00000000,1809756.15248000,0
1775438100000000,1.32810000,1.33010000,1.32600000,1.32940000,1499114.70000000,1775438999999999,1991361.44617000,8802,884490.70000000,1174961.41274000,0
1775439000000000,1.32940000,1.33210000,1.32760000,1.32980000,1111560.30000000,1775439899999999,1478130.96016000,6859,654331.60000000,870236.94038000,0
1775439900000000,1.32990000,1.33230000,1.32910000,1.32960000,1322033.40000000,1775440799999999,1759453.37302000,6225,640999.20000000,853049.64773000,0
1775440800000000,1.32960000,1.34900000,1.32930000,1.34410000,4442691.00000000,1775441699999999,5955349.82075000,24241,2241723.40000000,3003891.55610000,0
1775441700000000,1.34420000,1.34640000,1.34070000,1.34340000,1835074.70000000,1775442599999999,2465056.78077000,15247,974108.60000000,1308296.02294000,0
1775442600000000,1.34340000,1.34620000,1.33910000,1.34060000,1207989.90000000,1775443499999999,1622787.66202000,10550,557937.00000000,749655.77987000,0
1775443500000000,1.34060000,1.34200000,1.34000000,1.34040000,1144231.70000000,1775444399999999,1534508.19248000,6309,405892.10000000,544374.94332000,0
1775444400000000,1.34040000,1.34220000,1.33880000,1.33920000,798055.60000000,1775445299999999,1070006.70822000,6273,295685.50000000,396439.47133000,0
1775445300000000,1.33930000,1.34070000,1.33760000,1.34050000,1418727.80000000,1775446199999999,1900468.52090000,9141,716363.50000000,959612.37293000,0
1775446200000000,1.34040000,1.34150000,1.33610000,1.33870000,1103795.50000000,1775447099999999,1477879.14434000,6127,399120.30000000,534516.92333000,0
1775447100000000,1.33870000,1.34080000,1.33720000,1.33810000,1187262.50000000,1775447999999999,1589257.73712000,6223,595440.60000000,797054.24670000,0
1775448000000000,1.33820000,1.34130000,1.33630000,1.33730000,788098.70000000,1775448899999999,1055186.88818000,5911,303428.90000000,406290.58990000,0
1775448900000000,1.33740000,1.33870000,1.33620000,1.33790000,931669.10000000,1775449799999999,1246176.46009000,4967,432530.70000000,578534.02890000,0
1775449800000000,1.33780000,1.34230000,1.33760000,1.34090000,1800260.10000000,1775450699999999,2413012.00721000,5955,1143954.90000000,1533167.05097000,0
1775450700000000,1.34090000,1.34170000,1.33960000,1.33970000,647876.70000000,1775451599999999,868681.12590000,2776,319795.80000000,428803.45558000,0
1775451600000000,1.33980000,1.34010000,1.33790000,1.33940000,771578.90000000,1775452499999999,1033154.95894000,3774,424240.20000000,568054.12872000,0
1775452500000000,1.33940000,1.34080000,1.33670000,1.33810000,879941.70000000,1775453399999999,1177997.78164000,4318,477794.70000000,639518.71860000,0
1775453400000000,1.33810000,1.33890000,1.33700000,1.33830000,652583.40000000,1775454299999999,873103.19304000,3302,312621.40000000,418245.95899000,0
1775454300000000,1.33830000,1.34030000,1.33830000,1.34020000,590157.70000000,1775455199999999,790546.86034000,3205,388748.50000000,520733.90379000,0
1775455200000000,1.34030000,1.34740000,1.33920000,1.34610000,1857446.50000000,1775456099999999,2495449.33799000,7622,1081696.30000000,1453558.95676000,0
1775456100000000,1.34600000,1.34600000,1.33920000,1.33990000,1467718.60000000,1775456999999999,1969807.40346000,7429,565250.30000000,758680.85649000,0
1775457000000000,1.33990000,1.34460000,1.33870000,1.34050000,1813519.40000000,1775457899999999,2433114.77567000,6654,914016.80000000,1226301.48266000,0
1775457900000000,1.34050000,1.34330000,1.33980000,1.34140000,1017820.50000000,1775458799999999,1365913.75736000,5261,579993.80000000,778378.46887000,0
1775458800000000,1.34150000,1.34180000,1.33760000,1.33780000,669990.20000000,1775459699999999,897522.69285000,3651,167334.70000000,224094.66534000,0
1775459700000000,1.33790000,1.34560000,1.33760000,1.34400000,2187648.90000000,1775460599999999,2936780.46575000,6204,1381875.50000000,1854332.56216000,0
1775460600000000,1.34400000,1.34400000,1.33860000,1.33950000,2708515.50000000,1775461499999999,3632462.94666000,5829,1028757.60000000,1379646.41461000,0
1775461500000000,1.33950000,1.34610000,1.33910000,1.34430000,1272269.20000000,1775462399999999,1708090.08851000,5720,708734.40000000,951380.26803000,0
1775462400000000,1.34440000,1.34630000,1.34350000,1.34560000,881414.00000000,1775463299999999,1185511.38483000,4353,502468.50000000,675737.07015000,0
1775463300000000,1.34570000,1.34650000,1.34220000,1.34380000,1954673.50000000,1775464199999999,2628618.14234000,5405,858923.50000000,1155001.06441000,0
1775464200000000,1.34380000,1.34630000,1.34210000,1.34230000,775949.10000000,1775465099999999,1042904.49039000,4220,457589.10000000,615145.69100000,0
1775465100000000,1.34230000,1.34230000,1.33860000,1.33890000,721107.80000000,1775465999999999,965946.82467000,3617,256948.70000000,344264.33441000,0
1775466000000000,1.33900000,1.34850000,1.33770000,1.34580000,1392781.70000000,1775466899999999,1870238.46521000,7715,811153.70000000,1089395.48673000,0
1775466900000000,1.34590000,1.35770000,1.34580000,1.35260000,3558800.40000000,1775467799999999,4813427.52713000,16834,1894074.50000000,2561185.49516000,0
1775467800000000,1.35260000,1.35560000,1.35190000,1.35460000,1402453.50000000,1775468699999999,1898910.82677000,7319,649457.20000000,879512.34806000,0
1775468700000000,1.35470000,1.35520000,1.35160000,1.35250000,654219.00000000,1775469599999999,885254.74585000,4686,192657.10000000,260744.42907000,0
1775469600000000,1.35260000,1.35620000,1.35260000,1.35530000,884866.40000000,1775470499999999,1199159.24554000,3920,466620.00000000,632299.21144000,0
1775470500000000,1.35530000,1.35670000,1.35320000,1.35390000,599556.20000000,1775471399999999,812573.21968000,3811,251933.10000000,341467.14436000,0
1775471400000000,1.35400000,1.35630000,1.35350000,1.35580000,861548.60000000,1775472299999999,1167347.80383000,4200,441796.20000000,598609.45597000,0
1775472300000000,1.35580000,1.35600000,1.35160000,1.35310000,1661703.70000000,1775473199999999,2249970.05048000,7216,709248.10000000,960345.81947000,0
1775473200000000,1.35300000,1.35320000,1.34790000,1.35040000,2211659.90000000,1775474099999999,2986854.68094000,6066,1293176.10000000,1746055.89556000,0
1775474100000000,1.35040000,1.35140000,1.34930000,1.34950000,630728.60000000,1775474999999999,851669.54568000,3159,304610.60000000,411269.70326000,0
1775475000000000,1.34960000,1.35150000,1.34940000,1.35050000,620335.00000000,1775475899999999,837871.26553000,3280,274091.90000000,370190.93534000,0
1775475900000000,1.35050000,1.35120000,1.34910000,1.34990000,938428.00000000,1775476799999999,1267097.09294000,3379,191770.90000000,258934.44393000,0
1775476800000000,1.34980000,1.35080000,1.34850000,1.34890000,898417.30000000,1775477699999999,1212705.18111000,3604,294513.00000000,397518.20025000,0
1775477700000000,1.34890000,1.34890000,1.34640000,1.34650000,905554.10000000,1775478599999999,1220161.48422000,3286,486451.90000000,655440.38806000,0
1775478600000000,1.34650000,1.34650000,1.34390000,1.34400000,1272239.50000000,1775479499999999,1711764.02946000,3551,626336.20000000,842748.51153000,0
1775479500000000,1.34400000,1.34480000,1.34240000,1.34330000,1295807.10000000,1775480399999999,1740910.56238000,4702,577667.40000000,776163.88504000,0
1775480400000000,1.34340000,1.34510000,1.34260000,1.34490000,548636.40000000,1775481299999999,737394.98496000,2752,270992.20000000,364242.06299000,0
1775481300000000,1.34480000,1.34610000,1.34390000,1.34520000,431217.40000000,1775482199999999,579984.52617000,2319,133432.90000000,179489.00626000,0
1775482200000000,1.34530000,1.34800000,1.34220000,1.34460000,925132.50000000,1775483099999999,1244453.63112000,9629,461382.90000000,620839.06654000,0
1775483100000000,1.34450000,1.34770000,1.34390000,1.34690000,616641.20000000,1775483999999999,830057.22920000,6915,268687.10000000,361712.67354000,0
1775484000000000,1.34690000,1.35180000,1.34430000,1.34820000,1587713.50000000,1775484899999999,2139570.30031000,11178,589105.70000000,793944.28467000,0
1775484900000000,1.34820000,1.35340000,1.34810000,1.34950000,1411063.50000000,1775485799999999,1906695.56502000,8853,814556.70000000,1100671.53292000,0
1775485800000000,1.34950000,1.35130000,1.34070000,1.34460000,1368824.30000000,1775486699999999,1843015.87996000,12893,595167.60000000,801585.52093000,0
1775486700000000,1.34450000,1.34860000,1.34140000,1.34780000,681231.50000000,1775487599999999,916605.02257000,6488,386162.10000000,519736.59798000,0
1775487600000000,1.34780000,1.34940000,1.34490000,1.34640000,1030817.40000000,1775488499999999,1388271.97170000,7631,375312.60000000,505533.96409000,0
1775488500000000,1.34650000,1.34750000,1.34460000,1.34650000,634549.80000000,1775489399999999,854094.19574000,5482,222026.70000000,298800.77210000,0
1775489400000000,1.34660000,1.34860000,1.34490000,1.34820000,657269.30000000,1775490299999999,884958.62923000,5987,303012.30000000,408016.48163000,0
1775490300000000,1.34830000,1.35120000,1.34810000,1.35040000,572250.10000000,1775491199999999,772508.94479000,3605,295356.00000000,398723.55618000,0
1775491200000000,1.35050000,1.35380000,1.34980000,1.35260000,749058.60000000,1775492099999999,1012156.12699000,5087,346991.80000000,468833.63432000,0
1775492100000000,1.35270000,1.35280000,1.34870000,1.34880000,469905.60000000,1775492999999999,634641.13087000,3699,194423.80000000,262568.45545000,0
1775493000000000,1.34870000,1.35070000,1.34810000,1.34870000,282052.60000000,1775493899999999,380548.77535000,3242,123827.50000000,167087.56069000,0
1775493900000000,1.34870000,1.35220000,1.34180000,1.34340000,1017923.60000000,1775494799999999,1369515.14250000,7551,359678.90000000,484362.01738000,0
1775494800000000,1.34350000,1.34390000,1.33510000,1.33570000,1972703.30000000,1775495699999999,2642094.31535000,11169,730670.80000000,978682.20548000,0
1775495700000000,1.33560000,1.34260000,1.33500000,1.34180000,1941753.60000000,1775496599999999,2598490.05311000,8236,865397.80000000,1158125.43825000,0
1775496600000000,1.34170000,1.34260000,1.33840000,1.33870000,601501.10000000,1775497499999999,806100.97987000,4010,163515.70000000,219175.20029000,0
1775497500000000,1.33880000,1.33990000,1.33770000,1.33920000,255414.20000000,1775498399999999,341862.40831000,2108,73993.10000000,99042.26940000,0
1775498400000000,1.33920000,1.34250000,1.33690000,1.34070000,1178871.50000000,1775499299999999,1579334.44772000,5957,704185.50000000,943447.24049000,0
1775499300000000,1.34070000,1.34220000,1.33900000,1.34160000,476940.90000000,1775500199999999,639422.38304000,5209,248803.60000000,333580.68882000,0
1775500200000000,1.34150000,1.34300000,1.34030000,1.34170000,926563.30000000,1775501099999999,1243749.29887000,3588,691057.00000000,927656.99195000,0
1775501100000000,1.34180000,1.34250000,1.34070000,1.34110000,177710.00000000,1775501999999999,238374.80290000,2018,96107.80000000,128903.74950000,0
1775502000000000,1.34100000,1.34100000,1.33760000,1.33830000,447843.10000000,1775502899999999,599631.39863000,3453,211399.50000000,282977.66009000,0
1775502900000000,1.33830000,1.34060000,1.33830000,1.33950000,421717.30000000,1775503799999999,564705.00676000,2717,137947.00000000,184736.46515000,0
1775503800000000,1.33960000,1.34030000,1.33810000,1.33940000,507804.20000000,1775504699999999,680048.59950000,2390,219337.50000000,293704.12788000,0
1775504700000000,1.33930000,1.34370000,1.33860000,1.34150000,584406.70000000,1775505599999999,783383.70910000,4122,343349.40000000,460157.32450000,0
1775505600000000,1.34160000,1.34360000,1.34000000,1.34060000,480390.80000000,1775506499999999,644525.87274000,2836,175346.40000000,235298.38879000,0
1775506500000000,1.34060000,1.34330000,1.34040000,1.34260000,332427.70000000,1775507399999999,446006.77013000,3161,238080.50000000,319422.03410000,0
1775507400000000,1.34260000,1.34350000,1.34250000,1.34280000,236260.50000000,1775508299999999,317248.69747000,1616,141550.00000000,190071.24990000,0
1775508300000000,1.34290000,1.34320000,1.34090000,1.34120000,304439.00000000,1775509199999999,408536.34961000,1853,121223.40000000,162692.75727000,0
1775509200000000,1.34120000,1.34120000,1.33870000,1.33910000,280549.70000000,1775510099999999,375803.18337000,1665,125314.40000000,167836.47011000,0
1775510100000000,1.33910000,1.33970000,1.33750000,1.33880000,320110.00000000,1775510999999999,428521.33215000,2508,163175.70000000,218432.50914000,0
1775511000000000,1.33880000,1.33880000,1.33590000,1.33610000,299410.70000000,1775511899999999,400370.63394000,3907,118938.80000000,159050.45058000,0
1775511900000000,1.33620000,1.33710000,1.33490000,1.33570000,299842.20000000,1775512799999999,400573.91415000,3217,99205.30000000,132534.70685000,0
1775512800000000,1.33560000,1.33560000,1.33300000,1.33510000,460492.00000000,1775513699999999,614375.48403000,4468,222331.50000000,296630.75201000,0
1775513700000000,1.33500000,1.33520000,1.33150000,1.33180000,533224.50000000,1775514599999999,710633.95147000,3517,221951.90000000,295726.64090000,0
1775514600000000,1.33180000,1.33180000,1.32770000,1.32770000,555723.50000000,1775515499999999,738849.33378000,2760,168963.50000000,224637.61276000,0
1775515500000000,1.32770000,1.32770000,1.31850000,1.31850000,1629820.60000000,1775516399999999,2157161.67503000,6316,485526.80000000,642813.83624000,0
1775516400000000,1.31860000,1.31980000,1.31220000,1.31760000,2310161.40000000,1775517299999999,3040513.25579000,15191,1211182.70000000,1594870.90997000,0
1775517300000000,1.31750000,1.31870000,1.31500000,1.31660000,585928.60000000,1775518199999999,771289.33642000,5756,224455.10000000,295519.98571000,0
1775518200000000,1.31650000,1.32330000,1.31550000,1.32210000,673212.10000000,1775519099999999,888710.43039000,5700,458640.60000000,605535.13761000,0
1775519100000000,1.32210000,1.32260000,1.32010000,1.32120000,596996.50000000,1775519999999999,788860.98279000,4245,314445.80000000,415519.67405000,0
1775520000000000,1.32110000,1.32470000,1.31970000,1.32390000,845532.20000000,1775520899999999,1117774.12836000,6721,479652.20000000,633996.19920000,0
1775520900000000,1.32400000,1.32600000,1.32190000,1.32390000,533584.60000000,1775521799999999,706044.85668000,4489,254875.30000000,337247.69251000,0
1775521800000000,1.32390000,1.32560000,1.32100000,1.32290000,292757.80000000,1775522699999999,387318.69913000,5241,168621.90000000,223108.84963000,0
1775522700000000,1.32280000,1.32370000,1.32100000,1.32140000,382499.20000000,1775523599999999,505849.76298000,3606,222565.70000000,294361.70832000,0
1775523600000000,1.32140000,1.32180000,1.31850000,1.32030000,706730.80000000,1775524499999999,932999.82045000,6328,369540.30000000,487840.33026000,0
1775524500000000,1.32020000,1.32470000,1.32020000,1.32090000,351250.20000000,1775525399999999,464414.69595000,5149,179101.90000000,236840.25796000,0
1775525400000000,1.32090000,1.32100000,1.31760000,1.31920000,318221.00000000,1775526299999999,419724.07628000,4537,177696.10000000,234387.53537000,0
1775526300000000,1.31910000,1.31930000,1.31420000,1.31460000,840418.70000000,1775527199999999,1106296.88131000,5772,319543.30000000,420587.03121000,0
1775527200000000,1.31460000,1.31660000,1.31250000,1.31580000,845918.40000000,1775528099999999,1112139.23689000,6240,408328.10000000,536823.23478000,0
1775528100000000,1.31580000,1.31890000,1.31540000,1.31860000,365178.00000000,1775528999999999,481202.60637000,3916,195762.30000000,257939.13204000,0
1775529000000000,1.31860000,1.31950000,1.31560000,1.31620000,250726.00000000,1775529899999999,330361.44723000,3111,126665.60000000,166890.16342000,0
1775529900000000,1.31610000,1.31740000,1.31480000,1.31720000,373453.90000000,1775530799999999,491477.33860000,3102,185834.00000000,244572.19037000,0
1775530800000000,1.31720000,1.31820000,1.31580000,1.31590000,236946.30000000,1775531699999999,312027.08731000,2353,107521.00000000,141589.59799000,0
1775531700000000,1.31580000,1.31860000,1.31460000,1.31720000,641982.70000000,1775532599999999,845319.97311000,3638,356594.70000000,469506.63427000,0
1775532600000000,1.31720000,1.31750000,1.31570000,1.31630000,289648.90000000,1775533499999999,381294.74355000,2052,142276.00000000,187304.17826000,0
1775533500000000,1.31630000,1.31750000,1.31570000,1.31700000,289017.50000000,1775534399999999,380498.45201000,2148,173886.70000000,228941.71644000,0
1775534400000000,1.31690000,1.31690000,1.31510000,1.31560000,380139.50000000,1775535299999999,500246.64907000,1894,116425.10000000,153191.57042000,0
1775535300000000,1.31550000,1.31630000,1.31310000,1.31470000,331663.20000000,1775536199999999,436010.06319000,3290,199951.70000000,262899.27986000,0
1775536200000000,1.31470000,1.31900000,1.31470000,1.31860000,448080.10000000,1775537099999999,590395.61815000,3421,343781.30000000,452943.02821000,0
1775537100000000,1.31870000,1.32050000,1.31820000,1.31830000,392416.20000000,1775537999999999,517623.99443000,2202,216837.70000000,286029.42143000,0
1775538000000000,1.31830000,1.31900000,1.31680000,1.31740000,530165.40000000,1775538899999999,698613.87798000,2857,239617.10000000,315715.39501000,0
1775538900000000,1.31740000,1.31830000,1.31300000,1.31330000,1305898.00000000,1775539799999999,1718791.47436000,4686,642823.10000000,846298.16750000,0
1775539800000000,1.31340000,1.31350000,1.31040000,1.31090000,686580.70000000,1775540699999999,900743.81135000,3960,300537.90000000,394257.56241000,0
1775540700000000,1.31100000,1.31150000,1.30950000,1.31140000,900330.30000000,1775541599999999,1179769.26079000,3875,446989.10000000,585771.85802000,0
1775541600000000,1.31140000,1.31230000,1.30860000,1.30910000,609673.00000000,1775542499999999,798898.01930000,4244,290079.90000000,380060.86219000,0
1775542500000000,1.30910000,1.31000000,1.30750000,1.30880000,892083.20000000,1775543399999999,1167609.04503000,3810,469904.80000000,615043.74700000,0
1775543400000000,1.30890000,1.30970000,1.30560000,1.30970000,1520112.50000000,1775544299999999,1987655.47327000,5497,726795.50000000,950251.70277000,0
1775544300000000,1.30980000,1.31170000,1.30880000,1.31140000,318269.30000000,1775545199999999,417096.45409000,2764,203285.20000000,266367.16905000,0
1775545200000000,1.31140000,1.31410000,1.31080000,1.31400000,304175.80000000,1775546099999999,399224.68575000,3001,185631.90000000,243619.87018000,0
1775546100000000,1.31400000,1.31630000,1.31150000,1.31160000,1617622.20000000,1775546999999999,2125688.44586000,4878,717765.10000000,943089.87035000,0
1775547000000000,1.31150000,1.31440000,1.31120000,1.31260000,471167.80000000,1775547899999999,618515.36434000,2467,361046.70000000,473933.48958000,0
1775547900000000,1.31250000,1.31360000,1.31160000,1.31270000,218642.70000000,1775548799999999,287032.12836000,1766,153410.10000000,201406.60862000,0
1775548800000000,1.31270000,1.31660000,1.31180000,1.31320000,742739.90000000,1775549699999999,975606.72204000,6459,452845.00000000,594816.12996000,0
1775549700000000,1.31320000,1.31540000,1.31110000,1.31450000,1383040.20000000,1775550599999999,1815771.59350000,6701,865535.00000000,1136201.59252000,0
1775550600000000,1.31460000,1.31850000,1.31450000,1.31840000,880579.70000000,1775551499999999,1160064.24883000,4532,632740.50000000,833653.76155000,0
1775551500000000,1.31840000,1.32330000,1.31830000,1.31960000,2080653.90000000,1775552399999999,2747255.31848000,6507,890568.20000000,1175983.08085000,0
1775552400000000,1.31960000,1.32470000,1.31810000,1.32150000,1246432.90000000,1775553299999999,1646583.33612000,7202,568953.90000000,751496.97250000,0
1775553300000000,1.32150000,1.32210000,1.31880000,1.31960000,839609.30000000,1775554199999999,1109034.86435000,4125,430266.00000000,568369.62561000,0
1775554200000000,1.31950000,1.32370000,1.31930000,1.32240000,971608.30000000,1775555099999999,1284305.11680000,3665,504949.80000000,667509.68837000,0
1775555100000000,1.32230000,1.32230000,1.31990000,1.32030000,702552.20000000,1775555999999999,927807.26986000,3034,358817.90000000,473803.56534000,0
1775556000000000,1.32030000,1.32160000,1.31390000,1.31630000,1645806.60000000,1775556899999999,2167480.54611000,8332,584717.40000000,769795.71454000,0
1775556900000000,1.31630000,1.31810000,1.31160000,1.31270000,1145796.80000000,1775557799999999,1506430.97129000,6524,688317.40000000,905344.12671000,0
1775557800000000,1.31270000,1.31310000,1.30900000,1.30990000,758432.00000000,1775558699999999,994444.96137000,5578,381933.20000000,500893.12521000,0
1775558700000000,1.30980000,1.31040000,1.30620000,1.30720000,712656.60000000,1775559599999999,932141.06015000,6304,293620.80000000,384038.67704000,0
1775559600000000,1.30730000,1.30890000,1.30560000,1.30810000,921603.80000000,1775560499999999,1205281.13600000,5340,390500.20000000,510753.95770000,0
1775560500000000,1.30810000,1.30930000,1.30430000,1.30610000,1021399.10000000,1775561399999999,1333929.28445000,5840,524148.20000000,684593.07880000,0
1775561400000000,1.30610000,1.30680000,1.30340000,1.30570000,1259002.00000000,1775562299999999,1642958.09526000,5436,682673.20000000,890804.87266000,0
1775562300000000,1.30570000,1.30690000,1.30430000,1.30630000,432637.80000000,1775563199999999,564973.98306000,2522,253627.60000000,331174.12755000,0
1775563200000000,1.30630000,1.30870000,1.30110000,1.30420000,2133978.90000000,1775564099999999,2782497.25948000,11581,768600.30000000,1002078.26185000,0
1775564100000000,1.30430000,1.30810000,1.30270000,1.30760000,618704.30000000,1775564999999999,808154.46985000,6771,344120.80000000,449499.56029000,0
1775565000000000,1.30770000,1.30890000,1.30430000,1.30500000,978963.00000000,1775565899999999,1278968.18709000,4475,470980.90000000,615378.56353000,0
1775565900000000,1.30500000,1.31280000,1.30400000,1.30870000,1384544.00000000,1775566799999999,1811654.51079000,8772,730439.80000000,955895.86261000,0
1775566800000000,1.30860000,1.31350000,1.30800000,1.31170000,1086227.80000000,1775567699999999,1424552.78412000,6412,532802.20000000,698625.53943000,0
1775567700000000,1.31180000,1.31180000,1.30650000,1.30740000,531675.90000000,1775568599999999,695712.31392000,3249,168787.10000000,220901.63044000,0
1775568600000000,1.30740000,1.30990000,1.30550000,1.30590000,700342.20000000,1775569499999999,915918.53856000,9103,402582.60000000,526543.23772000,0
1775569500000000,1.30580000,1.30760000,1.30480000,1.30480000,367587.00000000,1775570399999999,480019.75492000,5850,189088.30000000,246925.25917000,0
1775570400000000,1.30490000,1.30520000,1.29760000,1.29950000,1886110.00000000,1775571299999999,2452061.55990000,10058,647497.00000000,841779.92334000,0
1775571300000000,1.29960000,1.30530000,1.29830000,1.30410000,1041671.50000000,1775572199999999,1356431.47964000,7893,632936.10000000,824219.13672000,0
1775572200000000,1.30400000,1.30440000,1.29900000,1.29910000,1160373.10000000,1775573099999999,1509608.75571000,6686,672515.50000000,875117.19661000,0
1775573100000000,1.29900000,1.30350000,1.29660000,1.29660000,896963.70000000,1775573999999999,1165924.95754000,5770,458414.90000000,595939.24131000,0
1775574000000000,1.29670000,1.29890000,1.29490000,1.29700000,1128374.10000000,1775574899999999,1462881.49344000,6478,655991.50000000,850456.24199000,0
1775574900000000,1.29700000,1.30230000,1.29690000,1.30070000,1285173.90000000,1775575799999999,1670955.35731000,7198,850309.40000000,1105472.17085000,0
1775575800000000,1.30070000,1.30070000,1.29800000,1.29810000,699001.90000000,1775576699999999,908425.04068000,4080,240471.80000000,312519.21483000,0
1775576700000000,1.29810000,1.29990000,1.29620000,1.29760000,804989.80000000,1775577599999999,1044684.47853000,4700,398127.80000000,516681.45486000,0
1775577600000000,1.29760000,1.30290000,1.29710000,1.29740000,1469374.60000000,1775578499999999,1909157.40895000,7699,594751.70000000,772666.88647000,0
1775578500000000,1.29730000,1.30150000,1.29540000,1.30120000,1691071.40000000,1775579399999999,2194675.62108000,8006,869979.70000000,1128946.31253000,0
1775579400000000,1.30120000,1.30310000,1.30010000,1.30200000,929115.30000000,1775580299999999,1209394.84543000,4498,426088.40000000,554624.84417000,0
1775580300000000,1.30200000,1.30320000,1.30020000,1.30070000,716318.10000000,1775581199999999,932479.88859000,3210,278717.00000000,362865.47391000,0
1775581200000000,1.30060000,1.30240000,1.29940000,1.30000000,486656.60000000,1775582099999999,633159.07899000,4432,244507.60000000,318111.99184000,0
1775582100000000,1.30000000,1.30300000,1.29930000,1.30210000,394799.10000000,1775582999999999,513660.31132000,3004,224545.60000000,292172.33170000,0
1775583000000000,1.30210000,1.31460000,1.30210000,1.30830000,1690911.10000000,1775583899999999,2214007.62479000,11455,1029131.30000000,1347046.49151000,0
1775583900000000,1.30830000,1.30970000,1.30790000,1.30850000,1007864.40000000,1775584799999999,1319101.40763000,5374,610531.60000000,799037.24210000,0
1775584800000000,1.30850000,1.30980000,1.30680000,1.30870000,629151.80000000,1775585699999999,823208.87615000,3617,348839.70000000,456502.45576000,0
1775585700000000,1.30880000,1.30940000,1.30710000,1.30840000,424855.60000000,1775586599999999,555861.80343000,3668,223734.60000000,292769.78802000,0
1775586600000000,1.30830000,1.30890000,1.30280000,1.30350000,464880.70000000,1775587499999999,606798.25646000,4002,177958.40000000,232361.14376000,0
1775587500000000,1.30350000,1.30350000,1.30010000,1.30210000,1155167.90000000,1775588399999999,1504015.57660000,5006,439108.80000000,571626.63281000,0
1775588400000000,1.30200000,1.30570000,1.30140000,1.30360000,902390.70000000,1775589299999999,1175553.41763000,5936,497710.00000000,648373.54595000,0
1775589300000000,1.30350000,1.31030000,1.30350000,1.30810000,1232788.10000000,1775590199999999,1611686.31071000,9720,917035.60000000,1199000.01778000,0
1775590200000000,1.30800000,1.30800000,1.30420000,1.30600000,966040.00000000,1775591099999999,1261295.64196000,5356,716048.00000000,934873.07005000,0
1775591100000000,1.30600000,1.31640000,1.30550000,1.31420000,3835510.70000000,1775591999999999,5038281.15629000,20802,2543035.70000000,3340618.94017000,0
1775592000000000,1.31420000,1.32170000,1.31390000,1.31830000,2527751.30000000,1775592899999999,3333047.17324000,11568,1513744.20000000,1996103.19183000,0
1775592900000000,1.31830000,1.31960000,1.31590000,1.31800000,710005.60000000,1775593799999999,935359.72371000,6047,228582.70000000,301181.73138000,0
1775593800000000,1.31800000,1.32230000,1.31770000,1.31990000,1545881.70000000,1775594699999999,2040249.56769000,9206,904669.20000000,1194114.77342000,0
1775594700000000,1.31980000,1.31980000,1.31530000,1.31800000,753761.00000000,1775595599999999,993191.82256000,4909,385932.20000000,508465.60793000,0
1775595600000000,1.31810000,1.33960000,1.31810000,1.33360000,3590586.00000000,1775596499999999,4781004.11698000,20257,2342194.10000000,3119489.02076000,0
1775596500000000,1.33370000,1.33480000,1.32700000,1.32830000,1399777.40000000,1775597399999999,1862043.60194000,8771,511532.00000000,680467.39994000,0
1775597400000000,1.32820000,1.33700000,1.32820000,1.33690000,1774522.10000000,1775598299999999,2366516.21561000,9231,876998.70000000,1169534.89121000,0
1775598300000000,1.33700000,1.34050000,1.33520000,1.33800000,2235546.50000000,1775599199999999,2991719.66169000,10244,1024871.20000000,1371685.92888000,0
1775599200000000,1.33800000,1.34340000,1.33640000,1.34110000,2718234.10000000,1775600099999999,3643171.06188000,17308,1697059.80000000,2275010.90210000,0
1775600100000000,1.34110000,1.34350000,1.33760000,1.34220000,1778632.50000000,1775600999999999,2385087.25331000,11075,1066115.00000000,1429496.10664000,0
1775601000000000,1.34220000,1.36410000,1.34140000,1.35490000,11355546.00000000,1775601899999999,15376856.49445000,63988,5709124.10000000,7729620.13812000,0
1775601900000000,1.35480000,1.37390000,1.35330000,1.37350000,7841487.50000000,1775602799999999,10705157.90613000,33885,4727885.90000000,6453291.50391000,0
1775602800000000,1.37360000,1.37820000,1.36870000,1.37090000,5523263.70000000,1775603699999999,7588334.62983000,35455,2651845.90000000,3643813.07902000,0
1775603700000000,1.37090000,1.39620000,1.36710000,1.39620000,8104229.90000000,1775604599999999,11203231.80973000,44585,3797242.40000000,5253446.38004000,0
1775604600000000,1.39610000,1.39610000,1.38200000,1.38510000,5358858.70000000,1775605499999999,7438634.06151000,29819,2035770.20000000,2826606.23112000,0
1775605500000000,1.38520000,1.38880000,1.37870000,1.37870000,3547897.00000000,1775606399999999,4908818.01330000,16403,1952443.10000000,2702473.77518000,0
1775606400000000,1.37860000,1.38410000,1.37300000,1.37510000,4939401.60000000,1775607299999999,6805663.93846000,22264,2153755.60000000,2970090.99501000,0
1775607300000000,1.37510000,1.37510000,1.36920000,1.37030000,2243509.30000000,1775608199999999,3076641.85969000,12348,1106860.30000000,1517581.27420000,0
1775608200000000,1.37030000,1.37070000,1.36400000,1.36470000,2838669.40000000,1775609099999999,3878566.34273000,12892,1298424.00000000,1773913.64167000,0
1775609100000000,1.36480000,1.36680000,1.36010000,1.36650000,2881843.60000000,1775609999999999,3930280.20013000,12624,1662858.70000000,2268104.18379000,0
1775610000000000,1.36660000,1.37080000,1.36390000,1.37020000,2533422.50000000,1775610899999999,3465156.31633000,10144,1972804.90000000,2698376.21444000,0
1775610900000000,1.37020000,1.37040000,1.36510000,1.36590000,1010218.50000000,1775611799999999,1380661.42984000,6561,585985.00000000,800804.81151000,0
1775611800000000,1.36580000,1.36970000,1.36510000,1.36850000,1515667.40000000,1775612699999999,2071938.31620000,5427,1035773.40000000,1415699.18708000,0
1775612700000000,1.36850000,1.37330000,1.36810000,1.36980000,1146819.40000000,1775613599999999,1572050.47013000,6455,580237.40000000,795421.36418000,0
1775613600000000,1.36990000,1.37610000,1.36820000,1.37490000,940864.80000000,1775614499999999,1291492.84775000,8325,537842.00000000,738203.55312000,0
1775614500000000,1.37490000,1.37500000,1.36950000,1.37220000,755524.50000000,1775615399999999,1036672.00400000,5768,291110.80000000,399344.74803000,0
1775615400000000,1.37220000,1.37370000,1.37020000,1.37200000,1419633.50000000,1775616299999999,1947099.68542000,7355,771421.90000000,1057966.60523000,0
1775616300000000,1.37190000,1.37450000,1.37030000,1.37440000,1467128.10000000,1775617199999999,2013641.28063000,5645,1085216.30000000,1489479.07266000,0
1775617200000000,1.37440000,1.37750000,1.37040000,1.37060000,2221325.50000000,1775618099999999,3053251.12698000,7737,1194456.50000000,1642083.17888000,0
1775618100000000,1.37060000,1.37160000,1.36880000,1.37120000,1115135.50000000,1775618999999999,1527708.27700000,4436,589948.60000000,808260.42932000,0
1775619000000000,1.37110000,1.37300000,1.37010000,1.37170000,1110569.40000000,1775619899999999,1523351.96583000,4169,482240.80000000,661453.31943000,0
1775619900000000,1.37170000,1.37180000,1.36960000,1.37000000,1475680.40000000,1775620799999999,2022399.75842000,4157,652559.00000000,894398.99350000,0
1775620800000000,1.37010000,1.37590000,1.36920000,1.37420000,3210157.50000000,1775621699999999,4406411.21760000,8787,1467253.30000000,2014390.20803000,0
1775621700000000,1.37420000,1.37680000,1.37380000,1.37600000,1231086.10000000,1775622599999999,1692643.05797000,4618,480699.20000000,660923.13133000,0
1775622600000000,1.37590000,1.37790000,1.37470000,1.37730000,1188245.30000000,1775623499999999,1635442.42897000,4006,683388.40000000,940493.84495000,0
1775623500000000,1.37730000,1.37780000,1.37590000,1.37610000,1003319.90000000,1775624399999999,1381640.45455000,3125,497469.90000000,685069.15131000,0
1775624400000000,1.37610000,1.37990000,1.37610000,1.37990000,1311887.00000000,1775625299999999,1808221.52114000,4771,826687.70000000,1139483.14342000,0
1775625300000000,1.37990000,1.38830000,1.37980000,1.38540000,2291055.10000000,1775626199999999,3172690.76801000,5497,1709606.20000000,2367946.49289000,0
1775626200000000,1.38540000,1.38540000,1.38190000,1.38270000,1158154.90000000,1775627099999999,1602759.62656000,3770,681219.20000000,942700.53509000,0
1775627100000000,1.38260000,1.38770000,1.38170000,1.38450000,1936468.30000000,1775627999999999,2682226.19359000,5623,930582.00000000,1289127.86913000,0
1775628000000000,1.38460000,1.38570000,1.38180000,1.38500000,1298746.50000000,1775628899999999,1797422.51954000,5094,746836.80000000,1033569.76443000,0
1775628900000000,1.38500000,1.38700000,1.38380000,1.38510000,1341893.10000000,1775629799999999,1859106.60388000,5084,877395.00000000,1215594.14745000,0
1775629800000000,1.38510000,1.38510000,1.38070000,1.38090000,839413.60000000,1775630699999999,1160491.35193000,3605,252300.70000000,348888.08096000,0
1775630700000000,1.38100000,1.38140000,1.37970000,1.37990000,943909.30000000,1775631599999999,1303222.95958000,2854,337897.00000000,466509.44670000,0
1775631600000000,1.38000000,1.38130000,1.37850000,1.38060000,1378918.00000000,1775632499999999,1902608.53418000,4507,586445.40000000,809205.67227000,0
1775632500000000,1.38070000,1.38490000,1.38020000,1.38230000,1000546.70000000,1775633399999999,1383103.82083000,5815,535652.90000000,740426.61745000,0
1775633400000000,1.38220000,1.38220000,1.37760000,1.37900000,1108524.00000000,1775634299999999,1528198.73318000,4534,612757.40000000,844633.16261000,0
1775634300000000,1.37910000,1.37980000,1.37820000,1.37970000,565143.90000000,1775635199999999,779260.60273000,3039,222570.40000000,306909.76693000,0
1775635200000000,1.37970000,1.38280000,1.37970000,1.38080000,839698.50000000,1775636099999999,1159940.62387000,4067,457541.00000000,631923.26903000,0
1775636100000000,1.38070000,1.38280000,1.38030000,1.38100000,572831.30000000,1775636999999999,791269.33399000,2647,221111.90000000,305412.40235000,0
1775637000000000,1.38100000,1.38400000,1.37810000,1.37910000,972324.30000000,1775637899999999,1343164.00046000,4302,304927.40000000,421304.10807000,0
1775637900000000,1.37910000,1.38180000,1.37880000,1.38120000,522947.60000000,1775638799999999,721888.28487000,4128,267692.30000000,369489.13247000,0
1775638800000000,1.38130000,1.38440000,1.38130000,1.38370000,715045.20000000,1775639699999999,988981.88879000,5124,353445.40000000,488791.22007000,0
1775639700000000,1.38380000,1.38820000,1.38070000,1.38070000,1071147.40000000,1775640599999999,1482894.68183000,5226,434516.00000000,601479.83839000,0
1775640600000000,1.38070000,1.38150000,1.37780000,1.37800000,1466144.40000000,1775641499999999,2022889.01323000,5239,820627.40000000,1132217.07730000,0
1775641500000000,1.37790000,1.38180000,1.37780000,1.38090000,689633.70000000,1775642399999999,951906.14222000,3344,314671.60000000,434296.01191000,0
1775642400000000,1.38100000,1.38380000,1.37900000,1.38140000,1395605.90000000,1775643299999999,1928358.21496000,5699,640642.90000000,885062.68324000,0
1775643300000000,1.38150000,1.38370000,1.38140000,1.38140000,709329.80000000,1775644199999999,980563.86977000,3635,294401.30000000,406975.77161000,0
1775644200000000,1.38140000,1.38200000,1.37870000,1.38110000,1015213.20000000,1775645099999999,1401287.82054000,4050,352252.40000000,486268.30859000,0
1775645100000000,1.38110000,1.38490000,1.38110000,1.38350000,1575903.80000000,1775645999999999,2180496.64818000,5177,613355.70000000,848455.33817000,0
1775646000000000,1.38350000,1.38530000,1.38110000,1.38270000,2454835.50000000,1775646899999999,3395866.46317000,7872,1358582.50000000,1879406.86153000,0
1775646900000000,1.38280000,1.38320000,1.37870000,1.38020000,806950.10000000,1775647799999999,1113955.71676000,3775,280243.70000000,386819.81714000,0
1775647800000000,1.38020000,1.38020000,1.37170000,1.37310000,1202956.80000000,1775648699999999,1654335.15764000,6281,364648.70000000,501472.26167000,0
1775648700000000,1.37300000,1.37830000,1.37220000,1.37810000,1193181.50000000,1775649599999999,1640844.50180000,8535,718099.30000000,987640.00296000,0
1775649600000000,1.37820000,1.38130000,1.37790000,1.38050000,1148415.20000000,1775650499999999,1584307.63983000,6340,354788.40000000,489552.37695000,0
1775650500000000,1.38050000,1.38060000,1.37440000,1.37880000,1656133.00000000,1775651399999999,2281012.64329000,11627,641972.50000000,883951.45991000,0
1775651400000000,1.37880000,1.38290000,1.37760000,1.38180000,1726180.00000000,1775652299999999,2382894.27698000,6065,793937.90000000,1096007.61202000,0
1775652300000000,1.38180000,1.38380000,1.38030000,1.38030000,1109312.60000000,1775653199999999,1533481.93267000,6640,680300.60000000,940446.11576000,0
1775653200000000,1.38030000,1.38980000,1.37990000,1.38560000,1825878.10000000,1775654099999999,2528657.01006000,13274,1102464.60000000,1526675.46695000,0
1775654100000000,1.38570000,1.38840000,1.38280000,1.38470000,1265408.30000000,1775654999999999,1753837.57596000,8354,686100.80000000,951063.33964000,0
1775655000000000,1.38470000,1.38780000,1.37560000,1.37580000,2038530.90000000,1775655899999999,2815268.56476000,21248,936044.30000000,1292893.68694000,0
1775655900000000,1.37580000,1.37940000,1.37370000,1.37420000,1441443.90000000,1775656799999999,1984383.03456000,14657,636144.40000000,875879.05383000,0
1775656800000000,1.37410000,1.37500000,1.36710000,1.37140000,3852355.70000000,1775657699999999,5279883.91130000,16420,1720484.30000000,2357177.25790000,0
1775657700000000,1.37150000,1.37300000,1.36520000,1.36600000,1193540.00000000,1775658599999999,1632992.57968000,10804,433955.60000000,593687.97293000,0
1775658600000000,1.36610000,1.36720000,1.35260000,1.35420000,5628844.00000000,1775659499999999,7645461.98884000,28379,2696018.40000000,3661285.00013000,0
1775659500000000,1.35420000,1.35620000,1.34540000,1.35020000,3368062.90000000,1775660399999999,4546383.71660000,19702,1388742.50000000,1874712.45189000,0
1775660400000000,1.35030000,1.35370000,1.34890000,1.35260000,2054291.80000000,1775661299999999,2775474.52379000,13539,888573.90000000,1200474.17620000,0
1775661300000000,1.35260000,1.35520000,1.35080000,1.35420000,2226466.40000000,1775662199999999,3013684.63889000,8810,1113665.20000000,1507444.87408000,0
1775662200000000,1.35430000,1.35700000,1.35280000,1.35560000,1495431.70000000,1775663099999999,2026207.29596000,10920,962062.80000000,1303523.07713000,0
1775663100000000,1.35560000,1.35670000,1.35300000,1.35490000,515111.90000000,1775663999999999,697833.15760000,5942,256936.20000000,348009.28712000,0
1775664000000000,1.35480000,1.35850000,1.35410000,1.35610000,1195679.40000000,1775664899999999,1621923.15346000,7767,661325.20000000,897053.48513000,0
1775664900000000,1.35610000,1.35890000,1.35540000,1.35590000,697449.50000000,1775665799999999,946547.13421000,6583,351241.70000000,476759.45516000,0
1775665800000000,1.35580000,1.35740000,1.35240000,1.35640000,829710.70000000,1775666699999999,1123645.13254000,5891,456942.20000000,618856.46665000,0
1775666700000000,1.35650000,1.35970000,1.35570000,1.35720000,1035957.70000000,1775667599999999,1406656.71313000,5687,418842.00000000,568683.54099000,0
1775667600000000,1.35720000,1.36050000,1.35670000,1.35980000,450645.10000000,1775668499999999,612421.34389000,5863,224553.30000000,305163.97479000,0
1775668500000000,1.35970000,1.35980000,1.35480000,1.35640000,927345.40000000,1775669399999999,1259019.55790000,6789,298356.10000000,405055.16085000,0
1775669400000000,1.35630000,1.36370000,1.35500000,1.36140000,983691.50000000,1775670299999999,1337616.40087000,9246,643838.90000000,875280.07419000,0
1775670300000000,1.36140000,1.36210000,1.36040000,1.36210000,752804.50000000,1775671199999999,1024622.17873000,3662,489194.70000000,665787.77475000,0
1775671200000000,1.36210000,1.36240000,1.35780000,1.35910000,819124.30000000,1775672099999999,1114524.88981000,6424,495631.40000000,674321.31409000,0
1775672100000000,1.35910000,1.36000000,1.35300000,1.35430000,899174.20000000,1775672999999999,1218463.80616000,10216,388280.20000000,526116.21229000,0
1775673000000000,1.35420000,1.35680000,1.35150000,1.35160000,628479.30000000,1775673899999999,851354.21498000,6510,262012.10000000,355108.04455000,0
1775673900000000,1.35160000,1.35270000,1.34740000,1.34810000,801383.90000000,1775674799999999,1082209.09791000,6221,343686.60000000,464173.65323000,0
1775674800000000,1.34810000,1.35060000,1.34600000,1.34860000,806036.60000000,1775675699999999,1086477.59191000,5597,343828.50000000,463507.15637000,0
1775675700000000,1.34870000,1.34970000,1.34450000,1.34510000,632163.20000000,1775676599999999,851073.76267000,5488,382690.90000000,515140.21995000,0
1775676600000000,1.34500000,1.34830000,1.34450000,1.34760000,368013.90000000,1775677499999999,495466.52772000,5322,168655.90000000,227012.54388000,0
1775677500000000,1.34760000,1.35240000,1.34740000,1.35190000,798094.60000000,1775678399999999,1077480.89942000,5093,656493.60000000,886312.28522000,0
1775678400000000,1.35180000,1.35360000,1.35050000,1.35220000,484231.80000000,1775679299999999,654697.58688000,4593,222352.30000000,300603.96588000,0
1775679300000000,1.35220000,1.35320000,1.34950000,1.34990000,763455.10000000,1775680199999999,1030965.59330000,2615,114192.60000000,154245.69987000,0
1775680200000000,1.35000000,1.35110000,1.34630000,1.34720000,344588.80000000,1775681099999999,464658.14751000,3862,147946.00000000,199549.61479000,0
1775681100000000,1.34720000,1.34860000,1.34620000,1.34860000,265246.40000000,1775681999999999,357391.53450000,2508,159804.20000000,215299.71830000,0
1775682000000000,1.34860000,1.35310000,1.34790000,1.35180000,323427.40000000,1775682899999999,436740.40900000,2775,165945.50000000,224056.28606000,0
1775682900000000,1.35180000,1.35730000,1.35170000,1.35580000,378495.90000000,1775683799999999,512782.54231000,3711,195288.90000000,264652.89303000,0
1775683800000000,1.35580000,1.35680000,1.35180000,1.35200000,1028943.20000000,1775684699999999,1393238.56218000,6097,316306.40000000,428419.08306000,0
1775684700000000,1.35200000,1.35410000,1.35160000,1.35280000,659784.00000000,1775685599999999,892455.70384000,3696,277367.60000000,375182.04192000,0
1775685600000000,1.35290000,1.35340000,1.34870000,1.34940000,785667.50000000,1775686499999999,1061330.38482000,3662,182034.30000000,245801.81832000,0
1775686500000000,1.34950000,1.35020000,1.34560000,1.34600000,759349.80000000,1775687399999999,1023515.14397000,4687,231941.90000000,312647.75148000,0
1775687400000000,1.34610000,1.35020000,1.34470000,1.34830000,1040112.70000000,1775688299999999,1402558.48186000,4516,510867.70000000,688993.53730000,0
1775688300000000,1.34830000,1.34920000,1.34440000,1.34460000,378343.80000000,1775689199999999,509819.76629000,2500,136584.40000000,184088.67570000,0
1775689200000000,1.34460000,1.34460000,1.34010000,1.34420000,1337219.60000000,1775690099999999,1794172.13518000,8454,610968.40000000,819603.79691000,0
1775690100000000,1.34410000,1.34600000,1.33890000,1.34050000,1807460.10000000,1775690999999999,2425858.52840000,8494,536646.80000000,719785.47178000,0
1775691000000000,1.34040000,1.34250000,1.33960000,1.34120000,418778.70000000,1775691899999999,561582.39383000,4372,233506.90000000,313134.75326000,0
1775691900000000,1.34120000,1.34380000,1.34110000,1.34280000,282836.70000000,1775692799999999,379704.77783000,3538,131521.60000000,176558.56835000,0
1775692800000000,1.34280000,1.34310000,1.34020000,1.34110000,613097.80000000,1775693699999999,822360.66953000,4490,363312.60000000,487329.27072000,0
1775693700000000,1.34110000,1.34170000,1.33710000,1.33740000,969442.50000000,1775694599999999,1297863.00060000,5481,243823.90000000,326541.71929000,0
1775694600000000,1.33730000,1.33920000,1.33430000,1.33650000,1016192.10000000,1775695499999999,1357605.86157000,8445,400883.10000000,535643.49611000,0
1775695500000000,1.33660000,1.34070000,1.33570000,1.33980000,739584.10000000,1775696399999999,989237.77035000,6127,603382.70000000,807018.18243000,0
1775696400000000,1.33970000,1.34050000,1.33040000,1.33280000,2501776.90000000,1775697299999999,3336994.38488000,13489,1258349.20000000,1679343.72516000,0
1775697300000000,1.33280000,1.33340000,1.32720000,1.32760000,2572084.30000000,1775698199999999,3418238.17340000,8219,1451762.40000000,1929105.24240000,0
1775698200000000,1.32750000,1.33210000,1.32660000,1.33180000,2552067.10000000,1775699099999999,3393230.02120000,10750,1450482.80000000,1928406.70653000,0
1775699100000000,1.33170000,1.33550000,1.33020000,1.33450000,777436.80000000,1775699999999999,1036586.53925000,5275,421731.00000000,562296.23959000,0
1775700000000000,1.33440000,1.33640000,1.33280000,1.33300000,627360.90000000,1775700899999999,837470.47913000,5252,266935.40000000,356395.24549000,0
1775700900000000,1.33310000,1.33650000,1.33260000,1.33520000,457254.80000000,1775701799999999,610464.66105000,4008,195645.60000000,261194.49351000,0
1775701800000000,1.33520000,1.33580000,1.33180000,1.33460000,619604.60000000,1775702699999999,826478.53611000,4715,395070.90000000,526979.21163000,0
1775702700000000,1.33460000,1.33580000,1.33350000,1.33420000,597456.10000000,1775703599999999,797387.57319000,3825,338650.10000000,451938.82784000,0
1775703600000000,1.33420000,1.33580000,1.33330000,1.33410000,768112.20000000,1775704499999999,1025022.92055000,3695,527827.50000000,704410.55392000,0
1775704500000000,1.33400000,1.33700000,1.33020000,1.33070000,2657112.40000000,1775705399999999,3544840.15288000,8116,1419383.10000000,1893327.60783000,0
1775705400000000,1.33070000,1.33230000,1.33000000,1.33130000,1104575.20000000,1775706299999999,1470511.14768000,3496,605302.40000000,805705.20101000,0
1775706300000000,1.33130000,1.33300000,1.32960000,1.33110000,596388.80000000,1775707199999999,794148.86437000,3337,256476.10000000,341479.20923000,0
1775707200000000,1.33110000,1.33160000,1.32720000,1.33060000,3519792.60000000,1775708099999999,4678516.75046000,7390,1176992.90000000,1564649.18789000,0
1775708100000000,1.33060000,1.33150000,1.32880000,1.32910000,1463351.90000000,1775708999999999,1946422.86172000,3207,661819.30000000,880353.16628000,0
1775709000000000,1.32910000,1.33250000,1.32910000,1.33190000,801374.20000000,1775709899999999,1066864.56061000,2506,378536.40000000,503908.86082000,0
1775709900000000,1.33200000,1.33210000,1.33010000,1.33160000,578984.60000000,1775710799999999,770794.37110000,2517,291845.40000000,388503.09118000,0
1775710800000000,1.33170000,1.33380000,1.33090000,1.33260000,831421.10000000,1775711699999999,1108051.15443000,2841,435208.00000000,580015.53467000,0
1775711700000000,1.33270000,1.33550000,1.33090000,1.33200000,4656145.60000000,1775712599999999,6209017.64187000,8377,2303970.40000000,3073893.79853000,0
1775712600000000,1.33200000,1.33570000,1.33150000,1.33530000,858164.80000000,1775713499999999,1144679.06010000,3230,519466.50000000,692850.08257000,0
1775713500000000,1.33540000,1.33540000,1.33130000,1.33320000,1368291.90000000,1775714399999999,1824084.68862000,3283,423003.10000000,563831.89570000,0
1775714400000000,1.33320000,1.33560000,1.33250000,1.33250000,956503.50000000,1775715299999999,1275794.58414000,3336,437186.60000000,583039.95870000,0
1775715300000000,1.33250000,1.33250000,1.32800000,1.32840000,1264418.20000000,1775716199999999,1680932.57253000,3982,705382.50000000,937698.26298000,0
1775716200000000,1.32830000,1.33240000,1.32560000,1.33210000,1869450.80000000,1775717099999999,2483808.99723000,6628,814614.40000000,1082536.49605000,0
1775717100000000,1.33220000,1.33310000,1.33080000,1.33310000,394280.50000000,1775717999999999,525213.15393000,2257,174804.60000000,232840.50692000,0
1775718000000000,1.33310000,1.33410000,1.33210000,1.33260000,874281.50000000,1775718899999999,1165291.10429000,3214,374660.50000000,499346.30496000,0
1775718900000000,1.33260000,1.33260000,1.33050000,1.33140000,454516.50000000,1775719799999999,605167.05209000,1924,271953.20000000,362069.70010000,0
1775719800000000,1.33130000,1.33400000,1.33130000,1.33260000,656659.50000000,1775720699999999,875231.09375000,2915,294429.80000000,392326.70736000,0
1775720700000000,1.33260000,1.33320000,1.33160000,1.33200000,488067.80000000,1775721599999999,650172.23528000,2237,282422.40000000,376219.85454000,0
1775721600000000,1.33200000,1.33340000,1.33070000,1.33140000,466862.20000000,1775722499999999,621841.61403000,2925,191813.20000000,255499.41610000,0
1775722500000000,1.33130000,1.33260000,1.33060000,1.33200000,485723.10000000,1775723399999999,646755.16401000,2044,187134.30000000,249104.80512000,0
1775723400000000,1.33210000,1.33530000,1.33210000,1.33490000,927649.40000000,1775724299999999,1237299.17730000,4380,458331.90000000,611299.37905000,0
1775724300000000,1.33490000,1.33650000,1.33340000,1.33520000,1591552.50000000,1775725199999999,2125012.86295000,3595,933688.50000000,1246678.75921000,0
1775725200000000,1.33510000,1.33640000,1.33370000,1.33640000,714888.90000000,1775726099999999,954444.08240000,2592,359853.30000000,480448.18644000,0
1775726100000000,1.33640000,1.33820000,1.33470000,1.33530000,843646.90000000,1775726999999999,1127227.27571000,4512,519356.80000000,693903.78931000,0
1775727000000000,1.33520000,1.33600000,1.33440000,1.33500000,854969.30000000,1775727899999999,1141597.97510000,2403,392623.90000000,524239.38464000,0
1775727900000000,1.33490000,1.33900000,1.33460000,1.33810000,911865.30000000,1775728799999999,1219393.18866000,3325,443189.70000000,592589.42397000,0
1775728800000000,1.33810000,1.33850000,1.33530000,1.33560000,882108.90000000,1775729699999999,1179789.94564000,2913,464282.70000000,621059.65103000,0
1775729700000000,1.33560000,1.33640000,1.33510000,1.33630000,1031091.20000000,1775730599999999,1377390.55640000,2580,506486.20000000,676598.74588000,0
1775730600000000,1.33630000,1.33640000,1.33440000,1.33580000,676964.10000000,1775731499999999,903934.18686000,2723,332624.00000000,444108.79043000,0
1775731500000000,1.33580000,1.33620000,1.33290000,1.33290000,1413898.40000000,1775732399999999,1887435.93341000,3605,613115.20000000,818383.77489000,0
1775732400000000,1.33280000,1.33560000,1.33190000,1.33290000,1207232.70000000,1775733299999999,1609730.27405000,4380,700669.50000000,934166.78100000,0
1775733300000000,1.33280000,1.33340000,1.32870000,1.32900000,1676838.40000000,1775734199999999,2232139.19174000,10323,582741.00000000,775557.44600000,0
1775734200000000,1.32890000,1.33020000,1.32830000,1.32840000,1239166.10000000,1775735099999999,1647155.47185000,3605,777710.20000000,1033799.74641000,0
1775735100000000,1.32850000,1.33040000,1.32550000,1.32970000,2946809.30000000,1775735999999999,3913148.92755000,8458,1489900.80000000,1978606.68503000,0
1775736000000000,1.32970000,1.33040000,1.32850000,1.32880000,1189560.10000000,1775736899999999,1581710.84444000,4323,579679.40000000,770789.86030000,0
1775736900000000,1.32880000,1.33090000,1.32620000,1.32910000,1354577.30000000,1775737799999999,1799311.18343000,6043,698150.60000000,927409.27984000,0
1775737800000000,1.32910000,1.33270000,1.32780000,1.33090000,1259799.50000000,1775738699999999,1675700.78789000,6324,550945.40000000,732775.57323000,0
1775738700000000,1.33090000,1.33190000,1.32860000,1.33130000,554736.30000000,1775739599999999,738082.85742000,2937,172434.10000000,229397.25594000,0
1775739600000000,1.33140000,1.33280000,1.33070000,1.33090000,540234.30000000,1775740499999999,719305.44812000,2650,177347.80000000,236135.90739000,0
1775740500000000,1.33090000,1.33160000,1.32990000,1.33100000,383838.20000000,1775741399999999,510821.02252000,2066,221280.90000000,294479.54030000,0
1775741400000000,1.33110000,1.33280000,1.32800000,1.32980000,1273607.00000000,1775742299999999,1694080.68298000,9709,588104.50000000,782170.07262000,0
1775742300000000,1.32990000,1.33120000,1.32640000,1.32950000,1534966.80000000,1775743199999999,2040198.07901000,8477,648061.70000000,861315.67101000,0
1775743200000000,1.32960000,1.33020000,1.32690000,1.32940000,716154.30000000,1775744099999999,951338.24724000,6390,349958.10000000,464845.39611000,0
1775744100000000,1.32930000,1.33060000,1.32180000,1.32420000,1847803.00000000,1775744999999999,2448221.52594000,9132,1017865.80000000,1348376.90309000,0
1775745000000000,1.32410000,1.32700000,1.32210000,1.32690000,1187359.60000000,1775745899999999,1571794.33643000,5569,579270.40000000,766970.53315000,0
1775745900000000,1.32690000,1.33380000,1.32690000,1.33260000,1135703.90000000,1775746799999999,1511782.86998000,8097,663947.30000000,883699.57306000,0
1775746800000000,1.33270000,1.33800000,1.33000000,1.33750000,940636.30000000,1775747699999999,1253944.89381000,6536,462688.40000000,617153.10714000,0
1775747700000000,1.33750000,1.34080000,1.33660000,1.33700000,1585854.60000000,1775748599999999,2122847.19980000,10490,885338.60000000,1185229.14027000,0
1775748600000000,1.33700000,1.35330000,1.33580000,1.35010000,4686434.90000000,1775749499999999,6315296.58760000,27450,2554651.80000000,3442660.82481000,0
1775749500000000,1.35000000,1.35530000,1.34930000,1.35230000,2177156.60000000,1775750399999999,2943513.44899000,13404,1231027.20000000,1664641.29734000,0
1775750400000000,1.35230000,1.35980000,1.35230000,1.35600000,2961912.50000000,1775751299999999,4019127.06567000,13171,1224302.60000000,1661484.71817000,0
1775751300000000,1.35600000,1.35920000,1.35180000,1.35290000,1295462.20000000,1775752199999999,1755814.52218000,7576,489777.70000000,663858.10247000,0
1775752200000000,1.35290000,1.35330000,1.34700000,1.35010000,1303552.90000000,1775753099999999,1759569.72824000,7414,386344.30000000,521484.54084000,0
1775753100000000,1.35010000,1.35240000,1.34620000,1.35240000,1115266.40000000,1775753999999999,1504585.00654000,5522,445519.70000000,601277.23022000,0
1775754000000000,1.35230000,1.35880000,1.35210000,1.35700000,1422375.80000000,1775754899999999,1929668.96663000,9071,621210.70000000,842796.95039000,0
1775754900000000,1.35700000,1.35830000,1.35250000,1.35470000,599928.30000000,1775755799999999,813380.62431000,5760,242957.00000000,329451.52896000,0
1775755800000000,1.35460000,1.36000000,1.35170000,1.35920000,1809653.30000000,1775756699999999,2456489.11145000,8468,921279.10000000,1251084.39164000,0
1775756700000000,1.35920000,1.36030000,1.35690000,1.35850000,670645.60000000,1775757599999999,911223.89957000,4182,264649.80000000,359583.28291000,0
1775757600000000,1.35860000,1.35940000,1.35040000,1.35190000,992746.00000000,1775758499999999,1344196.06458000,8808,381148.70000000,515877.93533000,0
1775758500000000,1.35190000,1.35680000,1.35090000,1.35610000,1633029.90000000,1775759399999999,2208792.01720000,7298,974199.30000000,1317499.99938000,0
1775759400000000,1.35620000,1.35640000,1.35240000,1.35420000,577259.40000000,1775760299999999,781868.26644000,5612,316399.50000000,428530.68048000,0
1775760300000000,1.35410000,1.35640000,1.35290000,1.35530000,366233.00000000,1775761199999999,496217.20320000,4135,186980.50000000,253393.24897000,0
1775761200000000,1.35530000,1.36070000,1.35410000,1.35930000,1063625.00000000,1775762099999999,1445414.21542000,6681,560163.20000000,761132.76049000,0
1775762100000000,1.35940000,1.35970000,1.35200000,1.35250000,408070.50000000,1775762999999999,553101.65143000,5041,167631.20000000,227173.84366000,0
1775763000000000,1.35260000,1.35610000,1.35210000,1.35590000,410795.60000000,1775763899999999,556349.68499000,3999,241534.30000000,327115.68728000,0
1775763900000000,1.35580000,1.35920000,1.35500000,1.35590000,648270.70000000,1775764799999999,879762.16730000,5029,316976.90000000,430184.99814000,0
1775764800000000,1.35580000,1.35800000,1.35340000,1.35690000,794599.70000000,1775765699999999,1077564.54605000,5109,519634.00000000,704705.81777000,0
1775765700000000,1.35700000,1.35910000,1.35610000,1.35820000,597078.90000000,1775766599999999,810751.74018000,3565,275429.20000000,374015.23258000,0
1775766600000000,1.35830000,1.35930000,1.35750000,1.35850000,337517.50000000,1775767499999999,458528.31612000,3036,158979.30000000,215976.23645000,0
1775767500000000,1.35850000,1.35860000,1.35620000,1.35660000,275628.60000000,1775768399999999,374118.36608000,2337,159752.20000000,216848.34062000,0
1775768400000000,1.35670000,1.36130000,1.35290000,1.35530000,959660.20000000,1775769299999999,1301671.45011000,6749,539114.90000000,731314.16549000,0
1775769300000000,1.35540000,1.35610000,1.35190000,1.35200000,450910.30000000,1775770199999999,610422.49701000,3436,193674.00000000,262152.19361000,0
1775770200000000,1.35200000,1.35540000,1.35110000,1.35460000,635479.40000000,1775771099999999,859637.34399000,5377,296649.70000000,401332.44308000,0
1775771100000000,1.35470000,1.35630000,1.35250000,1.35340000,394238.00000000,1775771999999999,533789.85183000,3528,238377.30000000,322743.66427000,0
1775772000000000,1.35350000,1.35820000,1.35280000,1.35810000,519121.40000000,1775772899999999,703873.66305000,4393,284337.90000000,385549.10664000,0
1775772900000000,1.35820000,1.36960000,1.35820000,1.36150000,3118676.50000000,1775773799999999,4254735.97880000,16514,1767176.30000000,2411009.87362000,0
1775773800000000,1.36140000,1.36190000,1.35740000,1.35740000,1651954.00000000,1775774699999999,2246180.96234000,7452,889610.30000000,1209685.78506000,0
1775774700000000,1.35730000,1.35890000,1.35170000,1.35250000,1591358.90000000,1775775599999999,2154939.23471000,7920,711286.20000000,962879.21926000,0
1775775600000000,1.35250000,1.35340000,1.34430000,1.34690000,1304158.60000000,1775776499999999,1760172.70594000,7394,634648.30000000,856788.34759000,0
1775776500000000,1.34700000,1.34890000,1.34430000,1.34650000,654187.90000000,1775777399999999,881159.48760000,6063,264710.00000000,356704.42937000,0
1775777400000000,1.34650000,1.34650000,1.34180000,1.34410000,824497.80000000,1775778299999999,1107664.93615000,5917,258470.10000000,347267.18630000,0
1775778300000000,1.34400000,1.34490000,1.34240000,1.34380000,432778.30000000,1775779199999999,581578.82726000,3724,216000.50000000,290276.16413000,0
1775779200000000,1.34380000,1.34620000,1.34260000,1.34470000,626103.00000000,1775780099999999,841430.97606000,6074,363867.30000000,488988.30617000,0
1775780100000000,1.34460000,1.34540000,1.34070000,1.34490000,877191.50000000,1775780999999999,1178105.45126000,6330,462052.90000000,620625.94234000,0
1775781000000000,1.34480000,1.34780000,1.34330000,1.34490000,551197.40000000,1775781899999999,741618.86009000,5537,266643.80000000,358809.67976000,0
1775781900000000,1.34500000,1.34610000,1.34350000,1.34510000,423365.10000000,1775782799999999,569375.25980000,3442,212796.30000000,286181.23681000,0
1775782800000000,1.34510000,1.34760000,1.34250000,1.34630000,1616107.00000000,1775783699999999,2173994.66464000,5945,998430.00000000,1343248.42953000,0
1775783700000000,1.34620000,1.34790000,1.34030000,1.34320000,753898.60000000,1775784599999999,1013692.77624000,6246,308506.70000000,414720.36072000,0
1775784600000000,1.34320000,1.35050000,1.34210000,1.34690000,1161788.20000000,1775785499999999,1564987.73607000,7818,778406.20000000,1048095.68208000,0
1775785500000000,1.34690000,1.34750000,1.34340000,1.34350000,846209.70000000,1775786399999999,1138611.04515000,4660,309756.20000000,416858.13617000,0
1775786400000000,1.34350000,1.34680000,1.34280000,1.34550000,409396.60000000,1775787299999999,550414.90404000,3941,168436.00000000,226474.66100000,0
1775787300000000,1.34550000,1.34710000,1.34490000,1.34590000,339543.20000000,1775788199999999,457012.98760000,2607,143020.00000000,192490.82443000,0
1775788200000000,1.34600000,1.34650000,1.34500000,1.34560000,242314.60000000,1775789099999999,326067.60894000,1828,132764.20000000,178662.25972000,0
1775789100000000,1.34560000,1.34560000,1.34170000,1.34330000,387170.70000000,1775789999999999,519944.81071000,3163,137989.90000000,185336.97826000,0
1775790000000000,1.34330000,1.34570000,1.34270000,1.34270000,1063449.10000000,1775790899999999,1429377.70947000,3508,562245.10000000,755723.25787000,0
1775790900000000,1.34270000,1.34410000,1.34080000,1.34080000,533784.80000000,1775791799999999,716535.16888000,2843,259701.20000000,348531.58883000,0
1775791800000000,1.34080000,1.34510000,1.34080000,1.34490000,291924.60000000,1775792699999999,392277.39281000,2269,181347.60000000,243731.70515000,0
1775792700000000,1.34490000,1.34590000,1.34110000,1.34120000,544717.00000000,1775793599999999,731853.74804000,2633,149045.10000000,200194.83603000,0
1775793600000000,1.34120000,1.34290000,1.34120000,1.34270000,176253.20000000,1775794499999999,236524.54572000,1828,71518.50000000,95983.92880000,0
1775794500000000,1.34260000,1.34530000,1.34260000,1.34360000,224928.70000000,1775795399999999,302292.73764000,2503,97418.50000000,130922.04798000,0
1775795400000000,1.34360000,1.34540000,1.34300000,1.34400000,231622.70000000,1775796299999999,311496.63447000,1363,111182.00000000,149529.19201000,0
1775796300000000,1.34400000,1.34880000,1.34380000,1.34630000,764072.20000000,1775797199999999,1028539.93317000,3853,413509.50000000,556687.01603000,0
1775797200000000,1.34630000,1.34750000,1.34480000,1.34560000,327675.00000000,1775798099999999,440995.78752000,2922,151361.10000000,203667.77035000,0
1775798100000000,1.34560000,1.34870000,1.34470000,1.34800000,514064.10000000,1775798999999999,692441.79521000,3154,229408.00000000,308977.77168000,0
1775799000000000,1.34790000,1.34810000,1.34340000,1.34360000,385525.50000000,1775799899999999,518473.96280000,2908,212976.70000000,286408.39027000,0
1775799900000000,1.34360000,1.34550000,1.34270000,1.34360000,741920.20000000,1775800799999999,996961.36234000,2652,389985.50000000,523995.38381000,0
1775800800000000,1.34370000,1.34680000,1.34360000,1.34650000,545789.80000000,1775801699999999,734444.31809000,2768,144599.60000000,194522.79219000,0
1775801700000000,1.34660000,1.34660000,1.34410000,1.34460000,194768.70000000,1775802599999999,261981.01942000,1593,107500.30000000,144594.81700000,0
1775802600000000,1.34470000,1.34530000,1.34140000,1.34160000,993353.10000000,1775803499999999,1334453.25550000,4017,562308.50000000,755337.67386000,0
1775803500000000,1.34160000,1.34230000,1.33930000,1.34220000,1361278.60000000,1775804399999999,1825295.41545000,3987,499369.70000000,669659.97322000,0
1775804400000000,1.34220000,1.34310000,1.33920000,1.33930000,524433.60000000,1775805299999999,703403.95468000,2527,277408.90000000,372094.92760000,0
1775805300000000,1.33920000,1.34020000,1.33890000,1.33980000,437149.00000000,1775806199999999,585629.65756000,2233,238764.10000000,319853.10956000,0
1775806200000000,1.33990000,1.34080000,1.33840000,1.33860000,486073.10000000,1775807099999999,651073.08633000,2361,197964.00000000,265199.77155000,0
1775807100000000,1.33860000,1.33920000,1.33560000,1.33700000,1509484.50000000,1775807999999999,2018533.86753000,4393,757825.90000000,1013341.52271000,0
1775808000000000,1.33700000,1.33900000,1.33480000,1.33660000,1130692.70000000,1775808899999999,1511706.74597000,3583,632708.60000000,845868.80801000,0
1775808900000000,1.33660000,1.33920000,1.33620000,1.33890000,582146.50000000,1775809799999999,778912.35824000,1897,318109.10000000,425620.44737000,0
1775809800000000,1.33900000,1.34670000,1.33890000,1.34270000,1760315.20000000,1775810699999999,2365117.69779000,5318,964646.90000000,1295989.49532000,0
1775810700000000,1.34270000,1.34280000,1.33770000,1.33950000,873336.10000000,1775811599999999,1169988.32661000,3391,493713.50000000,661386.57092000,0
1775811600000000,1.33940000,1.34080000,1.33910000,1.34040000,474889.20000000,1775812499999999,636358.81285000,1811,219334.80000000,293873.53599000,0
1775812500000000,1.34040000,1.34300000,1.33950000,1.34010000,1243436.30000000,1775813399999999,1667489.71545000,4978,500019.90000000,670533.97311000,0
1775813400000000,1.34010000,1.34050000,1.33860000,1.33930000,2678617.70000000,1775814299999999,3588318.17398000,3917,1318165.80000000,1765738.55231000,0
1775814300000000,1.33930000,1.34100000,1.33590000,1.33870000,2769628.80000000,1775815199999999,3708051.80794000,5477,1102404.70000000,1475367.28513000,0
1775815200000000,1.33880000,1.33880000,1.33590000,1.33720000,704716.20000000,1775816099999999,942506.54669000,2347,282577.10000000,377885.17453000,0
1775816100000000,1.33720000,1.33840000,1.33660000,1.33770000,1131329.00000000,1775816999999999,1512968.94000000,2209,613114.40000000,819906.13686000,0
1775817000000000,1.33760000,1.33950000,1.33750000,1.33890000,654237.50000000,1775817899999999,875728.03599000,2358,345002.70000000,461745.52580000,0
1775817900000000,1.33880000,1.34080000,1.33610000,1.33740000,3821466.60000000,1775818799999999,5115561.48811000,6591,2212103.40000000,2962501.38172000,0
1775818800000000,1.33740000,1.34150000,1.33700000,1.34100000,1023679.30000000,1775819699999999,1371035.65510000,4011,453968.80000000,607825.04130000,0
1775819700000000,1.34090000,1.34200000,1.33990000,1.34170000,543552.20000000,1775820599999999,728851.23389000,2596,225641.30000000,302562.06942000,0
1775820600000000,1.34170000,1.34340000,1.34090000,1.34180000,662492.50000000,1775821499999999,889314.18844000,2764,281922.10000000,378451.07484000,0
1775821500000000,1.34180000,1.34380000,1.34050000,1.34150000,635907.90000000,1775822399999999,853665.12827000,2668,268013.50000000,359705.15949000,0
1775822400000000,1.34150000,1.34500000,1.34080000,1.34240000,1486944.90000000,1775823299999999,1996260.81879000,3811,827482.00000000,1110980.59986000,0
1775823300000000,1.34240000,1.34530000,1.33970000,1.34350000,1439702.30000000,1775824199999999,1932039.50019000,4987,502208.40000000,673915.69272000,0
1775824200000000,1.34350000,1.34730000,1.34080000,1.34560000,2361694.20000000,1775825099999999,3176980.23710000,12693,1251419.40000000,1683433.64711000,0
1775825100000000,1.34560000,1.34590000,1.34240000,1.34310000,793295.30000000,1775825999999999,1066465.08802000,3386,212608.70000000,285795.95682000,0
1775826000000000,1.34310000,1.34390000,1.34200000,1.34300000,360434.80000000,1775826899999999,484040.47856000,2742,150744.80000000,202443.29163000,0
1775826900000000,1.34290000,1.34500000,1.34190000,1.34390000,383582.20000000,1775827799999999,515462.37933000,2785,160190.40000000,215266.39462000,0
1775827800000000,1.34400000,1.34540000,1.33790000,1.34130000,1344834.10000000,1775828699999999,1803160.99712000,9141,437228.10000000,586255.09069000,0
1775828700000000,1.34130000,1.34520000,1.34090000,1.34450000,528359.50000000,1775829599999999,709931.04326000,5214,325700.80000000,437666.37029000,0
1775829600000000,1.34450000,1.34850000,1.34310000,1.34740000,864103.20000000,1775830499999999,1162855.22028000,8022,511593.90000000,688653.07272000,0
1775830500000000,1.34740000,1.35520000,1.34740000,1.35290000,2029110.20000000,1775831399999999,2742435.89850000,12223,1303648.20000000,1761969.56161000,0
1775831400000000,1.35300000,1.35650000,1.35060000,1.35350000,2125276.40000000,1775832299999999,2878423.72879000,11759,1026571.20000000,1390649.46263000,0
1775832300000000,1.35340000,1.35810000,1.35210000,1.35800000,1075228.70000000,1775833199999999,1457040.12302000,6906,637921.50000000,864727.53144000,0
1775833200000000,1.35790000,1.36000000,1.35610000,1.35830000,1278369.40000000,1775834099999999,1736936.31751000,6677,694748.50000000,944017.50802000,0
1775834100000000,1.35830000,1.36200000,1.35400000,1.35430000,1471435.20000000,1775834999999999,1999217.67494000,8877,859470.30000000,1168431.54655000,0
1775835000000000,1.35420000,1.35550000,1.35120000,1.35330000,1351248.40000000,1775835899999999,1828752.18687000,6769,529113.00000000,716031.75847000,0
1775835900000000,1.35330000,1.35340000,1.34610000,1.34780000,1321609.20000000,1775836799999999,1783571.92145000,6714,495373.50000000,668271.83853000,0
1775836800000000,1.34790000,1.35210000,1.34760000,1.35150000,544691.00000000,1775837699999999,735125.97212000,4752,265966.40000000,358964.78746000,0
1775837700000000,1.35150000,1.35400000,1.34980000,1.35170000,757097.30000000,1775838599999999,1023518.91480000,5537,318142.70000000,430148.20928000,0
1775838600000000,1.35160000,1.35220000,1.34770000,1.34790000,1160226.30000000,1775839499999999,1566420.37881000,4669,220381.00000000,297596.17261000,0
1775839500000000,1.34800000,1.35260000,1.34750000,1.35150000,773875.70000000,1775840399999999,1045554.06446000,4553,526036.70000000,710713.76245000,0
1775840400000000,1.35150000,1.35290000,1.35000000,1.35190000,339385.00000000,1775841299999999,458627.57641000,2917,95087.30000000,128504.49337000,0
1775841300000000,1.35190000,1.35310000,1.35110000,1.35220000,341340.90000000,1775842199999999,461622.22335000,2931,125600.80000000,169844.28194000,0
1775842200000000,1.35210000,1.35270000,1.34870000,1.35190000,258829.00000000,1775843099999999,349687.76971000,3237,103051.30000000,139224.15271000,0
1775843100000000,1.35190000,1.35600000,1.35170000,1.35530000,331839.30000000,1775843999999999,449451.04685000,4285,168032.70000000,227519.02341000,0
1775844000000000,1.35540000,1.35640000,1.35300000,1.35470000,686694.50000000,1775844899999999,930208.41836000,4200,268966.10000000,364414.17939000,0
1775844900000000,1.35480000,1.35690000,1.35320000,1.35690000,481151.90000000,1775845799999999,652114.98436000,4590,267223.00000000,362158.68355000,0
1775845800000000,1.35690000,1.35820000,1.35550000,1.35630000,566882.20000000,1775846699999999,769266.73179000,3545,227851.30000000,309180.22350000,0
1775846700000000,1.35630000,1.36000000,1.35610000,1.35970000,523864.70000000,1775847599999999,711782.24895000,3064,338897.40000000,460442.53884000,0
1775847600000000,1.35970000,1.36270000,1.35950000,1.36200000,794706.70000000,1775848499999999,1081636.44714000,4826,458692.60000000,624326.63060000,0
1775848500000000,1.36200000,1.36220000,1.35820000,1.36210000,874198.90000000,1775849399999999,1189233.24963000,3995,327920.30000000,445958.67234000,0
1775849400000000,1.36210000,1.36220000,1.35960000,1.36080000,864362.90000000,1775850299999999,1176500.92607000,3394,323383.50000000,440193.95414000,0
1775850300000000,1.36090000,1.36330000,1.35990000,1.36310000,923733.00000000,1775851199999999,1257753.89819000,4497,388237.60000000,528700.19497000,0
1775851200000000,1.36300000,1.36430000,1.36030000,1.36400000,1408529.20000000,1775852099999999,1919026.28698000,5662,436294.40000000,594653.86251000,0
1775852100000000,1.36390000,1.36580000,1.36230000,1.36310000,776659.60000000,1775852999999999,1059417.90177000,4414,355895.60000000,485504.26334000,0
1775853000000000,1.36320000,1.36600000,1.35970000,1.36160000,1084169.50000000,1775853899999999,1477194.59432000,5320,493900.20000000,672643.57643000,0
1775853900000000,1.36160000,1.36530000,1.36000000,1.36420000,530856.20000000,1775854799999999,723637.59981000,3905,218618.00000000,298070.89803000,0
1775854800000000,1.36410000,1.36420000,1.35880000,1.35980000,721306.70000000,1775855699999999,982084.19745000,3450,167129.30000000,227516.39061000,0
1775855700000000,1.35970000,1.36040000,1.35880000,1.35950000,411343.50000000,1775856599999999,559229.18431000,2300,212179.60000000,288475.27353000,0
1775856600000000,1.35950000,1.36000000,1.35750000,1.35860000,616134.50000000,1775857499999999,837183.71482000,4419,208043.30000000,282676.23240000,0
1775857500000000,1.35870000,1.36060000,1.35830000,1.36040000,281464.60000000,1775858399999999,382711.39314000,2845,164468.30000000,223627.56957000,0
1775858400000000,1.36050000,1.36120000,1.35930000,1.35950000,244701.30000000,1775859299999999,332855.83810000,3333,90490.40000000,123092.38673000,0
1775859300000000,1.35950000,1.35990000,1.35740000,1.35770000,478726.30000000,1775860199999999,650275.02559000,2244,183628.30000000,249416.66106000,0
1775860200000000,1.35770000,1.35790000,1.35470000,1.35660000,533174.10000000,1775861099999999,723197.38552000,2932,111818.00000000,151628.72509000,0
1775861100000000,1.35670000,1.35670000,1.35580000,1.35630000,266571.00000000,1775861999999999,361553.48094000,1275,93313.20000000,126564.96815000,0
1775862000000000,1.35630000,1.35640000,1.35430000,1.35510000,305153.50000000,1775862899999999,413557.18944000,1642,173065.70000000,234535.61012000,0
1775862900000000,1.35510000,1.35690000,1.35460000,1.35620000,313436.30000000,1775863799999999,425016.19964000,1615,132291.20000000,179353.09853000,0
1775863800000000,1.35620000,1.35640000,1.35510000,1.35580000,350997.00000000,1775864699999999,475882.23297000,1626,191091.90000000,259091.33361000,0
1775864700000000,1.35580000,1.35670000,1.35550000,1.35590000,247669.30000000,1775865599999999,335848.30870000,1150,142198.70000000,192822.83835000,0
1775865600000000,1.35590000,1.35650000,1.35430000,1.35510000,377037.10000000,1775866499999999,510950.91387000,2033,92755.60000000,125706.73711000,0
1775866500000000,1.35520000,1.35560000,1.35380000,1.35510000,304938.60000000,1775867399999999,413206.59523000,1987,135786.70000000,183991.14182000,0
1775867400000000,1.35500000,1.35500000,1.35320000,1.35390000,541965.40000000,1775868299999999,733954.40117000,2456,172768.20000000,233948.64125000,0
1775868300000000,1.35390000,1.35490000,1.35320000,1.35410000,358436.10000000,1775869199999999,485411.81311000,1403,119209.30000000,161438.50636000,0
1775869200000000,1.35410000,1.35410000,1.35190000,1.35240000,380152.70000000,1775870099999999,514332.71413000,1866,134740.20000000,182289.08286000,0
1775870100000000,1.35250000,1.35250000,1.34880000,1.35080000,2881886.10000000,1775870999999999,3891411.42134000,4170,843629.10000000,1138717.35864000,0
1775871000000000,1.35080000,1.35290000,1.35070000,1.35180000,431843.10000000,1775871899999999,583781.77647000,1891,208726.40000000,282119.90077000,0
1775871900000000,1.35180000,1.35340000,1.35180000,1.35320000,250314.30000000,1775872799999999,338647.47141000,1270,125181.80000000,169358.71633000,0
1775872800000000,1.35320000,1.35490000,1.35270000,1.35400000,426548.80000000,1775873699999999,577380.67237000,1750,215980.10000000,292336.61733000,0
1775873700000000,1.35410000,1.35600000,1.35400000,1.35580000,315372.70000000,1775874599999999,427467.31797000,1675,184515.70000000,250104.66348000,0
1775874600000000,1.35580000,1.35700000,1.35460000,1.35480000,608365.50000000,1775875499999999,825036.29418000,2329,298359.20000000,404664.61666000,0
1775875500000000,1.35480000,1.35500000,1.35320000,1.35500000,253254.20000000,1775876399999999,342946.76998000,1526,98314.10000000,133112.02074000,0
1775876400000000,1.35490000,1.35690000,1.35490000,1.35680000,182016.40000000,1775877299999999,246781.10684000,2042,118374.30000000,160503.00830000,0
1775877300000000,1.35670000,1.35700000,1.35650000,1.35650000,149105.40000000,1775878199999999,202300.09857000,1119,44277.10000000,60075.46147000,0
1775878200000000,1.35640000,1.35670000,1.35300000,1.35440000,720218.60000000,1775879099999999,975472.58510000,2239,109825.60000000,148813.48476000,0
1775879100000000,1.35440000,1.35450000,1.35020000,1.35060000,385708.70000000,1775879999999999,521554.97333000,2254,85763.40000000,115959.39105000,0
1775880000000000,1.35060000,1.35200000,1.34940000,1.35050000,624452.00000000,1775880899999999,843400.14842000,3196,211294.10000000,285410.07261000,0
1775880900000000,1.35060000,1.35060000,1.34810000,1.34840000,652642.20000000,1775881799999999,880559.34172000,2674,222963.90000000,300778.86758000,0
1775881800000000,1.34840000,1.35050000,1.34840000,1.34980000,211472.50000000,1775882699999999,285370.75638000,2110,106650.70000000,143904.98108000,0
1775882700000000,1.34980000,1.35120000,1.34960000,1.35090000,167068.30000000,1775883599999999,225615.85967000,1059,96496.70000000,130301.10081000,0
1775883600000000,1.35090000,1.35140000,1.34720000,1.34730000,478846.50000000,1775884499999999,645916.18610000,2474,118761.30000000,160255.60136000,0
1775884500000000,1.34720000,1.34960000,1.34610000,1.34950000,450913.80000000,1775885399999999,607722.92293000,2453,207148.10000000,279200.95593000,0
1775885400000000,1.34950000,1.35070000,1.34930000,1.34930000,172493.70000000,1775886299999999,232876.01381000,1254,40452.70000000,54611.70704000,0
1775886300000000,1.34930000,1.34930000,1.34750000,1.34760000,139998.10000000,1775887199999999,188784.91437000,1541,55979.30000000,75492.14046000,0
1775887200000000,1.34760000,1.34760000,1.34410000,1.34480000,609540.50000000,1775888099999999,820047.46914000,3105,242206.20000000,325832.62225000,0
1775888100000000,1.34480000,1.34560000,1.34400000,1.34520000,216385.60000000,1775888999999999,290977.77268000,1575,141416.50000000,190146.07860000,0
1775889000000000,1.34510000,1.34660000,1.34500000,1.34630000,270850.50000000,1775889899999999,364533.10514000,1450,142348.20000000,191579.34610000,0
1775889900000000,1.34620000,1.34670000,1.34580000,1.34640000,115584.00000000,1775890799999999,155598.69466000,1198,59450.10000000,80033.60774000,0
1775890800000000,1.34640000,1.34720000,1.34570000,1.34690000,218145.00000000,1775891699999999,293720.70580000,1878,107439.90000000,144657.12046000,0
1775891700000000,1.34690000,1.34800000,1.34690000,1.34720000,193329.70000000,1775892599999999,260475.93164000,1623,117246.40000000,157971.55259000,0
1775892600000000,1.34710000,1.34800000,1.34660000,1.34670000,329033.10000000,1775893499999999,443320.21432000,1559,152790.40000000,205848.17410000,0
1775893500000000,1.34670000,1.34670000,1.34590000,1.34640000,171338.50000000,1775894399999999,230691.13924000,1039,61969.20000000,83432.45124000,0
1775894400000000,1.34650000,1.34790000,1.34590000,1.34770000,400790.10000000,1775895299999999,539816.69904000,1594,253326.80000000,341184.69814000,0
1775895300000000,1.34770000,1.34860000,1.34700000,1.34750000,209499.10000000,1775896199999999,282405.46106000,1895,105373.30000000,142047.93373000,0
1775896200000000,1.34750000,1.34810000,1.34650000,1.34730000,220054.60000000,1775897099999999,296509.24883000,1451,111097.10000000,149686.42725000,0
1775897100000000,1.34730000,1.34730000,1.34490000,1.34550000,449673.40000000,1775897999999999,605115.39091000,1810,127330.50000000,171334.94756000,0
1775898000000000,1.34550000,1.34560000,1.34470000,1.34540000,251340.40000000,1775898899999999,338089.58628000,1526,130623.60000000,175717.70336000,0
1775898900000000,1.34540000,1.34900000,1.34540000,1.34720000,458495.10000000,1775899799999999,617855.68819000,4007,265808.10000000,358168.21912000,0
1775899800000000,1.34730000,1.34740000,1.34220000,1.34600000,1401172.70000000,1775900699999999,1883561.54101000,5333,599690.40000000,806139.64366000,0
1775900700000000,1.34600000,1.34820000,1.34600000,1.34790000,254810.20000000,1775901599999999,343247.06100000,2246,139543.10000000,187955.39152000,0
1775901600000000,1.34790000,1.34810000,1.34570000,1.34660000,162840.10000000,1775902499999999,219379.92911000,2295,86569.80000000,116622.01484000,0
1775902500000000,1.34670000,1.34780000,1.34580000,1.34740000,369893.00000000,1775903399999999,498287.07978000,1914,244452.70000000,329274.07022000,0
1775903400000000,1.34750000,1.34760000,1.34610000,1.34690000,227332.00000000,1775904299999999,306209.97859000,1495,122540.10000000,165064.42911000,0
1775904300000000,1.34680000,1.34760000,1.34630000,1.34720000,178761.50000000,1775905199999999,240796.69675000,1717,60507.10000000,81509.97794000,0
1775905200000000,1.34710000,1.34810000,1.34630000,1.34770000,156738.90000000,1775906099999999,211190.09211000,1902,87659.40000000,118113.29395000,0
1775906100000000,1.34770000,1.34990000,1.34460000,1.34460000,1352644.80000000,1775906999999999,1823145.95865000,4686,677400.70000000,913287.90539000,0
1775907000000000,1.34460000,1.34570000,1.34410000,1.34530000,380749.10000000,1775907899999999,512056.90008000,1959,277191.80000000,372779.99658000,0
1775907900000000,1.34530000,1.34610000,1.34500000,1.34570000,333086.40000000,1775908799999999,448189.10862000,1557,270226.80000000,363604.13143000,0
1775908800000000,1.34560000,1.34600000,1.34420000,1.34470000,279646.60000000,1775909699999999,376125.73014000,1847,171750.50000000,231008.04137000,0
1775909700000000,1.34480000,1.34520000,1.34310000,1.34330000,245687.10000000,1775910599999999,330252.98119000,1758,160213.90000000,215356.37248000,0
1775910600000000,1.34330000,1.34650000,1.34250000,1.34570000,1279261.90000000,1775911499999999,1719244.45194000,3696,662530.60000000,890403.96983000,0
1775911500000000,1.34560000,1.34640000,1.34430000,1.34460000,252901.90000000,1775912399999999,340189.66140000,1570,110580.00000000,148732.60525000,0
1775912400000000,1.34450000,1.34450000,1.34050000,1.34170000,901083.60000000,1775913299999999,1209625.55683000,5478,379630.30000000,509581.19469000,0
1775913300000000,1.34170000,1.34410000,1.34130000,1.34160000,419857.90000000,1775914199999999,563584.80868000,3217,219795.30000000,295025.06624000,0
1775914200000000,1.34160000,1.34430000,1.34000000,1.34370000,498762.80000000,1775915099999999,668948.43622000,2741,188173.80000000,252454.39057000,0
1775915100000000,1.34370000,1.34500000,1.34350000,1.34490000,176346.20000000,1775915999999999,237042.71350000,1542,101980.70000000,137083.79589000,0
1775916000000000,1.34500000,1.34650000,1.34450000,1.34650000,225384.50000000,1775916899999999,303234.62784000,2040,150689.60000000,202748.08698000,0
1775916900000000,1.34660000,1.34900000,1.34430000,1.34430000,2010584.10000000,1775917799999999,2707079.93788000,4946,1047966.10000000,1411373.08306000,0
1775917800000000,1.34430000,1.34440000,1.34170000,1.34200000,448331.70000000,1775918699999999,601909.25437000,2301,299985.60000000,402728.18665000,0
1775918700000000,1.34190000,1.34290000,1.34190000,1.34240000,292576.10000000,1775919599999999,392758.63286000,1541,167896.60000000,225379.65747000,0
1775919600000000,1.34240000,1.34310000,1.34240000,1.34270000,254043.70000000,1775920499999999,341107.23349000,1239,173940.40000000,233547.95219000,0
1775920500000000,1.34280000,1.34610000,1.33940000,1.34330000,2703125.80000000,1775921399999999,3627035.98045000,7857,863299.10000000,1158088.01883000,0
1775921400000000,1.34340000,1.34600000,1.34320000,1.34530000,668070.40000000,1775922299999999,898366.34064000,3079,341770.40000000,459531.92848000,0
1775922300000000,1.34520000,1.34670000,1.34520000,1.34600000,349072.00000000,1775923199999999,469803.95397000,2125,158699.40000000,213570.90639000,0
1775923200000000,1.34610000,1.34860000,1.34560000,1.34860000,264272.40000000,1775924099999999,355966.79776000,1897,108522.80000000,146190.74404000,0
1775924100000000,1.34850000,1.34980000,1.34790000,1.34860000,256688.20000000,1775924999999999,346223.54964000,2012,108298.10000000,146061.59984000,0
1775925000000000,1.34870000,1.35840000,1.34810000,1.35600000,1042646.00000000,1775925899999999,1411350.01004000,7711,582269.40000000,788497.69879000,0
1775925900000000,1.35610000,1.35690000,1.35380000,1.35480000,830291.90000000,1775926799999999,1125205.72431000,5252,445496.60000000,603784.52454000,0
1775926800000000,1.35470000,1.35520000,1.35190000,1.35190000,491832.20000000,1775927699999999,665899.78814000,3639,227601.10000000,308156.44677000,0
1775927700000000,1.35190000,1.35390000,1.35110000,1.35260000,370926.20000000,1775928599999999,501594.96833000,3125,226839.60000000,306744.24826000,0
1775928600000000,1.35260000,1.35640000,1.35260000,1.35460000,740356.80000000,1775929499999999,1003061.75959000,3158,465208.20000000,630272.16220000,0
1775929500000000,1.35460000,1.35490000,1.35300000,1.35310000,231299.70000000,1775930399999999,313152.00198000,1608,126921.90000000,171849.74069000,0
1775930400000000,1.35320000,1.35340000,1.35150000,1.35260000,132836.70000000,1775931299999999,179648.49296000,1590,55545.00000000,75101.75065000,0
1775931300000000,1.35260000,1.35590000,1.35260000,1.35530000,309695.20000000,1775932199999999,419445.72135000,2330,132052.80000000,178814.22535000,0
1775932200000000,1.35530000,1.36700000,1.35520000,1.36400000,3381553.90000000,1775933099999999,4608176.26476000,18316,2075407.60000000,2827572.88666000,0
1775933100000000,1.36400000,1.36710000,1.36270000,1.36420000,775370.90000000,1775933999999999,1058024.90257000,5779,307218.50000000,419223.68332000,0
1775934000000000,1.36420000,1.36900000,1.36260000,1.36770000,1548029.40000000,1775934899999999,2114672.66388000,9535,879705.00000000,1201597.99991000,0
1775934900000000,1.36770000,1.37010000,1.36540000,1.36940000,1577603.10000000,1775935799999999,2158429.66385000,6486,821451.80000000,1124303.93778000,0
1775935800000000,1.36950000,1.37520000,1.36950000,1.37190000,1464242.80000000,1775936699999999,2009737.49097000,8150,737578.20000000,1012302.82960000,0
1775936700000000,1.37200000,1.37200000,1.36900000,1.37120000,644205.10000000,1775937599999999,882703.33046000,3561,287500.10000000,393876.07845000,0
1775937600000000,1.37120000,1.37280000,1.36810000,1.36930000,1315813.70000000,1775938499999999,1802852.12790000,5761,406620.20000000,557417.81637000,0
1775938500000000,1.36920000,1.36990000,1.36410000,1.36450000,1624834.70000000,1775939399999999,2220586.02454000,6556,1112736.50000000,1520445.35446000,0
1775939400000000,1.36440000,1.36450000,1.35810000,1.36080000,1265980.70000000,1775940299999999,1722467.81610000,7876,368600.10000000,501431.93908000,0
1775940300000000,1.36080000,1.36400000,1.36000000,1.36160000,252683.60000000,1775941199999999,344266.00985000,3739,142166.10000000,193700.74853000,0
1775941200000000,1.36150000,1.36350000,1.35960000,1.36290000,898926.50000000,1775942099999999,1224203.26308000,4201,560152.40000000,762798.40460000,0
1775942100000000,1.36290000,1.36380000,1.36050000,1.36120000,410096.30000000,1775942999999999,558739.36183000,3472,114437.70000000,155909.66304000,0
1775943000000000,1.36120000,1.36620000,1.36030000,1.36380000,445518.80000000,1775943899999999,607480.19856000,4508,182006.10000000,248151.73353000,0
1775943900000000,1.36370000,1.36540000,1.36210000,1.36230000,371983.50000000,1775944799999999,507492.74579000,4283,159960.10000000,218255.13457000,0
1775944800000000,1.36220000,1.36720000,1.36160000,1.36660000,689766.50000000,1775945699999999,941599.06682000,4951,398998.10000000,544738.65847000,0
1775945700000000,1.36670000,1.36990000,1.36440000,1.36510000,1098847.70000000,1775946599999999,1502482.85381000,4486,618487.00000000,845796.28393000,0
1775946600000000,1.36510000,1.36530000,1.36000000,1.36220000,647738.80000000,1775947499999999,882516.91320000,4586,250468.30000000,341280.89816000,0
1775947500000000,1.36230000,1.36260000,1.36050000,1.36170000,441369.70000000,1775948399999999,600995.54880000,2278,131302.90000000,178749.24889000,0
1775948400000000,1.36160000,1.36160000,1.35130000,1.35400000,1400873.50000000,1775949299999999,1897766.47004000,7416,405083.90000000,548526.85087000,0
1775949300000000,1.35410000,1.35650000,1.35390000,1.35530000,376480.40000000,1775950199999999,510286.66988000,2467,160434.30000000,217436.98688000,0
1775950200000000,1.35520000,1.35740000,1.35470000,1.35550000,210755.40000000,1775951099999999,285818.84414000,2177,94246.50000000,127787.11015000,0
1775951100000000,1.35540000,1.35620000,1.35430000,1.35460000,179960.60000000,1775951999999999,243879.15201000,1763,84000.10000000,113840.00822000,0
1775952000000000,1.35470000,1.35480000,1.35200000,1.35270000,583615.00000000,1775952899999999,789991.62776000,4179,285575.60000000,386567.21330000,0
1775952900000000,1.35260000,1.35330000,1.35160000,1.35240000,237095.20000000,1775953799999999,320657.30740000,2700,139380.10000000,188503.41454000,0
1775953800000000,1.35240000,1.35400000,1.35140000,1.35310000,178157.40000000,1775954699999999,241015.99378000,2253,93866.20000000,126990.38167000,0
1775954700000000,1.35310000,1.35370000,1.35280000,1.35370000,203293.50000000,1775955599999999,275084.42825000,1518,109203.50000000,147765.70086000,0
1775955600000000,1.35360000,1.35590000,1.35270000,1.35550000,468559.10000000,1775956499999999,634692.20917000,3155,215633.40000000,292095.34436000,0
1775956500000000,1.35540000,1.35560000,1.35440000,1.35500000,184815.80000000,1775957399999999,250416.30317000,1403,88600.90000000,120041.61757000,0
1775957400000000,1.35500000,1.35520000,1.33190000,1.33360000,6763296.60000000,1775958299999999,9054608.80980000,29247,2589746.20000000,3466295.53276000,0
1775958300000000,1.33350000,1.33350000,1.32600000,1.32960000,5355544.30000000,1775959199999999,7121824.43960000,28084,2398028.40000000,3188893.00279000,0
1775959200000000,1.32960000,1.33450000,1.32540000,1.33410000,1858700.60000000,1775960099999999,2472650.47356000,14317,1087762.20000000,1447280.91999000,0
1775960100000000,1.33410000,1.33760000,1.33270000,1.33440000,1381467.30000000,1775960999999999,1844185.86961000,9321,484595.60000000,646876.49630000,0
1775961000000000,1.33430000,1.33780000,1.33410000,1.33570000,712579.20000000,1775961899999999,952084.16743000,4088,330964.10000000,442197.28799000,0
1775961900000000,1.33580000,1.33620000,1.33350000,1.33450000,470151.00000000,1775962799999999,627522.72595000,3261,266345.00000000,355514.58481000,0
1775962800000000,1.33440000,1.33640000,1.33270000,1.33460000,658732.10000000,1775963699999999,879161.81252000,4456,270679.00000000,361269.87272000,0
1775963700000000,1.33460000,1.33580000,1.33170000,1.33220000,924777.50000000,1775964599999999,1232613.69612000,3227,537632.70000000,716434.39069000,0
1775964600000000,1.33210000,1.33290000,1.33000000,1.33210000,877974.50000000,1775965499999999,1168831.44647000,4671,555980.20000000,740135.81470000,0
1775965500000000,1.33220000,1.33230000,1.33000000,1.33020000,529881.80000000,1775966399999999,705328.02067000,3123,202713.90000000,269849.50879000,0
1775966400000000,1.33020000,1.33080000,1.32830000,1.32920000,599299.70000000,1775967299999999,796807.84639000,3019,269769.90000000,358657.80670000,0
1775967300000000,1.32910000,1.32980000,1.32710000,1.32830000,787836.10000000,1775968199999999,1046209.58166000,3671,402379.90000000,534317.06454000,0
1775968200000000,1.32820000,1.33020000,1.32750000,1.32950000,1027708.80000000,1775969099999999,1365806.02863000,3174,615806.70000000,818476.48097000,0
1775969100000000,1.32950000,1.33010000,1.32760000,1.32790000,930487.70000000,1775969999999999,1236399.94104000,3391,484555.60000000,643840.77573000,0
1775970000000000,1.32790000,1.32960000,1.32710000,1.32770000,877037.30000000,1775970899999999,1164950.15207000,4285,523649.40000000,695559.08014000,0
1775970900000000,1.32770000,1.33090000,1.32680000,1.33090000,681024.40000000,1775971799999999,905238.56356000,3166,313918.30000000,417203.52920000,0
1775971800000000,1.33090000,1.33110000,1.32900000,1.32990000,682470.50000000,1775972699999999,907752.13320000,2480,298083.00000000,396457.68898000,0
1775972700000000,1.32990000,1.33110000,1.32960000,1.33050000,568516.40000000,1775973599999999,756404.23629000,2439,263757.10000000,350914.88977000,0
1775973600000000,1.33050000,1.33210000,1.32980000,1.33190000,585822.50000000,1775974499999999,779606.58882000,2543,285407.50000000,379841.43086000,0
1775974500000000,1.33190000,1.33190000,1.32990000,1.33070000,823348.40000000,1775975399999999,1095548.18340000,3085,424571.30000000,564911.37738000,0
1775975400000000,1.33060000,1.33060000,1.32920000,1.32930000,441773.30000000,1775976299999999,587496.24162000,1925,248511.30000000,330465.17682000,0
1775976300000000,1.32930000,1.32980000,1.32880000,1.32950000,322861.00000000,1775977199999999,429186.37504000,1641,146288.40000000,194461.84473000,0
1775977200000000,1.32950000,1.32950000,1.32740000,1.32780000,394205.00000000,1775978099999999,523663.89986000,2284,151895.80000000,201752.24503000,0
1775978100000000,1.32790000,1.32900000,1.32740000,1.32890000,258222.70000000,1775978999999999,342997.17214000,1500,85978.80000000,114188.51114000,0
1775979000000000,1.32900000,1.33080000,1.32880000,1.33070000,244867.80000000,1775979899999999,325683.24973000,1323,132190.30000000,175820.64116000,0
1775979900000000,1.33060000,1.33100000,1.32970000,1.32980000,387060.00000000,1775980799999999,514925.58353000,1458,119410.10000000,158859.62583000,0
1775980800000000,1.32970000,1.32990000,1.32910000,1.32920000,275553.20000000,1775981699999999,366317.90981000,1478,183051.40000000,243348.74588000,0
1775981700000000,1.32920000,1.33070000,1.32920000,1.33070000,159805.40000000,1775982599999999,212501.12541000,773,129832.20000000,172652.08176000,0
1775982600000000,1.33060000,1.33210000,1.33060000,1.33150000,211905.40000000,1775983499999999,282123.09378000,1192,120221.10000000,160060.80909000,0
1775983500000000,1.33160000,1.33170000,1.32780000,1.32870000,657804.20000000,1775984399999999,874217.96523000,2589,248037.00000000,329568.83972000,0
1775984400000000,1.32880000,1.32990000,1.32660000,1.32980000,1083031.90000000,1775985299999999,1438214.54338000,3329,604058.50000000,802096.70404000,0
1775985300000000,1.32970000,1.33210000,1.32970000,1.33100000,554904.00000000,1775986199999999,738755.47315000,1972,307389.90000000,409221.29477000,0
1775986200000000,1.33090000,1.33140000,1.33030000,1.33040000,169394.80000000,1775987099999999,225446.68913000,1187,82241.20000000,109466.34509000,0
1775987100000000,1.33040000,1.33060000,1.32910000,1.33040000,288801.00000000,1775987999999999,384123.15050000,1230,131246.20000000,174570.72705000,0
1775988000000000,1.33040000,1.33220000,1.33030000,1.33120000,241894.30000000,1775988899999999,321965.04596000,1680,184510.30000000,245577.83471000,0
1775988900000000,1.33130000,1.33260000,1.33130000,1.33240000,308035.50000000,1775989799999999,410330.41744000,1192,204467.80000000,272375.26913000,0
1775989800000000,1.33240000,1.33290000,1.33170000,1.33190000,353475.70000000,1775990699999999,470954.08588000,1477,225076.80000000,299877.93173000,0
1775990700000000,1.33180000,1.33260000,1.32950000,1.33060000,1000435.60000000,1775991599999999,1331690.16345000,4642,617722.80000000,822345.55948000,0
1775991600000000,1.33060000,1.33390000,1.33000000,1.33250000,956245.40000000,1775992499999999,1273338.29772000,4411,513740.40000000,684216.31260000,0
1775992500000000,1.33260000,1.33280000,1.33150000,1.33240000,275076.10000000,1775993399999999,366442.48485000,1681,134036.30000000,178573.48619000,0
1775993400000000,1.33230000,1.33320000,1.33120000,1.33320000,364012.60000000,1775994299999999,485073.75560000,1629,217475.00000000,289836.81008000,0
1775994300000000,1.33320000,1.33360000,1.33300000,1.33300000,207202.90000000,1775995199999999,276249.27398000,1048,150745.10000000,200982.73625000,0
1775995200000000,1.33300000,1.33300000,1.33060000,1.33090000,234915.90000000,1775996099999999,312764.43587000,1803,134972.00000000,179676.28201000,0
1775996100000000,1.33090000,1.33100000,1.33030000,1.33080000,237879.40000000,1775996999999999,316543.65719000,1212,82116.40000000,109274.85032000,0
1775997000000000,1.33070000,1.33390000,1.32770000,1.33380000,1242107.30000000,1775997899999999,1652006.34733000,4368,730271.00000000,971339.20824000,0
1775997900000000,1.33370000,1.33460000,1.32970000,1.33110000,903035.50000000,1775998799999999,1202758.15545000,5732,397673.20000000,529779.80153000,0
1775998800000000,1.33100000,1.33190000,1.32770000,1.32860000,1167723.00000000,1775999699999999,1552145.12686000,6913,426369.70000000,566811.24754000,0
1775999700000000,1.32850000,1.33280000,1.32850000,1.33030000,651746.80000000,1776000599999999,867324.00151000,3686,437374.00000000,582019.05335000,0
1776000600000000,1.33020000,1.33210000,1.32680000,1.32820000,2537890.90000000,1776001499999999,3373259.15427000,6733,1544769.70000000,2053921.05199000,0
1776001500000000,1.32810000,1.32820000,1.32320000,1.32350000,1590972.10000000,1776002399999999,2108594.68021000,6255,530915.10000000,703619.29094000,0
1776002400000000,1.32350000,1.32550000,1.32150000,1.32420000,2568435.50000000,1776003299999999,3400600.03621000,6520,1049961.60000000,1390043.69694000,0
1776003300000000,1.32430000,1.32690000,1.32430000,1.32680000,741933.20000000,1776004199999999,983548.35412000,3311,494132.60000000,655008.83123000,0
1776004200000000,1.32680000,1.32690000,1.32360000,1.32440000,819079.70000000,1776005099999999,1085718.13370000,4998,244852.10000000,324524.99691000,0
1776005100000000,1.32450000,1.32750000,1.32210000,1.32240000,3076767.10000000,1776005999999999,4078085.52733000,8191,1920221.30000000,2546503.34581000,0
1776006000000000,1.32240000,1.32500000,1.32180000,1.32470000,325615.80000000,1776006899999999,430825.91254000,2398,197042.50000000,260721.92316000,0
1776006900000000,1.32470000,1.32480000,1.32250000,1.32260000,303820.30000000,1776007799999999,402131.21309000,2126,126917.60000000,167959.41243000,0
1776007800000000,1.32250000,1.32430000,1.31930000,1.32390000,1102818.40000000,1776008699999999,1457134.54957000,5223,537577.90000000,710356.51026000,0
1776008700000000,1.32390000,1.32530000,1.32370000,1.32390000,183269.70000000,1776009599999999,242699.75908000,1667,119648.40000000,158455.24650000,0
1776009600000000,1.32390000,1.32620000,1.32340000,1.32600000,716515.40000000,1776010499999999,949277.35774000,2638,554697.80000000,734886.12764000,0
1776010500000000,1.32600000,1.32700000,1.32430000,1.32650000,155534.70000000,1776011399999999,206237.40605000,1841,49308.40000000,65369.64819000,0
1776011400000000,1.32660000,1.32680000,1.32530000,1.32640000,134474.60000000,1776012299999999,178318.73744000,1306,53587.10000000,71052.93329000,0
1776012300000000,1.32630000,1.32830000,1.32630000,1.32820000,144441.40000000,1776013199999999,191733.99685000,1726,81365.00000000,108001.43683000,0
1776013200000000,1.32830000,1.32980000,1.32730000,1.32730000,337114.90000000,1776014099999999,447996.06113000,1740,120325.40000000,159904.93620000,0
1776014100000000,1.32740000,1.32930000,1.32740000,1.32900000,337241.40000000,1776014999999999,448115.54154000,1868,232257.10000000,308633.65181000,0
1776015000000000,1.32910000,1.33070000,1.32910000,1.33070000,261599.70000000,1776015899999999,347957.46143000,1736,153867.20000000,204659.94870000,0
1776015900000000,1.33070000,1.33410000,1.32920000,1.33280000,469694.50000000,1776016799999999,625740.53001000,3814,281723.80000000,375362.97405000,0
1776016800000000,1.33290000,1.33410000,1.33190000,1.33310000,384276.70000000,1776017699999999,512116.81264000,2825,160839.00000000,214356.98470000,0
1776017700000000,1.33300000,1.33380000,1.33000000,1.33040000,353359.80000000,1776018599999999,470517.31571000,2118,143064.40000000,190550.84285000,0
1776018600000000,1.33050000,1.33190000,1.33040000,1.33140000,285675.30000000,1776019499999999,380264.82999000,1558,239902.50000000,319330.45035000,0
1776019500000000,1.33140000,1.33140000,1.33040000,1.33100000,200670.40000000,1776020399999999,267071.66646000,1207,86776.30000000,115494.86737000,0
1776020400000000,1.33110000,1.33160000,1.33050000,1.33060000,266282.10000000,1776021299999999,354423.01642000,1311,95026.60000000,126476.33546000,0
1776021300000000,1.33070000,1.33130000,1.33000000,1.33100000,491476.70000000,1776022199999999,653893.67174000,1146,94505.70000000,125755.60350000,0
1776022200000000,1.33100000,1.33180000,1.33070000,1.33140000,184949.20000000,1776023099999999,246239.24342000,1011,108784.50000000,144830.20529000,0
1776023100000000,1.33130000,1.33150000,1.33000000,1.33110000,233922.90000000,1776023999999999,311326.64842000,1196,121093.30000000,161151.05231000,0
1776024000000000,1.33100000,1.33220000,1.33000000,1.33010000,236968.70000000,1776024899999999,315440.86495000,1682,125954.20000000,167667.33832000,0
1776024900000000,1.33020000,1.33250000,1.32960000,1.33220000,352297.70000000,1776025799999999,468758.89900000,1956,180080.60000000,239594.91443000,0
1776025800000000,1.33210000,1.33930000,1.33210000,1.33790000,931971.10000000,1776026699999999,1244617.14735000,5372,589903.20000000,787868.99555000,0
1776026700000000,1.33790000,1.33950000,1.33580000,1.33670000,1362765.90000000,1776027599999999,1821454.44956000,3672,481456.50000000,643523.22251000,0
1776027600000000,1.33680000,1.33910000,1.33510000,1.33590000,948619.70000000,1776028499999999,1268369.35874000,3395,445782.10000000,595947.24165000,0
1776028500000000,1.33590000,1.33720000,1.33590000,1.33620000,294600.60000000,1776029399999999,393699.07627000,1567,137365.60000000,183561.84476000,0
1776029400000000,1.33610000,1.33770000,1.33380000,1.33630000,432333.90000000,1776030299999999,577568.09067000,2954,189214.30000000,252800.78663000,0
1776030300000000,1.33640000,1.33700000,1.33540000,1.33650000,221012.30000000,1776031199999999,295260.47941000,2144,139513.90000000,186378.90817000,0
1776031200000000,1.33650000,1.33650000,1.32600000,1.33100000,1125734.80000000,1776032099999999,1496659.94440000,19609,580421.50000000,771557.64157000,0
1776032100000000,1.33110000,1.33110000,1.32460000,1.32620000,1211250.80000000,1776032999999999,1607836.34626000,7907,583561.10000000,774562.26305000,0
1776033000000000,1.32620000,1.33050000,1.32320000,1.32800000,625448.80000000,1776033899999999,830154.65727000,7004,384405.70000000,510292.08035000,0
1776033900000000,1.32790000,1.32870000,1.32630000,1.32830000,250427.90000000,1776034799999999,332459.95172000,2625,104252.60000000,138385.45262000,0
1776034800000000,1.32820000,1.32820000,1.32340000,1.32390000,403323.30000000,1776035699999999,534538.16824000,5378,119307.20000000,158067.42650000,0
1776035700000000,1.32390000,1.32640000,1.32310000,1.32600000,378292.60000000,1776036599999999,501176.68871000,3428,239218.30000000,316916.12700000,0
1776036600000000,1.32590000,1.32590000,1.32250000,1.32520000,348899.10000000,1776037499999999,461890.10009000,4204,159485.00000000,211106.15076000,0
1776037500000000,1.32520000,1.32660000,1.32280000,1.32470000,367823.10000000,1776038399999999,487127.22331000,3454,161621.00000000,214092.82133000,0
1776038400000000,1.32460000,1.32900000,1.32340000,1.32800000,580160.00000000,1776039299999999,770115.54078000,5180,238976.80000000,317144.19773000,0
1776039300000000,1.32800000,1.33130000,1.32640000,1.32950000,670689.60000000,1776040199999999,890906.26107000,5163,474631.10000000,630448.88329000,0
1776040200000000,1.32950000,1.33130000,1.32840000,1.32870000,471588.00000000,1776041099999999,627154.03178000,4198,284295.70000000,378062.81532000,0
1776041100000000,1.32870000,1.33350000,1.32820000,1.33170000,564114.10000000,1776041999999999,750926.33610000,3225,408587.00000000,543784.45783000,0
1776042000000000,1.33160000,1.33190000,1.32870000,1.32880000,679172.80000000,1776042899999999,903489.36257000,3722,422575.40000000,562145.17324000,0
1776042900000000,1.32880000,1.32900000,1.32780000,1.32850000,521143.90000000,1776043799999999,692370.34866000,2073,286083.00000000,380071.82714000,0
1776043800000000,1.32850000,1.33040000,1.32640000,1.33030000,755861.10000000,1776044699999999,1004366.38552000,3580,539396.50000000,716674.37753000,0
1776044700000000,1.33030000,1.33280000,1.33010000,1.33220000,680108.50000000,1776045599999999,905645.63310000,2401,404133.00000000,538088.85426000,0
1776045600000000,1.33220000,1.33310000,1.32670000,1.32690000,571078.60000000,1776046499999999,759668.67881000,2995,334993.40000000,445554.71479000,0
1776046500000000,1.32690000,1.33140000,1.32650000,1.32930000,681292.60000000,1776047399999999,905088.84744000,3129,476870.10000000,633417.48116000,0
1776047400000000,1.32930000,1.33060000,1.32510000,1.32510000,545018.70000000,1776048299999999,723468.16466000,2937,273397.90000000,362852.22984000,0
1776048300000000,1.32510000,1.32600000,1.32450000,1.32550000,513798.00000000,1776049199999999,680950.95475000,2004,397772.70000000,527171.94085000,0
1776049200000000,1.32540000,1.32740000,1.32430000,1.32710000,640293.40000000,1776050099999999,848933.93750000,3578,439005.20000000,582036.00384000,0
1776050100000000,1.32710000,1.32880000,1.32630000,1.32640000,436014.60000000,1776050999999999,578664.62738000,2309,248113.10000000,329272.96214000,0
1776051000000000,1.32640000,1.32700000,1.32450000,1.32560000,588552.60000000,1776051899999999,780249.38575000,1748,302014.70000000,400362.51950000,0
1776051900000000,1.32570000,1.32630000,1.32520000,1.32540000,523381.80000000,1776052799999999,693939.46228000,1371,311834.50000000,413476.21862000,0
1776052800000000,1.32540000,1.32650000,1.32430000,1.32500000,361630.10000000,1776053699999999,479180.63329000,1847,234317.10000000,310474.82912000,0
1776053700000000,1.32500000,1.32620000,1.32410000,1.32540000,273261.40000000,1776054599999999,362105.38153000,1516,172992.30000000,229212.34154000,0
1776054600000000,1.32550000,1.32720000,1.32510000,1.32590000,435098.00000000,1776055499999999,577091.29960000,2163,273326.60000000,362511.50850000,0
1776055500000000,1.32600000,1.32600000,1.31930000,1.32300000,1521498.70000000,1776056399999999,2011519.69818000,6048,520798.10000000,688730.11216000,0
1776056400000000,1.32290000,1.32380000,1.32190000,1.32300000,353186.40000000,1776057299999999,467202.03586000,3399,164697.90000000,217846.99689000,0
1776057300000000,1.32310000,1.32480000,1.32300000,1.32450000,217460.60000000,1776058199999999,287930.59905000,2393,115799.00000000,153330.61416000,0
1776058200000000,1.32450000,1.32580000,1.32320000,1.32500000,347624.60000000,1776059099999999,460418.43987000,2730,212809.80000000,281845.33891000,0
1776059100000000,1.32500000,1.33210000,1.32500000,1.33160000,1035118.90000000,1776059999999999,1376535.15495000,4801,614630.20000000,817231.49601000,0
1776060000000000,1.33150000,1.33440000,1.33110000,1.33220000,1177602.00000000,1776060899999999,1569076.18139000,4248,706855.90000000,941814.60048000,0
1776060900000000,1.33230000,1.33740000,1.33160000,1.33600000,1608445.30000000,1776061799999999,2147662.90933000,5779,917639.50000000,1225237.36017000,0
1776061800000000,1.33600000,1.33650000,1.33220000,1.33440000,2173473.90000000,1776062699999999,2900456.50051000,6438,1225062.90000000,1634627.31543000,0
1776062700000000,1.33450000,1.33550000,1.33400000,1.33450000,417103.20000000,1776063599999999,556701.54988000,3068,184162.30000000,245776.45685000,0
1776063600000000,1.33460000,1.33550000,1.33200000,1.33250000,413898.50000000,1776064499999999,551955.38540000,2737,218733.30000000,291677.79814000,0
1776064500000000,1.33240000,1.33250000,1.32810000,1.32880000,534213.60000000,1776065399999999,710369.99159000,3806,204542.60000000,271913.34102000,0
1776065400000000,1.32880000,1.32970000,1.32700000,1.32750000,459921.80000000,1776066299999999,610941.70999000,2869,272102.90000000,361489.98289000,0
1776066300000000,1.32750000,1.32820000,1.32540000,1.32540000,398735.40000000,1776067199999999,529073.45965000,2117,185553.80000000,246207.06140000,0
1776067200000000,1.32550000,1.32850000,1.32260000,1.32690000,2319530.50000000,1776068099999999,3072552.87094000,6221,901459.30000000,1194575.08068000,0
1776068100000000,1.32690000,1.32720000,1.32530000,1.32610000,440360.20000000,1776068999999999,584037.29797000,2937,185374.00000000,245870.01977000,0
1776069000000000,1.32600000,1.32600000,1.32280000,1.32340000,559969.90000000,1776069899999999,741482.59454000,2773,212202.30000000,281021.62280000,0
1776069900000000,1.32350000,1.32560000,1.32300000,1.32560000,298458.60000000,1776070799999999,395278.67131000,1772,192613.10000000,255110.42889000,0
1776070800000000,1.32560000,1.33040000,1.32560000,1.32740000,1804271.40000000,1776071699999999,2394996.59251000,5085,787371.60000000,1045087.74814000,0
1776071700000000,1.32740000,1.32850000,1.32550000,1.32670000,1418704.10000000,1776072599999999,1883067.74000000,3496,785594.60000000,1042591.91107000,0
1776072600000000,1.32680000,1.32850000,1.32470000,1.32720000,4626668.50000000,1776073499999999,6140085.44539000,4856,3383594.10000000,4490964.93310000,0
1776073500000000,1.32710000,1.32740000,1.32650000,1.32660000,430644.30000000,1776074399999999,571459.36806000,1341,131444.10000000,174426.95005000,0
1776074400000000,1.32660000,1.32670000,1.32520000,1.32660000,440719.20000000,1776075299999999,584369.13321000,1892,234986.10000000,311582.30645000,0
1776075300000000,1.32670000,1.32680000,1.32470000,1.32530000,438430.50000000,1776076199999999,581184.47438000,2317,183133.30000000,242749.36461000,0
1776076200000000,1.32540000,1.32630000,1.32350000,1.32480000,332612.50000000,1776077099999999,440694.48163000,2349,130591.90000000,173009.24597000,0
1776077100000000,1.32470000,1.32580000,1.32420000,1.32500000,573840.40000000,1776077999999999,760152.96700000,1999,263328.00000000,348841.08598000,0
1776078000000000,1.32500000,1.32700000,1.32470000,1.32600000,498442.40000000,1776078899999999,660849.16964000,3352,260987.60000000,346007.42089000,0
1776078900000000,1.32600000,1.32670000,1.32540000,1.32630000,584060.00000000,1776079799999999,774353.39460000,1999,148173.30000000,196466.48855000,0
1776079800000000,1.32630000,1.32760000,1.32520000,1.32740000,408814.50000000,1776080699999999,542139.77201000,2008,188045.60000000,249373.25802000,0
1776080700000000,1.32740000,1.32790000,1.32550000,1.32550000,715296.10000000,1776081599999999,949108.82735000,2345,169618.10000000,225048.46765000,0
1776081600000000,1.32560000,1.32780000,1.32430000,1.32650000,862679.60000000,1776082499999999,1143636.61681000,4276,462865.20000000,613574.92811000,0
1776082500000000,1.32640000,1.32680000,1.32400000,1.32400000,393606.50000000,1776083399999999,521734.80390000,2048,163878.50000000,217262.23293000,0
1776083400000000,1.32400000,1.32630000,1.32340000,1.32570000,481438.00000000,1776084299999999,637893.31966000,2942,258927.40000000,343056.84537000,0
1776084300000000,1.32570000,1.33360000,1.32570000,1.33200000,1804443.40000000,1776085199999999,2402515.42859000,6598,1239776.80000000,1650627.62732000,0
1776085200000000,1.33210000,1.33480000,1.33080000,1.33350000,1252247.00000000,1776086099999999,1669093.25098000,4883,685906.60000000,914292.34327000,0
1776086100000000,1.33350000,1.33400000,1.33030000,1.33170000,1336343.50000000,1776086999999999,1780918.91868000,5037,511328.10000000,681404.43930000,0
1776087000000000,1.33180000,1.33280000,1.32770000,1.32950000,696869.00000000,1776087899999999,927088.87474000,8492,382127.30000000,508504.14498000,0
1776087900000000,1.32950000,1.34130000,1.32800000,1.33960000,2330481.80000000,1776088799999999,3115264.23357000,17172,1187097.30000000,1586708.78839000,0
1776088800000000,1.33960000,1.34110000,1.33490000,1.33750000,1224862.50000000,1776089699999999,1639311.93670000,8435,552344.60000000,739464.41439000,0
1776089700000000,1.33750000,1.33880000,1.33190000,1.33570000,1103024.20000000,1776090599999999,1473681.63494000,8862,366158.80000000,489061.99404000,0
1776090600000000,1.33570000,1.34270000,1.33510000,1.34150000,1276066.50000000,1776091499999999,1709336.79694000,8448,858346.30000000,1149879.54864000,0
1776091500000000,1.34140000,1.34680000,1.33920000,1.34590000,2599586.10000000,1776092399999999,3490097.08302000,10288,1421526.90000000,1908911.64259000,0
1776092400000000,1.34580000,1.34620000,1.33800000,1.33910000,1529257.60000000,1776093299999999,2052363.36395000,9239,652115.80000000,875331.35381000,0
1776093300000000,1.33900000,1.33930000,1.33560000,1.33680000,835515.00000000,1776094199999999,1117901.34899000,4781,294697.40000000,394297.03784000,0
1776094200000000,1.33670000,1.33670000,1.33130000,1.33260000,1089552.80000000,1776095099999999,1452457.56923000,7218,400587.40000000,534071.20068000,0
1776095100000000,1.33260000,1.33490000,1.33190000,1.33450000,434834.30000000,1776095999999999,579762.34777000,4000,220976.20000000,294619.59335000,0
1776096000000000,1.33450000,1.33590000,1.32940000,1.33570000,1091021.90000000,1776096899999999,1454033.40769000,7761,526558.90000000,701948.25766000,0
1776096900000000,1.33580000,1.34040000,1.33420000,1.33970000,1071447.50000000,1776097799999999,1432343.20142000,7567,591700.20000000,791169.93853000,0
1776097800000000,1.33970000,1.34190000,1.33860000,1.34070000,1587535.60000000,1776098699999999,2127526.79019000,9983,815323.00000000,1092775.22973000,0
1776098700000000,1.34060000,1.34220000,1.33750000,1.33970000,1100095.90000000,1776099599999999,1473829.65723000,6924,286502.20000000,383954.87453000,0
1776099600000000,1.33970000,1.34060000,1.33720000,1.33850000,588851.40000000,1776100499999999,788560.94872000,4338,217520.90000000,291321.81278000,0
1776100500000000,1.33850000,1.34130000,1.33820000,1.34130000,561018.20000000,1776101399999999,751443.70807000,2964,245570.80000000,328959.18537000,0
1776101400000000,1.34130000,1.34550000,1.34130000,1.34330000,715062.80000000,1776102299999999,960593.22118000,6073,364451.80000000,489583.43884000,0
1776102300000000,1.34320000,1.34450000,1.33790000,1.33790000,1074521.40000000,1776103199999999,1439868.40328000,5614,154199.10000000,206657.17496000,0
1776103200000000,1.33800000,1.33860000,1.33610000,1.33760000,611861.20000000,1776104099999999,818392.66822000,3311,158868.40000000,212487.31152000,0
1776104100000000,1.33750000,1.33870000,1.33430000,1.33520000,982295.20000000,1776104999999999,1312475.86004000,3940,268544.10000000,358803.08132000,0
1776105000000000,1.33510000,1.34030000,1.33510000,1.33900000,627445.30000000,1776105899999999,839452.52439000,2990,298327.00000000,399184.81676000,0
1776105900000000,1.33910000,1.34060000,1.33800000,1.34040000,947895.50000000,1776106799999999,1269363.72602000,2855,565493.20000000,757293.06802000,0
1776106800000000,1.34040000,1.34080000,1.33920000,1.33930000,455276.40000000,1776107699999999,610064.72657000,2618,180475.30000000,241847.72591000,0
1776107700000000,1.33930000,1.34790000,1.33930000,1.34590000,1026754.70000000,1776108599999999,1380399.97287000,7316,601479.20000000,808692.15434000,0
1776108600000000,1.34580000,1.34940000,1.34560000,1.34770000,2209764.60000000,1776109499999999,2978633.20301000,8501,1089671.30000000,1468873.13635000,0
1776109500000000,1.34780000,1.35570000,1.34780000,1.35330000,2572013.40000000,1776110399999999,3478332.00042000,10139,1504370.20000000,2033794.28772000,0
1776110400000000,1.35330000,1.35560000,1.35020000,1.35030000,1831623.10000000,1776111299999999,2478984.12487000,7932,827730.50000000,1120605.40221000,0
1776111300000000,1.35040000,1.35200000,1.34960000,1.35050000,552107.30000000,1776112199999999,745648.64680000,3446,201106.70000000,271628.82922000,0
1776112200000000,1.35040000,1.35070000,1.34810000,1.34940000,516072.60000000,1776113099999999,696489.80287000,4235,226782.80000000,306073.65929000,0
1776113100000000,1.34950000,1.34970000,1.34670000,1.34700000,728759.50000000,1776113999999999,982119.62769000,3613,362419.10000000,488389.45238000,0
1776114000000000,1.34690000,1.35100000,1.34370000,1.34990000,1075914.60000000,1776114899999999,1449156.02788000,4222,459946.80000000,619811.46864000,0
1776114900000000,1.34990000,1.35190000,1.34910000,1.35120000,517212.20000000,1776115799999999,698586.02458000,2469,185893.60000000,251089.50596000,0
1776115800000000,1.35120000,1.35350000,1.35030000,1.35220000,535942.50000000,1776116699999999,724494.93465000,3841,223013.80000000,301486.86654000,0
1776116700000000,1.35230000,1.35280000,1.35080000,1.35080000,179502.50000000,1776117599999999,242615.15319000,3143,86324.20000000,116666.88310000,0
1776117600000000,1.35080000,1.36180000,1.35010000,1.35930000,1699669.50000000,1776118499999999,2305640.56054000,12408,1127520.10000000,1529666.37735000,0
1776118500000000,1.35930000,1.37470000,1.35920000,1.37160000,6854659.20000000,1776119399999999,9387892.48164000,34651,3065575.90000000,4197580.50026000,0
1776119400000000,1.37160000,1.37610000,1.36720000,1.37030000,3591445.60000000,1776120299999999,4927271.86239000,17896,1671864.00000000,2294135.54078000,0
1776120300000000,1.37030000,1.37710000,1.36900000,1.37470000,3225594.20000000,1776121199999999,4429594.95239000,16927,1757315.90000000,2413525.42424000,0
1776121200000000,1.37470000,1.37670000,1.37090000,1.37560000,2006756.50000000,1776122099999999,2757192.06690000,12135,932976.80000000,1281781.45433000,0
1776122100000000,1.37550000,1.38390000,1.37360000,1.38000000,4872865.10000000,1776122999999999,6718802.06481000,23764,2490496.30000000,3433966.19285000,0
1776123000000000,1.38000000,1.38140000,1.37660000,1.37700000,1908070.80000000,1776123899999999,2631206.25589000,9844,600436.00000000,827964.50622000,0
1776123900000000,1.37700000,1.37800000,1.37550000,1.37560000,1839473.40000000,1776124799999999,2532063.69745000,7769,508903.10000000,700529.49513000,0
1776124800000000,1.37570000,1.37750000,1.36710000,1.36810000,2658611.80000000,1776125699999999,3644304.20475000,9058,1262842.90000000,1731088.44096000,0
1776125700000000,1.36800000,1.36840000,1.36330000,1.36440000,2442342.80000000,1776126599999999,3335146.22626000,7574,1094775.60000000,1494925.10147000,0
1776126600000000,1.36440000,1.36760000,1.36280000,1.36460000,1371098.50000000,1776127499999999,1871203.17605000,6742,882652.20000000,1204662.67899000,0
1776127500000000,1.36460000,1.36550000,1.36070000,1.36210000,1945999.80000000,1776128399999999,2652140.14718000,8352,1000352.20000000,1363329.28845000,0
1776128400000000,1.36210000,1.36570000,1.35940000,1.36570000,1239466.60000000,1776129299999999,1688313.56499000,6276,684803.90000000,932786.02851000,0
1776129300000000,1.36570000,1.36670000,1.36370000,1.36410000,893639.60000000,1776130199999999,1219904.75464000,4932,430480.50000000,587672.69282000,0
1776130200000000,1.36410000,1.36700000,1.36320000,1.36670000,527583.40000000,1776131099999999,719950.85936000,3169,317935.10000000,433879.20278000,0
1776131100000000,1.36660000,1.36820000,1.36540000,1.36670000,929605.50000000,1776131999999999,1271142.70008000,3176,297409.30000000,406594.77706000,0
1776132000000000,1.36670000,1.36810000,1.36610000,1.36710000,600842.10000000,1776132899999999,821415.08576000,4427,277264.00000000,379022.11287000,0
1776132900000000,1.36720000,1.36900000,1.36630000,1.36850000,778577.40000000,1776133799999999,1065191.13381000,3525,350650.50000000,479726.15791000,0
1776133800000000,1.36840000,1.37080000,1.36470000,1.37020000,1007475.10000000,1776134699999999,1378321.25888000,4257,650679.40000000,890332.01156000,0
1776134700000000,1.37030000,1.37030000,1.36740000,1.36820000,529160.10000000,1776135599999999,724219.46285000,2949,212372.70000000,290664.10347000,0
1776135600000000,1.36810000,1.36810000,1.36570000,1.36610000,549128.10000000,1776136499999999,750640.34602000,2834,289378.10000000,395497.59447000,0
1776136500000000,1.36620000,1.36730000,1.36550000,1.36600000,481005.50000000,1776137399999999,657157.67446000,2190,295995.80000000,404370.22376000,0
1776137400000000,1.36610000,1.36750000,1.36560000,1.36730000,453535.80000000,1776138299999999,619814.57470000,2196,248314.80000000,339347.30464000,0
1776138300000000,1.36730000,1.36740000,1.36610000,1.36720000,540575.20000000,1776139199999999,738832.06307000,2274,298301.10000000,407695.60470000,0
1776139200000000,1.36720000,1.36820000,1.36650000,1.36750000,530852.20000000,1776140099999999,725804.80975000,2255,290769.40000000,397557.77750000,0
1776140100000000,1.36760000,1.36760000,1.36440000,1.36470000,503499.30000000,1776140999999999,687789.68794000,2673,227964.20000000,311413.37907000,0
1776141000000000,1.36460000,1.36470000,1.36330000,1.36390000,642222.10000000,1776141899999999,876068.40526000,1976,335258.60000000,457324.58329000,0
1776141900000000,1.36400000,1.36500000,1.36020000,1.36350000,2154042.30000000,1776142799999999,2933523.09537000,6301,773691.00000000,1054027.64056000,0
1776142800000000,1.36360000,1.36460000,1.36280000,1.36280000,264402.40000000,1776143699999999,360622.21702000,1853,100505.30000000,137078.43468000,0
1776143700000000,1.36280000,1.36530000,1.36190000,1.36450000,783450.00000000,1776144599999999,1068333.06199000,3549,385700.30000000,525778.97016000,0
1776144600000000,1.36450000,1.36540000,1.36410000,1.36480000,225683.10000000,1776145499999999,308019.42820000,1831,129856.40000000,177227.85857000,0
1776145500000000,1.36490000,1.36510000,1.36130000,1.36230000,715379.70000000,1776146399999999,975029.84351000,2963,184636.30000000,251698.57868000,0
1776146400000000,1.36230000,1.36630000,1.36230000,1.36560000,463337.40000000,1776147299999999,632260.89107000,2677,247424.90000000,337610.87879000,0
1776147300000000,1.36560000,1.37010000,1.36510000,1.36820000,1506065.60000000,1776148199999999,2061355.39607000,3903,638429.60000000,873825.19906000,0
1776148200000000,1.36820000,1.37310000,1.36770000,1.36770000,1711654.20000000,1776149099999999,2345030.92913000,5800,1119586.50000000,1533704.87911000,0
1776149100000000,1.36780000,1.37210000,1.36780000,1.37160000,537100.80000000,1776149999999999,735999.12274000,3001,289110.40000000,396212.11587000,0
1776150000000000,1.37150000,1.37730000,1.37050000,1.37440000,1378266.40000000,1776150899999999,1894330.30838000,8285,799390.40000000,1098617.89566000,0
1776150900000000,1.37450000,1.37490000,1.36870000,1.37330000,1897909.70000000,1776151799999999,2602537.03924000,7138,940945.60000000,1290510.35755000,0
1776151800000000,1.37320000,1.37370000,1.36990000,1.36990000,497642.80000000,1776152699999999,682804.44862000,3442,139378.10000000,191234.87690000,0
1776152700000000,1.36990000,1.37040000,1.36780000,1.36820000,1086863.00000000,1776153599999999,1488026.86908000,3114,513620.10000000,703184.76340000,0
1776153600000000,1.36830000,1.36900000,1.36670000,1.36730000,773951.10000000,1776154499999999,1058612.70651000,3159,456119.60000000,623831.31400000,0
1776154500000000,1.36730000,1.37000000,1.36730000,1.36960000,534591.10000000,1776155399999999,731490.56468000,3931,273315.30000000,373932.51077000,0
1776155400000000,1.36960000,1.37470000,1.36960000,1.37300000,1409416.70000000,1776156299999999,1934260.88916000,7199,1002359.30000000,1375512.59786000,0
1776156300000000,1.37300000,1.37560000,1.37240000,1.37350000,935638.50000000,1776157199999999,1285353.24149000,4068,517938.70000000,711643.01823000,0
1776157200000000,1.37350000,1.37610000,1.37350000,1.37610000,1799414.40000000,1776158099999999,2473542.99845000,4222,693350.50000000,953215.20056000,0
1776158100000000,1.37600000,1.37620000,1.37220000,1.37350000,523997.40000000,1776158999999999,719852.11863000,3042,245765.80000000,337600.68559000,0
1776159000000000,1.37340000,1.37480000,1.37200000,1.37220000,521573.10000000,1776159899999999,716418.20639000,3368,234901.80000000,322696.79469000,0
1776159900000000,1.37230000,1.37410000,1.37120000,1.37330000,444013.20000000,1776160799999999,609507.58660000,2817,191752.10000000,263230.96313000,0
1776160800000000,1.37340000,1.37340000,1.37160000,1.37200000,325556.30000000,1776161699999999,446827.74491000,2648,106289.70000000,145887.99795000,0
1776161700000000,1.37210000,1.37210000,1.37000000,1.37060000,1087897.00000000,1776162599999999,1491111.37085000,2375,700265.90000000,959753.99578000,0
1776162600000000,1.37070000,1.37230000,1.36910000,1.36950000,661842.30000000,1776163499999999,907101.77336000,3696,212518.80000000,291313.93151000,0
1776163500000000,1.36950000,1.37120000,1.36930000,1.37020000,1372335.20000000,1776164399999999,1879909.26188000,2488,1080392.40000000,1479884.31453000,0
1776164400000000,1.37010000,1.37440000,1.36970000,1.37290000,897722.90000000,1776165299999999,1231449.28644000,4290,358776.10000000,492067.16857000,0
1776165300000000,1.37300000,1.37340000,1.36910000,1.36910000,489822.80000000,1776166199999999,671702.08561000,3005,111074.30000000,152375.73668000,0
1776166200000000,1.36910000,1.36990000,1.36800000,1.36930000,449114.60000000,1776167099999999,614766.29563000,2825,189899.70000000,259926.98507000,0
1776167100000000,1.36940000,1.37170000,1.36890000,1.36920000,593410.50000000,1776167999999999,813074.32061000,4134,282959.10000000,387755.26411000,0
1776168000000000,1.36920000,1.37140000,1.36880000,1.36930000,887380.00000000,1776168899999999,1216059.32514000,3581,374381.70000000,512986.32746000,0
1776168900000000,1.36930000,1.37160000,1.36570000,1.36620000,2297485.30000000,1776169799999999,3143175.88330000,6201,610905.70000000,836010.53746000,0
1776169800000000,1.36620000,1.36830000,1.36500000,1.36550000,798341.40000000,1776170699999999,1091053.16548000,5537,394854.00000000,539639.13265000,0
1776170700000000,1.36550000,1.36730000,1.36510000,1.36730000,701337.80000000,1776171599999999,958146.93304000,3177,351876.60000000,480732.00230000,0
1776171600000000,1.36730000,1.37150000,1.36710000,1.37150000,618740.20000000,1776172499999999,847428.58362000,3191,285238.10000000,390730.87218000,0
1776172500000000,1.37160000,1.37600000,1.37020000,1.37350000,1422071.90000000,1776173399999999,1953720.09496000,5157,640713.50000000,880359.10901000,0
1776173400000000,1.37360000,1.38380000,1.37360000,1.38270000,3726926.30000000,1776174299999999,5140607.09404000,15207,2231646.10000000,3078987.12949000,0
1776174300000000,1.38260000,1.39360000,1.38160000,1.39260000,6149380.40000000,1776175199999999,8537902.85089000,21846,2867382.30000000,3980961.73249000,0
1776175200000000,1.39270000,1.39550000,1.38470000,1.38880000,3004358.20000000,1776176099999999,4176674.57646000,21243,1447794.20000000,2013359.27969000,0
1776176100000000,1.38890000,1.38960000,1.38520000,1.38820000,1673191.20000000,1776176999999999,2321552.37883000,10336,745837.70000000,1034641.08776000,0
1776177000000000,1.38820000,1.39470000,1.37750000,1.37770000,4186013.20000000,1776177899999999,5804012.16178000,24405,2327943.30000000,3230632.37654000,0
1776177900000000,1.37780000,1.38000000,1.37180000,1.37190000,2752991.20000000,1776178799999999,3786435.49217000,14201,977518.20000000,1344375.38498000,0
1776178800000000,1.37190000,1.37570000,1.36720000,1.37080000,2798018.40000000,1776179699999999,3836846.55089000,18894,1523449.00000000,2088979.47231000,0
1776179700000000,1.37080000,1.37400000,1.36960000,1.37010000,1125956.30000000,1776180599999999,1545096.11612000,8053,519170.10000000,712476.87170000,0
1776180600000000,1.37010000,1.37710000,1.36970000,1.37700000,808130.10000000,1776181499999999,1111078.20177000,7158,416326.20000000,572200.40997000,0
1776181500000000,1.37700000,1.37920000,1.37290000,1.37450000,1599657.80000000,1776182399999999,2202567.70349000,7060,754092.80000000,1038763.44581000,0
1776182400000000,1.37450000,1.38090000,1.37450000,1.37790000,1359413.80000000,1776183299999999,1873649.19102000,7909,518902.70000000,715381.48152000,0
1776183300000000,1.37800000,1.37840000,1.37290000,1.37410000,601951.20000000,1776184199999999,827744.03007000,5316,235771.60000000,324190.43521000,0
1776184200000000,1.37400000,1.37550000,1.37200000,1.37450000,350702.70000000,1776185099999999,481906.25230000,4426,159895.60000000,219742.74600000,0
1776185100000000,1.37440000,1.37480000,1.36600000,1.36840000,1816643.60000000,1776185999999999,2486379.85926000,9621,476287.10000000,651833.76463000,0
1776186000000000,1.36840000,1.37150000,1.36730000,1.37090000,493160.50000000,1776186899999999,675485.28675000,5669,229212.90000000,313928.40311000,0
1776186900000000,1.37090000,1.37410000,1.37030000,1.37060000,263644.10000000,1776187799999999,361794.46330000,3467,112828.00000000,154836.42656000,0
1776187800000000,1.37060000,1.37170000,1.36510000,1.36970000,617771.30000000,1776188699999999,845283.63487000,7224,287833.00000000,393852.76050000,0
1776188700000000,1.36970000,1.37060000,1.36830000,1.36880000,428256.70000000,1776189599999999,586298.66925000,3780,277180.90000000,379454.41883000,0
1776189600000000,1.36880000,1.37040000,1.36600000,1.36700000,472284.70000000,1776190499999999,646018.37886000,3818,88862.00000000,121639.28509000,0
1776190500000000,1.36700000,1.36730000,1.36130000,1.36280000,789356.80000000,1776191399999999,1076508.87955000,6678,382036.70000000,520883.20799000,0
1776191400000000,1.36270000,1.36400000,1.35740000,1.35850000,1053855.10000000,1776192299999999,1432943.95025000,6291,449841.10000000,611632.64491000,0
1776192300000000,1.35850000,1.35950000,1.35210000,1.35460000,1275608.60000000,1776193199999999,1728186.73072000,10644,683948.60000000,926584.69903000,0
1776193200000000,1.35450000,1.35890000,1.35380000,1.35630000,448126.20000000,1776194099999999,607957.72993000,4208,209336.50000000,283934.38246000,0
1776194100000000,1.35620000,1.35890000,1.35260000,1.35850000,750338.20000000,1776194999999999,1017661.43893000,5936,324804.80000000,440580.82399000,0
1776195000000000,1.35850000,1.36070000,1.35700000,1.35830000,582563.80000000,1776195899999999,791639.87688000,6384,203450.90000000,276478.77198000,0
1776195900000000,1.35820000,1.36090000,1.35800000,1.36070000,345528.70000000,1776196799999999,469813.64135000,4424,200046.10000000,272010.77241000,0
1776196800000000,1.36080000,1.36150000,1.35750000,1.36030000,356459.70000000,1776197699999999,484539.16721000,4768,163310.20000000,221944.19953000,0
1776197700000000,1.36020000,1.36040000,1.35520000,1.35640000,302874.10000000,1776198599999999,411062.75207000,3064,165399.20000000,224486.51472000,0
1776198600000000,1.35640000,1.35860000,1.35600000,1.35800000,170249.00000000,1776199499999999,231053.13341000,2230,101600.40000000,137883.57063000,0
1776199500000000,1.35800000,1.35870000,1.35580000,1.35690000,726839.40000000,1776200399999999,986515.88196000,3363,146960.00000000,199460.43981000,0
1776200400000000,1.35690000,1.36050000,1.35610000,1.35860000,556655.60000000,1776201299999999,756270.45974000,3744,413005.30000000,561068.78704000,0
1776201300000000,1.35860000,1.35960000,1.35750000,1.35890000,242302.90000000,1776202199999999,329185.48923000,2184,137276.60000000,186508.26390000,0
1776202200000000,1.35890000,1.36030000,1.35800000,1.35900000,305903.70000000,1776203099999999,415745.82168000,3004,155573.00000000,211424.04701000,0
1776203100000000,1.35910000,1.36210000,1.35810000,1.36010000,409502.70000000,1776203999999999,557246.49712000,3814,259911.50000000,353692.81285000,0
1776204000000000,1.36010000,1.36560000,1.35900000,1.36380000,899754.10000000,1776204899999999,1225530.86903000,6978,643300.20000000,876213.15157000,0
1776204900000000,1.36370000,1.36370000,1.36050000,1.36170000,1053075.00000000,1776205799999999,1434179.41668000,4774,710773.40000000,968036.69099000,0
1776205800000000,1.36160000,1.36360000,1.35730000,1.35730000,1245935.10000000,1776206699999999,1695501.32231000,6120,528485.40000000,719331.16656000,0
1776206700000000,1.35740000,1.35980000,1.35530000,1.35840000,1923402.80000000,1776207599999999,2610551.60864000,6361,612877.10000000,831996.10303000,0
1776207600000000,1.35840000,1.36030000,1.35720000,1.35840000,286204.70000000,1776208499999999,388804.52286000,2877,94072.30000000,127806.72387000,0
1776208500000000,1.35840000,1.36090000,1.35810000,1.36040000,408458.80000000,1776209399999999,555493.06847000,3007,269329.80000000,366297.41482000,0
1776209400000000,1.36040000,1.36500000,1.36030000,1.36400000,874214.90000000,1776210299999999,1191738.51416000,4763,684789.50000000,933514.24018000,0
1776210300000000,1.36410000,1.36600000,1.36020000,1.36170000,2414265.90000000,1776211199999999,3291723.96907000,5988,988788.10000000,1348291.66787000,0
1776211200000000,1.36170000,1.36550000,1.36100000,1.36140000,716271.90000000,1776212099999999,976481.18215000,5880,351177.40000000,478843.57574000,0
1776212100000000,1.36140000,1.36260000,1.35760000,1.36200000,3167798.10000000,1776212999999999,4308043.68458000,7933,1711628.20000000,2327617.26239000,0
1776213000000000,1.36200000,1.36450000,1.36050000,1.36440000,730207.70000000,1776213899999999,995316.58465000,4109,496743.80000000,677097.39723000,0
1776213900000000,1.36430000,1.36680000,1.36100000,1.36210000,2129283.90000000,1776214799999999,2903755.95797000,6346,1079464.00000000,1472084.61355000,0
1776214800000000,1.36210000,1.36510000,1.35890000,1.36360000,2085269.90000000,1776215699999999,2839511.00299000,6422,946796.10000000,1289362.93227000,0
1776215700000000,1.36360000,1.36430000,1.36000000,1.36160000,585267.20000000,1776216599999999,796923.65316000,3698,327291.80000000,445649.89323000,0
1776216600000000,1.36170000,1.36300000,1.35910000,1.36280000,790943.60000000,1776217499999999,1076419.06353000,4938,378496.00000000,515143.91507000,0
1776217500000000,1.36270000,1.36490000,1.36140000,1.36240000,759930.30000000,1776218399999999,1035502.12183000,3838,395858.00000000,539409.95359000,0
1776218400000000,1.36230000,1.36400000,1.36080000,1.36170000,449688.70000000,1776219299999999,612487.97044000,2752,246148.80000000,335300.36689000,0
1776219300000000,1.36180000,1.36380000,1.35960000,1.35980000,1378585.30000000,1776220199999999,1877666.42102000,3445,1012877.50000000,1379774.34582000,0
1776220200000000,1.35980000,1.35980000,1.35540000,1.35640000,1034307.50000000,1776221099999999,1403222.14239000,4166,631162.90000000,856261.01393000,0
1776221100000000,1.35650000,1.35710000,1.35530000,1.35710000,521279.70000000,1776221999999999,706904.79763000,2101,394145.50000000,534497.48274000,0
1776222000000000,1.35710000,1.35750000,1.35590000,1.35670000,393281.90000000,1776222899999999,533484.22929000,2438,272906.90000000,370191.18096000,0
1776222900000000,1.35660000,1.35810000,1.35600000,1.35710000,602000.80000000,1776223799999999,816913.24561000,2396,336878.40000000,457118.46761000,0
1776223800000000,1.35700000,1.35780000,1.35610000,1.35650000,490427.10000000,1776224699999999,665368.83401000,1927,296130.60000000,401764.73001000,0
1776224700000000,1.35660000,1.35830000,1.35650000,1.35780000,349117.20000000,1776225599999999,473893.68440000,1796,203600.80000000,276352.51787000,0
1776225600000000,1.35770000,1.36000000,1.35740000,1.35810000,412348.60000000,1776226499999999,560350.98415000,2603,211795.80000000,287798.69864000,0
1776226500000000,1.35800000,1.35980000,1.35780000,1.35820000,375219.70000000,1776227399999999,509959.94024000,2226,196333.20000000,266831.33969000,0
1776227400000000,1.35820000,1.36060000,1.35770000,1.35900000,443585.80000000,1776228299999999,602825.75454000,2887,171686.80000000,233312.86552000,0
1776228300000000,1.35910000,1.35950000,1.35760000,1.35920000,253114.80000000,1776229199999999,343912.42760000,2323,175277.60000000,238147.95612000,0
1776229200000000,1.35910000,1.36140000,1.35790000,1.35810000,635105.80000000,1776230099999999,863452.88976000,4802,303526.30000000,412636.43067000,0
1776230100000000,1.35820000,1.35840000,1.35650000,1.35720000,527758.60000000,1776230999999999,716436.60390000,2487,278108.50000000,377547.63756000,0
1776231000000000,1.35710000,1.35750000,1.35510000,1.35730000,469033.40000000,1776231899999999,636269.21817000,3276,184484.70000000,250249.02902000,0
1776231900000000,1.35720000,1.35890000,1.35640000,1.35880000,312921.10000000,1776232799999999,424724.25288000,2627,126828.60000000,172165.73883000,0
1776232800000000,1.35890000,1.35890000,1.35560000,1.35620000,618201.20000000,1776233699999999,838634.09567000,3340,310177.70000000,420747.55910000,0
1776233700000000,1.35620000,1.35650000,1.35430000,1.35520000,572825.30000000,1776234599999999,776402.67876000,2551,166884.50000000,226160.76571000,0
1776234600000000,1.35520000,1.35680000,1.35500000,1.35660000,337106.40000000,1776235499999999,457149.60871000,2367,145218.90000000,196940.05333000,0
1776235500000000,1.35650000,1.35680000,1.35420000,1.35570000,309652.40000000,1776236399999999,419653.15238000,2759,117437.80000000,159143.25220000,0
1776236400000000,1.35560000,1.35680000,1.35450000,1.35510000,490957.60000000,1776237299999999,665490.96193000,3171,154928.70000000,209967.53944000,0
1776237300000000,1.35510000,1.35510000,1.35040000,1.35260000,1190593.60000000,1776238199999999,1609775.68702000,7167,393949.70000000,532456.07122000,0
1776238200000000,1.35270000,1.35410000,1.35100000,1.35310000,1352054.40000000,1776239099999999,1828838.89374000,4799,658488.90000000,890765.99758000,0
1776239100000000,1.35310000,1.35500000,1.35030000,1.35200000,1253926.30000000,1776239999999999,1696152.08838000,4913,580472.20000000,785085.81939000,0
1776240000000000,1.35200000,1.35560000,1.35090000,1.35500000,1190459.20000000,1776240899999999,1611153.19550000,3667,761711.20000000,1030937.71940000,0
1776240900000000,1.35500000,1.35570000,1.35400000,1.35520000,414370.40000000,1776241799999999,561479.18143000,2069,245356.50000000,332487.44873000,0
1776241800000000,1.35520000,1.35720000,1.35460000,1.35550000,572372.90000000,1776242699999999,775981.34563000,2939,260314.00000000,352924.88455000,0
1776242700000000,1.35560000,1.35700000,1.35470000,1.35570000,348639.00000000,1776243599999999,472631.48858000,2083,236578.20000000,320729.57406000,0
1776243600000000,1.35570000,1.35620000,1.35250000,1.35310000,523957.10000000,1776244499999999,709569.96687000,3454,271793.40000000,368070.02829000,0
1776244500000000,1.35320000,1.35450000,1.35070000,1.35120000,1195185.30000000,1776245399999999,1616705.98180000,4790,581178.40000000,786179.04329000,0
1776245400000000,1.35130000,1.35350000,1.35120000,1.35280000,390571.80000000,1776246299999999,528227.93740000,2498,227868.30000000,308186.27006000,0
1776246300000000,1.35290000,1.35310000,1.35170000,1.35260000,300693.90000000,1776247199999999,406639.80290000,1623,122594.40000000,165794.92086000,0
1776247200000000,1.35250000,1.35530000,1.35210000,1.35430000,660377.20000000,1776248099999999,894409.07920000,2523,360107.60000000,487715.56359000,0
1776248100000000,1.35420000,1.35430000,1.35250000,1.35400000,448973.00000000,1776248999999999,607714.09369000,3422,289873.30000000,392368.59909000,0
1776249000000000,1.35390000,1.35550000,1.35170000,1.35550000,390046.80000000,1776249899999999,527715.12811000,3409,158643.50000000,214649.95776000,0
1776249900000000,1.35550000,1.35960000,1.35550000,1.35620000,756321.00000000,1776250799999999,1026814.83441000,4954,351134.40000000,476775.19120000,0
1776250800000000,1.35620000,1.36060000,1.35620000,1.35930000,893077.90000000,1776251699999999,1212992.96734000,3646,591179.00000000,803020.29515000,0
1776251700000000,1.35930000,1.35960000,1.35870000,1.35880000,519373.00000000,1776252599999999,705977.66236000,2286,198319.30000000,269584.78894000,0
1776252600000000,1.35890000,1.36060000,1.35820000,1.36020000,456645.20000000,1776253499999999,620961.94516000,2863,230367.30000000,313254.77161000,0
1776253500000000,1.36020000,1.36470000,1.36010000,1.36360000,1740399.40000000,1776254399999999,2372180.16208000,7507,939298.20000000,1280321.87511000,0
1776254400000000,1.36350000,1.36400000,1.36170000,1.36260000,1160541.80000000,1776255299999999,1581712.73065000,5389,511791.70000000,697538.10274000,0
1776255300000000,1.36250000,1.36290000,1.36120000,1.36200000,609528.60000000,1776256199999999,830282.88425000,2563,460299.20000000,627020.38773000,0
1776256200000000,1.36190000,1.36620000,1.36170000,1.36570000,915101.70000000,1776257099999999,1248558.74329000,4118,493932.30000000,673887.91688000,0
1776257100000000,1.36570000,1.36900000,1.36510000,1.36520000,2005013.50000000,1776257999999999,2741268.72602000,6160,959271.30000000,1311655.11613000,0
1776258000000000,1.36530000,1.36580000,1.36400000,1.36460000,797566.00000000,1776258899999999,1088456.17337000,3770,412752.90000000,563315.43228000,0
1776258900000000,1.36460000,1.36800000,1.36430000,1.36720000,479463.60000000,1776259799999999,654998.09365000,2821,212606.50000000,290397.23347000,0
1776259800000000,1.36730000,1.36790000,1.36140000,1.36220000,1742810.30000000,1776260699999999,2377944.64636000,11271,590562.80000000,805890.73087000,0
1776260700000000,1.36220000,1.36760000,1.36210000,1.36730000,1477059.40000000,1776261599999999,2015783.54203000,7509,646322.80000000,882243.87542000,0
1776261600000000,1.36720000,1.36730000,1.36410000,1.36660000,1210993.50000000,1776262499999999,1654065.31807000,5279,711650.30000000,971952.50147000,0
1776262500000000,1.36660000,1.37580000,1.36600000,1.37450000,2419815.80000000,1776263399999999,3318448.56995000,10188,1329688.30000000,1822976.75084000,0
1776263400000000,1.37450000,1.37930000,1.37000000,1.37200000,2834002.80000000,1776264299999999,3894676.91708000,10255,1000946.40000000,1375687.86658000,0
1776264300000000,1.37200000,1.37750000,1.37100000,1.37640000,1186121.10000000,1776265199999999,1631130.39410000,5575,470295.80000000,646499.05593000,0
1776265200000000,1.37650000,1.38350000,1.37650000,1.38290000,2563658.90000000,1776266099999999,3536713.59115000,11719,1274799.60000000,1758457.10933000,0
1776266100000000,1.38280000,1.38350000,1.37670000,1.38000000,2427520.00000000,1776266999999999,3349667.10705000,7826,697278.80000000,962495.60393000,0
1776267000000000,1.38000000,1.38000000,1.37170000,1.37660000,3148901.90000000,1776267899999999,4332641.52001000,14081,1440218.80000000,1981593.03077000,0
1776267900000000,1.37660000,1.38040000,1.37310000,1.37330000,1583784.40000000,1776268799999999,2180779.20162000,8540,663602.70000000,913666.27430000,0
1776268800000000,1.37330000,1.37960000,1.37180000,1.37950000,2575129.40000000,1776269699999999,3539536.98298000,9433,1380867.40000000,1897586.25011000,0
1776269700000000,1.37960000,1.38100000,1.37780000,1.38000000,1132496.60000000,1776270599999999,1562306.86973000,7562,514324.90000000,709511.20748000,0
1776270600000000,1.38010000,1.38210000,1.37610000,1.37630000,1284222.00000000,1776271499999999,1771385.19851000,8934,661602.50000000,912568.60970000,0
1776271500000000,1.37640000,1.37880000,1.37500000,1.37820000,727161.60000000,1776272399999999,1000984.71241000,6821,277133.60000000,381475.51773000,0
1776272400000000,1.37830000,1.38220000,1.37790000,1.37960000,994701.50000000,1776273299999999,1372928.55341000,7044,527878.50000000,728627.75865000,0
1776273300000000,1.37960000,1.38390000,1.37850000,1.38100000,1061979.80000000,1776274199999999,1466086.07697000,7022,543495.60000000,750398.34473000,0
1776274200000000,1.38100000,1.38240000,1.37620000,1.37640000,577806.20000000,1776275099999999,797149.97137000,6782,197089.40000000,271915.14094000,0
1776275100000000,1.37640000,1.38050000,1.37580000,1.38010000,1891143.00000000,1776275999999999,2607282.58688000,5461,746690.50000000,1029081.68172000,0
1776276000000000,1.38000000,1.38620000,1.37890000,1.38400000,1909929.80000000,1776276899999999,2642468.36942000,9815,1154931.90000000,1597722.55837000,0
1776276900000000,1.38410000,1.38540000,1.38170000,1.38190000,652596.20000000,1776277799999999,903246.61347000,3672,316827.50000000,438589.92848000,0
1776277800000000,1.38180000,1.38450000,1.38180000,1.38440000,449464.50000000,1776278699999999,621808.73195000,3765,208552.60000000,288520.96664000,0
1776278700000000,1.38450000,1.38740000,1.38400000,1.38680000,772939.20000000,1776279599999999,1071255.00840000,5260,481307.00000000,667001.33022000,0
1776279600000000,1.38690000,1.38840000,1.38460000,1.38650000,1229191.90000000,1776280499999999,1704496.65926000,6065,464702.10000000,644380.57943000,0
1776280500000000,1.38650000,1.38920000,1.38530000,1.38890000,889079.00000000,1776281399999999,1233546.41547000,3516,359692.60000000,498977.21745000,0
1776281400000000,1.38900000,1.40860000,1.38900000,1.40180000,9128101.00000000,1776282299999999,12783178.75111000,28316,4836841.60000000,6767625.82338000,0
1776282300000000,1.40170000,1.40220000,1.39820000,1.40000000,3437300.40000000,1776283199999999,4812616.79634000,11036,1604149.60000000,2246018.34188000,0
1776283200000000,1.40000000,1.40060000,1.39070000,1.39190000,1720638.20000000,1776284099999999,2400710.03694000,9917,655440.10000000,914387.07465000,0
1776284100000000,1.39200000,1.39200000,1.38560000,1.38810000,1402904.80000000,1776284999999999,1947017.59315000,6925,716631.10000000,994664.54391000,0
1776285000000000,1.38820000,1.39060000,1.38620000,1.38800000,734553.90000000,1776285899999999,1020032.71547000,6023,338927.30000000,470657.35755000,0
1776285900000000,1.38810000,1.38950000,1.38740000,1.38830000,470721.50000000,1776286799999999,653577.61467000,3164,197315.10000000,273973.04233000,0
1776286800000000,1.38840000,1.38920000,1.38350000,1.38370000,716134.60000000,1776287699999999,993003.13410000,4105,353117.90000000,489744.56839000,0
1776287700000000,1.38370000,1.38460000,1.37990000,1.38360000,1921376.60000000,1776288599999999,2655356.99309000,6060,1171399.10000000,1618812.10985000,0
1776288600000000,1.38360000,1.38710000,1.38300000,1.38620000,974004.30000000,1776289499999999,1349334.95301000,4286,429239.00000000,594599.07286000,0
1776289500000000,1.38610000,1.38900000,1.38590000,1.38870000,502323.20000000,1776290399999999,697336.26374000,2532,338823.70000000,470361.63605000,0
1776290400000000,1.38860000,1.40240000,1.38860000,1.39730000,2482635.80000000,1776291299999999,3467313.81674000,13998,1253601.60000000,1750702.45943000,0
1776291300000000,1.39730000,1.39840000,1.39500000,1.39560000,1142347.00000000,1776292199999999,1595689.84765000,6190,550682.80000000,769193.70212000,0
1776292200000000,1.39560000,1.40250000,1.39440000,1.39680000,1787979.50000000,1776293099999999,2498599.53227000,10850,848883.50000000,1186519.68756000,0
1776293100000000,1.39680000,1.39830000,1.39340000,1.39420000,859074.70000000,1776293999999999,1199018.89249000,6018,352126.30000000,491593.77028000,0
1776294000000000,1.39410000,1.39410000,1.38910000,1.39020000,1093923.10000000,1776294899999999,1521955.28415000,5837,440829.30000000,613236.82308000,0
1776294900000000,1.39020000,1.39020000,1.38580000,1.38840000,806786.00000000,1776295799999999,1119908.75466000,4758,247973.70000000,344100.15873000,0
1776295800000000,1.38830000,1.38960000,1.38610000,1.38830000,478466.70000000,1776296699999999,663952.13985000,3657,175612.10000000,243682.84365000,0
1776296700000000,1.38840000,1.39240000,1.38830000,1.39220000,585430.20000000,1776297599999999,814443.92889000,4188,255874.00000000,355954.37758000,0
1776297600000000,1.39220000,1.39330000,1.38960000,1.38970000,934879.20000000,1776298499999999,1300524.32604000,5880,345969.70000000,481278.83729000,0
1776298500000000,1.38970000,1.39030000,1.38650000,1.38830000,741111.50000000,1776299399999999,1028950.71291000,4939,256149.90000000,355598.31358000,0
1776299400000000,1.38830000,1.39740000,1.38830000,1.39670000,1207847.20000000,1776300299999999,1682944.25893000,7305,694265.00000000,967239.85781000,0
1776300300000000,1.39660000,1.39820000,1.39410000,1.39710000,632933.00000000,1776301199999999,883745.24106000,4556,269762.40000000,376626.93351000,0
1776301200000000,1.39710000,1.39710000,1.39040000,1.39490000,1024791.80000000,1776302099999999,1427838.31944000,6574,449213.30000000,625809.24414000,0
1776302100000000,1.39490000,1.40100000,1.39470000,1.39790000,2452195.00000000,1776302999999999,3427744.09455000,9122,1331791.90000000,1861141.39687000,0
1776303000000000,1.39790000,1.40170000,1.39770000,1.40100000,1136887.20000000,1776303899999999,1591437.48745000,6238,613116.30000000,858314.65499000,0
1776303900000000,1.40100000,1.40220000,1.39800000,1.40020000,1176538.80000000,1776304799999999,1647189.31211000,6754,572639.30000000,801748.38203000,0
1776304800000000,1.40020000,1.40500000,1.39870000,1.39880000,1656978.70000000,1776305699999999,2323667.60789000,7973,974490.60000000,1366697.97309000,0
1776305700000000,1.39880000,1.40250000,1.39660000,1.40210000,864184.70000000,1776306599999999,1208316.05109000,8264,452931.70000000,633344.69123000,0
1776306600000000,1.40210000,1.40980000,1.40160000,1.40940000,2348648.00000000,1776307499999999,3300847.74045000,13632,1438231.90000000,2021638.81651000,0
1776307500000000,1.40950000,1.41030000,1.40450000,1.40670000,2155110.10000000,1776308399999999,3033561.08015000,11445,1295118.60000000,1823213.81019000,0
1776308400000000,1.40670000,1.41330000,1.40590000,1.40990000,2426338.20000000,1776309299999999,3422553.45156000,11330,1148629.10000000,1620164.96365000,0
1776309300000000,1.40990000,1.41560000,1.40990000,1.41220000,1576108.70000000,1776310199999999,2228029.24407000,9424,866879.50000000,1225429.61625000,0
1776310200000000,1.41220000,1.41220000,1.40650000,1.40720000,912158.10000000,1776311099999999,1284713.67083000,6909,413850.60000000,582883.41255000,0
1776311100000000,1.40720000,1.40900000,1.40540000,1.40630000,1048909.40000000,1776311999999999,1475786.29878000,7732,560622.70000000,788698.23426000,0
1776312000000000,1.40630000,1.41010000,1.40500000,1.40720000,1040155.50000000,1776312899999999,1464049.75766000,8117,494547.40000000,696169.36684000,0
1776312900000000,1.40710000,1.41030000,1.40630000,1.40670000,766620.80000000,1776313799999999,1079288.75602000,6719,311096.40000000,437950.76210000,0
1776313800000000,1.40670000,1.41140000,1.40600000,1.40930000,989979.60000000,1776314699999999,1394368.27524000,5707,420635.30000000,592535.91116000,0
1776314700000000,1.40920000,1.40970000,1.40220000,1.40380000,1728376.50000000,1776315599999999,2428466.89162000,9059,717195.80000000,1007402.72741000,0
1776315600000000,1.40380000,1.40550000,1.40180000,1.40310000,731382.30000000,1776316499999999,1026672.77179000,5063,319252.10000000,448115.39201000,0
1776316500000000,1.40300000,1.40530000,1.40060000,1.40420000,753072.20000000,1776317399999999,1056900.94556000,4402,213014.40000000,298926.73836000,0
1776317400000000,1.40420000,1.40720000,1.40400000,1.40650000,474562.20000000,1776318299999999,667096.94317000,3754,177050.80000000,248895.96097000,0
1776318300000000,1.40640000,1.40730000,1.40480000,1.40570000,716677.00000000,1776319199999999,1007849.08229000,3923,327817.70000000,460974.95297000,0
1776319200000000,1.40580000,1.40910000,1.40550000,1.40730000,733648.10000000,1776320099999999,1032454.67597000,4487,262368.10000000,369265.25793000,0
1776320100000000,1.40730000,1.40950000,1.40680000,1.40700000,501212.30000000,1776320999999999,705726.82334000,3505,173188.40000000,243817.38413000,0
1776321000000000,1.40710000,1.40830000,1.40440000,1.40700000,750455.50000000,1776321899999999,1055468.02330000,4054,320684.30000000,451045.76448000,0
1776321900000000,1.40690000,1.41000000,1.40650000,1.40990000,584478.60000000,1776322799999999,823198.93724000,2623,320252.70000000,451010.07810000,0
1776322800000000,1.40990000,1.41280000,1.40920000,1.41060000,913088.60000000,1776323699999999,1288314.78335000,5528,392946.20000000,554424.38669000,0
1776323700000000,1.41070000,1.41150000,1.40790000,1.40870000,619154.60000000,1776324599999999,873106.10577000,3970,231887.30000000,327012.50220000,0
1776324600000000,1.40870000,1.41010000,1.40800000,1.40920000,372928.70000000,1776325499999999,525433.17337000,3424,145168.30000000,204544.42647000,0
1776325500000000,1.40920000,1.40950000,1.40440000,1.40580000,1049514.70000000,1776326399999999,1476013.12815000,5794,317725.60000000,446657.44441000,0
1776326400000000,1.40580000,1.40730000,1.40260000,1.40300000,791747.50000000,1776327299999999,1112564.82956000,5207,259454.80000000,364561.99319000,0
1776327300000000,1.40300000,1.40680000,1.40300000,1.40550000,916704.40000000,1776328199999999,1288323.42892000,4789,446080.50000000,627037.26799000,0
1776328200000000,1.40550000,1.40580000,1.40330000,1.40480000,688820.10000000,1776329099999999,967528.20589000,4187,257161.00000000,361220.50005000,0
1776329100000000,1.40480000,1.40950000,1.40440000,1.40520000,1014690.00000000,1776329999999999,1427921.64670000,4443,424636.70000000,597615.01985000,0
1776330000000000,1.40530000,1.41430000,1.40400000,1.41430000,2586824.30000000,1776330899999999,3646921.11065000,7691,1844020.20000000,2599919.07113000,0
1776330900000000,1.41430000,1.42310000,1.41350000,1.41630000,4251967.70000000,1776331799999999,6028879.76383000,19683,2187993.30000000,3102132.76325000,0
1776331800000000,1.41640000,1.41810000,1.41110000,1.41130000,1228165.50000000,1776332699999999,1737466.02813000,6781,379403.60000000,536788.04955000,0
1776332700000000,1.41120000,1.42120000,1.40930000,1.41740000,3177698.00000000,1776333599999999,4496412.22317000,11401,1528149.00000000,2162740.51125000,0
1776333600000000,1.41730000,1.41780000,1.40930000,1.41150000,1594957.70000000,1776334499999999,2252406.59301000,9046,408883.60000000,577699.55508000,0
1776334500000000,1.41140000,1.41400000,1.41050000,1.41340000,1877629.90000000,1776335399999999,2652431.97049000,8457,440458.70000000,622234.32002000,0
1776335400000000,1.41340000,1.41480000,1.41110000,1.41230000,1275756.60000000,1776336299999999,1802695.71228000,5179,347898.30000000,491633.19311000,0
1776336300000000,1.41230000,1.41320000,1.40790000,1.40870000,957077.50000000,1776337199999999,1349057.89464000,6351,444541.30000000,626538.48979000,0
1776337200000000,1.40880000,1.40940000,1.40210000,1.40300000,1995021.70000000,1776338099999999,2803378.98055000,7380,579081.30000000,813328.49702000,0
1776338100000000,1.40310000,1.40590000,1.40160000,1.40530000,1097467.40000000,1776338999999999,1540747.79275000,4684,330950.60000000,464611.85239000,0
1776339000000000,1.40530000,1.40880000,1.40460000,1.40700000,1758222.90000000,1776339899999999,2472284.60958000,7065,911891.10000000,1282368.62066000,0
1776339900000000,1.40700000,1.40950000,1.40610000,1.40950000,765252.50000000,1776340799999999,1077548.92015000,4456,354668.00000000,499370.34032000,0
1776340800000000,1.40950000,1.42340000,1.40910000,1.41920000,2627777.70000000,1776341699999999,3726059.45451000,13639,1643961.50000000,2331042.58295000,0
1776341700000000,1.41920000,1.42040000,1.41590000,1.41700000,1425405.50000000,1776342599999999,2020303.97897000,6656,798991.70000000,1132550.04233000,0
1776342600000000,1.41700000,1.41730000,1.40990000,1.41340000,1546666.80000000,1776343499999999,2184976.02269000,6978,909948.10000000,1285150.80630000,0
1776343500000000,1.41350000,1.41470000,1.41110000,1.41400000,1071516.30000000,1776344399999999,1514112.61214000,5365,569712.00000000,804995.89375000,0
1776344400000000,1.41400000,1.42120000,1.41160000,1.42120000,1421727.30000000,1776345299999999,2013823.86874000,8972,961357.30000000,1361888.22755000,0
1776345300000000,1.42130000,1.43120000,1.42020000,1.42950000,3277992.80000000,1776346199999999,4675075.22766000,15949,1621852.40000000,2312294.20470000,0
1776346200000000,1.42950000,1.43420000,1.42530000,1.43090000,3290129.30000000,1776347099999999,4701572.91325000,29660,1333533.40000000,1905850.61412000,0
1776347100000000,1.43090000,1.43090000,1.39920000,1.40720000,5804180.00000000,1776347999999999,8190091.56896000,46549,2511554.90000000,3540499.15781000,0
1776348000000000,1.40710000,1.40980000,1.40190000,1.40480000,4347020.00000000,1776348899999999,6111726.55893000,26730,2193821.30000000,3085900.16654000,0
1776348900000000,1.40480000,1.40680000,1.39280000,1.40030000,4075092.70000000,1776349799999999,5696364.85319000,29018,2033438.20000000,2841737.55076000,0
1776349800000000,1.40030000,1.40410000,1.39930000,1.40370000,1456086.80000000,1776350699999999,2041559.16234000,14724,769070.90000000,1078283.99515000,0
1776350700000000,1.40360000,1.41290000,1.40330000,1.41040000,3531827.00000000,1776351599999999,4974142.88269000,17011,1910286.60000000,2690135.41393000,0
1776351600000000,1.41040000,1.42420000,1.40740000,1.42270000,2310428.70000000,1776352499999999,3274381.28688000,20658,1235095.80000000,1750080.62849000,0
1776352500000000,1.42280000,1.42590000,1.41610000,1.41610000,3116674.50000000,1776353399999999,4433266.10274000,17411,1118366.60000000,1591522.08505000,0
1776353400000000,1.41600000,1.43160000,1.41490000,1.42720000,2972203.10000000,1776354299999999,4234163.68221000,25308,1560166.50000000,2223145.13361000,0
1776354300000000,1.42730000,1.43250000,1.42610000,1.42910000,2181456.90000000,1776355199999999,3117022.97128000,14464,921557.90000000,1316821.43147000,0
1776355200000000,1.42910000,1.43800000,1.42910000,1.43230000,2999653.00000000,1776356099999999,4301343.58097000,18619,1407958.90000000,2019062.30499000,0
1776356100000000,1.43230000,1.44200000,1.42990000,1.43310000,2674925.20000000,1776356999999999,3842759.91101000,21141,1483463.80000000,2131322.53130000,0
1776357000000000,1.43320000,1.43540000,1.42070000,1.42330000,2983115.90000000,1776357899999999,4257061.24314000,27321,990235.20000000,1412983.67153000,0
1776357900000000,1.42330000,1.42640000,1.41590000,1.41940000,2403342.40000000,1776358799999999,3415610.42774000,21522,978032.50000000,1389848.92123000,0
1776358800000000,1.41950000,1.42240000,1.41630000,1.41640000,1022549.20000000,1776359699999999,1451911.77320000,13955,528956.60000000,751158.32784000,0
1776359700000000,1.41630000,1.42340000,1.41440000,1.42030000,1274383.10000000,1776360599999999,1808870.81366000,16271,648697.80000000,920771.99021000,0
1776360600000000,1.42020000,1.42740000,1.41950000,1.42610000,1689204.70000000,1776361499999999,2404685.24772000,11924,884908.00000000,1259706.57992000,0
1776361500000000,1.42610000,1.42980000,1.42430000,1.42730000,720553.40000000,1776362399999999,1028419.87831000,10129,391445.50000000,558696.60318000,0
1776362400000000,1.42730000,1.43340000,1.42440000,1.43060000,1157705.80000000,1776363299999999,1654999.41533000,15915,673115.50000000,962227.45077000,0
1776363300000000,1.43060000,1.43490000,1.42950000,1.43290000,1125336.60000000,1776364199999999,1611838.91043000,13243,486727.40000000,696997.55722000,0
1776364200000000,1.43290000,1.43890000,1.43210000,1.43770000,1148077.30000000,1776365099999999,1649058.40371000,12680,547271.40000000,786164.95807000,0
1776365100000000,1.43770000,1.44860000,1.43760000,1.44660000,3551631.10000000,1776365999999999,5127537.25406000,19380,1926875.40000000,2781272.21255000,0
1776366000000000,1.44670000,1.44930000,1.44140000,1.44320000,2612592.30000000,1776366899999999,3777981.62558000,17884,1228918.50000000,1777407.99493000,0
1776366900000000,1.44320000,1.45350000,1.44300000,1.45270000,2115194.90000000,1776367799999999,3065085.54799000,15217,1173279.20000000,1700343.79638000,0
1776367800000000,1.45270000,1.46450000,1.45190000,1.46200000,3671727.20000000,1776368699999999,5357703.96438000,21898,1693089.60000000,2470791.22344000,0
1776368700000000,1.46200000,1.46640000,1.45950000,1.46450000,2493212.70000000,1776369599999999,3647999.87935000,16999,1214943.80000000,1777662.32246000,0
1776369600000000,1.46450000,1.46630000,1.45800000,1.45880000,1929484.30000000,1776370499999999,2820510.61185000,15257,937216.30000000,1369933.08541000,0
1776370500000000,1.45870000,1.46130000,1.45430000,1.45580000,2421557.50000000,1776371399999999,3530753.67649000,12084,826686.10000000,1205031.64724000,0
1776371400000000,1.45590000,1.45590000,1.44400000,1.44620000,1959774.20000000,1776372299999999,2839186.61089000,13066,818994.20000000,1186192.24202000,0
1776372300000000,1.44620000,1.45270000,1.44500000,1.45240000,1530203.80000000,1776373199999999,2218961.00040000,9076,576238.30000000,835567.18822000,0
1776373200000000,1.45250000,1.45890000,1.45250000,1.45450000,941700.50000000,1776374099999999,1370876.63127000,9443,496987.40000000,723551.17654000,0
1776374100000000,1.45450000,1.45560000,1.44630000,1.44860000,896184.70000000,1776374999999999,1299663.73626000,10680,389475.00000000,565105.14025000,0
1776375000000000,1.44850000,1.45120000,1.44630000,1.44960000,517435.00000000,1776375899999999,750017.89027000,6234,223949.20000000,324566.52100000,0
1776375900000000,1.44960000,1.45000000,1.44590000,1.44670000,405520.20000000,1776376799999999,587278.11832000,5027,227794.70000000,329875.20321000,0
1776376800000000,1.44670000,1.45200000,1.44670000,1.44960000,623302.30000000,1776377699999999,903708.17511000,8055,335372.60000000,486318.36467000,0
1776377700000000,1.44960000,1.45380000,1.44760000,1.45220000,785066.70000000,1776378599999999,1138391.26373000,6357,438354.80000000,635667.94194000,0
1776378600000000,1.45220000,1.45250000,1.44750000,1.45030000,353464.00000000,1776379499999999,512692.70159000,5680,189524.00000000,274903.46227000,0
1776379500000000,1.45030000,1.45300000,1.44990000,1.45130000,830966.10000000,1776380399999999,1206443.22388000,4846,629525.50000000,914046.47373000,0
1776380400000000,1.45130000,1.45260000,1.44910000,1.45000000,587571.00000000,1776381299999999,852406.18520000,5580,233004.00000000,338058.01800000,0
1776381300000000,1.44990000,1.45240000,1.44800000,1.45130000,766823.50000000,1776382199999999,1111429.26786000,6440,517773.30000000,750415.66273000,0
1776382200000000,1.45120000,1.45780000,1.45040000,1.45570000,1036783.10000000,1776383099999999,1507924.91368000,7975,586194.70000000,852512.22480000,0
1776383100000000,1.45570000,1.45570000,1.45130000,1.45300000,743084.50000000,1776383999999999,1080009.50271000,5877,335565.30000000,487698.84054000,0
1776384000000000,1.45300000,1.45550000,1.44660000,1.44660000,1005676.40000000,1776384899999999,1458510.87843000,9671,345739.20000000,501424.08660000,0
1776384900000000,1.44660000,1.45200000,1.44350000,1.44460000,1837081.00000000,1776385799999999,2660515.04245000,8456,1147275.60000000,1662288.06274000,0
1776385800000000,1.44460000,1.44660000,1.44300000,1.44330000,863256.00000000,1776386699999999,1246870.87416000,6519,352033.70000000,508556.67781000,0
1776386700000000,1.44320000,1.44380000,1.44030000,1.44040000,1181448.40000000,1776387599999999,1703554.44146000,5978,383291.60000000,552706.54858000,0
1776387600000000,1.44040000,1.44230000,1.43670000,1.43790000,1851094.40000000,1776388499999999,2663622.20811000,9143,656855.00000000,945179.77533000,0
1776388500000000,1.43790000,1.44030000,1.43160000,1.43400000,1337968.20000000,1776389399999999,1920376.17827000,9610,574874.40000000,824844.06857000,0
1776389400000000,1.43400000,1.43730000,1.43120000,1.43190000,873054.20000000,1776390299999999,1252292.72875000,7544,366607.90000000,525981.02656000,0
1776390300000000,1.43190000,1.43270000,1.42730000,1.43020000,1226504.00000000,1776391199999999,1753736.34294000,10045,552035.60000000,789396.31979000,0
1776391200000000,1.43020000,1.43140000,1.42690000,1.42850000,889034.40000000,1776392099999999,1270489.80695000,6213,370603.90000000,529575.91563000,0
1776392100000000,1.42840000,1.42840000,1.42290000,1.42360000,1076651.80000000,1776392999999999,1533658.25379000,7396,536966.10000000,764778.63017000,0
1776393000000000,1.42350000,1.42880000,1.42250000,1.42790000,940142.70000000,1776393899999999,1340735.67532000,6016,395019.70000000,563445.95403000,0
1776393900000000,1.42800000,1.42970000,1.42790000,1.42960000,648492.30000000,1776394799999999,926651.56652000,3899,292085.20000000,417362.14335000,0
1776394800000000,1.42960000,1.43120000,1.42700000,1.43030000,690732.40000000,1776395699999999,986886.38646000,5155,321282.70000000,459047.77790000,0
1776395700000000,1.43020000,1.43140000,1.42910000,1.43050000,793709.80000000,1776396599999999,1135076.04789000,4413,528050.30000000,755153.22143000,0
1776396600000000,1.43060000,1.43900000,1.43060000,1.43590000,2933551.80000000,1776397499999999,4207558.99605000,10816,2055766.30000000,2948128.34907000,0
1776397500000000,1.43590000,1.43650000,1.43060000,1.43080000,754842.60000000,1776398399999999,1081845.70150000,5125,249005.70000000,356802.04909000,0
1776398400000000,1.43070000,1.43420000,1.43040000,1.43150000,451022.40000000,1776399299999999,645818.13905000,4265,189840.40000000,271827.05625000,0
1776399300000000,1.43150000,1.43400000,1.42940000,1.43010000,644102.00000000,1776400199999999,921445.01346000,5028,380670.20000000,544559.08448000,0
1776400200000000,1.43010000,1.43330000,1.42650000,1.43280000,1104166.10000000,1776401099999999,1578670.69834000,6314,572430.80000000,818173.08600000,0
1776401100000000,1.43280000,1.43380000,1.43020000,1.43190000,695777.40000000,1776401999999999,996319.06396000,5926,286516.40000000,410196.86837000,0
1776402000000000,1.43200000,1.43300000,1.42610000,1.42890000,873344.50000000,1776402899999999,1247672.64749000,7255,346528.00000000,495060.68616000,0
1776402900000000,1.42890000,1.43680000,1.42880000,1.43070000,1853408.70000000,1776403799999999,2657723.77696000,8797,993008.20000000,1423942.68157000,0
1776403800000000,1.43070000,1.43120000,1.42560000,1.42670000,1078289.80000000,1776404699999999,1539663.48247000,7933,474233.00000000,677033.40833000,0
1776404700000000,1.42670000,1.42790000,1.42510000,1.42530000,572935.90000000,1776405599999999,817402.62587000,4424,329277.20000000,469767.16975000,0
1776405600000000,1.42530000,1.42870000,1.42430000,1.42780000,522543.70000000,1776406499999999,745228.70607000,5642,231088.80000000,329602.57562000,0
1776406500000000,1.42790000,1.42990000,1.42750000,1.42960000,607546.00000000,1776407399999999,868116.33984000,4177,308963.20000000,441531.08870000,0
1776407400000000,1.42960000,1.43370000,1.42850000,1.43310000,676791.50000000,1776408299999999,968462.21758000,4459,437101.20000000,625408.80273000,0
1776408300000000,1.43300000,1.43370000,1.43090000,1.43250000,479311.70000000,1776409199999999,686487.99081000,3223,293681.20000000,420649.05891000,0
1776409200000000,1.43240000,1.43630000,1.43240000,1.43510000,784322.70000000,1776410099999999,1125361.54159000,6172,382542.50000000,548813.91091000,0
1776410100000000,1.43510000,1.43510000,1.43240000,1.43410000,519796.50000000,1776410999999999,745215.05130000,4262,296397.70000000,424912.36766000,0
1776411000000000,1.43410000,1.44000000,1.43390000,1.43930000,934255.30000000,1776411899999999,1343466.62129000,7022,467936.20000000,672775.03416000,0
1776411900000000,1.43940000,1.43960000,1.43680000,1.43730000,849928.30000000,1776412799999999,1222245.05381000,4215,389003.00000000,559280.38695000,0
1776412800000000,1.43730000,1.43890000,1.43550000,1.43650000,644107.80000000,1776413699999999,925461.80133000,4793,393244.80000000,564952.81142000,0
1776413700000000,1.43650000,1.44080000,1.43560000,1.43990000,1162956.80000000,1776414599999999,1672508.77801000,8331,790060.40000000,1136103.92069000,0
1776414600000000,1.43980000,1.44430000,1.43910000,1.44170000,1635628.50000000,1776415499999999,2357250.95005000,8682,889838.90000000,1282605.88290000,0
1776415500000000,1.44160000,1.44780000,1.44080000,1.44670000,1753730.80000000,1776416399999999,2533669.48329000,10455,953396.90000000,1377476.98286000,0
1776416400000000,1.44680000,1.44900000,1.44270000,1.44900000,804964.10000000,1776417299999999,1163456.15114000,7411,415000.60000000,599769.10396000,0
1776417300000000,1.44890000,1.45920000,1.44580000,1.45730000,1842235.70000000,1776418199999999,2673901.19607000,13140,1104466.80000000,1602760.59330000,0
1776418200000000,1.45740000,1.45830000,1.44640000,1.45000000,2517610.50000000,1776419099999999,3650817.65722000,19581,887541.50000000,1287574.53803000,0
1776419100000000,1.45000000,1.45350000,1.44770000,1.45180000,1032694.60000000,1776419999999999,1498434.73263000,9672,400402.70000000,580968.66282000,0
1776420000000000,1.45170000,1.45320000,1.44270000,1.44350000,1604596.80000000,1776420899999999,2323850.08692000,11873,767235.60000000,1111400.57602000,0
1776420900000000,1.44350000,1.44530000,1.43650000,1.43670000,1632282.10000000,1776421799999999,2352461.81579000,9202,634285.10000000,914800.06952000,0
1776421800000000,1.43680000,1.43810000,1.43260000,1.43460000,1089162.90000000,1776422699999999,1563639.89426000,12656,463630.90000000,665579.23602000,0
1776422700000000,1.43470000,1.43860000,1.43430000,1.43710000,1060197.10000000,1776423599999999,1523606.97241000,5154,718980.70000000,1033455.47680000,0
1776423600000000,1.43710000,1.44050000,1.43680000,1.43900000,642345.00000000,1776424499999999,924397.97704000,4053,273700.80000000,393834.52214000,0
1776424500000000,1.43890000,1.44440000,1.43820000,1.44370000,1094701.60000000,1776425399999999,1577537.84618000,5219,382156.70000000,550895.13796000,0
1776425400000000,1.44370000,1.44670000,1.44260000,1.44420000,833916.40000000,1776426299999999,1205097.59019000,5898,406121.50000000,586811.44417000,0
1776426300000000,1.44420000,1.44850000,1.44420000,1.44750000,677078.00000000,1776427199999999,979320.21494000,5102,281154.50000000,406608.30431000,0
1776427200000000,1.44750000,1.44830000,1.44470000,1.44760000,815271.20000000,1776428099999999,1179361.77975000,6365,295638.90000000,427663.13416000,0
1776428100000000,1.44750000,1.45100000,1.44420000,1.44790000,1096089.60000000,1776428999999999,1585899.55039000,11637,503333.80000000,728345.04247000,0
1776429000000000,1.44800000,1.45120000,1.44520000,1.44670000,1243156.30000000,1776429899999999,1800593.95707000,9422,471365.90000000,682413.02388000,0
1776429900000000,1.44680000,1.46090000,1.44650000,1.45880000,3513027.90000000,1776430799999999,5114261.80548000,24658,2044101.50000000,2976312.66013000,0
1776430800000000,1.45890000,1.47720000,1.45530000,1.47710000,9732033.90000000,1776431699999999,14247819.08079000,43081,5383425.80000000,7877096.80000000,0
1776431700000000,1.47710000,1.47830000,1.46800000,1.47060000,6060386.20000000,1776432599999999,8937047.59808000,34946,2558635.30000000,3772344.81145000,0
1776432600000000,1.47070000,1.48710000,1.46470000,1.48550000,6609822.90000000,1776433499999999,9757112.93040000,42149,2995831.60000000,4425422.01671000,0
1776433500000000,1.48560000,1.49090000,1.47900000,1.48740000,5940393.50000000,1776434399999999,8826866.84203000,39450,2874443.60000000,4272366.30688000,0
1776434400000000,1.48740000,1.49490000,1.48530000,1.48700000,3934872.70000000,1776435299999999,5858866.07591000,27043,1655959.00000000,2465981.08034000,0
1776435300000000,1.48710000,1.49330000,1.48330000,1.48850000,2793983.20000000,1776436199999999,4159096.59870000,20604,1363051.70000000,2029293.04400000,0
1776436200000000,1.48860000,1.51000000,1.48860000,1.50320000,6700157.20000000,1776437099999999,10049623.48322000,30561,3433015.90000000,5147935.00835000,0
1776437100000000,1.50310000,1.50580000,1.49530000,1.49880000,3566538.00000000,1776437999999999,5354719.24329000,24475,1271460.00000000,1908750.19612000,0
1776438000000000,1.49880000,1.50220000,1.48930000,1.49600000,4152383.60000000,1776438899999999,6206521.65278000,24500,1768609.40000000,2644383.60221000,0
1776438900000000,1.49600000,1.49980000,1.49000000,1.49270000,2294556.50000000,1776439799999999,3429919.45191000,21420,1052115.10000000,1572707.82901000,0
1776439800000000,1.49270000,1.49330000,1.47980000,1.48070000,3008331.00000000,1776440699999999,4471721.85106000,23005,1368937.10000000,2034487.94429000,0
1776440700000000,1.48070000,1.48710000,1.47620000,1.48610000,2720950.50000000,1776441599999999,4032805.36400000,19954,1368155.10000000,2027361.40943000,0
1776441600000000,1.48610000,1.49430000,1.48550000,1.49070000,2467927.00000000,1776442499999999,3679445.59102000,14812,861670.70000000,1284330.48860000,0
1776442500000000,1.49070000,1.49920000,1.48860000,1.49680000,3001082.20000000,1776443399999999,4483552.49997000,15840,1432137.50000000,2139546.42272000,0
1776443400000000,1.49670000,1.50060000,1.49180000,1.49410000,2147723.70000000,1776444299999999,3213573.19346000,15133,1082346.10000000,1619254.58673000,0
1776444300000000,1.49410000,1.49810000,1.49250000,1.49770000,2578023.60000000,1776445199999999,3855700.98074000,13807,1445618.60000000,2162067.95432000,0
1776445200000000,1.49760000,1.49790000,1.48730000,1.49080000,2968687.80000000,1776446099999999,4429858.03808000,20366,1517563.10000000,2264601.20201000,0
1776446100000000,1.49080000,1.49200000,1.47710000,1.48170000,2524680.80000000,1776446999999999,3743201.76890000,21841,934166.40000000,1386309.96515000,0
1776447000000000,1.48180000,1.48770000,1.48180000,1.48410000,1067076.20000000,1776447899999999,1584644.32047000,13407,534967.30000000,794338.13218000,0
1776447900000000,1.48410000,1.48820000,1.48220000,1.48380000,1244641.30000000,1776448799999999,1847803.94030000,10259,586001.20000000,870101.72914000,0
1776448800000000,1.48380000,1.48470000,1.47280000,1.47480000,2606716.30000000,1776449699999999,3848015.12150000,14230,812545.90000000,1199656.72270000,0
1776449700000000,1.47490000,1.48180000,1.47430000,1.47830000,1016652.50000000,1776450599999999,1502389.04396000,13950,459534.20000000,679125.09894000,0
1776450600000000,1.47840000,1.48150000,1.47630000,1.48090000,805303.00000000,1776451499999999,1190743.07487000,8839,378921.00000000,560223.29508000,0
1776451500000000,1.48090000,1.48160000,1.47420000,1.47770000,556375.30000000,1776452399999999,822316.02841000,8920,180966.30000000,267446.01017000,0
1776452400000000,1.47760000,1.48300000,1.47650000,1.48250000,1165547.20000000,1776453299999999,1724309.06237000,8960,565479.70000000,836639.30434000,0
1776453300000000,1.48250000,1.48830000,1.48250000,1.48580000,972813.90000000,1776454199999999,1444905.05558000,8330,419217.60000000,622538.64501000,0
1776454200000000,1.48580000,1.49130000,1.48580000,1.49070000,871661.90000000,1776455099999999,1297823.12939000,6962,317991.70000000,473377.08462000,0
1776455100000000,1.49060000,1.49230000,1.48690000,1.48710000,1189289.70000000,1776455999999999,1771586.15479000,8067,387031.90000000,576485.16164000,0
1776456000000000,1.48720000,1.48960000,1.48520000,1.48660000,820302.00000000,1776456899999999,1220228.11620000,7574,376138.70000000,559533.68638000,0
1776456900000000,1.48660000,1.48660000,1.48100000,1.48190000,569411.50000000,1776457799999999,844844.15046000,5310,215446.00000000,319588.47685000,0
1776457800000000,1.48200000,1.48250000,1.47540000,1.47850000,722923.70000000,1776458699999999,1068587.57924000,7911,310568.50000000,458902.89085000,0
1776458700000000,1.47840000,1.48180000,1.47760000,1.48170000,308675.10000000,1776459599999999,456875.39344000,4411,146144.40000000,216300.82990000,0
1776459600000000,1.48170000,1.48480000,1.48000000,1.48080000,451568.40000000,1776460499999999,669322.35103000,5136,206388.70000000,305867.08716000,0
1776460500000000,1.48070000,1.48730000,1.47990000,1.48270000,1015477.80000000,1776461399999999,1507091.80726000,7505,597907.30000000,887366.20185000,0
1776461400000000,1.48270000,1.48330000,1.47790000,1.48180000,793518.20000000,1776462299999999,1175026.30722000,6857,373982.20000000,553912.04783000,0
1776462300000000,1.48180000,1.48290000,1.47890000,1.47920000,585289.20000000,1776463199999999,866811.06806000,5679,310159.30000000,459363.27474000,0
1776463200000000,1.47920000,1.48420000,1.47730000,1.48210000,749466.90000000,1776464099999999,1110289.50866000,7910,349204.30000000,517255.07111000,0
1776464100000000,1.48210000,1.48460000,1.47860000,1.48140000,1230610.20000000,1776464999999999,1823313.58015000,10010,540565.70000000,800860.85057000,0
1776465000000000,1.48140000,1.48830000,1.48040000,1.48560000,1097579.70000000,1776465899999999,1629888.60269000,10399,596664.30000000,885832.92167000,0
1776465900000000,1.48560000,1.48770000,1.48370000,1.48450000,641422.70000000,1776466799999999,953084.71454000,4924,206540.00000000,306867.87753000,0
1776466800000000,1.48450000,1.48450000,1.47960000,1.48030000,659186.70000000,1776467699999999,976745.55662000,6221,224730.00000000,332994.75993000,0
1776467700000000,1.48020000,1.48020000,1.47210000,1.47710000,1486081.10000000,1776468599999999,2193396.90888000,11003,697401.40000000,1029491.71076000,0
1776468600000000,1.47710000,1.47930000,1.47470000,1.47520000,767988.10000000,1776469499999999,1134426.50123000,7255,329271.00000000,486445.03899000,0
1776469500000000,1.47530000,1.47850000,1.47510000,1.47570000,1021687.60000000,1776470399999999,1508750.93110000,6427,541764.60000000,800030.82665000,0
1776470400000000,1.47570000,1.48000000,1.47400000,1.47580000,580646.10000000,1776471299999999,857360.38757000,7483,309495.30000000,456978.42752000,0
1776471300000000,1.47590000,1.48030000,1.47590000,1.47880000,664651.90000000,1776472199999999,982193.84308000,6037,279961.80000000,413751.98080000,0
1776472200000000,1.47870000,1.47990000,1.47260000,1.47270000,720893.30000000,1776473099999999,1063634.63499000,7915,257352.90000000,379680.85710000,0
1776473100000000,1.47270000,1.47660000,1.47200000,1.47600000,392105.90000000,1776473999999999,578364.69533000,5733,172192.30000000,253949.05686000,0
1776474000000000,1.47610000,1.48170000,1.47490000,1.48130000,455816.80000000,1776474899999999,673942.46865000,6289,230003.20000000,340067.57886000,0
1776474900000000,1.48140000,1.48230000,1.47700000,1.47730000,370451.20000000,1776475799999999,548251.76089000,4950,183156.40000000,271100.12621000,0
1776475800000000,1.47730000,1.47750000,1.47310000,1.47500000,549836.80000000,1776476699999999,811225.56438000,6472,221072.20000000,326220.79819000,0
1776476700000000,1.47500000,1.47830000,1.47420000,1.47820000,367389.20000000,1776477599999999,542261.81416000,4703,180121.70000000,265896.87594000,0
1776477600000000,1.47810000,1.47810000,1.46960000,1.47230000,1402255.80000000,1776478499999999,2064625.76056000,7666,496561.60000000,731216.43514000,0
1776478500000000,1.47220000,1.47790000,1.47180000,1.47590000,310355.10000000,1776479399999999,457652.76866000,5235,187792.10000000,276869.12599000,0
1776479400000000,1.47590000,1.47800000,1.47350000,1.47510000,431452.80000000,1776480299999999,636797.45761000,5218,208317.20000000,307456.92583000,0
1776480300000000,1.47520000,1.47660000,1.47410000,1.47560000,304480.90000000,1776481199999999,449176.19594000,3303,131782.70000000,194417.08385000,0
1776481200000000,1.47550000,1.47550000,1.47200000,1.47270000,360501.50000000,1776482099999999,531186.55442000,5334,145750.30000000,214741.85721000,0
1776482100000000,1.47260000,1.47400000,1.47050000,1.47080000,410815.60000000,1776482999999999,604931.09715000,4016,183411.00000000,270113.87468000,0
1776483000000000,1.47080000,1.47260000,1.46980000,1.47220000,322226.40000000,1776483899999999,474169.39025000,4598,178294.80000000,262374.03136000,0
1776483900000000,1.47220000,1.47400000,1.46690000,1.46860000,1006367.40000000,1776484799999999,1478861.06540000,8517,320241.20000000,470455.77708000,0
1776484800000000,1.46870000,1.46870000,1.46270000,1.46780000,1562581.10000000,1776485699999999,2290560.37101000,8552,655675.30000000,961051.89109000,0
1776485700000000,1.46780000,1.46790000,1.46430000,1.46520000,453932.40000000,1776486599999999,665321.83547000,4012,203304.10000000,297943.05638000,0
1776486600000000,1.46520000,1.46830000,1.46350000,1.46580000,530590.30000000,1776487499999999,777527.40796000,4483,179619.00000000,263253.97958000,0
1776487500000000,1.46590000,1.46980000,1.46570000,1.46860000,269618.30000000,1776488399999999,395759.88085000,2753,161834.90000000,237539.62525000,0
1776488400000000,1.46850000,1.47320000,1.46790000,1.47270000,221460.30000000,1776489299999999,325858.50332000,3011,121934.00000000,179425.54116000,0
1776489300000000,1.47270000,1.47480000,1.47220000,1.47480000,353429.30000000,1776490199999999,520722.01835000,2991,231882.00000000,341635.16278000,0
1776490200000000,1.47470000,1.47710000,1.46940000,1.47080000,1040292.20000000,1776491099999999,1532572.08819000,6192,440443.60000000,648966.59917000,0
1776491100000000,1.47070000,1.47120000,1.46870000,1.46900000,254451.90000000,1776491999999999,373979.47172000,2112,143455.40000000,210844.27225000,0
1776492000000000,1.46900000,1.46930000,1.46600000,1.46770000,924736.40000000,1776492899999999,1356956.79436000,5099,428644.60000000,629051.97153000,0
1776492900000000,1.46770000,1.46770000,1.46400000,1.46640000,468236.40000000,1776493799999999,686206.01962000,4543,208000.10000000,304810.82319000,0
1776493800000000,1.46640000,1.47280000,1.46540000,1.47220000,968146.30000000,1776494699999999,1421566.79047000,4727,593818.90000000,871874.08093000,0
1776494700000000,1.47210000,1.47330000,1.47070000,1.47080000,594353.40000000,1776495599999999,874831.04091000,3339,322683.90000000,474908.53178000,0
1776495600000000,1.47070000,1.47330000,1.46890000,1.47020000,350126.70000000,1776496499999999,514946.96299000,3833,166080.90000000,244184.98226000,0
1776496500000000,1.47030000,1.47330000,1.46970000,1.47300000,456617.30000000,1776497399999999,671988.58010000,3130,270508.00000000,398080.20053000,0
1776497400000000,1.47290000,1.47570000,1.47110000,1.47290000,615348.80000000,1776498299999999,906935.90348000,5133,284956.00000000,419930.96596000,0
1776498300000000,1.47290000,1.47570000,1.47240000,1.47410000,566005.60000000,1776499199999999,834421.29319000,4523,355461.60000000,524126.47877000,0
1776499200000000,1.47420000,1.47540000,1.46480000,1.46500000,1210496.40000000,1776500099999999,1779951.06423000,6948,379240.70000000,557541.83974000,0
1776500100000000,1.46500000,1.46500000,1.45560000,1.45680000,2600897.20000000,1776500999999999,3796777.46304000,18233,1104907.70000000,1612546.75045000,0
1776501000000000,1.45670000,1.45730000,1.44540000,1.44830000,4036125.60000000,1776501899999999,5856220.66775000,20050,2068853.80000000,3000078.83003000,0
1776501900000000,1.44840000,1.45570000,1.44650000,1.45330000,3356006.00000000,1776502799999999,4870346.07242000,13949,1786448.60000000,2593001.54580000,0
1776502800000000,1.45330000,1.45450000,1.44780000,1.44990000,1399758.40000000,1776503699999999,2030869.89028000,10543,450791.20000000,654124.27582000,0
1776503700000000,1.44990000,1.45180000,1.44610000,1.45150000,1208939.40000000,1776504599999999,1751250.90523000,10341,489803.50000000,709681.33902000,0
1776504600000000,1.45160000,1.45350000,1.44970000,1.45200000,698228.60000000,1776505499999999,1013520.93932000,6697,334629.30000000,485775.63091000,0
1776505500000000,1.45200000,1.45410000,1.44740000,1.45060000,1563964.60000000,1776506399999999,2268941.12076000,8115,823274.90000000,1194562.69015000,0
1776506400000000,1.45050000,1.45060000,1.43750000,1.44040000,3061128.40000000,1776507299999999,4415562.92744000,19557,1251486.60000000,1804621.94815000,0
1776507300000000,1.44040000,1.44270000,1.43810000,1.43930000,2066229.90000000,1776508199999999,2974913.51754000,9167,1082644.20000000,1558653.66734000,0
1776508200000000,1.43930000,1.44200000,1.43670000,1.43900000,1734625.70000000,1776509099999999,2497091.27520000,8639,759451.80000000,1093136.75178000,0
1776509100000000,1.43910000,1.44000000,1.43560000,1.43970000,1257364.10000000,1776509999999999,1808059.67632000,7327,736834.90000000,1059589.20284000,0
1776510000000000,1.43960000,1.44000000,1.43000000,1.43010000,1760229.20000000,1776510899999999,2524128.46576000,14150,602141.80000000,863183.46680000,0
1776510900000000,1.43010000,1.43410000,1.43000000,1.43340000,1591353.50000000,1776511799999999,2278663.79964000,10754,870418.80000000,1246241.13966000,0
1776511800000000,1.43330000,1.43740000,1.42460000,1.42710000,2507337.10000000,1776512699999999,3585199.39568000,16379,1063826.90000000,1521982.71781000,0
1776512700000000,1.42720000,1.43330000,1.42580000,1.43140000,1569035.50000000,1776513599999999,2243247.82355000,14144,672130.80000000,960902.74178000,0
1776513600000000,1.43140000,1.43760000,1.43060000,1.43700000,1747038.10000000,1776514499999999,2507811.40994000,12813,961527.20000000,1380454.68276000,0
1776514500000000,1.43690000,1.43780000,1.43320000,1.43320000,1011640.20000000,1776515399999999,1452247.77153000,8567,533332.60000000,765631.46515000,0
1776515400000000,1.43330000,1.43620000,1.43140000,1.43590000,667985.40000000,1776516299999999,957694.97074000,7125,333735.30000000,478447.32662000,0
1776516300000000,1.43600000,1.43790000,1.43460000,1.43620000,794590.80000000,1776517199999999,1141356.73112000,6393,274979.20000000,394968.85918000,0
1776517200000000,1.43610000,1.43770000,1.43470000,1.43550000,499229.00000000,1776518099999999,716969.37035000,5930,260915.80000000,374707.28460000,0
1776518100000000,1.43560000,1.43760000,1.43230000,1.43510000,454468.10000000,1776518999999999,651873.75214000,5783,238212.50000000,341735.93488000,0
1776519000000000,1.43520000,1.43600000,1.42960000,1.43320000,895184.10000000,1776519899999999,1282718.41864000,9359,353899.00000000,507231.52236000,0
1776519900000000,1.43320000,1.43860000,1.43140000,1.43720000,983959.50000000,1776520799999999,1413346.82482000,7218,593672.30000000,852877.56762000,0
1776520800000000,1.43720000,1.43840000,1.43380000,1.43680000,616299.50000000,1776521699999999,885064.39608000,5864,350834.40000000,503838.53181000,0
1776521700000000,1.43670000,1.43820000,1.43260000,1.43690000,1075895.80000000,1776522599999999,1545270.26249000,6752,718499.60000000,1032193.89114000,0
1776522600000000,1.43680000,1.43840000,1.43480000,1.43480000,743175.10000000,1776523499999999,1067849.85390000,5827,307834.10000000,442291.38768000,0
1776523500000000,1.43490000,1.43610000,1.43320000,1.43500000,405036.00000000,1776524399999999,581176.38129000,4438,216583.10000000,310789.66625000,0
1776524400000000,1.43490000,1.43740000,1.43090000,1.43640000,1613378.80000000,1776525299999999,2313559.89340000,8544,807053.10000000,1157383.80460000,0
1776525300000000,1.43640000,1.43990000,1.43440000,1.43890000,464015.90000000,1776526199999999,667227.42220000,4651,177514.20000000,255148.93692000,0
1776526200000000,1.43890000,1.43970000,1.43460000,1.43460000,478985.00000000,1776527099999999,688739.48270000,3905,206709.20000000,297145.05318000,0
1776527100000000,1.43460000,1.43720000,1.43350000,1.43620000,555670.00000000,1776527999999999,797474.74176000,3949,280812.30000000,402990.85681000,0
1776528000000000,1.43610000,1.43830000,1.43310000,1.43760000,699171.20000000,1776528899999999,1003689.15080000,6827,208842.80000000,299858.76341000,0
1776528900000000,1.43760000,1.43920000,1.43100000,1.43610000,1395034.20000000,1776529799999999,2002463.57870000,11837,617491.20000000,886669.70315000,0
1776529800000000,1.43620000,1.43710000,1.43380000,1.43470000,399871.60000000,1776530699999999,573719.52066000,3121,127560.90000000,183009.51817000,0
1776530700000000,1.43460000,1.43570000,1.43160000,1.43360000,590537.50000000,1776531599999999,846108.13018000,4951,262203.70000000,375690.42863000,0
1776531600000000,1.43350000,1.43350000,1.42760000,1.43000000,1970159.70000000,1776532499999999,2817658.78055000,8563,602049.30000000,861290.95396000,0
1776532500000000,1.43000000,1.43280000,1.42970000,1.43190000,334105.40000000,1776533399999999,478260.72795000,4160,192411.20000000,275432.07775000,0
1776533400000000,1.43200000,1.43390000,1.43170000,1.43180000,296137.00000000,1776534299999999,424334.97465000,3277,152399.80000000,218361.50363000,0
1776534300000000,1.43180000,1.43330000,1.43180000,1.43180000,247347.50000000,1776535199999999,354315.39931000,2608,112505.00000000,161165.74393000,0
1776535200000000,1.43190000,1.43440000,1.42980000,1.43190000,650024.70000000,1776536099999999,931035.82036000,5272,267232.20000000,382791.82658000,0
1776536100000000,1.43190000,1.43190000,1.42710000,1.42780000,931409.80000000,1776536999999999,1330829.67025000,6435,285523.00000000,407952.60015000,0
1776537000000000,1.42790000,1.42850000,1.42350000,1.42670000,1518689.40000000,1776537899999999,2164819.32950000,13072,529860.50000000,755386.44303000,0
1776537900000000,1.42670000,1.43080000,1.42380000,1.42560000,1131115.90000000,1776538799999999,1613156.06410000,7813,619634.40000000,883820.94891000,0
1776538800000000,1.42560000,1.43120000,1.42540000,1.42970000,559000.90000000,1776539699999999,798618.83068000,5381,315480.20000000,450738.40362000,0
1776539700000000,1.42980000,1.43030000,1.42570000,1.42770000,566684.80000000,1776540599999999,809268.73195000,4213,227347.80000000,324728.40016000,0
1776540600000000,1.42770000,1.42830000,1.42490000,1.42570000,578792.30000000,1776541499999999,825363.80831000,4828,217486.30000000,310133.07333000,0
1776541500000000,1.42560000,1.42870000,1.42550000,1.42710000,555686.50000000,1776542399999999,793118.16884000,4253,353449.80000000,504420.74479000,0
1776542400000000,1.42720000,1.42730000,1.42390000,1.42590000,470805.50000000,1776543299999999,671262.57987000,5394,208072.50000000,296683.30379000,0
1776543300000000,1.42590000,1.42820000,1.42510000,1.42610000,495790.80000000,1776544199999999,707171.75013000,4574,288136.50000000,410972.58727000,0
1776544200000000,1.42610000,1.42820000,1.42560000,1.42810000,438752.30000000,1776545099999999,625911.77001000,4001,280796.70000000,400568.16838000,0
1776545100000000,1.42800000,1.43040000,1.42760000,1.42810000,457813.10000000,1776545999999999,654091.95108000,3999,233272.40000000,333261.28622000,0
1776546000000000,1.42820000,1.43140000,1.42800000,1.43100000,377965.70000000,1776546899999999,540566.31627000,3315,200780.30000000,287163.78171000,0
1776546900000000,1.43090000,1.43260000,1.42940000,1.43230000,405211.50000000,1776547799999999,579702.77254000,3627,232368.00000000,332475.64779000,0
1776547800000000,1.43230000,1.43540000,1.43100000,1.43430000,577829.70000000,1776548699999999,828002.56275000,4078,315999.40000000,452792.31617000,0
1776548700000000,1.43440000,1.43810000,1.43440000,1.43620000,649266.20000000,1776549599999999,932205.30652000,4578,368840.90000000,529610.65963000,0
1776549600000000,1.43620000,1.43620000,1.43000000,1.43180000,778590.40000000,1776550499999999,1114818.49962000,6517,325869.70000000,466514.17569000,0
1776550500000000,1.43190000,1.43440000,1.43180000,1.43410000,258634.40000000,1776551399999999,370676.51084000,2999,148703.80000000,213138.79579000,0
1776551400000000,1.43400000,1.43610000,1.43310000,1.43420000,285436.10000000,1776552299999999,409417.28276000,3000,155127.20000000,222521.52312000,0
1776552300000000,1.43420000,1.43550000,1.43390000,1.43440000,451995.70000000,1776553199999999,648476.55650000,3069,308940.70000000,443236.80117000,0
1776553200000000,1.43430000,1.43780000,1.43390000,1.43680000,519612.60000000,1776554099999999,746269.30405000,3147,344451.40000000,494682.42323000,0
1776554100000000,1.43690000,1.43840000,1.43680000,1.43740000,321503.80000000,1776554999999999,462172.83178000,2320,154560.30000000,222178.29861000,0
1776555000000000,1.43740000,1.43830000,1.43510000,1.43750000,500775.20000000,1776555899999999,719448.40344000,3769,295333.40000000,424266.62536000,0
1776555900000000,1.43740000,1.43760000,1.43200000,1.43230000,348287.30000000,1776556799999999,499571.99395000,2902,163081.40000000,233841.13268000,0
1776556800000000,1.43240000,1.43620000,1.43210000,1.43450000,362282.70000000,1776557699999999,519733.27200000,3524,173661.80000000,249147.20193000,0
1776557700000000,1.43450000,1.43450000,1.43110000,1.43210000,245251.40000000,1776558599999999,351298.30706000,4262,89114.30000000,127632.24625000,0
1776558600000000,1.43200000,1.43320000,1.42940000,1.43070000,339759.30000000,1776559499999999,485983.59701000,2905,109519.50000000,156693.07738000,0
1776559500000000,1.43080000,1.43560000,1.43080000,1.43300000,677064.90000000,1776560399999999,970949.10512000,3126,295519.00000000,423625.34634000,0
1776560400000000,1.43300000,1.43860000,1.43300000,1.43740000,864242.20000000,1776561299999999,1241673.07108000,6542,391897.10000000,563019.94699000,0
1776561300000000,1.43740000,1.43760000,1.43220000,1.43220000,345204.10000000,1776562199999999,495104.34380000,2757,97772.40000000,140217.21224000,0
1776562200000000,1.43220000,1.43250000,1.42930000,1.43020000,496497.20000000,1776563099999999,710340.46244000,4652,202551.50000000,289789.62839000,0
1776563100000000,1.43020000,1.43310000,1.43020000,1.43180000,417347.40000000,1776563999999999,597560.58810000,3721,202790.70000000,290318.78671000,0
1776564000000000,1.43180000,1.43180000,1.42960000,1.43100000,248280.80000000,1776564899999999,355162.72421000,3243,102284.90000000,146325.51388000,0
1776564900000000,1.43110000,1.43220000,1.42360000,1.42470000,1450551.90000000,1776565799999999,2067739.70574000,7842,460555.60000000,656770.55746000,0
1776565800000000,1.42470000,1.43390000,1.42390000,1.43340000,611930.60000000,1776566699999999,873708.13715000,7258,340026.80000000,485704.53129000,0
1776566700000000,1.43340000,1.43490000,1.43000000,1.43010000,579109.30000000,1776567599999999,829347.82429000,5524,214715.40000000,307448.93980000,0
1776567600000000,1.43020000,1.43240000,1.42650000,1.43240000,606716.20000000,1776568499999999,867191.05287000,6128,297759.60000000,425626.00204000,0
1776568500000000,1.43250000,1.43380000,1.42960000,1.43100000,317411.70000000,1776569399999999,454453.08958000,3564,173703.20000000,248670.66660000,0
1776569400000000,1.43100000,1.43340000,1.42930000,1.43320000,432307.30000000,1776570299999999,618988.20411000,4143,338842.80000000,485203.64113000,0
1776570300000000,1.43330000,1.43380000,1.42890000,1.42940000,469241.00000000,1776571199999999,671628.44928000,4442,157258.80000000,225067.65589000,0
1776571200000000,1.42950000,1.43350000,1.42860000,1.43240000,327170.40000000,1776572099999999,468151.64869000,4120,178099.70000000,254843.60362000,0
1776572100000000,1.43240000,1.43360000,1.43110000,1.43180000,477372.50000000,1776572999999999,683728.30062000,3984,252858.30000000,362222.31142000,0
1776573000000000,1.43190000,1.43210000,1.42380000,1.42740000,724280.90000000,1776573899999999,1034220.01410000,6895,304296.10000000,434433.81447000,0
1776573900000000,1.42750000,1.43160000,1.42660000,1.43040000,431425.60000000,1776574799999999,616691.11298000,4560,212869.80000000,304261.46235000,0
1776574800000000,1.43050000,1.43270000,1.42950000,1.43180000,361988.80000000,1776575699999999,518083.31706000,3190,168636.40000000,241328.80739000,0
1776575700000000,1.43170000,1.43470000,1.43060000,1.43440000,431335.30000000,1776576599999999,618003.38968000,2977,275900.20000000,395384.18050000,0
1776576600000000,1.43440000,1.44310000,1.43350000,1.43440000,1910395.20000000,1776577499999999,2747217.01649000,11357,1021966.70000000,1469420.97263000,0
1776577500000000,1.43440000,1.43530000,1.43010000,1.43020000,527144.00000000,1776578399999999,755210.20754000,5026,272950.00000000,391058.86805000,0
1776578400000000,1.43030000,1.43110000,1.41910000,1.42050000,2557772.00000000,1776579299999999,3645137.23634000,12500,1193376.10000000,1701384.17017000,0
1776579300000000,1.42050000,1.42550000,1.41810000,1.42390000,1939792.20000000,1776580199999999,2755948.76642000,12081,1070509.10000000,1521076.82309000,0
1776580200000000,1.42390000,1.42950000,1.42390000,1.42950000,317933.70000000,1776581099999999,453885.62050000,5083,140885.90000000,201080.01854000,0
1776581100000000,1.42940000,1.42960000,1.42740000,1.42860000,392941.80000000,1776581999999999,561457.88494000,4034,192091.30000000,274489.38823000,0
1776582000000000,1.42870000,1.42950000,1.42670000,1.42740000,760748.70000000,1776582899999999,1086479.23422000,5048,420998.20000000,601267.54015000,0
1776582900000000,1.42750000,1.42750000,1.41480000,1.41640000,2024083.20000000,1776583799999999,2872114.36125000,16018,810135.10000000,1149452.48021000,0
1776583800000000,1.41650000,1.42390000,1.41630000,1.42150000,1931619.20000000,1776584699999999,2744453.52133000,11955,1205037.80000000,1711752.38302000,0
1776584700000000,1.42140000,1.42280000,1.41850000,1.42000000,434615.20000000,1776585599999999,617419.79371000,4803,188199.00000000,267422.88042000,0
1776585600000000,1.41990000,1.42040000,1.41670000,1.41790000,783270.90000000,1776586499999999,1110682.50164000,5693,328823.90000000,466259.64180000,0
1776586500000000,1.41790000,1.42260000,1.41540000,1.42130000,1126446.30000000,1776587399999999,1598264.31651000,6757,475940.80000000,675163.46765000,0
1776587400000000,1.42130000,1.42480000,1.42000000,1.42400000,634172.00000000,1776588299999999,902520.34259000,5509,386888.30000000,550731.28777000,0
1776588300000000,1.42400000,1.42890000,1.42320000,1.42480000,1907101.50000000,1776589199999999,2719747.43498000,8491,1031386.00000000,1470534.07277000,0
1776589200000000,1.42470000,1.42590000,1.42080000,1.42100000,473577.60000000,1776590099999999,673708.93888000,4476,174800.70000000,248702.13360000,0
1776590100000000,1.42100000,1.42120000,1.41310000,1.41930000,2514469.90000000,1776590999999999,3566108.09549000,8743,671945.10000000,952267.86495000,0
1776591000000000,1.41920000,1.42280000,1.41860000,1.41920000,400138.00000000,1776591899999999,568392.14429000,4169,202445.60000000,287556.99286000,0
1776591900000000,1.41930000,1.42180000,1.41750000,1.42150000,475903.90000000,1776592799999999,675761.07574000,4406,233225.20000000,331225.05756000,0
1776592800000000,1.42150000,1.42800000,1.41930000,1.42030000,2439472.40000000,1776593699999999,3472858.44322000,10866,1218716.70000000,1734572.45830000,0
1776593700000000,1.42030000,1.42360000,1.41600000,1.42180000,1234255.30000000,1776594599999999,1752155.93221000,8634,750065.50000000,1064707.23775000,0
1776594600000000,1.42170000,1.42370000,1.42090000,1.42270000,499372.80000000,1776595499999999,710006.41068000,4151,190768.60000000,271219.73678000,0
1776595500000000,1.42270000,1.42530000,1.42210000,1.42310000,325821.50000000,1776596399999999,463732.65139000,4210,175972.90000000,250462.26222000,0
1776596400000000,1.42310000,1.42850000,1.42240000,1.42720000,420379.50000000,1776597299999999,599143.26386000,7072,238604.10000000,340113.26988000,0
1776597300000000,1.42710000,1.42910000,1.42620000,1.42790000,750623.50000000,1776598199999999,1071682.40325000,6759,449070.50000000,641113.52103000,0
1776598200000000,1.42780000,1.43090000,1.42640000,1.42910000,439064.30000000,1776599099999999,627361.09774000,5483,227286.20000000,324778.60922000,0
1776599100000000,1.42910000,1.43090000,1.42820000,1.42970000,619434.90000000,1776599999999999,885426.99996000,5620,286312.60000000,409293.73988000,0
1776600000000000,1.42980000,1.43330000,1.42970000,1.43190000,1204004.40000000,1776600899999999,1723647.73581000,9769,792809.20000000,1135000.21725000,0
1776600900000000,1.43190000,1.43190000,1.42920000,1.42970000,482595.10000000,1776601799999999,690255.10658000,4886,224213.30000000,320727.12696000,0
1776601800000000,1.42970000,1.43040000,1.42570000,1.42840000,663104.90000000,1776602699999999,946789.26914000,5384,316928.70000000,452502.76006000,0
1776602700000000,1.42840000,1.43310000,1.42760000,1.43160000,414036.70000000,1776603599999999,592092.98148000,4020,229849.10000000,328598.48736000,0
1776603600000000,1.43150000,1.43610000,1.43110000,1.43570000,744329.70000000,1776604499999999,1067880.94401000,7191,413735.20000000,593563.00805000,0
1776604500000000,1.43560000,1.44650000,1.43470000,1.44150000,2106517.20000000,1776605399999999,3036475.70517000,17261,1158278.50000000,1669569.41874000,0
1776605400000000,1.44160000,1.44240000,1.43730000,1.44120000,854425.00000000,1776606299999999,1229746.20907000,7601,390636.20000000,562224.82137000,0
1776606300000000,1.44120000,1.44700000,1.43580000,1.43870000,3381073.20000000,1776607199999999,4875775.04470000,13584,1722711.30000000,2485123.57579000,0
1776607200000000,1.43880000,1.44040000,1.43280000,1.43590000,813237.40000000,1776608099999999,1167213.01761000,8998,370540.50000000,531951.58635000,0
1776608100000000,1.43580000,1.44130000,1.43440000,1.44040000,1405918.70000000,1776608999999999,2021811.61850000,9172,910397.20000000,1309550.34610000,0
1776609000000000,1.44050000,1.44100000,1.43650000,1.43960000,672947.30000000,1776609899999999,968105.94770000,8060,372245.90000000,535415.09258000,0
1776609900000000,1.43960000,1.44260000,1.43780000,1.43780000,638141.40000000,1776610799999999,919023.86084000,8168,325594.50000000,468976.71648000,0
1776610800000000,1.43770000,1.43800000,1.43440000,1.43510000,655325.80000000,1776611699999999,941035.24642000,8509,314437.80000000,451492.04784000,0
1776611700000000,1.43510000,1.43890000,1.43310000,1.43400000,621855.50000000,1776612599999999,892475.38256000,7306,398926.70000000,572476.94170000,0
1776612600000000,1.43410000,1.43440000,1.42060000,1.42610000,2432754.10000000,1776613499999999,3470952.07872000,18123,1176247.70000000,1677539.65568000,0
1776613500000000,1.42610000,1.43160000,1.42520000,1.43150000,539838.00000000,1776614399999999,771244.22408000,7791,275478.60000000,393542.39448000,0
1776614400000000,1.43150000,1.43230000,1.42760000,1.42850000,891125.80000000,1776615299999999,1273712.77289000,9249,307345.20000000,439438.82209000,0
1776615300000000,1.42850000,1.43020000,1.42350000,1.42450000,1550947.70000000,1776616199999999,2211228.35017000,9262,602787.90000000,859398.62870000,0
1776616200000000,1.42440000,1.42870000,1.42320000,1.42670000,566173.50000000,1776617099999999,807849.79689000,6665,212482.60000000,303144.57743000,0
1776617100000000,1.42660000,1.42800000,1.42010000,1.42220000,657470.20000000,1776617999999999,935645.73714000,10795,278694.00000000,396572.49289000,0
1776618000000000,1.42210000,1.42330000,1.41660000,1.41980000,1229293.50000000,1776618899999999,1744785.16454000,13871,521883.30000000,740575.34886000,0
1776618900000000,1.41990000,1.42420000,1.41810000,1.42040000,864103.90000000,1776619799999999,1228555.15240000,7616,504797.20000000,717755.54950000,0
1776619800000000,1.42040000,1.42260000,1.41600000,1.42020000,684613.60000000,1776620699999999,971297.71414000,7429,379347.10000000,538196.34431000,0
1776620700000000,1.42010000,1.42190000,1.41160000,1.41290000,1693838.80000000,1776621599999999,2397032.96641000,16351,649319.70000000,918756.74368000,0
1776621600000000,1.41300000,1.41760000,1.41130000,1.41760000,1037051.20000000,1776622499999999,1466781.97276000,14615,600792.00000000,849884.52164000,0
1776622500000000,1.41760000,1.41810000,1.41240000,1.41610000,1006794.30000000,1776623399999999,1425160.38001000,9794,558542.00000000,790601.17911000,0
1776623400000000,1.41610000,1.41670000,1.41370000,1.41530000,801530.90000000,1776624299999999,1134419.89503000,6596,366760.80000000,519164.88495000,0
1776624300000000,1.41520000,1.41710000,1.41350000,1.41560000,498594.70000000,1776625199999999,705678.84328000,6079,344801.60000000,488001.13300000,0
1776625200000000,1.41570000,1.41970000,1.41570000,1.41830000,509412.60000000,1776626099999999,722523.09561000,6119,291574.80000000,413501.35141000,0
1776626100000000,1.41820000,1.42140000,1.41690000,1.41840000,391794.30000000,1776626999999999,555871.36777000,5053,220682.40000000,313054.46644000,0
1776627000000000,1.41840000,1.42100000,1.41810000,1.41890000,336962.50000000,1776627899999999,478267.20141000,3573,182313.80000000,258782.42682000,0
1776627900000000,1.41890000,1.42010000,1.41570000,1.41750000,364093.90000000,1776628799999999,516214.50933000,3672,149694.90000000,212263.11349000,0
1776628800000000,1.41750000,1.41750000,1.41250000,1.41440000,825815.90000000,1776629699999999,1167829.70994000,8021,248261.00000000,351020.99680000,0
1776629700000000,1.41440000,1.41500000,1.41150000,1.41430000,942449.10000000,1776630599999999,1331432.57384000,5666,583932.10000000,824872.39099000,0
1776630600000000,1.41430000,1.41740000,1.40900000,1.41080000,1513254.60000000,1776631499999999,2137347.18472000,8649,535266.60000000,756464.50956000,0
1776631500000000,1.41090000,1.41480000,1.40980000,1.41050000,675214.20000000,1776632399999999,953460.23794000,8707,403621.20000000,570003.72595000,0
1776632400000000,1.41050000,1.41540000,1.41010000,1.41400000,934216.90000000,1776633299999999,1319600.31496000,5656,580812.60000000,820323.97056000,0
1776633300000000,1.41400000,1.41490000,1.41150000,1.41440000,306035.00000000,1776634199999999,432393.40925000,3223,160434.90000000,226675.40950000,0
1776634200000000,1.41450000,1.41670000,1.41440000,1.41600000,513248.80000000,1776635099999999,726679.23903000,3952,303834.20000000,430199.91896000,0
1776635100000000,1.41590000,1.41690000,1.40920000,1.40950000,752074.20000000,1776635999999999,1061612.87339000,6702,310337.60000000,437916.65656000,0
1776636000000000,1.40950000,1.40950000,1.39900000,1.40040000,5199257.40000000,1776636899999999,7296087.84168000,32699,2544034.70000000,3570557.95558000,0
1776636900000000,1.40040000,1.40240000,1.39090000,1.39720000,3625857.10000000,1776637799999999,5064195.62725000,19178,1411337.30000000,1970535.94753000,0
1776637800000000,1.39710000,1.40260000,1.39670000,1.40160000,882872.00000000,1776638699999999,1236647.55914000,8259,439626.50000000,615860.74561000,0
1776638700000000,1.40170000,1.40230000,1.39910000,1.39910000,758694.20000000,1776639599999999,1062856.27100000,6079,263926.90000000,369709.01165000,0
1776639600000000,1.39910000,1.39910000,1.39360000,1.39730000,1560457.30000000,1776640499999999,2177402.42483000,10737,815408.50000000,1137847.11166000,0
1776640500000000,1.39720000,1.39720000,1.39260000,1.39550000,961042.20000000,1776641399999999,1340290.17511000,7844,359797.00000000,501739.65707000,0
1776641400000000,1.39550000,1.39740000,1.39430000,1.39560000,625073.10000000,1776642299999999,872363.99572000,5664,302892.40000000,422757.68888000,0
1776642300000000,1.39560000,1.39610000,1.39300000,1.39420000,567151.10000000,1776643199999999,790904.72161000,5031,262536.10000000,366108.10141000,0
1776643200000000,1.39430000,1.40170000,1.39330000,1.40020000,1366709.50000000,1776644099999999,1911658.02926000,11594,637300.80000000,891295.44618000,0
1776644100000000,1.40020000,1.40560000,1.40020000,1.40550000,780346.30000000,1776644999999999,1095175.70274000,6255,394092.40000000,553202.01752000,0
1776645000000000,1.40560000,1.40720000,1.40450000,1.40520000,327625.70000000,1776645899999999,460562.47485000,3575,186935.00000000,262794.66451000,0
1776645900000000,1.40520000,1.40810000,1.40470000,1.40560000,394023.30000000,1776646799999999,554304.25769000,3903,194387.90000000,273453.24299000,0
1776646800000000,1.40550000,1.40790000,1.40510000,1.40780000,373356.70000000,1776647699999999,525215.99804000,3784,185605.90000000,261111.81785000,0
1776647700000000,1.40790000,1.40790000,1.40480000,1.40580000,637942.00000000,1776648599999999,896922.65483000,3384,412118.40000000,579386.13325000,0
1776648600000000,1.40570000,1.41160000,1.40570000,1.41060000,1175830.60000000,1776649499999999,1656561.16812000,5567,949470.80000000,1337497.64179000,0
1776649500000000,1.41060000,1.41120000,1.40770000,1.40800000,905716.30000000,1776650399999999,1276169.49264000,4110,411213.40000000,579487.79859000,0
1776650400000000,1.40810000,1.40850000,1.40490000,1.40510000,795903.20000000,1776651299999999,1119689.80324000,3872,378315.30000000,532267.72729000,0
1776651300000000,1.40500000,1.40770000,1.40410000,1.40480000,854848.40000000,1776652199999999,1201580.01304000,3301,512350.00000000,720104.72932000,0
1776652200000000,1.40480000,1.40750000,1.40410000,1.40740000,1686263.20000000,1776653099999999,2370077.14354000,4017,1289123.60000000,1811743.81869000,0
1776653100000000,1.40750000,1.40860000,1.40630000,1.40800000,1683109.30000000,1776653999999999,2369837.40129000,2897,607488.00000000,855099.56862000,0
1776654000000000,1.40800000,1.41320000,1.40750000,1.41080000,1744188.80000000,1776654899999999,2459908.96845000,3967,1144578.40000000,1614151.28319000,0
1776654900000000,1.41080000,1.41250000,1.40880000,1.41120000,2474683.50000000,1776655799999999,3491720.18986000,4146,1092826.70000000,1541749.00113000,0
1776655800000000,1.41120000,1.41230000,1.40940000,1.40940000,1013456.10000000,1776656699999999,1429797.30237000,2623,570149.70000000,804312.35457000,0
1776656700000000,1.40930000,1.41110000,1.40840000,1.41110000,1340168.70000000,1776657599999999,1889270.57771000,2950,897920.50000000,1265586.51024000,0
1776657600000000,1.41100000,1.41140000,1.40860000,1.40860000,855237.50000000,1776658499999999,1205868.99920000,2869,454861.70000000,641307.84095000,0
1776658500000000,1.40860000,1.40910000,1.40580000,1.40780000,966161.30000000,1776659399999999,1360148.37057000,3094,489459.90000000,688887.23941000,0
1776659400000000,1.40770000,1.40850000,1.40740000,1.40750000,347308.80000000,1776660299999999,488995.01297000,1906,190943.40000000,268838.59136000,0
1776660300000000,1.40750000,1.41050000,1.40750000,1.40910000,611262.80000000,1776661199999999,861439.27038000,2701,383263.00000000,540075.44666000,0
1776661200000000,1.40920000,1.40930000,1.40020000,1.40240000,1067054.20000000,1776662099999999,1498501.63401000,6152,593808.80000000,833635.99388000,0
1776662100000000,1.40230000,1.40230000,1.39900000,1.40020000,698042.30000000,1776662999999999,977383.39584000,3632,264504.40000000,370362.84357000,0
1776663000000000,1.40020000,1.40250000,1.39620000,1.39630000,698197.50000000,1776663899999999,976798.72978000,4101,384454.50000000,537820.20029000,0
1776663900000000,1.39620000,1.39990000,1.39540000,1.39940000,645776.00000000,1776664799999999,902504.72817000,3974,467857.80000000,653768.07745000,0
1776664800000000,1.39930000,1.40400000,1.39930000,1.40200000,712035.50000000,1776665699999999,998500.84069000,4031,336098.30000000,471337.13016000,0
1776665700000000,1.40200000,1.40550000,1.40070000,1.40380000,480968.10000000,1776666599999999,675035.90925000,3626,263610.50000000,369849.66840000,0
1776666600000000,1.40390000,1.41550000,1.40390000,1.41340000,774975.80000000,1776667499999999,1093876.92784000,7877,457970.10000000,646447.30247000,0
1776667500000000,1.41330000,1.41470000,1.41120000,1.41380000,759778.60000000,1776668399999999,1073577.80917000,7309,303714.10000000,429096.69512000,0
1776668400000000,1.41390000,1.41600000,1.41220000,1.41560000,693402.20000000,1776669299999999,980843.97124000,6958,351408.80000000,497075.66482000,0
1776669300000000,1.41560000,1.43260000,1.41350000,1.42570000,3744317.10000000,1776670199999999,5338113.05871000,23333,1999086.50000000,2850395.44036000,0
1776670200000000,1.42580000,1.42700000,1.41470000,1.41640000,2742229.60000000,1776671099999999,3894681.24470000,13636,1123631.20000000,1595526.20913000,0
1776671100000000,1.41640000,1.41810000,1.41140000,1.41540000,837589.10000000,1776671999999999,1184510.66874000,8084,380446.80000000,538094.06502000,0
1776672000000000,1.41540000,1.41570000,1.41150000,1.41340000,609724.60000000,1776672899999999,861662.45388000,6225,297071.60000000,419817.09292000,0
1776672900000000,1.41340000,1.41780000,1.41150000,1.41390000,888660.00000000,1776673799999999,1257234.07283000,9141,458363.30000000,648389.36434000,0
1776673800000000,1.41390000,1.41500000,1.41070000,1.41160000,803030.60000000,1776674699999999,1134848.70832000,6455,512271.20000000,723948.13953000,0
1776674700000000,1.41170000,1.41210000,1.40750000,1.40990000,692976.60000000,1776675599999999,976732.02608000,7130,272561.70000000,384168.89098000,0
1776675600000000,1.40990000,1.41630000,1.40820000,1.41500000,1614760.00000000,1776676499999999,2281926.89406000,9254,851717.10000000,1203574.87297000,0
1776676500000000,1.41500000,1.41970000,1.41470000,1.41580000,1031791.80000000,1776677399999999,1461490.45818000,6306,503557.70000000,713357.39201000,0
1776677400000000,1.41590000,1.41980000,1.41500000,1.41950000,1077838.00000000,1776678299999999,1528258.61045000,5674,581999.60000000,825085.47229000,0
1776678300000000,1.41960000,1.42090000,1.41640000,1.41790000,958380.50000000,1776679199999999,1360353.91678000,5752,502455.40000000,713217.90673000,0
1776679200000000,1.41790000,1.42460000,1.41720000,1.42440000,855857.50000000,1776680099999999,1217422.18675000,7405,499268.80000000,710264.36575000,0
1776680100000000,1.42440000,1.42720000,1.42270000,1.42370000,1140446.90000000,1776680999999999,1625115.33086000,6871,456813.10000000,650803.14371000,0
1776681000000000,1.42360000,1.42360000,1.41950000,1.42150000,1000555.90000000,1776681899999999,1422129.48580000,4860,281690.40000000,400274.37366000,0
1776681900000000,1.42140000,1.42180000,1.41300000,1.41430000,1572291.20000000,1776682799999999,2229835.85234000,6041,658747.60000000,933824.24573000,0
1776682800000000,1.41420000,1.41640000,1.41200000,1.41610000,856260.30000000,1776683699999999,1210738.37768000,5122,543562.00000000,768539.17532000,0
1776683700000000,1.41610000,1.41760000,1.41370000,1.41690000,1710046.80000000,1776684599999999,2422028.15285000,4889,701659.30000000,993548.62125000,0
1776684600000000,1.41690000,1.41950000,1.41420000,1.41530000,1520603.80000000,1776685499999999,2154704.22163000,8466,943684.90000000,1337433.94531000,0
1776685500000000,1.41530000,1.41680000,1.41430000,1.41550000,484334.00000000,1776686399999999,685655.73878000,4511,229453.90000000,324811.63637000,0
1776686400000000,1.41550000,1.41950000,1.41300000,1.41820000,626551.70000000,1776687299999999,887536.85434000,6963,318214.10000000,450718.35637000,0
1776687300000000,1.41820000,1.42390000,1.41710000,1.41900000,984998.50000000,1776688199999999,1399714.20579000,7391,456716.50000000,649181.55909000,0
1776688200000000,1.41910000,1.42120000,1.41690000,1.42030000,914340.40000000,1776689099999999,1297544.11339000,6962,408410.70000000,579696.12092000,0
1776689100000000,1.42030000,1.42390000,1.42030000,1.42210000,730344.20000000,1776689999999999,1038363.48415000,5676,309348.70000000,439849.42186000,0
1776690000000000,1.42210000,1.42640000,1.41920000,1.42470000,1312903.60000000,1776690899999999,1868965.40158000,9685,574515.20000000,817979.62285000,0
1776690900000000,1.42470000,1.42550000,1.42030000,1.42440000,738905.70000000,1776691799999999,1051003.70259000,6601,189666.70000000,269753.80791000,0
1776691800000000,1.42440000,1.42570000,1.41770000,1.42300000,1669290.80000000,1776692699999999,2373309.16439000,18178,494199.00000000,702590.14498000,0
1776692700000000,1.42290000,1.42750000,1.41890000,1.42460000,1389316.00000000,1776693599999999,1976408.27731000,12127,545829.00000000,776666.47047000,0
1776693600000000,1.42460000,1.42490000,1.42000000,1.42150000,851491.00000000,1776694499999999,1211274.13051000,10238,217021.90000000,308693.44023000,0
1776694500000000,1.42150000,1.43160000,1.42090000,1.42740000,2179400.20000000,1776695399999999,3111029.96999000,12938,1223836.90000000,1746679.82127000,0
1776695400000000,1.42750000,1.43150000,1.42290000,1.42560000,997626.20000000,1776696299999999,1424376.43278000,11290,442528.90000000,631732.21082000,0
1776696300000000,1.42550000,1.42700000,1.41440000,1.41680000,3975671.80000000,1776697199999999,5638097.17583000,23771,2235753.00000000,3168720.93551000,0
1776697200000000,1.41680000,1.41820000,1.40890000,1.41460000,4284924.70000000,1776698099999999,6058369.15543000,24152,2697260.60000000,3814198.29242000,0
1776698100000000,1.41460000,1.43500000,1.41400000,1.43460000,3863508.50000000,1776698999999999,5508711.25139000,24688,1854973.90000000,2643952.85400000,0
1776699000000000,1.43450000,1.43450000,1.42880000,1.43080000,2636333.10000000,1776699899999999,3772631.81113000,16247,1535379.50000000,2196944.17512000,0
1776699900000000,1.43080000,1.43350000,1.42970000,1.43270000,1430608.90000000,1776700799999999,2048154.05612000,9266,616640.60000000,882772.41479000,0
1776700800000000,1.43280000,1.43350000,1.42570000,1.42780000,1098175.20000000,1776701699999999,1570341.38145000,9529,387700.20000000,554408.64569000,0
1776701700000000,1.42790000,1.43050000,1.42480000,1.42630000,1092262.30000000,1776702599999999,1558452.94486000,8110,380712.90000000,543390.37964000,0
1776702600000000,1.42630000,1.42800000,1.42240000,1.42670000,638770.90000000,1776703499999999,910578.70057000,7426,319359.30000000,455286.19173000,0
1776703500000000,1.42670000,1.42800000,1.42250000,1.42360000,349549.70000000,1776704399999999,497827.88946000,5266,196040.70000000,279193.23879000,0
1776704400000000,1.42360000,1.43030000,1.42280000,1.42920000,832759.00000000,1776705299999999,1188005.52625000,9556,451422.40000000,643938.44321000,0
1776705300000000,1.42920000,1.43300000,1.42830000,1.42920000,872433.00000000,1776706199999999,1248089.83357000,6761,389828.10000000,557773.28968000,0
1776706200000000,1.42920000,1.42950000,1.42400000,1.42460000,625595.40000000,1776707099999999,892068.63907000,7755,362726.30000000,517146.02730000,0
1776707100000000,1.42460000,1.42950000,1.42400000,1.42740000,445402.90000000,1776707999999999,635446.27382000,5430,302976.60000000,432221.31569000,0
1776708000000000,1.42740000,1.43350000,1.42740000,1.43260000,1468616.20000000,1776708899999999,2101762.75761000,11870,1085613.60000000,1553575.97968000,0
1776708900000000,1.43270000,1.43690000,1.43010000,1.43160000,1220826.80000000,1776709799999999,1749503.95720000,8476,574764.80000000,823960.44719000,0
1776709800000000,1.43150000,1.43240000,1.42780000,1.43070000,919207.60000000,1776710699999999,1314571.29263000,7702,578985.50000000,827969.02996000,0
1776710700000000,1.43070000,1.43420000,1.42830000,1.43240000,814304.70000000,1776711599999999,1165542.24726000,7165,402866.70000000,576474.63469000,0
1776711600000000,1.43250000,1.43360000,1.43060000,1.43170000,696706.20000000,1776712499999999,997755.42118000,6292,268084.50000000,383992.04955000,0
1776712500000000,1.43170000,1.43170000,1.42760000,1.42950000,748442.30000000,1776713399999999,1069312.95690000,4677,255540.40000000,365146.62431000,0
1776713400000000,1.42950000,1.43180000,1.42910000,1.42950000,305529.50000000,1776714299999999,437007.15947000,3196,125239.00000000,179150.56767000,0
1776714300000000,1.42960000,1.43180000,1.42860000,1.43030000,730742.10000000,1776715199999999,1045347.87535000,4632,344993.50000000,493484.66628000,0
1776715200000000,1.43020000,1.43020000,1.42490000,1.42700000,620579.40000000,1776716099999999,885558.37710000,5298,278474.10000000,397337.34782000,0
1776716100000000,1.42690000,1.43280000,1.42660000,1.42980000,520016.60000000,1776716999999999,743610.65661000,4860,299270.10000000,427925.32207000,0
1776717000000000,1.42980000,1.43190000,1.42890000,1.43050000,465880.40000000,1776717899999999,666251.26733000,4084,162105.60000000,231833.28528000,0
1776717900000000,1.43040000,1.43350000,1.43020000,1.43170000,879660.30000000,1776718799999999,1259538.76885000,4281,238253.00000000,341104.73672000,0
1776718800000000,1.43160000,1.43280000,1.42530000,1.42720000,855494.90000000,1776719699999999,1222926.63037000,6988,404706.40000000,578477.35163000,0
1776719700000000,1.42730000,1.42800000,1.42410000,1.42800000,393288.10000000,1776720599999999,561099.00824000,3523,143005.60000000,204070.51713000,0
1776720600000000,1.42800000,1.42900000,1.42600000,1.42780000,299360.30000000,1776721499999999,427440.49037000,3379,173809.20000000,248166.32982000,0
1776721500000000,1.42780000,1.43110000,1.42760000,1.43000000,265607.60000000,1776722399999999,379719.67355000,3196,149419.40000000,213563.53246000,0
1776722400000000,1.43000000,1.43200000,1.42950000,1.43000000,298715.30000000,1776723299999999,427284.20383000,4394,185134.90000000,264803.61828000,0
1776723300000000,1.43010000,1.43090000,1.42640000,1.42780000,552316.10000000,1776724199999999,789420.02543000,3459,382774.20000000,547298.16500000,0
1776724200000000,1.42770000,1.43010000,1.42610000,1.42730000,225061.10000000,1776725099999999,321303.67099000,2737,92056.60000000,131427.89244000,0
1776725100000000,1.42720000,1.42720000,1.42500000,1.42590000,236968.00000000,1776725999999999,337806.34023000,2058,101310.30000000,144409.94163000,0
1776726000000000,1.42580000,1.42580000,1.42130000,1.42240000,591024.70000000,1776726899999999,841095.19595000,5352,250931.10000000,357064.29399000,0
1776726900000000,1.42230000,1.42490000,1.42180000,1.42250000,376469.10000000,1776727799999999,535810.98701000,3085,170457.50000000,242633.33793000,0
1776727800000000,1.42260000,1.42470000,1.42160000,1.42350000,309332.30000000,1776728699999999,440257.75896000,2630,167429.10000000,238288.44297000,0
1776728700000000,1.42360000,1.42490000,1.42270000,1.42430000,234431.70000000,1776729599999999,333802.51650000,2186,150539.30000000,214346.03677000,0
1776729600000000,1.42440000,1.42780000,1.42430000,1.42710000,449288.80000000,1776730499999999,640840.51822000,4351,267577.70000000,381622.93446000,0
1776730500000000,1.42700000,1.42770000,1.42510000,1.42640000,229798.70000000,1776731399999999,327760.54867000,2446,116188.50000000,165706.03212000,0
1776731400000000,1.42650000,1.42770000,1.42530000,1.42550000,183299.40000000,1776732299999999,261474.11195000,2762,94902.40000000,135377.33013000,0
1776732300000000,1.42560000,1.42960000,1.42530000,1.42780000,444239.50000000,1776733199999999,633987.51587000,4800,262502.40000000,374642.02240000,0
1776733200000000,1.42770000,1.43190000,1.42680000,1.43040000,270816.30000000,1776734099999999,387182.50331000,3485,133621.20000000,191026.05141000,0
1776734100000000,1.43030000,1.43100000,1.42950000,1.42990000,456791.80000000,1776734999999999,653325.28180000,3149,169050.50000000,241783.18207000,0
1776735000000000,1.42980000,1.43110000,1.42770000,1.42910000,2153163.80000000,1776735899999999,3077547.56858000,4536,1146801.50000000,1638953.72132000,0
1776735900000000,1.42920000,1.42920000,1.42520000,1.42570000,491321.60000000,1776736799999999,701236.11097000,2918,157565.60000000,224861.36225000,0
1776736800000000,1.42570000,1.42660000,1.42370000,1.42450000,348432.10000000,1776737699999999,496491.73550000,3049,140417.30000000,200087.10657000,0
1776737700000000,1.42460000,1.42670000,1.42370000,1.42450000,324808.00000000,1776738599999999,462837.90064000,2707,135610.90000000,193218.87674000,0
1776738600000000,1.42450000,1.42550000,1.42290000,1.42300000,369841.80000000,1776739499999999,526766.48024000,2743,173918.60000000,247713.02249000,0
1776739500000000,1.42290000,1.42380000,1.42230000,1.42240000,331417.00000000,1776740399999999,471590.18654000,2385,166337.20000000,236691.60776000,0
1776740400000000,1.42230000,1.42270000,1.41960000,1.42130000,2262929.50000000,1776741299999999,3216558.60794000,4804,960207.40000000,1364797.61678000,0
1776741300000000,1.42140000,1.42350000,1.41950000,1.42290000,1890252.20000000,1776742199999999,2685473.07497000,4266,872727.70000000,1239985.61145000,0
1776742200000000,1.42280000,1.42480000,1.42200000,1.42310000,398466.00000000,1776743099999999,567087.00987000,3027,288738.40000000,410889.26768000,0
1776743100000000,1.42310000,1.42570000,1.42310000,1.42410000,454896.10000000,1776743999999999,647872.25544000,2149,345276.90000000,491740.82025000,0
1776744000000000,1.42400000,1.42680000,1.42400000,1.42470000,464605.70000000,1776744899999999,662361.95464000,2297,229888.40000000,327708.46655000,0
1776744900000000,1.42470000,1.42620000,1.42400000,1.42500000,334731.60000000,1776745799999999,477003.90617000,2639,207644.00000000,295896.40859000,0
1776745800000000,1.42500000,1.42670000,1.42490000,1.42660000,488254.00000000,1776746699999999,696014.70299000,2379,288254.00000000,410938.23800000,0
1776746700000000,1.42660000,1.42870000,1.42560000,1.42800000,439098.80000000,1776747599999999,626721.13182000,2219,246197.60000000,351360.84832000,0
1776747600000000,1.42800000,1.43330000,1.42790000,1.43030000,777210.70000000,1776748499999999,1112114.45598000,4427,550097.40000000,787054.53138000,0
1776748500000000,1.43030000,1.43160000,1.42890000,1.43130000,611956.90000000,1776749399999999,875138.60272000,3872,385563.20000000,551345.14746000,0
1776749400000000,1.43120000,1.43220000,1.43070000,1.43090000,382185.40000000,1776750299999999,547020.85915000,2448,234615.70000000,335802.30887000,0
1776750300000000,1.43090000,1.43190000,1.42980000,1.43160000,581697.60000000,1776751199999999,832358.16994000,2655,313165.50000000,448069.23199000,0
1776751200000000,1.43150000,1.43250000,1.42900000,1.42950000,1979954.30000000,1776752099999999,2831097.85196000,3777,1289490.70000000,1843576.41101000,0
1776752100000000,1.42950000,1.43050000,1.42810000,1.42970000,595908.70000000,1776752999999999,851693.04516000,2657,321894.20000000,460069.41886000,0
1776753000000000,1.42980000,1.44100000,1.42980000,1.43770000,2520492.30000000,1776753899999999,3623657.66420000,10417,1587719.30000000,2282194.68827000,0
1776753900000000,1.43770000,1.43870000,1.43700000,1.43700000,747954.00000000,1776754799999999,1075403.50131000,3395,307957.50000000,442775.40629000,0
1776754800000000,1.43700000,1.43730000,1.43220000,1.43490000,845303.60000000,1776755699999999,1212857.37342000,5529,486396.80000000,697821.64827000,0
1776755700000000,1.43500000,1.44090000,1.43370000,1.43970000,1230819.40000000,1776756599999999,1769194.29024000,6541,778734.30000000,1119373.58773000,0
1776756600000000,1.43970000,1.44250000,1.43540000,1.44090000,1362814.60000000,1776757499999999,1961256.75530000,7078,848092.30000000,1220458.78748000,0
1776757500000000,1.44080000,1.44200000,1.43890000,1.43930000,731482.30000000,1776758399999999,1053408.65903000,4646,329048.20000000,473877.51867000,0
1776758400000000,1.43920000,1.44050000,1.43740000,1.43800000,911382.20000000,1776759299999999,1311891.52494000,4643,246915.00000000,355359.72721000,0
1776759300000000,1.43790000,1.44290000,1.43770000,1.44180000,664251.30000000,1776760199999999,957325.95090000,4919,487518.70000000,702611.77365000,0
1776760200000000,1.44180000,1.44500000,1.43920000,1.44360000,1115183.10000000,1776761099999999,1608387.86691000,5746,725632.90000000,1046579.13974000,0
1776761100000000,1.44350000,1.45000000,1.44200000,1.44260000,1782574.60000000,1776761999999999,2577453.76897000,10570,1050049.40000000,1518554.57793000,0
1776762000000000,1.44260000,1.44310000,1.43900000,1.44100000,733338.30000000,1776762899999999,1056317.60222000,5151,296294.10000000,426816.16602000,0
1776762900000000,1.44110000,1.44500000,1.43840000,1.43850000,756274.50000000,1776763799999999,1091026.15049000,4968,286930.40000000,413934.49900000,0
1776763800000000,1.43840000,1.44000000,1.43760000,1.43890000,1415075.80000000,1776764699999999,2035547.27172000,4652,872347.00000000,1254748.89529000,0
1776764700000000,1.43880000,1.44150000,1.43820000,1.44140000,752510.90000000,1776765599999999,1083468.61743000,4643,374812.10000000,539662.78363000,0
1776765600000000,1.44140000,1.44290000,1.44090000,1.44100000,2095950.60000000,1776766499999999,3022269.96335000,5016,751676.00000000,1083753.62757000,0
1776766500000000,1.44110000,1.44150000,1.43820000,1.43960000,601722.60000000,1776767399999999,866543.36263000,4555,220523.70000000,317548.30766000,0
1776767400000000,1.43960000,1.44200000,1.43820000,1.44170000,455654.20000000,1776768299999999,655973.61837000,3464,243154.90000000,350128.88822000,0
1776768300000000,1.44160000,1.44700000,1.44100000,1.44450000,923601.40000000,1776769199999999,1334175.75060000,6634,580409.40000000,838316.82340000,0
1776769200000000,1.44440000,1.44480000,1.43660000,1.43950000,1539645.00000000,1776770099999999,2217776.98204000,9233,558695.50000000,805330.06546000,0
1776770100000000,1.43950000,1.44330000,1.43900000,1.44160000,604324.90000000,1776770999999999,870895.63826000,5052,324847.40000000,468213.70568000,0
1776771000000000,1.44160000,1.44310000,1.43980000,1.43980000,668901.90000000,1776771899999999,964195.67513000,4481,197603.80000000,284839.45508000,0
1776771900000000,1.43990000,1.44050000,1.43770000,1.43970000,448058.00000000,1776772799999999,644773.09935000,2896,200762.60000000,288919.26737000,0
1776772800000000,1.43970000,1.44110000,1.43520000,1.43530000,982291.60000000,1776773699999999,1412524.52834000,5535,531235.90000000,763930.97409000,0
1776773700000000,1.43530000,1.43790000,1.43520000,1.43780000,419108.90000000,1776774599999999,602119.94563000,4196,229608.30000000,329855.02366000,0
1776774600000000,1.43790000,1.43890000,1.42650000,1.42860000,2745530.00000000,1776775499999999,3933685.61553000,15233,1072492.90000000,1537006.63214000,0
1776775500000000,1.42860000,1.43340000,1.42630000,1.43240000,1077398.10000000,1776776399999999,1540369.13360000,8922,607252.10000000,868203.86013000,0
1776776400000000,1.43240000,1.43470000,1.43110000,1.43290000,887723.90000000,1776777299999999,1271932.83357000,5832,523666.50000000,750274.69739000,0
1776777300000000,1.43280000,1.43440000,1.43200000,1.43240000,510879.60000000,1776778199999999,732154.57119000,4429,258089.20000000,369888.81789000,0
1776778200000000,1.43240000,1.43570000,1.42870000,1.43290000,1316907.90000000,1776779099999999,1885183.28495000,14223,548610.00000000,785440.94399000,0
1776779100000000,1.43290000,1.43430000,1.43120000,1.43320000,539031.40000000,1776779999999999,772362.93024000,7506,266338.90000000,381596.99597000,0
1776780000000000,1.43330000,1.43400000,1.43020000,1.43130000,746778.30000000,1776780899999999,1069238.14969000,6702,296791.80000000,424992.46187000,0
1776780900000000,1.43130000,1.43940000,1.43130000,1.43680000,1040132.40000000,1776781799999999,1494529.36209000,10602,633509.30000000,910174.27462000,0
1776781800000000,1.43670000,1.44500000,1.43650000,1.44170000,1050373.60000000,1776782699999999,1513349.54921000,10573,538603.20000000,776183.18052000,0
1776782700000000,1.44160000,1.44200000,1.43030000,1.43160000,1368266.50000000,1776783599999999,1962380.06625000,9924,488492.40000000,700536.39674000,0
1776783600000000,1.43160000,1.43310000,1.42720000,1.43040000,1375413.20000000,1776784499999999,1967106.35012000,12659,616725.70000000,882004.28630000,0
1776784500000000,1.43050000,1.43360000,1.42550000,1.42850000,1078465.20000000,1776785399999999,1541866.66822000,9247,438691.30000000,627123.38516000,0
1776785400000000,1.42850000,1.43200000,1.42560000,1.42980000,631834.80000000,1776786299999999,902523.69814000,7590,304361.80000000,434783.98528000,0
1776786300000000,1.42980000,1.43290000,1.42940000,1.43240000,492941.70000000,1776787199999999,705486.48947000,5686,238593.90000000,341417.24323000,0
1776787200000000,1.43250000,1.43570000,1.42950000,1.43340000,1266436.80000000,1776788099999999,1814059.33780000,9220,433259.50000000,620885.67187000,0
1776788100000000,1.43350000,1.43530000,1.43030000,1.43050000,420805.00000000,1776788999999999,603047.16636000,5579,168121.80000000,240973.51945000,0
1776789000000000,1.43040000,1.43590000,1.43020000,1.43060000,1001828.90000000,1776789899999999,1435516.34011000,8394,523480.00000000,749682.70752000,0
1776789900000000,1.43070000,1.43290000,1.42740000,1.42850000,393936.50000000,1776790799999999,563454.50697000,4976,154140.30000000,220493.33796000,0
1776790800000000,1.42840000,1.42880000,1.42180000,1.42310000,877005.90000000,1776791699999999,1250301.87469000,11033,317522.30000000,452780.79252000,0
1776791700000000,1.42320000,1.42340000,1.41350000,1.41960000,1641181.70000000,1776792599999999,2328001.00780000,14346,831364.50000000,1179002.97219000,0
1776792600000000,1.41960000,1.43060000,1.41790000,1.42710000,1450683.40000000,1776793499999999,2065868.50367000,15294,821361.80000000,1169626.48999000,0
1776793500000000,1.42710000,1.42780000,1.42340000,1.42410000,498643.20000000,1776794399999999,711107.28415000,6114,210604.30000000,300360.18601000,0
1776794400000000,1.42420000,1.42660000,1.42360000,1.42560000,438979.80000000,1776795299999999,625672.17327000,5431,166362.10000000,237138.15245000,0
1776795300000000,1.42570000,1.42670000,1.42000000,1.42060000,986348.30000000,1776796199999999,1403919.36766000,7627,401941.80000000,572117.59829000,0
1776796200000000,1.42060000,1.42340000,1.42020000,1.42250000,1224067.90000000,1776797099999999,1740752.65687000,4134,737960.30000000,1049269.62180000,0
1776797100000000,1.42250000,1.42710000,1.42030000,1.42660000,3414104.50000000,1776797999999999,4857227.18979000,11915,1686444.80000000,2398667.80479000,0
1776798000000000,1.42670000,1.43100000,1.42520000,1.42640000,962728.30000000,1776798899999999,1375598.74918000,7341,415328.90000000,593465.29241000,0
1776798900000000,1.42640000,1.43190000,1.42440000,1.42850000,932615.40000000,1776799799999999,1330797.80719000,8112,531368.30000000,758020.54243000,0
1776799800000000,1.42850000,1.42880000,1.41160000,1.41270000,1849161.40000000,1776800699999999,2621408.64017000,14209,804899.80000000,1140330.16793000,0
1776800700000000,1.41270000,1.41750000,1.41160000,1.41360000,1540100.60000000,1776801599999999,2178086.23833000,11799,864737.40000000,1222856.37941000,0
1776801600000000,1.41350000,1.42540000,1.41220000,1.42460000,2411497.90000000,1776802499999999,3422716.16814000,17017,1511196.20000000,2143934.16124000,0
1776802500000000,1.42460000,1.42720000,1.42160000,1.42490000,942627.10000000,1776803399999999,1342620.15699000,8350,417034.90000000,594066.03781000,0
1776803400000000,1.42500000,1.42900000,1.42500000,1.42580000,536236.10000000,1776804299999999,765306.01933000,4970,312915.40000000,446589.01217000,0
1776804300000000,1.42570000,1.42590000,1.42340000,1.42340000,255762.80000000,1776805199999999,364400.34506000,3175,101437.40000000,144543.47711000,0
1776805200000000,1.42350000,1.42480000,1.42160000,1.42330000,1309428.80000000,1776806099999999,1863892.03567000,4014,418084.90000000,594946.81248000,0
1776806100000000,1.42320000,1.42500000,1.42210000,1.42270000,367276.00000000,1776806999999999,522754.24301000,2523,258577.90000000,368050.93707000,0
1776807000000000,1.42280000,1.42440000,1.42070000,1.42070000,400956.10000000,1776807899999999,570432.13658000,3318,218900.90000000,311408.37810000,0
1776807900000000,1.42060000,1.42330000,1.42040000,1.42260000,277702.60000000,1776808799999999,394963.89699000,2860,162825.80000000,231589.53035000,0
1776808800000000,1.42250000,1.42360000,1.42040000,1.42300000,274723.70000000,1776809699999999,390626.19257000,4932,148712.80000000,211440.71304000,0
1776809700000000,1.42300000,1.42310000,1.41700000,1.41820000,400270.80000000,1776810599999999,567960.86800000,3345,161198.10000000,228722.26629000,0
1776810600000000,1.41820000,1.42140000,1.41670000,1.42130000,353170.90000000,1776811499999999,501076.25382000,2810,162316.90000000,230326.17816000,0
1776811500000000,1.42130000,1.42240000,1.42010000,1.42220000,236814.90000000,1776812399999999,336615.73986000,1949,131602.10000000,187065.54323000,0
1776812400000000,1.42220000,1.42620000,1.42200000,1.42390000,277026.60000000,1776813299999999,394695.25493000,3353,163867.90000000,233472.14837000,0
1776813300000000,1.42390000,1.42520000,1.42330000,1.42350000,184475.20000000,1776814199999999,262748.61962000,2152,73016.50000000,103998.24784000,0
1776814200000000,1.42350000,1.42890000,1.42350000,1.42850000,418838.50000000,1776815099999999,597133.88984000,4350,246924.00000000,352063.20812000,0
1776815100000000,1.42850000,1.43410000,1.42840000,1.43340000,846986.10000000,1776815999999999,1213121.29063000,7243,398913.50000000,571234.51124000,0
1776816000000000,1.43350000,1.43440000,1.43150000,1.43220000,631858.20000000,1776816899999999,905399.67375000,5229,190826.80000000,273404.16313000,0
1776816900000000,1.43210000,1.43440000,1.43080000,1.43220000,242574.20000000,1776817799999999,347526.80322000,3131,157076.50000000,225071.41380000,0
1776817800000000,1.43220000,1.43270000,1.43020000,1.43060000,248295.90000000,1776818699999999,355394.85562000,3144,162166.80000000,232107.59283000,0
1776818700000000,1.43070000,1.43240000,1.43020000,1.43230000,367642.50000000,1776819599999999,526167.57280000,3300,234279.60000000,335293.83947000,0
1776819600000000,1.43220000,1.43220000,1.42920000,1.43110000,338221.40000000,1776820499999999,484056.16290000,3043,223205.00000000,319468.95698000,0
1776820500000000,1.43120000,1.43120000,1.42730000,1.42750000,326267.30000000,1776821399999999,466084.07414000,3199,157988.10000000,225686.61660000,0
1776821400000000,1.42740000,1.42900000,1.42700000,1.42790000,309411.70000000,1776822299999999,441807.30480000,2822,152935.40000000,218378.65911000,0
1776822300000000,1.42790000,1.43040000,1.42760000,1.42920000,322752.10000000,1776823199999999,461165.59281000,2316,121637.10000000,173831.95535000,0
1776823200000000,1.42920000,1.43600000,1.42680000,1.43410000,969614.90000000,1776824099999999,1388006.93626000,8110,552717.30000000,791475.31953000,0
1776824100000000,1.43420000,1.44450000,1.43420000,1.44370000,1774944.20000000,1776824999999999,2554947.15474000,12716,984002.70000000,1416557.45741000,0
1776825000000000,1.44380000,1.44780000,1.44200000,1.44740000,1900116.20000000,1776825899999999,2746577.45423000,12003,1100543.20000000,1590633.94533000,0
1776825900000000,1.44730000,1.44920000,1.44410000,1.44870000,1166224.80000000,1776826799999999,1687832.86279000,8916,458755.50000000,663959.07662000,0
1776826800000000,1.44870000,1.45060000,1.44660000,1.44790000,1659298.30000000,1776827699999999,2403733.93050000,12106,1025506.70000000,1485651.79957000,0
1776827700000000,1.44790000,1.44790000,1.44390000,1.44640000,1445143.30000000,1776828599999999,2090248.58258000,6136,306517.60000000,443087.55559000,0
1776828600000000,1.44640000,1.44700000,1.44300000,1.44420000,582991.50000000,1776829499999999,842001.55770000,4287,240426.40000000,347142.07994000,0
1776829500000000,1.44430000,1.44500000,1.44080000,1.44320000,1264490.90000000,1776830399999999,1824315.06578000,5684,895306.70000000,1291644.69029000,0
1776830400000000,1.44320000,1.44550000,1.44320000,1.44340000,633673.20000000,1776831299999999,915247.23293000,4377,259074.00000000,374189.86146000,0
1776831300000000,1.44340000,1.44480000,1.44150000,1.44470000,447233.10000000,1776832199999999,645370.09810000,3250,186307.20000000,268876.73225000,0
1776832200000000,1.44460000,1.44720000,1.44370000,1.44510000,610698.70000000,1776833099999999,882621.64827000,3241,359258.90000000,519253.07976000,0
1776833100000000,1.44510000,1.44520000,1.44360000,1.44460000,241254.50000000,1776833999999999,348472.46254000,2730,90726.00000000,131047.91820000,0
1776834000000000,1.44470000,1.44710000,1.44300000,1.44640000,282983.20000000,1776834899999999,408975.99765000,3130,163706.20000000,236584.84561000,0
1776834900000000,1.44630000,1.45970000,1.44600000,1.45930000,4355162.10000000,1776835799999999,6331555.27151000,21817,2662091.00000000,3869539.51220000,0
1776835800000000,1.45930000,1.46060000,1.45540000,1.45730000,2382090.00000000,1776836699999999,3475717.04540000,14712,1405988.50000000,2051660.41489000,0
1776836700000000,1.45730000,1.45990000,1.45440000,1.45450000,1049982.60000000,1776837599999999,1530348.53646000,7179,585281.90000000,853243.18670000,0
1776837600000000,1.45440000,1.45500000,1.45260000,1.45370000,451158.80000000,1776838499999999,655943.64635000,4606,238724.90000000,347098.56166000,0
1776838500000000,1.45360000,1.45450000,1.45220000,1.45440000,251003.90000000,1776839399999999,364884.57606000,2761,107997.80000000,157000.13310000,0
1776839400000000,1.45440000,1.45540000,1.45350000,1.45480000,271627.40000000,1776840299999999,395101.78558000,2742,108961.60000000,158491.04428000,0
1776840300000000,1.45480000,1.45810000,1.45440000,1.45650000,1076363.90000000,1776841199999999,1567474.97468000,4040,629787.00000000,917300.68620000,0
1776841200000000,1.45660000,1.45830000,1.45620000,1.45760000,437927.40000000,1776842099999999,638101.00027000,3681,215197.00000000,313553.21749000,0
1776842100000000,1.45760000,1.45760000,1.45180000,1.45230000,1089614.90000000,1776842999999999,1584652.54834000,4664,340021.50000000,494361.70926000,0
1776843000000000,1.45240000,1.45460000,1.45160000,1.45430000,396562.10000000,1776843899999999,576103.81401000,3070,190804.30000000,277212.83410000,0
1776843900000000,1.45420000,1.45630000,1.45370000,1.45440000,575603.70000000,1776844799999999,837384.91084000,3097,278874.40000000,405694.18234000,0
1776844800000000,1.45450000,1.45570000,1.45300000,1.45440000,384707.00000000,1776845699999999,559623.82760000,2915,188523.80000000,274231.70789000,0
1776845700000000,1.45450000,1.45490000,1.45110000,1.45210000,1117804.00000000,1776846599999999,1623601.89009000,4869,321487.70000000,467052.41329000,0
1776846600000000,1.45200000,1.45240000,1.44960000,1.45130000,1405797.70000000,1776847499999999,2039289.27541000,4549,723062.90000000,1048767.39315000,0
1776847500000000,1.45130000,1.45400000,1.45040000,1.45250000,459434.30000000,1776848399999999,667227.45881000,3408,216397.70000000,314322.55472000,0
1776848400000000,1.45240000,1.45450000,1.45100000,1.45310000,929870.00000000,1776849299999999,1350501.34092000,5077,401925.20000000,583694.53360000,0
1776849300000000,1.45310000,1.45410000,1.45150000,1.45390000,305524.50000000,1776850199999999,443872.68581000,2721,106179.80000000,154270.98886000,0
1776850200000000,1.45380000,1.45390000,1.45110000,1.45260000,369513.70000000,1776851099999999,536787.82466000,2522,131182.80000000,190543.44211000,0
1776851100000000,1.45260000,1.45300000,1.44890000,1.45150000,955727.50000000,1776851999999999,1386719.87083000,2966,267133.30000000,387689.25429000,0
1776852000000000,1.45150000,1.45230000,1.44890000,1.44950000,457691.60000000,1776852899999999,663677.53950000,3245,171819.40000000,249174.96705000,0
1776852900000000,1.44950000,1.45010000,1.44820000,1.44990000,408343.60000000,1776853799999999,591733.85857000,2771,158828.70000000,230175.84773000,0
1776853800000000,1.44980000,1.45260000,1.44980000,1.45110000,490707.80000000,1776854699999999,712289.86858000,2810,263789.20000000,382933.73499000,0
1776854700000000,1.45110000,1.45150000,1.45010000,1.45050000,298576.50000000,1776855599999999,433215.20726000,1957,182446.30000000,264721.04345000,0
1776855600000000,1.45060000,1.45240000,1.44900000,1.45010000,499241.10000000,1776856499999999,724393.48280000,3729,225305.70000000,326931.07075000,0
1776856500000000,1.45020000,1.45160000,1.44990000,1.45070000,583595.70000000,1776857399999999,846658.16299000,2990,347781.60000000,504585.42890000,0
1776857400000000,1.45080000,1.45370000,1.45070000,1.45200000,634418.20000000,1776858299999999,921274.71516000,3822,344648.50000000,500557.91881000,0
1776858300000000,1.45200000,1.45470000,1.45130000,1.45430000,769254.10000000,1776859199999999,1117830.13908000,4176,339474.50000000,493294.73282000,0
1776859200000000,1.45430000,1.45540000,1.45290000,1.45480000,964503.40000000,1776860099999999,1402596.21044000,4948,383648.60000000,557963.33095000,0
1776860100000000,1.45470000,1.45530000,1.45090000,1.45090000,632579.70000000,1776860999999999,919275.62326000,4522,188127.60000000,273451.63516000,0
1776861000000000,1.45090000,1.45160000,1.44730000,1.44830000,1840464.30000000,1776861899999999,2667295.29447000,6103,685346.10000000,992944.47217000,0
1776861900000000,1.44830000,1.45210000,1.44830000,1.45060000,1028987.70000000,1776862799999999,1492379.26609000,4575,641543.40000000,930358.05796000,0
1776862800000000,1.45060000,1.45520000,1.44770000,1.45330000,1295131.00000000,1776863699999999,1879929.72860000,7997,543974.80000000,789833.35609000,0
1776863700000000,1.45340000,1.45580000,1.45300000,1.45330000,1166582.30000000,1776864599999999,1696325.94825000,7565,475835.70000000,691900.96614000,0
1776864600000000,1.45340000,1.45780000,1.45110000,1.45760000,1453788.20000000,1776865499999999,2114785.67608000,13891,566031.40000000,823577.10559000,0
1776865500000000,1.45760000,1.46100000,1.45630000,1.45900000,1628676.30000000,1776866399999999,2375734.70242000,11862,836836.70000000,1220799.82287000,0
1776866400000000,1.45890000,1.46260000,1.45500000,1.46130000,2084999.80000000,1776867299999999,3041816.50711000,10251,1243527.70000000,1814008.51399000,0
1776867300000000,1.46130000,1.46170000,1.45700000,1.45850000,921252.10000000,1776868199999999,1344166.33352000,8103,423910.50000000,618504.70501000,0
1776868200000000,1.45840000,1.45940000,1.45190000,1.45220000,1388187.00000000,1776869099999999,2020324.04912000,10445,657218.40000000,956358.64111000,0
1776869100000000,1.45230000,1.45810000,1.45200000,1.45760000,928220.90000000,1776869999999999,1350859.84654000,8619,544550.10000000,792458.60868000,0
1776870000000000,1.45760000,1.45850000,1.45280000,1.45420000,867557.20000000,1776870899999999,1262580.49631000,8569,419013.40000000,609642.57384000,0
1776870900000000,1.45420000,1.45680000,1.45270000,1.45420000,1069611.90000000,1776871799999999,1556048.69831000,7333,385162.10000000,560298.59469000,0
1776871800000000,1.45410000,1.45740000,1.45000000,1.45620000,2484949.90000000,1776872699999999,3612984.32575000,9433,943966.40000000,1373363.30666000,0
1776872700000000,1.45620000,1.46040000,1.45600000,1.45640000,888178.90000000,1776873599999999,1295532.85516000,5295,507884.90000000,740779.87837000,0
1776873600000000,1.45640000,1.45890000,1.45320000,1.45430000,953939.10000000,1776874499999999,1388906.48851000,6112,299604.90000000,436328.56243000,0
1776874500000000,1.45430000,1.45460000,1.44640000,1.44790000,1209799.00000000,1776875399999999,1754054.61190000,6966,516386.40000000,748465.72356000,0
1776875400000000,1.44790000,1.44960000,1.44620000,1.44790000,926747.70000000,1776876299999999,1342049.87177000,6644,388429.30000000,562409.80358000,0
1776876300000000,1.44790000,1.44940000,1.44600000,1.44680000,874297.50000000,1776877199999999,1265511.01451000,5994,424872.90000000,614968.22725000,0
1776877200000000,1.44690000,1.45240000,1.44690000,1.45050000,827067.00000000,1776878099999999,1199046.97643000,6182,386153.10000000,559701.40293000,0
1776878100000000,1.45050000,1.45080000,1.44620000,1.44730000,550603.70000000,1776878999999999,797247.32224000,4866,266193.00000000,385495.09749000,0
1776879000000000,1.44730000,1.44910000,1.44590000,1.44740000,874261.00000000,1776879899999999,1265490.75080000,4815,450475.30000000,652015.18950000,0
1776879900000000,1.44730000,1.45100000,1.44570000,1.44920000,426754.60000000,1776880799999999,618327.56351000,4133,181738.30000000,263302.75963000,0
1776880800000000,1.44920000,1.45290000,1.44910000,1.45260000,567842.50000000,1776881699999999,824111.22469000,3371,233031.10000000,338162.36761000,0
1776881700000000,1.45250000,1.45290000,1.45070000,1.45070000,391790.60000000,1776882599999999,568826.41621000,3207,199370.60000000,289460.05172000,0
1776882600000000,1.45070000,1.45140000,1.44880000,1.44880000,1168881.80000000,1776883499999999,1695072.90469000,2645,294345.30000000,426957.02305000,0
1776883500000000,1.44880000,1.45160000,1.44780000,1.44800000,351676.70000000,1776884399999999,509966.56806000,2654,255265.70000000,370217.79218000,0
1776884400000000,1.44800000,1.44810000,1.44270000,1.44440000,1343513.70000000,1776885299999999,1940240.18990000,6996,597981.80000000,863531.74445000,0
1776885300000000,1.44440000,1.44780000,1.44390000,1.44590000,689604.80000000,1776886199999999,997314.06893000,5086,479444.20000000,693440.13486000,0
1776886200000000,1.44600000,1.44600000,1.43740000,1.44110000,1868146.70000000,1776887099999999,2691007.36494000,8092,833663.60000000,1201135.44287000,0
1776887100000000,1.44110000,1.44270000,1.44010000,1.44130000,809115.50000000,1776887999999999,1166182.93254000,4973,450597.40000000,649383.62173000,0
1776888000000000,1.44140000,1.44280000,1.43850000,1.43860000,1106223.20000000,1776888899999999,1594277.61883000,5526,591113.40000000,852005.43115000,0
1776888900000000,1.43850000,1.43860000,1.43410000,1.43770000,1292694.20000000,1776889799999999,1856714.78191000,5249,821005.80000000,1179172.41594000,0
1776889800000000,1.43770000,1.43890000,1.43670000,1.43760000,749148.20000000,1776890699999999,1077193.96198000,3373,327141.30000000,470374.91872000,0
1776890700000000,1.43750000,1.43820000,1.43590000,1.43700000,652382.40000000,1776891599999999,937525.51366000,2789,335679.40000000,482338.36085000,0
1776891600000000,1.43700000,1.43950000,1.43690000,1.43880000,463722.60000000,1776892499999999,666755.94440000,2215,311415.60000000,447716.12430000,0
1776892500000000,1.43880000,1.43990000,1.43810000,1.43970000,211121.00000000,1776893399999999,303846.18468000,1578,118694.20000000,170818.30741000,0
1776893400000000,1.43970000,1.44120000,1.43960000,1.44090000,365356.90000000,1776894299999999,526327.62077000,2423,219286.60000000,315893.35980000,0
1776894300000000,1.44090000,1.44180000,1.44030000,1.44180000,370622.80000000,1776895199999999,534026.93229000,2556,228801.00000000,329675.46663000,0
1776895200000000,1.44180000,1.44180000,1.43960000,1.44010000,568086.10000000,1776896099999999,818499.76795000,3930,268005.80000000,386104.00721000,0
1776896100000000,1.44000000,1.44020000,1.43680000,1.43720000,433546.80000000,1776896999999999,623459.39155000,3295,199387.00000000,286674.77270000,0
1776897000000000,1.43720000,1.43830000,1.43610000,1.43710000,349763.40000000,1776897899999999,502653.17127000,2957,208165.60000000,299167.70405000,0
1776897900000000,1.43700000,1.43810000,1.43550000,1.43800000,479377.10000000,1776898799999999,688644.68446000,3391,302458.70000000,434470.42651000,0
1776898800000000,1.43800000,1.43820000,1.43490000,1.43610000,1069265.40000000,1776899699999999,1535770.41968000,4321,748270.70000000,1074769.93805000,0
1776899700000000,1.43610000,1.43680000,1.43060000,1.43310000,1133640.30000000,1776900599999999,1624740.28298000,7212,581639.50000000,833516.07698000,0
1776900600000000,1.43300000,1.43300000,1.42910000,1.43010000,932779.80000000,1776901499999999,1334374.31682000,6635,426603.80000000,610303.73096000,0
1776901500000000,1.43000000,1.43150000,1.42870000,1.42940000,600744.50000000,1776902399999999,859077.43982000,3860,336540.80000000,481230.28063000,0
1776902400000000,1.42930000,1.43070000,1.42250000,1.42300000,1639784.70000000,1776903299999999,2339855.24746000,10038,745994.10000000,1064513.19332000,0
1776903300000000,1.42300000,1.43160000,1.41660000,1.42860000,2594462.90000000,1776904199999999,3692341.73216000,22266,1404194.90000000,1999597.57348000,0
1776904200000000,1.42860000,1.43130000,1.42680000,1.42880000,421162.50000000,1776905099999999,601817.95163000,7329,228001.50000000,325828.79642000,0
1776905100000000,1.42890000,1.43000000,1.42650000,1.42910000,359860.30000000,1776905999999999,514074.55055000,4510,126496.40000000,180693.77650000,0
1776906000000000,1.42920000,1.42990000,1.42560000,1.42610000,277619.50000000,1776906899999999,396303.20990000,3824,132398.90000000,188990.37311000,0
1776906900000000,1.42620000,1.42660000,1.42150000,1.42150000,592005.40000000,1776907799999999,843085.27456000,4227,299325.40000000,426263.90749000,0
1776907800000000,1.42150000,1.42730000,1.42080000,1.42580000,1499427.60000000,1776908699999999,2134581.54763000,4808,380374.30000000,541570.53592000,0
1776908700000000,1.42580000,1.42760000,1.42520000,1.42590000,359461.20000000,1776909599999999,512751.47752000,3303,184904.20000000,263724.99366000,0
1776909600000000,1.42600000,1.42610000,1.42300000,1.42300000,495481.60000000,1776910499999999,705871.56389000,4812,283801.20000000,404278.66017000,0
1776910500000000,1.42290000,1.42490000,1.41860000,1.41960000,707526.20000000,1776911399999999,1005907.20629000,8104,285567.30000000,406057.70963000,0
1776911400000000,1.41970000,1.42000000,1.41540000,1.41740000,1319856.50000000,1776912299999999,1870739.81854000,8644,565400.60000000,801329.95409000,0
1776912300000000,1.41730000,1.42020000,1.41670000,1.41900000,392910.60000000,1776913199999999,557459.26739000,3597,258191.20000000,366364.58680000,0
1776913200000000,1.41900000,1.42190000,1.41560000,1.41570000,856852.50000000,1776914099999999,1216273.10005000,5709,420864.80000000,597446.16575000,0
1776914100000000,1.41570000,1.41650000,1.41410000,1.41510000,499517.50000000,1776914999999999,706970.52973000,4623,223749.90000000,316671.03798000,0
1776915000000000,1.41520000,1.41520000,1.41140000,1.41460000,989702.10000000,1776915899999999,1398663.54222000,7905,416722.10000000,588988.94531000,0
1776915900000000,1.41450000,1.41640000,1.41310000,1.41620000,791242.20000000,1776916799999999,1119610.79014000,4807,482166.10000000,682311.67992000,0
1776916800000000,1.41620000,1.41900000,1.41530000,1.41850000,535674.90000000,1776917699999999,759103.33154000,3676,355009.80000000,503139.68219000,0
1776917700000000,1.41850000,1.41850000,1.41610000,1.41670000,653987.80000000,1776918599999999,927111.04948000,2917,234170.20000000,331921.85124000,0
1776918600000000,1.41670000,1.41920000,1.41670000,1.41750000,403064.70000000,1776919499999999,571551.35974000,2574,219408.60000000,311115.95438000,0
1776919500000000,1.41750000,1.41840000,1.41650000,1.41790000,385819.00000000,1776920399999999,546833.97785000,2615,259343.90000000,367589.54620000,0
1776920400000000,1.41790000,1.42000000,1.41760000,1.41890000,547161.50000000,1776921299999999,776363.74148000,3039,367904.10000000,521994.49324000,0
1776921300000000,1.41900000,1.41900000,1.41710000,1.41740000,411468.00000000,1776922199999999,583470.46468000,2254,183573.90000000,260294.94381000,0
1776922200000000,1.41750000,1.41750000,1.41500000,1.41740000,534629.60000000,1776923099999999,757120.23431000,4244,285596.30000000,404442.09151000,0
1776923100000000,1.41740000,1.42050000,1.41740000,1.41960000,601814.90000000,1776923999999999,854094.90009000,3681,449399.40000000,637762.29454000,0
1776924000000000,1.41970000,1.42370000,1.41970000,1.42300000,1034576.10000000,1776924899999999,1471285.87872000,5245,510979.60000000,726583.54004000,0
1776924900000000,1.42300000,1.42490000,1.42220000,1.42410000,680518.60000000,1776925799999999,968750.33382000,4038,385526.40000000,548848.67400000,0
1776925800000000,1.42410000,1.42510000,1.42250000,1.42280000,258731.70000000,1776926699999999,368425.53752000,2061,98742.10000000,140620.94832000,0
1776926700000000,1.42290000,1.42400000,1.42110000,1.42370000,445221.50000000,1776927599999999,633364.12623000,2916,241351.20000000,343324.32456000,0
1776927600000000,1.42370000,1.42410000,1.42160000,1.42180000,609090.40000000,1776928499999999,866745.21315000,3533,253289.20000000,360500.61632000,0
1776928500000000,1.42180000,1.42310000,1.42100000,1.42220000,419129.70000000,1776929399999999,596086.17320000,2806,175640.00000000,249779.30009000,0
1776929400000000,1.42210000,1.42290000,1.42070000,1.42280000,475720.10000000,1776930299999999,676508.21006000,3341,171895.70000000,244458.10852000,0
1776930300000000,1.42270000,1.42300000,1.41990000,1.42080000,660083.50000000,1776931199999999,938039.43766000,4040,311645.40000000,442836.95280000,0
1776931200000000,1.42080000,1.42140000,1.41800000,1.41980000,733863.70000000,1776932099999999,1041641.41999000,3495,323436.00000000,459112.14209000,0
1776932100000000,1.41980000,1.42010000,1.41680000,1.41770000,590947.40000000,1776932999999999,838447.59328000,3446,202103.90000000,286733.33454000,0
1776933000000000,1.41770000,1.41770000,1.41520000,1.41530000,579678.90000000,1776933899999999,820906.72047000,3206,280953.40000000,397874.00638000,0
1776933900000000,1.41520000,1.41890000,1.41520000,1.41840000,346611.60000000,1776934799999999,491137.99962000,2306,232130.90000000,328916.43429000,0
1776934800000000,1.41830000,1.41880000,1.41220000,1.41350000,1506133.80000000,1776935699999999,2130969.37443000,7113,665768.50000000,941717.98984000,0
1776935700000000,1.41340000,1.41660000,1.41340000,1.41530000,572823.70000000,1776936599999999,810564.27695000,2915,338282.80000000,478639.27811000,0
1776936600000000,1.41540000,1.41650000,1.41460000,1.41590000,367957.60000000,1776937499999999,520801.94980000,2228,181667.80000000,257143.70210000,0
1776937500000000,1.41590000,1.41600000,1.41250000,1.41510000,624188.70000000,1776938399999999,882698.91212000,3527,253451.00000000,358404.88379000,0
1776938400000000,1.41500000,1.41600000,1.40900000,1.40920000,1773288.60000000,1776939299999999,2503901.78433000,9924,653760.30000000,923063.47387000,0
1776939300000000,1.40910000,1.41130000,1.40910000,1.41090000,583297.30000000,1776940199999999,822645.93640000,3784,315987.50000000,445664.89836000,0
1776940200000000,1.41090000,1.41150000,1.41020000,1.41030000,391626.20000000,1776941099999999,552494.93413000,2718,210999.90000000,297674.84024000,0
1776941100000000,1.41030000,1.41130000,1.40920000,1.41070000,623060.40000000,1776941999999999,878819.42686000,2883,279297.00000000,393954.31858000,0
1776942000000000,1.41080000,1.41260000,1.41080000,1.41210000,494869.40000000,1776942899999999,698626.81006000,3530,254813.90000000,359715.77804000,0
1776942900000000,1.41210000,1.41400000,1.41160000,1.41300000,747660.00000000,1776943799999999,1056240.64004000,2996,464676.70000000,656502.81247000,0
1776943800000000,1.41310000,1.41490000,1.41220000,1.41470000,456388.10000000,1776944699999999,645231.85389000,3517,190232.10000000,268933.65658000,0
1776944700000000,1.41470000,1.41760000,1.41470000,1.41650000,545572.70000000,1776945599999999,772639.13657000,3216,285108.90000000,403725.99738000,0
1776945600000000,1.41640000,1.41880000,1.41570000,1.41790000,803657.40000000,1776946499999999,1139087.38783000,4850,388816.40000000,551071.20112000,0
1776946500000000,1.41790000,1.41810000,1.41550000,1.41760000,570772.60000000,1776947399999999,808676.97107000,3167,273324.10000000,387270.73651000,0
1776947400000000,1.41770000,1.42090000,1.41760000,1.41960000,542293.00000000,1776948299999999,769798.65035000,2831,177891.60000000,252530.13822000,0
1776948300000000,1.41960000,1.42050000,1.41520000,1.41860000,1257593.20000000,1776949199999999,1782561.52348000,7441,465532.90000000,659850.02708000,0
1776949200000000,1.41860000,1.42010000,1.41600000,1.41670000,645304.90000000,1776950099999999,915295.19361000,4312,157553.50000000,223474.86116000,0
1776950100000000,1.41670000,1.41760000,1.41480000,1.41550000,452918.00000000,1776950999999999,641344.30757000,3131,140597.60000000,199126.92986000,0
1776951000000000,1.41550000,1.41750000,1.41510000,1.41620000,743418.80000000,1776951899999999,1052919.57777000,6823,205207.10000000,290618.48374000,0
1776951900000000,1.41610000,1.41950000,1.41430000,1.41620000,1491156.90000000,1776952799999999,2112318.70416000,8267,682477.80000000,967002.71864000,0
1776952800000000,1.41620000,1.41780000,1.41400000,1.41640000,633419.50000000,1776953699999999,896998.65969000,6599,233417.60000000,330523.84709000,0
1776953700000000,1.41640000,1.42090000,1.41580000,1.41850000,732156.40000000,1776954599999999,1038263.99643000,5748,314767.60000000,446385.77355000,0
1776954600000000,1.41850000,1.42640000,1.41850000,1.42510000,1587882.90000000,1776955499999999,2259288.52485000,9419,701112.20000000,997299.08936000,0
1776955500000000,1.42510000,1.43010000,1.42510000,1.43000000,1502565.00000000,1776956399999999,2145955.88157000,6476,756952.20000000,1081144.19371000,0
1776956400000000,1.43010000,1.43110000,1.42640000,1.42640000,927758.00000000,1776957299999999,1325499.73644000,4693,409523.10000000,585113.46685000,0
1776957300000000,1.42640000,1.43680000,1.42590000,1.43250000,1279125.20000000,1776958199999999,1833481.06566000,8928,569889.40000000,816876.78465000,0
1776958200000000,1.43250000,1.43410000,1.43100000,1.43210000,1004229.40000000,1776959099999999,1438939.60635000,5594,382830.90000000,548518.05924000,0
1776959100000000,1.43200000,1.43280000,1.42900000,1.43150000,1915375.80000000,1776959999999999,2741116.16521000,8113,613813.50000000,878729.18997000,0
1776960000000000,1.43160000,1.43290000,1.42870000,1.42930000,753499.60000000,1776960899999999,1078178.55901000,5258,327126.50000000,468075.12649000,0
1776960900000000,1.42920000,1.43320000,1.42860000,1.43020000,2117539.60000000,1776961799999999,3030323.64370000,5708,1488676.30000000,2130604.89009000,0
1776961800000000,1.43020000,1.43420000,1.42970000,1.43120000,2832872.40000000,1776962699999999,4055285.24178000,5302,2228610.70000000,3190406.35546000,0
1776962700000000,1.43130000,1.43320000,1.42790000,1.42990000,2846107.90000000,1776963599999999,4072142.58186000,8308,2076131.80000000,2970591.67724000,0
1776963600000000,1.42990000,1.43330000,1.42620000,1.43320000,11820919.20000000,1776964499999999,16892839.48483000,25790,9164270.30000000,13097166.21779000,0
1776964500000000,1.43310000,1.43640000,1.42980000,1.43010000,2638890.20000000,1776965399999999,3781597.72785000,14659,1736700.90000000,2488782.87233000,0
1776965400000000,1.43020000,1.43780000,1.42260000,1.42440000,4286879.10000000,1776966299999999,6132337.84128000,22840,2642837.30000000,3782427.74881000,0
1776966300000000,1.42430000,1.43650000,1.42080000,1.43520000,2442187.40000000,1776967199999999,3488797.93743000,23865,1234931.10000000,1764647.44027000,0
1776967200000000,1.43520000,1.44050000,1.43240000,1.43770000,1672147.10000000,1776968099999999,2403498.10759000,17762,886964.90000000,1274738.15504000,0
1776968100000000,1.43780000,1.44100000,1.43320000,1.43400000,751950.10000000,1776968999999999,1080573.65768000,9007,354530.80000000,509358.75110000,0
1776969000000000,1.43400000,1.44010000,1.43400000,1.43890000,610393.60000000,1776969899999999,877914.08426000,8029,314687.30000000,452563.87979000,0
1776969900000000,1.43890000,1.43910000,1.43140000,1.43140000,455118.70000000,1776970799999999,653284.44791000,7011,150920.10000000,216613.05293000,0
1776970800000000,1.43130000,1.43270000,1.42770000,1.43040000,624075.90000000,1776971699999999,892362.80632000,6243,319775.80000000,457193.54786000,0
1776971700000000,1.43050000,1.43390000,1.43050000,1.43180000,399249.00000000,1776972599999999,571739.16277000,4448,144059.10000000,206303.20209000,0
1776972600000000,1.43180000,1.43290000,1.42710000,1.42870000,376149.70000000,1776973499999999,537884.27730000,5236,157127.50000000,224745.85071000,0
1776973500000000,1.42880000,1.43290000,1.42810000,1.42950000,671141.40000000,1776974399999999,960091.90520000,5927,261516.90000000,374110.88010000,0
1776974400000000,1.42950000,1.43500000,1.42910000,1.43010000,501104.60000000,1776975299999999,717683.99527000,5385,238131.20000000,341141.64888000,0
1776975300000000,1.43010000,1.43330000,1.42780000,1.43190000,615968.00000000,1776976199999999,880980.12601000,4360,301433.40000000,431105.77634000,0
1776976200000000,1.43180000,1.43690000,1.43100000,1.43670000,638444.30000000,1776977099999999,915528.96259000,4995,377864.00000000,541810.70902000,0
1776977100000000,1.43670000,1.43730000,1.43200000,1.43320000,419627.90000000,1776977999999999,602236.16244000,3924,213869.90000000,306931.33718000,0
1776978000000000,1.43320000,1.43450000,1.43110000,1.43150000,404577.70000000,1776978899999999,579726.22174000,2899,266973.20000000,382532.16244000,0
1776978900000000,1.43150000,1.43370000,1.43070000,1.43370000,364398.20000000,1776979799999999,521737.53171000,2063,209143.30000000,299429.29709000,0
1776979800000000,1.43370000,1.43800000,1.43370000,1.43720000,554173.20000000,1776980699999999,795807.89323000,3086,398032.90000000,571552.21529000,0
1776980700000000,1.43720000,1.43820000,1.43340000,1.43340000,272222.50000000,1776981599999999,391062.54007000,3606,125317.60000000,180041.68105000,0
1776981600000000,1.43340000,1.43720000,1.43340000,1.43590000,364011.40000000,1776982499999999,522471.12564000,4659,229990.60000000,330083.78365000,0
1776982500000000,1.43590000,1.43890000,1.43550000,1.43720000,561150.70000000,1776983399999999,806805.33071000,3984,353949.90000000,508908.83437000,0
1776983400000000,1.43720000,1.43850000,1.43680000,1.43820000,384700.60000000,1776984299999999,553050.91000000,2151,197252.80000000,283555.12674000,0
1776984300000000,1.43810000,1.43940000,1.43610000,1.43610000,578665.60000000,1776985199999999,832368.12023000,2410,268500.20000000,386228.76708000,0
1776985200000000,1.43600000,1.43710000,1.43300000,1.43370000,614295.60000000,1776986099999999,881669.30544000,2945,345067.30000000,495200.05211000,0
1776986100000000,1.43360000,1.43570000,1.43230000,1.43480000,519758.70000000,1776986999999999,745425.89761000,2811,175387.20000000,251516.10698000,0
1776987000000000,1.43480000,1.43770000,1.43470000,1.43770000,141000.90000000,1776987899999999,202488.80552000,1298,84094.80000000,120773.85371000,0
1776987900000000,1.43770000,1.44000000,1.43770000,1.43860000,469596.20000000,1776988799999999,675785.44054000,2124,187162.30000000,269347.07886000,0
1776988800000000,1.43860000,1.44000000,1.43770000,1.43790000,649222.00000000,1776989699999999,934054.83656000,3107,294989.80000000,424418.77994000,0
1776989700000000,1.43800000,1.44070000,1.43800000,1.43890000,1338723.80000000,1776990599999999,1927195.31177000,4261,1006169.10000000,1448691.67525000,0
1776990600000000,1.43890000,1.44010000,1.43870000,1.43870000,444026.00000000,1776991499999999,639164.48486000,2715,203811.00000000,293385.29274000,0
1776991500000000,1.43880000,1.44040000,1.43870000,1.44020000,330991.90000000,1776992399999999,476504.99393000,2419,134547.10000000,193696.28843000,0
1776992400000000,1.44020000,1.44050000,1.43490000,1.43600000,1022271.60000000,1776993299999999,1469479.38874000,4815,290623.20000000,417762.58639000,0
1776993300000000,1.43590000,1.43620000,1.43320000,1.43340000,456800.20000000,1776994199999999,655347.58238000,2607,149548.70000000,214565.67539000,0
1776994200000000,1.43350000,1.43730000,1.43200000,1.43590000,353064.00000000,1776995099999999,506644.32926000,3054,143938.10000000,206533.14596000,0
1776995100000000,1.43590000,1.44450000,1.43590000,1.44420000,1087026.40000000,1776995999999999,1568389.86972000,6267,699321.00000000,1008834.67767000,0
1776996000000000,1.44420000,1.44570000,1.44040000,1.44140000,954176.80000000,1776996899999999,1377213.28269000,5607,477011.00000000,688713.76865000,0
1776996900000000,1.44140000,1.44200000,1.43780000,1.43800000,306489.30000000,1776997799999999,441291.53527000,2698,120612.10000000,173633.88120000,0
1776997800000000,1.43810000,1.44050000,1.43770000,1.43960000,452530.40000000,1776998699999999,651216.48279000,2785,156114.30000000,224670.00637000,0
1776998700000000,1.43960000,1.44100000,1.43660000,1.43730000,695448.60000000,1776999599999999,1000749.07884000,4499,217786.40000000,313537.03873000,0
1776999600000000,1.43730000,1.43870000,1.43590000,1.43730000,584911.90000000,1777000499999999,840729.22589000,3448,308294.90000000,443177.46764000,0
1777000500000000,1.43730000,1.43730000,1.43030000,1.43130000,727167.40000000,1777001399999999,1042264.36315000,5386,252142.30000000,361499.19191000,0
1777001400000000,1.43120000,1.43180000,1.42820000,1.42920000,944293.60000000,1777002299999999,1350238.23866000,5281,410900.90000000,587576.19848000,0
1777002300000000,1.42910000,1.43120000,1.42910000,1.43070000,270723.10000000,1777003199999999,387158.90242000,2007,156596.70000000,223924.74835000,0
1777003200000000,1.43060000,1.43090000,1.42870000,1.42940000,514056.70000000,1777004099999999,735178.06318000,2625,224932.30000000,321670.44239000,0
1777004100000000,1.42930000,1.43080000,1.42580000,1.42720000,1079621.50000000,1777004999999999,1542162.05803000,5527,431413.10000000,616237.08837000,0
1777005000000000,1.42730000,1.42960000,1.42620000,1.42870000,333625.40000000,1777005899999999,476476.41373000,3271,139131.20000000,198698.67331000,0
1777005900000000,1.42870000,1.43080000,1.42860000,1.42920000,211105.00000000,1777006799999999,301831.58028000,1849,125711.30000000,179727.96626000,0
1777006800000000,1.42930000,1.42930000,1.42660000,1.42710000,320211.10000000,1777007699999999,457152.72894000,2822,177854.10000000,253850.80598000,0
1777007700000000,1.42700000,1.42890000,1.42590000,1.42830000,401230.10000000,1777008599999999,572661.63759000,3710,196454.60000000,280398.58336000,0
1777008600000000,1.42830000,1.43030000,1.42830000,1.42950000,240883.80000000,1777009499999999,344297.92777000,2397,123282.80000000,176187.04112000,0
1777009500000000,1.42960000,1.43390000,1.42960000,1.43300000,404302.40000000,1777010399999999,578899.87784000,3714,245387.10000000,351343.20130000,0
1777010400000000,1.43300000,1.43330000,1.42990000,1.43200000,541711.50000000,1777011299999999,775499.56731000,4105,256958.50000000,367853.31762000,0
1777011300000000,1.43210000,1.43260000,1.43090000,1.43220000,557906.60000000,1777012199999999,798817.58532000,3018,277235.10000000,396952.40414000,0
1777012200000000,1.43220000,1.43270000,1.43020000,1.43020000,405356.50000000,1777013099999999,580194.83681000,2862,176834.00000000,253106.94011000,0
1777013100000000,1.43030000,1.43210000,1.43000000,1.43000000,137574.80000000,1777013999999999,196899.14352000,1444,63801.80000000,91320.40169000,0
1777014000000000,1.43000000,1.43280000,1.42960000,1.43100000,254623.60000000,1777014899999999,364538.34294000,2568,147687.00000000,211444.47148000,0
1777014900000000,1.43100000,1.43110000,1.42850000,1.42930000,338797.60000000,1777015799999999,484297.97394000,2761,144291.20000000,206274.48475000,0
1777015800000000,1.42930000,1.43070000,1.42870000,1.42960000,346970.10000000,1777016699999999,496064.19124000,2881,231868.10000000,331494.58996000,0
1777016700000000,1.42960000,1.43260000,1.42960000,1.43260000,347551.20000000,1777017599999999,497419.29454000,3050,186134.60000000,266405.26676000,0
1777017600000000,1.43270000,1.43300000,1.43090000,1.43110000,342437.40000000,1777018499999999,490351.83980000,2706,121452.10000000,173921.86616000,0
1777018500000000,1.43110000,1.43640000,1.43110000,1.43470000,629495.70000000,1777019399999999,902614.72274000,5064,408184.70000000,585229.40594000,0
1777019400000000,1.43470000,1.43500000,1.42970000,1.43000000,388302.10000000,1777020299999999,555923.20654000,3416,178032.20000000,254863.62113000,0
1777020300000000,1.42990000,1.43270000,1.42970000,1.43150000,371198.90000000,1777021199999999,531307.11787000,2387,205703.60000000,294387.18275000,0
1777021200000000,1.43160000,1.43190000,1.42510000,1.42610000,625431.60000000,1777022099999999,892834.45964000,4436,293185.90000000,418507.59161000,0
1777022100000000,1.42620000,1.42790000,1.42550000,1.42570000,473356.50000000,1777022999999999,675342.04454000,4086,225279.00000000,321423.78022000,0
1777023000000000,1.42580000,1.42800000,1.42550000,1.42790000,461382.00000000,1777023899999999,658246.12648000,2722,225546.00000000,321791.67533000,0
1777023900000000,1.42800000,1.42800000,1.42500000,1.42580000,589269.80000000,1777024799999999,840292.36183000,2619,214403.60000000,305667.21888000,0
1777024800000000,1.42590000,1.42590000,1.42390000,1.42480000,524092.50000000,1777025699999999,746738.59279000,3527,309755.60000000,441334.60534000,0
1777025700000000,1.42480000,1.42990000,1.42470000,1.42920000,355361.80000000,1777026599999999,507048.11342000,2771,216908.50000000,309505.52355000,0
1777026600000000,1.42910000,1.42960000,1.42730000,1.42840000,213559.40000000,1777027499999999,305095.76572000,2186,119745.80000000,171065.48572000,0
1777027500000000,1.42840000,1.43260000,1.42760000,1.43150000,496516.10000000,1777028399999999,710123.18171000,3321,326819.70000000,467301.93139000,0
1777028400000000,1.43160000,1.43900000,1.43160000,1.43670000,1440322.60000000,1777029299999999,2067803.32353000,11626,753270.30000000,1081211.30419000,0
1777029300000000,1.43680000,1.43960000,1.43540000,1.43950000,1208003.70000000,1777030199999999,1736744.29330000,8944,696170.40000000,1000878.33225000,0
1777030200000000,1.43960000,1.44010000,1.43810000,1.43860000,936427.60000000,1777031099999999,1347568.49855000,4760,386646.30000000,556404.27142000,0
1777031100000000,1.43860000,1.43870000,1.43640000,1.43830000,831444.10000000,1777031999999999,1195225.37614000,3928,416046.60000000,598071.34578000,0
1777032000000000,1.43830000,1.44120000,1.43710000,1.44040000,1098709.10000000,1777032899999999,1580970.56988000,5763,673301.80000000,968909.53949000,0
1777032900000000,1.44040000,1.44060000,1.43570000,1.43650000,890261.20000000,1777033799999999,1280199.34533000,5666,379025.60000000,544984.61846000,0
1777033800000000,1.43640000,1.43680000,1.43440000,1.43480000,616723.30000000,1777034699999999,885324.20149000,4688,293747.90000000,421674.11219000,0
1777034700000000,1.43490000,1.43640000,1.43270000,1.43470000,1009734.50000000,1777035599999999,1447869.83234000,5625,564078.90000000,808855.01640000,0
1777035600000000,1.43470000,1.44430000,1.43470000,1.44130000,1487311.20000000,1777036499999999,2141232.14994000,8657,951088.50000000,1368961.27951000,0
1777036500000000,1.44130000,1.44260000,1.43740000,1.43900000,931799.60000000,1777037399999999,1341451.65028000,5188,465695.20000000,670311.09690000,0
1777037400000000,1.43900000,1.43960000,1.43460000,1.43770000,1124697.60000000,1777038299999999,1617023.76989000,10137,546731.60000000,786083.85292000,0
1777038300000000,1.43770000,1.43810000,1.43350000,1.43560000,1431332.00000000,1777039199999999,2054322.94453000,9269,534392.10000000,767049.53975000,0
1777039200000000,1.43550000,1.43640000,1.43160000,1.43240000,1921245.60000000,1777040099999999,2755392.93473000,9781,610854.70000000,876033.75392000,0
1777040100000000,1.43240000,1.43520000,1.42840000,1.42960000,2072597.90000000,1777040999999999,2966690.37300000,8190,609796.70000000,872685.53912000,0
1777041000000000,1.42950000,1.43900000,1.42950000,1.43670000,3381300.80000000,1777041899999999,4853807.54935000,14944,1397725.40000000,2005542.09285000,0
1777041900000000,1.43660000,1.43860000,1.43330000,1.43380000,3258044.40000000,1777042799999999,4677252.21103000,11621,1183336.70000000,1698799.60971000,0
1777042800000000,1.43380000,1.43430000,1.42900000,1.43190000,1428826.20000000,1777043699999999,2045962.74679000,8042,500203.50000000,716135.01945000,0
1777043700000000,1.43200000,1.43790000,1.43040000,1.43780000,1703621.80000000,1777044599999999,2442261.23007000,4849,1180131.60000000,1691689.06732000,0
1777044600000000,1.43780000,1.44460000,1.43730000,1.44300000,1310250.00000000,1777045499999999,1887671.93120000,6563,643874.80000000,928382.45892000,0
1777045500000000,1.44300000,1.44820000,1.44300000,1.44790000,1610803.10000000,1777046399999999,2328465.14825000,12127,957932.10000000,1384622.55118000,0
1777046400000000,1.44800000,1.45030000,1.44320000,1.44340000,1662152.10000000,1777047299999999,2404384.26381000,8107,619939.50000000,897238.29934000,0
1777047300000000,1.44330000,1.44380000,1.44070000,1.44260000,676299.20000000,1777048199999999,975529.83299000,5098,367570.70000000,530260.67663000,0
1777048200000000,1.44270000,1.44390000,1.43790000,1.43990000,655210.70000000,1777049099999999,944395.93159000,4988,281913.70000000,406375.21608000,0
1777049100000000,1.44000000,1.44160000,1.43800000,1.44040000,570887.10000000,1777049999999999,821880.56432000,4883,264141.70000000,380341.22190000,0
1777050000000000,1.44030000,1.44260000,1.44000000,1.44170000,453041.90000000,1777050899999999,653129.65776000,5091,132443.60000000,190917.35484000,0
1777050900000000,1.44170000,1.44170000,1.43800000,1.44010000,402935.70000000,1777051799999999,579943.98247000,3428,239527.60000000,344698.53008000,0
1777051800000000,1.44020000,1.44030000,1.43590000,1.43800000,499337.20000000,1777052699999999,718017.05461000,4453,257511.50000000,370272.67075000,0
1777052700000000,1.43810000,1.44250000,1.43710000,1.44100000,482082.00000000,1777053599999999,694207.50111000,5004,236547.00000000,340533.92271000,0
1777053600000000,1.44110000,1.44190000,1.43730000,1.43740000,173240.80000000,1777054499999999,249441.51280000,3052,63241.80000000,91042.72154000,0
1777054500000000,1.43730000,1.43780000,1.43360000,1.43680000,349557.30000000,1777055399999999,501931.93604000,4102,223356.00000000,320752.66186000,0
1777055400000000,1.43690000,1.43950000,1.43660000,1.43880000,214783.30000000,1777056299999999,308951.87416000,2923,125156.10000000,180030.42123000,0
1777056300000000,1.43870000,1.43930000,1.43750000,1.43870000,161120.70000000,1777057199999999,231750.62103000,2226,114304.00000000,164404.95078000,0
1777057200000000,1.43880000,1.44200000,1.43820000,1.43820000,240212.60000000,1777058099999999,345840.35321000,3128,174153.00000000,250705.83559000,0
1777058100000000,1.43830000,1.43940000,1.43690000,1.43710000,424218.30000000,1777058999999999,610105.96277000,2544,162761.60000000,234131.70769000,0
1777059000000000,1.43710000,1.44060000,1.43640000,1.43960000,311541.90000000,1777059899999999,448248.51028000,3055,129500.80000000,186263.23086000,0
1777059900000000,1.43960000,1.44090000,1.43870000,1.43910000,447838.80000000,1777060799999999,644728.60292000,3699,192228.40000000,276749.49798000,0
1777060800000000,1.43920000,1.43940000,1.43710000,1.43770000,456235.40000000,1777061699999999,656054.15029000,4114,244937.30000000,352234.89710000,0
1777061700000000,1.43770000,1.43800000,1.43480000,1.43630000,341718.10000000,1777062599999999,490800.30338000,3477,204239.10000000,293357.88819000,0
1777062600000000,1.43630000,1.44100000,1.43610000,1.43950000,319665.10000000,1777063499999999,460031.54217000,3015,199814.20000000,287487.53100000,0
1777063500000000,1.43960000,1.44190000,1.43960000,1.44050000,378856.90000000,1777064399999999,545853.47469000,2279,242187.50000000,348958.99456000,0
1777064400000000,1.44050000,1.44300000,1.43800000,1.43820000,624511.60000000,1777065299999999,899920.10629000,3222,314189.40000000,452816.02215000,0
1777065300000000,1.43820000,1.43910000,1.43760000,1.43780000,325412.80000000,1777066199999999,468001.36410000,2624,209751.50000000,301652.70626000,0
1777066200000000,1.43780000,1.43930000,1.43660000,1.43810000,1149490.20000000,1777067099999999,1652801.22958000,4340,410176.40000000,589921.88608000,0
1777067100000000,1.43810000,1.43910000,1.43720000,1.43760000,438508.10000000,1777067999999999,630579.34708000,2904,218334.90000000,313986.79744000,0
1777068000000000,1.43760000,1.43840000,1.43660000,1.43740000,241661.90000000,1777068899999999,347366.89002000,3281,81178.70000000,116686.67537000,0
1777068900000000,1.43750000,1.43750000,1.43560000,1.43560000,445671.90000000,1777069799999999,640270.20166000,2096,195305.10000000,280605.53244000,0
1777069800000000,1.43560000,1.43580000,1.42970000,1.43190000,480569.00000000,1777070699999999,688120.81910000,3572,207332.10000000,296981.44910000,0
1777070700000000,1.43200000,1.43310000,1.43080000,1.43140000,337353.80000000,1777071599999999,483050.62780000,2388,135370.30000000,193812.71241000,0
1777071600000000,1.43150000,1.43370000,1.43150000,1.43310000,276587.20000000,1777072499999999,396296.50118000,1966,196628.10000000,281721.35107000,0
1777072500000000,1.43320000,1.43380000,1.43240000,1.43290000,186093.40000000,1777073399999999,266671.85456000,1359,87583.50000000,125509.44575000,0
1777073400000000,1.43290000,1.43350000,1.43190000,1.43210000,135912.90000000,1777074299999999,194715.82542000,1403,59844.90000000,85734.15620000,0
1777074300000000,1.43210000,1.43390000,1.43180000,1.43340000,149165.60000000,1777075199999999,213777.93559000,1291,66646.20000000,95512.89377000,0
1777075200000000,1.43330000,1.43450000,1.43240000,1.43280000,230264.60000000,1777076099999999,330071.24606000,1799,109946.30000000,157604.31069000,0
1777076100000000,1.43290000,1.43400000,1.43230000,1.43230000,216809.90000000,1777076999999999,310793.69777000,1314,88201.20000000,126438.71408000,0
1777077000000000,1.43230000,1.43370000,1.43170000,1.43170000,232321.70000000,1777077899999999,332792.67494000,1472,65671.10000000,94082.77694000,0
1777077900000000,1.43180000,1.43360000,1.43160000,1.43340000,274156.50000000,1777078799999999,392647.28573000,1384,144301.00000000,206663.44188000,0
1777078800000000,1.43330000,1.43480000,1.43330000,1.43450000,184490.20000000,1777079699999999,264535.24594000,1484,101981.70000000,146231.92357000,0
1777079700000000,1.43460000,1.43610000,1.43350000,1.43510000,332516.10000000,1777080599999999,476997.81742000,2084,185628.30000000,266311.61738000,0
1777080600000000,1.43500000,1.43660000,1.43450000,1.43580000,212942.20000000,1777081499999999,305740.32945000,1904,105911.80000000,152052.89141000,0
1777081500000000,1.43580000,1.43690000,1.43580000,1.43600000,119179.00000000,1777082399999999,171181.36918000,1307,42355.30000000,60838.22350000,0
1777082400000000,1.43600000,1.43730000,1.43460000,1.43520000,274065.70000000,1777083299999999,393548.67782000,2064,113105.90000000,162432.16171000,0
1777083300000000,1.43520000,1.43720000,1.43460000,1.43680000,189189.80000000,1777084199999999,271609.43299000,1700,97860.80000000,140526.16844000,0
1777084200000000,1.43690000,1.43770000,1.43370000,1.43400000,463393.50000000,1777085099999999,665145.70936000,2034,131229.60000000,188300.69972000,0
1777085100000000,1.43400000,1.43400000,1.43340000,1.43360000,248375.30000000,1777085999999999,356095.82558000,891,163177.00000000,233947.61109000,0
1777086000000000,1.43350000,1.43530000,1.43280000,1.43370000,325905.50000000,1777086899999999,467370.54102000,1916,240743.40000000,345244.39939000,0
1777086900000000,1.43370000,1.43460000,1.43270000,1.43320000,208388.10000000,1777087799999999,298706.61571000,1528,119517.50000000,171315.03126000,0
1777087800000000,1.43320000,1.43550000,1.43300000,1.43530000,127001.70000000,1777088699999999,182152.22225000,1358,68527.70000000,98284.50102000,0
1777088700000000,1.43540000,1.43700000,1.43530000,1.43660000,207428.60000000,1777089599999999,297919.36101000,1419,97381.10000000,139848.79555000,0
1777089600000000,1.43670000,1.43700000,1.43540000,1.43640000,222939.90000000,1777090499999999,320195.05537000,1572,108008.50000000,155129.62011000,0
1777090500000000,1.43630000,1.43640000,1.43500000,1.43510000,139494.20000000,1777091399999999,200275.79682000,1123,67321.50000000,96662.24866000,0
1777091400000000,1.43500000,1.43510000,1.43350000,1.43360000,84408.90000000,1777092299999999,121063.93198000,1044,24039.60000000,34474.81121000,0
1777092300000000,1.43360000,1.43430000,1.43360000,1.43410000,175013.30000000,1777093199999999,250971.41552000,987,98548.80000000,141325.03502000,0
1777093200000000,1.43410000,1.43410000,1.43170000,1.43210000,292977.30000000,1777094099999999,419656.48538000,1864,138719.70000000,198680.68893000,0
1777094100000000,1.43210000,1.43310000,1.43130000,1.43250000,222883.20000000,1777094999999999,319225.83658000,1413,91365.90000000,130881.79953000,0
1777095000000000,1.43240000,1.43360000,1.43210000,1.43280000,111216.30000000,1777095899999999,159362.75971000,1231,55809.50000000,79969.11476000,0
1777095900000000,1.43280000,1.43360000,1.43210000,1.43250000,122141.30000000,1777096799999999,175002.97878000,962,62750.40000000,89913.64751000,0
1777096800000000,1.43250000,1.43400000,1.43240000,1.43340000,111515.50000000,1777097699999999,159818.60289000,953,57421.40000000,82294.66835000,0
1777097700000000,1.43340000,1.43350000,1.43110000,1.43170000,122407.60000000,1777098599999999,175300.74992000,1492,76590.70000000,109682.17177000,0
1777098600000000,1.43160000,1.43390000,1.43160000,1.43330000,182179.00000000,1777099499999999,261052.63890000,1383,145389.00000000,208322.29068000,0
1777099500000000,1.43330000,1.43500000,1.43280000,1.43280000,178690.40000000,1777100399999999,256220.84353000,1318,74948.30000000,107464.59975000,0
1777100400000000,1.43270000,1.43270000,1.43120000,1.43210000,253829.60000000,1777101299999999,363418.49491000,1925,103054.10000000,147542.06908000,0
1777101300000000,1.43220000,1.43340000,1.43210000,1.43340000,178882.00000000,1777102199999999,256269.40055000,1173,137788.10000000,197401.79163000,0
1777102200000000,1.43340000,1.43480000,1.43320000,1.43400000,179191.00000000,1777103099999999,256930.78027000,1411,76928.50000000,110302.54733000,0
1777103100000000,1.43400000,1.43470000,1.43310000,1.43350000,137076.40000000,1777103999999999,196532.73316000,1131,44306.40000000,63529.87551000,0
1777104000000000,1.43340000,1.43350000,1.43250000,1.43260000,162432.80000000,1777104899999999,232752.96222000,1250,78977.20000000,113168.84227000,0
1777104900000000,1.43270000,1.43400000,1.43220000,1.43400000,189879.60000000,1777105799999999,272165.63575000,1447,114405.40000000,163988.31659000,0
1777105800000000,1.43400000,1.43510000,1.43380000,1.43490000,448422.80000000,1777106699999999,643339.14658000,2062,377030.70000000,540920.46140000,0
1777106700000000,1.43500000,1.43520000,1.43450000,1.43480000,122068.00000000,1777107599999999,175155.53019000,735,47216.10000000,67750.24849000,0
1777107600000000,1.43480000,1.43490000,1.43360000,1.43400000,428893.80000000,1777108499999999,615040.55435000,1805,92979.40000000,133338.53032000,0
1777108500000000,1.43390000,1.43460000,1.43300000,1.43300000,164430.20000000,1777109399999999,235813.33518000,1316,76664.30000000,109938.99629000,0
1777109400000000,1.43300000,1.43640000,1.43300000,1.43570000,170611.30000000,1777110299999999,244744.16636000,1304,112785.20000000,161806.62102000,0
1777110300000000,1.43570000,1.43710000,1.43530000,1.43540000,221710.10000000,1777111199999999,318438.96499000,1928,102490.80000000,147210.95471000,0
1777111200000000,1.43530000,1.43590000,1.43470000,1.43500000,175927.60000000,1777112099999999,252527.06596000,1306,78602.30000000,112833.26049000,0
1777112100000000,1.43500000,1.43660000,1.43480000,1.43560000,160823.30000000,1777112999999999,230875.71062000,1078,68541.50000000,98391.85523000,0
1777113000000000,1.43570000,1.43650000,1.43480000,1.43510000,228608.50000000,1777113899999999,328186.80196000,1314,88972.50000000,127759.60678000,0
1777113900000000,1.43510000,1.43560000,1.43500000,1.43560000,114203.20000000,1777114799999999,163919.23950000,929,85121.40000000,122177.47973000,0
1777114800000000,1.43560000,1.43560000,1.43310000,1.43310000,211754.20000000,1777115699999999,303642.38927000,1402,65249.20000000,93540.25501000,0
1777115700000000,1.43320000,1.43320000,1.43050000,1.43130000,448381.10000000,1777116599999999,641913.42422000,2098,254447.70000000,364257.30288000,0
1777116600000000,1.43130000,1.43160000,1.43060000,1.43070000,225090.90000000,1777117499999999,322136.22517000,1598,117513.50000000,168182.68960000,0
1777117500000000,1.43070000,1.43120000,1.42950000,1.43080000,397849.60000000,1777118399999999,569061.86776000,2308,141110.90000000,201847.09238000,0
1777118400000000,1.43070000,1.43100000,1.42880000,1.43070000,296082.20000000,1777119299999999,423405.01871000,2560,151760.30000000,217026.23206000,0
1777119300000000,1.43070000,1.43170000,1.43010000,1.43020000,282888.30000000,1777120199999999,404821.20919000,1570,170008.30000000,243295.02998000,0
1777120200000000,1.43020000,1.43070000,1.42820000,1.42880000,622143.40000000,1777121099999999,889258.62501000,3843,244716.80000000,349764.09589000,0
1777121100000000,1.42880000,1.43070000,1.42880000,1.42930000,232950.90000000,1777121999999999,333081.02147000,2146,99345.30000000,142053.29527000,0
1777122000000000,1.42920000,1.43020000,1.42880000,1.43000000,117740.60000000,1777122899999999,168294.21603000,1319,75016.20000000,107228.34389000,0
1777122900000000,1.43000000,1.43150000,1.42940000,1.43090000,179877.80000000,1777123799999999,257296.62721000,1382,100130.60000000,143233.30489000,0
1777123800000000,1.43090000,1.43240000,1.43050000,1.43200000,238553.10000000,1777124699999999,341490.46511000,1347,129427.70000000,185267.10978000,0
1777124700000000,1.43200000,1.43210000,1.43090000,1.43110000,276740.20000000,1777125599999999,396126.27623000,1461,125420.50000000,179533.19330000,0
1777125600000000,1.43100000,1.43150000,1.42920000,1.43030000,294042.40000000,1777126499999999,420510.73603000,2390,128796.20000000,184216.52507000,0
1777126500000000,1.43030000,1.43100000,1.42920000,1.43080000,141781.60000000,1777127399999999,202763.91491000,1187,95266.30000000,136248.01054000,0
1777127400000000,1.43080000,1.43230000,1.43060000,1.43080000,458909.90000000,1777128299999999,656932.96212000,1450,317475.10000000,454520.98343000,0
1777128300000000,1.43090000,1.43100000,1.42900000,1.42920000,149551.00000000,1777129199999999,213877.69245000,1247,63226.30000000,90416.78412000,0
1777129200000000,1.42930000,1.43070000,1.42860000,1.43030000,146252.70000000,1777130099999999,209035.08128000,1320,65885.20000000,94171.85692000,0
1777130100000000,1.43030000,1.43100000,1.43020000,1.43100000,61629.10000000,1777130999999999,88158.98221000,621,25461.30000000,36422.47536000,0
1777131000000000,1.43100000,1.43120000,1.43020000,1.43060000,156701.90000000,1777131899999999,224180.83097000,1068,95860.70000000,137134.11542000,0
1777131900000000,1.43060000,1.43060000,1.42460000,1.42550000,1348051.80000000,1777132799999999,1922489.01641000,6566,420352.80000000,599503.45518000,0
1777132800000000,1.42550000,1.42800000,1.42500000,1.42770000,447045.40000000,1777133699999999,637811.70752000,3537,204282.70000000,291437.10735000,0
1777133700000000,1.42770000,1.42790000,1.42460000,1.42610000,358990.20000000,1777134599999999,512076.01290000,2425,136565.20000000,194723.51168000,0
1777134600000000,1.42610000,1.42630000,1.42040000,1.42350000,1119409.10000000,1777135499999999,1592661.47780000,6512,356481.80000000,507121.34246000,0
1777135500000000,1.42340000,1.42470000,1.42300000,1.42420000,182311.50000000,1777136399999999,259586.68360000,1910,89999.40000000,128153.27453000,0
1777136400000000,1.42420000,1.42500000,1.42300000,1.42320000,330329.20000000,1777137299999999,470377.69981000,2341,158098.20000000,225126.16428000,0
1777137300000000,1.42320000,1.42440000,1.42020000,1.42060000,601928.30000000,1777138199999999,856276.99188000,3555,290907.60000000,413930.52874000,0
1777138200000000,1.42060000,1.42100000,1.41930000,1.42040000,623292.40000000,1777139099999999,885159.94957000,2888,155019.60000000,220168.47692000,0
1777139100000000,1.42040000,1.42130000,1.41980000,1.42020000,305381.00000000,1777139999999999,433733.12463000,1833,120404.60000000,171023.10594000,0
1777140000000000,1.42010000,1.42140000,1.41970000,1.42040000,270519.70000000,1777140899999999,384276.84088000,1537,142275.00000000,202111.14128000,0
1777140900000000,1.42040000,1.42160000,1.42040000,1.42160000,243245.70000000,1777141799999999,345659.70972000,1257,116069.40000000,164945.10703000,0
1777141800000000,1.42160000,1.42280000,1.42160000,1.42180000,652905.50000000,1777142699999999,928575.28321000,2202,378386.90000000,538127.84339000,0
1777142700000000,1.42180000,1.42260000,1.42100000,1.42120000,314786.60000000,1777143599999999,447628.60729000,1662,129815.90000000,184610.25710000,0
1777143600000000,1.42110000,1.42140000,1.41990000,1.42060000,257304.80000000,1777144499999999,365490.95160000,1505,103012.50000000,146336.44649000,0
1777144500000000,1.42050000,1.42140000,1.41920000,1.41950000,508289.70000000,1777145399999999,721948.81212000,1969,133456.60000000,189603.05126000,0
1777145400000000,1.41940000,1.41980000,1.41920000,1.41920000,394714.30000000,1777146299999999,560291.82822000,1286,115336.10000000,163723.46977000,0
1777146300000000,1.41930000,1.42090000,1.41920000,1.42040000,332419.60000000,1777147199999999,472045.54323000,1404,164154.20000000,233079.06555000,0
1777147200000000,1.42050000,1.42080000,1.41870000,1.42000000,675035.70000000,1777148099999999,958281.81200000,2442,207925.50000000,295186.49315000,0
1777148100000000,1.42000000,1.42120000,1.42000000,1.42120000,223259.00000000,1777148999999999,317137.23419000,1251,147703.40000000,209810.06915000,0
1777149000000000,1.42110000,1.42120000,1.42050000,1.42070000,234636.80000000,1777149899999999,333358.15185000,1040,107790.60000000,153137.22215000,0
1777149900000000,1.42060000,1.42220000,1.42060000,1.42220000,184761.50000000,1777150799999999,262572.31035000,1056,116038.10000000,164909.31291000,0
1777150800000000,1.42220000,1.42340000,1.42210000,1.42270000,361814.50000000,1777151699999999,514757.12174000,1760,193401.50000000,275148.43397000,0
1777151700000000,1.42260000,1.42290000,1.42210000,1.42250000,272774.10000000,1777152599999999,388039.62401000,1253,145805.10000000,207424.15421000,0
1777152600000000,1.42240000,1.42280000,1.42200000,1.42250000,259850.20000000,1777153499999999,369625.18240000,1389,96173.70000000,136799.97844000,0
1777153500000000,1.42260000,1.42330000,1.42200000,1.42290000,116550.60000000,1777154399999999,165804.07450000,1566,70164.00000000,99816.10833000,0
1777154400000000,1.42290000,1.42360000,1.42230000,1.42280000,139557.20000000,1777155299999999,198565.10841000,1881,69203.60000000,98464.87023000,0
1777155300000000,1.42270000,1.42390000,1.42260000,1.42370000,151125.60000000,1777156199999999,215111.31638000,818,104721.80000000,149057.76858000,0
1777156200000000,1.42370000,1.42560000,1.42370000,1.42540000,329403.30000000,1777157099999999,469424.51911000,1776,247882.70000000,353245.92628000,0
1777157100000000,1.42530000,1.42530000,1.42320000,1.42340000,194149.80000000,1777157999999999,276623.59385000,1038,64159.80000000,91418.20358000,0
1777158000000000,1.42340000,1.42380000,1.42250000,1.42350000,159585.30000000,1777158899999999,227112.27179000,1513,99595.60000000,141738.52974000,0
1777158900000000,1.42350000,1.42380000,1.42280000,1.42340000,148904.20000000,1777159799999999,211943.83395000,1149,64856.40000000,92314.18606000,0
1777159800000000,1.42330000,1.42500000,1.42230000,1.42430000,305514.60000000,1777160699999999,435032.67131000,1951,148262.10000000,211105.64806000,0
1777160700000000,1.42430000,1.42470000,1.42340000,1.42380000,210505.00000000,1777161599999999,299771.67297000,1127,82020.20000000,116811.95493000,0
1777161600000000,1.42380000,1.42390000,1.42220000,1.42240000,273975.70000000,1777162499999999,389903.24095000,1814,78728.30000000,112032.64982000,0
1777162500000000,1.42230000,1.42240000,1.42130000,1.42140000,169468.80000000,1777163399999999,240971.59303000,1046,35251.00000000,50122.07373000,0
1777163400000000,1.42140000,1.42280000,1.42100000,1.42250000,127749.50000000,1777164299999999,181679.21281000,1325,60429.10000000,85934.63263000,0
1777164300000000,1.42260000,1.42260000,1.41990000,1.42080000,237309.00000000,1777165199999999,337192.71072000,1623,80376.70000000,114208.96191000,0
1777165200000000,1.42090000,1.42130000,1.42040000,1.42100000,158013.10000000,1777166099999999,224508.97464000,1289,81059.50000000,115170.36618000,0
1777166100000000,1.42100000,1.42190000,1.42030000,1.42040000,141843.90000000,1777166999999999,201591.35900000,1143,49109.20000000,69801.31570000,0
1777167000000000,1.42040000,1.42150000,1.42030000,1.42070000,155902.70000000,1777167899999999,221519.32636000,1068,53549.30000000,76076.63519000,0
1777167900000000,1.42070000,1.42080000,1.41880000,1.41930000,395378.00000000,1777168799999999,561349.09708000,2046,149457.50000000,212183.56612000,0
1777168800000000,1.41920000,1.42180000,1.41920000,1.42180000,241143.90000000,1777169699999999,342461.56284000,1245,121000.10000000,171862.86576000,0
1777169700000000,1.42180000,1.42200000,1.42140000,1.42170000,127401.20000000,1777170599999999,181132.00903000,1076,69504.90000000,98816.40389000,0
1777170600000000,1.42180000,1.42270000,1.42120000,1.42130000,201686.20000000,1777171499999999,286769.28810000,1121,106133.50000000,150902.54025000,0
1777171500000000,1.42120000,1.42200000,1.42030000,1.42180000,271567.50000000,1777172399999999,385899.26637000,1493,96586.20000000,137257.75202000,0
1777172400000000,1.42190000,1.42310000,1.42110000,1.42310000,157349.10000000,1777173299999999,223711.30208000,1120,66702.30000000,94843.23132000,0
1777173300000000,1.42300000,1.42410000,1.42230000,1.42230000,226438.80000000,1777174199999999,322336.01758000,1130,78099.20000000,111179.56315000,0
1777174200000000,1.42230000,1.42230000,1.41800000,1.41870000,566621.30000000,1777175099999999,804229.54519000,2666,175745.90000000,249422.87373000,0
1777175100000000,1.41870000,1.41890000,1.41830000,1.41860000,174976.70000000,1777175999999999,248217.13400000,746,110495.40000000,156747.07765000,0
1777176000000000,1.41870000,1.42080000,1.41850000,1.41980000,316609.90000000,1777176899999999,449432.13129000,1936,161538.60000000,229269.86905000,0
1777176900000000,1.41980000,1.42050000,1.41900000,1.41900000,148688.10000000,1777177799999999,211102.21177000,993,47216.50000000,67030.05765000,0
1777177800000000,1.41900000,1.42060000,1.41850000,1.42020000,205068.50000000,1777178699999999,291101.70572000,1300,131982.70000000,187366.35037000,0
1777178700000000,1.42030000,1.42380000,1.41970000,1.42210000,522240.80000000,1777179599999999,742693.22671000,3569,318620.20000000,453097.83816000,0
1777179600000000,1.42200000,1.42750000,1.42130000,1.42700000,654435.90000000,1777180499999999,931687.86277000,4891,381367.90000000,543012.09700000,0
1777180500000000,1.42700000,1.42940000,1.42690000,1.42750000,711554.40000000,1777181399999999,1016323.60506000,5057,480050.50000000,685684.75652000,0
1777181400000000,1.42760000,1.42850000,1.42580000,1.42600000,287511.70000000,1777182299999999,410157.46558000,2569,118249.20000000,168692.72048000,0
1777182300000000,1.42610000,1.42700000,1.42480000,1.42560000,171430.30000000,1777183199999999,244451.84532000,2011,70631.00000000,100713.60105000,0
1777183200000000,1.42570000,1.42790000,1.42570000,1.42740000,277473.60000000,1777184099999999,395983.78851000,2052,167070.20000000,238426.31135000,0
1777184100000000,1.42740000,1.42740000,1.42570000,1.42660000,345386.30000000,1777184999999999,492680.25318000,1547,196120.80000000,279776.17421000,0
1777185000000000,1.42660000,1.42850000,1.42630000,1.42800000,211711.10000000,1777185899999999,302209.70834000,1546,129945.90000000,185516.99193000,0
1777185900000000,1.42790000,1.42830000,1.42590000,1.42750000,211545.70000000,1777186799999999,301841.43348000,1562,113986.40000000,162638.14351000,0
1777186800000000,1.42750000,1.42850000,1.42690000,1.42840000,267475.30000000,1777187699999999,381888.46424000,1358,100748.50000000,143846.17681000,0
1777187700000000,1.42830000,1.42890000,1.42790000,1.42810000,253950.10000000,1777188599999999,362749.39336000,1466,99104.20000000,141565.91890000,0
1777188600000000,1.42810000,1.42820000,1.42640000,1.42650000,193753.20000000,1777189499999999,276487.48125000,1505,101882.20000000,145377.91968000,0
1777189500000000,1.42650000,1.42940000,1.42640000,1.42910000,391834.20000000,1777190399999999,559414.15232000,1342,282335.60000000,402981.08196000,0
1777190400000000,1.42910000,1.42960000,1.42740000,1.42810000,202069.20000000,1777191299999999,288667.11569000,1594,91458.70000000,130634.16056000,0
1777191300000000,1.42810000,1.42830000,1.42620000,1.42670000,180396.20000000,1777192199999999,257467.89855000,1128,58843.80000000,83988.76030000,0
1777192200000000,1.42680000,1.42960000,1.42680000,1.42750000,195636.40000000,1777193099999999,279468.32283000,2363,117888.80000000,168408.36965000,0
1777193100000000,1.42760000,1.42800000,1.42570000,1.42650000,192262.60000000,1777193999999999,274394.70584000,1509,89957.50000000,128387.12479000,0
1777194000000000,1.42650000,1.42690000,1.42580000,1.42650000,121846.40000000,1777194899999999,173777.33413000,1213,48971.80000000,69849.03082000,0
1777194900000000,1.42660000,1.42780000,1.42570000,1.42770000,191827.50000000,1777195799999999,273700.66314000,1680,130355.80000000,186013.55822000,0
1777195800000000,1.42780000,1.42800000,1.42690000,1.42780000,294335.50000000,1777196699999999,420197.40142000,1568,164787.30000000,235251.07423000,0
1777196700000000,1.42780000,1.42850000,1.42760000,1.42830000,205525.40000000,1777197599999999,293500.02979000,981,93620.80000000,133693.39995000,0
1777197600000000,1.42830000,1.42870000,1.42690000,1.42840000,193539.70000000,1777198499999999,276357.64188000,1548,98277.40000000,140327.73738000,0
1777198500000000,1.42840000,1.42880000,1.42790000,1.42800000,158849.80000000,1777199399999999,226927.61376000,1348,58696.00000000,83853.93748000,0
1777199400000000,1.42800000,1.42800000,1.42720000,1.42740000,92209.10000000,1777200299999999,131644.08493000,976,27016.90000000,38570.89576000,0
1777200300000000,1.42750000,1.42780000,1.42680000,1.42760000,97446.60000000,1777201199999999,139093.58830000,940,62083.50000000,88617.92946000,0
1777201200000000,1.42760000,1.42880000,1.42760000,1.42840000,153943.90000000,1777202099999999,219888.23702000,1532,55783.60000000,79673.93981000,0
1777202100000000,1.42850000,1.43170000,1.42840000,1.43130000,309604.30000000,1777202999999999,442806.51643000,2431,147647.50000000,211165.68049000,0
1777203000000000,1.43140000,1.43180000,1.42990000,1.43050000,179980.70000000,1777203899999999,257501.59548000,2085,58533.90000000,83740.08493000,0
1777203900000000,1.43040000,1.43160000,1.42980000,1.43050000,263630.90000000,1777204799999999,377199.07704000,1652,98857.90000000,141443.36280000,0
1777204800000000,1.43060000,1.43150000,1.42880000,1.42930000,552244.80000000,1777205699999999,789981.96357000,2276,239702.50000000,342935.45005000,0
1777205700000000,1.42920000,1.42980000,1.42620000,1.42710000,468414.70000000,1777206599999999,669119.08061000,2297,133576.70000000,190793.23721000,0
1777206600000000,1.42710000,1.42720000,1.42600000,1.42680000,234333.70000000,1777207499999999,334349.30210000,1171,80564.40000000,114947.31065000,0
1777207500000000,1.42680000,1.42690000,1.42380000,1.42490000,442155.00000000,1777208399999999,630021.08265000,3244,163780.20000000,233338.37720000,0
1777208400000000,1.42500000,1.42580000,1.42350000,1.42550000,464146.00000000,1777209299999999,661303.52228000,1955,278921.00000000,397398.47036000,0
1777209300000000,1.42540000,1.42570000,1.42350000,1.42460000,351334.20000000,1777210199999999,500415.37883000,2023,210666.80000000,300044.00596000,0
1777210200000000,1.42450000,1.42530000,1.42410000,1.42450000,292386.40000000,1777211099999999,416506.33354000,1810,152676.40000000,217486.25426000,0
1777211100000000,1.42460000,1.42470000,1.42310000,1.42430000,387650.10000000,1777211999999999,552004.82929000,2026,190592.10000000,271392.18780000,0
1777212000000000,1.42430000,1.42570000,1.42340000,1.42570000,357009.60000000,1777212899999999,508566.50530000,1860,124359.80000000,177151.99439000,0
1777212900000000,1.42570000,1.42990000,1.42520000,1.42820000,509625.80000000,1777213799999999,727737.91427000,4485,322939.50000000,461102.19264000,0
1777213800000000,1.42830000,1.42980000,1.42740000,1.42860000,106795.90000000,1777214699999999,152560.88099000,2047,60751.00000000,86784.60528000,0
1777214700000000,1.42850000,1.42920000,1.42690000,1.42720000,325215.60000000,1777215599999999,464416.21974000,2579,210735.60000000,300964.88706000,0
1777215600000000,1.42720000,1.42780000,1.42620000,1.42650000,285280.60000000,1777216499999999,407069.37873000,1974,186566.30000000,266221.15898000,0
1777216500000000,1.42650000,1.42900000,1.42640000,1.42890000,232716.20000000,1777217399999999,332160.17925000,1761,112448.90000000,160505.85407000,0
1777217400000000,1.42900000,1.42920000,1.42780000,1.42840000,239711.50000000,1777218299999999,342441.25238000,1783,107820.90000000,154036.82280000,0
1777218300000000,1.42840000,1.42920000,1.42740000,1.42920000,230059.70000000,1777219199999999,328616.76983000,1736,116385.10000000,166242.28979000,0
1777219200000000,1.42920000,1.42950000,1.42720000,1.42730000,175113.60000000,1777220099999999,250105.92284000,1445,54991.50000000,78555.37149000,0
1777220100000000,1.42730000,1.42800000,1.42640000,1.42710000,477334.80000000,1777220999999999,681334.20328000,1427,294290.60000000,420047.27526000,0
1777221000000000,1.42720000,1.42850000,1.42630000,1.42640000,307175.70000000,1777221899999999,438551.44553000,1777,221271.40000000,315950.39571000,0
1777221900000000,1.42640000,1.42660000,1.42520000,1.42520000,188379.50000000,1777222799999999,268630.16111000,1619,104095.20000000,148443.48966000,0
1777222800000000,1.42520000,1.42570000,1.42270000,1.42560000,325523.20000000,1777223699999999,463519.58993000,2104,138855.20000000,197752.46030000,0
1777223700000000,1.42560000,1.42640000,1.42480000,1.42570000,170222.70000000,1777224599999999,242671.55889000,1426,88215.70000000,125770.28905000,0
1777224600000000,1.42570000,1.42570000,1.42380000,1.42530000,165988.10000000,1777225499999999,236444.49937000,1859,79905.30000000,113818.37947000,0
1777225500000000,1.42530000,1.42600000,1.42470000,1.42480000,188674.90000000,1777226399999999,268921.17875000,1540,81831.90000000,116640.05663000,0
1777226400000000,1.42480000,1.42850000,1.42310000,1.42720000,456625.50000000,1777227299999999,651086.62244000,4550,236280.60000000,336918.73119000,0
1777227300000000,1.42720000,1.43020000,1.42720000,1.42790000,291868.30000000,1777228199999999,416936.29116000,3837,187878.00000000,268404.58563000,0
1777228200000000,1.42790000,1.42840000,1.42700000,1.42780000,178339.00000000,1777229099999999,254605.57826000,1495,76636.30000000,109408.37200000,0
1777229100000000,1.42780000,1.42930000,1.42770000,1.42900000,150633.90000000,1777229999999999,215216.11713000,1932,92646.60000000,132360.31962000,0
1777230000000000,1.42910000,1.43140000,1.42780000,1.43080000,489739.80000000,1777230899999999,700199.02250000,3436,261646.70000000,374128.11684000,0
1777230900000000,1.43090000,1.43660000,1.43020000,1.43090000,1192383.00000000,1777231799999999,1709415.96473000,7838,504566.00000000,723468.99149000,0
1777231800000000,1.43090000,1.43180000,1.43000000,1.43110000,258606.40000000,1777232699999999,370032.68801000,2342,46891.20000000,67090.07037000,0
1777232700000000,1.43110000,1.43200000,1.43040000,1.43040000,243277.50000000,1777233599999999,348250.99107000,1677,188344.30000000,269633.20634000,0
1777233600000000,1.43040000,1.43170000,1.42970000,1.42970000,137198.20000000,1777234499999999,196260.83618000,1627,49746.10000000,71168.63681000,0
1777234500000000,1.42970000,1.43100000,1.42940000,1.43080000,129059.90000000,1777235399999999,184591.22701000,1253,90614.40000000,129603.09366000,0
1777235400000000,1.43080000,1.43290000,1.42850000,1.42870000,432002.50000000,1777236299999999,618114.03672000,3348,195068.50000000,279137.33731000,0
1777236300000000,1.42870000,1.42940000,1.42750000,1.42760000,223622.80000000,1777237199999999,319381.20905000,1341,88736.90000000,126739.03358000,0
1777237200000000,1.42750000,1.42950000,1.42750000,1.42880000,250413.60000000,1777238099999999,357702.75034000,1651,142690.30000000,203824.59160000,0
1777238100000000,1.42870000,1.43010000,1.42850000,1.42870000,281208.50000000,1777238999999999,401939.72580000,1835,95781.50000000,136884.24585000,0
1777239000000000,1.42870000,1.42870000,1.42250000,1.42320000,953358.10000000,1777239899999999,1358385.41945000,5363,402199.50000000,572968.03964000,0
1777239900000000,1.42330000,1.43000000,1.42000000,1.42850000,1543434.30000000,1777240799999999,2199604.19137000,13771,890962.70000000,1270294.89576000,0
1777240800000000,1.42850000,1.43200000,1.42800000,1.43090000,619551.30000000,1777241699999999,886211.59174000,8236,305675.00000000,437210.25073000,0
1777241700000000,1.43090000,1.43570000,1.43030000,1.43110000,839505.80000000,1777242599999999,1203859.54599000,7944,364247.10000000,522319.64436000,0
1777242600000000,1.43100000,1.43120000,1.42370000,1.42710000,488423.50000000,1777243499999999,696842.55877000,7986,230008.80000000,328060.85012000,0
1777243500000000,1.42700000,1.42940000,1.42680000,1.42710000,376197.80000000,1777244399999999,537214.61310000,3365,166804.60000000,238196.41546000,0
1777244400000000,1.42700000,1.42840000,1.42620000,1.42730000,256388.10000000,1777245299999999,365865.04960000,3200,112010.90000000,159851.25881000,0
1777245300000000,1.42720000,1.43030000,1.42640000,1.42640000,176944.60000000,1777246199999999,252696.33009000,2941,75177.10000000,107357.20414000,0
1777246200000000,1.42640000,1.43210000,1.42510000,1.43180000,407826.00000000,1777247099999999,582421.85356000,5464,203463.70000000,290761.39127000,0
1777247100000000,1.43180000,1.43480000,1.43050000,1.43070000,339668.30000000,1777247999999999,486527.58738000,4910,118021.20000000,169095.65827000,0
1777248000000000,1.43080000,1.43400000,1.42900000,1.42920000,372310.30000000,1777248899999999,533091.75610000,4832,170338.00000000,243969.21533000,0
1777248900000000,1.42930000,1.42960000,1.42550000,1.42630000,343371.30000000,1777249799999999,490125.77733000,3622,156353.70000000,223223.29629000,0
1777249800000000,1.42620000,1.43390000,1.42530000,1.43300000,394980.30000000,1777250699999999,564274.06553000,4894,286259.00000000,408875.54642000,0
1777250700000000,1.43300000,1.44080000,1.43230000,1.43930000,1504035.70000000,1777251599999999,2161677.61568000,10844,723227.70000000,1039231.64418000,0
1777251600000000,1.43940000,1.44450000,1.43940000,1.43970000,1268209.60000000,1777252499999999,1829151.47262000,12436,693994.90000000,1001012.82595000,0
1777252500000000,1.43980000,1.44020000,1.43480000,1.43680000,465881.60000000,1777253399999999,669831.18268000,6294,174903.20000000,251502.25640000,0
1777253400000000,1.43690000,1.44300000,1.43670000,1.44140000,459809.00000000,1777254299999999,662334.12065000,5005,229289.90000000,330187.68853000,0
1777254300000000,1.44140000,1.44600000,1.44140000,1.44460000,952039.70000000,1777255199999999,1375114.08915000,7913,531785.20000000,768020.68312000,0
1777255200000000,1.44470000,1.44540000,1.44030000,1.44160000,397786.60000000,1777256099999999,573897.76317000,4599,164155.30000000,236804.63830000,0
1777256100000000,1.44160000,1.44440000,1.44010000,1.44220000,626534.20000000,1777256999999999,903838.81587000,4754,311856.60000000,449989.78718000,0
1777257000000000,1.44230000,1.44460000,1.44080000,1.44190000,434027.60000000,1777257899999999,626130.52798000,5075,202550.70000000,292241.16433000,0
1777257900000000,1.44180000,1.44590000,1.44180000,1.44360000,569161.70000000,1777258799999999,821861.96880000,4754,343483.50000000,495964.65234000,0
1777258800000000,1.44360000,1.44480000,1.44170000,1.44320000,494361.90000000,1777259699999999,713508.92142000,4315,345835.20000000,499116.03094000,0
1777259700000000,1.44330000,1.44410000,1.44150000,1.44370000,566103.10000000,1777260599999999,817000.02887000,4059,301895.30000000,435758.36509000,0
1777260600000000,1.44370000,1.44640000,1.44350000,1.44630000,770783.60000000,1777261499999999,1113742.65226000,5019,490408.50000000,708660.63915000,0
1777261500000000,1.44640000,1.44660000,1.44220000,1.44250000,272485.40000000,1777262399999999,393546.20181000,3027,93825.00000000,135466.25375000,0
1777262400000000,1.44240000,1.44250000,1.44020000,1.44080000,374818.50000000,1777263299999999,540308.85290000,3148,166893.90000000,240563.53035000,0
1777263300000000,1.44070000,1.44170000,1.44020000,1.44170000,458506.10000000,1777264199999999,660683.96088000,3160,199403.40000000,287354.08625000,0
1777264200000000,1.44170000,1.44220000,1.44000000,1.44020000,454034.40000000,1777265099999999,654153.24681000,3214,139697.10000000,201280.99330000,0
1777265100000000,1.44030000,1.44070000,1.43830000,1.44010000,1513189.50000000,1777265999999999,2178648.62105000,4021,347899.30000000,500777.17930000,0
1777266000000000,1.44020000,1.44050000,1.42740000,1.42760000,1220316.30000000,1777266899999999,1746880.45027000,9842,509020.70000000,728548.52212000,0
1777266900000000,1.42770000,1.42770000,1.41880000,1.42020000,3598647.00000000,1777267799999999,5119616.76882000,22261,1424926.10000000,2026999.02492000,0
1777267800000000,1.42010000,1.42180000,1.41680000,1.42030000,1591154.70000000,1777268699999999,2258737.03408000,11339,815170.00000000,1157325.44341000,0
1777268700000000,1.42030000,1.42180000,1.41840000,1.41960000,1038345.40000000,1777269599999999,1474401.05333000,5708,495482.60000000,703541.23462000,0
1777269600000000,1.41950000,1.41950000,1.41450000,1.41870000,1338997.40000000,1777270499999999,1897626.66805000,7254,672080.50000000,952421.02686000,0
1777270500000000,1.41870000,1.42080000,1.41830000,1.41910000,417287.10000000,1777271399999999,592529.27542000,2716,293692.80000000,417070.88794000,0
1777271400000000,1.41910000,1.41910000,1.41290000,1.41590000,1057210.50000000,1777272299999999,1495903.93052000,7775,499596.80000000,706941.94769000,0
1777272300000000,1.41590000,1.41880000,1.41540000,1.41810000,435023.00000000,1777273199999999,616633.02847000,4139,282343.40000000,400200.73583000,0
1777273200000000,1.41810000,1.41880000,1.41540000,1.41650000,463129.90000000,1777274099999999,656045.59338000,3802,160772.30000000,227819.44580000,0
1777274100000000,1.41650000,1.41740000,1.41420000,1.41520000,622956.70000000,1777274999999999,881732.68267000,4207,361137.50000000,511081.86459000,0
1777275000000000,1.41510000,1.41560000,1.41390000,1.41540000,287297.70000000,1777275899999999,406448.12019000,2575,166526.50000000,235577.12052000,0
1777275900000000,1.41550000,1.41720000,1.41420000,1.41450000,417787.40000000,1777276799999999,591461.85755000,2695,200036.80000000,283188.72921000,0
1777276800000000,1.41440000,1.41560000,1.41290000,1.41490000,358427.10000000,1777277699999999,506928.76562000,3593,220902.50000000,312455.40946000,0
1777277700000000,1.41490000,1.41680000,1.41400000,1.41410000,366870.00000000,1777278599999999,519374.79775000,3140,211822.30000000,299899.34127000,0
1777278600000000,1.41400000,1.41580000,1.41370000,1.41430000,322138.30000000,1777279499999999,455744.45196000,3332,132863.50000000,187969.35733000,0
1777279500000000,1.41430000,1.41830000,1.41430000,1.41830000,326919.70000000,1777280399999999,463040.50656000,3056,167247.50000000,236884.33695000,0
1777280400000000,1.41840000,1.41910000,1.41740000,1.41890000,321445.00000000,1777281299999999,455949.73595000,2526,115987.80000000,164526.20811000,0
1777281300000000,1.41900000,1.41900000,1.41510000,1.41620000,344760.10000000,1777282199999999,488405.21141000,2652,140575.50000000,199120.04398000,0
1777282200000000,1.41610000,1.41790000,1.41530000,1.41710000,712054.40000000,1777283099999999,1008832.46145000,3343,367778.70000000,521077.24107000,0
1777283100000000,1.41710000,1.41800000,1.41640000,1.41680000,392019.70000000,1777283999999999,555499.15183000,2284,125207.10000000,177426.21301000,0
1777284000000000,1.41670000,1.41670000,1.41520000,1.41530000,388477.30000000,1777284899999999,550019.50272000,2326,233762.70000000,330966.05387000,0
1777284900000000,1.41530000,1.41590000,1.41440000,1.41540000,413583.10000000,1777285799999999,585317.22624000,2040,156097.10000000,220910.70696000,0
1777285800000000,1.41550000,1.41700000,1.41530000,1.41610000,334488.90000000,1777286699999999,473687.56735000,2185,190911.60000000,270349.29991000,0
1777286700000000,1.41620000,1.41670000,1.41510000,1.41520000,270509.40000000,1777287599999999,382996.90711000,1544,124459.30000000,176214.83844000,0
1777287600000000,1.41520000,1.41530000,1.41340000,1.41360000,565812.30000000,1777288499999999,800120.98229000,2931,170295.50000000,240812.41776000,0
1777288500000000,1.41350000,1.41500000,1.41260000,1.41400000,662744.70000000,1777289399999999,936994.17549000,2843,328504.40000000,464430.91977000,0
1777289400000000,1.41400000,1.41440000,1.41360000,1.41370000,428497.10000000,1777290299999999,605860.94388000,1720,177950.40000000,251605.96991000,0
1777290300000000,1.41380000,1.41400000,1.41300000,1.41370000,421656.70000000,1777291199999999,596014.55971000,1271,152056.40000000,214923.16549000,0
1777291200000000,1.41370000,1.41500000,1.41270000,1.41430000,476874.60000000,1777292099999999,674180.40955000,2318,292802.60000000,413953.54432000,0
1777292100000000,1.41430000,1.41480000,1.41250000,1.41310000,469316.70000000,1777292999999999,663419.76996000,2208,238909.10000000,337616.69513000,0
1777293000000000,1.41320000,1.41360000,1.41040000,1.41100000,1037320.80000000,1777293899999999,1464380.59285000,4364,696143.50000000,982755.04536000,0
1777293900000000,1.41110000,1.41220000,1.41000000,1.41080000,673453.10000000,1777294799999999,950198.64290000,2564,397180.10000000,560409.97443000,0
1777294800000000,1.41080000,1.41240000,1.40950000,1.40960000,922294.50000000,1777295699999999,1300897.97128000,3932,422603.60000000,596163.64800000,0
1777295700000000,1.40960000,1.41050000,1.40580000,1.40700000,1487352.60000000,1777296599999999,2094222.11048000,5234,671046.40000000,944876.24147000,0
1777296600000000,1.40690000,1.41080000,1.40550000,1.40800000,1333428.70000000,1777297499999999,1877216.74696000,9387,862342.60000000,1214012.21004000,0
1777297500000000,1.40800000,1.40830000,1.39800000,1.40180000,4214889.70000000,1777298399999999,5906286.21587000,16498,1890994.40000000,2649435.41714000,0
1777298400000000,1.40170000,1.40520000,1.39880000,1.40520000,2077609.90000000,1777299299999999,2911846.15263000,10951,1256976.00000000,1761909.56628000,0
1777299300000000,1.40520000,1.40590000,1.40250000,1.40310000,1001666.70000000,1777300199999999,1406850.86617000,6120,625894.10000000,879068.25835000,0
1777300200000000,1.40310000,1.41020000,1.40250000,1.40970000,1929001.20000000,1777301099999999,2713076.23572000,11723,1351188.40000000,1900219.41821000,0
1777301100000000,1.40970000,1.41080000,1.40320000,1.40400000,875238.90000000,1777301999999999,1231405.05364000,7581,492603.30000000,693204.62107000,0
1777302000000000,1.40410000,1.40430000,1.39600000,1.39770000,1929585.50000000,1777302899999999,2700023.65694000,14902,837013.90000000,1171408.19301000,0
1777302900000000,1.39770000,1.39770000,1.38360000,1.38890000,5633056.90000000,1777303799999999,7821883.50839000,30100,2429951.70000000,3374614.24429000,0
1777303800000000,1.38890000,1.39280000,1.38840000,1.39050000,1103006.90000000,1777304699999999,1534271.69475000,8327,572385.40000000,796138.92600000,0
1777304700000000,1.39040000,1.39060000,1.38560000,1.38820000,719822.40000000,1777305599999999,998763.92953000,6799,376187.40000000,521963.38068000,0
1777305600000000,1.38820000,1.39050000,1.38700000,1.38990000,974805.00000000,1777306499999999,1354024.69450000,6535,386492.60000000,536881.33742000,0
1777306500000000,1.38980000,1.39140000,1.38620000,1.38660000,782176.20000000,1777307399999999,1086384.66574000,4655,398596.50000000,553934.19259000,0
1777307400000000,1.38660000,1.38830000,1.38480000,1.38620000,726446.90000000,1777308299999999,1007304.89444000,4529,379851.50000000,526714.24511000,0
1777308300000000,1.38630000,1.38900000,1.38590000,1.38880000,579012.20000000,1777309199999999,803119.25260000,3844,159786.60000000,221683.42563000,0
1777309200000000,1.38880000,1.39300000,1.38880000,1.39160000,1120117.90000000,1777310099999999,1558577.81229000,4993,755289.40000000,1051071.11512000,0
1777310100000000,1.39160000,1.39540000,1.39040000,1.39390000,869769.10000000,1777310999999999,1211677.84196000,5446,494201.30000000,688579.73390000,0
1777311000000000,1.39390000,1.39540000,1.39260000,1.39440000,427647.00000000,1777311899999999,596093.12689000,3872,255477.70000000,356111.14211000,0
1777311900000000,1.39430000,1.39480000,1.39280000,1.39330000,354112.50000000,1777312799999999,493486.97714000,2541,138293.20000000,192733.57596000,0
1777312800000000,1.39330000,1.39590000,1.39250000,1.39440000,699079.30000000,1777313699999999,974779.55280000,3464,376516.20000000,524962.47863000,0
1777313700000000,1.39440000,1.39690000,1.39310000,1.39360000,433373.10000000,1777314599999999,604567.06882000,2791,186890.40000000,260782.28915000,0
1777314600000000,1.39360000,1.39550000,1.39300000,1.39550000,150474.10000000,1777315499999999,209847.80775000,2035,83206.90000000,116030.94873000,0
1777315500000000,1.39540000,1.39710000,1.39480000,1.39540000,249266.40000000,1777316399999999,348112.31491000,2188,106461.00000000,148672.84110000,0
1777316400000000,1.39540000,1.39620000,1.39260000,1.39500000,544737.60000000,1777317299999999,759253.30407000,2030,115139.00000000,160539.09473000,0
1777317300000000,1.39490000,1.39490000,1.38840000,1.38900000,236495.50000000,1777318199999999,329101.87196000,3001,108152.80000000,150519.17203000,0
1777318200000000,1.38890000,1.39240000,1.38700000,1.39180000,604350.90000000,1777319099999999,839757.23732000,3991,271531.90000000,377339.45411000,0
1777319100000000,1.39180000,1.39320000,1.39170000,1.39300000,283548.40000000,1777319999999999,394861.31309000,1947,62006.60000000,86334.66351000,0
1777320000000000,1.39290000,1.39450000,1.39080000,1.39100000,306234.90000000,1777320899999999,426476.93680000,2667,141815.90000000,197498.71614000,0
1777320900000000,1.39100000,1.39400000,1.39100000,1.39360000,350866.60000000,1777321799999999,488706.03529000,1647,227323.10000000,316568.22512000,0
1777321800000000,1.39370000,1.39500000,1.39310000,1.39320000,314845.80000000,1777322699999999,438833.34072000,1588,157162.10000000,219072.03415000,0
1777322700000000,1.39330000,1.39340000,1.39220000,1.39270000,183949.90000000,1777323599999999,256190.48408000,1323,119755.70000000,166780.73422000,0
1777323600000000,1.39260000,1.39350000,1.39120000,1.39260000,385936.00000000,1777324499999999,537317.19250000,1779,178075.80000000,247928.71515000,0
1777324500000000,1.39250000,1.39320000,1.39160000,1.39250000,319128.00000000,1777325399999999,444305.13895000,1776,111798.30000000,155640.46891000,0
1777325400000000,1.39250000,1.39350000,1.39170000,1.39200000,439532.40000000,1777326299999999,612137.62645000,1686,216500.90000000,301509.79428000,0
1777326300000000,1.39210000,1.39210000,1.38960000,1.38980000,421863.90000000,1777327199999999,586633.74546000,2220,283296.20000000,393957.73617000,0
1777327200000000,1.38990000,1.39300000,1.38940000,1.39210000,336523.10000000,1777328099999999,468098.82188000,3157,204324.10000000,284215.46284000,0
1777328100000000,1.39200000,1.39460000,1.39170000,1.39460000,775474.60000000,1777328999999999,1080356.29456000,2550,554675.40000000,772821.41324000,0
1777329000000000,1.39450000,1.39640000,1.39450000,1.39590000,374307.20000000,1777329899999999,522378.80201000,2105,183941.00000000,256711.14161000,0
1777329900000000,1.39590000,1.39750000,1.39580000,1.39690000,401017.00000000,1777330799999999,560130.11789000,1983,248962.40000000,347757.64645000,0
1777330800000000,1.39680000,1.39860000,1.39660000,1.39680000,492299.20000000,1777331699999999,688036.12385000,2256,201823.70000000,282070.54860000,0
1777331700000000,1.39680000,1.39990000,1.39670000,1.39890000,416155.20000000,1777332599999999,582196.66806000,2359,251314.30000000,351598.44737000,0
1777332600000000,1.39890000,1.40030000,1.39880000,1.39980000,370843.30000000,1777333499999999,519105.98163000,1629,257097.70000000,359889.46635000,0
1777333500000000,1.39980000,1.40220000,1.39940000,1.40070000,536002.80000000,1777334399999999,750731.48693000,2763,366764.90000000,513706.88739000,0
1777334400000000,1.40080000,1.40090000,1.39810000,1.39830000,528320.60000000,1777335299999999,739213.89761000,2577,248703.30000000,347907.39174000,0
1777335300000000,1.39840000,1.39940000,1.39520000,1.39580000,304320.20000000,1777336199999999,425218.23697000,2156,115258.10000000,161040.46217000,0
1777336200000000,1.39590000,1.39960000,1.39570000,1.39900000,557251.30000000,1777337099999999,778786.07498000,3670,264537.40000000,369719.90611000,0
1777337100000000,1.39900000,1.40020000,1.39740000,1.39790000,328333.00000000,1777337999999999,459295.04546000,2740,129162.20000000,180681.21535000,0
1777338000000000,1.39780000,1.39920000,1.39740000,1.39880000,383268.20000000,1777338899999999,536012.87936000,1975,181739.20000000,254154.15375000,0
1777338900000000,1.39890000,1.39890000,1.39690000,1.39790000,243091.20000000,1777339799999999,339837.40684000,2190,117370.60000000,164085.36434000,0
1777339800000000,1.39790000,1.39800000,1.39620000,1.39660000,236030.40000000,1777340699999999,329781.48282000,2173,81960.90000000,114522.32604000,0
1777340700000000,1.39660000,1.39800000,1.39620000,1.39750000,412058.30000000,1777341599999999,575812.22153000,2527,275489.40000000,384970.71000000,0
1777341600000000,1.39760000,1.39920000,1.39700000,1.39730000,741384.20000000,1777342499999999,1036260.20572000,2620,409248.70000000,572001.87028000,0
1777342500000000,1.39730000,1.39900000,1.39620000,1.39630000,510268.60000000,1777343399999999,713146.25126000,2243,221526.30000000,309618.97058000,0
1777343400000000,1.39620000,1.39640000,1.39160000,1.39160000,660336.40000000,1777344299999999,920198.82205000,4226,132149.50000000,184122.40176000,0
1777344300000000,1.39160000,1.39390000,1.39110000,1.39340000,209014.60000000,1777345199999999,291072.86580000,2470,134180.50000000,186858.98558000,0
1777345200000000,1.39330000,1.39380000,1.39150000,1.39270000,393456.10000000,1777346099999999,547915.23500000,2483,145593.70000000,202757.33346000,0
1777346100000000,1.39270000,1.39270000,1.38850000,1.39000000,525359.60000000,1777346999999999,730235.64027000,2958,262152.10000000,364304.74858000,0
1777347000000000,1.39000000,1.39130000,1.38960000,1.39040000,218247.00000000,1777347899999999,303463.18868000,1775,127933.70000000,177873.03456000,0
1777347900000000,1.39040000,1.39340000,1.39020000,1.39300000,231791.50000000,1777348799999999,322643.27373000,1636,109680.90000000,152656.41484000,0
1777348800000000,1.39300000,1.39370000,1.39110000,1.39360000,350225.80000000,1777349699999999,487551.48235000,2185,168601.70000000,234732.00446000,0
1777349700000000,1.39350000,1.39470000,1.39060000,1.39190000,442385.60000000,1777350599999999,616134.38722000,3384,225725.10000000,314350.30124000,0
1777350600000000,1.39190000,1.39400000,1.39120000,1.39270000,741062.80000000,1777351499999999,1031583.96993000,3271,170862.90000000,237891.62499000,0
1777351500000000,1.39270000,1.39370000,1.39260000,1.39270000,124703.30000000,1777352399999999,173741.75395000,1228,48512.90000000,67593.66788000,0
1777352400000000,1.39280000,1.39520000,1.39280000,1.39340000,386424.10000000,1777353299999999,538717.25623000,2242,148723.40000000,207345.51150000,0
1777353300000000,1.39340000,1.39730000,1.39280000,1.39590000,466642.00000000,1777354199999999,651223.50393000,2336,249083.10000000,347626.64182000,0
1777354200000000,1.39590000,1.39610000,1.39210000,1.39290000,322463.00000000,1777355099999999,449579.35178000,2211,108515.80000000,151226.63847000,0
1777355100000000,1.39290000,1.39470000,1.39270000,1.39350000,362772.30000000,1777355999999999,505689.58232000,2110,210977.00000000,294078.57981000,0
1777356000000000,1.39360000,1.39710000,1.39360000,1.39540000,129557.80000000,1777356899999999,180796.17588000,1790,52788.70000000,73654.91981000,0
1777356900000000,1.39530000,1.39550000,1.39220000,1.39380000,271777.30000000,1777357799999999,378724.76718000,2127,94695.20000000,131950.35285000,0
1777357800000000,1.39390000,1.39440000,1.38660000,1.38720000,920486.80000000,1777358699999999,1279446.77842000,5034,546261.90000000,759252.74867000,0
1777358700000000,1.38710000,1.38970000,1.38630000,1.38910000,332297.10000000,1777359599999999,461280.78161000,3524,149072.50000000,206913.95586000,0
1777359600000000,1.38900000,1.38980000,1.38720000,1.38730000,369897.60000000,1777360499999999,513660.89257000,2539,100054.70000000,138934.45184000,0
1777360500000000,1.38730000,1.38840000,1.38490000,1.38780000,812928.10000000,1777361399999999,1127137.60400000,4462,314592.50000000,436169.66040000,0
1777361400000000,1.38780000,1.39150000,1.38760000,1.39120000,230717.30000000,1777362299999999,320704.10266000,2916,99021.30000000,137622.93966000,0
1777362300000000,1.39120000,1.39330000,1.39070000,1.39290000,598515.40000000,1777363199999999,833284.71977000,3090,180299.80000000,251019.14168000,0
1777363200000000,1.39300000,1.39310000,1.39080000,1.39200000,341982.70000000,1777364099999999,475969.31568000,2419,133361.10000000,185616.02650000,0
1777364100000000,1.39200000,1.39540000,1.39200000,1.39530000,388305.70000000,1777364999999999,541382.57663000,2920,180661.30000000,251869.25364000,0
1777365000000000,1.39540000,1.39590000,1.39230000,1.39270000,202849.00000000,1777365899999999,282782.22754000,2301,84489.20000000,117779.76535000,0
1777365900000000,1.39270000,1.39310000,1.39140000,1.39230000,321293.90000000,1777366799999999,447246.81285000,2117,104803.50000000,145902.38742000,0
1777366800000000,1.39240000,1.39260000,1.39080000,1.39170000,216100.30000000,1777367699999999,300666.39336000,1816,84307.50000000,117296.08420000,0
1777367700000000,1.39180000,1.39220000,1.39050000,1.39160000,273278.80000000,1777368599999999,380250.58677000,1761,101721.40000000,141536.67641000,0
1777368600000000,1.39160000,1.39170000,1.38860000,1.38950000,416434.90000000,1777369499999999,578681.78706000,2433,135650.60000000,188509.31021000,0
1777369500000000,1.38950000,1.38950000,1.38610000,1.38730000,573752.10000000,1777370399999999,796136.23405000,3224,179290.70000000,248768.70590000,0
1777370400000000,1.38720000,1.38970000,1.38700000,1.38710000,392190.70000000,1777371299999999,544519.21040000,2591,174786.70000000,242705.86093000,0
1777371300000000,1.38710000,1.38810000,1.38650000,1.38690000,306031.50000000,1777372199999999,424491.47485000,2213,136919.80000000,189915.92387000,0
1777372200000000,1.38680000,1.38860000,1.38670000,1.38860000,181998.10000000,1777373099999999,252539.38494000,1945,126916.80000000,176109.05113000,0
1777373100000000,1.38860000,1.38870000,1.38710000,1.38810000,282221.90000000,1777373999999999,391632.81475000,1729,122534.40000000,170039.73029000,0
1777374000000000,1.38810000,1.38880000,1.38670000,1.38670000,948840.10000000,1777374899999999,1316198.86174000,2269,195726.40000000,271504.48090000,0
1777374900000000,1.38670000,1.38770000,1.38550000,1.38660000,1530482.00000000,1777375799999999,2121438.42939000,3739,344897.80000000,478107.12198000,0
1777375800000000,1.38660000,1.38750000,1.38310000,1.38530000,2014207.40000000,1777376699999999,2790001.81264000,4410,486137.10000000,673097.66743000,0
1777376700000000,1.38540000,1.38540000,1.37940000,1.38150000,1722653.30000000,1777377599999999,2379440.82719000,7740,536681.90000000,741167.00257000,0
1777377600000000,1.38150000,1.38230000,1.38080000,1.38130000,500025.80000000,1777378499999999,690778.74017000,3864,270769.10000000,374099.89222000,0
1777378500000000,1.38130000,1.38430000,1.37880000,1.38110000,1385703.60000000,1777379399999999,1913778.77184000,6933,650738.70000000,898819.31951000,0
1777379400000000,1.38110000,1.38330000,1.37990000,1.38280000,750279.00000000,1777380299999999,1036824.56863000,3583,540614.50000000,747163.98847000,0
1777380300000000,1.38280000,1.38490000,1.38180000,1.38310000,560055.90000000,1777381199999999,774651.91783000,3179,310408.50000000,429309.48284000,0
1777381200000000,1.38310000,1.38310000,1.37580000,1.37750000,1412556.20000000,1777382099999999,1947155.58049000,7477,807001.10000000,1112426.82136000,0
1777382100000000,1.37750000,1.38130000,1.37590000,1.37950000,844962.60000000,1777382999999999,1164898.70423000,6336,429819.50000000,592624.90783000,0
1777383000000000,1.37950000,1.38330000,1.37770000,1.38220000,807738.30000000,1777383899999999,1115465.88647000,10254,376016.40000000,519184.47563000,0
1777383900000000,1.38220000,1.38420000,1.37450000,1.37810000,1642017.00000000,1777384799999999,2263978.67269000,8704,480318.70000000,661862.78749000,0
1777384800000000,1.37810000,1.37810000,1.37310000,1.37400000,1049748.10000000,1777385699999999,1443218.69244000,7742,428322.80000000,588836.21363000,0
1777385700000000,1.37400000,1.37530000,1.36890000,1.37160000,1225468.00000000,1777386599999999,1680958.23252000,10325,502636.00000000,689462.05208000,0
1777386600000000,1.37150000,1.37330000,1.36770000,1.37080000,986385.60000000,1777387499999999,1351899.70857000,9282,512842.90000000,702980.39658000,0
1777387500000000,1.37080000,1.37170000,1.36850000,1.36990000,965905.90000000,1777388399999999,1323252.07709000,8395,473464.00000000,648616.20106000,0
1777388400000000,1.36990000,1.37310000,1.36990000,1.37220000,671930.80000000,1777389299999999,921584.41349000,6380,308984.90000000,423798.16868000,0
1777389300000000,1.37210000,1.37240000,1.37040000,1.37150000,595513.10000000,1777390199999999,816656.82223000,3732,369742.50000000,507018.14306000,0
1777390200000000,1.37160000,1.37490000,1.36920000,1.37320000,1081516.00000000,1777391099999999,1483526.56747000,5773,752653.80000000,1032278.35805000,0
1777391100000000,1.37320000,1.37610000,1.37280000,1.37530000,490924.00000000,1777391999999999,674879.45486000,4144,268983.60000000,369756.33590000,0
1777392000000000,1.37540000,1.37600000,1.37370000,1.37520000,538494.60000000,1777392899999999,740370.69944000,3657,240368.20000000,330469.70650000,0
1777392900000000,1.37520000,1.37650000,1.37390000,1.37420000,268778.10000000,1777393799999999,369644.97288000,3205,119110.30000000,163804.74153000,0
1777393800000000,1.37430000,1.37460000,1.37090000,1.37090000,511048.10000000,1777394699999999,701388.39854000,2944,163459.00000000,224394.22177000,0
1777394700000000,1.37080000,1.37730000,1.37050000,1.37670000,635158.60000000,1777395599999999,872415.65731000,4931,416288.20000000,571808.46685000,0
1777395600000000,1.37670000,1.37800000,1.37600000,1.37620000,423294.00000000,1777396499999999,582929.14053000,3139,178527.60000000,245832.58941000,0
1777396500000000,1.37620000,1.37700000,1.37430000,1.37590000,397780.20000000,1777397399999999,547053.09433000,2466,249996.80000000,343829.15703000,0
1777397400000000,1.37590000,1.38100000,1.37570000,1.38060000,948927.80000000,1777398299999999,1309054.94719000,4071,570973.60000000,787543.44871000,0
1777398300000000,1.38060000,1.38090000,1.37700000,1.37880000,783265.90000000,1777399199999999,1079890.83768000,4498,460227.30000000,634367.46731000,0
1777399200000000,1.37880000,1.38300000,1.37880000,1.38030000,529687.20000000,1777400099999999,731608.29751000,3312,324546.60000000,448223.85063000,0
1777400100000000,1.38030000,1.38260000,1.38030000,1.38240000,506069.70000000,1777400999999999,699257.84740000,2656,350164.30000000,483815.68400000,0
1777401000000000,1.38240000,1.38270000,1.37950000,1.37950000,400413.60000000,1777401899999999,552991.93117000,2430,236958.70000000,327262.79615000,0
1777401900000000,1.37950000,1.38260000,1.37940000,1.38250000,317590.50000000,1777402799999999,438646.96354000,2046,172172.40000000,237743.96247000,0
1777402800000000,1.38250000,1.38250000,1.37960000,1.37960000,829247.90000000,1777403699999999,1145185.62132000,2728,179085.10000000,247312.73215000,0
1777403700000000,1.37960000,1.38050000,1.37770000,1.37970000,570640.60000000,1777404599999999,786860.72278000,2796,296129.90000000,408317.58250000,0
1777404600000000,1.37960000,1.38140000,1.37910000,1.38140000,218699.50000000,1777405499999999,301771.15453000,1893,156128.00000000,215441.92410000,0
1777405500000000,1.38140000,1.38640000,1.38140000,1.38260000,1656432.10000000,1777406399999999,2293499.80024000,6594,847729.90000000,1173773.84957000,0
1777406400000000,1.38260000,1.38510000,1.38160000,1.38280000,651485.30000000,1777407299999999,900864.78340000,4136,390441.40000000,539879.83970000,0
1777407300000000,1.38280000,1.38370000,1.38190000,1.38330000,326662.70000000,1777408199999999,451781.05340000,1752,144284.40000000,199579.51292000,0
1777408200000000,1.38340000,1.38440000,1.38260000,1.38280000,150088.90000000,1777409099999999,207653.74041000,1416,57404.80000000,79422.79747000,0
1777409100000000,1.38280000,1.38380000,1.38270000,1.38300000,182968.00000000,1777409999999999,253091.98160000,1053,93030.90000000,128683.23784000,0
1777410000000000,1.38300000,1.38410000,1.38120000,1.38200000,382245.00000000,1777410899999999,528330.13233000,1913,160798.80000000,222234.55070000,0
1777410900000000,1.38190000,1.38220000,1.37960000,1.37990000,128596.80000000,1777411799999999,177584.18780000,1347,39192.10000000,54135.14723000,0
1777411800000000,1.37990000,1.38090000,1.37880000,1.37880000,256691.50000000,1777412699999999,354229.35107000,2075,97485.50000000,134517.47058000,0
1777412700000000,1.37890000,1.38110000,1.37870000,1.38040000,256492.70000000,1777413599999999,353979.70260000,1950,174349.10000000,240615.93356000,0
1777413600000000,1.38040000,1.38420000,1.38040000,1.38190000,911411.00000000,1777414499999999,1259958.16295000,4492,293153.00000000,405314.55702000,0
1777414500000000,1.38180000,1.38190000,1.38060000,1.38180000,141655.80000000,1777415399999999,195656.87571000,1413,81721.30000000,112862.38693000,0
1777415400000000,1.38190000,1.38190000,1.37870000,1.37970000,664397.70000000,1777416299999999,917035.32383000,2136,264866.10000000,365523.49709000,0
1777416300000000,1.37970000,1.37980000,1.37860000,1.37980000,358804.70000000,1777417199999999,494822.89097000,1307,209356.70000000,288728.67144000,0
1777417200000000,1.37970000,1.38120000,1.37850000,1.38090000,176183.40000000,1777418099999999,243102.94391000,1230,79955.00000000,110342.45038000,0
1777418100000000,1.38090000,1.38100000,1.37900000,1.37950000,165371.10000000,1777418999999999,228219.11184000,1071,47860.70000000,66055.43480000,0
1777419000000000,1.37960000,1.38100000,1.37900000,1.38070000,204059.80000000,1777419899999999,281632.04016000,1427,98721.50000000,136250.17530000,0
1777419900000000,1.38060000,1.38170000,1.38050000,1.38050000,312862.80000000,1777420799999999,432025.19447000,1382,54130.20000000,74748.07883000,0
1777420800000000,1.38060000,1.38160000,1.37910000,1.38000000,402768.90000000,1777421699999999,555842.06057000,2380,135753.90000000,187365.03839000,0
1777421700000000,1.37990000,1.38080000,1.37850000,1.37850000,482115.70000000,1777422599999999,665082.73480000,2352,198374.50000000,273643.73144000,0
1777422600000000,1.37860000,1.38230000,1.37860000,1.38150000,268001.30000000,1777423499999999,369910.23021000,1641,173146.80000000,238938.31784000,0
1777423500000000,1.38160000,1.38480000,1.38080000,1.38320000,651512.00000000,1777424399999999,901004.59267000,3198,420206.00000000,581102.55859000,0
1777424400000000,1.38330000,1.38390000,1.38020000,1.38050000,333611.70000000,1777425299999999,461205.33315000,2850,131942.10000000,182352.78745000,0
1777425300000000,1.38040000,1.38140000,1.37800000,1.37850000,578000.30000000,1777426199999999,797104.31475000,3415,321997.30000000,444051.07967000,0
1777426200000000,1.37850000,1.37980000,1.37700000,1.37980000,347560.50000000,1777427099999999,479013.90185000,2517,237350.80000000,327142.16630000,0
1777427100000000,1.37980000,1.38350000,1.37950000,1.38180000,650197.20000000,1777427999999999,898332.01754000,4154,390539.00000000,539604.97889000,0
1777428000000000,1.38190000,1.38360000,1.38120000,1.38130000,387481.60000000,1777428899999999,535537.45723000,2706,170904.30000000,236201.30188000,0
1777428900000000,1.38130000,1.38320000,1.38050000,1.38080000,501961.70000000,1777429799999999,693649.01162000,2706,185558.40000000,256381.46813000,0
1777429800000000,1.38080000,1.38100000,1.37910000,1.37930000,301138.00000000,1777430699999999,415564.45801000,1612,154957.00000000,213814.82060000,0
1777430700000000,1.37920000,1.38070000,1.37900000,1.37980000,244545.80000000,1777431599999999,337431.57657000,1422,165421.80000000,228262.49784000,0
1777431600000000,1.37990000,1.38210000,1.37950000,1.38170000,228158.50000000,1777432499999999,315075.15002000,2063,130109.20000000,179668.13478000,0
1777432500000000,1.38160000,1.38900000,1.38160000,1.38690000,767435.40000000,1777433399999999,1063793.07795000,7124,455486.70000000,631326.31557000,0
1777433400000000,1.38690000,1.39020000,1.38490000,1.38970000,834166.00000000,1777434299999999,1157343.64976000,6526,457641.80000000,634949.94813000,0
1777434300000000,1.38970000,1.38990000,1.38820000,1.38920000,257114.40000000,1777435199999999,357116.46428000,2187,120773.70000000,167735.12942000,0
1777435200000000,1.38930000,1.38970000,1.38760000,1.38840000,583756.00000000,1777436099999999,810665.46119000,2138,400300.70000000,555943.02414000,0
1777436100000000,1.38830000,1.39090000,1.38830000,1.39020000,327605.90000000,1777436999999999,455188.78781000,2270,219792.80000000,305380.31435000,0
1777437000000000,1.39020000,1.39730000,1.39020000,1.39580000,3541378.70000000,1777437899999999,4940758.65850000,6721,3214373.30000000,4484529.29659000,0
1777437900000000,1.39590000,1.39720000,1.39460000,1.39510000,784548.10000000,1777438799999999,1095303.46898000,3067,393333.40000000,549064.30127000,0
1777438800000000,1.39510000,1.39570000,1.39410000,1.39430000,230271.50000000,1777439699999999,321134.46274000,2169,72193.00000000,100689.21561000,0
1777439700000000,1.39430000,1.39490000,1.39390000,1.39490000,226377.50000000,1777440599999999,315679.59177000,1565,150736.00000000,210204.23931000,0
1777440600000000,1.39500000,1.39500000,1.39390000,1.39430000,216304.80000000,1777441499999999,301567.76648000,1368,102646.40000000,143102.81900000,0
1777441500000000,1.39420000,1.39730000,1.39420000,1.39600000,606452.30000000,1777442399999999,846626.21402000,3034,384615.10000000,536893.73018000,0
1777442400000000,1.39610000,1.39670000,1.39350000,1.39440000,410183.30000000,1777443299999999,572281.51522000,3396,201536.00000000,281200.26070000,0
1777443300000000,1.39450000,1.39520000,1.39310000,1.39510000,415600.80000000,1777444199999999,579440.93249000,2123,204284.50000000,284781.33844000,0
1777444200000000,1.39520000,1.39580000,1.39260000,1.39260000,280996.60000000,1777445099999999,391733.32672000,2006,32247.40000000,44954.17241000,0
1777445100000000,1.39270000,1.39310000,1.39060000,1.39220000,366367.30000000,1777445999999999,509787.33781000,2366,233432.70000000,324797.88134000,0
1777446000000000,1.39230000,1.39290000,1.39130000,1.39210000,168971.60000000,1777446899999999,235273.11934000,2108,81834.80000000,113953.29400000,0
1777446900000000,1.39220000,1.39260000,1.39060000,1.39120000,321603.20000000,1777447799999999,447528.47249000,2100,135595.10000000,188687.16940000,0
1777447800000000,1.39130000,1.39560000,1.39120000,1.39340000,588432.00000000,1777448699999999,820490.47710000,3851,381451.70000000,531932.48802000,0
1777448700000000,1.39340000,1.39340000,1.39110000,1.39190000,349743.10000000,1777449599999999,486876.77223000,2432,239922.20000000,333978.20964000,0
1777449600000000,1.39200000,1.39250000,1.38910000,1.39030000,489107.20000000,1777450499999999,679963.79125000,2937,188801.10000000,262474.95001000,0
1777450500000000,1.39030000,1.39390000,1.38970000,1.39210000,773089.70000000,1777451399999999,1076497.14920000,2961,529899.70000000,737947.61455000,0
1777451400000000,1.39210000,1.39210000,1.38910000,1.39140000,206020.30000000,1777452299999999,286436.66215000,2560,71952.50000000,100045.78626000,0
1777452300000000,1.39150000,1.39180000,1.39100000,1.39150000,200184.90000000,1777453199999999,278532.66918000,1521,118143.30000000,164383.76191000,0
1777453200000000,1.39140000,1.39400000,1.39050000,1.39390000,252813.60000000,1777454099999999,351754.85233000,2438,137025.90000000,190683.24741000,0
1777454100000000,1.39390000,1.39810000,1.39300000,1.39670000,515341.50000000,1777454999999999,719129.19149000,3718,232897.50000000,325094.56952000,0
1777455000000000,1.39670000,1.39670000,1.39430000,1.39590000,1049038.00000000,1777455899999999,1463776.09958000,4309,524256.90000000,731488.97026000,0
1777455900000000,1.39600000,1.40670000,1.39460000,1.40370000,2467839.90000000,1777456799999999,3460309.79419000,17958,1065582.80000000,1494037.43000000,0
1777456800000000,1.40380000,1.40630000,1.40330000,1.40440000,749704.70000000,1777457699999999,1053119.14621000,6301,336306.30000000,472497.49036000,0
1777457700000000,1.40430000,1.40470000,1.40210000,1.40430000,599258.80000000,1777458599999999,840858.06215000,4735,264517.70000000,371144.09742000,0
1777458600000000,1.40420000,1.40440000,1.39750000,1.39800000,751870.00000000,1777459499999999,1053084.76019000,4221,208768.40000000,292536.06530000,0
1777459500000000,1.39800000,1.40050000,1.39750000,1.39780000,655187.00000000,1777460399999999,916359.27882000,3384,298935.10000000,418091.24718000,0
1777460400000000,1.39780000,1.39800000,1.39380000,1.39570000,659420.40000000,1777461299999999,920136.18211000,4070,287792.90000000,401585.32504000,0
1777461300000000,1.39570000,1.39620000,1.39380000,1.39390000,556649.00000000,1777462199999999,776350.63463000,2646,264551.20000000,368936.72104000,0
1777462200000000,1.39390000,1.39570000,1.39330000,1.39380000,436512.80000000,1777463099999999,608748.20965000,3319,169952.60000000,237032.24664000,0
1777463100000000,1.39370000,1.39550000,1.39260000,1.39460000,544102.60000000,1777463999999999,758618.85976000,3035,269782.20000000,376174.55038000,0
1777464000000000,1.39450000,1.39470000,1.38480000,1.38480000,1563123.20000000,1777464899999999,2171712.29743000,7844,573815.50000000,797205.39832000,0
1777464900000000,1.38490000,1.38680000,1.37910000,1.38250000,1412009.90000000,1777465799999999,1952330.41017000,10804,625150.90000000,864258.07834000,0
1777465800000000,1.38250000,1.38290000,1.37980000,1.38200000,705097.90000000,1777466699999999,973929.59068000,6574,249786.60000000,345054.44681000,0
1777466700000000,1.38200000,1.38380000,1.38160000,1.38330000,366950.10000000,1777467599999999,507411.94616000,2793,120160.50000000,166159.54819000,0
1777467600000000,1.38330000,1.38400000,1.38190000,1.38350000,690776.80000000,1777468499999999,955126.37311000,3976,306116.70000000,423271.07779000,0
1777468500000000,1.38360000,1.38370000,1.37410000,1.37600000,1520769.20000000,1777469399999999,2095455.66744000,9560,541074.40000000,745513.82829000,0
1777469400000000,1.37600000,1.37720000,1.37200000,1.37310000,1250457.00000000,1777470299999999,1719030.77892000,12878,722345.50000000,993123.02147000,0
1777470300000000,1.37300000,1.37710000,1.37050000,1.37580000,1161224.80000000,1777471199999999,1595546.11031000,8865,542857.60000000,745845.29124000,0
1777471200000000,1.37580000,1.37590000,1.37000000,1.37180000,990981.60000000,1777472099999999,1359235.24768000,7982,402887.10000000,552675.99671000,0
1777472100000000,1.37190000,1.37680000,1.37050000,1.37570000,617046.80000000,1777472999999999,848019.71661000,5358,292832.40000000,402450.71096000,0
1777473000000000,1.37570000,1.37830000,1.37420000,1.37470000,568989.20000000,1777473899999999,782757.17857000,4977,325021.20000000,447163.43456000,0
1777473900000000,1.37470000,1.37500000,1.37160000,1.37230000,542058.70000000,1777474799999999,744275.04082000,4419,158422.60000000,217555.07547000,0
1777474800000000,1.37230000,1.37310000,1.36200000,1.36540000,2277329.80000000,1777475699999999,3111430.35031000,13340,1102354.70000000,1505906.07257000,0
1777475700000000,1.36530000,1.36860000,1.36370000,1.36800000,698123.60000000,1777476599999999,954025.35547000,5816,414991.60000000,567090.88608000,0
1777476600000000,1.36800000,1.36950000,1.36000000,1.36070000,2067043.60000000,1777477499999999,2817651.20462000,11330,967241.90000000,1319722.08739000,0
1777477500000000,1.36080000,1.36290000,1.35890000,1.36180000,1291170.40000000,1777478399999999,1757161.70090000,11208,772506.10000000,1051271.94538000,0
1777478400000000,1.36180000,1.36690000,1.36120000,1.36500000,643627.40000000,1777479299999999,878507.66148000,4928,328046.50000000,447597.75470000,0
1777479300000000,1.36500000,1.36640000,1.36070000,1.36340000,1012426.70000000,1777480199999999,1380264.95271000,5660,404273.50000000,551014.79108000,0
1777480200000000,1.36330000,1.36750000,1.36010000,1.36640000,1165515.10000000,1777481099999999,1590315.48056000,7628,517697.10000000,706412.23022000,0
1777481100000000,1.36630000,1.36640000,1.35910000,1.36380000,1391286.40000000,1777481999999999,1895297.87409000,5743,555205.90000000,756245.75672000,0
1777482000000000,1.36390000,1.36650000,1.36350000,1.36530000,374211.50000000,1777482899999999,510949.77053000,3926,165151.20000000,225512.05964000,0
1777482900000000,1.36530000,1.36860000,1.36300000,1.36420000,785668.70000000,1777483799999999,1073403.11350000,5856,317384.70000000,433582.77682000,0
1777483800000000,1.36430000,1.36570000,1.36380000,1.36550000,355670.30000000,1777484699999999,485420.34443000,3176,193073.40000000,263523.16881000,0
1777484700000000,1.36550000,1.36820000,1.36380000,1.36820000,650672.50000000,1777485599999999,888052.10924000,4521,370969.40000000,506282.99192000,0
1777485600000000,1.36820000,1.37020000,1.34580000,1.35300000,5658355.70000000,1777486499999999,7666629.18763000,34206,2428747.90000000,3289529.84842000,0
1777486500000000,1.35300000,1.35530000,1.34940000,1.35150000,1740206.10000000,1777487399999999,2353317.34660000,13932,831746.60000000,1124607.93925000,0
1777487400000000,1.35160000,1.35480000,1.34670000,1.35260000,1798172.40000000,1777488299999999,2429320.55383000,16224,960074.30000000,1296713.26227000,0
1777488300000000,1.35250000,1.35750000,1.35070000,1.35750000,1285158.30000000,1777489199999999,1739459.94190000,6768,479512.40000000,649510.13221000,0
1777489200000000,1.35750000,1.35820000,1.35380000,1.35780000,573514.10000000,1777490099999999,777533.13243000,4948,308419.80000000,418082.49374000,0
1777490100000000,1.35790000,1.35850000,1.35600000,1.35640000,613449.70000000,1777490999999999,832526.62546000,3684,243513.80000000,330492.18292000,0
1777491000000000,1.35640000,1.35640000,1.35190000,1.35290000,447710.30000000,1777491899999999,605836.60146000,4348,227926.30000000,308439.84210000,0
1777491900000000,1.35290000,1.35520000,1.35220000,1.35340000,644589.10000000,1777492799999999,872580.15731000,4769,356720.70000000,482883.90794000,0
1777492800000000,1.35350000,1.36030000,1.35330000,1.35790000,2316704.50000000,1777493699999999,3145193.78130000,12933,1456556.70000000,1977149.62161000,0
1777493700000000,1.35800000,1.36300000,1.35750000,1.36170000,1174051.50000000,1777494599999999,1597936.48868000,4449,769861.60000000,1047881.07448000,0
1777494600000000,1.36170000,1.36540000,1.36160000,1.36350000,711741.50000000,1777495499999999,970310.95400000,4641,337691.70000000,460364.44789000,0
1777495500000000,1.36340000,1.36500000,1.36250000,1.36270000,305282.20000000,1777496399999999,416431.17903000,2144,130421.90000000,177892.03857000,0
1777496400000000,1.36260000,1.36630000,1.36180000,1.36560000,547064.60000000,1777497299999999,746209.82323000,3638,285405.80000000,389437.04565000,0
1777497300000000,1.36570000,1.36820000,1.36500000,1.36710000,462194.90000000,1777498199999999,631774.51121000,2553,216941.30000000,296526.12177000,0
1777498200000000,1.36710000,1.36860000,1.36610000,1.36830000,464550.90000000,1777499099999999,635255.81576000,2475,173030.60000000,236620.36231000,0
1777499100000000,1.36840000,1.37250000,1.36830000,1.36900000,1068112.50000000,1777499999999999,1463965.14270000,4004,583682.00000000,799879.31212000,0
1777500000000000,1.36890000,1.36940000,1.36720000,1.36870000,408518.40000000,1777500899999999,558995.79164000,2933,173365.10000000,237191.81361000,0
1777500900000000,1.36870000,1.37000000,1.36730000,1.36750000,420359.00000000,1777501799999999,575470.92986000,2149,269537.30000000,368968.87722000,0
1777501800000000,1.36740000,1.37040000,1.36740000,1.37000000,329533.30000000,1777502699999999,451302.42673000,1801,155391.80000000,212761.93076000,0
1777502700000000,1.37000000,1.37090000,1.36940000,1.36990000,256636.90000000,1777503599999999,351654.67435000,1263,86224.50000000,118142.62721000,0
1777503600000000,1.36990000,1.37030000,1.36840000,1.36970000,250959.60000000,1777504499999999,343593.62092000,1645,134830.60000000,184577.77683000,0
1777504500000000,1.36980000,1.36980000,1.36450000,1.36720000,574502.90000000,1777505399999999,784887.08361000,3659,320432.90000000,437745.09062000,0
1777505400000000,1.36710000,1.37010000,1.36710000,1.37000000,259034.00000000,1777506299999999,354493.93939000,2080,145262.70000000,198807.99258000,0
1777506300000000,1.37010000,1.37110000,1.36910000,1.36910000,221744.10000000,1777507199999999,303832.05204000,1930,91126.30000000,124859.47570000,0
1777507200000000,1.36920000,1.37170000,1.36920000,1.37040000,504264.40000000,1777508099999999,691197.47575000,3270,228486.40000000,313164.27442000,0
1777508100000000,1.37040000,1.37230000,1.36980000,1.37220000,462320.30000000,1777508999999999,633873.62198000,3042,247378.30000000,339152.91283000,0
1777509000000000,1.37230000,1.38000000,1.37230000,1.37840000,1211731.50000000,1777509899999999,1667996.46726000,8923,786776.00000000,1082654.21692000,0
1777509900000000,1.37840000,1.38470000,1.37840000,1.38290000,875708.90000000,1777510799999999,1210582.94952000,6340,425133.90000000,587597.38545000,0
1777510800000000,1.38280000,1.38460000,1.37780000,1.37970000,1068595.70000000,1777511699999999,1474770.74158000,6218,408671.00000000,564069.76057000,0
1777511700000000,1.37970000,1.38090000,1.37740000,1.37940000,396431.30000000,1777512599999999,546587.34818000,3911,188695.20000000,260165.05902000,0
1777512600000000,1.37950000,1.38090000,1.37840000,1.37990000,318284.90000000,1777513499999999,439109.04178000,3803,198906.10000000,274405.06139000,0
1777513500000000,1.38000000,1.38270000,1.37900000,1.37950000,292169.10000000,1777514399999999,403440.14728000,3447,163012.90000000,225115.99664000,0
1777514400000000,1.37940000,1.38160000,1.37940000,1.38020000,291743.60000000,1777515299999999,402901.34372000,2750,101617.80000000,140333.28326000,0
1777515300000000,1.38020000,1.38090000,1.37760000,1.37790000,619548.80000000,1777516199999999,854587.57742000,3187,140733.50000000,194053.64001000,0
1777516200000000,1.37790000,1.37790000,1.36830000,1.36960000,1960290.50000000,1777517099999999,2690344.34412000,15236,616045.10000000,844943.69229000,0
1777517100000000,1.36970000,1.37420000,1.36770000,1.37310000,1123817.40000000,1777517999999999,1539447.78553000,7808,771817.80000000,1057226.21311000,0
1777518000000000,1.37310000,1.37390000,1.37150000,1.37200000,397913.60000000,1777518899999999,546229.28162000,3335,123287.40000000,169280.44524000,0
1777518900000000,1.37200000,1.37330000,1.37100000,1.37330000,287024.60000000,1777519799999999,393812.18494000,2837,130414.00000000,178891.91768000,0
1777519800000000,1.37330000,1.37550000,1.37200000,1.37450000,338513.40000000,1777520699999999,465058.03531000,3509,144784.10000000,198950.52217000,0
1777520700000000,1.37440000,1.37450000,1.37320000,1.37330000,191292.40000000,1777521599999999,262824.15850000,1825,65552.40000000,90065.39040000,0
1777521600000000,1.37330000,1.37340000,1.36770000,1.36830000,585849.40000000,1777522499999999,802564.83789000,4392,156772.60000000,214695.21152000,0
1777522500000000,1.36830000,1.36850000,1.36550000,1.36720000,357078.00000000,1777523399999999,488202.28325000,3522,131964.70000000,180408.41429000,0
1777523400000000,1.36720000,1.36730000,1.36090000,1.36140000,1030367.10000000,1777524299999999,1404809.96520000,6047,439008.10000000,598185.72422000,0
1777524300000000,1.36140000,1.36330000,1.36130000,1.36290000,780391.00000000,1777525199999999,1063043.16788000,3684,353050.40000000,480878.89758000,0
1777525200000000,1.36280000,1.36590000,1.36280000,1.36420000,327866.60000000,1777526099999999,447288.77088000,2854,113370.80000000,154658.63891000,0
1777526100000000,1.36410000,1.36460000,1.35910000,1.36110000,836069.30000000,1777526999999999,1138051.73911000,4259,173870.20000000,236639.91833000,0
1777527000000000,1.36120000,1.36740000,1.36120000,1.36640000,334197.40000000,1777527899999999,456288.11725000,3633,209393.10000000,285833.23553000,0
1777527900000000,1.36650000,1.36750000,1.36450000,1.36470000,271766.20000000,1777528799999999,371241.89593000,2616,133180.70000000,181955.41995000,0
1777528800000000,1.36460000,1.36480000,1.36090000,1.36270000,1093135.60000000,1777529699999999,1489124.61045000,5118,329813.70000000,449175.58391000,0
1777529700000000,1.36280000,1.36530000,1.36270000,1.36510000,216503.60000000,1777530599999999,295264.55467000,2371,98343.30000000,134107.27022000,0
1777530600000000,1.36520000,1.37220000,1.36520000,1.36880000,1229514.00000000,1777531499999999,1684346.83949000,4489,569091.70000000,779288.24828000,0
1777531500000000,1.36870000,1.36950000,1.36810000,1.36890000,384605.00000000,1777532399999999,526440.34864000,2525,244336.60000000,334443.09960000,0
1777532400000000,1.36890000,1.36990000,1.36740000,1.36890000,347632.30000000,1777533299999999,475754.46324000,2745,151140.70000000,206859.30013000,0
1777533300000000,1.36880000,1.37090000,1.36880000,1.37060000,224354.80000000,1777534199999999,307364.86782000,1726,159461.20000000,218465.28118000,0
1777534200000000,1.37070000,1.37280000,1.37060000,1.37240000,376938.60000000,1777535099999999,517181.53709000,3575,227503.30000000,312142.38914000,0
1777535100000000,1.37250000,1.37540000,1.37190000,1.37490000,558249.60000000,1777535999999999,767002.98676000,3494,234214.70000000,321794.34701000,0
1777536000000000,1.37490000,1.37670000,1.37360000,1.37510000,718552.80000000,1777536899999999,988369.32800000,4636,278290.50000000,382753.74245000,0
1777536900000000,1.37500000,1.37540000,1.37250000,1.37340000,462591.40000000,1777537799999999,635594.12176000,2996,207638.20000000,285304.17430000,0
1777537800000000,1.37350000,1.37400000,1.37280000,1.37400000,221663.90000000,1777538699999999,304432.17757000,2110,116281.60000000,159697.46288000,0
1777538700000000,1.37400000,1.37410000,1.37250000,1.37270000,357600.90000000,1777539599999999,491123.60635000,2322,139483.20000000,191565.29736000,0
1777539600000000,1.37270000,1.37390000,1.37200000,1.37310000,298359.60000000,1777540499999999,409671.92346000,2596,127018.30000000,174424.08999000,0
1777540500000000,1.37310000,1.37630000,1.37230000,1.37630000,485504.90000000,1777541399999999,667044.05692000,2643,68187.20000000,93694.42978000,0
1777541400000000,1.37620000,1.37990000,1.37450000,1.37460000,765511.50000000,1777542299999999,1053908.12453000,5593,252499.80000000,347769.29621000,0
1777542300000000,1.37460000,1.37600000,1.37350000,1.37350000,289527.40000000,1777543199999999,398033.85614000,2571,83351.70000000,114616.40034000,0
1777543200000000,1.37350000,1.37500000,1.37240000,1.37240000,282523.00000000,1777544099999999,388160.91000000,2633,126455.00000000,173740.89113000,0
1777544100000000,1.37240000,1.37280000,1.37020000,1.37030000,809110.00000000,1777544999999999,1109762.11777000,3320,415998.90000000,570522.91349000,0
1777545000000000,1.37040000,1.37200000,1.37040000,1.37110000,544976.10000000,1777545899999999,747247.59967000,3960,200081.40000000,274348.22054000,0
1777545900000000,1.37110000,1.37180000,1.36940000,1.37040000,439071.60000000,1777546799999999,601664.54299000,2918,95877.40000000,131395.18232000,0
1777546800000000,1.37040000,1.37590000,1.37040000,1.37390000,1115105.00000000,1777547699999999,1530850.81650000,5562,591166.00000000,811524.22593000,0
1777547700000000,1.37390000,1.37470000,1.37180000,1.37260000,534910.90000000,1777548599999999,734479.71880000,2717,214664.70000000,294747.75117000,0
1777548600000000,1.37270000,1.37270000,1.36790000,1.36880000,698466.60000000,1777549499999999,957059.87071000,4070,191589.00000000,262544.88907000,0
1777549500000000,1.36870000,1.37050000,1.36660000,1.36970000,680650.30000000,1777550399999999,931453.79891000,4284,215902.80000000,295504.82712000,0
1777550400000000,1.36960000,1.37160000,1.36900000,1.37140000,432822.70000000,1777551299999999,593151.50176000,3408,216886.00000000,297241.52810000,0
1777551300000000,1.37140000,1.37510000,1.37140000,1.37390000,423629.00000000,1777552199999999,582034.69315000,4342,183200.20000000,251690.40265000,0
1777552200000000,1.37390000,1.37610000,1.37090000,1.37120000,683727.50000000,1777553099999999,939129.91517000,4055,276930.30000000,380526.36379000,0
1777553100000000,1.37120000,1.37280000,1.36970000,1.36980000,706081.90000000,1777553999999999,968223.51527000,3577,326807.60000000,448109.77228000,0
1777554000000000,1.36970000,1.37090000,1.36800000,1.36920000,574903.10000000,1777554899999999,787418.12992000,3548,414845.30000000,568184.52041000,0
1777554900000000,1.36910000,1.37080000,1.36670000,1.36730000,459458.70000000,1777555799999999,629026.88164000,3374,95914.10000000,131289.52895000,0
1777555800000000,1.36730000,1.37430000,1.36510000,1.37420000,1302874.50000000,1777556699999999,1782505.66664000,11108,436968.30000000,598162.69532000,0
1777556700000000,1.37420000,1.37470000,1.36960000,1.36990000,674504.50000000,1777557599999999,925326.65799000,7761,221713.40000000,304054.19162000,0
1777557600000000,1.36980000,1.37240000,1.36670000,1.36730000,599035.30000000,1777558499999999,820847.12722000,6548,204687.10000000,280516.43921000,0
1777558500000000,1.36740000,1.36770000,1.36230000,1.36670000,756319.50000000,1777559399999999,1032332.22464000,7688,264639.40000000,361196.97291000,0
1777559400000000,1.36670000,1.37240000,1.36600000,1.36890000,429666.20000000,1777560299999999,588129.45498000,7929,197638.00000000,270552.14437000,0
1777560300000000,1.36880000,1.37180000,1.36790000,1.36820000,461674.70000000,1777561199999999,632179.88172000,5395,218979.70000000,299820.95213000,0
1777561200000000,1.36830000,1.37100000,1.36510000,1.37050000,691668.10000000,1777562099999999,945881.03899000,6139,226184.10000000,309329.49606000,0
1777562100000000,1.37050000,1.37090000,1.36880000,1.37090000,675215.90000000,1777562999999999,924641.34968000,3544,305060.40000000,417757.23474000,0
1777563000000000,1.37090000,1.37530000,1.36880000,1.36980000,886469.70000000,1777563899999999,1216272.38931000,6154,408342.40000000,560269.39868000,0
1777563900000000,1.36980000,1.37110000,1.36620000,1.36950000,457842.80000000,1777564799999999,626367.60596000,4600,232018.80000000,317368.85400000,0
1777564800000000,1.36950000,1.36970000,1.36710000,1.36880000,468274.60000000,1777565699999999,640894.13575000,4571,141617.70000000,193814.39502000,0
1777565700000000,1.36880000,1.36900000,1.36570000,1.36690000,565948.10000000,1777566599999999,773625.38773000,3608,207166.90000000,283179.81205000,0
1777566600000000,1.36700000,1.36740000,1.36570000,1.36640000,746472.50000000,1777567499999999,1019947.33292000,3446,328279.40000000,448521.92658000,0
1777567500000000,1.36650000,1.36850000,1.36500000,1.36610000,455037.00000000,1777568399999999,622012.92264000,3749,177624.90000000,242864.09980000,0
1777568400000000,1.36600000,1.36670000,1.36430000,1.36510000,344993.90000000,1777569299999999,471109.97643000,4259,111249.30000000,151895.70850000,0
1777569300000000,1.36520000,1.36520000,1.36280000,1.36480000,412143.20000000,1777570199999999,562194.44934000,3087,90912.10000000,123995.23272000,0
1777570200000000,1.36480000,1.36790000,1.36480000,1.36580000,382670.00000000,1777571099999999,522727.45960000,3194,82029.30000000,112064.57135000,0
1777571100000000,1.36590000,1.36950000,1.36580000,1.36810000,1023766.40000000,1777571999999999,1400145.24679000,3568,507265.20000000,693672.83386000,0
1777572000000000,1.36800000,1.37120000,1.36670000,1.36790000,679075.00000000,1777572899999999,929878.48585000,3628,301135.40000000,412250.34434000,0
1777572900000000,1.36790000,1.37090000,1.36750000,1.36800000,328445.70000000,1777573799999999,449610.92244000,2564,107139.10000000,146720.64104000,0
1777573800000000,1.36800000,1.37060000,1.36760000,1.37010000,419434.70000000,1777574699999999,574289.44178000,3058,191465.40000000,262126.21942000,0
1777574700000000,1.37020000,1.37190000,1.37000000,1.37000000,217510.30000000,1777575599999999,298146.17822000,1848,59690.10000000,81816.28493000,0
1777575600000000,1.37000000,1.37310000,1.36920000,1.37270000,406457.00000000,1777576499999999,557431.50676000,3626,227509.80000000,311992.08413000,0
1777576500000000,1.37270000,1.37440000,1.37190000,1.37310000,253043.30000000,1777577399999999,347470.81161000,1957,76485.00000000,105026.43876000,0
1777577400000000,1.37310000,1.37420000,1.37200000,1.37250000,642319.10000000,1777578299999999,881968.25369000,2285,218468.30000000,299966.22798000,0
1777578300000000,1.37240000,1.37240000,1.36970000,1.37070000,459432.50000000,1777579199999999,629895.53806000,3464,181145.10000000,248319.77435000,0
1777579200000000,1.37060000,1.37060000,1.36800000,1.36950000,340934.50000000,1777580099999999,466716.75634000,3644,163584.80000000,223918.00387000,0
1777580100000000,1.36960000,1.37140000,1.36870000,1.37020000,335728.10000000,1777580999999999,459879.31836000,2932,188652.30000000,258412.00641000,0
1777581000000000,1.37020000,1.37170000,1.36940000,1.37090000,219539.10000000,1777581899999999,300902.84978000,1773,66563.30000000,91225.50056000,0
1777581900000000,1.37080000,1.37140000,1.36980000,1.36990000,125417.70000000,1777582799999999,171894.86734000,1160,38970.50000000,53412.95986000,0
1777582800000000,1.36990000,1.37240000,1.36920000,1.37230000,819469.90000000,1777583699999999,1122907.36946000,2112,635215.80000000,870412.46189000,0
1777583700000000,1.37220000,1.37220000,1.36800000,1.36850000,420509.20000000,1777584599999999,576123.33710000,2314,142253.90000000,194813.62669000,0
1777584600000000,1.36840000,1.36970000,1.36800000,1.36800000,299885.50000000,1777585499999999,410535.22486000,1671,124839.60000000,170906.99906000,0
1777585500000000,1.36810000,1.36810000,1.36590000,1.36590000,347628.40000000,1777586399999999,475157.30678000,2466,127209.10000000,173884.26345000,0
1777586400000000,1.36600000,1.36750000,1.36510000,1.36690000,608353.90000000,1777587299999999,831216.57626000,3259,348706.50000000,476425.61869000,0
1777587300000000,1.36690000,1.36820000,1.36690000,1.36790000,236971.80000000,1777588199999999,324024.33055000,1411,119536.70000000,163451.94922000,0
1777588200000000,1.36800000,1.36800000,1.36490000,1.36610000,193977.50000000,1777589099999999,264977.61709000,1724,77136.50000000,105344.07403000,0
1777589100000000,1.36600000,1.36650000,1.36440000,1.36500000,180116.40000000,1777589999999999,245940.00985000,1470,60880.20000000,83118.41775000,0
1777590000000000,1.36510000,1.36630000,1.36470000,1.36560000,174502.50000000,1777590899999999,238241.86982000,1724,63807.00000000,87118.44103000,0
1777590900000000,1.36560000,1.36680000,1.36520000,1.36680000,207571.10000000,1777591799999999,283517.42245000,1603,110353.10000000,150727.97911000,0
1777591800000000,1.36690000,1.36810000,1.36660000,1.36700000,316839.20000000,1777592699999999,433212.14803000,1564,153605.30000000,210007.47839000,0
1777592700000000,1.36690000,1.36850000,1.36640000,1.36790000,263732.10000000,1777593599999999,360682.57277000,2028,94740.80000000,129558.74737000,0
