1761955200000000,2.50960000,2.51060000,2.49970000,2.50030000,905234.40000000,1761956099999999,2266046.13304000,9426,206589.40000000,517279.90592000,0
1761956100000000,2.50030000,2.50240000,2.49600000,2.50010000,583787.00000000,1761956999999999,1458849.12408000,8086,284759.50000000,711620.58580000,0
1761957000000000,2.50010000,2.50010000,2.49270000,2.49740000,615806.20000000,1761957899999999,1537041.34901000,6747,276125.70000000,689088.90631000,0
1761957900000000,2.49750000,2.50420000,2.49730000,2.50050000,642974.10000000,1761958799999999,1608533.51280000,5821,480312.80000000,1201761.01182000,0
1761958800000000,2.50050000,2.50610000,2.49980000,2.50010000,366791.50000000,1761959699999999,917953.49441000,4900,228954.50000000,572954.19579000,0
1761959700000000,2.50000000,2.50280000,2.49530000,2.50260000,420150.70000000,1761960599999999,1049839.88367000,5421,202740.10000000,506581.59698000,0
1761960600000000,2.50260000,2.50500000,2.49940000,2.50170000,346926.70000000,1761961499999999,867879.15913000,5523,203177.10000000,508278.82644000,0
1761961500000000,2.50170000,2.50270000,2.49950000,2.49960000,325144.60000000,1761962399999999,813167.94532000,4055,165692.50000000,414363.54269000,0
1761962400000000,2.49950000,2.49950000,2.48930000,2.49490000,741545.80000000,1761963299999999,1848714.68173000,7943,365878.30000000,912079.31858000,0
1761963300000000,2.49480000,2.50380000,2.49410000,2.50220000,302487.00000000,1761964199999999,756619.70586000,5107,187842.80000000,469793.96038000,0
1761964200000000,2.50230000,2.50310000,2.49430000,2.50020000,311593.60000000,1761965099999999,778266.66546000,5777,98567.90000000,246177.22718000,0
1761965100000000,2.50010000,2.50770000,2.49870000,2.50470000,350282.10000000,1761965999999999,876605.07799000,5251,173847.80000000,435071.37068000,0
1761966000000000,2.50480000,2.51570000,2.50470000,2.51500000,933945.10000000,1761966899999999,2346011.52268000,6769,583411.40000000,1465127.44910000,0
1761966900000000,2.51490000,2.51960000,2.51190000,2.51240000,423877.20000000,1761967799999999,1066369.52503000,6568,284648.10000000,716147.02041000,0
1761967800000000,2.51250000,2.51680000,2.51250000,2.51520000,290167.90000000,1761968699999999,729529.21921000,4659,147826.90000000,371681.70040000,0
1761968700000000,2.51510000,2.51860000,2.51290000,2.51640000,267431.00000000,1761969599999999,672850.99654000,4804,124283.30000000,312698.67110000,0
1761969600000000,2.51640000,2.52330000,2.51410000,2.51500000,407039.40000000,1761970499999999,1024928.04902000,7407,271243.80000000,683041.23891000,0
1761970500000000,2.51500000,2.51920000,2.51000000,2.51770000,259086.40000000,1761971399999999,651415.21839000,4562,113917.80000000,286443.36682000,0
1761971400000000,2.51760000,2.51920000,2.51310000,2.51690000,338862.60000000,1761972299999999,852822.52982000,4934,189633.90000000,477315.10726000,0
1761972300000000,2.51680000,2.51850000,2.51470000,2.51700000,145310.20000000,1761973199999999,365773.34917000,3531,70143.60000000,176577.64712000,0
1761973200000000,2.51690000,2.51830000,2.50890000,2.50990000,290434.30000000,1761974099999999,729489.28959000,4064,167619.80000000,421009.69723000,0
1761974100000000,2.50980000,2.51510000,2.50890000,2.51490000,180618.40000000,1761974999999999,453673.09871000,3602,100005.50000000,251206.23022000,0
1761975000000000,2.51490000,2.51490000,2.51150000,2.51280000,149376.30000000,1761975899999999,375460.32050000,2752,57482.90000000,144478.88709000,0
1761975900000000,2.51270000,2.51340000,2.50740000,2.50810000,165241.00000000,1761976799999999,414707.62228000,3023,64281.60000000,161324.32493000,0
1761976800000000,2.50810000,2.51020000,2.50700000,2.50740000,149598.80000000,1761977699999999,375226.43654000,3126,65615.30000000,164584.61029000,0
1761977700000000,2.50740000,2.50830000,2.50250000,2.50540000,252645.70000000,1761978599999999,633087.71991000,4243,113915.80000000,285438.89209000,0
1761978600000000,2.50530000,2.50770000,2.50140000,2.50250000,264820.60000000,1761979499999999,663374.41494000,4242,161247.30000000,403969.40797000,0
1761979500000000,2.50260000,2.50480000,2.49810000,2.50390000,395122.00000000,1761980399999999,988072.18916000,5722,240537.60000000,601446.44812000,0
1761980400000000,2.50390000,2.50730000,2.50240000,2.50500000,237024.10000000,1761981299999999,593727.54247000,3727,161327.70000000,404142.53690000,0
1761981300000000,2.50500000,2.51460000,2.50490000,2.51140000,261687.70000000,1761982199999999,656521.02451000,5616,139564.90000000,350192.56145000,0
1761982200000000,2.51140000,2.51220000,2.50060000,2.50160000,491697.70000000,1761983099999999,1232871.14992000,6102,184190.40000000,461941.18122000,0
1761983100000000,2.50170000,2.50740000,2.50040000,2.50610000,389167.50000000,1761983999999999,974276.18657000,6278,106975.30000000,267842.91848000,0
1761984000000000,2.50610000,2.50840000,2.50060000,2.50220000,327779.20000000,1761984899999999,820761.98279000,5997,158642.00000000,397193.35445000,0
1761984900000000,2.50220000,2.50600000,2.50020000,2.50370000,388211.40000000,1761985799999999,971444.38321000,6085,212672.60000000,532145.23703000,0
1761985800000000,2.50360000,2.50660000,2.50280000,2.50490000,297433.90000000,1761986699999999,745080.27977000,4829,169381.20000000,424289.33289000,0
1761986700000000,2.50490000,2.51280000,2.50480000,2.51240000,301114.10000000,1761987599999999,755750.17435000,5607,189639.90000000,475935.67048000,0
1761987600000000,2.51240000,2.51500000,2.50870000,2.51200000,618041.60000000,1761988499999999,1552462.56575000,7111,190489.20000000,478542.71090000,0
1761988500000000,2.51200000,2.51250000,2.50480000,2.50560000,986208.40000000,1761989399999999,2473997.86404000,5111,227234.60000000,570044.13726000,0
1761989400000000,2.50560000,2.50590000,2.50050000,2.50060000,462152.90000000,1761990299999999,1156491.28534000,3658,319899.60000000,800466.82340000,0
1761990300000000,2.50060000,2.50480000,2.50050000,2.50280000,283290.50000000,1761991199999999,709019.10719000,3949,119324.70000000,298614.98558000,0
1761991200000000,2.50280000,2.50730000,2.50190000,2.50340000,310194.90000000,1761992099999999,776911.74719000,4436,190120.80000000,476178.90131000,0
1761992100000000,2.50340000,2.50790000,2.50340000,2.50550000,254300.10000000,1761992999999999,637144.46623000,4008,161665.30000000,405061.48721000,0
1761993000000000,2.50540000,2.51180000,2.50540000,2.51150000,603383.70000000,1761993899999999,1514021.77158000,4725,469823.10000000,1178948.38833000,0
1761993900000000,2.51140000,2.51200000,2.50700000,2.50800000,325046.90000000,1761994799999999,815472.20719000,3968,174970.60000000,438953.32703000,0
1761994800000000,2.50800000,2.51200000,2.50800000,2.50890000,259188.20000000,1761995699999999,650691.99627000,3298,140667.60000000,353173.67842000,0
1761995700000000,2.50890000,2.51180000,2.50620000,2.50630000,342043.60000000,1761996599999999,858212.01206000,3172,191099.40000000,479528.87112000,0
1761996600000000,2.50620000,2.50630000,2.50010000,2.50320000,877197.60000000,1761997499999999,2195392.72453000,4088,439427.80000000,1099913.92317000,0
1761997500000000,2.50320000,2.50580000,2.50010000,2.50060000,484099.10000000,1761998399999999,1211479.36944000,5501,231789.40000000,580143.14884000,0
1761998400000000,2.50060000,2.50660000,2.50050000,2.50190000,578721.70000000,1761999299999999,1448425.38513000,5279,390344.70000000,976846.51029000,0
1761999300000000,2.50190000,2.50310000,2.49690000,2.49880000,1040277.40000000,1762000199999999,2600625.69466000,6927,441550.90000000,1103826.67857000,0
1762000200000000,2.49880000,2.50190000,2.49870000,2.50000000,531722.30000000,1762001099999999,1329445.39295000,4968,271224.90000000,678126.75101000,0
1762001100000000,2.50000000,2.50010000,2.49150000,2.49250000,785987.10000000,1762001999999999,1960198.20795000,6697,392624.40000000,979032.05108000,0
1762002000000000,2.49260000,2.49700000,2.49000000,2.49680000,532690.10000000,1762002899999999,1327848.79548000,5647,246192.00000000,613864.84960000,0
1762002900000000,2.49670000,2.50120000,2.49640000,2.49730000,798541.20000000,1762003799999999,1994946.17019000,6215,418021.10000000,1044318.98973000,0
1762003800000000,2.49720000,2.49890000,2.48350000,2.48710000,1023537.50000000,1762004699999999,2549565.40614000,10745,576053.90000000,1434983.06216000,0
1762004700000000,2.48710000,2.49100000,2.48370000,2.48950000,591961.80000000,1762005599999999,1472757.40931000,7255,358655.40000000,892330.55276000,0
1762005600000000,2.48950000,2.49210000,2.47710000,2.47910000,1392159.80000000,1762006499999999,3455379.63181000,11093,602376.00000000,1495419.94067000,0
1762006500000000,2.47900000,2.48380000,2.47600000,2.48140000,1041004.10000000,1762007399999999,2582466.16749000,10525,469277.50000000,1164181.71156000,0
1762007400000000,2.48130000,2.48730000,2.47890000,2.48540000,730603.60000000,1762008299999999,1813584.62541000,7679,416076.00000000,1033014.39090000,0
1762008300000000,2.48550000,2.48760000,2.48110000,2.48430000,440256.50000000,1762009199999999,1093768.12447000,5581,211574.10000000,525628.97197000,0
1762009200000000,2.48440000,2.50460000,2.48250000,2.49980000,863136.80000000,1762010099999999,2155250.33537000,13233,575596.50000000,1437203.77774000,0
1762010100000000,2.49990000,2.50330000,2.49130000,2.49590000,652001.30000000,1762010999999999,1627348.86411000,9278,312530.90000000,780031.37277000,0
1762011000000000,2.49580000,2.49960000,2.49240000,2.49570000,262895.80000000,1762011899999999,656164.19226000,5925,116831.30000000,291559.82601000,0
1762011900000000,2.49580000,2.50200000,2.49250000,2.50160000,520301.30000000,1762012799999999,1299112.10031000,6633,204495.00000000,510692.54071000,0
1762012800000000,2.50160000,2.50890000,2.49930000,2.50120000,691730.50000000,1762013699999999,1731636.44768000,10459,318294.40000000,796890.56700000,0
1762013700000000,2.50120000,2.50680000,2.50100000,2.50220000,364355.00000000,1762014599999999,912191.24481000,6398,234113.60000000,586107.80240000,0
1762014600000000,2.50220000,2.51200000,2.50220000,2.51190000,460810.20000000,1762015499999999,1156124.38636000,5608,196664.30000000,493351.32346000,0
1762015500000000,2.51190000,2.51440000,2.50710000,2.50880000,507953.60000000,1762016399999999,1275367.11221000,7933,248530.20000000,624152.12566000,0
1762016400000000,2.50870000,2.51010000,2.50260000,2.50670000,359246.80000000,1762017299999999,900145.50487000,8360,168989.70000000,423485.15883000,0
1762017300000000,2.50670000,2.50780000,2.50330000,2.50380000,369588.50000000,1762018199999999,926149.99443000,6695,158547.40000000,397302.77799000,0
1762018200000000,2.50380000,2.50940000,2.50380000,2.50630000,203763.60000000,1762019099999999,510836.92337000,4744,83759.20000000,209988.16373000,0
1762019100000000,2.50620000,2.50860000,2.50310000,2.50530000,392469.70000000,1762019999999999,983518.99369000,5846,202660.20000000,507834.40934000,0
1762020000000000,2.50540000,2.50830000,2.50080000,2.50260000,928429.50000000,1762020899999999,2325606.26227000,5867,130330.90000000,326558.35109000,0
1762020900000000,2.50260000,2.50490000,2.49760000,2.49800000,600867.00000000,1762021799999999,1502524.73476000,6836,185697.40000000,464320.65304000,0
1762021800000000,2.49800000,2.50060000,2.49550000,2.49890000,479728.70000000,1762022699999999,1198551.20206000,4627,306465.80000000,765617.74431000,0
1762022700000000,2.49890000,2.50710000,2.49730000,2.50610000,348744.70000000,1762023599999999,872661.16368000,4900,137502.40000000,344134.82608000,0
1762023600000000,2.50600000,2.50600000,2.50000000,2.50110000,316110.50000000,1762024499999999,791169.20240000,4571,79187.70000000,198190.91731000,0
1762024500000000,2.50110000,2.50180000,2.49750000,2.49870000,283583.90000000,1762025399999999,708781.01439000,3950,65436.80000000,163555.64145000,0
1762025400000000,2.49860000,2.50150000,2.49850000,2.50140000,149269.70000000,1762026299999999,373165.47582000,3177,83580.70000000,208946.76443000,0
1762026300000000,2.50150000,2.50650000,2.50090000,2.50600000,119813.40000000,1762027199999999,300022.02181000,2390,59018.90000000,147785.23260000,0
1762027200000000,2.50610000,2.51160000,2.50610000,2.50820000,193947.20000000,1762028099999999,486577.01724000,3312,88811.70000000,222839.40249000,0
1762028100000000,2.50830000,2.51150000,2.50740000,2.51120000,218399.00000000,1762028999999999,548193.88555000,4148,124601.50000000,312741.14502000,0
1762029000000000,2.51130000,2.51290000,2.50930000,2.51170000,226561.00000000,1762029899999999,568990.80120000,3884,132949.60000000,333888.29183000,0
1762029900000000,2.51170000,2.51260000,2.50670000,2.50840000,345164.70000000,1762030799999999,866035.68318000,3728,155688.30000000,390628.62170000,0
1762030800000000,2.50830000,2.50970000,2.50250000,2.50280000,389851.00000000,1762031699999999,977406.70372000,3775,208689.10000000,523372.61322000,0
1762031700000000,2.50290000,2.50560000,2.50290000,2.50520000,244084.90000000,1762032599999999,611328.86847000,3672,55667.00000000,139419.39014000,0
1762032600000000,2.50530000,2.50570000,2.50010000,2.50120000,271589.40000000,1762033499999999,679553.84706000,2326,98305.40000000,245965.47037000,0
1762033500000000,2.50120000,2.50130000,2.49320000,2.49320000,243293.10000000,1762034399999999,607478.59074000,3709,95016.80000000,237211.21119000,0
1762034400000000,2.49330000,2.49800000,2.49170000,2.49170000,392412.10000000,1762035299999999,979357.38200000,7969,158364.20000000,395188.38963000,0
1762035300000000,2.49170000,2.49550000,2.49020000,2.49490000,332038.00000000,1762036199999999,827693.91875000,4466,139275.70000000,347182.00275000,0
1762036200000000,2.49490000,2.49880000,2.49400000,2.49840000,150916.50000000,1762037099999999,376764.10125000,2556,78846.90000000,196840.05404000,0
1762037100000000,2.49830000,2.50350000,2.49780000,2.50280000,156866.00000000,1762037999999999,392229.51798000,2869,76503.00000000,191266.47412000,0
1762038000000000,2.50270000,2.50420000,2.49960000,2.50040000,142661.00000000,1762038899999999,356837.07158000,3529,45156.80000000,112923.40254000,0
1762038900000000,2.50040000,2.50300000,2.49700000,2.50250000,113937.00000000,1762039799999999,284856.38330000,2941,47633.10000000,119084.62550000,0
1762039800000000,2.50250000,2.50730000,2.50170000,2.50500000,281118.40000000,1762040699999999,704184.95608000,4184,103479.50000000,259216.09021000,0
1762040700000000,2.50490000,2.50800000,2.50450000,2.50530000,161246.20000000,1762041599999999,404091.30262000,2817,64681.50000000,162069.54022000,0
1762041600000000,2.50530000,2.50600000,2.50040000,2.50600000,276933.10000000,1762042499999999,692906.56320000,4505,71759.90000000,179554.20159000,0
1762042500000000,2.50590000,2.50600000,2.49950000,2.49950000,269552.20000000,1762043399999999,674470.06837000,5304,68385.00000000,171135.34468000,0
1762043400000000,2.49940000,2.50290000,2.49910000,2.50170000,243862.60000000,1762044299999999,609916.02577000,3539,100757.60000000,252015.54371000,0
1762044300000000,2.50180000,2.50330000,2.49950000,2.50180000,203986.10000000,1762045199999999,510274.06844000,2470,113464.10000000,283854.53669000,0
1762045200000000,2.50180000,2.50560000,2.49790000,2.50050000,467365.70000000,1762046099999999,1169289.04956000,4510,110288.00000000,275811.84109000,0
1762046100000000,2.50040000,2.50190000,2.49720000,2.50190000,444619.90000000,1762046999999999,1111653.78989000,5650,181294.30000000,453221.60842000,0
1762047000000000,2.50190000,2.50380000,2.49940000,2.49990000,321725.40000000,1762047899999999,804730.37784000,4587,121049.60000000,302755.91683000,0
1762047900000000,2.49990000,2.50070000,2.49460000,2.49720000,359997.70000000,1762048799999999,899278.37834000,6168,159761.20000000,399093.12718000,0
1762048800000000,2.49720000,2.50180000,2.49490000,2.50160000,421940.00000000,1762049699999999,1053707.90394000,5767,142510.10000000,355819.88127000,0
1762049700000000,2.50150000,2.50560000,2.49840000,2.50450000,325860.40000000,1762050599999999,815296.05518000,5358,165777.90000000,414759.06062000,0
1762050600000000,2.50440000,2.51260000,2.50440000,2.50870000,575570.70000000,1762051499999999,1444119.42541000,6731,330245.80000000,828429.13611000,0
1762051500000000,2.50870000,2.51290000,2.50820000,2.51080000,448928.90000000,1762052399999999,1126851.17227000,4570,132080.00000000,331593.28025000,0
1762052400000000,2.51080000,2.51140000,2.50630000,2.51000000,212303.10000000,1762053299999999,532667.15124000,3826,85465.00000000,214382.41924000,0
1762053300000000,2.51000000,2.51120000,2.50680000,2.50830000,661899.70000000,1762054199999999,1660716.37926000,4228,121570.90000000,304994.76617000,0
1762054200000000,2.50840000,2.50980000,2.50530000,2.50970000,521748.00000000,1762055099999999,1308195.73988000,4111,145139.50000000,363935.33704000,0
1762055100000000,2.50970000,2.51020000,2.50480000,2.50670000,317311.10000000,1762055999999999,795715.68507000,3687,203713.30000000,510819.53836000,0
1762056000000000,2.50670000,2.51000000,2.50580000,2.50860000,180898.00000000,1762056899999999,453674.98704000,4210,72351.70000000,181450.67607000,0
1762056900000000,2.50860000,2.51430000,2.50680000,2.51230000,264457.60000000,1762057799999999,664015.85620000,4065,170642.10000000,428397.24980000,0
1762057800000000,2.51220000,2.52080000,2.50920000,2.52050000,686053.40000000,1762058699999999,1724523.44121000,5134,446191.80000000,1121694.66287000,0
1762058700000000,2.52050000,2.52790000,2.51870000,2.52430000,1329765.60000000,1762059599999999,3357088.96083000,12067,817165.60000000,2062803.70165000,0
1762059600000000,2.52430000,2.52450000,2.51760000,2.51970000,320722.30000000,1762060499999999,808579.04616000,6416,110068.50000000,277500.74540000,0
1762060500000000,2.51980000,2.52130000,2.51480000,2.51670000,409055.50000000,1762061399999999,1030041.23133000,5465,191778.80000000,482880.25887000,0
1762061400000000,2.51670000,2.51980000,2.51490000,2.51970000,281091.70000000,1762062299999999,707793.86715000,4658,115319.00000000,290343.01805000,0
1762062300000000,2.51970000,2.52160000,2.51620000,2.52160000,283667.90000000,1762063199999999,714606.02773000,5142,159704.40000000,402296.44504000,0
1762063200000000,2.52150000,2.52650000,2.52140000,2.52330000,546895.60000000,1762064099999999,1380146.60118000,6434,247183.50000000,623818.52643000,0
1762064100000000,2.52330000,2.52500000,2.51910000,2.52240000,382917.00000000,1762064999999999,965686.86912000,5010,149123.90000000,376102.81036000,0
1762065000000000,2.52240000,2.52240000,2.51880000,2.52090000,153734.40000000,1762065899999999,387421.06972000,2936,46595.60000000,117422.56878000,0
1762065900000000,2.52090000,2.52570000,2.52090000,2.52290000,336699.70000000,1762066799999999,849617.51588000,5287,193818.70000000,489044.33755000,0
1762066800000000,2.52300000,2.52510000,2.51770000,2.51910000,309737.50000000,1762067699999999,780682.10868000,4575,151440.40000000,381655.11232000,0
1762067700000000,2.51900000,2.52340000,2.51780000,2.52240000,256400.30000000,1762068599999999,646227.84882000,4457,132651.80000000,334404.11108000,0
1762068600000000,2.52250000,2.52980000,2.52190000,2.52820000,521100.10000000,1762069499999999,1315993.91600000,5513,280248.00000000,707860.42887000,0
1762069500000000,2.52830000,2.53660000,2.52660000,2.53510000,842247.70000000,1762070399999999,2133545.06600000,8607,430384.00000000,1090208.77790000,0
1762070400000000,2.53510000,2.53650000,2.53090000,2.53450000,808357.20000000,1762071299999999,2048763.85851000,5492,376874.20000000,955099.04426000,0
1762071300000000,2.53450000,2.53920000,2.53220000,2.53370000,414442.70000000,1762072199999999,1050728.51238000,5606,249307.10000000,632045.16628000,0
1762072200000000,2.53370000,2.53580000,2.53240000,2.53270000,228866.30000000,1762073099999999,579966.74009000,4127,76521.30000000,193929.48098000,0
1762073100000000,2.53260000,2.53260000,2.52560000,2.52830000,296803.30000000,1762073999999999,750202.55082000,5527,133965.20000000,338619.97359000,0
1762074000000000,2.52830000,2.53440000,2.52810000,2.53200000,384269.80000000,1762074899999999,972494.97326000,5102,154322.50000000,390612.70229000,0
1762074900000000,2.53200000,2.53440000,2.52880000,2.53280000,303403.10000000,1762075799999999,768631.00708000,3556,157493.80000000,399046.52497000,0
1762075800000000,2.53280000,2.53280000,2.51860000,2.52240000,988274.70000000,1762076699999999,2493673.92971000,10744,291377.60000000,735068.52713000,0
1762076700000000,2.52240000,2.52240000,2.51740000,2.52030000,580635.30000000,1762077599999999,1463175.59678000,6816,230873.60000000,581700.46502000,0
1762077600000000,2.52040000,2.52890000,2.51890000,2.52780000,751524.70000000,1762078499999999,1896431.36737000,7948,367135.50000000,926365.98474000,0
1762078500000000,2.52780000,2.52780000,2.51350000,2.51360000,914238.70000000,1762079399999999,2305091.41536000,9317,401920.20000000,1013442.56388000,0
1762079400000000,2.51360000,2.51500000,2.50970000,2.51300000,617549.40000000,1762080299999999,1551682.63274000,9054,265645.80000000,667452.06222000,0
1762080300000000,2.51310000,2.51770000,2.51180000,2.51580000,292482.30000000,1762081199999999,735533.85897000,5439,154834.20000000,389412.45878000,0
1762081200000000,2.51590000,2.51890000,2.51200000,2.51350000,299573.10000000,1762082099999999,753420.19944000,5331,175363.20000000,441064.41740000,0
1762082100000000,2.51340000,2.52240000,2.51330000,2.52200000,381031.70000000,1762082999999999,959799.02141000,4682,252213.00000000,635323.26764000,0
1762083000000000,2.52200000,2.55490000,2.51870000,2.54710000,3539245.60000000,1762083899999999,8978130.36913000,22556,2475591.40000000,6279513.04571000,0
1762083900000000,2.54700000,2.55320000,2.54010000,2.54160000,1617838.00000000,1762084799999999,4117617.47536000,17304,645152.90000000,1641876.31729000,0
1762084800000000,2.54160000,2.54320000,2.53530000,2.54050000,630184.30000000,1762085699999999,1600092.48353000,9690,337333.70000000,856393.58646000,0
1762085700000000,2.54050000,2.55170000,2.54050000,2.54570000,987374.30000000,1762086599999999,2513299.54658000,10386,669618.30000000,1704326.44267000,0
1762086600000000,2.54580000,2.54840000,2.53940000,2.54470000,487517.30000000,1762087499999999,1240093.54146000,8170,225197.30000000,572963.75236000,0
1762087500000000,2.54470000,2.54500000,2.53660000,2.53700000,664655.70000000,1762088399999999,1689525.42445000,7014,185999.50000000,472765.16564000,0
1762088400000000,2.53710000,2.54250000,2.53590000,2.54110000,444760.70000000,1762089299999999,1129309.46268000,7131,227670.20000000,578110.77464000,0
1762089300000000,2.54100000,2.54100000,2.52290000,2.52780000,695441.80000000,1762090199999999,1759544.23400000,10743,207750.50000000,525468.29124000,0
1762090200000000,2.52790000,2.53120000,2.52230000,2.52620000,630560.80000000,1762091099999999,1593671.35779000,7118,401261.80000000,1014408.44691000,0
1762091100000000,2.52620000,2.52890000,2.52240000,2.52690000,465869.20000000,1762091999999999,1176696.00595000,5796,231205.00000000,583999.45554000,0
1762092000000000,2.52680000,2.53510000,2.52400000,2.52600000,429018.00000000,1762092899999999,1084666.44277000,8787,224982.30000000,568738.87519000,0
1762092900000000,2.52600000,2.52650000,2.51230000,2.51480000,838525.30000000,1762093799999999,2111142.83568000,15639,335865.00000000,845740.01622000,0
1762093800000000,2.51490000,2.52190000,2.51330000,2.51330000,420304.80000000,1762094699999999,1057984.02417000,8221,195118.30000000,491158.93282000,0
1762094700000000,2.51330000,2.51710000,2.50180000,2.51660000,1053598.20000000,1762095599999999,2644884.91197000,14239,388530.60000000,975417.54387000,0
1762095600000000,2.51660000,2.51700000,2.50500000,2.51180000,884157.00000000,1762096499999999,2220063.37642000,12408,415093.60000000,1042433.32068000,0
1762096500000000,2.51170000,2.51950000,2.50930000,2.51940000,419097.90000000,1762097399999999,1053736.29175000,8256,232726.90000000,585059.46025000,0
1762097400000000,2.51940000,2.51950000,2.50590000,2.50820000,483813.80000000,1762098299999999,1215724.99975000,7526,216744.90000000,544631.28312000,0
1762098300000000,2.50820000,2.51140000,2.50000000,2.50040000,959312.80000000,1762099199999999,2402270.63671000,9197,305276.90000000,764740.74502000,0
1762099200000000,2.50030000,2.50430000,2.48730000,2.48930000,1667709.00000000,1762100099999999,4161707.19418000,21698,652916.00000000,1629201.05091000,0
1762100100000000,2.48940000,2.49910000,2.48330000,2.49840000,1233054.90000000,1762100999999999,3068309.73365000,14607,680544.70000000,1693380.05725000,0
1762101000000000,2.49830000,2.50110000,2.49260000,2.50040000,470964.80000000,1762101899999999,1176260.20308000,9586,234959.80000000,586846.31699000,0
1762101900000000,2.50040000,2.50530000,2.49720000,2.50520000,249672.70000000,1762102799999999,624495.89553000,5519,131654.30000000,329337.59360000,0
1762102800000000,2.50520000,2.50530000,2.49810000,2.49890000,192090.20000000,1762103699999999,480644.94169000,4837,84568.00000000,211594.73622000,0
1762103700000000,2.49900000,2.50370000,2.49590000,2.50140000,328463.60000000,1762104599999999,821164.34743000,5764,209419.60000000,523700.05686000,0
1762104600000000,2.50130000,2.50140000,2.49520000,2.49600000,323816.30000000,1762105499999999,808885.80079000,5342,156709.30000000,391422.55370000,0
1762105500000000,2.49610000,2.50110000,2.49390000,2.50100000,201512.90000000,1762106399999999,503129.60602000,4316,100021.70000000,249776.52369000,0
1762106400000000,2.50100000,2.50130000,2.49300000,2.49310000,199639.40000000,1762107299999999,498680.70379000,4293,108097.60000000,269992.88404000,0
1762107300000000,2.49310000,2.49550000,2.49040000,2.49430000,225016.00000000,1762108199999999,560923.89498000,4540,106769.40000000,266159.64667000,0
1762108200000000,2.49420000,2.49860000,2.49330000,2.49790000,166544.20000000,1762109099999999,415791.83782000,4636,87159.50000000,217616.64826000,0
1762109100000000,2.49780000,2.49870000,2.49400000,2.49460000,179908.60000000,1762109999999999,449038.01007000,3653,70383.80000000,175715.55471000,0
1762110000000000,2.49460000,2.49530000,2.48640000,2.48800000,496648.40000000,1762110899999999,1236462.39227000,6214,172277.60000000,428941.14801000,0
1762110900000000,2.48790000,2.48800000,2.47800000,2.47870000,949991.90000000,1762111799999999,2357529.87463000,8319,349705.10000000,867862.76781000,0
1762111800000000,2.47870000,2.48620000,2.47810000,2.48130000,900109.40000000,1762112699999999,2233780.35098000,8143,506325.70000000,1256525.48211000,0
1762112700000000,2.48120000,2.48930000,2.48090000,2.48880000,329501.20000000,1762113599999999,818814.96227000,4203,197237.40000000,490237.38267000,0
1762113600000000,2.48870000,2.49100000,2.48610000,2.48620000,352647.30000000,1762114499999999,877633.00501000,4358,123160.00000000,306513.51301000,0
1762114500000000,2.48620000,2.48820000,2.48440000,2.48670000,306954.40000000,1762115399999999,763148.75412000,4576,133332.40000000,331507.05222000,0
1762115400000000,2.48660000,2.49120000,2.48550000,2.49100000,342151.10000000,1762116299999999,851443.17940000,4947,157408.80000000,391751.40542000,0
1762116300000000,2.49090000,2.49760000,2.49020000,2.49740000,536226.20000000,1762117199999999,1336985.63710000,4513,208400.40000000,519548.65762000,0
1762117200000000,2.49730000,2.50450000,2.49730000,2.50150000,438301.80000000,1762118099999999,1096256.09244000,6459,252965.40000000,632726.98571000,0
1762118100000000,2.50160000,2.50490000,2.49970000,2.50340000,248336.90000000,1762118999999999,621468.97262000,4214,156405.80000000,391398.62331000,0
1762119000000000,2.50350000,2.51240000,2.50320000,2.51150000,602375.80000000,1762119899999999,1511433.21004000,6652,313297.20000000,786045.18741000,0
1762119900000000,2.51150000,2.51720000,2.51120000,2.51130000,413067.40000000,1762120799999999,1038439.69934000,6896,224655.50000000,564810.67166000,0
1762120800000000,2.51130000,2.51130000,2.50400000,2.50470000,282699.50000000,1762121699999999,708541.25194000,4525,121198.50000000,303751.87722000,0
1762121700000000,2.50480000,2.50910000,2.50140000,2.50210000,204660.60000000,1762122599999999,512985.97652000,4558,89557.70000000,224465.01411000,0
1762122600000000,2.50210000,2.50210000,2.48840000,2.49280000,632289.30000000,1762123499999999,1577126.77358000,10247,238568.60000000,594940.18487000,0
1762123500000000,2.49280000,2.49870000,2.49150000,2.49870000,258979.50000000,1762124399999999,646210.71983000,4592,143471.80000000,357935.32983000,0
1762124400000000,2.49880000,2.52300000,2.49880000,2.52130000,844955.70000000,1762125299999999,2123179.02457000,17503,619499.50000000,1556796.45338000,0
1762125300000000,2.52140000,2.52260000,2.51290000,2.51640000,636219.10000000,1762126199999999,1602145.48335000,12235,266300.10000000,670414.55777000,0
1762126200000000,2.51630000,2.52880000,2.51220000,2.52430000,808966.60000000,1762127099999999,2040261.90211000,13241,446128.30000000,1125064.82462000,0
1762127100000000,2.52440000,2.53180000,2.52220000,2.52670000,440706.20000000,1762127999999999,1113714.10134000,11038,224530.00000000,567493.96463000,0
1762128000000000,2.52670000,2.53220000,2.52370000,2.52880000,631421.20000000,1762128899999999,1596466.98280000,10024,353517.50000000,893881.49057000,0
1762128900000000,2.52880000,2.53040000,2.51740000,2.51850000,654379.60000000,1762129799999999,1650685.85663000,8947,233479.10000000,588931.76207000,0
1762129800000000,2.51840000,2.51840000,2.51210000,2.51270000,495397.90000000,1762130699999999,1245915.81272000,6587,101125.10000000,254312.69651000,0
1762130700000000,2.51270000,2.51490000,2.50060000,2.50170000,655459.40000000,1762131599999999,1642017.10728000,9410,179967.30000000,450968.00831000,0
1762131600000000,2.50170000,2.50170000,2.49330000,2.50040000,957426.50000000,1762132499999999,2391188.38955000,16621,397074.50000000,991527.31301000,0
1762132500000000,2.50050000,2.50200000,2.48920000,2.49280000,682654.40000000,1762133399999999,1703248.06678000,12012,277052.40000000,691274.38106000,0
1762133400000000,2.49290000,2.49650000,2.48250000,2.49270000,879965.90000000,1762134299999999,2190565.32474000,14657,383090.10000000,953738.14572000,0
1762134300000000,2.49260000,2.50190000,2.48940000,2.49180000,732284.60000000,1762135199999999,1827366.65196000,11429,415656.50000000,1037213.61313000,0
1762135200000000,2.49180000,2.49500000,2.48320000,2.48820000,803992.10000000,1762136099999999,2000172.37438000,12875,282767.90000000,703442.39295000,0
1762136100000000,2.48830000,2.48830000,2.46490000,2.46500000,2576231.80000000,1762136999999999,6371897.97964000,21487,1100329.50000000,2720380.31659000,0
1762137000000000,2.46500000,2.47090000,2.45430000,2.46930000,2123673.40000000,1762137899999999,5230530.12633000,30049,1074296.00000000,2646638.29772000,0
1762137900000000,2.46930000,2.47430000,2.46050000,2.46200000,1436028.40000000,1762138799999999,3541319.36619000,19340,605151.10000000,1492444.30271000,0
1762138800000000,2.46200000,2.46600000,2.44150000,2.44390000,2989380.20000000,1762139699999999,7327158.73799000,34645,1277021.10000000,3130602.73976000,0
1762139700000000,2.44380000,2.45210000,2.43870000,2.44150000,1405552.40000000,1762140599999999,3434924.13810000,22386,646396.40000000,1580035.96145000,0
1762140600000000,2.44150000,2.44320000,2.42880000,2.43640000,1359512.40000000,1762141499999999,3311837.60800000,26861,679070.60000000,1654350.02936000,0
1762141500000000,2.43640000,2.43670000,2.42590000,2.42940000,1761926.00000000,1762142399999999,4282159.79063000,20022,796591.80000000,1935610.02746000,0
1762142400000000,2.42950000,2.43090000,2.41600000,2.42920000,2097040.70000000,1762143299999999,5084150.36167000,25990,945750.80000000,2292948.45613000,0
1762143300000000,2.42920000,2.43960000,2.42550000,2.43590000,1244575.30000000,1762144199999999,3027784.94490000,19000,712893.10000000,1734491.77269000,0
1762144200000000,2.43580000,2.44000000,2.43330000,2.43440000,645439.20000000,1762145099999999,1572860.61991000,13169,359782.10000000,876705.36963000,0
1762145100000000,2.43440000,2.44790000,2.43430000,2.44640000,780969.60000000,1762145999999999,1908292.61425000,13120,478932.50000000,1170055.14082000,0
1762146000000000,2.44640000,2.45340000,2.44520000,2.45210000,752569.70000000,1762146899999999,1843397.43192000,9942,485746.90000000,1189722.97976000,0
1762146900000000,2.45200000,2.45310000,2.44580000,2.44620000,503839.20000000,1762147799999999,1233941.11949000,9922,225758.00000000,552861.16029000,0
1762147800000000,2.44610000,2.44630000,2.43170000,2.43300000,584632.50000000,1762148699999999,1425943.25754000,10585,182233.70000000,444211.87908000,0
1762148700000000,2.43300000,2.43310000,2.42690000,2.43100000,667160.90000000,1762149599999999,1621605.25652000,8273,242273.00000000,588867.16916000,0
1762149600000000,2.43090000,2.43330000,2.41380000,2.41690000,985339.50000000,1762150499999999,2387424.79628000,14997,371923.70000000,901594.32946000,0
1762150500000000,2.41690000,2.42220000,2.41480000,2.41530000,873150.70000000,1762151399999999,2111480.74958000,13095,271302.00000000,656233.51483000,0
1762151400000000,2.41530000,2.42100000,2.40050000,2.40430000,2929236.80000000,1762152299999999,7055918.90974000,21359,915757.20000000,2207895.94703000,0
1762152300000000,2.40430000,2.41140000,2.38770000,2.40830000,4621046.10000000,1762153199999999,11099117.24654000,32435,2503880.30000000,6019199.27734000,0
1762153200000000,2.40830000,2.40930000,2.39870000,2.40830000,1027569.20000000,1762154099999999,2470615.36105000,21427,613342.80000000,1474710.81346000,0
1762154100000000,2.40830000,2.41840000,2.40310000,2.41440000,1343438.10000000,1762154999999999,3240242.70726000,14162,910436.90000000,2196463.34515000,0
1762155000000000,2.41440000,2.41950000,2.40930000,2.40930000,689129.70000000,1762155899999999,1663918.27284000,10779,448219.00000000,1082411.52136000,0
1762155900000000,2.40920000,2.41970000,2.40860000,2.41390000,654962.60000000,1762156799999999,1580560.74286000,8823,470982.40000000,1136491.57130000,0
1762156800000000,2.41380000,2.42200000,2.41100000,2.41670000,983672.50000000,1762157699999999,2377534.81317000,12243,651801.30000000,1575384.90547000,0
1762157700000000,2.41670000,2.41710000,2.40490000,2.40860000,1342060.20000000,1762158599999999,3235491.50149000,13718,627444.30000000,1512529.57253000,0
1762158600000000,2.40870000,2.41090000,2.40090000,2.40490000,1735957.70000000,1762159499999999,4178721.78993000,13288,582465.40000000,1401765.83953000,0
1762159500000000,2.40490000,2.41500000,2.39650000,2.41070000,1599512.20000000,1762160399999999,3847528.08356000,17682,1026808.40000000,2470625.88071000,0
1762160400000000,2.41060000,2.42850000,2.40950000,2.41940000,1716594.10000000,1762161299999999,4157645.16609000,17201,916406.50000000,2219330.18546000,0
1762161300000000,2.41940000,2.42280000,2.40740000,2.41150000,1211188.20000000,1762162199999999,2926352.15286000,14090,607055.70000000,1467318.82993000,0
1762162200000000,2.41140000,2.41570000,2.40720000,2.41190000,757752.60000000,1762163099999999,1826694.84730000,11542,453684.60000000,1093764.24282000,0
1762163100000000,2.41180000,2.41190000,2.39640000,2.39990000,900348.90000000,1762163999999999,2163115.25939000,13359,343000.70000000,824138.25900000,0
1762164000000000,2.39990000,2.40820000,2.39960000,2.40120000,667818.00000000,1762164899999999,1604775.71951000,11622,391171.20000000,940024.43172000,0
1762164900000000,2.40120000,2.40510000,2.40000000,2.40250000,1012670.60000000,1762165799999999,2433026.41380000,10954,681957.40000000,1638434.22872000,0
1762165800000000,2.40240000,2.40240000,2.38810000,2.39030000,1297599.60000000,1762166699999999,3106148.90735000,14518,619795.10000000,1483574.77944000,0
1762166700000000,2.39030000,2.39550000,2.38170000,2.38800000,2110113.10000000,1762167599999999,5037756.99111000,17756,913889.30000000,2181342.88560000,0
1762167600000000,2.38810000,2.40580000,2.38770000,2.40080000,1352720.00000000,1762168499999999,3244445.98522000,23399,713854.80000000,1712477.62924000,0
1762168500000000,2.40070000,2.41310000,2.39610000,2.40510000,1207666.30000000,1762169399999999,2905178.11452000,15403,588170.90000000,1415115.31203000,0
1762169400000000,2.40510000,2.40980000,2.40150000,2.40950000,569798.80000000,1762170299999999,1370812.05391000,9106,219161.00000000,527275.44470000,0
1762170300000000,2.40960000,2.41590000,2.40000000,2.40190000,3520948.30000000,1762171199999999,8470753.27543000,14147,959691.80000000,2309124.47169000,0
1762171200000000,2.40200000,2.41100000,2.40060000,2.40940000,1493228.90000000,1762172099999999,3592164.42028000,16550,807641.60000000,1942873.72866000,0
1762172100000000,2.40940000,2.41310000,2.40690000,2.41030000,741649.30000000,1762172999999999,1787005.51114000,10298,402440.50000000,969690.52463000,0
1762173000000000,2.41040000,2.41110000,2.40300000,2.40470000,549868.40000000,1762173899999999,1323148.02789000,6519,284435.90000000,684407.34504000,0
1762173900000000,2.40470000,2.40940000,2.40050000,2.40220000,588983.90000000,1762174799999999,1416638.56394000,7189,267053.20000000,642185.89372000,0
1762174800000000,2.40210000,2.40440000,2.39840000,2.40280000,896825.60000000,1762175699999999,2153458.53253000,9592,255500.80000000,613611.59767000,0
1762175700000000,2.40270000,2.40840000,2.39900000,2.40660000,1420947.30000000,1762176599999999,3413704.45741000,10389,883100.60000000,2121556.41172000,0
1762176600000000,2.40650000,2.41700000,2.40640000,2.41370000,864894.30000000,1762177499999999,2087818.37883000,12435,347373.60000000,838353.94493000,0
1762177500000000,2.41380000,2.41780000,2.40860000,2.41140000,842578.10000000,1762178399999999,2033436.13822000,10023,365872.30000000,882828.70262000,0
1762178400000000,2.41150000,2.42720000,2.41150000,2.41890000,1338456.30000000,1762179299999999,3239193.97792000,16471,609652.80000000,1475603.58724000,0
1762179300000000,2.41890000,2.42310000,2.41530000,2.41910000,977620.90000000,1762180199999999,2365095.13028000,10681,618832.70000000,1497011.79144000,0
1762180200000000,2.41920000,2.42410000,2.41310000,2.41810000,1424196.90000000,1762181099999999,3444025.54033000,22312,455944.30000000,1102985.10448000,0
1762181100000000,2.41800000,2.42790000,2.41400000,2.42700000,1046139.30000000,1762181999999999,2533096.42908000,16109,448238.10000000,1085648.46025000,0
1762182000000000,2.42710000,2.43010000,2.40600000,2.40850000,1644152.80000000,1762182899999999,3968997.13993000,16397,779587.80000000,1881981.82268000,0
1762182900000000,2.40840000,2.40840000,2.34580000,2.35670000,9287303.50000000,1762183799999999,22008622.49834000,59598,4050349.80000000,9592206.41615000,0
1762183800000000,2.35660000,2.37400000,2.29250000,2.34850000,19010547.00000000,1762184699999999,44416187.21425000,139658,9119080.10000000,21314755.39604000,0
1762184700000000,2.34840000,2.35580000,2.32450000,2.32790000,4530519.00000000,1762185599999999,10581144.70587000,61223,2244089.70000000,5240005.33601000,0
1762185600000000,2.32800000,2.36090000,2.31930000,2.35720000,6008885.50000000,1762186499999999,14017440.29850000,56924,3462777.00000000,8078617.28674000,0
1762186500000000,2.35730000,2.36840000,2.34710000,2.36070000,2254431.30000000,1762187399999999,5320621.78236000,44898,1079408.40000000,2547635.18124000,0
1762187400000000,2.36070000,2.37310000,2.35920000,2.36960000,3209497.20000000,1762188299999999,7597025.82952000,30838,1076816.20000000,2548173.57256000,0
1762188300000000,2.36960000,2.37990000,2.36850000,2.37390000,1595870.70000000,1762189199999999,3789079.64172000,24946,757056.60000000,1797584.59671000,0
1762189200000000,2.37390000,2.37590000,2.36620000,2.37160000,3024489.60000000,1762190099999999,7170514.26525000,28163,1764513.40000000,4182333.87199000,0
1762190100000000,2.37150000,2.39510000,2.36880000,2.37040000,2220165.50000000,1762190999999999,5288725.47440000,33356,1094829.80000000,2609519.19945000,0
1762191000000000,2.37050000,2.38530000,2.37000000,2.37490000,1157341.50000000,1762191899999999,2751113.89995000,24841,573850.30000000,1363950.36816000,0
1762191900000000,2.37490000,2.38590000,2.37380000,2.38110000,1015053.60000000,1762192799999999,2416238.73515000,18710,378140.10000000,900287.50351000,0
1762192800000000,2.38110000,2.38490000,2.37420000,2.37560000,1113151.80000000,1762193699999999,2647939.17923000,19248,497332.60000000,1183147.44468000,0
1762193700000000,2.37560000,2.37700000,2.35900000,2.36060000,1507293.10000000,1762194599999999,3568638.88303000,18972,444473.80000000,1051838.15937000,0
1762194600000000,2.36060000,2.36750000,2.35450000,2.35560000,1122047.80000000,1762195499999999,2649520.99597000,14812,387386.20000000,914607.91052000,0
1762195500000000,2.35550000,2.35550000,2.34670000,2.34750000,1346264.70000000,1762196399999999,3165095.93342000,19084,623228.80000000,1465326.00522000,0
1762196400000000,2.34750000,2.34960000,2.33280000,2.34370000,1876145.90000000,1762197299999999,4389444.07555000,24971,948792.50000000,2219424.15563000,0
1762197300000000,2.34370000,2.35230000,2.32980000,2.33130000,1102556.30000000,1762198199999999,2579935.61424000,21377,611230.00000000,1430565.53988000,0
1762198200000000,2.33130000,2.34790000,2.33080000,2.34510000,873856.90000000,1762199099999999,2043790.45513000,20260,518239.10000000,1211831.17939000,0
1762199100000000,2.34510000,2.34870000,2.32220000,2.32410000,952961.10000000,1762199999999999,2223742.65758000,17964,539507.30000000,1258931.59703000,0
1762200000000000,2.32420000,2.32980000,2.31500000,2.32170000,1813354.70000000,1762200899999999,4210134.39707000,25183,986551.80000000,2290375.03553000,0
1762200900000000,2.32160000,2.32540000,2.30470000,2.31510000,2279002.80000000,1762201799999999,5274450.23478000,32222,1143032.40000000,2645708.37890000,0
1762201800000000,2.31500000,2.32320000,2.29140000,2.29340000,2718845.50000000,1762202699999999,6262626.08602000,44670,1364439.50000000,3143142.86630000,0
1762202700000000,2.29350000,2.29980000,2.26310000,2.28610000,6705013.60000000,1762203599999999,15277638.97130000,79704,3493672.60000000,7959603.08383000,0
1762203600000000,2.28610000,2.31030000,2.28430000,2.28590000,4488309.00000000,1762204499999999,10305814.46426000,60913,2527682.80000000,5803739.95826000,0
1762204500000000,2.28590000,2.29930000,2.26730000,2.29160000,2667961.90000000,1762205399999999,6089635.20946000,46101,1286658.00000000,2935913.24620000,0
1762205400000000,2.29160000,2.31040000,2.28660000,2.30970000,1806718.90000000,1762206299999999,4158551.67581000,28248,1167682.00000000,2687894.98980000,0
1762206300000000,2.30960000,2.31330000,2.30570000,2.31090000,1654510.70000000,1762207199999999,3821614.82351000,20993,1028136.80000000,2374659.87567000,0
1762207200000000,2.31090000,2.31250000,2.29360000,2.29990000,1595032.80000000,1762208099999999,3671740.12712000,27564,813159.60000000,1872258.09415000,0
1762208100000000,2.29990000,2.30270000,2.28100000,2.28110000,1797981.30000000,1762208999999999,4122248.47055000,22723,754296.70000000,1730009.09384000,0
1762209000000000,2.28100000,2.30250000,2.27010000,2.30210000,2316300.40000000,1762209899999999,5290414.86180000,30589,1096227.90000000,2503707.72948000,0
1762209900000000,2.30210000,2.30880000,2.29760000,2.30080000,958091.00000000,1762210799999999,2207220.16929000,13980,499191.30000000,1150039.94006000,0
1762210800000000,2.30070000,2.30140000,2.28490000,2.29430000,996789.10000000,1762211699999999,2284507.65620000,19591,492735.30000000,1129384.75583000,0
1762211700000000,2.29440000,2.30600000,2.29140000,2.30050000,980167.70000000,1762212599999999,2254668.51755000,15326,425093.70000000,977715.77157000,0
1762212600000000,2.30040000,2.31400000,2.30000000,2.31100000,1028422.90000000,1762213499999999,2373559.51217000,12447,610584.90000000,1408958.03310000,0
1762213500000000,2.31100000,2.31260000,2.30390000,2.30960000,1149236.70000000,1762214399999999,2653359.79885000,12099,811400.20000000,1873289.90411000,0
1762214400000000,2.30950000,2.31640000,2.30460000,2.31400000,1661008.10000000,1762215299999999,3841377.46940000,19093,1178133.40000000,2724926.10693000,0
1762215300000000,2.31400000,2.32110000,2.29980000,2.29980000,2195616.70000000,1762216199999999,5077351.39273000,27525,1106881.90000000,2560171.45727000,0
1762216200000000,2.29980000,2.34560000,2.29980000,2.34190000,4067447.20000000,1762217099999999,9491463.06663000,49510,2566960.40000000,5989022.29599000,0
1762217100000000,2.34190000,2.34430000,2.32680000,2.33710000,1640605.90000000,1762217999999999,3833907.23663000,24251,949275.50000000,2217929.58263000,0
1762218000000000,2.33710000,2.33830000,2.32370000,2.33170000,1863782.60000000,1762218899999999,4347562.63674000,27643,1225472.90000000,2858951.49085000,0
1762218900000000,2.33170000,2.34340000,2.32740000,2.33340000,2656301.10000000,1762219799999999,6203427.22882000,34689,1285584.00000000,3002411.21820000,0
1762219800000000,2.33350000,2.34940000,2.33200000,2.34210000,1884919.40000000,1762220699999999,4414818.29022000,24801,1312817.70000000,3075112.28657000,0
1762220700000000,2.34210000,2.34580000,2.33210000,2.34250000,914340.20000000,1762221599999999,2139915.62645000,15570,676142.90000000,1582516.32747000,0
1762221600000000,2.34240000,2.34660000,2.33400000,2.34450000,832204.90000000,1762222499999999,1946909.62526000,12207,570395.50000000,1334379.25919000,0
1762222500000000,2.34460000,2.35260000,2.34100000,2.34240000,1304981.70000000,1762223399999999,3064769.57906000,17254,773297.30000000,1816130.31898000,0
1762223400000000,2.34230000,2.34730000,2.33810000,2.34060000,922045.40000000,1762224299999999,2160138.78431000,18439,538903.10000000,1262418.33473000,0
1762224300000000,2.34060000,2.34210000,2.33640000,2.33930000,886880.80000000,1762225199999999,2074723.53361000,15035,526325.20000000,1231183.58939000,0
1762225200000000,2.33920000,2.35510000,2.33370000,2.35370000,1119248.50000000,1762226099999999,2621547.93064000,18270,641540.80000000,1502980.38570000,0
1762226100000000,2.35370000,2.35640000,2.34820000,2.35250000,1331388.80000000,1762226999999999,3131051.72658000,17039,752355.10000000,1769128.18604000,0
1762227000000000,2.35250000,2.36350000,2.34800000,2.35970000,1334236.80000000,1762227899999999,3145455.65710000,18793,872290.20000000,2056303.94245000,0
1762227900000000,2.35960000,2.36060000,2.34980000,2.35650000,1100509.50000000,1762228799999999,2592391.82722000,15377,775365.10000000,1826268.93663000,0
1762228800000000,2.35650000,2.36550000,2.35400000,2.35540000,1622581.80000000,1762229699999999,3826652.93445000,16817,1032491.80000000,2434865.47003000,0
1762229700000000,2.35550000,2.35580000,2.34720000,2.34780000,1077788.90000000,1762230599999999,2534040.05070000,16684,666800.40000000,1567837.72971000,0
1762230600000000,2.34790000,2.35380000,2.34090000,2.34160000,1669046.60000000,1762231499999999,3914596.16678000,19947,970799.60000000,2277247.88350000,0
1762231500000000,2.34150000,2.34540000,2.33670000,2.33830000,1225198.20000000,1762232399999999,2867702.01138000,16571,796096.60000000,1863209.17514000,0
1762232400000000,2.33820000,2.34240000,2.33370000,2.33570000,1009020.10000000,1762233299999999,2358012.40376000,13984,553136.10000000,1292456.21619000,0
1762233300000000,2.33580000,2.33640000,2.29950000,2.30330000,4337000.40000000,1762234199999999,10043309.38665000,43101,1981074.40000000,4586836.19519000,0
1762234200000000,2.30320000,2.30400000,2.27650000,2.27800000,5321752.50000000,1762235099999999,12195627.07399000,71856,2458089.10000000,5633543.89501000,0
1762235100000000,2.27790000,2.28300000,2.24500000,2.25040000,7524786.30000000,1762235999999999,17011220.71549000,85021,3598009.10000000,8138316.42124000,0
1762236000000000,2.25040000,2.28790000,2.24930000,2.28720000,5136681.80000000,1762236899999999,11641348.11244000,59649,3072307.40000000,6964742.54806000,0
1762236900000000,2.28710000,2.30910000,2.28530000,2.29040000,3986740.60000000,1762237799999999,9157947.27371000,53414,2059243.10000000,4732333.84598000,0
1762237800000000,2.29030000,2.29040000,2.26350000,2.26970000,2918782.70000000,1762238699999999,6644246.35971000,38466,1340522.50000000,3050947.69175000,0
1762238700000000,2.26960000,2.28130000,2.26960000,2.27370000,2294006.50000000,1762239599999999,5217394.48431000,30010,1381237.20000000,3141175.65570000,0
1762239600000000,2.27370000,2.28190000,2.24720000,2.25280000,5772952.80000000,1762240499999999,13066393.92843000,52349,2817225.30000000,6378671.57026000,0
1762240500000000,2.25290000,2.26260000,2.23220000,2.23450000,5947575.90000000,1762241399999999,13368622.03397000,54056,2830237.80000000,6363997.01809000,0
1762241400000000,2.23450000,2.26110000,2.23450000,2.24090000,3471688.00000000,1762242299999999,7803201.41927000,43490,1526052.50000000,3429830.14861000,0
1762242300000000,2.24100000,2.24810000,2.23230000,2.24340000,2061028.30000000,1762243199999999,4619183.81111000,30164,921512.90000000,2064943.19141000,0
1762243200000000,2.24340000,2.25440000,2.22960000,2.24180000,4130944.40000000,1762244099999999,9259114.05158000,45398,1896323.10000000,4250369.50318000,0
1762244100000000,2.24190000,2.27080000,2.23380000,2.26230000,4280055.80000000,1762244999999999,9641185.91187000,55191,1919779.40000000,4330015.81261000,0
1762245000000000,2.26220000,2.27930000,2.25920000,2.26990000,2923575.80000000,1762245899999999,6642787.62288000,40747,1526079.20000000,3467851.45953000,0
1762245900000000,2.26980000,2.27190000,2.25460000,2.26290000,2880979.80000000,1762246799999999,6518457.51092000,32053,1384103.10000000,3131918.76326000,0
1762246800000000,2.26290000,2.26900000,2.25200000,2.25630000,2299975.30000000,1762247699999999,5195764.59628000,29219,938437.30000000,2119879.89332000,0
1762247700000000,2.25630000,2.26690000,2.24930000,2.26220000,3614668.70000000,1762248599999999,8162626.63751000,31210,1152318.10000000,2602665.43026000,0
1762248600000000,2.26230000,2.26640000,2.24800000,2.25810000,1930162.30000000,1762249499999999,4359276.96643000,26424,927629.50000000,2095063.97091000,0
1762249500000000,2.25810000,2.26720000,2.25130000,2.26550000,1676929.40000000,1762250399999999,3787214.54455000,21657,1026928.60000000,2319057.23703000,0
1762250400000000,2.26540000,2.27490000,2.25730000,2.27010000,2130613.90000000,1762251299999999,4832236.24094000,23793,1211920.10000000,2748642.69098000,0
1762251300000000,2.27020000,2.27590000,2.26030000,2.26540000,2308136.70000000,1762252199999999,5234021.92588000,23693,903298.90000000,2047852.75966000,0
1762252200000000,2.26540000,2.27420000,2.25970000,2.26730000,1455939.10000000,1762253099999999,3301324.19242000,21741,779728.30000000,1768055.45058000,0
1762253100000000,2.26720000,2.26930000,2.26000000,2.26630000,1205921.20000000,1762253999999999,2730561.93561000,19228,666254.50000000,1508571.10058000,0
1762254000000000,2.26620000,2.27880000,2.26300000,2.27170000,2274290.10000000,1762254899999999,5168335.12392000,22960,1085136.60000000,2465822.30079000,0
1762254900000000,2.27170000,2.28450000,2.27000000,2.27460000,2525696.50000000,1762255799999999,5754423.24121000,19392,1607156.10000000,3662069.67007000,0
1762255800000000,2.27470000,2.28200000,2.26780000,2.27990000,1295324.80000000,1762256699999999,2947502.75829000,18534,779978.30000000,1774879.15315000,0
1762256700000000,2.27980000,2.28380000,2.27280000,2.28100000,1290858.10000000,1762257599999999,2940164.75401000,13334,650212.90000000,1481203.79773000,0
1762257600000000,2.28100000,2.29030000,2.27820000,2.28040000,1871300.80000000,1762258499999999,4275521.32860000,20634,1073674.30000000,2452910.79730000,0
1762258500000000,2.28050000,2.28100000,2.26830000,2.27620000,1417873.80000000,1762259399999999,3226442.14053000,16262,564607.10000000,1284687.74050000,0
1762259400000000,2.27620000,2.27620000,2.26110000,2.26390000,1374662.00000000,1762260299999999,3116703.21702000,16205,607389.80000000,1376856.52025000,0
1762260300000000,2.26390000,2.26910000,2.26070000,2.26470000,875719.20000000,1762261199999999,1983725.87278000,12331,448868.30000000,1016771.05150000,0
1762261200000000,2.26470000,2.27670000,2.26190000,2.27210000,1797532.40000000,1762262099999999,4078562.90584000,17778,997591.10000000,2263122.95475000,0
1762262100000000,2.27210000,2.27490000,2.25800000,2.25890000,1778644.90000000,1762262999999999,4031146.76634000,18033,755096.80000000,1711786.28312000,0
1762263000000000,2.25880000,2.27800000,2.25700000,2.27010000,1781034.60000000,1762263899999999,4041561.19316000,21185,849822.50000000,1928952.72103000,0
1762263900000000,2.27000000,2.27000000,2.25940000,2.26160000,1387699.00000000,1762264799999999,3142437.11325000,16802,653707.40000000,1480481.32919000,0
1762264800000000,2.26160000,2.26170000,2.24280000,2.25270000,2190595.40000000,1762265699999999,4933276.59545000,25482,1081986.50000000,2437248.42185000,0
1762265700000000,2.25270000,2.25940000,2.24740000,2.25580000,1444807.40000000,1762266599999999,3255234.22455000,20957,747257.40000000,1683293.12528000,0
1762266600000000,2.25580000,2.28650000,2.24220000,2.28420000,6695983.10000000,1762267499999999,15161317.42293000,68872,3313898.10000000,7509030.65302000,0
1762267500000000,2.28410000,2.31300000,2.27990000,2.30420000,5088302.10000000,1762268399999999,11701937.00235000,61096,2577425.40000000,5927201.96322000,0
1762268400000000,2.30430000,2.32160000,2.29640000,2.29770000,3769216.50000000,1762269299999999,8707174.19117000,45388,1673898.40000000,3866677.65514000,0
1762269300000000,2.29770000,2.32730000,2.29770000,2.31420000,3727194.00000000,1762270199999999,8633489.45386000,42053,1936037.10000000,4484509.69067000,0
1762270200000000,2.31410000,2.31600000,2.30570000,2.30610000,2243227.80000000,1762271099999999,5182850.21689000,33627,1128633.00000000,2607662.05115000,0
1762271100000000,2.30610000,2.30610000,2.27570000,2.28290000,3417925.70000000,1762271999999999,7824472.10428000,38726,1156977.50000000,2647330.51528000,0
1762272000000000,2.28290000,2.29620000,2.27380000,2.28150000,2727459.90000000,1762272899999999,6235956.28783000,36432,1264303.50000000,2890540.05962000,0
1762272900000000,2.28160000,2.28480000,2.25510000,2.26880000,2801627.60000000,1762273799999999,6352647.75224000,45968,1449998.10000000,3288408.36812000,0
1762273800000000,2.26880000,2.27600000,2.24650000,2.24920000,3605172.40000000,1762274699999999,8141776.83963000,43591,1813598.40000000,4095521.97115000,0
1762274700000000,2.24920000,2.25240000,2.23210000,2.24050000,5483446.30000000,1762275599999999,12279486.21789000,57726,2389069.40000000,5349526.96950000,0
1762275600000000,2.24050000,2.24090000,2.20180000,2.20790000,8143459.10000000,1762276499999999,18043732.38932000,84260,3576259.90000000,7923246.92006000,0
1762276500000000,2.20790000,2.23590000,2.19660000,2.22470000,7719419.60000000,1762277399999999,17089676.40915000,77359,3753322.20000000,8312132.26976000,0
1762277400000000,2.22460000,2.25880000,2.22450000,2.24140000,5656881.60000000,1762278299999999,12704506.33062000,67781,2819726.20000000,6333224.55563000,0
1762278300000000,2.24150000,2.24490000,2.22530000,2.23080000,2650739.10000000,1762279199999999,5926789.64214000,41298,1113664.60000000,2490045.80527000,0
1762279200000000,2.23090000,2.23140000,2.20330000,2.20960000,2988692.40000000,1762280099999999,6619403.14816000,46541,1417524.60000000,3139436.74997000,0
1762280100000000,2.20970000,2.21180000,2.17870000,2.18620000,6833934.70000000,1762280999999999,14988895.19359000,73011,3112889.80000000,6828965.29864000,0
1762281000000000,2.18610000,2.20600000,2.15490000,2.20270000,11332752.40000000,1762281899999999,24619511.74546000,123364,5818986.60000000,12645536.91220000,0
1762281900000000,2.20270000,2.21600000,2.16860000,2.21140000,7227508.20000000,1762282799999999,15839368.65915000,83541,3924036.10000000,8603469.03832000,0
1762282800000000,2.21150000,2.22500000,2.19580000,2.20710000,3707516.60000000,1762283699999999,8193936.30760000,64356,2046514.40000000,4524299.67125000,0
1762283700000000,2.20700000,2.22440000,2.19960000,2.20470000,2998220.00000000,1762284599999999,6626483.82334000,61672,1598703.70000000,3533327.33181000,0
1762284600000000,2.20460000,2.20900000,2.17850000,2.18330000,3047945.60000000,1762285499999999,6678157.47257000,37602,1353863.40000000,2965718.09371000,0
1762285500000000,2.18320000,2.18670000,2.16670000,2.16960000,2015719.40000000,1762286399999999,4388674.05416000,33004,955281.70000000,2080480.26141000,0
1762286400000000,2.16950000,2.17400000,2.14450000,2.14990000,5487979.30000000,1762287299999999,11825954.40867000,54808,2673367.40000000,5762974.32098000,0
1762287300000000,2.14980000,2.15950000,2.09870000,2.15630000,20538386.00000000,1762288199999999,43576255.35638000,169310,9428673.40000000,20010746.49631000,0
1762288200000000,2.15630000,2.19080000,2.13010000,2.18270000,7822239.60000000,1762289099999999,16903890.71600000,88124,3934386.10000000,8507737.70621000,0
1762289100000000,2.18270000,2.18750000,2.15310000,2.15980000,5428797.00000000,1762289999999999,11767788.62634000,63842,2868984.60000000,6217260.74781000,0
1762290000000000,2.15980000,2.17050000,2.13270000,2.13460000,5090879.90000000,1762290899999999,10958167.55143000,53719,2307943.30000000,4970842.88177000,0
1762290900000000,2.13460000,2.13900000,2.11280000,2.11900000,4745072.60000000,1762291799999999,10090532.96098000,51937,2062740.10000000,4386752.12162000,0
1762291800000000,2.11900000,2.12030000,2.06650000,2.09560000,15507930.50000000,1762292699999999,32364068.18430000,142065,7109606.90000000,14831189.44722000,0
1762292700000000,2.09570000,2.15840000,2.09480000,2.15600000,14712748.10000000,1762293599999999,31340152.84859000,137186,7464952.90000000,15906483.70084000,0
1762293600000000,2.15610000,2.18290000,2.14370000,2.18240000,6817116.40000000,1762294499999999,14762723.10005000,75738,3468605.70000000,7513568.60962000,0
1762294500000000,2.18250000,2.20650000,2.18030000,2.20270000,6389008.70000000,1762295399999999,14027620.03232000,46900,3489430.50000000,7659785.47914000,0
1762295400000000,2.20280000,2.22210000,2.19880000,2.20720000,5197332.20000000,1762296299999999,11488826.68523000,41429,2688044.70000000,5945173.32695000,0
1762296300000000,2.20710000,2.22400000,2.20010000,2.21860000,2382851.80000000,1762297199999999,5270595.36990000,28824,1159588.00000000,2567090.59038000,0
1762297200000000,2.21860000,2.22930000,2.21020000,2.21790000,3155328.30000000,1762298099999999,7001029.37090000,41753,1670990.60000000,3707864.47595000,0
1762298100000000,2.21790000,2.22020000,2.20810000,2.21180000,1377741.40000000,1762298999999999,3049228.40152000,23543,611027.40000000,1352457.91333000,0
1762299000000000,2.21180000,2.21610000,2.20460000,2.21270000,1345880.60000000,1762299899999999,2975005.71407000,24059,676016.70000000,1494336.75017000,0
1762299900000000,2.21270000,2.21730000,2.20490000,2.20530000,1441180.60000000,1762300799999999,3188658.98159000,19034,876008.40000000,1938197.83972000,0
1762300800000000,2.20530000,2.21180000,2.18720000,2.19050000,3775735.30000000,1762301699999999,8295828.59906000,35887,1736064.70000000,3815013.24467000,0
1762301700000000,2.19060000,2.21030000,2.18190000,2.18340000,3851512.00000000,1762302599999999,8452531.56208000,38088,1620332.40000000,3556343.55714000,0
1762302600000000,2.18340000,2.18570000,2.16180000,2.16190000,3163497.30000000,1762303499999999,6876556.18468000,34944,903375.40000000,1963516.46388000,0
1762303500000000,2.16200000,2.18260000,2.16170000,2.17460000,2062150.10000000,1762304399999999,4477109.10159000,25969,709616.90000000,1541349.34732000,0
1762304400000000,2.17460000,2.17740000,2.14730000,2.16100000,2364892.90000000,1762305299999999,5104824.26228000,37332,956606.40000000,2065108.16423000,0
1762305300000000,2.16110000,2.16150000,2.10750000,2.11260000,4804059.30000000,1762306199999999,10220996.03832000,67038,1743481.10000000,3706440.41238000,0
1762306200000000,2.11270000,2.13370000,2.10150000,2.10890000,5693342.50000000,1762307099999999,12032638.55562000,80080,2634784.20000000,5571750.03464000,0
1762307100000000,2.10890000,2.17990000,2.10650000,2.17200000,4550142.70000000,1762307999999999,9761202.98624000,68511,2479098.60000000,5314990.28027000,0
1762308000000000,2.17210000,2.20990000,2.17190000,2.19550000,4723092.20000000,1762308899999999,10376552.72468000,74645,2355748.10000000,5174991.91156000,0
1762308900000000,2.19560000,2.21530000,2.18400000,2.20130000,3493584.50000000,1762309799999999,7689097.90798000,47824,1813364.00000000,3993340.54004000,0
1762309800000000,2.20130000,2.22150000,2.19650000,2.22140000,3038721.30000000,1762310699999999,6723727.87517000,34749,1779255.40000000,3937681.03998000,0
1762310700000000,2.22140000,2.22830000,2.20920000,2.22630000,2568257.60000000,1762311599999999,5694666.54548000,35366,1394953.00000000,3093183.09934000,0
1762311600000000,2.22640000,2.23550000,2.21860000,2.22260000,1935271.40000000,1762312499999999,4308659.72929000,28820,958433.00000000,2133648.97313000,0
1762312500000000,2.22250000,2.24230000,2.21530000,2.24150000,2392180.10000000,1762313399999999,5333118.68003000,25928,1323918.80000000,2952857.89900000,0
1762313400000000,2.24140000,2.25080000,2.23640000,2.24740000,2301427.40000000,1762314299999999,5168234.09840000,29814,1482308.00000000,3328676.17663000,0
1762314300000000,2.24750000,2.25320000,2.23180000,2.23720000,3878153.60000000,1762315199999999,8694860.80808000,33948,2016346.10000000,4522418.43739000,0
1762315200000000,2.23710000,2.25620000,2.23560000,2.24260000,2446899.20000000,1762316099999999,5495652.30634000,32479,1364520.70000000,3064058.46610000,0
1762316100000000,2.24260000,2.24620000,2.22750000,2.22800000,1835994.50000000,1762316999999999,4107762.47934000,19051,896190.70000000,2005129.36795000,0
1762317000000000,2.22800000,2.25430000,2.22570000,2.25310000,1742335.50000000,1762317899999999,3901606.01134000,19715,912142.50000000,2043245.84277000,0
1762317900000000,2.25320000,2.25420000,2.23760000,2.24510000,1531966.70000000,1762318799999999,3442678.89074000,16347,690085.30000000,1550363.06800000,0
1762318800000000,2.24510000,2.26060000,2.24440000,2.25710000,2601594.10000000,1762319699999999,5863144.51616000,22270,1803562.40000000,4064422.28957000,0
1762319700000000,2.25710000,2.25860000,2.24270000,2.25070000,886598.30000000,1762320599999999,1994950.81312000,14259,527894.70000000,1187803.43477000,0
1762320600000000,2.25070000,2.25620000,2.24690000,2.24740000,1192884.60000000,1762321499999999,2685934.44331000,11829,760180.80000000,1711819.20743000,0
1762321500000000,2.24740000,2.24740000,2.23370000,2.24220000,3456946.90000000,1762322399999999,7743668.01199000,17823,877960.40000000,1967523.79425000,0
1762322400000000,2.24210000,2.24330000,2.22940000,2.23510000,1969778.90000000,1762323299999999,4404519.36011000,15285,740247.40000000,1654867.73122000,0
1762323300000000,2.23510000,2.24620000,2.23110000,2.24000000,1375345.00000000,1762324199999999,3078421.44980000,17133,757000.30000000,1694162.52225000,0
1762324200000000,2.24000000,2.24910000,2.23790000,2.24270000,1050223.30000000,1762325099999999,2356317.70959000,12037,628542.70000000,1410056.99600000,0
1762325100000000,2.24270000,2.25320000,2.23990000,2.25140000,996723.20000000,1762325999999999,2240511.99434000,11092,552463.90000000,1241748.16787000,0
1762326000000000,2.25140000,2.25190000,2.23780000,2.24080000,1347100.50000000,1762326899999999,3023553.74880000,11843,564049.80000000,1266172.27473000,0
1762326900000000,2.24080000,2.24140000,2.23200000,2.23680000,1449817.00000000,1762327799999999,3244037.50622000,13487,777263.40000000,1738989.85652000,0
1762327800000000,2.23690000,2.24690000,2.23430000,2.24670000,1837843.90000000,1762328699999999,4118293.76813000,12246,1111733.40000000,2490759.40065000,0
1762328700000000,2.24670000,2.25290000,2.24580000,2.24630000,1254061.90000000,1762329599999999,2819529.34597000,13147,700535.20000000,1574914.61859000,0
1762329600000000,2.24620000,2.24620000,2.23240000,2.23400000,1106400.90000000,1762330499999999,2476175.49747000,16899,661875.10000000,1481247.20331000,0
1762330500000000,2.23390000,2.23430000,2.20470000,2.21520000,2886276.90000000,1762331399999999,6395387.15067000,26449,1041597.60000000,2308432.71314000,0
1762331400000000,2.21510000,2.22900000,2.21260000,2.21850000,1446088.30000000,1762332299999999,3213317.79941000,20127,790390.70000000,1756090.50610000,0
1762332300000000,2.21840000,2.22430000,2.20530000,2.22200000,1714552.90000000,1762333199999999,3799325.37233000,23185,819743.00000000,1816751.02942000,0
1762333200000000,2.22200000,2.23800000,2.21820000,2.23120000,1547214.80000000,1762334099999999,3449806.17674000,20325,780344.50000000,1740020.15955000,0
1762334100000000,2.23130000,2.23670000,2.22130000,2.23340000,1290180.80000000,1762334999999999,2877058.94934000,17408,779527.20000000,1738699.90308000,0
1762335000000000,2.23330000,2.23560000,2.22370000,2.23310000,1369215.20000000,1762335899999999,3053850.43155000,15716,655909.70000000,1462704.66214000,0
1762335900000000,2.23300000,2.23980000,2.23080000,2.23740000,1543558.60000000,1762336799999999,3451380.08289000,15528,868809.80000000,1942456.76566000,0
1762336800000000,2.23730000,2.24050000,2.22720000,2.22900000,1682502.90000000,1762337699999999,3761496.31298000,18121,856618.80000000,1914857.56329000,0
1762337700000000,2.22890000,2.23120000,2.22130000,2.23070000,726005.40000000,1762338599999999,1617342.37878000,14167,337195.90000000,751034.45761000,0
1762338600000000,2.23070000,2.23590000,2.21940000,2.22170000,766891.70000000,1762339499999999,1707372.61149000,13444,358629.70000000,798200.38545000,0
1762339500000000,2.22170000,2.22280000,2.20830000,2.21110000,1029982.10000000,1762340399999999,2280155.97463000,13967,482731.20000000,1068632.80461000,0
1762340400000000,2.21110000,2.22780000,2.21090000,2.22320000,870458.40000000,1762341299999999,1933792.30780000,13622,414439.00000000,920710.66674000,0
1762341300000000,2.22310000,2.23580000,2.22300000,2.22820000,917473.70000000,1762342199999999,2045699.03744000,15388,439827.70000000,980635.13724000,0
1762342200000000,2.22830000,2.23860000,2.22830000,2.23580000,760092.70000000,1762343099999999,1697557.64403000,14394,365506.80000000,816094.51571000,0
1762343100000000,2.23580000,2.24340000,2.23290000,2.23670000,1101729.20000000,1762343999999999,2466337.03139000,12963,470031.20000000,1052301.01626000,0
1762344000000000,2.23670000,2.23760000,2.23060000,2.23520000,1211482.10000000,1762344899999999,2706451.52154000,13111,486779.10000000,1087219.40935000,0
1762344900000000,2.23520000,2.25340000,2.23340000,2.24560000,1755742.00000000,1762345799999999,3940773.36860000,20274,927138.60000000,2080803.33359000,0
1762345800000000,2.24550000,2.24890000,2.23740000,2.24890000,1048129.70000000,1762346699999999,2349747.97539000,13838,515523.20000000,1155704.09580000,0
1762346700000000,2.24890000,2.24890000,2.23960000,2.24890000,991867.50000000,1762347599999999,2226021.52185000,14245,586055.00000000,1315291.57774000,0
1762347600000000,2.24880000,2.25180000,2.24130000,2.24410000,985647.00000000,1762348499999999,2215311.77956000,12231,456946.40000000,1026919.72466000,0
1762348500000000,2.24410000,2.25160000,2.24030000,2.25030000,1126011.40000000,1762349399999999,2528021.18128000,18610,499691.80000000,1121634.98059000,0
1762349400000000,2.25020000,2.26000000,2.24330000,2.25840000,1401723.90000000,1762350299999999,3159503.33622000,22648,766656.90000000,1728311.88312000,0
1762350300000000,2.25840000,2.28790000,2.25420000,2.26320000,7256417.20000000,1762351199999999,16463524.57988000,45643,3524174.40000000,8000557.18610000,0
1762351200000000,2.26310000,2.28500000,2.26030000,2.27040000,5219400.50000000,1762352099999999,11869206.58953000,49482,2732584.70000000,6213485.25463000,0
1762352100000000,2.27040000,2.27510000,2.26220000,2.26280000,2474777.10000000,1762352999999999,5613120.36861000,27236,1325196.40000000,3006225.14568000,0
1762353000000000,2.26270000,2.26660000,2.24130000,2.25630000,3983844.10000000,1762353899999999,8974778.52192000,49139,1653406.50000000,3725959.63027000,0
1762353900000000,2.25620000,2.27410000,2.25360000,2.26120000,3180731.50000000,1762354799999999,7204673.88899000,38496,1807556.50000000,4094702.56728000,0
1762354800000000,2.26130000,2.26720000,2.25130000,2.25590000,2016235.90000000,1762355699999999,4555475.33371000,35198,1034012.20000000,2336166.32896000,0
1762355700000000,2.25580000,2.26500000,2.25040000,2.26110000,1774741.70000000,1762356599999999,4006398.58539000,26715,945031.70000000,2132899.16316000,0
1762356600000000,2.26110000,2.27510000,2.25810000,2.26990000,3374399.70000000,1762357499999999,7657258.85316000,33733,1502173.70000000,3407744.81912000,0
1762357500000000,2.26990000,2.27660000,2.26790000,2.27640000,2504642.50000000,1762358399999999,5691308.50319000,29585,997405.90000000,2266359.38287000,0
1762358400000000,2.27640000,2.27860000,2.25610000,2.25730000,2078193.60000000,1762359299999999,4712060.30246000,28721,925973.40000000,2099333.82451000,0
1762359300000000,2.25730000,2.26550000,2.25390000,2.26510000,2513123.40000000,1762360199999999,5675569.06665000,22211,889759.30000000,2009631.97693000,0
1762360200000000,2.26520000,2.27680000,2.26360000,2.27110000,2892548.00000000,1762361099999999,6567420.14509000,23667,1263100.80000000,2867900.89364000,0
1762361100000000,2.27100000,2.28990000,2.27100000,2.28550000,2310863.80000000,1762361999999999,5272344.64294000,24839,1124450.00000000,2565658.73048000,0
1762362000000000,2.28560000,2.28560000,2.26680000,2.26850000,1940819.40000000,1762362899999999,4415442.65855000,20557,604263.20000000,1374217.33349000,0
1762362900000000,2.26850000,2.28180000,2.26730000,2.27760000,1351535.80000000,1762363799999999,3077948.23102000,17898,661627.60000000,1506695.53907000,0
1762363800000000,2.27760000,2.28170000,2.27280000,2.27660000,942085.20000000,1762364699999999,2145871.52646000,17887,396054.60000000,902054.12264000,0
1762364700000000,2.27660000,2.28980000,2.27090000,2.28570000,2035586.60000000,1762365599999999,4642693.99633000,16023,1293836.40000000,2951242.58762000,0
1762365600000000,2.28570000,2.28730000,2.27760000,2.27900000,985926.50000000,1762366499999999,2249899.86004000,15077,387586.30000000,884590.50968000,0
1762366500000000,2.27900000,2.28650000,2.27760000,2.28500000,1450934.00000000,1762367399999999,3312592.46936000,15237,814084.00000000,1858670.17439000,0
1762367400000000,2.28500000,2.29200000,2.27990000,2.29020000,1849344.90000000,1762368299999999,4229136.27129000,18122,1012978.40000000,2316986.71076000,0
1762368300000000,2.29020000,2.30960000,2.28680000,2.30460000,3503611.60000000,1762369199999999,8059710.62118000,30705,2123429.90000000,4885332.08197000,0
1762369200000000,2.30470000,2.30700000,2.29300000,2.29800000,1286839.90000000,1762370099999999,2959515.91448000,15510,678636.80000000,1560531.17665000,0
1762370100000000,2.29790000,2.32000000,2.29690000,2.31150000,2882407.60000000,1762370999999999,6652001.53582000,24483,1650450.40000000,3808847.47129000,0
1762371000000000,2.31150000,2.32060000,2.31100000,2.31810000,2099881.70000000,1762371899999999,4863190.92359000,18795,972238.20000000,2251518.15739000,0
1762371900000000,2.31810000,2.32640000,2.30690000,2.32250000,2537408.10000000,1762372799999999,5884902.96257000,24115,1306811.00000000,3030603.45197000,0
1762372800000000,2.32240000,2.34710000,2.31760000,2.34420000,3671191.40000000,1762373699999999,8568882.68116000,31197,2272198.30000000,5304076.72193000,0
1762373700000000,2.34410000,2.36310000,2.34210000,2.34390000,4369811.00000000,1762374599999999,10277302.73915000,40667,2500650.80000000,5879266.46690000,0
1762374600000000,2.34380000,2.36340000,2.33510000,2.35660000,3738861.90000000,1762375499999999,8791796.80165000,46071,1715523.80000000,4035419.46393000,0
1762375500000000,2.35650000,2.37660000,2.34750000,2.36000000,4193245.80000000,1762376399999999,9919441.38789000,54492,1993732.40000000,4717214.39518000,0
1762376400000000,2.36010000,2.36100000,2.34330000,2.34960000,3089794.40000000,1762377299999999,7257222.47488000,38909,1088513.50000000,2556367.74407000,0
1762377300000000,2.34960000,2.37080000,2.34700000,2.35560000,2163169.00000000,1762378199999999,5101010.16242000,28278,842553.70000000,1987202.55628000,0
1762378200000000,2.35550000,2.35550000,2.33820000,2.33930000,1924891.70000000,1762379099999999,4512183.59953000,30204,865686.10000000,2028900.80277000,0
1762379100000000,2.33920000,2.35190000,2.33880000,2.34010000,992962.40000000,1762379999999999,2327209.56320000,17562,467191.90000000,1095206.19358000,0
1762380000000000,2.34000000,2.34410000,2.33080000,2.33530000,1252135.90000000,1762380899999999,2925057.15278000,15886,485150.80000000,1133668.16300000,0
1762380900000000,2.33530000,2.35460000,2.33460000,2.34870000,831403.90000000,1762381799999999,1949358.20853000,13769,388902.60000000,911897.06250000,0
1762381800000000,2.34860000,2.35570000,2.33460000,2.34230000,998427.00000000,1762382699999999,2340659.48244000,13032,505693.40000000,1185450.41981000,0
1762382700000000,2.34230000,2.36090000,2.34230000,2.35290000,710199.90000000,1762383599999999,1672146.34089000,12826,388711.10000000,915096.52063000,0
1762383600000000,2.35290000,2.35890000,2.34460000,2.34980000,988380.80000000,1762384499999999,2322866.49339000,20569,451790.20000000,1061699.81488000,0
1762384500000000,2.34990000,2.35730000,2.34570000,2.34940000,1688283.70000000,1762385399999999,3969386.52225000,24373,789348.30000000,1855827.88513000,0
1762385400000000,2.34930000,2.35190000,2.34360000,2.34910000,1033330.80000000,1762386299999999,2425398.69654000,17064,601681.20000000,1412028.54057000,0
1762386300000000,2.34910000,2.35400000,2.34200000,2.34320000,889255.20000000,1762387199999999,2087594.92839000,14174,479515.20000000,1125847.61620000,0
1762387200000000,2.34320000,2.35420000,2.33400000,2.35050000,1830308.30000000,1762388099999999,4284075.90426000,20974,795976.10000000,1864048.29787000,0
1762388100000000,2.35040000,2.35100000,2.33660000,2.34860000,969646.30000000,1762388999999999,2271085.65906000,20197,401851.50000000,941162.81743000,0
1762389000000000,2.34870000,2.35190000,2.34120000,2.34360000,1320834.20000000,1762389899999999,3100169.41091000,25384,697023.80000000,1636129.65489000,0
1762389900000000,2.34360000,2.34960000,2.33710000,2.34540000,641825.50000000,1762390799999999,1503523.33789000,17118,304716.90000000,713912.87928000,0
1762390800000000,2.34530000,2.34530000,2.32470000,2.33140000,1312553.20000000,1762391699999999,3059537.20709000,18960,459710.70000000,1071931.92510000,0
1762391700000000,2.33150000,2.33330000,2.30930000,2.31550000,2260447.40000000,1762392599999999,5241536.53122000,28649,712603.20000000,1652192.67046000,0
1762392600000000,2.31550000,2.34440000,2.31550000,2.33520000,1835657.50000000,1762393499999999,4285136.99918000,26942,855685.40000000,1996029.50367000,0
1762393500000000,2.33520000,2.34450000,2.33200000,2.33990000,1313776.30000000,1762394399999999,3072386.00694000,18715,535785.90000000,1253177.41687000,0
1762394400000000,2.33980000,2.34210000,2.32210000,2.32450000,1582641.90000000,1762395299999999,3689577.68157000,18896,595622.50000000,1389253.06567000,0
1762395300000000,2.32460000,2.33580000,2.32460000,2.33270000,755893.50000000,1762396199999999,1761964.95623000,14949,330072.00000000,769183.27312000,0
1762396200000000,2.33280000,2.37910000,2.33270000,2.37410000,3436294.60000000,1762397099999999,8108614.79823000,31293,1941955.20000000,4581608.63243000,0
1762397100000000,2.37410000,2.41600000,2.37070000,2.38650000,7339852.50000000,1762397999999999,17540897.74256000,82791,3813519.50000000,9114003.01308000,0
1762398000000000,2.38660000,2.39050000,2.36100000,2.36380000,3586158.70000000,1762398899999999,8509443.04521000,38048,1816217.70000000,4310106.77883000,0
1762398900000000,2.36370000,2.37860000,2.35330000,2.35520000,2200690.80000000,1762399799999999,5205606.20368000,27030,1120382.30000000,2651525.07368000,0
1762399800000000,2.35510000,2.36440000,2.35480000,2.35910000,1125162.40000000,1762400699999999,2655294.52634000,16788,638245.30000000,1506052.48278000,0
1762400700000000,2.35900000,2.36590000,2.35660000,2.35880000,1294626.80000000,1762401599999999,3056888.66434000,15109,782397.50000000,1847441.99167000,0
1762401600000000,2.35880000,2.36300000,2.34830000,2.35460000,1416542.60000000,1762402499999999,3334497.09725000,17247,696941.30000000,1641161.32964000,0
1762402500000000,2.35450000,2.35600000,2.34640000,2.34840000,1100907.50000000,1762403399999999,2587066.89234000,13056,604937.40000000,1421605.61248000,0
1762403400000000,2.34850000,2.35470000,2.34620000,2.35470000,1324682.30000000,1762404299999999,3112054.74744000,10976,683801.90000000,1606615.05861000,0
1762404300000000,2.35460000,2.36470000,2.35360000,2.36310000,1319054.50000000,1762405199999999,3113446.20735000,14930,774501.60000000,1828020.55091000,0
1762405200000000,2.36310000,2.36320000,2.33810000,2.33970000,1295039.20000000,1762406099999999,3042412.54616000,14341,571964.70000000,1343353.01419000,0
1762406100000000,2.33970000,2.34070000,2.33210000,2.33640000,1094528.80000000,1762406999999999,2557969.86108000,17586,593745.90000000,1387659.01861000,0
1762407000000000,2.33640000,2.33840000,2.32890000,2.33440000,1113892.10000000,1762407899999999,2598386.18424000,13474,487615.10000000,1137505.17385000,0
1762407900000000,2.33430000,2.33540000,2.32720000,2.32990000,852964.50000000,1762408799999999,1987562.58172000,12844,273672.80000000,637755.33015000,0
1762408800000000,2.32980000,2.33770000,2.32450000,2.33170000,822902.90000000,1762409699999999,1919058.91292000,13233,439876.80000000,1025734.16391000,0
1762409700000000,2.33170000,2.33750000,2.32550000,2.32930000,1317485.40000000,1762410599999999,3070455.35221000,15872,707160.70000000,1648205.77050000,0
1762410600000000,2.32940000,2.33240000,2.32010000,2.32570000,997402.10000000,1762411499999999,2319257.65733000,17346,405852.30000000,943470.80483000,0
1762411500000000,2.32570000,2.32640000,2.31820000,2.31910000,741839.00000000,1762412399999999,1722659.89306000,14643,280807.10000000,651919.99465000,0
1762412400000000,2.31920000,2.32940000,2.31860000,2.32360000,938372.70000000,1762413299999999,2181192.91878000,12525,529731.00000000,1231711.19142000,0
1762413300000000,2.32350000,2.33260000,2.31170000,2.32910000,1876978.60000000,1762414199999999,4359302.71095000,21744,861065.80000000,2000417.72190000,0
1762414200000000,2.32900000,2.33190000,2.31940000,2.32370000,939597.30000000,1762415099999999,2184886.30278000,18923,592706.60000000,1378303.83566000,0
1762415100000000,2.32370000,2.32940000,2.32220000,2.32620000,617908.50000000,1762415999999999,1437530.56167000,9795,318844.20000000,741690.17407000,0
1762416000000000,2.32610000,2.33000000,2.31950000,2.32740000,635904.20000000,1762416899999999,1478349.34405000,11543,292244.70000000,679580.23690000,0
1762416900000000,2.32740000,2.33360000,2.32430000,2.32590000,784288.90000000,1762417799999999,1826046.91403000,11469,450641.30000000,1049343.40785000,0
1762417800000000,2.32600000,2.32760000,2.32100000,2.32100000,924708.60000000,1762418699999999,2149776.22280000,10532,417128.00000000,969876.21354000,0
1762418700000000,2.32100000,2.32400000,2.31510000,2.32260000,679096.50000000,1762419599999999,1575249.19110000,11516,379369.40000000,880122.99585000,0
1762419600000000,2.32270000,2.32600000,2.30090000,2.31470000,3038282.90000000,1762420499999999,7012790.61199000,23414,1490826.50000000,3439266.15621000,0
1762420500000000,2.31460000,2.31660000,2.30740000,2.30800000,1131180.90000000,1762421399999999,2615546.05654000,14528,499424.80000000,1154900.79964000,0
1762421400000000,2.30790000,2.31460000,2.30760000,2.30990000,1911404.90000000,1762422299999999,4417378.17591000,16634,898223.00000000,2076311.68670000,0
1762422300000000,2.31000000,2.31160000,2.30410000,2.30610000,1191673.60000000,1762423199999999,2750426.89739000,13180,371156.00000000,856588.78364000,0
1762423200000000,2.30610000,2.31060000,2.30000000,2.30020000,2112538.40000000,1762424099999999,4867523.52780000,17680,617122.90000000,1422061.91463000,0
1762424100000000,2.30020000,2.31280000,2.29600000,2.30850000,1303253.70000000,1762424999999999,3003764.35257000,20353,739202.50000000,1704540.37505000,0
1762425000000000,2.30840000,2.31740000,2.30380000,2.30710000,883867.00000000,1762425899999999,2041279.83916000,20150,486358.00000000,1123444.43931000,0
1762425900000000,2.30700000,2.31050000,2.30260000,2.30620000,892754.10000000,1762426799999999,2058807.40156000,12853,335747.50000000,774252.33783000,0
1762426800000000,2.30610000,2.30830000,2.29000000,2.29360000,2900627.20000000,1762427699999999,6662136.30173000,21000,1165888.60000000,2678067.54078000,0
1762427700000000,2.29350000,2.29930000,2.29100000,2.29750000,1090871.20000000,1762428599999999,2503990.71843000,11102,587677.80000000,1348749.80277000,0
1762428600000000,2.29750000,2.30210000,2.28770000,2.29530000,1902500.30000000,1762429499999999,4366649.66665000,14302,991225.10000000,2276236.66991000,0
1762429500000000,2.29520000,2.30060000,2.29490000,2.30050000,1202631.60000000,1762430399999999,2764017.91869000,10757,640463.00000000,1472083.98359000,0
1762430400000000,2.30060000,2.30280000,2.29500000,2.29830000,1451370.90000000,1762431299999999,3335735.65117000,14411,774234.10000000,1779375.73620000,0
1762431300000000,2.29830000,2.29870000,2.28690000,2.28840000,1020444.80000000,1762432199999999,2338800.27999000,15007,488275.40000000,1118964.01659000,0
1762432200000000,2.28840000,2.29420000,2.27710000,2.27800000,1859733.00000000,1762433099999999,4250800.86751000,18942,737600.40000000,1686036.18467000,0
1762433100000000,2.27810000,2.28390000,2.27700000,2.28020000,2230860.80000000,1762433999999999,5086379.89906000,18733,1302446.40000000,2969349.74351000,0
1762434000000000,2.28020000,2.29350000,2.27820000,2.29170000,1745746.50000000,1762434899999999,3989544.15683000,19889,992815.90000000,2268646.03306000,0
1762434900000000,2.29170000,2.30950000,2.29160000,2.30360000,3149992.90000000,1762435799999999,7248392.72970000,31948,1412382.50000000,3252305.42748000,0
1762435800000000,2.30370000,2.30560000,2.29670000,2.30500000,1132408.20000000,1762436699999999,2604769.43859000,17730,545731.30000000,1255264.69772000,0
1762436700000000,2.30500000,2.31040000,2.30140000,2.30240000,903077.50000000,1762437599999999,2082620.07162000,15113,509022.50000000,1173890.81191000,0
1762437600000000,2.30240000,2.30690000,2.28330000,2.29060000,1454242.50000000,1762438499999999,3333558.97099000,19329,688396.10000000,1578354.88571000,0
1762438500000000,2.29050000,2.29200000,2.28110000,2.28470000,953367.30000000,1762439399999999,2179230.17158000,16669,504713.80000000,1153813.31073000,0
1762439400000000,2.28480000,2.28510000,2.26630000,2.27260000,2560359.70000000,1762440299999999,5826221.02739000,40890,1473446.80000000,3353184.12644000,0
1762440300000000,2.27260000,2.28330000,2.25650000,2.25880000,2492417.50000000,1762441199999999,5648695.59969000,35079,1241274.50000000,2813219.59289000,0
1762441200000000,2.25880000,2.26350000,2.25210000,2.25840000,3240775.80000000,1762442099999999,7318403.38832000,44105,1731036.00000000,3909645.03748000,0
1762442100000000,2.25840000,2.27130000,2.25400000,2.25430000,3353000.90000000,1762442999999999,7587034.44995000,38786,1496055.60000000,3385356.47561000,0
1762443000000000,2.25430000,2.25530000,2.22790000,2.22990000,3683508.90000000,1762443899999999,8252831.91127000,45769,1553749.40000000,3481002.79841000,0
1762443900000000,2.23000000,2.24130000,2.22790000,2.23430000,3196943.80000000,1762444799999999,7142441.42884000,37901,1666621.90000000,3723691.25947000,0
1762444800000000,2.23430000,2.24970000,2.23350000,2.23620000,2117761.60000000,1762445699999999,4742311.41206000,30573,1266403.50000000,2836006.95880000,0
1762445700000000,2.23610000,2.24030000,2.23220000,2.23970000,1382544.00000000,1762446599999999,3092232.57826000,22136,543353.70000000,1215318.31759000,0
1762446600000000,2.23960000,2.23980000,2.20960000,2.21780000,3056272.10000000,1762447499999999,6794788.86360000,31154,1040363.20000000,2314432.64775000,0
1762447500000000,2.21780000,2.23380000,2.21410000,2.22830000,3145314.30000000,1762448399999999,6993739.00284000,37906,1404074.90000000,3122248.19012000,0
1762448400000000,2.22840000,2.23940000,2.21740000,2.22400000,4248935.00000000,1762449299999999,9464145.29694000,38789,2019833.80000000,4497922.52955000,0
1762449300000000,2.22400000,2.23270000,2.21490000,2.23040000,3410394.90000000,1762450199999999,7587162.47447000,34610,1825168.10000000,4060912.31842000,0
1762450200000000,2.23040000,2.24050000,2.22560000,2.23230000,2732268.20000000,1762451099999999,6103341.29915000,31209,1464249.50000000,3269836.01530000,0
1762451100000000,2.23220000,2.25090000,2.23220000,2.24000000,3784131.60000000,1762451999999999,8489767.66650000,26977,2384755.30000000,5350775.37783000,0
1762452000000000,2.24000000,2.24370000,2.22150000,2.22790000,3266936.90000000,1762452899999999,7285198.71746000,22151,938547.90000000,2093665.11505000,0
1762452900000000,2.22790000,2.22830000,2.21060000,2.21980000,2852739.20000000,1762453799999999,6324887.66979000,23674,1268127.00000000,2811461.34711000,0
1762453800000000,2.21980000,2.24030000,2.21890000,2.23510000,1600729.80000000,1762454699999999,3574266.35144000,21470,850891.60000000,1899251.62210000,0
1762454700000000,2.23500000,2.24490000,2.22870000,2.23120000,972967.30000000,1762455599999999,2176435.98141000,20161,513113.80000000,1148004.07916000,0
1762455600000000,2.23120000,2.23250000,2.22290000,2.22940000,928377.60000000,1762456499999999,2068014.25295000,16199,549443.00000000,1223890.53728000,0
1762456500000000,2.22940000,2.23250000,2.22170000,2.22230000,911575.50000000,1762457399999999,2028926.92550000,13008,403029.00000000,897146.39033000,0
1762457400000000,2.22220000,2.22260000,2.20300000,2.21140000,1909898.70000000,1762458299999999,4226667.35735000,21261,909331.80000000,2012249.65095000,0
1762458300000000,2.21140000,2.21660000,2.20360000,2.21160000,846527.80000000,1762459199999999,1871274.18390000,16428,487813.80000000,1078445.60557000,0
1762459200000000,2.21160000,2.22310000,2.21160000,2.21330000,788782.50000000,1762460099999999,1748561.03068000,17454,366908.00000000,813300.11761000,0
1762460100000000,2.21330000,2.22520000,2.21070000,2.21130000,688005.60000000,1762460999999999,1525923.46340000,13159,372349.10000000,825885.95283000,0
1762461000000000,2.21140000,2.21230000,2.18880000,2.19110000,3113990.50000000,1762461899999999,6854298.95097000,27279,1295215.80000000,2850941.67581000,0
1762461900000000,2.19120000,2.20150000,2.17960000,2.19540000,4398058.00000000,1762462799999999,9628798.87025000,51022,2160805.40000000,4731205.78324000,0
1762462800000000,2.19550000,2.20000000,2.17990000,2.19660000,2389253.80000000,1762463699999999,5238576.94318000,37206,1275462.90000000,2795761.86772000,0
1762463700000000,2.19650000,2.20920000,2.19530000,2.20170000,1921594.10000000,1762464599999999,4232734.22322000,25743,1064658.60000000,2344900.14607000,0
1762464600000000,2.20170000,2.21760000,2.20030000,2.21410000,4609989.20000000,1762465499999999,10192950.76064000,23073,3452309.20000000,7633557.58755000,0
1762465500000000,2.21410000,2.21890000,2.20640000,2.21550000,1168657.70000000,1762466399999999,2587404.36846000,19364,727009.50000000,1609590.12090000,0
1762466400000000,2.21550000,2.22360000,2.21270000,2.21840000,1913773.60000000,1762467299999999,4247677.74583000,17166,1172884.00000000,2602983.70697000,0
1762467300000000,2.21850000,2.22400000,2.21450000,2.21710000,1364888.60000000,1762468199999999,3030729.32381000,15258,725993.40000000,1611761.03816000,0
1762468200000000,2.21710000,2.22110000,2.20760000,2.21360000,922035.80000000,1762469099999999,2040950.34203000,9851,519419.80000000,1149718.30159000,0
1762469100000000,2.21360000,2.22230000,2.20730000,2.21920000,1114671.80000000,1762469999999999,2470292.45499000,10247,691344.00000000,1531849.08639000,0
1762470000000000,2.21910000,2.21910000,2.20380000,2.20820000,995508.50000000,1762470899999999,2201115.03476000,17030,554005.60000000,1224682.82313000,0
1762470900000000,2.20820000,2.21000000,2.19920000,2.20580000,1180351.20000000,1762471799999999,2601736.42867000,15747,553898.30000000,1220947.50944000,0
1762471800000000,2.20590000,2.20790000,2.19850000,2.20790000,699697.90000000,1762472699999999,1541281.52579000,12293,412169.90000000,908038.72405000,0
1762472700000000,2.20790000,2.21410000,2.20780000,2.21300000,697376.50000000,1762473599999999,1542128.26375000,10261,436592.70000000,965418.54244000,0
1762473600000000,2.21300000,2.22060000,2.20990000,2.21490000,2068661.10000000,1762474499999999,4584108.34786000,26423,1169640.90000000,2591746.80839000,0
1762474500000000,2.21490000,2.22140000,2.20420000,2.20730000,1095474.30000000,1762475399999999,2422680.27919000,24033,602324.30000000,1332139.40722000,0
1762475400000000,2.20730000,2.22370000,2.20520000,2.22370000,941975.80000000,1762476299999999,2088930.42699000,19989,460694.10000000,1021578.20579000,0
1762476300000000,2.22360000,2.22770000,2.21390000,2.22030000,1585289.90000000,1762477199999999,3521362.77707000,19919,778844.50000000,1729693.60528000,0
1762477200000000,2.22030000,2.22550000,2.20460000,2.21430000,1480258.00000000,1762478099999999,3279022.73932000,25757,814995.20000000,1804904.79530000,0
1762478100000000,2.21440000,2.22570000,2.21120000,2.21650000,1299104.50000000,1762478999999999,2883705.38323000,23454,610566.10000000,1355667.79895000,0
1762479000000000,2.21650000,2.21650000,2.19200000,2.20030000,2430681.70000000,1762479899999999,5349699.20154000,34337,1181531.60000000,2600515.87290000,0
1762479900000000,2.20020000,2.21950000,2.19400000,2.21880000,1144716.00000000,1762480799999999,2522468.20728000,22639,653440.50000000,1440108.30207000,0
1762480800000000,2.21870000,2.22160000,2.21120000,2.21250000,746342.30000000,1762481699999999,1653680.08540000,21285,373226.10000000,826880.64534000,0
1762481700000000,2.21240000,2.21680000,2.20300000,2.20670000,1273348.00000000,1762482599999999,2811875.65607000,19214,640890.40000000,1415654.63767000,0
1762482600000000,2.20670000,2.21860000,2.20610000,2.21590000,681303.60000000,1762483499999999,1508699.13857000,16214,370900.10000000,821304.66754000,0
1762483500000000,2.21600000,2.22300000,2.21330000,2.22230000,978297.30000000,1762484399999999,2171127.01791000,13936,541268.10000000,1201298.46106000,0
1762484400000000,2.22240000,2.23710000,2.22030000,2.23700000,2241997.10000000,1762485299999999,5001299.40839000,21512,1311959.80000000,2926586.24691000,0
1762485300000000,2.23700000,2.23700000,2.22880000,2.23490000,1329886.60000000,1762486199999999,2968127.90867000,15372,592043.80000000,1321510.11468000,0
1762486200000000,2.23480000,2.23480000,2.22560000,2.22780000,1573660.20000000,1762487099999999,3510491.11978000,12493,528799.60000000,1179849.82471000,0
1762487100000000,2.22770000,2.23090000,2.22340000,2.22910000,889267.00000000,1762487999999999,1979102.38952000,10250,329325.60000000,732997.53884000,0
1762488000000000,2.22920000,2.23050000,2.21520000,2.21540000,871904.60000000,1762488899999999,1937803.53593000,15921,385407.50000000,856504.36023000,0
1762488900000000,2.21540000,2.22770000,2.21540000,2.22460000,607766.30000000,1762489799999999,1350801.56171000,9353,358439.80000000,796529.39821000,0
1762489800000000,2.22460000,2.22470000,2.21160000,2.21650000,771243.30000000,1762490699999999,1709835.71030000,11357,360856.40000000,799913.39558000,0
1762490700000000,2.21640000,2.22430000,2.21420000,2.22160000,466032.20000000,1762491599999999,1033660.22638000,11019,244472.00000000,542152.74637000,0
1762491600000000,2.22150000,2.23770000,2.21990000,2.23330000,1106000.50000000,1762492499999999,2466873.75613000,17121,524091.40000000,1168836.43169000,0
1762492500000000,2.23330000,2.23540000,2.22680000,2.22990000,610714.10000000,1762493399999999,1362382.27396000,12850,255107.50000000,569206.97054000,0
1762493400000000,2.23000000,2.23240000,2.22680000,2.22970000,677230.40000000,1762494299999999,1510090.60022000,11206,270206.10000000,602456.79983000,0
1762494300000000,2.22960000,2.23810000,2.22610000,2.23640000,819026.60000000,1762495199999999,1828013.69144000,14782,448041.40000000,1000048.81408000,0
1762495200000000,2.23650000,2.23790000,2.23110000,2.23450000,920907.30000000,1762496099999999,2057695.23306000,11215,536307.40000000,1198412.26255000,0
1762496100000000,2.23440000,2.23970000,2.23300000,2.23590000,795584.60000000,1762496999999999,1779542.74932000,11159,471884.10000000,1055507.29384000,0
1762497000000000,2.23580000,2.23590000,2.22650000,2.22720000,1025825.90000000,1762497899999999,2286471.54791000,12538,462155.00000000,1029939.33847000,0
1762497900000000,2.22710000,2.22790000,2.22220000,2.22230000,1149961.70000000,1762498799999999,2558709.02560000,11187,414339.20000000,922026.95494000,0
1762498800000000,2.22220000,2.22740000,2.22200000,2.22600000,767063.90000000,1762499699999999,1706937.40117000,11742,333925.20000000,743084.31095000,0
1762499700000000,2.22600000,2.23170000,2.21880000,2.22320000,1039237.90000000,1762500599999999,2312388.88804000,13474,547954.10000000,1219202.75382000,0
1762500600000000,2.22330000,2.22460000,2.21710000,2.22230000,997445.20000000,1762501499999999,2215575.58598000,12389,571205.30000000,1268980.15478000,0
1762501500000000,2.22230000,2.23420000,2.22230000,2.23350000,856634.40000000,1762502399999999,1909844.81406000,12343,500080.70000000,1114688.01087000,0
1762502400000000,2.23350000,2.23450000,2.22960000,2.23230000,595640.80000000,1762503299999999,1329419.77965000,9221,200049.00000000,446575.47803000,0
1762503300000000,2.23230000,2.23420000,2.22200000,2.22530000,816150.00000000,1762504199999999,1817814.76664000,12484,334368.10000000,744528.83146000,0
1762504200000000,2.22530000,2.22730000,2.21900000,2.22240000,816913.50000000,1762505099999999,1815504.46058000,11545,383318.90000000,851863.08260000,0
1762505100000000,2.22230000,2.22230000,2.21780000,2.21890000,703556.10000000,1762505999999999,1561228.43199000,8983,348588.70000000,773530.00349000,0
1762506000000000,2.21890000,2.21960000,2.20730000,2.21360000,1130774.00000000,1762506899999999,2502057.58056000,12844,460519.50000000,1019311.47673000,0
1762506900000000,2.21360000,2.21970000,2.19880000,2.19950000,1314287.50000000,1762507799999999,2900240.61173000,17186,543681.80000000,1199575.43431000,0
1762507800000000,2.19950000,2.20600000,2.19210000,2.19690000,1155391.70000000,1762508699999999,2540182.03886000,19300,531028.80000000,1167504.74154000,0
1762508700000000,2.19700000,2.20320000,2.19570000,2.20100000,876823.20000000,1762509599999999,1928942.47813000,13606,432667.10000000,951740.28330000,0
1762509600000000,2.20090000,2.21120000,2.19670000,2.20140000,1118215.30000000,1762510499999999,2466056.78621000,14842,674824.20000000,1488396.19916000,0
1762510500000000,2.20150000,2.20210000,2.18620000,2.19080000,1785639.40000000,1762511399999999,3915411.75540000,20851,703479.90000000,1542436.35677000,0
1762511400000000,2.19080000,2.19710000,2.18980000,2.19700000,969713.20000000,1762512299999999,2125784.77134000,11393,496105.90000000,1087585.71981000,0
1762512300000000,2.19710000,2.19770000,2.17710000,2.18500000,1659036.90000000,1762513199999999,3627401.84403000,16953,707632.10000000,1546228.05411000,0
1762513200000000,2.18500000,2.18500000,2.16820000,2.16850000,2892765.00000000,1762514099999999,6295352.73228000,35583,1095982.50000000,2386112.92474000,0
1762514100000000,2.16860000,2.18320000,2.16350000,2.17460000,3689535.30000000,1762514999999999,8013793.07705000,50041,1785446.90000000,3878324.77060000,0
1762515000000000,2.17460000,2.18570000,2.17170000,2.18180000,1638812.50000000,1762515899999999,3571993.59359000,25723,895142.60000000,1951482.91146000,0
1762515900000000,2.18180000,2.19450000,2.17830000,2.18790000,2157544.30000000,1762516799999999,4716649.99828000,24788,947016.00000000,2071490.43828000,0
1762516800000000,2.18790000,2.19760000,2.18360000,2.18440000,2226498.80000000,1762517699999999,4877670.21618000,24979,1075260.10000000,2355345.34626000,0
1762517700000000,2.18450000,2.18480000,2.16610000,2.16900000,1570140.70000000,1762518599999999,3413671.59512000,21158,649487.60000000,1411379.48460000,0
1762518600000000,2.16890000,2.17110000,2.15700000,2.16760000,2276547.40000000,1762519499999999,4926896.00214000,33862,1001316.90000000,2167003.48812000,0
1762519500000000,2.16750000,2.17120000,2.15360000,2.16870000,2194813.60000000,1762520399999999,4744910.76235000,28377,1205631.40000000,2607560.03062000,0
1762520400000000,2.16860000,2.18140000,2.15850000,2.17480000,1877450.60000000,1762521299999999,4072639.61139000,26901,913470.60000000,1982132.14821000,0
1762521300000000,2.17480000,2.19790000,2.17240000,2.18220000,2575586.70000000,1762522199999999,5630628.15972000,27977,1344543.90000000,2939397.67335000,0
1762522200000000,2.18200000,2.19090000,2.17850000,2.18240000,1279660.10000000,1762523099999999,2796072.56551000,21357,588264.90000000,1285356.84668000,0
1762523100000000,2.18240000,2.19380000,2.18150000,2.18670000,1037839.50000000,1762523999999999,2272171.11850000,14987,467046.90000000,1022432.23196000,0
1762524000000000,2.18660000,2.19640000,2.17980000,2.19020000,1163113.60000000,1762524899999999,2545117.75375000,16870,573004.70000000,1253891.04033000,0
1762524900000000,2.19030000,2.19080000,2.17930000,2.18670000,1164663.20000000,1762525799999999,2543985.21678000,17675,581601.60000000,1270504.37017000,0
1762525800000000,2.18680000,2.20000000,2.15680000,2.20000000,3550804.20000000,1762526699999999,7724447.52281000,44626,1899391.50000000,4132335.80025000,0
1762526700000000,2.20000000,2.21500000,2.19070000,2.20550000,3009209.10000000,1762527599999999,6629076.99223000,56336,1700357.10000000,3745708.26310000,0
1762527600000000,2.20560000,2.21690000,2.18860000,2.20950000,3840109.00000000,1762528499999999,8463492.81764000,49664,2134539.00000000,4705790.57603000,0
1762528500000000,2.20950000,2.21540000,2.19650000,2.20770000,2235760.80000000,1762529399999999,4931470.82306000,35066,1184926.90000000,2613122.18021000,0
1762529400000000,2.20770000,2.20940000,2.19610000,2.20720000,2412416.30000000,1762530299999999,5313933.65780000,26958,1293377.20000000,2848246.38558000,0
1762530300000000,2.20720000,2.22080000,2.20420000,2.21290000,2006954.80000000,1762531199999999,4442717.77355000,26097,884390.60000000,1957972.96221000,0
1762531200000000,2.21290000,2.21820000,2.20120000,2.20550000,2356419.10000000,1762532099999999,5203076.32163000,27761,985927.40000000,2176713.05143000,0
1762532100000000,2.20560000,2.24780000,2.20480000,2.24400000,2791148.90000000,1762532999999999,6225953.19748000,32372,1577702.10000000,3519372.32844000,0
1762533000000000,2.24400000,2.24950000,2.23000000,2.24830000,2966255.20000000,1762533899999999,6646919.93306000,38951,1250871.10000000,2802915.81709000,0
1762533900000000,2.24820000,2.27750000,2.24510000,2.26390000,7606578.10000000,1762534799999999,17216820.64114000,61301,3517651.20000000,7958287.30229000,0
1762534800000000,2.26390000,2.27660000,2.25070000,2.27340000,2996542.50000000,1762535699999999,6776878.47191000,37822,1445535.40000000,3270012.11821000,0
1762535700000000,2.27330000,2.31930000,2.27230000,2.31880000,6816758.80000000,1762536599999999,15639023.67877000,61811,3564969.40000000,8179259.89338000,0
1762536600000000,2.31870000,2.33930000,2.30880000,2.32120000,5957938.00000000,1762537499999999,13845268.34472000,77337,2980129.90000000,6927527.58359000,0
1762537500000000,2.32120000,2.32180000,2.29210000,2.30950000,5243908.00000000,1762538399999999,12078519.34954000,56450,3012208.10000000,6936642.39066000,0
1762538400000000,2.30960000,2.32580000,2.30030000,2.31940000,2562853.80000000,1762539299999999,5927989.79522000,41369,1380630.70000000,3193150.84160000,0
1762539300000000,2.31930000,2.33460000,2.31360000,2.33330000,3632095.90000000,1762540199999999,8450344.51621000,33060,2059405.30000000,4792977.25943000,0
1762540200000000,2.33320000,2.34990000,2.32630000,2.33720000,4432787.30000000,1762541099999999,10364172.38674000,40614,3019744.40000000,7061370.62917000,0
1762541100000000,2.33730000,2.34030000,2.32680000,2.33650000,1664626.20000000,1762541999999999,3885052.97019000,28596,614231.70000000,1433608.40364000,0
1762542000000000,2.33660000,2.34770000,2.32400000,2.34490000,1840302.00000000,1762542899999999,4297043.15418000,27869,787187.00000000,1838321.75220000,0
1762542900000000,2.34500000,2.34700000,2.33480000,2.33780000,1118173.30000000,1762543799999999,2616878.43665000,26756,529040.50000000,1238187.00396000,0
1762543800000000,2.33790000,2.35560000,2.33550000,2.35230000,1849542.80000000,1762544699999999,4340340.12782000,20722,1051402.70000000,2469116.74152000,0
1762544700000000,2.35230000,2.35360000,2.34160000,2.35290000,1304407.60000000,1762545599999999,3063336.49832000,24267,516249.80000000,1212273.87575000,0
1762545600000000,2.35290000,2.35720000,2.33710000,2.34980000,1474833.90000000,1762546499999999,3464776.48043000,24963,642917.10000000,1509996.08630000,0
1762546500000000,2.34980000,2.35120000,2.33290000,2.34240000,1961554.40000000,1762547399999999,4589608.00974000,24418,1174570.30000000,2747306.18433000,0
1762547400000000,2.34250000,2.36990000,2.34250000,2.36730000,2192838.90000000,1762548299999999,5174679.08721000,26640,1391664.40000000,3284702.80586000,0
1762548300000000,2.36730000,2.37290000,2.35770000,2.36450000,2293602.40000000,1762549199999999,5426683.80375000,34453,1238455.30000000,2930412.63588000,0
1762549200000000,2.36450000,2.36550000,2.35160000,2.35300000,1374131.70000000,1762550099999999,3240200.84327000,18001,516843.40000000,1218564.52933000,0
1762550100000000,2.35300000,2.35780000,2.34520000,2.34960000,1225384.70000000,1762550999999999,2880727.91168000,16126,592370.20000000,1392418.82083000,0
1762551000000000,2.34950000,2.35130000,2.33920000,2.34240000,3504604.50000000,1762551899999999,8211000.57866000,26807,2442558.10000000,5722023.92891000,0
1762551900000000,2.34240000,2.34430000,2.33430000,2.34310000,2187158.70000000,1762552799999999,5115904.39788000,24110,1085613.50000000,2539493.44187000,0
1762552800000000,2.34320000,2.34910000,2.33140000,2.33690000,1504267.70000000,1762553699999999,3524769.11326000,18562,826908.80000000,1937837.51203000,0
1762553700000000,2.33690000,2.34130000,2.33200000,2.34010000,1175540.10000000,1762554599999999,2747615.57192000,14301,660232.80000000,1543145.74027000,0
1762554600000000,2.34000000,2.34050000,2.32610000,2.33260000,1392369.90000000,1762555499999999,3248948.07185000,14795,651252.60000000,1519406.79494000,0
1762555500000000,2.33250000,2.33900000,2.32630000,2.32990000,1231242.50000000,1762556399999999,2871097.97030000,12427,580139.40000000,1352814.52582000,0
1762556400000000,2.33000000,2.33150000,2.32060000,2.32120000,2046613.50000000,1762557299999999,4763149.17167000,21866,988365.50000000,2300820.04873000,0
1762557300000000,2.32110000,2.32290000,2.31130000,2.31510000,3161760.50000000,1762558199999999,7329412.45931000,24799,1797312.70000000,4166498.46676000,0
1762558200000000,2.31510000,2.32600000,2.31510000,2.31880000,2121550.80000000,1762559099999999,4921977.68711000,19272,900058.80000000,2088350.47646000,0
1762559100000000,2.31880000,2.32230000,2.31280000,2.31540000,1030936.20000000,1762559999999999,2389325.36323000,15564,656591.50000000,1521725.45397000,0
1762560000000000,2.31550000,2.32410000,2.31460000,2.32240000,2109090.40000000,1762560899999999,4890139.96293000,22612,1504028.50000000,3487024.85367000,0
1762560900000000,2.32230000,2.32690000,2.30830000,2.31180000,1810001.60000000,1762561799999999,4193292.24297000,23096,944207.80000000,2188332.83804000,0
1762561800000000,2.31170000,2.31440000,2.29920000,2.30880000,2356354.70000000,1762562699999999,5433734.28089000,25913,1181336.60000000,2724896.42923000,0
1762562700000000,2.30890000,2.32760000,2.30000000,2.30050000,2127780.50000000,1762563599999999,4918094.98977000,31595,1014204.00000000,2345207.61235000,0
1762563600000000,2.30050000,2.31860000,2.29910000,2.30980000,1995412.50000000,1762564499999999,4608196.64033000,32810,1079519.00000000,2492389.61098000,0
1762564500000000,2.30980000,2.31970000,2.30960000,2.31260000,847909.30000000,1762565399999999,1963099.67361000,15217,502746.30000000,1163933.31937000,0
1762565400000000,2.31260000,2.31840000,2.30550000,2.31080000,926908.10000000,1762566299999999,2141526.76433000,15044,377874.80000000,873127.62759000,0
1762566300000000,2.31080000,2.31390000,2.30420000,2.31040000,889000.00000000,1762567199999999,2052404.06533000,16066,410062.50000000,946614.03418000,0
1762567200000000,2.31040000,2.32030000,2.30400000,2.31630000,836869.50000000,1762568099999999,1934325.94856000,14586,427635.50000000,988843.25734000,0
1762568100000000,2.31630000,2.32680000,2.31460000,2.32110000,896959.30000000,1762568999999999,2082428.06804000,17633,397554.50000000,922869.35789000,0
1762569000000000,2.32110000,2.33290000,2.32040000,2.32810000,1444682.60000000,1762569899999999,3364184.73797000,20258,868565.50000000,2022766.60006000,0
1762569900000000,2.32820000,2.33260000,2.31540000,2.31690000,789475.20000000,1762570799999999,1834924.72189000,16236,395552.60000000,919751.84991000,0
1762570800000000,2.31680000,2.33150000,2.31590000,2.32410000,1689899.00000000,1762571699999999,3930400.29363000,13757,393601.70000000,915651.34731000,0
1762571700000000,2.32410000,2.33810000,2.31800000,2.32960000,1585566.60000000,1762572599999999,3693630.74728000,17916,699751.10000000,1630897.75895000,0
1762572600000000,2.32970000,2.33050000,2.31220000,2.31530000,1500136.90000000,1762573499999999,3483001.92525000,19934,637266.40000000,1479533.01294000,0
1762573500000000,2.31530000,2.32650000,2.31520000,2.31860000,1267611.70000000,1762574399999999,2942087.35447000,16206,593112.60000000,1376477.52147000,0
1762574400000000,2.31870000,2.33000000,2.31870000,2.32700000,1002758.40000000,1762575299999999,2332593.61879000,16646,424828.00000000,988209.97154000,0
1762575300000000,2.32700000,2.33090000,2.32020000,2.32170000,753309.60000000,1762576199999999,1751265.54811000,10472,417496.00000000,970562.63953000,0
1762576200000000,2.32170000,2.33520000,2.31950000,2.33310000,1526464.30000000,1762577099999999,3552897.08081000,12499,593725.50000000,1382129.35363000,0
1762577100000000,2.33310000,2.33600000,2.32500000,2.32660000,699873.90000000,1762577999999999,1631954.09128000,9125,210521.80000000,490936.22711000,0
1762578000000000,2.32660000,2.33350000,2.32330000,2.32880000,793812.70000000,1762578899999999,1847996.72348000,10856,260475.60000000,606257.21543000,0
1762578900000000,2.32890000,2.33400000,2.32170000,2.32820000,713157.40000000,1762579799999999,1660538.95662000,12472,229193.90000000,533698.64885000,0
1762579800000000,2.32820000,2.32820000,2.31300000,2.31550000,822342.40000000,1762580699999999,1906955.71418000,10920,251189.10000000,582123.24659000,0
1762580700000000,2.31560000,2.31990000,2.30920000,2.31500000,870664.00000000,1762581599999999,2013904.67457000,11950,320737.00000000,741918.70059000,0
1762581600000000,2.31510000,2.31810000,2.29450000,2.29620000,2281255.60000000,1762582499999999,5253441.90929000,24233,817888.10000000,1883138.91309000,0
1762582500000000,2.29620000,2.31000000,2.29620000,2.30190000,1463371.80000000,1762583399999999,3371445.87916000,18087,599113.30000000,1380532.73751000,0
1762583400000000,2.30190000,2.32070000,2.30170000,2.31700000,690083.10000000,1762584299999999,1595202.23761000,11559,331159.10000000,765729.87092000,0
1762584300000000,2.31710000,2.32470000,2.31690000,2.32310000,538612.90000000,1762585199999999,1250026.53302000,9010,186740.60000000,433366.32146000,0
1762585200000000,2.32310000,2.32550000,2.31470000,2.32080000,517335.90000000,1762586099999999,1199772.48821000,9414,217210.50000000,503804.19995000,0
1762586100000000,2.32080000,2.32440000,2.29940000,2.30990000,1897828.80000000,1762586999999999,4388825.47501000,18496,520337.60000000,1202782.82771000,0
1762587000000000,2.31000000,2.31850000,2.30390000,2.31760000,577741.70000000,1762587899999999,1336008.00216000,10854,240297.80000000,555722.78362000,0
1762587900000000,2.31760000,2.32890000,2.31730000,2.32240000,461660.20000000,1762588799999999,1073078.17170000,8176,193340.70000000,449445.99908000,0
1762588800000000,2.32240000,2.32940000,2.32110000,2.32430000,445080.30000000,1762589699999999,1035174.43444000,8756,216537.40000000,503696.75673000,0
1762589700000000,2.32430000,2.33370000,2.31380000,2.33170000,717979.20000000,1762590599999999,1669461.22444000,12864,374290.40000000,870544.65076000,0
1762590600000000,2.33170000,2.33300000,2.32680000,2.32750000,482696.40000000,1762591499999999,1124300.14584000,11961,260550.90000000,606831.27981000,0
1762591500000000,2.32750000,2.32760000,2.32130000,2.32180000,717809.10000000,1762592399999999,1668035.11280000,8864,324520.90000000,754011.59845000,0
1762592400000000,2.32190000,2.32210000,2.31430000,2.31870000,654483.20000000,1762593299999999,1516499.43070000,9776,326789.60000000,757100.48378000,0
1762593300000000,2.31860000,2.32680000,2.31600000,2.32450000,540005.40000000,1762594199999999,1254121.82131000,10508,275437.90000000,639633.05890000,0
1762594200000000,2.32440000,2.32720000,2.31620000,2.31640000,383920.70000000,1762595099999999,891616.44465000,9842,143271.90000000,332669.88139000,0
1762595100000000,2.31630000,2.31730000,2.30800000,2.31150000,788159.30000000,1762595999999999,1821847.32559000,11071,417823.20000000,965743.97382000,0
1762596000000000,2.31160000,2.31920000,2.30800000,2.31770000,302059.00000000,1762596899999999,699037.48024000,9552,168665.30000000,390333.40560000,0
1762596900000000,2.31770000,2.31980000,2.31190000,2.31740000,520700.40000000,1762597799999999,1206048.84825000,10515,270668.60000000,626963.50595000,0
1762597800000000,2.31740000,2.31760000,2.31180000,2.31280000,347010.20000000,1762598699999999,803440.15790000,7659,140022.50000000,324224.60313000,0
1762598700000000,2.31290000,2.31670000,2.31200000,2.31320000,215686.80000000,1762599599999999,499104.59847000,6976,108248.60000000,250491.06991000,0
1762599600000000,2.31320000,2.31830000,2.31020000,2.31800000,537606.10000000,1762600499999999,1243871.82378000,8027,214538.20000000,496340.75276000,0
1762600500000000,2.31800000,2.31800000,2.31130000,2.31500000,379346.90000000,1762601399999999,878043.68093000,8459,202358.90000000,468413.36864000,0
1762601400000000,2.31500000,2.31550000,2.29860000,2.29990000,971917.00000000,1762602299999999,2239082.33522000,13187,424323.10000000,977103.02036000,0
1762602300000000,2.29980000,2.30260000,2.29060000,2.29570000,1447072.60000000,1762603199999999,3322424.24457000,17607,617773.90000000,1418379.34526000,0
1762603200000000,2.29580000,2.30260000,2.28800000,2.28850000,1001531.80000000,1762604099999999,2299310.35649000,16397,386768.60000000,888460.28244000,0
1762604100000000,2.28850000,2.29860000,2.28850000,2.29690000,681793.60000000,1762604999999999,1564710.73867000,14558,378120.90000000,867706.23784000,0
1762605000000000,2.29690000,2.29700000,2.29080000,2.29090000,379869.30000000,1762605899999999,871191.36020000,9009,226564.70000000,519623.39534000,0
1762605900000000,2.29090000,2.29480000,2.28740000,2.29420000,683811.20000000,1762606799999999,1567103.78162000,10157,448223.60000000,1027306.94218000,0
1762606800000000,2.29420000,2.29540000,2.27540000,2.28470000,1768264.90000000,1762607699999999,4037867.70390000,20527,925030.00000000,2112566.29948000,0
1762607700000000,2.28470000,2.28850000,2.27770000,2.28690000,741313.10000000,1762608599999999,1692632.33346000,15889,364589.60000000,832311.52860000,0
1762608600000000,2.28680000,2.28940000,2.27630000,2.28620000,988123.50000000,1762609499999999,2254673.00231000,16786,657759.40000000,1500738.56549000,0
1762609500000000,2.28620000,2.28710000,2.27770000,2.27870000,462016.50000000,1762610399999999,1054403.43191000,13822,213906.70000000,488158.03950000,0
1762610400000000,2.27870000,2.28110000,2.26700000,2.27000000,1657392.10000000,1762611299999999,3767648.28332000,21700,792367.10000000,1801082.06173000,0
1762611300000000,2.27010000,2.27640000,2.26270000,2.27230000,1509539.60000000,1762612199999999,3427737.89011000,19456,722864.80000000,1641267.85843000,0
1762612200000000,2.27220000,2.28630000,2.26970000,2.27880000,1053468.40000000,1762613099999999,2400133.84115000,17115,515577.90000000,1174648.43359000,0
1762613100000000,2.27870000,2.28410000,2.27620000,2.27630000,905865.40000000,1762613999999999,2064727.76329000,12021,423030.90000000,964374.85372000,0
1762614000000000,2.27630000,2.27760000,2.26480000,2.27040000,747850.20000000,1762614899999999,1698518.49924000,14206,338636.30000000,769198.43836000,0
1762614900000000,2.27040000,2.27320000,2.25430000,2.26060000,1118073.00000000,1762615799999999,2528368.15333000,20146,468801.60000000,1060437.27166000,0
1762615800000000,2.26060000,2.26220000,2.24240000,2.24690000,1563456.60000000,1762616699999999,3518373.06641000,20253,538791.80000000,1212179.98579000,0
1762616700000000,2.24700000,2.25780000,2.24660000,2.25590000,777038.60000000,1762617599999999,1750657.90672000,13534,511313.90000000,1151886.49442000,0
1762617600000000,2.25600000,2.26840000,2.25100000,2.26680000,1057702.50000000,1762618499999999,2389152.22323000,17591,583039.90000000,1316943.00505000,0
1762618500000000,2.26670000,2.26890000,2.25740000,2.26470000,827486.70000000,1762619399999999,1872964.56858000,14648,457004.50000000,1034351.86384000,0
1762619400000000,2.26470000,2.27320000,2.26080000,2.26540000,1033972.70000000,1762620299999999,2346215.20592000,13823,484072.50000000,1098665.42900000,0
1762620300000000,2.26550000,2.26680000,2.25560000,2.26470000,788729.00000000,1762621199999999,1783443.21875000,13543,429386.40000000,970846.33281000,0
1762621200000000,2.26470000,2.26550000,2.25380000,2.25420000,843350.30000000,1762622099999999,1904666.01125000,11310,415587.30000000,938684.34974000,0
1762622100000000,2.25420000,2.26660000,2.25400000,2.26200000,687795.30000000,1762622999999999,1555793.49242000,11365,386510.90000000,874348.98144000,0
1762623000000000,2.26200000,2.26830000,2.25840000,2.26560000,761907.30000000,1762623899999999,1725567.84253000,9911,361558.40000000,818747.32948000,0
1762623900000000,2.26550000,2.27100000,2.26320000,2.27080000,659610.20000000,1762624799999999,1495609.90496000,7512,370594.30000000,840214.35969000,0
1762624800000000,2.27070000,2.27190000,2.26710000,2.27090000,795948.80000000,1762625699999999,1806416.40895000,8294,417197.70000000,946842.91483000,0
1762625700000000,2.27090000,2.27090000,2.26190000,2.26660000,499507.60000000,1762626599999999,1131721.21577000,8045,227406.30000000,515185.58678000,0
1762626600000000,2.26660000,2.27490000,2.26660000,2.27290000,809169.40000000,1762627499999999,1838330.23863000,10855,397785.30000000,903629.27810000,0
1762627500000000,2.27300000,2.27920000,2.27220000,2.27800000,587132.10000000,1762628399999999,1336111.01863000,7059,379889.40000000,864475.81313000,0
1762628400000000,2.27800000,2.27800000,2.27230000,2.27430000,513379.60000000,1762629299999999,1167627.15691000,6952,171006.90000000,388885.05323000,0
1762629300000000,2.27430000,2.27490000,2.25400000,2.26040000,863407.00000000,1762630199999999,1952676.81419000,13474,418090.50000000,945130.58608000,0
1762630200000000,2.26040000,2.27080000,2.25780000,2.26990000,397840.60000000,1762631099999999,900917.65368000,7537,232135.60000000,525641.67005000,0
1762631100000000,2.27000000,2.27430000,2.26700000,2.27320000,230282.80000000,1762631999999999,522928.67114000,5618,107723.50000000,244609.87597000,0
1762632000000000,2.27320000,2.27720000,2.27180000,2.27440000,360724.80000000,1762632899999999,820514.80395000,6241,162175.80000000,368844.80268000,0
1762632900000000,2.27440000,2.27820000,2.27330000,2.27710000,235004.70000000,1762633799999999,534866.23736000,5855,150784.90000000,343187.33221000,0
1762633800000000,2.27710000,2.27960000,2.27430000,2.27800000,381918.80000000,1762634699999999,869651.60840000,4900,187617.60000000,427177.08175000,0
1762634700000000,2.27790000,2.28080000,2.27600000,2.27820000,617717.30000000,1762635599999999,1407376.64126000,5493,236862.50000000,539602.42804000,0
1762635600000000,2.27810000,2.28250000,2.27480000,2.27550000,1131177.60000000,1762636499999999,2577875.25316000,9161,427726.80000000,974827.27634000,0
1762636500000000,2.27560000,2.28450000,2.27560000,2.28210000,857157.10000000,1762637399999999,1955145.20942000,8019,572239.70000000,1305244.35309000,0
1762637400000000,2.28220000,2.28960000,2.28000000,2.28740000,799512.90000000,1762638299999999,1827350.50689000,9750,426575.60000000,974866.92735000,0
1762638300000000,2.28730000,2.28790000,2.28340000,2.28590000,473716.70000000,1762639199999999,1082766.24073000,6057,268967.20000000,614810.49680000,0
1762639200000000,2.28580000,2.28880000,2.27950000,2.28780000,592820.70000000,1762640099999999,1353391.35061000,6570,262655.30000000,599773.00794000,0
1762640100000000,2.28780000,2.28870000,2.28210000,2.28630000,430989.60000000,1762640999999999,985114.41180000,6247,215080.70000000,491558.71869000,0
1762641000000000,2.28640000,2.28660000,2.27900000,2.28000000,506240.40000000,1762641899999999,1155133.20518000,3903,211290.40000000,482144.10468000,0
1762641900000000,2.28000000,2.28810000,2.27990000,2.28730000,264697.80000000,1762642799999999,604801.01664000,4668,165940.50000000,379121.49770000,0
1762642800000000,2.28740000,2.28740000,2.28070000,2.28120000,472654.90000000,1762643699999999,1079480.88524000,7200,205696.20000000,469786.36365000,0
1762643700000000,2.28130000,2.28480000,2.28110000,2.28420000,384930.10000000,1762644599999999,878931.54529000,4325,144174.80000000,329158.51542000,0
1762644600000000,2.28420000,2.28620000,2.28180000,2.28540000,395536.60000000,1762645499999999,903397.68493000,4488,174727.60000000,399086.66981000,0
1762645500000000,2.28540000,2.28730000,2.28390000,2.28630000,219363.20000000,1762646399999999,501387.35432000,3628,102924.70000000,235226.57690000,0
1762646400000000,2.28640000,2.28710000,2.27760000,2.27780000,600491.00000000,1762647299999999,1370907.44798000,8682,224632.60000000,512880.79142000,0
1762647300000000,2.27780000,2.27890000,2.27130000,2.27620000,803015.70000000,1762648199999999,1827705.33042000,11691,367867.50000000,837228.48219000,0
1762648200000000,2.27620000,2.28510000,2.27620000,2.28150000,468021.50000000,1762649099999999,1067932.25703000,6331,243838.70000000,556242.79431000,0
1762649100000000,2.28160000,2.28240000,2.27190000,2.27430000,271683.00000000,1762649999999999,618539.12747000,5496,139792.40000000,318217.15812000,0
1762650000000000,2.27420000,2.28200000,2.27340000,2.27910000,331492.90000000,1762650899999999,755560.16408000,6226,105864.70000000,241266.66678000,0
1762650900000000,2.27910000,2.27990000,2.27460000,2.27590000,349654.80000000,1762651799999999,796233.71699000,5033,103386.00000000,235395.12062000,0
1762651800000000,2.27600000,2.28040000,2.27000000,2.28030000,310467.80000000,1762652699999999,706096.52255000,6735,119382.70000000,271563.85070000,0
1762652700000000,2.28040000,2.28640000,2.28040000,2.28490000,534431.50000000,1762653599999999,1220678.23804000,9002,311250.20000000,710920.37189000,0
1762653600000000,2.28500000,2.28500000,2.27520000,2.27680000,423286.00000000,1762654499999999,964965.24706000,7467,161464.60000000,368135.52204000,0
1762654500000000,2.27690000,2.28380000,2.27570000,2.27570000,411983.70000000,1762655399999999,939318.15699000,6870,192033.00000000,437915.89327000,0
1762655400000000,2.27560000,2.27560000,2.25940000,2.26350000,1087961.80000000,1762656299999999,2464927.52882000,18142,560048.00000000,1269119.49233000,0
1762656300000000,2.26360000,2.26920000,2.25520000,2.25880000,803818.40000000,1762657199999999,1817132.43575000,15585,381353.70000000,862111.43210000,0
1762657200000000,2.25870000,2.26490000,2.25690000,2.26120000,471863.70000000,1762658099999999,1066909.42579000,10910,240089.30000000,542916.54803000,0
1762658100000000,2.26110000,2.26480000,2.23920000,2.24560000,2302507.90000000,1762658999999999,5174399.31856000,19715,760826.30000000,1710299.18920000,0
1762659000000000,2.24570000,2.25270000,2.24050000,2.24870000,746217.10000000,1762659899999999,1676773.91075000,13756,456039.40000000,1024757.53356000,0
1762659900000000,2.24870000,2.25770000,2.24600000,2.25390000,421878.00000000,1762660799999999,950363.81748000,10871,206779.80000000,465856.88407000,0
1762660800000000,2.25390000,2.26040000,2.25310000,2.25790000,722326.50000000,1762661699999999,1629875.17861000,8792,332701.60000000,750722.54718000,0
1762661700000000,2.25800000,2.26540000,2.25780000,2.26410000,641283.90000000,1762662599999999,1451177.19877000,8557,331833.00000000,750771.08073000,0
1762662600000000,2.26400000,2.26510000,2.25390000,2.25590000,429615.70000000,1762663499999999,970842.19003000,8539,208377.50000000,470805.69633000,0
1762663500000000,2.25600000,2.26350000,2.25420000,2.26120000,270432.20000000,1762664399999999,610901.33002000,6793,103141.90000000,232923.88044000,0
1762664400000000,2.26120000,2.26120000,2.25250000,2.26110000,479080.10000000,1762665299999999,1081490.07695000,8441,182357.30000000,411544.39455000,0
1762665300000000,2.26100000,2.27100000,2.26100000,2.27090000,819580.80000000,1762666199999999,1857716.79187000,10182,422490.10000000,957798.21190000,0
1762666200000000,2.27090000,2.27330000,2.26270000,2.26770000,1127035.70000000,1762667099999999,2555541.91596000,9468,219875.90000000,498932.71944000,0
1762667100000000,2.26780000,2.27410000,2.26720000,2.27140000,243978.10000000,1762667999999999,553956.45237000,5179,141176.70000000,320557.72138000,0
1762668000000000,2.27140000,2.27300000,2.26790000,2.27300000,229829.10000000,1762668899999999,521877.85926000,6051,106183.00000000,241129.56619000,0
1762668900000000,2.27300000,2.28330000,2.27300000,2.28180000,554628.30000000,1762669799999999,1263976.56709000,9834,312851.50000000,712872.59258000,0
1762669800000000,2.28180000,2.28730000,2.27810000,2.28360000,516446.10000000,1762670699999999,1179647.98073000,10120,200667.00000000,458362.41050000,0
1762670700000000,2.28370000,2.28430000,2.27540000,2.27970000,424918.10000000,1762671599999999,968104.85649000,6843,103301.90000000,235408.62284000,0
1762671600000000,2.27960000,2.28760000,2.27860000,2.28710000,748342.00000000,1762672499999999,1709823.74487000,12502,357873.10000000,817496.57915000,0
1762672500000000,2.28700000,2.29000000,2.28330000,2.28890000,780186.00000000,1762673399999999,1783956.46037000,13878,293783.70000000,671878.18675000,0
1762673400000000,2.28890000,2.29890000,2.28890000,2.29510000,907108.40000000,1762674299999999,2081954.32636000,13347,509118.60000000,1168487.33648000,0
1762674300000000,2.29520000,2.29760000,2.29250000,2.29580000,519660.50000000,1762675199999999,1192709.71866000,10088,256863.60000000,589570.54897000,0
1762675200000000,2.29570000,2.29610000,2.28900000,2.29450000,441948.50000000,1762676099999999,1012958.50609000,7165,157568.10000000,361217.98657000,0
1762676100000000,2.29450000,2.29450000,2.28250000,2.28270000,612969.30000000,1762676999999999,1401956.60538000,9169,145269.70000000,332321.19354000,0
1762677000000000,2.28280000,2.28830000,2.27800000,2.28180000,716640.00000000,1762677899999999,1635405.25300000,8585,307826.20000000,702487.18576000,0
1762677900000000,2.28180000,2.28190000,2.27530000,2.28060000,419012.60000000,1762678799999999,954348.30807000,8377,170971.70000000,389432.91963000,0
1762678800000000,2.28060000,2.28900000,2.28060000,2.28580000,401616.30000000,1762679699999999,917884.77272000,9200,207009.20000000,473256.52890000,0
1762679700000000,2.28570000,2.29100000,2.28170000,2.28250000,523221.60000000,1762680599999999,1196463.51731000,6959,209952.60000000,480247.66956000,0
1762680600000000,2.28240000,2.28450000,2.27650000,2.27820000,665324.30000000,1762681499999999,1517650.29013000,8647,409468.00000000,934215.28070000,0
1762681500000000,2.27820000,2.27850000,2.26860000,2.26920000,620810.30000000,1762682399999999,1410601.23725000,10553,220971.90000000,502287.64344000,0
1762682400000000,2.26920000,2.26920000,2.25690000,2.25960000,889072.80000000,1762683299999999,2011114.43014000,15487,339152.80000000,766824.09463000,0
1762683300000000,2.25970000,2.26680000,2.25770000,2.26450000,598749.20000000,1762684199999999,1354289.62451000,10923,327628.20000000,741114.62778000,0
1762684200000000,2.26440000,2.26500000,2.25230000,2.26100000,821852.60000000,1762685099999999,1855546.76432000,10446,275614.50000000,622073.32029000,0
1762685100000000,2.26090000,2.26680000,2.26040000,2.26680000,667639.10000000,1762685999999999,1510981.24148000,10660,357249.70000000,808404.84210000,0
1762686000000000,2.26670000,2.27750000,2.26570000,2.27750000,930802.10000000,1762686899999999,2115963.21250000,19231,423831.30000000,963489.12435000,0
1762686900000000,2.27740000,2.27790000,2.27160000,2.27320000,659002.80000000,1762687799999999,1499271.94440000,12156,259150.70000000,589559.32861000,0
1762687800000000,2.27310000,2.27460000,2.26790000,2.27410000,345942.20000000,1762688699999999,785705.64002000,9102,170893.60000000,388107.19092000,0
1762688700000000,2.27410000,2.27780000,2.27120000,2.27510000,1141234.80000000,1762689599999999,2595725.60184000,11506,572157.10000000,1301235.74581000,0
1762689600000000,2.27510000,2.27640000,2.26980000,2.27570000,392709.10000000,1762690499999999,892699.95597000,10296,141980.90000000,322743.35483000,0
1762690500000000,2.27580000,2.28320000,2.27490000,2.27550000,1116347.30000000,1762691399999999,2543746.67274000,16482,517553.00000000,1179404.83442000,0
1762691400000000,2.27560000,2.27930000,2.27290000,2.27760000,409669.40000000,1762692299999999,932473.39444000,8805,184705.60000000,420433.98717000,0
1762692300000000,2.27760000,2.27940000,2.27480000,2.27500000,529914.20000000,1762693199999999,1206792.65041000,7166,205546.50000000,468145.56187000,0
1762693200000000,2.27500000,2.28320000,2.27080000,2.28160000,639968.40000000,1762694099999999,1457288.66794000,10719,316053.30000000,719697.40445000,0
1762694100000000,2.28170000,2.28270000,2.27580000,2.28070000,641960.00000000,1762694999999999,1463243.25603000,11910,252236.20000000,574914.12449000,0
1762695000000000,2.28080000,2.28660000,2.27840000,2.28150000,979540.10000000,1762695899999999,2235901.52888000,16681,499851.70000000,1141017.74758000,0
1762695900000000,2.28160000,2.28620000,2.27500000,2.27770000,1492228.80000000,1762696799999999,3404089.46912000,18536,539198.20000000,1230103.93359000,0
1762696800000000,2.27770000,2.28280000,2.26710000,2.28000000,1299761.50000000,1762697699999999,2955921.29241000,21786,536270.30000000,1219746.93302000,0
1762697700000000,2.27990000,2.31870000,2.27890000,2.31670000,3503923.30000000,1762698599999999,8063225.13720000,42621,2088873.20000000,4808279.17140000,0
1762698600000000,2.31670000,2.32840000,2.29900000,2.30200000,4769472.70000000,1762699499999999,11037540.68846000,51446,2591027.00000000,5996634.18716000,0
1762699500000000,2.30210000,2.30370000,2.28800000,2.29130000,1662773.50000000,1762700399999999,3819088.82909000,24816,815781.90000000,1873722.77919000,0
1762700400000000,2.29120000,2.30340000,2.28870000,2.30010000,1159188.80000000,1762701299999999,2663581.18033000,18440,597176.10000000,1371956.41508000,0
1762701300000000,2.30010000,2.31120000,2.29820000,2.31010000,961096.40000000,1762702199999999,2216276.24517000,14023,483839.90000000,1115721.97016000,0
1762702200000000,2.31020000,2.31840000,2.30720000,2.31590000,1009928.10000000,1762703099999999,2336782.02401000,14205,511097.90000000,1182903.18102000,0
1762703100000000,2.31580000,2.33370000,2.31320000,2.31450000,3171929.40000000,1762703999999999,7364508.25456000,25356,1714880.80000000,3980322.42084000,0
1762704000000000,2.31460000,2.31710000,2.30250000,2.30310000,1170187.00000000,1762704899999999,2703920.22472000,18266,411703.10000000,951278.62561000,0
1762704900000000,2.30320000,2.31950000,2.30080000,2.31640000,742996.90000000,1762705799999999,1716802.30785000,12709,409673.80000000,946462.88393000,0
1762705800000000,2.31630000,2.32170000,2.31180000,2.31950000,668402.00000000,1762706699999999,1548532.29663000,11841,410259.80000000,950560.01868000,0
1762706700000000,2.31950000,2.33210000,2.31900000,2.32620000,787606.30000000,1762707599999999,1833554.75720000,13885,422253.10000000,983010.05914000,0
1762707600000000,2.32630000,2.32690000,2.31660000,2.31750000,700114.70000000,1762708499999999,1625887.35253000,13072,368026.00000000,854762.75448000,0
1762708500000000,2.31750000,2.31800000,2.30680000,2.31420000,923233.10000000,1762709399999999,2135401.16157000,11553,270533.40000000,625538.07064000,0
1762709400000000,2.31420000,2.31730000,2.30350000,2.30610000,845912.80000000,1762710299999999,1953656.62093000,10724,375760.20000000,868107.95045000,0
1762710300000000,2.30610000,2.30880000,2.30430000,2.30880000,419170.40000000,1762711199999999,966791.82853000,6274,181888.20000000,419564.32840000,0
1762711200000000,2.30890000,2.31090000,2.30270000,2.30270000,643286.40000000,1762712099999999,1484971.61489000,8347,203432.70000000,469543.97684000,0
1762712100000000,2.30280000,2.30780000,2.30210000,2.30520000,261089.20000000,1762712999999999,601925.04892000,6239,90697.80000000,209105.61396000,0
1762713000000000,2.30520000,2.31680000,2.30310000,2.31650000,464858.60000000,1762713899999999,1074389.33509000,8525,258979.30000000,598689.72319000,0
1762713900000000,2.31660000,2.33000000,2.31480000,2.32780000,875364.90000000,1762714799999999,2034269.62653000,13555,467904.40000000,1087383.03228000,0
1762714800000000,2.32780000,2.33330000,2.32550000,2.32650000,1041428.00000000,1762715699999999,2426019.70744000,11667,535977.10000000,1248734.75679000,0
1762715700000000,2.32660000,2.33690000,2.32300000,2.33610000,641164.00000000,1762716599999999,1494553.04010000,10512,348462.60000000,812474.50045000,0
1762716600000000,2.33610000,2.34390000,2.33430000,2.33660000,1441080.40000000,1762717499999999,3371337.86743000,19657,751364.70000000,1757759.39767000,0
1762717500000000,2.33660000,2.34970000,2.33480000,2.34900000,1038470.90000000,1762718399999999,2433894.77354000,16490,498495.30000000,1168565.72357000,0
1762718400000000,2.34910000,2.35460000,2.33870000,2.34010000,1684418.20000000,1762719299999999,3954661.27666000,21456,692920.50000000,1626937.61426000,0
1762719300000000,2.34020000,2.34510000,2.33610000,2.34000000,805269.50000000,1762720199999999,1885143.87380000,12868,236246.40000000,553099.37778000,0
1762720200000000,2.33990000,2.34720000,2.33810000,2.34010000,760240.30000000,1762721099999999,1781468.10444000,10151,276551.90000000,647918.28318000,0
1762721100000000,2.34000000,2.34140000,2.33660000,2.34000000,654984.40000000,1762721999999999,1531978.26253000,9128,230176.20000000,538315.65478000,0
1762722000000000,2.34000000,2.34400000,2.33180000,2.33370000,755233.90000000,1762722899999999,1765737.01941000,9619,320393.40000000,749378.15386000,0
1762722900000000,2.33370000,2.34190000,2.33350000,2.33940000,488852.00000000,1762723799999999,1143098.53508000,7967,160580.00000000,375520.42350000,0
1762723800000000,2.33930000,2.34050000,2.33290000,2.33850000,727818.40000000,1762724699999999,1700557.61457000,8741,275700.80000000,644162.42286000,0
1762724700000000,2.33850000,2.34050000,2.33250000,2.33810000,747079.20000000,1762725599999999,1744954.46348000,11718,344302.20000000,804149.97913000,0
1762725600000000,2.33810000,2.34330000,2.32930000,2.34330000,985792.80000000,1762726499999999,2301368.15423000,9301,334942.30000000,781942.68818000,0
1762726500000000,2.34320000,2.34360000,2.33050000,2.33120000,458715.80000000,1762727399999999,1072409.61133000,7477,183854.00000000,429671.64705000,0
1762727400000000,2.33120000,2.33460000,2.32360000,2.33460000,753658.40000000,1762728299999999,1755298.71337000,7726,326507.00000000,760497.14037000,0
1762728300000000,2.33450000,2.35420000,2.33450000,2.35390000,1158958.00000000,1762729199999999,2720385.92892000,13358,566609.90000000,1329881.19347000,0
1762729200000000,2.35400000,2.39500000,2.35400000,2.36830000,5551307.00000000,1762730099999999,13182344.68012000,74816,3236277.80000000,7684074.63731000,0
1762730100000000,2.36830000,2.37390000,2.35420000,2.35540000,2065730.90000000,1762730999999999,4878807.33367000,21645,690100.00000000,1629615.61653000,0
1762731000000000,2.35550000,2.36540000,2.35550000,2.35950000,901707.60000000,1762731899999999,2127229.88232000,15064,408224.80000000,962954.39405000,0
1762731900000000,2.35960000,2.37090000,2.35890000,2.36620000,898790.20000000,1762732799999999,2126228.66189000,12681,481774.50000000,1139613.73449000,0
1762732800000000,2.36620000,2.37110000,2.34620000,2.36790000,1895683.50000000,1762733699999999,4467336.79818000,28229,948257.50000000,2234729.25982000,0
1762733700000000,2.36780000,2.38870000,2.36500000,2.37970000,1439783.60000000,1762734599999999,3424240.13172000,29239,735396.10000000,1747958.92849000,0
1762734600000000,2.37970000,2.40850000,2.37860000,2.40730000,2869494.20000000,1762735499999999,6877231.10358000,34361,1586967.70000000,3802409.79527000,0
1762735500000000,2.40720000,2.42830000,2.40520000,2.41620000,5141583.70000000,1762736399999999,12439422.91451000,55589,2409856.70000000,5828101.15441000,0
1762736400000000,2.41620000,2.42820000,2.40020000,2.40720000,3033690.10000000,1762737299999999,7325684.73429000,49513,1142929.80000000,2760939.29683000,0
1762737300000000,2.40720000,2.41190000,2.39440000,2.40170000,1838233.60000000,1762738199999999,4415187.29120000,31730,749880.80000000,1801181.27336000,0
1762738200000000,2.40160000,2.41300000,2.39560000,2.39970000,1566076.00000000,1762739099999999,3762864.17676000,23186,851629.20000000,2046494.55859000,0
1762739100000000,2.39960000,2.41100000,2.39650000,2.39930000,1924784.90000000,1762739999999999,4624175.05560000,21321,877085.60000000,2107637.22679000,0
1762740000000000,2.39930000,2.40460000,2.38660000,2.40200000,2083072.10000000,1762740899999999,4986970.46436000,26909,1095012.80000000,2620823.19914000,0
1762740900000000,2.40200000,2.41070000,2.39660000,2.40460000,1095913.60000000,1762741799999999,2634129.58626000,16944,589580.20000000,1416959.53561000,0
1762741800000000,2.40470000,2.41400000,2.40150000,2.40290000,1354341.10000000,1762742699999999,3262048.12385000,17194,587183.80000000,1414223.89412000,0
1762742700000000,2.40290000,2.42400000,2.40240000,2.42390000,1867420.40000000,1762743599999999,4513249.95701000,20346,985012.40000000,2380651.71154000,0
1762743600000000,2.42400000,2.44780000,2.42390000,2.43750000,3520511.20000000,1762744499999999,8580021.14554000,36363,1793753.50000000,4372083.29071000,0
1762744500000000,2.43750000,2.44500000,2.43420000,2.44220000,2020799.50000000,1762745399999999,4928976.51165000,21047,879062.00000000,2143843.20964000,0
1762745400000000,2.44230000,2.47790000,2.43980000,2.47600000,6457371.50000000,1762746299999999,15887228.75235000,45479,3238073.50000000,7967372.37184000,0
1762746300000000,2.47610000,2.47610000,2.45810000,2.46130000,3339759.30000000,1762747199999999,8237822.60408000,31057,1204647.70000000,2971136.39980000,0
1762747200000000,2.46140000,2.47340000,2.45930000,2.46180000,2259298.20000000,1762748099999999,5576297.90280000,28097,930837.10000000,2297029.66476000,0
1762748100000000,2.46170000,2.47060000,2.45470000,2.46270000,2329734.70000000,1762748999999999,5732498.83351000,26768,1000172.10000000,2460800.52686000,0
1762749000000000,2.46260000,2.46980000,2.45530000,2.45720000,1851065.30000000,1762749899999999,4558627.17558000,23712,898003.90000000,2211064.94536000,0
1762749900000000,2.45710000,2.46760000,2.45140000,2.46440000,1480407.90000000,1762750799999999,3643096.83931000,20551,690876.80000000,1700514.87317000,0
1762750800000000,2.46430000,2.47140000,2.45820000,2.46000000,845813.40000000,1762751699999999,2084285.24044000,15081,406317.50000000,1001698.86379000,0
1762751700000000,2.45990000,2.46140000,2.44790000,2.45700000,1078589.50000000,1762752599999999,2648290.00155000,16419,407290.70000000,999826.20526000,0
1762752600000000,2.45700000,2.46390000,2.43960000,2.44850000,2445947.90000000,1762753499999999,5989566.33363000,25120,994955.40000000,2436160.39544000,0
1762753500000000,2.44850000,2.45500000,2.44640000,2.45260000,934468.30000000,1762754399999999,2290310.00840000,14632,411675.20000000,1008979.12201000,0
1762754400000000,2.45260000,2.45750000,2.44500000,2.45600000,1023198.50000000,1762755299999999,2508128.27335000,15164,357922.70000000,877425.48716000,0
1762755300000000,2.45600000,2.46060000,2.44190000,2.44720000,936245.40000000,1762756199999999,2294614.69573000,13183,433969.20000000,1063756.24292000,0
1762756200000000,2.44720000,2.46340000,2.44660000,2.46150000,1147495.00000000,1762757099999999,2819240.56388000,17022,672090.20000000,1651272.54805000,0
1762757100000000,2.46160000,2.47450000,2.46060000,2.47210000,1708419.20000000,1762757999999999,4218846.50543000,16154,1096484.60000000,2707573.76197000,0
1762758000000000,2.47210000,2.48630000,2.46960000,2.48190000,2127556.70000000,1762758899999999,5274046.13542000,23778,1259390.00000000,3121711.82708000,0
1762758900000000,2.48190000,2.48190000,2.46840000,2.47410000,977862.90000000,1762759799999999,2419944.80659000,17670,396364.10000000,980797.14121000,0
1762759800000000,2.47420000,2.49050000,2.47000000,2.48640000,1718331.30000000,1762760699999999,4266228.59604000,18316,1016186.00000000,2523229.56911000,0
1762760700000000,2.48640000,2.49280000,2.47870000,2.48060000,1151519.30000000,1762761599999999,2860982.25067000,15420,625883.00000000,1554682.96917000,0
1762761600000000,2.48060000,2.48760000,2.47090000,2.47450000,1534065.90000000,1762762499999999,3802852.97003000,19819,525843.40000000,1303636.37550000,0
1762762500000000,2.47460000,2.48620000,2.47410000,2.48340000,992846.20000000,1762763399999999,2464405.37350000,16002,460959.30000000,1144055.59778000,0
1762763400000000,2.48340000,2.48400000,2.46960000,2.47730000,1166579.40000000,1762764299999999,2888577.59063000,14805,458775.90000000,1136001.67479000,0
1762764300000000,2.47730000,2.49840000,2.47550000,2.49630000,2314556.90000000,1762765199999999,5754683.12067000,22139,1028564.40000000,2557304.85048000,0
1762765200000000,2.49630000,2.50000000,2.48370000,2.49320000,2287190.40000000,1762766099999999,5703455.40174000,24020,1168409.10000000,2914310.95622000,0
1762766100000000,2.49320000,2.50730000,2.48930000,2.50580000,2477943.80000000,1762766999999999,6197540.23400000,23537,1462261.70000000,3656974.13582000,0
1762767000000000,2.50590000,2.52590000,2.50050000,2.52390000,3241300.20000000,1762767899999999,8146668.96519000,30799,2004339.20000000,5038723.02676000,0
1762767900000000,2.52390000,2.54490000,2.52340000,2.53840000,4310533.50000000,1762768799999999,10930088.19542000,42101,2067300.90000000,5241963.49557000,0
1762768800000000,2.53850000,2.54200000,2.52330000,2.52980000,2469433.40000000,1762769699999999,6257322.04884000,34691,1215985.30000000,3081407.04894000,0
1762769700000000,2.52980000,2.55100000,2.52800000,2.53920000,3069059.30000000,1762770599999999,7801500.35922000,34189,1668615.60000000,4241494.02020000,0
1762770600000000,2.53920000,2.55180000,2.52830000,2.54070000,2661526.40000000,1762771499999999,6756164.55403000,35808,1350386.80000000,3426960.86826000,0
1762771500000000,2.54070000,2.54810000,2.53170000,2.54040000,1990418.70000000,1762772399999999,5053760.72180000,24612,803280.00000000,2039407.86850000,0
1762772400000000,2.54040000,2.57310000,2.53850000,2.56270000,3979464.10000000,1762773299999999,10180455.04081000,49422,2058212.80000000,5266172.23759000,0
1762773300000000,2.56260000,2.56900000,2.54940000,2.55060000,1997994.50000000,1762774199999999,5117912.05719000,27106,952513.70000000,2440077.70865000,0
1762774200000000,2.55050000,2.55060000,2.53860000,2.54680000,2611981.20000000,1762775099999999,6648538.26041000,22416,1345234.80000000,3424466.77485000,0
1762775100000000,2.54670000,2.55020000,2.53790000,2.54100000,1608647.30000000,1762775999999999,4092547.92080000,19294,747777.50000000,1902490.71923000,0
1762776000000000,2.54100000,2.54410000,2.52600000,2.53440000,2810970.60000000,1762776899999999,7119048.52876000,24978,1039424.90000000,2631064.46015000,0
1762776900000000,2.53440000,2.53650000,2.52250000,2.52780000,2163160.40000000,1762777799999999,5468393.04077000,19445,971371.70000000,2455336.74844000,0
1762777800000000,2.52790000,2.54190000,2.52760000,2.53540000,1453179.90000000,1762778699999999,3685091.71532000,16453,658896.60000000,1671076.24801000,0
1762778700000000,2.53540000,2.53630000,2.52690000,2.52990000,1000024.40000000,1762779599999999,2532016.71213000,11508,439298.80000000,1112279.04983000,0
1762779600000000,2.53000000,2.55660000,2.52990000,2.55170000,1731843.30000000,1762780499999999,4408514.62370000,23261,987444.60000000,2513884.27395000,0
1762780500000000,2.55180000,2.56760000,2.55170000,2.55890000,2322599.90000000,1762781399999999,5945267.79246000,28178,1030066.10000000,2636507.42359000,0
1762781400000000,2.55900000,2.57000000,2.55770000,2.55830000,1759012.80000000,1762782299999999,4512352.01950000,24422,715270.20000000,1835347.51631000,0
1762782300000000,2.55830000,2.56450000,2.55540000,2.55610000,1014546.80000000,1762783199999999,2597546.28132000,15776,317537.50000000,813306.69898000,0
1762783200000000,2.55620000,2.55990000,2.54370000,2.55120000,1757483.70000000,1762784099999999,4482194.73607000,23555,729504.50000000,1860158.24651000,0
1762784100000000,2.55130000,2.56070000,2.54510000,2.55090000,1834698.50000000,1762784999999999,4686839.40948000,26921,827703.40000000,2114561.93113000,0
1762785000000000,2.55090000,2.55220000,2.53110000,2.53770000,2749763.30000000,1762785899999999,6979071.19065000,44873,1068522.20000000,2711540.53119000,0
1762785900000000,2.53780000,2.54110000,2.49850000,2.50930000,8788830.00000000,1762786799999999,22087124.18286000,91559,3826803.30000000,9613202.04078000,0
1762786800000000,2.50930000,2.52500000,2.50000000,2.51850000,3222821.10000000,1762787699999999,8099111.03418000,40458,1347578.20000000,3387798.24860000,0
1762787700000000,2.51850000,2.52790000,2.51350000,2.52440000,1634750.60000000,1762788599999999,4122258.79308000,30759,710795.50000000,1792552.49659000,0
1762788600000000,2.52450000,2.53490000,2.52020000,2.52720000,1977927.00000000,1762789499999999,4999153.38977000,27566,1247785.70000000,3153635.68009000,0
1762789500000000,2.52720000,2.53350000,2.50630000,2.52960000,3388415.30000000,1762790399999999,8542296.14896000,44632,1799645.40000000,4536772.66909000,0
1762790400000000,2.52970000,2.55730000,2.52550000,2.54580000,4073735.00000000,1762791299999999,10366508.96084000,48981,2160352.30000000,5497520.14793000,0
1762791300000000,2.54570000,2.54590000,2.52240000,2.52600000,2413209.70000000,1762792199999999,6111054.35996000,33760,1383551.90000000,3503360.99997000,0
1762792200000000,2.52600000,2.53350000,2.51730000,2.52240000,2251526.00000000,1762793099999999,5679310.41365000,31430,910416.30000000,2296428.05259000,0
1762793100000000,2.52250000,2.53670000,2.51350000,2.52910000,1809336.50000000,1762793999999999,4572963.55952000,30312,996445.20000000,2518687.51142000,0
1762794000000000,2.52910000,2.54560000,2.52440000,2.53960000,1843391.10000000,1762794899999999,4676721.22683000,28584,1108755.40000000,2812743.51308000,0
1762794900000000,2.53960000,2.55350000,2.53870000,2.54680000,1556379.20000000,1762795799999999,3964843.61011000,22882,806621.70000000,2054733.61337000,0
1762795800000000,2.54690000,2.56030000,2.54690000,2.55770000,1718170.40000000,1762796699999999,4392187.95336000,20242,848052.50000000,2168007.76691000,0
1762796700000000,2.55780000,2.56390000,2.54820000,2.55060000,1827454.00000000,1762797599999999,4671260.40554000,16960,869733.50000000,2222795.49424000,0
1762797600000000,2.55050000,2.55430000,2.53360000,2.53380000,1692058.50000000,1762798499999999,4304782.68543000,18925,535065.30000000,1360682.38732000,0
1762798500000000,2.53380000,2.54470000,2.53360000,2.53730000,732804.80000000,1762799399999999,1860023.42731000,13459,386127.30000000,980034.59683000,0
1762799400000000,2.53720000,2.54910000,2.53690000,2.54890000,1675584.00000000,1762800299999999,4262309.42636000,16818,1039398.10000000,2643423.31559000,0
1762800300000000,2.54880000,2.55400000,2.53840000,2.53850000,878874.20000000,1762801199999999,2239176.05552000,14647,433428.70000000,1104516.55427000,0
1762801200000000,2.53840000,2.55910000,2.53740000,2.55490000,1160819.50000000,1762802099999999,2961046.95701000,17899,589272.90000000,1503092.48578000,0
1762802100000000,2.55480000,2.55850000,2.54680000,2.55580000,973310.40000000,1762802999999999,2483491.83925000,13986,372077.60000000,949467.21747000,0
1762803000000000,2.55580000,2.56040000,2.54600000,2.55620000,1290114.60000000,1762803899999999,3293835.13223000,13584,519579.60000000,1326793.02196000,0
1762803900000000,2.55620000,2.56170000,2.54720000,2.54910000,1011212.30000000,1762804799999999,2585274.36015000,16034,482357.80000000,1233462.76118000,0
1762804800000000,2.54900000,2.55770000,2.54320000,2.55480000,1075000.20000000,1762805699999999,2742155.02702000,15965,565850.00000000,1443663.11218000,0
1762805700000000,2.55480000,2.56050000,2.54830000,2.55100000,969142.10000000,1762806599999999,2475480.00389000,17460,368286.00000000,940644.33946000,0
1762806600000000,2.55110000,2.57800000,2.54540000,2.57720000,3584446.20000000,1762807499999999,9207037.37872000,32123,1569004.30000000,4028230.86230000,0
1762807500000000,2.57720000,2.58080000,2.55480000,2.56380000,4918543.10000000,1762808399999999,12637028.37602000,52329,1804652.00000000,4636906.33655000,0
1762808400000000,2.56370000,2.56500000,2.52730000,2.54550000,3361201.10000000,1762809299999999,8542556.70426000,48268,1327096.20000000,3372513.39780000,0
1762809300000000,2.54550000,2.55160000,2.52430000,2.52820000,2107840.10000000,1762810199999999,5345051.47899000,25211,1026163.40000000,2601328.74664000,0
1762810200000000,2.52830000,2.53240000,2.51670000,2.52590000,1851300.90000000,1762811099999999,4673080.03893000,21664,738720.70000000,1865004.09802000,0
1762811100000000,2.52600000,2.52800000,2.51150000,2.51770000,1528186.00000000,1762811999999999,3847203.34432000,20606,607037.80000000,1527953.52598000,0
1762812000000000,2.51760000,2.53360000,2.51290000,2.51940000,976517.90000000,1762812899999999,2464118.11364000,17359,479246.30000000,1209374.47470000,0
1762812900000000,2.51940000,2.53070000,2.51750000,2.52630000,780087.00000000,1762813799999999,1969650.90518000,11408,411366.60000000,1038531.86196000,0
1762813800000000,2.52630000,2.53420000,2.52020000,2.52510000,782511.70000000,1762814699999999,1977893.89119000,12267,438687.40000000,1108735.48194000,0
1762814700000000,2.52500000,2.53370000,2.52060000,2.53200000,966071.30000000,1762815599999999,2440955.06033000,10973,526306.00000000,1329562.43307000,0
1762815600000000,2.53200000,2.54070000,2.52910000,2.53380000,1026712.30000000,1762816499999999,2603496.86825000,17380,547789.60000000,1388969.64234000,0
1762816500000000,2.53390000,2.53480000,2.52290000,2.52970000,1252304.00000000,1762817399999999,3168544.04704000,11926,548501.50000000,1387949.71882000,0
1762817400000000,2.52970000,2.53590000,2.52460000,2.53280000,1054131.40000000,1762818299999999,2665776.06483000,10916,363239.60000000,918830.85666000,0
1762818300000000,2.53280000,2.53470000,2.52410000,2.52600000,548379.20000000,1762819199999999,1386861.68872000,10594,261530.90000000,661538.86543000,0
1762819200000000,2.52600000,2.54620000,2.52410000,2.53930000,2221374.30000000,1762820099999999,5635256.30513000,26087,1147651.70000000,2911661.84886000,0
1762820100000000,2.53930000,2.54320000,2.52670000,2.52950000,914441.50000000,1762820999999999,2319480.11666000,14775,462044.50000000,1172117.25613000,0
1762821000000000,2.52940000,2.53400000,2.51570000,2.51580000,1500835.80000000,1762821899999999,3788145.10821000,25368,797738.80000000,2013606.55345000,0
1762821900000000,2.51570000,2.54700000,2.51380000,2.54100000,1861310.00000000,1762822799999999,4709626.66808000,26532,1081013.90000000,2737574.70685000,0
1762822800000000,2.54100000,2.54570000,2.53310000,2.54280000,1041108.20000000,1762823699999999,2643653.52939000,19651,605262.20000000,1536836.98715000,0
1762823700000000,2.54270000,2.57000000,2.54270000,2.54970000,3020283.30000000,1762824599999999,7729070.83973000,45754,1754890.40000000,4491830.07137000,0
1762824600000000,2.54980000,2.55350000,2.53250000,2.53540000,1235145.90000000,1762825499999999,3141551.60107000,28321,588222.90000000,1496756.74980000,0
1762825500000000,2.53540000,2.54540000,2.52040000,2.52490000,1416887.40000000,1762826399999999,3587503.72965000,20780,876373.40000000,2219242.63121000,0
1762826400000000,2.52500000,2.53450000,2.51510000,2.53130000,1327720.10000000,1762827299999999,3350808.66550000,25184,735387.00000000,1856176.29337000,0
1762827300000000,2.53130000,2.53800000,2.52020000,2.53760000,1493852.60000000,1762828199999999,3775535.44441000,17767,686086.30000000,1734325.75740000,0
1762828200000000,2.53770000,2.55920000,2.53570000,2.54860000,2282357.80000000,1762829099999999,5813236.18719000,32108,1315684.40000000,3350819.70045000,0
1762829100000000,2.54870000,2.55410000,2.53160000,2.53730000,1320947.50000000,1762829999999999,3355657.12693000,21197,762428.30000000,1935955.13055000,0
1762830000000000,2.53740000,2.54690000,2.53350000,2.54630000,987613.90000000,1762830899999999,2507852.12111000,14000,584532.40000000,1484170.82917000,0
1762830900000000,2.54620000,2.54790000,2.53740000,2.53740000,1006199.40000000,1762831799999999,2558171.06217000,12545,584207.90000000,1485193.87772000,0
1762831800000000,2.53740000,2.54550000,2.53410000,2.53410000,1003845.20000000,1762832699999999,2550042.77955000,15738,580028.70000000,1473241.09992000,0
1762832700000000,2.53410000,2.53650000,2.52960000,2.53010000,819399.80000000,1762833599999999,2075494.59969000,10413,508811.20000000,1288812.05450000,0
1762833600000000,2.53000000,2.53250000,2.51910000,2.52130000,1589019.60000000,1762834499999999,4012711.82732000,12768,877393.70000000,2215671.96817000,0
1762834500000000,2.52120000,2.52740000,2.51760000,2.51940000,982741.50000000,1762835399999999,2477916.74703000,13946,592739.80000000,1494449.88542000,0
1762835400000000,2.51930000,2.52110000,2.50710000,2.51080000,2002029.90000000,1762836299999999,5031984.05923000,17853,963185.90000000,2420416.91442000,0
1762836300000000,2.51080000,2.51080000,2.49400000,2.50060000,2875001.60000000,1762837199999999,7192009.03551000,25129,1114775.80000000,2788098.98271000,0
1762837200000000,2.50060000,2.50240000,2.48570000,2.48930000,2328613.30000000,1762838099999999,5803995.42762000,25897,876492.90000000,2184619.57291000,0
1762838100000000,2.48930000,2.49700000,2.48670000,2.49100000,1596547.50000000,1762838999999999,3976682.40819000,18591,740392.80000000,1844018.69989000,0
1762839000000000,2.49110000,2.49190000,2.47830000,2.48130000,2329524.30000000,1762839899999999,5786538.02850000,22598,1145596.20000000,2845521.27458000,0
1762839900000000,2.48120000,2.48380000,2.47270000,2.47610000,2235381.00000000,1762840799999999,5542438.54969000,21097,1050322.80000000,2604099.00562000,0
1762840800000000,2.47600000,2.47790000,2.45690000,2.46120000,4716583.50000000,1762841699999999,11627193.89062000,35697,1905649.10000000,4697422.83273000,0
1762841700000000,2.46130000,2.47050000,2.45830000,2.46560000,1770780.20000000,1762842599999999,4362250.39239000,16305,809158.30000000,1993318.15540000,0
1762842600000000,2.46570000,2.47590000,2.46500000,2.46740000,1353876.60000000,1762843499999999,3345526.10406000,14211,751755.80000000,1857223.82199000,0
1762843500000000,2.46750000,2.47580000,2.45790000,2.47340000,1085243.90000000,1762844399999999,2677123.56759000,15096,563554.90000000,1390648.06789000,0
1762844400000000,2.47330000,2.48040000,2.46040000,2.46560000,1171157.50000000,1762845299999999,2896287.44689000,12136,621331.90000000,1536286.43264000,0
1762845300000000,2.46570000,2.46770000,2.45440000,2.46450000,1818056.00000000,1762846199999999,4476117.30228000,23042,798864.10000000,1966493.70264000,0
1762846200000000,2.46450000,2.46740000,2.45350000,2.45730000,1497429.40000000,1762847099999999,3684994.68461000,18003,629400.60000000,1548826.82783000,0
1762847100000000,2.45730000,2.45930000,2.44500000,2.44770000,2806707.30000000,1762847999999999,6877795.49253000,22273,1093367.00000000,2679510.48246000,0
1762848000000000,2.44780000,2.45890000,2.44210000,2.45430000,1612137.00000000,1762848899999999,3948420.24626000,22867,884197.10000000,2165571.46241000,0
1762848900000000,2.45430000,2.46030000,2.44740000,2.44780000,934893.20000000,1762849799999999,2295664.70185000,19741,484931.70000000,1190792.73454000,0
1762849800000000,2.44770000,2.45000000,2.44000000,2.44560000,1385398.60000000,1762850699999999,3385270.24270000,16530,478341.40000000,1169211.00156000,0
1762850700000000,2.44560000,2.45490000,2.44440000,2.45460000,916749.00000000,1762851599999999,2245435.18640000,14199,483778.60000000,1184969.37272000,0
1762851600000000,2.45460000,2.46740000,2.45290000,2.45740000,988731.00000000,1762852499999999,2433083.13853000,14662,518610.90000000,1276312.59207000,0
1762852500000000,2.45750000,2.46420000,2.45290000,2.46160000,678233.40000000,1762853399999999,1668564.08021000,12899,386681.10000000,951484.57143000,0
1762853400000000,2.46170000,2.46670000,2.45400000,2.45500000,775111.20000000,1762854299999999,1907516.04613000,11441,460385.60000000,1133148.77170000,0
1762854300000000,2.45490000,2.45880000,2.45260000,2.45720000,504786.40000000,1762855199999999,1239743.01800000,13697,246538.30000000,605419.49532000,0
1762855200000000,2.45710000,2.46720000,2.45590000,2.46360000,934513.60000000,1762856099999999,2301409.39855000,15152,435255.30000000,1071779.62742000,0
1762856100000000,2.46370000,2.46780000,2.45690000,2.46180000,706169.00000000,1762856999999999,1739086.84242000,12603,337922.70000000,832172.83203000,0
1762857000000000,2.46190000,2.46510000,2.45680000,2.46420000,589897.90000000,1762857899999999,1452165.39127000,10358,204824.50000000,504165.43604000,0
1762857900000000,2.46420000,2.46560000,2.46030000,2.46340000,426338.20000000,1762858799999999,1050207.49054000,7587,193748.60000000,477237.35116000,0
1762858800000000,2.46340000,2.47030000,2.46270000,2.46700000,997180.30000000,1762859699999999,2460362.55736000,9261,513873.10000000,1267929.12634000,0
1762859700000000,2.46690000,2.46700000,2.46010000,2.46090000,686077.90000000,1762860599999999,1689657.00751000,9468,364022.00000000,896347.79584000,0
1762860600000000,2.46080000,2.46530000,2.45940000,2.46380000,852721.00000000,1762861499999999,2099102.49466000,8549,534488.50000000,1315627.05548000,0
1762861500000000,2.46370000,2.46490000,2.45570000,2.46050000,920749.80000000,1762862399999999,2264379.01329000,10841,402361.10000000,989539.46428000,0
1762862400000000,2.46050000,2.46730000,2.45680000,2.46090000,878259.40000000,1762863299999999,2163023.36763000,13765,512968.70000000,1263464.87621000,0
1762863300000000,2.46100000,2.46470000,2.45560000,2.45690000,763397.30000000,1762864199999999,1877138.30426000,12615,443391.70000000,1090179.99526000,0
1762864200000000,2.45700000,2.46040000,2.45240000,2.45240000,653303.30000000,1762865099999999,1604791.31198000,12711,325188.20000000,798873.55209000,0
1762865100000000,2.45240000,2.45990000,2.44870000,2.45750000,1005325.00000000,1762865999999999,2467369.43419000,17010,398843.30000000,979094.04395000,0
1762866000000000,2.45740000,2.46960000,2.45740000,2.46840000,648105.40000000,1762866899999999,1597621.22434000,13297,320097.60000000,789125.20738000,0
1762866900000000,2.46850000,2.47060000,2.45300000,2.45630000,990568.70000000,1762867799999999,2438533.25758000,14982,412122.10000000,1014751.21636000,0
1762867800000000,2.45620000,2.46250000,2.44530000,2.45390000,2105219.00000000,1762868699999999,5163233.41697000,24526,1004506.60000000,2463586.46979000,0
1762868700000000,2.45400000,2.46030000,2.44010000,2.44460000,1688162.90000000,1762869599999999,4137013.71707000,22998,659823.50000000,1617191.55743000,0
1762869600000000,2.44460000,2.44940000,2.43260000,2.43580000,1952102.40000000,1762870499999999,4759658.38904000,30338,843609.10000000,2056834.86302000,0
1762870500000000,2.43570000,2.45020000,2.43470000,2.44370000,1420189.50000000,1762871399999999,3469372.09255000,22965,761441.00000000,1860251.38070000,0
1762871400000000,2.44370000,2.45360000,2.43950000,2.44910000,1682549.50000000,1762872299999999,4119849.28908000,28662,731160.20000000,1790384.04599000,0
1762872300000000,2.44900000,2.46580000,2.43980000,2.46300000,2432144.70000000,1762873199999999,5962957.38628000,36612,1062673.10000000,2605882.37634000,0
1762873200000000,2.46300000,2.46300000,2.44670000,2.45120000,1242807.10000000,1762874099999999,3050151.46257000,27396,485216.50000000,1190667.39326000,0
1762874100000000,2.45120000,2.45590000,2.44100000,2.44100000,1240402.10000000,1762874999999999,3037965.58758000,20328,633887.30000000,1552658.47901000,0
1762875000000000,2.44100000,2.44110000,2.42630000,2.43490000,2397991.00000000,1762875899999999,5833213.07522000,36104,1014247.30000000,2467742.78098000,0
1762875900000000,2.43490000,2.43950000,2.42610000,2.43680000,1171371.00000000,1762876799999999,2849981.82627000,22400,545008.60000000,1326200.78679000,0
1762876800000000,2.43670000,2.44190000,2.42740000,2.43780000,1195509.00000000,1762877699999999,2912180.96584000,21241,489263.30000000,1192147.81038000,0
1762877700000000,2.43770000,2.44210000,2.42820000,2.42980000,847929.70000000,1762878599999999,2066819.05556000,15725,457836.80000000,1116347.11651000,0
1762878600000000,2.42990000,2.43630000,2.42600000,2.43520000,947048.10000000,1762879499999999,2301799.54816000,18189,459091.80000000,1115747.42065000,0
1762879500000000,2.43520000,2.43850000,2.42820000,2.43160000,754326.80000000,1762880399999999,1835219.40878000,13721,374313.00000000,910781.72063000,0
1762880400000000,2.43150000,2.44210000,2.43060000,2.43870000,937230.40000000,1762881299999999,2283385.83529000,14585,433085.50000000,1055426.36157000,0
1762881300000000,2.43860000,2.44090000,2.42330000,2.42590000,1357758.60000000,1762882199999999,3296073.89109000,16514,673599.00000000,1635111.03054000,0
1762882200000000,2.42590000,2.42860000,2.41050000,2.42570000,2240385.00000000,1762883099999999,5424072.22524000,28184,1074310.70000000,2600564.23779000,0
1762883100000000,2.42560000,2.43180000,2.41870000,2.43060000,695574.40000000,1762883999999999,1687471.99281000,17484,315538.60000000,765544.57629000,0
1762884000000000,2.43050000,2.44020000,2.42650000,2.43190000,1141759.40000000,1762884899999999,2778146.33131000,15788,701805.00000000,1707919.95207000,0
1762884900000000,2.43200000,2.43440000,2.42400000,2.42890000,776556.00000000,1762885799999999,1886222.04673000,13761,281597.40000000,683960.45977000,0
1762885800000000,2.42890000,2.43400000,2.42290000,2.42580000,685144.40000000,1762886699999999,1663099.65258000,12966,289967.30000000,703873.22279000,0
1762886700000000,2.42580000,2.43310000,2.42420000,2.42480000,750691.90000000,1762887599999999,1823371.41476000,11465,360018.80000000,874354.38935000,0
1762887600000000,2.42490000,2.42490000,2.41010000,2.41910000,1363874.20000000,1762888499999999,3294869.38522000,18923,568554.70000000,1373519.10887000,0
1762888500000000,2.41920000,2.43020000,2.41920000,2.42940000,501516.60000000,1762889399999999,1215602.00777000,10317,290707.60000000,704483.21599000,0
1762889400000000,2.42930000,2.43210000,2.42150000,2.42360000,466789.90000000,1762890299999999,1133098.11522000,10962,231380.00000000,561518.90663000,0
1762890300000000,2.42350000,2.42500000,2.41220000,2.41610000,1118723.60000000,1762891199999999,2704968.14102000,16760,557244.50000000,1347213.53902000,0
1762891200000000,2.41610000,2.41800000,2.40740000,2.41450000,1407779.70000000,1762892099999999,3394939.52042000,20029,699391.10000000,1686571.85010000,0
1762892100000000,2.41450000,2.42270000,2.41200000,2.41660000,780708.00000000,1762892999999999,1887979.10646000,16595,342008.90000000,826972.07758000,0
1762893000000000,2.41660000,2.41660000,2.40230000,2.40230000,1349933.70000000,1762893899999999,3248640.93722000,20867,718467.90000000,1729043.85228000,0
1762893900000000,2.40240000,2.41220000,2.39890000,2.40840000,2111927.00000000,1762894799999999,5077512.73615000,30780,831227.80000000,1998951.53042000,0
1762894800000000,2.40830000,2.41740000,2.40260000,2.40800000,1841148.30000000,1762895699999999,4434584.67756000,22720,1190446.20000000,2866381.06456000,0
1762895700000000,2.40800000,2.40860000,2.40170000,2.40220000,471064.80000000,1762896599999999,1132802.39606000,11017,303160.90000000,729038.75081000,0
1762896600000000,2.40220000,2.40230000,2.38650000,2.39000000,1583283.00000000,1762897499999999,3792346.64125000,23486,798425.40000000,1912869.89797000,0
1762897500000000,2.39000000,2.39620000,2.38730000,2.38730000,1222110.40000000,1762898399999999,2922087.36712000,20174,559517.50000000,1337634.62643000,0
1762898400000000,2.38740000,2.39560000,2.37870000,2.39520000,1304457.60000000,1762899299999999,3110090.62489000,22166,631185.00000000,1505048.64291000,0
1762899300000000,2.39510000,2.39780000,2.38610000,2.39640000,890601.80000000,1762900199999999,2130573.50467000,15895,534366.50000000,1278535.41817000,0
1762900200000000,2.39630000,2.40990000,2.39370000,2.40510000,1184098.70000000,1762901099999999,2847303.82106000,13281,591536.90000000,1421934.19116000,0
1762901100000000,2.40520000,2.41260000,2.40130000,2.40310000,1038084.60000000,1762901999999999,2499681.22167000,11098,596348.40000000,1435977.15514000,0
1762902000000000,2.40320000,2.40380000,2.39000000,2.39990000,1156014.20000000,1762902899999999,2769870.99472000,21455,620351.80000000,1486196.07061000,0
1762902900000000,2.39990000,2.40450000,2.39620000,2.39930000,712804.10000000,1762903799999999,1710979.21794000,13944,437148.00000000,1049164.26740000,0
1762903800000000,2.39930000,2.39930000,2.38830000,2.39520000,981741.60000000,1762904699999999,2350309.64360000,13063,365617.70000000,875120.99192000,0
1762904700000000,2.39520000,2.39650000,2.38730000,2.39150000,928714.60000000,1762905599999999,2221721.90272000,19640,464219.50000000,1110581.00437000,0
1762905600000000,2.39150000,2.40450000,2.38650000,2.39510000,1229184.50000000,1762906499999999,2946118.50937000,23520,729726.80000000,1749178.45447000,0
1762906500000000,2.39500000,2.40680000,2.39300000,2.40180000,1024981.60000000,1762907399999999,2461428.48035000,28119,609196.50000000,1462928.16070000,0
1762907400000000,2.40180000,2.40270000,2.39040000,2.39490000,830046.00000000,1762908299999999,1988200.40017000,20766,421912.80000000,1010597.06799000,0
1762908300000000,2.39480000,2.39820000,2.38210000,2.38400000,745315.80000000,1762909199999999,1782424.99963000,15567,386531.40000000,924501.85145000,0
1762909200000000,2.38410000,2.40420000,2.38130000,2.40240000,879318.40000000,1762910099999999,2106188.86652000,22666,478677.10000000,1146930.18444000,0
1762910100000000,2.40240000,2.41460000,2.40100000,2.40460000,2564958.80000000,1762910999999999,6177056.55198000,24515,1415379.70000000,3407985.12633000,0
1762911000000000,2.40460000,2.41350000,2.40290000,2.41010000,658534.40000000,1762911899999999,1586092.15934000,13834,417946.30000000,1006632.70202000,0
1762911900000000,2.41010000,2.41360000,2.40430000,2.40550000,736644.10000000,1762912799999999,1774303.36471000,10958,393359.90000000,947326.25682000,0
1762912800000000,2.40550000,2.40560000,2.39940000,2.40150000,623260.20000000,1762913699999999,1496999.01139000,12204,315647.60000000,758138.97899000,0
1762913700000000,2.40150000,2.40550000,2.39330000,2.39530000,1456105.70000000,1762914599999999,3492751.01282000,15115,798212.40000000,1914760.72809000,0
1762914600000000,2.39530000,2.39540000,2.38250000,2.39120000,1096833.60000000,1762915499999999,2619458.96217000,18567,610245.10000000,1457268.42658000,0
1762915500000000,2.39120000,2.40030000,2.38810000,2.39360000,1002023.60000000,1762916399999999,2398836.45139000,10405,691994.20000000,1656594.43015000,0
1762916400000000,2.39370000,2.40020000,2.38970000,2.39930000,1069881.90000000,1762917299999999,2564210.72366000,11237,729804.00000000,1748899.09007000,0
1762917300000000,2.39940000,2.40330000,2.39810000,2.40260000,956089.90000000,1762918199999999,2295176.06139000,8160,610966.30000000,1466539.11378000,0
1762918200000000,2.40260000,2.40270000,2.39840000,2.39850000,727690.70000000,1762919099999999,1746333.76740000,6045,428969.20000000,1029392.30138000,0
1762919100000000,2.39860000,2.40280000,2.39670000,2.39890000,812644.00000000,1762919999999999,1950102.55921000,6742,488958.90000000,1173267.67948000,0
1762920000000000,2.39900000,2.39950000,2.39210000,2.39840000,886303.90000000,1762920899999999,2123605.67075000,9082,519155.10000000,1243860.95824000,0
1762920900000000,2.39830000,2.39890000,2.39380000,2.39560000,741168.50000000,1762921799999999,1775689.56826000,7106,424885.10000000,1017863.62931000,0
1762921800000000,2.39570000,2.39610000,2.38900000,2.39010000,802014.30000000,1762922699999999,1918615.36302000,6874,453232.10000000,1084114.88609000,0
1762922700000000,2.39010000,2.39550000,2.38870000,2.39500000,784855.40000000,1762923599999999,1876733.92589000,7305,541668.90000000,1295167.36583000,0
1762923600000000,2.39500000,2.39780000,2.39080000,2.39480000,894867.60000000,1762924499999999,2142674.66755000,6397,505430.60000000,1210200.34928000,0
1762924500000000,2.39480000,2.40870000,2.39400000,2.40590000,1230931.50000000,1762925399999999,2958235.29467000,9107,832074.60000000,1999507.24435000,0
1762925400000000,2.40580000,2.40600000,2.39960000,2.40590000,772173.90000000,1762926299999999,1855031.95175000,6467,466972.00000000,1121762.87213000,0
1762926300000000,2.40600000,2.40680000,2.39850000,2.40000000,589909.30000000,1762927199999999,1417669.27406000,6578,318142.70000000,764409.96326000,0
1762927200000000,2.40000000,2.40400000,2.39670000,2.39860000,797219.70000000,1762928099999999,1913420.52227000,6443,428459.00000000,1028277.41117000,0
1762928100000000,2.39850000,2.40400000,2.39770000,2.40230000,716990.40000000,1762928999999999,1721738.64171000,10782,413805.90000000,993728.15557000,0
1762929000000000,2.40220000,2.40220000,2.39420000,2.39450000,798054.00000000,1762929899999999,1913602.98364000,7655,522862.80000000,1253619.97401000,0
1762929900000000,2.39460000,2.39610000,2.38850000,2.38910000,1760911.40000000,1762930799999999,4211622.21193000,7947,908782.00000000,2173256.31759000,0
1762930800000000,2.38900000,2.38940000,2.37980000,2.38470000,1484775.50000000,1762931699999999,3539873.06825000,12639,727666.40000000,1734645.50551000,0
1762931700000000,2.38470000,2.38860000,2.38170000,2.38860000,832639.70000000,1762932599999999,1986185.62193000,8873,495940.60000000,1183083.55716000,0
1762932600000000,2.38850000,2.39260000,2.38350000,2.38910000,614226.70000000,1762933499999999,1467211.62456000,9266,360411.20000000,860850.55394000,0
1762933500000000,2.38920000,2.39020000,2.36450000,2.37340000,2995877.30000000,1762934399999999,7115223.91659000,19164,1375062.40000000,3266163.68725000,0
1762934400000000,2.37340000,2.39020000,2.37230000,2.38930000,940063.20000000,1762935299999999,2239039.79026000,11329,440372.10000000,1048932.34000000,0
1762935300000000,2.38930000,2.40290000,2.38930000,2.40230000,1128354.30000000,1762936199999999,2705919.07280000,17534,632115.30000000,1515896.04068000,0
1762936200000000,2.40240000,2.41580000,2.39850000,2.40910000,2111437.00000000,1762937099999999,5086359.19355000,20731,1298036.00000000,3126893.04130000,0
1762937100000000,2.40920000,2.41360000,2.40520000,2.40550000,1254196.90000000,1762937999999999,3022578.90805000,12319,698751.50000000,1684003.28264000,0
1762938000000000,2.40540000,2.42830000,2.40190000,2.42260000,2524645.90000000,1762938899999999,6100987.75088000,18072,1580713.40000000,3819374.52520000,0
1762938900000000,2.42260000,2.42730000,2.41880000,2.42070000,2098310.20000000,1762939799999999,5084264.82602000,11021,1243260.30000000,3012459.69576000,0
1762939800000000,2.42060000,2.42230000,2.40960000,2.41990000,1213519.30000000,1762940699999999,2932011.80664000,11193,676111.50000000,1633563.96170000,0
1762940700000000,2.41990000,2.42190000,2.41490000,2.41970000,944545.90000000,1762941599999999,2284019.15790000,8526,602560.60000000,1456915.96808000,0
1762941600000000,2.41980000,2.42230000,2.41610000,2.42060000,992335.60000000,1762942499999999,2400218.25168000,7852,553650.70000000,1339357.02036000,0
1762942500000000,2.42070000,2.42670000,2.41710000,2.42510000,1077403.80000000,1762943399999999,2609770.77824000,8059,631245.20000000,1529054.60782000,0
1762943400000000,2.42510000,2.43100000,2.42120000,2.42420000,2332761.50000000,1762944299999999,5659513.19830000,16561,1201161.20000000,2914356.36190000,0
1762944300000000,2.42420000,2.43040000,2.42170000,2.42290000,1133551.20000000,1762945199999999,2750151.18623000,8967,677273.60000000,1643150.53135000,0
1762945200000000,2.42290000,2.43810000,2.42260000,2.43560000,2642482.40000000,1762946099999999,6425923.83831000,19505,1572105.00000000,3822383.71321000,0
1762946100000000,2.43560000,2.43890000,2.42820000,2.42980000,1753876.10000000,1762946999999999,4270457.18752000,15076,845562.40000000,2059060.06900000,0
1762947000000000,2.42970000,2.43550000,2.42900000,2.43230000,745170.50000000,1762947899999999,1812534.91292000,8200,410358.00000000,998130.93284000,0
1762947900000000,2.43230000,2.43890000,2.43100000,2.43830000,728679.10000000,1762948799999999,1774685.45141000,7410,423925.20000000,1032627.76733000,0
1762948800000000,2.43830000,2.44220000,2.43330000,2.43820000,1590780.10000000,1762949699999999,3879046.93572000,11251,724287.30000000,1765940.32339000,0
1762949700000000,2.43810000,2.44490000,2.43250000,2.43980000,1653609.90000000,1762950599999999,4035554.03537000,14820,930521.50000000,2271010.61733000,0
1762950600000000,2.43970000,2.44520000,2.43590000,2.44200000,1218487.80000000,1762951499999999,2974456.55523000,10938,720225.50000000,1758335.76673000,0
1762951500000000,2.44200000,2.44770000,2.44120000,2.44330000,1336267.80000000,1762952399999999,3266413.32621000,9475,703478.60000000,1719311.48198000,0
1762952400000000,2.44320000,2.44440000,2.43390000,2.43710000,1287969.30000000,1762953299999999,3140943.05132000,10857,634985.40000000,1548690.44800000,0
1762953300000000,2.43700000,2.44210000,2.42800000,2.44040000,1294990.40000000,1762954199999999,3150365.42328000,14139,757560.80000000,1842720.55513000,0
1762954200000000,2.44050000,2.44760000,2.43650000,2.44370000,1387018.40000000,1762955099999999,3389031.95304000,13412,864469.30000000,2112383.65428000,0
1762955100000000,2.44370000,2.44910000,2.44170000,2.44610000,1096859.80000000,1762955999999999,2683127.26014000,10508,546816.60000000,1337546.06186000,0
1762956000000000,2.44600000,2.44880000,2.43740000,2.44670000,1092359.80000000,1762956899999999,2668366.21327000,12827,495844.30000000,1211305.64409000,0
1762956900000000,2.44670000,2.44850000,2.44120000,2.44330000,954396.70000000,1762957799999999,2333078.64329000,11785,486092.60000000,1188099.08718000,0
1762957800000000,2.44320000,2.44320000,2.42980000,2.43460000,2244467.70000000,1762958699999999,5467805.71883000,25241,940624.80000000,2291448.89355000,0
1762958700000000,2.43460000,2.43870000,2.39570000,2.41250000,4440667.70000000,1762959599999999,10708351.85579000,57385,2091856.40000000,5043717.81563000,0
1762959600000000,2.41250000,2.42480000,2.40200000,2.40520000,2287933.20000000,1762960499999999,5520170.46070000,36225,1090675.80000000,2633452.06547000,0
1762960500000000,2.40530000,2.40990000,2.39250000,2.40170000,1807034.10000000,1762961399999999,4340740.00929000,31748,810770.10000000,1947702.26176000,0
1762961400000000,2.40170000,2.41060000,2.38310000,2.38800000,1949344.80000000,1762962299999999,4664369.53183000,36599,829965.00000000,1986818.55747000,0
1762962300000000,2.38810000,2.38880000,2.36350000,2.36840000,4649620.40000000,1762963199999999,11040906.11042000,50406,2089020.30000000,4960359.01630000,0
1762963200000000,2.36840000,2.37380000,2.32800000,2.33860000,7025077.40000000,1762964099999999,16513497.89069000,73590,3120122.00000000,7334979.31054000,0
1762964100000000,2.33870000,2.35180000,2.32840000,2.33510000,3598908.80000000,1762964999999999,8420344.41881000,50133,1960791.00000000,4587225.19021000,0
1762965000000000,2.33500000,2.35150000,2.32750000,2.34240000,2305381.50000000,1762965899999999,5402535.56752000,37917,1324840.70000000,3105321.32787000,0
1762965900000000,2.34240000,2.34670000,2.32970000,2.33790000,1955265.40000000,1762966799999999,4570694.79405000,29354,1015205.80000000,2372378.25774000,0
1762966800000000,2.33790000,2.34600000,2.33440000,2.33620000,1520133.40000000,1762967699999999,3555480.68234000,28261,786886.90000000,1840319.14422000,0
1762967700000000,2.33630000,2.34150000,2.32630000,2.33760000,1341914.80000000,1762968599999999,3131612.86757000,26152,724270.20000000,1690310.77024000,0
1762968600000000,2.33760000,2.35710000,2.33460000,2.34470000,2061429.90000000,1762969499999999,4838891.80228000,24854,1066902.20000000,2503954.86153000,0
1762969500000000,2.34480000,2.35190000,2.34240000,2.34890000,1258082.30000000,1762970399999999,2952823.76250000,15508,699955.90000000,1642862.17121000,0
1762970400000000,2.34890000,2.35610000,2.34210000,2.34410000,1714078.20000000,1762971299999999,4027873.83865000,16084,947560.60000000,2226252.61459000,0
1762971300000000,2.34400000,2.35280000,2.34340000,2.34420000,1097650.20000000,1762972199999999,2577209.16776000,13786,649206.90000000,1524337.75600000,0
1762972200000000,2.34420000,2.35290000,2.34180000,2.34800000,851482.30000000,1762973099999999,1999299.36323000,10956,415960.90000000,976733.86960000,0
1762973100000000,2.34790000,2.34870000,2.34170000,2.34360000,940502.30000000,1762973999999999,2205801.25603000,8205,444618.80000000,1042719.76197000,0
1762974000000000,2.34360000,2.34370000,2.32530000,2.32710000,1575919.60000000,1762974899999999,3674722.50190000,17664,625989.90000000,1459740.94131000,0
1762974900000000,2.32710000,2.33230000,2.32140000,2.32620000,1249012.00000000,1762975799999999,2905645.20202000,13329,697755.80000000,1622944.19210000,0
1762975800000000,2.32620000,2.35210000,2.31660000,2.34350000,2869307.40000000,1762976699999999,6692757.08643000,32695,1538408.90000000,3592569.59338000,0
1762976700000000,2.34350000,2.34430000,2.33500000,2.33800000,1304046.60000000,1762977599999999,3051156.16862000,17207,689149.70000000,1612319.80421000,0
1762977600000000,2.33790000,2.34580000,2.33350000,2.33980000,1655719.90000000,1762978499999999,3875118.49100000,17579,600590.50000000,1405408.64147000,0
1762978500000000,2.33980000,2.34970000,2.33870000,2.34900000,1516345.60000000,1762979399999999,3555127.14822000,15786,703908.60000000,1650263.67906000,0
1762979400000000,2.34910000,2.35500000,2.34600000,2.35100000,1909153.40000000,1762980299999999,4488078.16394000,19493,879762.90000000,2068073.72200000,0
1762980300000000,2.35100000,2.35720000,2.34770000,2.35390000,1383572.40000000,1762981199999999,3253239.58667000,16640,581835.30000000,1367998.31259000,0
1762981200000000,2.35390000,2.37920000,2.35370000,2.37570000,2188106.00000000,1762982099999999,5180724.24818000,19865,1201599.40000000,2843515.49367000,0
1762982100000000,2.37560000,2.37740000,2.36900000,2.37220000,1618501.70000000,1762982999999999,3842367.34826000,15375,663308.10000000,1574657.82729000,0
1762983000000000,2.37230000,2.38770000,2.37190000,2.38770000,1755854.20000000,1762983899999999,4183696.33329000,14770,901901.40000000,2148982.12330000,0
1762983900000000,2.38760000,2.39470000,2.38290000,2.39380000,1309193.20000000,1762984799999999,3126775.96214000,14321,625248.80000000,1493205.09715000,0
1762984800000000,2.39380000,2.39430000,2.36370000,2.36820000,1487175.10000000,1762985699999999,3539096.11873000,19360,750093.70000000,1785942.04995000,0
1762985700000000,2.36810000,2.37750000,2.36700000,2.37000000,836703.60000000,1762986599999999,1984488.85776000,12250,466797.20000000,1107113.21816000,0
1762986600000000,2.37000000,2.37610000,2.36350000,2.37550000,874809.80000000,1762987499999999,2071660.67010000,11165,505968.20000000,1198238.20436000,0
1762987500000000,2.37540000,2.38120000,2.37270000,2.37960000,439088.70000000,1762988399999999,1043867.38110000,7710,277128.10000000,658791.31435000,0
1762988400000000,2.37960000,2.38050000,2.36810000,2.37350000,838533.10000000,1762989299999999,1990582.38726000,12184,507543.30000000,1204582.56907000,0
1762989300000000,2.37360000,2.39130000,2.37360000,2.38450000,1568899.20000000,1762990199999999,3743178.35336000,15278,931378.10000000,2221869.89301000,0
1762990200000000,2.38440000,2.38790000,2.37880000,2.38090000,1038339.50000000,1762991099999999,2473899.69811000,11012,516169.70000000,1229779.50899000,0
1762991100000000,2.38090000,2.38980000,2.37860000,2.38790000,1042035.00000000,1762991999999999,2485251.11249000,11221,659936.00000000,1573710.30126000,0
1762992000000000,2.38780000,2.39360000,2.38270000,2.39080000,730584.50000000,1762992899999999,1745214.25635000,12194,402887.60000000,962425.15229000,0
1762992900000000,2.39070000,2.40400000,2.38540000,2.38970000,1438304.40000000,1762993799999999,3444451.87472000,19559,847363.20000000,2029772.29887000,0
1762993800000000,2.38970000,2.40590000,2.38960000,2.39690000,998139.10000000,1762994699999999,2393719.87843000,16928,556276.60000000,1333906.16984000,0
1762994700000000,2.39690000,2.39770000,2.38680000,2.39160000,1107385.30000000,1762995599999999,2648148.68336000,14096,549890.10000000,1314835.15898000,0
1762995600000000,2.39160000,2.41460000,2.39150000,2.40990000,2860304.30000000,1762996499999999,6874570.18400000,25755,1777719.20000000,4272345.73702000,0
1762996500000000,2.40980000,2.41050000,2.39540000,2.39950000,1214179.40000000,1762997399999999,2917092.92918000,24186,769591.40000000,1848998.97850000,0
1762997400000000,2.39960000,2.41750000,2.39880000,2.41370000,1235216.50000000,1762998299999999,2978298.89925000,17483,570407.20000000,1374959.54496000,0
1762998300000000,2.41370000,2.41540000,2.40040000,2.40460000,836603.10000000,1762999199999999,2013358.05944000,12541,387338.50000000,932746.40513000,0
1762999200000000,2.40460000,2.41440000,2.40390000,2.40750000,1364653.50000000,1763000099999999,3288883.78530000,13757,324027.60000000,780895.34939000,0
1763000100000000,2.40750000,2.41620000,2.40600000,2.41040000,756885.70000000,1763000999999999,1826144.86430000,14041,330975.60000000,798611.19510000,0
1763001000000000,2.41040000,2.42500000,2.40920000,2.41820000,1402590.40000000,1763001899999999,3394029.40005000,17393,710977.70000000,1720851.81345000,0
1763001900000000,2.41820000,2.42600000,2.41560000,2.42220000,879598.80000000,1763002799999999,2129908.18870000,12883,438928.00000000,1062585.04446000,0
1763002800000000,2.42220000,2.42470000,2.39700000,2.39770000,1829579.40000000,1763003699999999,4416067.75843000,21662,647517.00000000,1563221.22065000,0
1763003700000000,2.39770000,2.43520000,2.38920000,2.43430000,3520402.30000000,1763004599999999,8493565.32711000,40401,1754387.30000000,4237053.20881000,0
1763004600000000,2.43430000,2.49080000,2.43360000,2.47830000,6145501.80000000,1763005499999999,15139212.60588000,67545,3904070.90000000,9620165.67279000,0
1763005500000000,2.47830000,2.51240000,2.46980000,2.48380000,7262484.30000000,1763006399999999,18128122.79859000,74227,3696546.40000000,9226848.50973000,0
1763006400000000,2.48370000,2.49050000,2.45130000,2.47810000,6045653.00000000,1763007299999999,14925307.39951000,65235,3258974.90000000,8044769.07606000,0
1763007300000000,2.47820000,2.48560000,2.46290000,2.47210000,2973827.80000000,1763008199999999,7365436.57675000,37997,1311675.30000000,3248478.37387000,0
1763008200000000,2.47220000,2.48610000,2.46120000,2.47770000,2191133.00000000,1763009099999999,5422703.09571000,33429,1075049.90000000,2660837.18660000,0
1763009100000000,2.47760000,2.47990000,2.45980000,2.47330000,2200114.00000000,1763009999999999,5435677.78181000,30760,1131174.80000000,2794658.75085000,0
1763010000000000,2.47320000,2.47370000,2.45670000,2.45900000,2352325.20000000,1763010899999999,5795687.98555000,24039,1014806.50000000,2499283.65681000,0
1763010900000000,2.45890000,2.47240000,2.45750000,2.47160000,1586515.00000000,1763011799999999,3910984.51799000,20212,763855.90000000,1883303.54556000,0
1763011800000000,2.47150000,2.47980000,2.46710000,2.47970000,1473469.50000000,1763012699999999,3643744.16632000,19768,594657.90000000,1470460.80628000,0
1763012700000000,2.47980000,2.49990000,2.47840000,2.49480000,2902964.20000000,1763013599999999,7237890.95404000,24364,1297942.60000000,3236079.12248000,0
1763013600000000,2.49490000,2.51000000,2.49070000,2.50250000,2961034.70000000,1763014499999999,7410643.59091000,29535,1242401.30000000,3109569.70605000,0
1763014500000000,2.50240000,2.51890000,2.50100000,2.51740000,2596781.70000000,1763015399999999,6518693.12433000,25209,1323805.30000000,3323550.64892000,0
1763015400000000,2.51740000,2.51980000,2.50020000,2.50460000,2275082.40000000,1763016299999999,5711145.56842000,26005,922734.40000000,2316993.50217000,0
1763016300000000,2.50460000,2.50800000,2.49800000,2.50190000,996540.90000000,1763017199999999,2495075.75960000,15294,467121.80000000,1169558.32906000,0
1763017200000000,2.50190000,2.51580000,2.49780000,2.51520000,2353425.10000000,1763018099999999,5904026.83191000,23716,1100038.60000000,2759414.14106000,0
1763018100000000,2.51530000,2.52020000,2.50920000,2.51190000,2132744.80000000,1763018999999999,5365275.29771000,17707,982666.60000000,2471978.09098000,0
1763019000000000,2.51200000,2.51500000,2.49150000,2.49560000,2377910.40000000,1763019899999999,5943609.49166000,27519,875600.50000000,2188794.43830000,0
1763019900000000,2.49550000,2.49870000,2.48300000,2.48740000,2810509.60000000,1763020799999999,7001480.15346000,20576,1036152.40000000,2580702.48931000,0
1763020800000000,2.48730000,2.50120000,2.48530000,2.49810000,1327021.80000000,1763021699999999,3309234.60026000,19083,665339.50000000,1659241.82792000,0
1763021700000000,2.49820000,2.50430000,2.48900000,2.49930000,1116902.40000000,1763022599999999,2788628.83010000,18698,476546.00000000,1189903.10652000,0
1763022600000000,2.49930000,2.50710000,2.49760000,2.50710000,723261.00000000,1763023499999999,1810053.04108000,12156,344699.80000000,862687.39374000,0
1763023500000000,2.50700000,2.51350000,2.49820000,2.50130000,1763148.00000000,1763024399999999,4416509.39451000,14428,730990.60000000,1831253.73114000,0
1763024400000000,2.50130000,2.50680000,2.47260000,2.48660000,3297809.00000000,1763025299999999,8187425.66385000,35167,1288402.80000000,3198641.00946000,0
1763025300000000,2.48650000,2.51060000,2.48100000,2.49890000,1838472.20000000,1763026199999999,4593958.83343000,29186,838402.70000000,2095255.85323000,0
1763026200000000,2.49900000,2.50620000,2.49610000,2.50240000,1799074.30000000,1763027099999999,4500107.32267000,18897,659565.70000000,1649721.12599000,0
1763027100000000,2.50230000,2.50580000,2.49410000,2.49850000,1524604.50000000,1763027999999999,3809525.46122000,19165,613554.10000000,1533166.84814000,0
1763028000000000,2.49850000,2.51160000,2.49850000,2.50630000,1258130.20000000,1763028899999999,3154392.03795000,14555,597618.20000000,1498119.69937000,0
1763028900000000,2.50620000,2.52640000,2.50620000,2.51590000,4058394.50000000,1763029799999999,10224913.60245000,26250,1797755.80000000,4528878.66849000,0
1763029800000000,2.51590000,2.51750000,2.50700000,2.51270000,2694439.00000000,1763030699999999,6769640.41627000,22432,1480539.80000000,3719819.96566000,0
1763030700000000,2.51270000,2.51310000,2.49480000,2.50060000,1146558.60000000,1763031599999999,2869308.31046000,18205,471763.80000000,1180126.41070000,0
1763031600000000,2.50070000,2.51380000,2.49830000,2.51250000,1589723.50000000,1763032499999999,3981956.92807000,17268,931513.20000000,2332763.99452000,0
1763032500000000,2.51240000,2.51400000,2.49320000,2.49630000,1593573.70000000,1763033399999999,3987633.17157000,20932,802706.70000000,2009183.00385000,0
1763033400000000,2.49620000,2.49760000,2.48680000,2.49620000,1642504.30000000,1763034299999999,4093407.93097000,17202,625834.40000000,1559729.07327000,0
1763034300000000,2.49620000,2.49900000,2.49000000,2.49510000,917191.30000000,1763035199999999,2288476.80507000,9886,479172.90000000,1195877.52907000,0
1763035200000000,2.49520000,2.50040000,2.47500000,2.47580000,3377544.30000000,1763036099999999,8385915.60014000,24789,1310862.70000000,3255067.57296000,0
1763036100000000,2.47590000,2.48100000,2.47240000,2.47970000,1115320.00000000,1763036999999999,2762921.53339000,12000,459143.40000000,1137370.49643000,0
1763037000000000,2.47980000,2.49180000,2.47960000,2.48880000,1452420.90000000,1763037899999999,3610567.13055000,17209,780232.10000000,1939854.89281000,0
1763037900000000,2.48880000,2.49140000,2.47810000,2.48180000,786590.50000000,1763038799999999,1952935.11226000,13913,324099.30000000,804517.73885000,0
1763038800000000,2.48190000,2.48750000,2.48050000,2.48400000,620411.80000000,1763039699999999,1541339.66485000,12725,310525.40000000,771423.81024000,0
1763039700000000,2.48400000,2.48610000,2.46620000,2.47140000,1686992.40000000,1763040599999999,4177687.87393000,21013,686782.60000000,1701206.42495000,0
1763040600000000,2.47140000,2.47510000,2.44810000,2.47080000,4637683.60000000,1763041499999999,11415787.78209000,44585,2005579.70000000,4934433.84540000,0
1763041500000000,2.47090000,2.47270000,2.45530000,2.45920000,1986705.30000000,1763042399999999,4891448.66176000,20387,877926.30000000,2161143.01629000,0
1763042400000000,2.45930000,2.46790000,2.45150000,2.45250000,1892696.00000000,1763043299999999,4656869.65657000,23657,797283.60000000,1961943.55532000,0
1763043300000000,2.45250000,2.46800000,2.44920000,2.46030000,3001961.00000000,1763044199999999,7375939.19359000,29808,1438956.70000000,3534839.43829000,0
1763044200000000,2.46040000,2.48760000,2.45140000,2.46140000,6914562.00000000,1763045099999999,17086788.88647000,80674,3279249.20000000,8104802.54135000,0
1763045100000000,2.46130000,2.51830000,2.45830000,2.50290000,6441797.40000000,1763045999999999,16088964.34537000,70723,3445624.40000000,8605949.01855000,0
1763046000000000,2.50290000,2.50290000,2.47680000,2.49540000,3378963.80000000,1763046899999999,8413446.34456000,50615,1554560.50000000,3870488.04774000,0
1763046900000000,2.49550000,2.50060000,2.45050000,2.45730000,3953330.70000000,1763047799999999,9759470.59094000,43599,1738927.90000000,4297065.50123000,0
1763047800000000,2.45730000,2.45810000,2.43060000,2.43450000,5042993.30000000,1763048699999999,12322789.76365000,48812,2210410.30000000,5401108.38042000,0
1763048700000000,2.43450000,2.43880000,2.42040000,2.43480000,5680166.60000000,1763049599999999,13800126.02104000,49850,2679849.20000000,6510812.95837000,0
1763049600000000,2.43470000,2.44390000,2.42460000,2.43100000,2510775.80000000,1763050499999999,6109195.11080000,31544,1214425.80000000,2955322.08900000,0
1763050500000000,2.43100000,2.43230000,2.40740000,2.41970000,3904693.20000000,1763051399999999,9437974.36487000,40005,1845074.90000000,4460863.25175000,0
1763051400000000,2.41960000,2.43000000,2.40430000,2.41550000,2938525.50000000,1763052299999999,7098281.79421000,35491,1372364.10000000,3316264.61425000,0
1763052300000000,2.41550000,2.42000000,2.39590000,2.40160000,3384808.00000000,1763053199999999,8142063.14441000,31973,1618461.70000000,3894097.52401000,0
1763053200000000,2.40160000,2.40960000,2.39260000,2.39610000,3063649.50000000,1763054099999999,7351637.22643000,43561,1708174.00000000,4098719.80379000,0
1763054100000000,2.39600000,2.40450000,2.39160000,2.39400000,3252097.60000000,1763054999999999,7793445.43494000,33586,1634142.00000000,3915677.47600000,0
1763055000000000,2.39400000,2.39900000,2.36130000,2.36340000,5262040.40000000,1763055899999999,12504540.48217000,57974,2582644.60000000,6135182.12191000,0
1763055900000000,2.36340000,2.36950000,2.35300000,2.35590000,4259367.10000000,1763056799999999,10049633.52025000,44184,1932280.90000000,4559145.43889000,0
1763056800000000,2.35600000,2.37040000,2.35220000,2.36510000,4121570.00000000,1763057699999999,9734300.23167000,40407,2120947.10000000,5009070.60334000,0
1763057700000000,2.36510000,2.37540000,2.34870000,2.36040000,4628102.70000000,1763058599999999,10927414.15992000,49278,1857936.80000000,4388520.01873000,0
1763058600000000,2.36050000,2.36160000,2.33180000,2.34680000,4026824.80000000,1763059499999999,9432673.31329000,59407,1701539.20000000,3986099.02195000,0
1763059500000000,2.34690000,2.35350000,2.32770000,2.34120000,3627627.90000000,1763060399999999,8488279.70848000,42614,1690334.10000000,3953687.84259000,0
1763060400000000,2.34130000,2.35510000,2.32500000,2.32980000,3855171.20000000,1763061299999999,9014046.54053000,39625,2297268.40000000,5372763.04847000,0
1763061300000000,2.32980000,2.35190000,2.31740000,2.34330000,7672363.70000000,1763062199999999,17904033.78428000,63764,4084450.70000000,9536160.51950000,0
1763062200000000,2.34330000,2.34660000,2.32040000,2.33170000,2697883.60000000,1763063099999999,6290855.81300000,36260,1492709.30000000,3480293.94236000,0
1763063100000000,2.33160000,2.33310000,2.31130000,2.31510000,3110366.50000000,1763063999999999,7213783.46794000,30064,1537306.20000000,3566941.02241000,0
1763064000000000,2.31500000,2.32250000,2.30160000,2.31390000,3338269.10000000,1763064899999999,7714551.63291000,49271,1652429.70000000,3819729.77228000,0
1763064900000000,2.31390000,2.31430000,2.27570000,2.28400000,7684770.80000000,1763065799999999,17616506.10191000,62100,3593363.70000000,8236979.43383000,0
1763065800000000,2.28400000,2.31590000,2.28400000,2.29840000,4563473.70000000,1763066699999999,10500470.05313000,66003,2734137.30000000,6290008.68812000,0
1763066700000000,2.29840000,2.30990000,2.29580000,2.29850000,2200464.00000000,1763067599999999,5066524.93393000,36551,1078653.00000000,2483730.34827000,0
1763067600000000,2.29840000,2.30730000,2.28890000,2.30150000,2197051.10000000,1763068499999999,5050951.67816000,31307,1406534.10000000,3233718.88608000,0
1763068500000000,2.30150000,2.30310000,2.28250000,2.28950000,2686645.20000000,1763069399999999,6155132.34740000,26360,1568143.70000000,3592684.48601000,0
1763069400000000,2.28950000,2.29820000,2.27970000,2.29810000,2663296.60000000,1763070299999999,6093366.65946000,30454,1577805.00000000,3609735.61699000,0
1763070300000000,2.29810000,2.29910000,2.28970000,2.29170000,2613525.40000000,1763071199999999,5996874.78632000,29014,1492749.60000000,3424886.08116000,0
1763071200000000,2.29160000,2.31220000,2.28340000,2.30640000,3768314.60000000,1763072099999999,8657714.55860000,33807,2069927.40000000,4754028.77354000,0
1763072100000000,2.30650000,2.32060000,2.30140000,2.31290000,3989677.00000000,1763072999999999,9223687.14807000,31502,2081172.30000000,4810547.59103000,0
1763073000000000,2.31290000,2.32930000,2.30610000,2.32750000,3417680.60000000,1763073899999999,7924690.13865000,26866,1848523.40000000,4285203.36589000,0
1763073900000000,2.32750000,2.33150000,2.32130000,2.32860000,2158461.90000000,1763074799999999,5022876.90199000,18236,1148503.20000000,2673050.98613000,0
1763074800000000,2.32860000,2.32860000,2.30820000,2.32740000,2565472.30000000,1763075699999999,5954104.21533000,23900,1397775.00000000,3242861.68308000,0
1763075700000000,2.32750000,2.33620000,2.32700000,2.33320000,3213306.60000000,1763076599999999,7494793.46953000,20603,1977996.80000000,4613513.20061000,0
1763076600000000,2.33320000,2.34630000,2.33280000,2.34440000,2094090.20000000,1763077499999999,4898210.68246000,17622,1083829.90000000,2534789.12706000,0
1763077500000000,2.34440000,2.34610000,2.32210000,2.32250000,2720645.90000000,1763078399999999,6352325.81581000,25879,1200068.00000000,2801949.34116000,0
1763078400000000,2.32250000,2.32610000,2.31230000,2.32040000,1898824.80000000,1763079299999999,4401097.06620000,34388,1014786.00000000,2351783.83574000,0
1763079300000000,2.32050000,2.32260000,2.30240000,2.31650000,2194611.40000000,1763080199999999,5072400.22896000,32300,1046352.50000000,2418408.47405000,0
1763080200000000,2.31650000,2.33220000,2.30520000,2.31030000,2046048.20000000,1763081099999999,4741883.31073000,28626,1096084.10000000,2538668.18493000,0
1763081100000000,2.31030000,2.31290000,2.29040000,2.29700000,3228103.10000000,1763081999999999,7422574.49425000,32781,1691123.80000000,3888516.15539000,0
1763082000000000,2.29710000,2.30560000,2.28960000,2.29420000,3110547.50000000,1763082899999999,7135535.99110000,28436,1679785.30000000,3852638.99659000,0
1763082900000000,2.29430000,2.31650000,2.28970000,2.30380000,1586750.50000000,1763083799999999,3651662.98380000,26514,773887.40000000,1780661.78762000,0
1763083800000000,2.30390000,2.31660000,2.30110000,2.30900000,1202825.90000000,1763084699999999,2777460.81561000,24572,688991.60000000,1590887.25909000,0
1763084700000000,2.30910000,2.31470000,2.30480000,2.30730000,1282447.00000000,1763085599999999,2962061.20018000,19787,689200.10000000,1591951.83300000,0
1763085600000000,2.30730000,2.32970000,2.30640000,2.32190000,2363538.60000000,1763086499999999,5487648.11836000,22291,1367314.60000000,3174338.29151000,0
1763086500000000,2.32200000,2.33630000,2.32200000,2.33590000,1206584.30000000,1763087399999999,2809443.43310000,18499,792979.20000000,1846431.39473000,0
1763087400000000,2.33600000,2.33800000,2.32730000,2.32990000,1024816.20000000,1763088299999999,2390062.81788000,13602,548050.40000000,1278288.07787000,0
1763088300000000,2.32980000,2.33130000,2.32000000,2.32780000,692124.90000000,1763089199999999,1610583.06528000,11785,346243.50000000,805832.67866000,0
1763089200000000,2.32780000,2.33110000,2.31080000,2.31200000,1144752.70000000,1763090099999999,2655353.26474000,12316,552286.20000000,1281382.76212000,0
1763090100000000,2.31190000,2.31730000,2.30450000,2.31500000,969196.00000000,1763090999999999,2238809.51812000,13508,479835.80000000,1108246.60510000,0
1763091000000000,2.31500000,2.31500000,2.30380000,2.30650000,1294466.50000000,1763091899999999,2991306.64961000,13403,712829.50000000,1646708.71900000,0
1763091900000000,2.30640000,2.31510000,2.30300000,2.31510000,1077195.90000000,1763092799999999,2484813.53007000,11997,582732.60000000,1344073.49128000,0
1763092800000000,2.31510000,2.31580000,2.29800000,2.30160000,895969.60000000,1763093699999999,2065689.33693000,12181,314716.50000000,725467.74869000,0
1763093700000000,2.30160000,2.30720000,2.29750000,2.30370000,683295.30000000,1763094599999999,1572863.78419000,11320,398092.40000000,916395.78550000,0
1763094600000000,2.30370000,2.30400000,2.24540000,2.27400000,11092537.90000000,1763095499999999,25138463.38022000,80752,5245613.30000000,11883207.78868000,0
1763095500000000,2.27400000,2.29840000,2.27400000,2.29000000,4605396.70000000,1763096399999999,10529637.41673000,55590,2397221.50000000,5481055.92887000,0
1763096400000000,2.29010000,2.30100000,2.28350000,2.28640000,1806761.30000000,1763097299999999,4141552.16116000,29652,907557.80000000,2080353.86243000,0
1763097300000000,2.28640000,2.30940000,2.28120000,2.30140000,2166714.70000000,1763098199999999,4978490.24579000,29910,1009118.40000000,2318787.71494000,0
1763098200000000,2.30130000,2.31330000,2.28690000,2.30520000,2473715.10000000,1763099099999999,5693095.08389000,32273,1325652.70000000,3051358.10326000,0
1763099100000000,2.30510000,2.31930000,2.30000000,2.31310000,1958851.70000000,1763099999999999,4522837.82250000,24854,842780.80000000,1946586.05089000,0
1763100000000000,2.31310000,2.31390000,2.29980000,2.30720000,1009024.70000000,1763100899999999,2325612.09824000,18002,522240.00000000,1203529.91411000,0
1763100900000000,2.30730000,2.30760000,2.28920000,2.29410000,1415940.30000000,1763101799999999,3253474.08121000,20784,543040.70000000,1247849.67587000,0
1763101800000000,2.29410000,2.29690000,2.27720000,2.28140000,1895101.60000000,1763102699999999,4330001.93971000,24612,924128.30000000,2111918.92721000,0
1763102700000000,2.28140000,2.32000000,2.26740000,2.31890000,4007107.00000000,1763103599999999,9176470.03991000,48304,2136172.20000000,4900484.99447000,0
1763103600000000,2.31890000,2.32720000,2.30210000,2.31040000,2616130.80000000,1763104499999999,6056644.18797000,39301,1226862.40000000,2840150.07749000,0
1763104500000000,2.31030000,2.32010000,2.30810000,2.31980000,1466575.30000000,1763105399999999,3394977.25637000,25366,911121.90000000,2109589.22075000,0
1763105400000000,2.31980000,2.32000000,2.29720000,2.30660000,1611280.20000000,1763106299999999,3712621.70104000,23777,712876.90000000,1642335.20551000,0
1763106300000000,2.30660000,2.32340000,2.30410000,2.30740000,1373619.80000000,1763107199999999,3180439.87310000,22328,702457.10000000,1625719.77300000,0
1763107200000000,2.30740000,2.30980000,2.29760000,2.29770000,1014043.20000000,1763108099999999,2336114.28583000,15361,653459.70000000,1505429.76161000,0
1763108100000000,2.29760000,2.30950000,2.28570000,2.28880000,2031669.50000000,1763108999999999,4665257.52128000,25965,903464.20000000,2074168.21287000,0
1763109000000000,2.28880000,2.29960000,2.28490000,2.29240000,861822.10000000,1763109899999999,1974870.55434000,21614,368690.20000000,845083.32058000,0
1763109900000000,2.29230000,2.29740000,2.28310000,2.29610000,721938.80000000,1763110799999999,1653710.68124000,16212,355579.60000000,814488.85770000,0
1763110800000000,2.29610000,2.30860000,2.29400000,2.30260000,652405.70000000,1763111699999999,1502335.87709000,14153,331247.50000000,762927.12849000,0
1763111700000000,2.30250000,2.30260000,2.28690000,2.28910000,691647.90000000,1763112599999999,1585384.42826000,16553,287164.00000000,658209.29104000,0
1763112600000000,2.28910000,2.29090000,2.27720000,2.28930000,1507561.80000000,1763113499999999,3444443.55984000,19417,804495.50000000,1838798.04957000,0
1763113500000000,2.28930000,2.29040000,2.27430000,2.27770000,1847032.70000000,1763114399999999,4210104.11597000,14986,750215.00000000,1709681.53602000,0
1763114400000000,2.27780000,2.28570000,2.27620000,2.28010000,1675146.90000000,1763115299999999,3820771.61159000,15001,782581.10000000,1784879.67510000,0
1763115300000000,2.28010000,2.29070000,2.27770000,2.28580000,1763879.20000000,1763116199999999,4029894.20914000,19049,933216.90000000,2131942.29444000,0
1763116200000000,2.28580000,2.30000000,2.28280000,2.29200000,1965383.10000000,1763117099999999,4504878.09890000,18884,1060611.70000000,2431338.62557000,0
1763117100000000,2.29200000,2.29420000,2.28390000,2.28550000,1450706.60000000,1763117999999999,3321296.06238000,14551,705658.90000000,1615551.47170000,0
1763118000000000,2.28540000,2.28990000,2.27560000,2.27730000,1964093.70000000,1763118899999999,4482816.72477000,19215,964519.80000000,2201268.48611000,0
1763118900000000,2.27730000,2.28320000,2.27180000,2.27560000,2666703.40000000,1763119799999999,6070338.57569000,26378,1417375.90000000,3226232.52191000,0
1763119800000000,2.27570000,2.27610000,2.25600000,2.27020000,3363501.00000000,1763120699999999,7615395.13495000,35139,1583956.30000000,3585153.03907000,0
1763120700000000,2.27030000,2.27180000,2.26090000,2.26840000,2102164.10000000,1763121599999999,4763409.49113000,32100,954263.50000000,2162266.77827000,0
1763121600000000,2.26830000,2.26830000,2.24680000,2.24800000,3051607.30000000,1763122499999999,6887629.15974000,31376,1268501.70000000,2864037.66153000,0
1763122500000000,2.24800000,2.26450000,2.23810000,2.25590000,4405811.10000000,1763123399999999,9908361.77188000,46124,1957018.00000000,4401264.67127000,0
1763123400000000,2.25590000,2.26160000,2.22630000,2.23500000,10460529.20000000,1763124299999999,23416983.55844000,87948,4717602.60000000,10555143.11027000,0
1763124300000000,2.23490000,2.29750000,2.23060000,2.28590000,14878670.30000000,1763125199999999,33809359.21694000,115048,7602780.00000000,17269647.01798000,0
1763125200000000,2.28590000,2.30040000,2.26590000,2.26640000,5111352.10000000,1763126099999999,11656233.97195000,54677,2310603.30000000,5270566.59865000,0
1763126100000000,2.26640000,2.27630000,2.26040000,2.26830000,3437826.80000000,1763126999999999,7795845.35412000,47331,1871193.80000000,4243587.94264000,0
1763127000000000,2.26840000,2.27420000,2.25350000,2.26090000,3151456.40000000,1763127899999999,7129454.84564000,37483,1596023.60000000,3611511.12640000,0
1763127900000000,2.26100000,2.28170000,2.25500000,2.27130000,2381145.20000000,1763128799999999,5407618.71445000,41519,1278703.00000000,2904209.40450000,0
1763128800000000,2.27120000,2.28450000,2.26060000,2.26240000,2090789.90000000,1763129699999999,4752238.50649000,35095,1204322.00000000,2737683.06709000,0
1763129700000000,2.26240000,2.27910000,2.26030000,2.26220000,3691473.40000000,1763130599999999,8373211.13203000,36394,2079338.90000000,4715833.19208000,0
1763130600000000,2.26230000,2.31300000,2.24620000,2.30540000,5752822.70000000,1763131499999999,13133822.16510000,84865,2850621.20000000,6511580.54220000,0
1763131500000000,2.30530000,2.31440000,2.29560000,2.30270000,3305354.70000000,1763132399999999,7616205.62595000,50419,1844783.70000000,4251091.86274000,0
1763132400000000,2.30270000,2.30590000,2.28370000,2.29070000,3136507.90000000,1763133299999999,7205844.71766000,42019,1332722.00000000,3062204.92647000,0
1763133300000000,2.29060000,2.30580000,2.28310000,2.30050000,2619121.10000000,1763134199999999,6007090.65589000,41253,1331706.30000000,3054502.96372000,0
1763134200000000,2.30040000,2.31170000,2.29730000,2.31050000,3342814.10000000,1763135099999999,7704694.61778000,37939,1948191.60000000,4490248.96624000,0
1763135100000000,2.31040000,2.32710000,2.30760000,2.31270000,3905234.90000000,1763135999999999,9056938.03909000,36777,1940425.90000000,4500206.57083000,0
1763136000000000,2.31280000,2.31350000,2.29680000,2.29720000,2303362.50000000,1763136899999999,5304517.71668000,25877,1128282.70000000,2598732.47143000,0
1763136900000000,2.29710000,2.32750000,2.29140000,2.32090000,3490664.30000000,1763137799999999,8057008.67917000,31869,2167885.70000000,5003973.52231000,0
1763137800000000,2.32090000,2.34160000,2.31570000,2.32640000,3915467.50000000,1763138699999999,9123278.07075000,30937,2125663.10000000,4952522.81542000,0
1763138700000000,2.32650000,2.33500000,2.32080000,2.33170000,2890271.60000000,1763139599999999,6733166.01486000,19928,1652833.00000000,3849893.32152000,0
1763139600000000,2.33170000,2.33930000,2.32790000,2.33430000,2042079.30000000,1763140499999999,4764372.25220000,17528,999690.10000000,2332237.26290000,0
1763140500000000,2.33430000,2.33540000,2.32140000,2.32930000,1736166.60000000,1763141399999999,4044253.45096000,14870,589284.60000000,1372094.51877000,0
1763141400000000,2.32940000,2.33060000,2.31780000,2.31960000,958051.20000000,1763142299999999,2227395.87506000,14456,335945.20000000,781053.14303000,0
1763142300000000,2.31970000,2.32190000,2.29840000,2.31090000,1881595.50000000,1763143199999999,4340280.44862000,27744,765875.80000000,1766344.99033000,0
1763143200000000,2.31090000,2.32640000,2.30270000,2.32600000,1025413.10000000,1763144099999999,2372334.07026000,18244,527163.00000000,1219493.21294000,0
1763144100000000,2.32610000,2.32810000,2.31210000,2.32280000,888426.60000000,1763144999999999,2060464.46448000,13876,487402.20000000,1130294.60170000,0
1763145000000000,2.32270000,2.32790000,2.29530000,2.29810000,1355846.10000000,1763145899999999,3128875.08788000,17643,761753.60000000,1758021.10292000,0
1763145900000000,2.29820000,2.30380000,2.28310000,2.29180000,2006672.90000000,1763146799999999,4599536.81767000,21767,1047818.60000000,2401547.76689000,0
1763146800000000,2.29180000,2.30150000,2.27610000,2.30030000,1552980.50000000,1763147699999999,3549504.63142000,24862,860116.90000000,1964910.25809000,0
1763147700000000,2.30030000,2.31930000,2.29890000,2.31150000,1542336.80000000,1763148599999999,3563499.51377000,21909,648242.40000000,1497679.56121000,0
1763148600000000,2.31140000,2.31240000,2.29440000,2.29600000,688693.50000000,1763149499999999,1584537.53624000,16910,268550.20000000,617925.64939000,0
1763149500000000,2.29590000,2.31220000,2.29390000,2.31210000,974593.30000000,1763150399999999,2246565.09663000,14506,566709.20000000,1306375.07586000,0
1763150400000000,2.31210000,2.31630000,2.30270000,2.30390000,758408.60000000,1763151299999999,1752151.80406000,13897,315561.30000000,729091.02818000,0
1763151300000000,2.30390000,2.30580000,2.27560000,2.27730000,2515777.80000000,1763152199999999,5755519.26536000,20122,1450812.10000000,3318520.22812000,0
1763152200000000,2.27730000,2.28140000,2.25300000,2.25750000,2696488.70000000,1763153099999999,6112838.58782000,26745,1352888.60000000,3067762.89772000,0
1763153100000000,2.25740000,2.27470000,2.25210000,2.26190000,2054381.80000000,1763153999999999,4653441.00934000,35753,1114317.50000000,2524129.91771000,0
1763154000000000,2.26200000,2.29010000,2.25650000,2.28150000,1589824.20000000,1763154899999999,3618120.79768000,27607,890396.80000000,2026599.51015000,0
1763154900000000,2.28140000,2.28390000,2.26770000,2.27080000,1193706.20000000,1763155799999999,2718782.05549000,18002,576403.40000000,1313115.74333000,0
1763155800000000,2.27080000,2.27840000,2.26890000,2.27550000,663309.10000000,1763156699999999,1507485.63882000,9973,283118.00000000,643641.09812000,0
1763156700000000,2.27560000,2.28150000,2.27040000,2.27770000,549803.40000000,1763157599999999,1251062.59584000,10277,289157.80000000,657904.34949000,0
1763157600000000,2.27760000,2.28640000,2.26290000,2.26420000,772908.40000000,1763158499999999,1760861.69169000,12872,378983.30000000,863357.28679000,0
1763158500000000,2.26420000,2.27820000,2.25900000,2.27650000,1208940.00000000,1763159399999999,2736903.16857000,14753,688318.90000000,1558293.35734000,0
1763159400000000,2.27650000,2.28390000,2.27260000,2.27640000,666053.80000000,1763160299999999,1517022.35165000,9811,347300.80000000,790963.32305000,0
1763160300000000,2.27650000,2.28080000,2.25400000,2.26220000,819763.90000000,1763161199999999,1854934.40811000,12940,497362.70000000,1125486.59633000,0
1763161200000000,2.26210000,2.26220000,2.22560000,2.24770000,3517768.10000000,1763162099999999,7879911.94287000,42711,1443326.10000000,3232168.18958000,0
1763162100000000,2.24770000,2.26620000,2.24020000,2.25090000,1825805.70000000,1763162999999999,4113895.53271000,23599,1018153.20000000,2293047.79776000,0
1763163000000000,2.25090000,2.25690000,2.24560000,2.25350000,650762.10000000,1763163899999999,1465063.55685000,14930,330713.00000000,744768.34025000,0
1763163900000000,2.25350000,2.26020000,2.24090000,2.24430000,1238423.20000000,1763164799999999,2788135.44024000,15635,609805.00000000,1372893.75986000,0
1763164800000000,2.24430000,2.26800000,2.24280000,2.26160000,1265447.90000000,1763165699999999,2858299.59060000,23284,693892.70000000,1567264.10995000,0
1763165700000000,2.26160000,2.27070000,2.25960000,2.26320000,1207779.70000000,1763166599999999,2734466.17242000,19737,679884.30000000,1539339.81063000,0
1763166600000000,2.26310000,2.26400000,2.25260000,2.26300000,962128.60000000,1763167499999999,2171247.62783000,16038,386013.80000000,871390.97274000,0
1763167500000000,2.26300000,2.27050000,2.25420000,2.26890000,752472.90000000,1763168399999999,1701335.81101000,14970,329144.20000000,744286.57655000,0
1763168400000000,2.26880000,2.27030000,2.25610000,2.26570000,570720.00000000,1763169299999999,1291011.14691000,13445,319909.40000000,723698.84929000,0
1763169300000000,2.26580000,2.27640000,2.26400000,2.27280000,1215055.50000000,1763170199999999,2760075.26610000,18134,708202.30000000,1608667.39637000,0
1763170200000000,2.27280000,2.27800000,2.27210000,2.27570000,746649.20000000,1763171099999999,1699108.62719000,11454,418498.20000000,952365.65714000,0
1763171100000000,2.27560000,2.28500000,2.27370000,2.28030000,751533.60000000,1763171999999999,1713132.37625000,17249,408801.90000000,932005.41059000,0
1763172000000000,2.28030000,2.28040000,2.27090000,2.27810000,423282.20000000,1763172899999999,963099.59808000,9752,179760.00000000,408970.22499000,0
1763172900000000,2.27800000,2.28780000,2.27530000,2.28570000,605019.40000000,1763173799999999,1381173.12671000,9873,342492.90000000,781873.25617000,0
1763173800000000,2.28560000,2.29390000,2.28060000,2.29290000,709095.60000000,1763174699999999,1622002.42801000,12248,425814.10000000,974290.55269000,0
1763174700000000,2.29280000,2.30130000,2.28900000,2.30070000,849905.10000000,1763175599999999,1950139.43484000,13444,410064.00000000,940923.00979000,0
1763175600000000,2.30070000,2.30340000,2.29400000,2.29790000,874024.70000000,1763176499999999,2008179.46532000,14220,367395.50000000,843863.48830000,0
1763176500000000,2.29780000,2.30180000,2.29380000,2.30010000,1035989.70000000,1763177399999999,2380263.59002000,12674,524146.80000000,1204420.73423000,0
1763177400000000,2.30000000,2.30220000,2.29280000,2.29740000,958959.40000000,1763178299999999,2202953.04349000,14115,454754.20000000,1044879.86855000,0
1763178300000000,2.29730000,2.29800000,2.29230000,2.29460000,498963.50000000,1763179199999999,1145258.69480000,8947,202812.60000000,465444.74210000,0
1763179200000000,2.29460000,2.29520000,2.28600000,2.28950000,1034576.10000000,1763180099999999,2367840.48394000,10679,484028.10000000,1107485.59643000,0
1763180100000000,2.28960000,2.29630000,2.28430000,2.28530000,585682.90000000,1763180999999999,1341991.74765000,10076,295254.90000000,676670.96631000,0
1763181000000000,2.28520000,2.28720000,2.27860000,2.27870000,883892.20000000,1763181899999999,2017291.77112000,9304,394489.30000000,900513.40912000,0
1763181900000000,2.27860000,2.28390000,2.27610000,2.28310000,837899.00000000,1763182799999999,1909496.12642000,8298,451424.10000000,1028610.99606000,0
1763182800000000,2.28300000,2.28720000,2.27720000,2.27890000,359576.40000000,1763183699999999,820476.00297000,7405,172731.90000000,394133.00382000,0
1763183700000000,2.27900000,2.28740000,2.27660000,2.27890000,620603.80000000,1763184599999999,1416168.53082000,9098,329674.60000000,752159.18683000,0
1763184600000000,2.27880000,2.28300000,2.27310000,2.27920000,684179.60000000,1763185499999999,1558546.99180000,11859,344526.90000000,784635.25174000,0
1763185500000000,2.27910000,2.28490000,2.27360000,2.27620000,1852036.00000000,1763186399999999,4219020.88599000,11472,480285.00000000,1094885.15306000,0
1763186400000000,2.27620000,2.28730000,2.27390000,2.28160000,1961671.70000000,1763187299999999,4476250.36774000,9719,1514785.20000000,3456720.21497000,0
1763187300000000,2.28170000,2.29040000,2.28050000,2.28790000,905024.70000000,1763188199999999,2069713.79419000,9189,577185.80000000,1320180.69882000,0
1763188200000000,2.28800000,2.29350000,2.28170000,2.28210000,521319.50000000,1763189099999999,1193126.08226000,8227,238500.90000000,545892.07145000,0
1763189100000000,2.28210000,2.28670000,2.27860000,2.28040000,565163.00000000,1763189999999999,1289089.46556000,9481,264576.60000000,603449.96096000,0
1763190000000000,2.28030000,2.28660000,2.27510000,2.28490000,683179.00000000,1763190899999999,1557651.49866000,9127,366092.20000000,834632.23883000,0
1763190900000000,2.28490000,2.28890000,2.28080000,2.28840000,375937.60000000,1763191799999999,859086.83913000,10518,194388.80000000,444207.71979000,0
1763191800000000,2.28840000,2.28840000,2.27600000,2.27970000,1617933.50000000,1763192699999999,3688488.56286000,8792,368915.80000000,841504.37068000,0
1763192700000000,2.27960000,2.28610000,2.27520000,2.28570000,1561566.40000000,1763193599999999,3563972.08204000,9103,1191972.80000000,2720838.06348000,0
1763193600000000,2.28560000,2.28690000,2.27340000,2.27610000,1824507.40000000,1763194499999999,4153827.50979000,13093,604698.40000000,1376694.05794000,0
1763194500000000,2.27600000,2.27610000,2.25890000,2.26330000,1027304.50000000,1763195399999999,2328072.19624000,15784,407329.90000000,923014.14260000,0
1763195400000000,2.26320000,2.26950000,2.25550000,2.25830000,1653786.80000000,1763196299999999,3739471.67129000,17025,776221.60000000,1754939.38860000,0
1763196300000000,2.25830000,2.25930000,2.24230000,2.25110000,1896633.60000000,1763197199999999,4265355.90625000,23898,987101.30000000,2219562.31300000,0
1763197200000000,2.25100000,2.26220000,2.24540000,2.26100000,808935.90000000,1763198099999999,1822377.37662000,15736,494646.80000000,1114173.65940000,0
1763198100000000,2.26100000,2.26800000,2.25500000,2.26380000,2096012.20000000,1763198999999999,4744005.83763000,13147,1313216.00000000,2973526.96022000,0
1763199000000000,2.26390000,2.26740000,2.25940000,2.26440000,382708.80000000,1763199899999999,866141.23581000,9558,191073.30000000,432458.78358000,0
1763199900000000,2.26430000,2.26430000,2.25400000,2.25750000,465248.80000000,1763200799999999,1050819.93931000,9340,192914.60000000,435651.64210000,0
1763200800000000,2.25760000,2.25890000,2.25000000,2.25820000,575069.50000000,1763201699999999,1296498.24237000,10208,299082.70000000,674263.81628000,0
1763201700000000,2.25820000,2.25990000,2.25290000,2.25710000,624297.20000000,1763202599999999,1408757.37377000,12932,310211.70000000,699952.57335000,0
1763202600000000,2.25700000,2.26590000,2.25520000,2.26560000,779512.20000000,1763203499999999,1761335.83661000,9523,507650.50000000,1147184.09774000,0
1763203500000000,2.26570000,2.26720000,2.26220000,2.26520000,356168.10000000,1763204399999999,806666.40261000,7279,186744.10000000,422942.17103000,0
1763204400000000,2.26520000,2.26790000,2.25920000,2.26270000,379064.90000000,1763205299999999,858167.77549000,8409,152663.90000000,345620.38334000,0
1763205300000000,2.26270000,2.26370000,2.25610000,2.26240000,524643.30000000,1763206199999999,1185544.49259000,8137,249086.80000000,562827.41493000,0
1763206200000000,2.26250000,2.26400000,2.25810000,2.26130000,342726.30000000,1763207099999999,774900.64977000,9739,189622.10000000,428703.03002000,0
1763207100000000,2.26120000,2.26120000,2.25260000,2.25820000,451064.50000000,1763207999999999,1017389.24161000,11593,254727.80000000,574578.29549000,0
1763208000000000,2.25820000,2.25820000,2.25010000,2.25150000,975881.40000000,1763208899999999,2198560.28963000,12019,466403.40000000,1050661.23517000,0
1763208900000000,2.25150000,2.26070000,2.24540000,2.25960000,1761856.10000000,1763209799999999,3968422.49022000,20769,1086440.00000000,2447301.58173000,0
1763209800000000,2.25960000,2.26540000,2.25400000,2.25550000,709569.50000000,1763210699999999,1603562.53115000,11951,337647.80000000,763014.28603000,0
1763210700000000,2.25560000,2.26340000,2.25210000,2.26240000,601747.30000000,1763211599999999,1359257.67689000,11545,326716.40000000,737736.74997000,0
1763211600000000,2.26240000,2.26800000,2.25850000,2.26420000,717882.40000000,1763212499999999,1625157.37942000,12253,370371.70000000,838597.01123000,0
1763212500000000,2.26410000,2.27910000,2.26300000,2.27350000,1295987.30000000,1763213399999999,2946852.12749000,18961,688268.20000000,1565030.78296000,0
1763213400000000,2.27350000,2.27370000,2.25710000,2.25910000,1014739.10000000,1763214299999999,2299340.23913000,17378,538015.10000000,1219281.74087000,0
1763214300000000,2.25910000,2.27440000,2.25790000,2.27060000,1278126.60000000,1763215199999999,2894936.64161000,19308,877785.10000000,1987300.25641000,0
1763215200000000,2.27050000,2.27190000,2.26700000,2.27170000,469774.20000000,1763216099999999,1066055.34906000,17163,260000.10000000,590051.77371000,0
1763216100000000,2.27170000,2.27430000,2.25890000,2.26000000,779278.60000000,1763216999999999,1764802.15498000,14530,439087.00000000,994634.53517000,0
1763217000000000,2.26010000,2.26380000,2.25680000,2.25960000,570562.40000000,1763217899999999,1289612.51157000,10612,363466.60000000,821458.43195000,0
1763217900000000,2.25950000,2.26240000,2.25530000,2.26060000,751793.80000000,1763218799999999,1697753.76092000,11104,413879.70000000,934583.12991000,0
1763218800000000,2.26060000,2.26080000,2.25360000,2.25800000,680848.40000000,1763219699999999,1537004.51171000,13322,421556.70000000,951562.66203000,0
1763219700000000,2.25800000,2.26130000,2.25230000,2.25990000,786496.20000000,1763220599999999,1774644.12081000,13251,468083.20000000,1056155.76467000,0
1763220600000000,2.25990000,2.25990000,2.25000000,2.25160000,923195.00000000,1763221499999999,2079864.98910000,11930,433927.90000000,977440.98332000,0
1763221500000000,2.25160000,2.25880000,2.25160000,2.25490000,663113.40000000,1763222399999999,1495512.54145000,11575,413573.10000000,932685.49716000,0
1763222400000000,2.25490000,2.25610000,2.23710000,2.24240000,1608722.30000000,1763223299999999,3610141.23902000,22842,728912.90000000,1635039.55398000,0
1763223300000000,2.24240000,2.24320000,2.22890000,2.23070000,1852247.30000000,1763224199999999,4140192.56082000,22701,789826.30000000,1765943.01140000,0
1763224200000000,2.23060000,2.24420000,2.22910000,2.24290000,1124601.60000000,1763225099999999,2514962.57651000,16633,651224.70000000,1456563.17138000,0
1763225100000000,2.24280000,2.25170000,2.24010000,2.24900000,642971.50000000,1763225999999999,1444917.40072000,13235,399429.70000000,897592.97852000,0
1763226000000000,2.24890000,2.25460000,2.24410000,2.24780000,741882.60000000,1763226899999999,1668930.63974000,13474,408434.50000000,918729.42118000,0
1763226900000000,2.24770000,2.27130000,2.24400000,2.25390000,1598521.50000000,1763227799999999,3610473.77507000,22726,923464.90000000,2086477.65310000,0
1763227800000000,2.25400000,2.25730000,2.24980000,2.25580000,674046.80000000,1763228699999999,1519054.94720000,11815,317170.70000000,714804.77099000,0
1763228700000000,2.25590000,2.26360000,2.25420000,2.26210000,561257.10000000,1763229599999999,1269037.57076000,10120,334878.60000000,757152.11728000,0
1763229600000000,2.26210000,2.26740000,2.25920000,2.26680000,761472.40000000,1763230499999999,1722852.79982000,14100,366333.50000000,828716.61752000,0
1763230500000000,2.26680000,2.26680000,2.25310000,2.25420000,641809.90000000,1763231399999999,1449038.82657000,10650,293123.30000000,661689.15331000,0
1763231400000000,2.25430000,2.26380000,2.25370000,2.25810000,518260.90000000,1763232299999999,1170751.73440000,9616,219540.00000000,495808.94010000,0
1763232300000000,2.25800000,2.25990000,2.25350000,2.25890000,544219.80000000,1763233199999999,1227911.72101000,7851,281279.50000000,634497.29245000,0
1763233200000000,2.25890000,2.26430000,2.25810000,2.26410000,325922.70000000,1763234099999999,736910.80584000,6448,118860.80000000,268854.05229000,0
1763234100000000,2.26410000,2.26710000,2.25900000,2.26350000,522883.90000000,1763234999999999,1183493.01829000,5987,235620.90000000,533385.77201000,0
1763235000000000,2.26350000,2.26350000,2.25490000,2.25720000,602528.00000000,1763235899999999,1360213.57416000,7293,203163.90000000,458516.52627000,0
1763235900000000,2.25720000,2.25800000,2.25210000,2.25660000,476194.10000000,1763236799999999,1073803.60406000,6616,242118.10000000,545938.39643000,0
1763236800000000,2.25660000,2.26160000,2.25500000,2.25910000,338834.20000000,1763237699999999,764966.41703000,6137,116685.20000000,263509.76564000,0
1763237700000000,2.25900000,2.25900000,2.24560000,2.25090000,916540.00000000,1763238599999999,2062243.36605000,12118,478866.80000000,1077621.91653000,0
1763238600000000,2.25080000,2.25170000,2.24270000,2.24400000,448822.70000000,1763239499999999,1008721.94759000,10691,177883.30000000,399739.77288000,0
1763239500000000,2.24410000,2.24940000,2.23670000,2.24080000,983898.00000000,1763240399999999,2206111.68092000,13839,424973.30000000,952660.60238000,0
1763240400000000,2.24070000,2.25220000,2.23980000,2.24950000,700451.50000000,1763241299999999,1574267.98312000,9535,417407.30000000,938175.78336000,0
1763241300000000,2.24960000,2.25440000,2.24720000,2.24800000,660577.70000000,1763242199999999,1486215.41629000,8387,257384.20000000,579158.77748000,0
1763242200000000,2.24790000,2.24860000,2.21110000,2.22110000,4409023.90000000,1763243099999999,9810940.52062000,37306,1934067.70000000,4299478.53003000,0
1763243100000000,2.22110000,2.22840000,2.21620000,2.22720000,1471431.00000000,1763243999999999,3271344.28511000,19203,787573.90000000,1750702.53673000,0
1763244000000000,2.22710000,2.23480000,2.22230000,2.23470000,738394.20000000,1763244899999999,1644491.91961000,12593,404322.80000000,900506.84080000,0
1763244900000000,2.23470000,2.24200000,2.23100000,2.24050000,500201.80000000,1763245799999999,1118467.18910000,7717,277770.60000000,621165.02807000,0
1763245800000000,2.24040000,2.24390000,2.23400000,2.24140000,783459.70000000,1763246699999999,1755259.89390000,5985,426789.10000000,956087.70014000,0
1763246700000000,2.24130000,2.24210000,2.23300000,2.23930000,533076.60000000,1763247599999999,1193114.60662000,8065,239252.10000000,535310.34169000,0
1763247600000000,2.23930000,2.24010000,2.22910000,2.23380000,598510.00000000,1763248499999999,1337773.33513000,8991,324701.20000000,725532.65213000,0
1763248500000000,2.23370000,2.24370000,2.23280000,2.24090000,555799.00000000,1763249399999999,1244311.07444000,7494,363859.60000000,814508.47357000,0
1763249400000000,2.24080000,2.24210000,2.23620000,2.23640000,427980.70000000,1763250299999999,958349.47690000,5768,264169.30000000,591522.96340000,0
1763250300000000,2.23650000,2.24030000,2.23360000,2.23720000,562906.70000000,1763251199999999,1259096.72572000,6945,334294.00000000,747656.15294000,0
1763251200000000,2.23720000,2.23810000,2.21910000,2.22080000,1251211.80000000,1763252099999999,2786317.03125000,15233,675603.10000000,1504388.72138000,0
1763252100000000,2.22070000,2.22160000,2.20330000,2.20600000,4213113.50000000,1763252999999999,9312955.89112000,35898,2159475.10000000,4774367.89489000,0
1763253000000000,2.20600000,2.22290000,2.20480000,2.22220000,1453710.20000000,1763253899999999,3215871.80896000,15822,899900.00000000,1990353.84624000,0
1763253900000000,2.22210000,2.22650000,2.21770000,2.21770000,679455.00000000,1763254799999999,1509794.52856000,9634,359006.90000000,797643.76595000,0
1763254800000000,2.21770000,2.22300000,2.20440000,2.22040000,1195872.50000000,1763255699999999,2647243.22129000,21918,663418.30000000,1468382.09502000,0
1763255700000000,2.22050000,2.22110000,2.21110000,2.21480000,531882.30000000,1763256599999999,1178673.30797000,14698,245190.90000000,543345.22900000,0
1763256600000000,2.21480000,2.21730000,2.19670000,2.20070000,2564886.00000000,1763257499999999,5651546.60655000,32293,1032551.10000000,2275646.35562000,0
1763257500000000,2.20060000,2.21470000,2.18930000,2.21110000,1733627.10000000,1763258399999999,3813972.73706000,23482,835103.50000000,1837173.12241000,0
1763258400000000,2.21110000,2.22270000,2.20640000,2.21550000,1319686.10000000,1763259299999999,2921982.61875000,15310,486402.90000000,1077778.71099000,0
1763259300000000,2.21560000,2.23880000,2.21560000,2.23290000,2151787.20000000,1763260199999999,4795387.82224000,24607,1085179.10000000,2417051.08340000,0
1763260200000000,2.23300000,2.23860000,2.22920000,2.23700000,952458.50000000,1763261099999999,2127785.31974000,19246,378351.90000000,845200.66691000,0
1763261100000000,2.23700000,2.25200000,2.23480000,2.24510000,1414360.40000000,1763261999999999,3174797.12187000,20198,730594.60000000,1639551.29345000,0
1763262000000000,2.24520000,2.24770000,2.23860000,2.24130000,839147.90000000,1763262899999999,1882060.51915000,12971,378989.60000000,850147.63633000,0
1763262900000000,2.24130000,2.25650000,2.24130000,2.25110000,856415.50000000,1763263799999999,1928718.00669000,14733,465281.80000000,1047715.63782000,0
1763263800000000,2.25120000,2.25440000,2.24580000,2.25360000,435947.80000000,1763264699999999,981136.00033000,9072,193173.10000000,434679.13606000,0
1763264700000000,2.25350000,2.25440000,2.24680000,2.25000000,394429.20000000,1763265599999999,887511.22488000,7426,175141.40000000,394042.16072000,0
1763265600000000,2.25000000,2.25280000,2.24670000,2.24970000,269204.00000000,1763266499999999,605655.06765000,7179,106076.00000000,238625.18760000,0
1763266500000000,2.24980000,2.25460000,2.24410000,2.24580000,524553.10000000,1763267399999999,1179837.05983000,7492,216713.70000000,487317.42993000,0
1763267400000000,2.24590000,2.24590000,2.23880000,2.24120000,598381.50000000,1763268299999999,1341365.71804000,8616,223128.70000000,500245.09850000,0
1763268300000000,2.24130000,2.24770000,2.24000000,2.24770000,573754.00000000,1763269199999999,1288095.24490000,6235,353435.90000000,793514.09613000,0
1763269200000000,2.24760000,2.26150000,2.24650000,2.25890000,669057.50000000,1763270099999999,1509589.78983000,9981,367863.80000000,829690.06880000,0
1763270100000000,2.25890000,2.26480000,2.25510000,2.25640000,985929.70000000,1763270999999999,2227830.73739000,13346,392535.40000000,887010.68950000,0
1763271000000000,2.25640000,2.26070000,2.25490000,2.25780000,317342.00000000,1763271899999999,716510.72848000,7707,179580.00000000,405529.69790000,0
1763271900000000,2.25780000,2.25940000,2.25550000,2.25870000,364438.20000000,1763272799999999,822842.62269000,6645,166306.50000000,375476.71255000,0
1763272800000000,2.25870000,2.26690000,2.25450000,2.26560000,906604.50000000,1763273699999999,2051117.49981000,9543,318279.90000000,720290.27360000,0
1763273700000000,2.26570000,2.26770000,2.26370000,2.26690000,556354.10000000,1763274599999999,1260752.25755000,9355,271788.10000000,615883.64631000,0
1763274600000000,2.26690000,2.26990000,2.26420000,2.26500000,328780.30000000,1763275499999999,745344.02319000,7815,141680.60000000,321163.35009000,0
1763275500000000,2.26490000,2.26840000,2.25910000,2.26060000,425443.60000000,1763276399999999,963044.97193000,7223,125955.50000000,285247.69456000,0
1763276400000000,2.26060000,2.26930000,2.25930000,2.26460000,449615.60000000,1763277299999999,1018133.12918000,8051,267169.10000000,605108.33669000,0
1763277300000000,2.26450000,2.26760000,2.25810000,2.26260000,477765.60000000,1763278199999999,1080971.87239000,6369,217130.80000000,491364.22697000,0
1763278200000000,2.26260000,2.26890000,2.26130000,2.26200000,2162930.40000000,1763279099999999,4897902.78097000,10236,745697.80000000,1687769.75060000,0
1763279100000000,2.26210000,2.26770000,2.26180000,2.26720000,1281587.20000000,1763279999999999,2903157.26013000,8006,698896.90000000,1583418.26885000,0
1763280000000000,2.26720000,2.27210000,2.25920000,2.26040000,498018.60000000,1763280899999999,1128038.26703000,10765,258938.30000000,586412.16226000,0
1763280900000000,2.26040000,2.26200000,2.25410000,2.25440000,1235976.00000000,1763281799999999,2789690.09602000,14375,496319.00000000,1120146.97738000,0
1763281800000000,2.25440000,2.25940000,2.25380000,2.25940000,764651.10000000,1763282699999999,1725363.35473000,9500,284200.00000000,641108.56853000,0
1763282700000000,2.25940000,2.26520000,2.25320000,2.26500000,631292.70000000,1763283599999999,1426180.44029000,10029,230556.00000000,520993.00421000,0
1763283600000000,2.26500000,2.26530000,2.25670000,2.26270000,680397.90000000,1763284499999999,1538283.32467000,10519,378995.40000000,856790.40411000,0
1763284500000000,2.26260000,2.26340000,2.25810000,2.26200000,602848.00000000,1763285399999999,1363149.70755000,7334,270750.80000000,612205.79946000,0
1763285400000000,2.26210000,2.26430000,2.25910000,2.26290000,220812.90000000,1763286299999999,499420.07968000,6554,82764.50000000,187203.21881000,0
1763286300000000,2.26290000,2.27860000,2.26140000,2.27710000,1488965.90000000,1763287199999999,3383921.92568000,17004,805157.10000000,1829937.54768000,0
1763287200000000,2.27710000,2.28000000,2.26940000,2.27430000,722106.90000000,1763288099999999,1642706.57607000,10121,454594.00000000,1034151.03004000,0
1763288100000000,2.27420000,2.27970000,2.27080000,2.27640000,713878.80000000,1763288999999999,1624835.96075000,10102,430129.80000000,978710.39173000,0
1763289000000000,2.27640000,2.27670000,2.27030000,2.27030000,396841.20000000,1763289899999999,902327.21220000,6595,196559.40000000,446879.45804000,0
1763289900000000,2.27030000,2.27500000,2.26940000,2.27100000,381870.20000000,1763290799999999,867603.74972000,5393,215718.50000000,490068.85771000,0
1763290800000000,2.27090000,2.27320000,2.25640000,2.25740000,853436.00000000,1763291699999999,1932962.16850000,11057,389342.40000000,881920.56567000,0
1763291700000000,2.25730000,2.26140000,2.23920000,2.24100000,1201983.80000000,1763292599999999,2703300.97958000,19548,486549.60000000,1094963.39587000,0
1763292600000000,2.24110000,2.24410000,2.23040000,2.23380000,1473669.80000000,1763293499999999,3296422.75812000,20531,724470.40000000,1620474.32007000,0
1763293500000000,2.23380000,2.24000000,2.23110000,2.23540000,725899.00000000,1763294399999999,1623409.49696000,11027,444496.60000000,994045.57065000,0
1763294400000000,2.23550000,2.24110000,2.23290000,2.23570000,682739.60000000,1763295299999999,1527578.44898000,8975,390677.70000000,873963.57281000,0
1763295300000000,2.23560000,2.24650000,2.23500000,2.24320000,1476378.70000000,1763296199999999,3311353.05501000,10767,732467.90000000,1642643.83618000,0
1763296200000000,2.24330000,2.24420000,2.22560000,2.24180000,1752917.50000000,1763297099999999,3914828.42259000,17351,808871.60000000,1806061.55224000,0
1763297100000000,2.24190000,2.24400000,2.23390000,2.23550000,558414.60000000,1763297999999999,1250183.08646000,9747,289126.80000000,647259.41639000,0
1763298000000000,2.23550000,2.23830000,2.21880000,2.23320000,2206610.20000000,1763298899999999,4913091.52998000,17338,1222931.20000000,2722551.64632000,0
1763298900000000,2.23320000,2.23850000,2.22210000,2.22240000,842338.40000000,1763299799999999,1878213.34561000,9119,403992.60000000,900774.23229000,0
1763299800000000,2.22230000,2.22670000,2.21410000,2.21420000,1552518.10000000,1763300699999999,3447483.87250000,17216,799603.80000000,1775854.31880000,0
1763300700000000,2.21420000,2.21940000,2.20490000,2.21690000,2252372.90000000,1763301599999999,4982572.72908000,20564,1363519.60000000,3016742.45527000,0
1763301600000000,2.21680000,2.22210000,2.21300000,2.21680000,1101553.10000000,1763302499999999,2443383.62692000,12874,697575.00000000,1547267.42053000,0
1763302500000000,2.21670000,2.21790000,2.21000000,2.21470000,590382.60000000,1763303399999999,1306702.85151000,9250,272374.60000000,602872.00779000,0
1763303400000000,2.21470000,2.22990000,2.21260000,2.22810000,1494001.40000000,1763304299999999,3323541.53783000,13457,944868.60000000,2101828.48688000,0
1763304300000000,2.22800000,2.23140000,2.22170000,2.22400000,546444.20000000,1763305199999999,1216865.70030000,9903,292200.50000000,650686.18455000,0
1763305200000000,2.22400000,2.22430000,2.21200000,2.21380000,1049782.50000000,1763306099999999,2326238.13703000,13256,637703.30000000,1412773.33832000,0
1763306100000000,2.21370000,2.21910000,2.20860000,2.21090000,1210511.80000000,1763306999999999,2680220.46448000,11750,709027.10000000,1570013.60213000,0
1763307000000000,2.21090000,2.21100000,2.20200000,2.20520000,1513701.70000000,1763307899999999,3339302.49725000,16796,705060.40000000,1555421.07052000,0
1763307900000000,2.20510000,2.20650000,2.18320000,2.18700000,6473680.40000000,1763308799999999,14184641.48367000,53731,3117330.10000000,6828747.61746000,0
1763308800000000,2.18690000,2.20140000,2.17720000,2.18010000,3500889.60000000,1763309699999999,7654524.26959000,46686,1699845.50000000,3717701.39614000,0
1763309700000000,2.18020000,2.18300000,2.17330000,2.17870000,2154964.40000000,1763310599999999,4694298.83963000,35916,1040930.00000000,2267747.80258000,0
1763310600000000,2.17860000,2.18390000,2.16890000,2.17690000,2815447.70000000,1763311499999999,6124867.01257000,41085,1366666.90000000,2972684.75379000,0
1763311500000000,2.17680000,2.18130000,2.16170000,2.17080000,1841830.50000000,1763312399999999,3996332.44040000,30275,744417.40000000,1615447.66231000,0
1763312400000000,2.17080000,2.17640000,2.16740000,2.17150000,1056654.30000000,1763313299999999,2294615.32084000,16989,414931.80000000,901096.57892000,0
1763313300000000,2.17140000,2.18250000,2.16580000,2.17480000,2022518.80000000,1763314199999999,4397125.50230000,26447,1049003.90000000,2280665.95022000,0
1763314200000000,2.17470000,2.17970000,2.16200000,2.16230000,1206301.90000000,1763315099999999,2618089.56747000,20999,413927.50000000,898101.03164000,0
1763315100000000,2.16220000,2.18070000,2.15580000,2.17590000,2661246.40000000,1763315999999999,5760492.55295000,28953,1303557.70000000,2822476.23723000,0
1763316000000000,2.17580000,2.23220000,2.17370000,2.21970000,4804455.50000000,1763316899999999,10588747.78375000,53623,2568165.70000000,5661327.89020000,0
1763316900000000,2.21960000,2.22310000,2.19960000,2.20280000,2890949.60000000,1763317799999999,6389310.98454000,33559,1332512.30000000,2945852.46506000,0
1763317800000000,2.20270000,2.20310000,2.18350000,2.18500000,1815585.50000000,1763318699999999,3983671.26464000,22700,838655.50000000,1841036.74360000,0
1763318700000000,2.18510000,2.19360000,2.17670000,2.18870000,1314456.40000000,1763319599999999,2871258.93176000,22445,604256.50000000,1320374.06098000,0
1763319600000000,2.18880000,2.21650000,2.18750000,2.21350000,1384757.90000000,1763320499999999,3049962.67636000,23906,741098.20000000,1631241.79404000,0
1763320500000000,2.21340000,2.22240000,2.20640000,2.21620000,1188837.30000000,1763321399999999,2630653.14807000,19947,547906.60000000,1212542.08037000,0
1763321400000000,2.21630000,2.22690000,2.21150000,2.21620000,1224320.60000000,1763322299999999,2717540.44359000,17596,649069.00000000,1440569.65635000,0
1763322300000000,2.21620000,2.22500000,2.21290000,2.21640000,851281.90000000,1763323199999999,1888601.65760000,13969,310906.10000000,689851.05600000,0
1763323200000000,2.21640000,2.22780000,2.21260000,2.22230000,1115608.40000000,1763324099999999,2477556.80799000,16285,445803.00000000,990628.78040000,0
1763324100000000,2.22230000,2.23050000,2.21750000,2.22600000,887934.90000000,1763324999999999,1974001.41025000,13341,499539.20000000,1110678.64491000,0
1763325000000000,2.22600000,2.22800000,2.21280000,2.21660000,774802.00000000,1763325899999999,1719535.05325000,11455,393957.20000000,874063.52996000,0
1763325900000000,2.21650000,2.21650000,2.20530000,2.20570000,702300.90000000,1763326799999999,1551847.35087000,10740,197951.30000000,437325.57018000,0
1763326800000000,2.20580000,2.20690000,2.18850000,2.19180000,1824527.80000000,1763327699999999,4006573.18698000,19651,735758.10000000,1615313.68457000,0
1763327700000000,2.19190000,2.19420000,2.18240000,2.19000000,978242.70000000,1763328599999999,2140621.84151000,17000,374588.70000000,819833.26121000,0
1763328600000000,2.19010000,2.19980000,2.18750000,2.19610000,728150.50000000,1763329499999999,1598409.97859000,15705,354799.10000000,778880.66443000,0
1763329500000000,2.19610000,2.20250000,2.19300000,2.19730000,795106.60000000,1763330399999999,1747255.75448000,14177,364582.00000000,801216.19149000,0
1763330400000000,2.19720000,2.19930000,2.17180000,2.19240000,1776050.50000000,1763331299999999,3879400.52174000,25156,873251.80000000,1908573.49632000,0
1763331300000000,2.19240000,2.20180000,2.18710000,2.19700000,1470088.50000000,1763332199999999,3225650.27394000,21535,771751.70000000,1693242.50973000,0
1763332200000000,2.19700000,2.19850000,2.18000000,2.18320000,1158018.20000000,1763333099999999,2537584.12377000,15349,506454.00000000,1110195.86601000,0
1763333100000000,2.18320000,2.22830000,2.18250000,2.20820000,2058250.00000000,1763333999999999,4556465.37830000,27408,996209.20000000,2204341.54584000,0
1763334000000000,2.20820000,2.21040000,2.16480000,2.20430000,4587042.10000000,1763334899999999,10014562.16529000,76289,2368109.30000000,5165173.01694000,0
1763334900000000,2.20430000,2.22890000,2.20110000,2.21840000,1994171.90000000,1763335799999999,4420503.15425000,29995,1032784.40000000,2289820.42675000,0
1763335800000000,2.21850000,2.22930000,2.21300000,2.21750000,1268966.90000000,1763336699999999,2818931.50167000,18911,621120.90000000,1380230.99435000,0
1763336700000000,2.21750000,2.22350000,2.21470000,2.21490000,624017.20000000,1763337599999999,1384567.96625000,12237,282514.90000000,626923.32173000,0
1763337600000000,2.21480000,2.22370000,2.21130000,2.21280000,1260184.80000000,1763338499999999,2792753.51480000,17797,520523.30000000,1153389.47632000,0
1763338500000000,2.21270000,2.23440000,2.19830000,2.23180000,1916498.10000000,1763339399999999,4244829.64013000,27410,987875.70000000,2189332.92003000,0
1763339400000000,2.23180000,2.25040000,2.22820000,2.23040000,2793423.20000000,1763340299999999,6256964.85537000,30640,1505228.00000000,3372693.71987000,0
1763340300000000,2.23040000,2.24830000,2.22580000,2.24200000,1794004.00000000,1763341199999999,4012628.65265000,18973,1159178.00000000,2592693.73378000,0
1763341200000000,2.24210000,2.24690000,2.23400000,2.23650000,1130101.30000000,1763342099999999,2531516.38852000,16192,559493.10000000,1253598.55602000,0
1763342100000000,2.23640000,2.24050000,2.23030000,2.23590000,1180879.30000000,1763342999999999,2639946.02066000,14677,532589.70000000,1190712.14227000,0
1763343000000000,2.23580000,2.24200000,2.23010000,2.23780000,696466.90000000,1763343899999999,1557979.74722000,11404,257014.50000000,575000.72231000,0
1763343900000000,2.23790000,2.24180000,2.22770000,2.22810000,698510.20000000,1763344799999999,1559643.60926000,10179,379483.00000000,847507.47049000,0
1763344800000000,2.22810000,2.24660000,2.22360000,2.24100000,1696252.30000000,1763345699999999,3792054.50418000,17772,1013368.60000000,2264725.61254000,0
1763345700000000,2.24110000,2.24600000,2.23670000,2.23880000,851011.10000000,1763346599999999,1908052.80329000,13430,453199.00000000,1016090.91817000,0
1763346600000000,2.23880000,2.24120000,2.23300000,2.23560000,942400.70000000,1763347499999999,2108514.09911000,8864,590383.60000000,1320865.50420000,0
1763347500000000,2.23560000,2.23990000,2.23240000,2.23980000,874826.10000000,1763348399999999,1955416.46593000,6443,541456.50000000,1210202.48828000,0
1763348400000000,2.23990000,2.26000000,2.23940000,2.25990000,2038222.40000000,1763349299999999,4584324.10918000,14448,1315048.80000000,2958219.23677000,0
1763349300000000,2.26000000,2.26400000,2.25340000,2.25510000,1476861.90000000,1763350199999999,3335873.52751000,13443,850561.50000000,1921060.33779000,0
1763350200000000,2.25510000,2.25680000,2.24930000,2.25470000,1160771.10000000,1763351099999999,2616079.56709000,9919,694340.20000000,1564893.47831000,0
1763351100000000,2.25470000,2.25800000,2.25330000,2.25740000,785338.60000000,1763351999999999,1771173.03584000,7156,476700.10000000,1075061.01211000,0
1763352000000000,2.25740000,2.26170000,2.25080000,2.25160000,1205089.60000000,1763352899999999,2719103.79209000,9913,586223.20000000,1322678.88927000,0
1763352900000000,2.25160000,2.26770000,2.25030000,2.26500000,1550277.50000000,1763353799999999,3502203.44843000,12896,830280.50000000,1875608.90353000,0
1763353800000000,2.26500000,2.26500000,2.25330000,2.25770000,1103208.90000000,1763354699999999,2491585.12496000,8584,571167.30000000,1289452.87587000,0
1763354700000000,2.25760000,2.25790000,2.24930000,2.25190000,958835.50000000,1763355599999999,2160114.46871000,6941,477992.10000000,1076900.34570000,0
1763355600000000,2.25180000,2.25300000,2.24420000,2.24620000,1225900.40000000,1763356499999999,2756407.31537000,9130,617905.00000000,1389271.64134000,0
1763356500000000,2.24630000,2.25500000,2.23990000,2.25460000,1169084.70000000,1763357399999999,2626151.33508000,10733,561581.90000000,1261488.93782000,0
1763357400000000,2.25470000,2.25500000,2.24350000,2.24840000,858066.20000000,1763358299999999,1929418.41126000,7398,437053.00000000,982735.09402000,0
1763358300000000,2.24830000,2.25570000,2.24760000,2.25370000,896727.80000000,1763359199999999,2019363.74501000,5862,569170.50000000,1281579.75138000,0
1763359200000000,2.25370000,2.25710000,2.24900000,2.25340000,931844.70000000,1763360099999999,2100132.41450000,8165,481337.10000000,1084837.61272000,0
1763360100000000,2.25330000,2.26290000,2.25140000,2.26070000,1260304.20000000,1763360999999999,2845125.85921000,8246,664125.50000000,1499113.22297000,0
1763361000000000,2.26060000,2.26110000,2.25350000,2.25580000,825460.50000000,1763361899999999,1862977.89442000,7434,435112.40000000,981950.41458000,0
1763361900000000,2.25570000,2.26450000,2.25510000,2.26150000,593852.50000000,1763362799999999,1342238.48750000,6396,248529.00000000,561610.08346000,0
1763362800000000,2.26150000,2.26850000,2.26030000,2.26440000,856258.60000000,1763363699999999,1938748.54829000,10275,488242.90000000,1105458.15450000,0
1763363700000000,2.26440000,2.26950000,2.26410000,2.26450000,691416.90000000,1763364599999999,1567386.70516000,9060,310115.50000000,703007.52104000,0
1763364600000000,2.26450000,2.26640000,2.26000000,2.26560000,514380.80000000,1763365499999999,1164107.97318000,7283,213846.30000000,483977.92804000,0
1763365500000000,2.26550000,2.26750000,2.26190000,2.26420000,605671.90000000,1763366399999999,1371679.83945000,8442,269801.30000000,611024.89418000,0
1763366400000000,2.26430000,2.26910000,2.26290000,2.26360000,545623.20000000,1763367299999999,1236222.93982000,8279,269398.30000000,610312.66543000,0
1763367300000000,2.26370000,2.27450000,2.26250000,2.27120000,1217498.80000000,1763368199999999,2765178.22932000,13461,473505.10000000,1075271.89827000,0
1763368200000000,2.27130000,2.27200000,2.26550000,2.26680000,1110617.50000000,1763369099999999,2519367.54619000,7794,472004.10000000,1070731.86577000,0
1763369100000000,2.26670000,2.27010000,2.26460000,2.26640000,911178.50000000,1763369999999999,2065583.48254000,6274,481582.30000000,1091663.39452000,0
1763370000000000,2.26630000,2.27420000,2.25900000,2.27320000,1359402.40000000,1763370899999999,3081402.45246000,11368,715607.40000000,1621668.50070000,0
1763370900000000,2.27320000,2.27930000,2.27320000,2.27580000,1112949.50000000,1763371799999999,2533260.92634000,9148,645834.70000000,1470128.83963000,0
1763371800000000,2.27570000,2.28470000,2.27330000,2.27770000,1290827.30000000,1763372699999999,2940665.50781000,7722,691461.70000000,1575100.31671000,0
1763372700000000,2.27770000,2.27820000,2.27080000,2.27390000,719443.10000000,1763373599999999,1635471.35081000,5474,426701.20000000,970031.33677000,0
1763373600000000,2.27380000,2.27800000,2.27090000,2.27790000,1033498.20000000,1763374499999999,2350964.21019000,6003,561711.70000000,1277666.12883000,0
1763374500000000,2.27790000,2.27850000,2.26630000,2.26810000,808553.60000000,1763375399999999,1837991.34513000,6568,422886.00000000,960985.76335000,0
1763375400000000,2.26800000,2.27460000,2.26630000,2.27350000,1138618.60000000,1763376299999999,2585204.73245000,6307,622370.60000000,1412967.58117000,0
1763376300000000,2.27350000,2.27760000,2.27080000,2.27300000,853550.20000000,1763377199999999,1941365.40559000,5267,521293.80000000,1185735.27758000,0
1763377200000000,2.27310000,2.27700000,2.27050000,2.27610000,786050.00000000,1763378099999999,1787066.34249000,5002,418397.80000000,951226.36186000,0
1763378100000000,2.27600000,2.27850000,2.27060000,2.27240000,947243.30000000,1763378999999999,2154456.91817000,6386,523286.40000000,1189944.18439000,0
1763379000000000,2.27230000,2.27830000,2.26850000,2.26920000,1180211.50000000,1763379899999999,2682976.93917000,8709,676972.10000000,1539040.36950000,0
1763379900000000,2.26930000,2.27380000,2.26680000,2.27180000,795925.30000000,1763380799999999,1806490.94138000,6739,427799.10000000,970972.04830000,0
1763380800000000,2.27190000,2.27250000,2.26320000,2.26420000,1257449.80000000,1763381699999999,2852557.83538000,8494,577818.60000000,1310788.67218000,0
1763381700000000,2.26420000,2.26800000,2.26280000,2.26330000,902879.60000000,1763382599999999,2045245.35449000,5563,408477.80000000,925251.28322000,0
1763382600000000,2.26330000,2.26480000,2.25580000,2.26140000,1750133.20000000,1763383499999999,3955271.58699000,9813,1053811.70000000,2381461.04486000,0
1763383500000000,2.26140000,2.26420000,2.25810000,2.26090000,1035324.60000000,1763384399999999,2341302.63885000,7573,475894.90000000,1076144.57346000,0
1763384400000000,2.26090000,2.26630000,2.24620000,2.25070000,1383196.20000000,1763385299999999,3119601.21445000,13742,483554.70000000,1090176.56504000,0
1763385300000000,2.25070000,2.25780000,2.24250000,2.24470000,1355520.80000000,1763386199999999,3050676.61010000,15978,454875.00000000,1023489.64303000,0
1763386200000000,2.24460000,2.24870000,2.20990000,2.21430000,6250153.10000000,1763387099999999,13897155.70158000,36231,2546964.10000000,5660812.78840000,0
1763387100000000,2.21430000,2.21870000,2.19540000,2.21120000,5305583.90000000,1763387999999999,11721011.50322000,46331,2447071.20000000,5407018.44202000,0
1763388000000000,2.21120000,2.21840000,2.19440000,2.20620000,4012357.00000000,1763388899999999,8844045.49525000,43982,2134111.20000000,4701654.42085000,0
1763388900000000,2.20630000,2.21890000,2.19970000,2.20450000,2426325.70000000,1763389799999999,5362683.58935000,26853,1126943.70000000,2489529.89552000,0
1763389800000000,2.20450000,2.30770000,2.19940000,2.26760000,17590136.00000000,1763390699999999,39935409.29123000,135531,8562009.90000000,19419538.51991000,0
1763390700000000,2.26750000,2.28520000,2.24640000,2.25510000,6047405.50000000,1763391599999999,13700761.90864000,87260,2759676.20000000,6255392.11097000,0
1763391600000000,2.25510000,2.26850000,2.23240000,2.23850000,3885133.20000000,1763392499999999,8741196.63733000,66601,1845198.70000000,4150800.64889000,0
1763392500000000,2.23860000,2.24870000,2.21060000,2.24240000,3287695.50000000,1763393399999999,7320284.29623000,48763,1363892.30000000,3036159.31099000,0
1763393400000000,2.24250000,2.24800000,2.21550000,2.22830000,3571039.40000000,1763394299999999,7952180.21207000,50705,1494469.10000000,3328400.24864000,0
1763394300000000,2.22820000,2.23000000,2.20470000,2.20940000,3975641.40000000,1763395199999999,8802610.59815000,42788,1580723.70000000,3500093.55802000,0
1763395200000000,2.20940000,2.21010000,2.18190000,2.18430000,5373315.10000000,1763396099999999,11776147.00552000,47235,2415159.10000000,5292508.43818000,0
1763396100000000,2.18430000,2.19820000,2.17010000,2.19540000,5359354.50000000,1763396999999999,11709965.34995000,66611,2307720.90000000,5040772.79048000,0
1763397000000000,2.19540000,2.21010000,2.18950000,2.19830000,3289006.40000000,1763397899999999,7227574.84865000,42629,1652751.80000000,3631594.95734000,0
1763397900000000,2.19820000,2.22210000,2.19090000,2.21980000,2678429.50000000,1763398799999999,5919915.21451000,41005,1242879.50000000,2746933.00523000,0
1763398800000000,2.21980000,2.22210000,2.20020000,2.20310000,2131485.20000000,1763399699999999,4713194.17170000,34181,1133176.40000000,2505648.40755000,0
1763399700000000,2.20310000,2.20370000,2.18590000,2.18850000,2258854.50000000,1763400599999999,4953677.45643000,25220,1284979.10000000,2818550.28110000,0
1763400600000000,2.18850000,2.18940000,2.16420000,2.16880000,3818853.60000000,1763401499999999,8310274.26021000,34496,1448476.50000000,3153413.44692000,0
1763401500000000,2.16880000,2.17490000,2.15910000,2.16490000,3992410.40000000,1763402399999999,8645942.62014000,50235,1618646.30000000,3505383.07839000,0
1763402400000000,2.16490000,2.17380000,2.14830000,2.15400000,5863560.50000000,1763403299999999,12663677.80475000,59100,2010088.00000000,4342501.67151000,0
1763403300000000,2.15390000,2.15990000,2.13890000,2.14450000,5735801.00000000,1763404199999999,12323969.52445000,52714,2001871.20000000,4301747.98858000,0
1763404200000000,2.14440000,2.15680000,2.14090000,2.15650000,4418533.80000000,1763405099999999,9489471.66671000,46105,1950853.30000000,4189306.43908000,0
1763405100000000,2.15650000,2.17200000,2.14780000,2.14890000,4425073.20000000,1763405999999999,9563977.53652000,40985,1567810.80000000,3388034.05760000,0
1763406000000000,2.14880000,2.15520000,2.13870000,2.14160000,2993247.50000000,1763406899999999,6426507.56577000,35447,943264.40000000,2024879.21739000,0
1763406900000000,2.14160000,2.14420000,2.13210000,2.14160000,3407075.50000000,1763407799999999,7285745.88713000,38592,1364770.50000000,2918635.68298000,0
1763407800000000,2.14160000,2.15380000,2.12610000,2.13200000,4849492.90000000,1763408699999999,10367632.80150000,53249,2876197.10000000,6150443.72097000,0
1763408700000000,2.13200000,2.13330000,2.12050000,2.12700000,4950462.70000000,1763409599999999,10526583.50347000,47306,2862118.60000000,6085140.78630000,0
1763409600000000,2.12690000,2.13860000,2.11460000,2.13070000,3618165.90000000,1763410499999999,7688372.47834000,50448,2069675.80000000,4398232.25439000,0
1763410500000000,2.13080000,2.14540000,2.12960000,2.13350000,3086206.50000000,1763411399999999,6597234.88649000,41708,1885703.30000000,4031409.06930000,0
1763411400000000,2.13340000,2.13760000,2.12010000,2.12560000,2003801.10000000,1763412299999999,4264323.75826000,30783,1127386.60000000,2399290.05088000,0
1763412300000000,2.12570000,2.15380000,2.12410000,2.14910000,3086674.40000000,1763413199999999,6609816.10581000,40733,1472974.60000000,3153799.23127000,0
1763413200000000,2.14920000,2.15890000,2.14500000,2.14980000,3059262.90000000,1763414099999999,6582754.89682000,29285,1534873.50000000,3302675.36948000,0
1763414100000000,2.14980000,2.15460000,2.13460000,2.15280000,3680774.50000000,1763414999999999,7899136.73948000,23334,1869493.40000000,4011261.15305000,0
1763415000000000,2.15270000,2.15310000,2.13760000,2.14540000,951654.50000000,1763415899999999,2042213.21893000,16862,515915.60000000,1107237.28221000,0
1763415900000000,2.14540000,2.15350000,2.13710000,2.15350000,1280269.40000000,1763416799999999,2744537.41226000,15419,657614.10000000,1409747.69589000,0
1763416800000000,2.15350000,2.15840000,2.14460000,2.15470000,2010177.40000000,1763417699999999,4325903.90547000,22881,1114721.20000000,2398908.93890000,0
1763417700000000,2.15470000,2.16790000,2.15430000,2.16400000,2619889.10000000,1763418599999999,5661639.23203000,20015,1403669.50000000,3032611.72255000,0
1763418600000000,2.16390000,2.17310000,2.16160000,2.16960000,1550714.00000000,1763419499999999,3363580.68461000,11785,683914.40000000,1483245.02227000,0
1763419500000000,2.16960000,2.17070000,2.15920000,2.16450000,1014796.30000000,1763420399999999,2196186.99051000,10903,474439.70000000,1026632.87224000,0
1763420400000000,2.16460000,2.17310000,2.15410000,2.16030000,1292280.70000000,1763421299999999,2796228.25050000,17648,703892.60000000,1523153.24765000,0
1763421300000000,2.16020000,2.16180000,2.15140000,2.15190000,1382685.30000000,1763422199999999,2981799.70170000,17577,796115.30000000,1716999.30351000,0
1763422200000000,2.15200000,2.16490000,2.14940000,2.16020000,786784.80000000,1763423099999999,1697165.95868000,12389,449340.70000000,969035.70797000,0
1763423100000000,2.16030000,2.16590000,2.15650000,2.16370000,567448.60000000,1763423999999999,1227128.41202000,10147,271936.80000000,588128.27827000,0
1763424000000000,2.16370000,2.16890000,2.15960000,2.16220000,693508.60000000,1763424899999999,1501623.51722000,10935,300653.10000000,650888.52571000,0
1763424900000000,2.16230000,2.16350000,2.15010000,2.15270000,651097.40000000,1763425799999999,1404276.35118000,10924,314862.40000000,679185.09087000,0
1763425800000000,2.15280000,2.15460000,2.12740000,2.12860000,1957249.30000000,1763426699999999,4187668.10862000,23271,943516.00000000,2016160.78617000,0
1763426700000000,2.12850000,2.16280000,2.12070000,2.15220000,3011304.20000000,1763427599999999,6455370.66678000,49230,1607921.80000000,3443778.85572000,0
1763427600000000,2.15220000,2.16270000,2.14650000,2.15230000,2091266.10000000,1763428499999999,4502345.86932000,28339,1107042.00000000,2383267.46179000,0
1763428500000000,2.15230000,2.16370000,2.14540000,2.15420000,1758153.10000000,1763429399999999,3789232.38132000,23207,982146.80000000,2116262.49920000,0
1763429400000000,2.15420000,2.16490000,2.14940000,2.15360000,1821815.80000000,1763430299999999,3932645.99493000,23406,1068615.40000000,2306461.29404000,0
1763430300000000,2.15360000,2.15590000,2.14080000,2.14350000,994423.90000000,1763431199999999,2134068.01378000,12970,548168.80000000,1176380.09454000,0
1763431200000000,2.14340000,2.14410000,2.12930000,2.13360000,1847906.50000000,1763432099999999,3945796.67192000,22076,866862.30000000,1851306.44123000,0
1763432100000000,2.13370000,2.15240000,2.11380000,2.14980000,3639781.00000000,1763432999999999,7761326.94735000,40935,1811714.40000000,3860943.37961000,0
1763433000000000,2.14990000,2.16790000,2.14160000,2.14900000,2580317.10000000,1763433899999999,5559208.00861000,39803,1193672.90000000,2572074.52519000,0
1763433900000000,2.14900000,2.15670000,2.12000000,2.12630000,2472568.60000000,1763434799999999,5284001.11689000,25225,1163532.20000000,2487348.15352000,0
1763434800000000,2.12620000,2.12660000,2.10640000,2.12100000,4544387.00000000,1763435699999999,9620311.95608000,46973,1796048.50000000,3801550.26803000,0
1763435700000000,2.12110000,2.13340000,2.11880000,2.11880000,3235835.60000000,1763436599999999,6880022.35363000,31923,1524864.50000000,3242271.63126000,0
1763436600000000,2.11880000,2.16760000,2.11020000,2.15970000,7598276.30000000,1763437499999999,16253079.65584000,73268,3844305.50000000,8219627.48706000,0
1763437500000000,2.15980000,2.17660000,2.15630000,2.16450000,3030931.10000000,1763438399999999,6562296.23907000,33938,1232855.70000000,2668170.86481000,0
1763438400000000,2.16450000,2.16710000,2.14850000,2.14950000,2161385.50000000,1763439299999999,4665910.48437000,26000,711523.60000000,1535547.29019000,0
1763439300000000,2.14960000,2.15960000,2.13860000,2.14090000,2541452.50000000,1763440199999999,5460921.66685000,37360,864164.60000000,1856935.19690000,0
1763440200000000,2.14100000,2.15680000,2.14020000,2.14520000,2361619.30000000,1763441099999999,5077851.41097000,27584,1009443.40000000,2170311.53780000,0
1763441100000000,2.14510000,2.17090000,2.13450000,2.16670000,3184693.30000000,1763441999999999,6857732.71271000,41263,1369816.90000000,2950958.20235000,0
1763442000000000,2.16670000,2.16730000,2.14930000,2.16590000,1712343.70000000,1763442899999999,3699981.99902000,23521,662044.20000000,1431179.54202000,0
1763442900000000,2.16600000,2.17830000,2.16390000,2.16610000,1988794.10000000,1763443799999999,4317516.64062000,21635,903067.80000000,1961435.98038000,0
1763443800000000,2.16610000,2.16900000,2.15370000,2.15670000,978676.10000000,1763444699999999,2114256.00020000,17153,389882.30000000,842425.65306000,0
1763444700000000,2.15680000,2.16470000,2.15340000,2.15750000,1355780.60000000,1763445599999999,2927822.97791000,15377,650365.50000000,1404268.99443000,0
1763445600000000,2.15760000,2.16540000,2.15210000,2.16180000,1167805.60000000,1763446499999999,2521282.85998000,14177,652325.00000000,1408744.37812000,0
1763446500000000,2.16180000,2.16700000,2.15380000,2.15600000,799538.00000000,1763447399999999,1727010.87855000,14771,363919.10000000,786088.35994000,0
1763447400000000,2.15600000,2.15850000,2.13930000,2.14190000,1696018.90000000,1763448299999999,3638987.32871000,19560,819752.90000000,1758765.74550000,0
1763448300000000,2.14180000,2.15100000,2.13560000,2.14160000,1444600.90000000,1763449199999999,3093653.91188000,19442,731847.10000000,1567492.01677000,0
1763449200000000,2.14170000,2.15000000,2.12520000,2.14480000,2854322.90000000,1763450099999999,6092517.90738000,26024,1771391.70000000,3780889.09181000,0
1763450100000000,2.14490000,2.15090000,2.13020000,2.14580000,1600882.90000000,1763450999999999,3426892.01299000,19893,772513.70000000,1653454.51966000,0
1763451000000000,2.14570000,2.16720000,2.14320000,2.16360000,1827903.30000000,1763451899999999,3945936.85788000,23458,859541.90000000,1855975.15430000,0
1763451900000000,2.16360000,2.16760000,2.15760000,2.16140000,969895.70000000,1763452799999999,2097414.47839000,13900,418732.20000000,905647.88489000,0
1763452800000000,2.16130000,2.18180000,2.16130000,2.17220000,2339950.90000000,1763453699999999,5089407.92029000,23978,922069.80000000,2004534.54364000,0
1763453700000000,2.17220000,2.18100000,2.16520000,2.16910000,1453645.70000000,1763454599999999,3156855.47878000,21111,729533.10000000,1584720.84662000,0
1763454600000000,2.16910000,2.19860000,2.16870000,2.19480000,2938142.90000000,1763455499999999,6427919.02142000,26012,1655305.70000000,3622558.49988000,0
1763455500000000,2.19480000,2.19720000,2.18550000,2.18810000,1884723.40000000,1763456399999999,4128658.27746000,21571,792930.30000000,1737649.81691000,0
1763456400000000,2.18810000,2.19240000,2.17670000,2.18410000,2122593.90000000,1763457299999999,4635934.87648000,20217,1039693.20000000,2270435.87909000,0
1763457300000000,2.18400000,2.19210000,2.17140000,2.17390000,1290167.30000000,1763458199999999,2814872.95726000,14487,708527.70000000,1546223.32035000,0
1763458200000000,2.17400000,2.17670000,2.16690000,2.17640000,1386104.10000000,1763459099999999,3010962.88570000,13452,828248.60000000,1799176.25408000,0
1763459100000000,2.17640000,2.18360000,2.17590000,2.18230000,1043699.30000000,1763459999999999,2275474.57192000,11963,553968.10000000,1207705.01536000,0
1763460000000000,2.18220000,2.18890000,2.18220000,2.18800000,1476882.20000000,1763460899999999,3227349.28758000,11825,583869.10000000,1276111.76637000,0
1763460900000000,2.18800000,2.19040000,2.18150000,2.18600000,1687331.30000000,1763461799999999,3687829.83096000,10398,843294.90000000,1843421.00343000,0
1763461800000000,2.18590000,2.19290000,2.18460000,2.19100000,1204687.60000000,1763462699999999,2638374.75382000,10509,620753.90000000,1359259.73922000,0
1763462700000000,2.19110000,2.19420000,2.18670000,2.19360000,727177.40000000,1763463599999999,1593435.00742000,11292,295819.30000000,648175.92641000,0
1763463600000000,2.19360000,2.20310000,2.19010000,2.19150000,4201523.90000000,1763464499999999,9235256.13162000,13440,1557317.30000000,3421642.57626000,0
1763464500000000,2.19160000,2.19230000,2.17610000,2.18600000,4356946.90000000,1763465399999999,9512573.93660000,18275,2270869.90000000,4955134.57065000,0
1763465400000000,2.18590000,2.19070000,2.18000000,2.18910000,675239.30000000,1763466299999999,1475594.15243000,11784,270456.20000000,591115.63461000,0
1763466300000000,2.18900000,2.19080000,2.18200000,2.18360000,1090767.60000000,1763467199999999,2386635.67083000,10780,427422.00000000,935199.97576000,0
1763467200000000,2.18360000,2.18490000,2.17060000,2.17220000,2092446.50000000,1763468099999999,4559716.46943000,16219,897170.60000000,1955925.96998000,0
1763468100000000,2.17210000,2.18540000,2.17190000,2.17540000,1355697.60000000,1763468999999999,2953115.44167000,11886,355749.90000000,775017.48284000,0
1763469000000000,2.17550000,2.19460000,2.17530000,2.19420000,1267590.90000000,1763469899999999,2770059.87861000,12805,746867.00000000,1631678.89628000,0
1763469900000000,2.19430000,2.19530000,2.17910000,2.18750000,1183679.70000000,1763470799999999,2590075.51638000,12008,398273.40000000,871098.96629000,0
1763470800000000,2.18750000,2.18750000,2.17690000,2.18050000,1524138.20000000,1763471699999999,3324663.69492000,11283,607682.00000000,1325329.22435000,0
1763471700000000,2.18060000,2.18200000,2.16810000,2.16920000,1511512.00000000,1763472599999999,3286379.06526000,13035,526805.40000000,1145547.36911000,0
1763472600000000,2.16910000,2.17290000,2.15050000,2.16330000,3703075.00000000,1763473499999999,8007617.52200000,30250,1485757.30000000,3211552.05043000,0
1763473500000000,2.16340000,2.17400000,2.16010000,2.16970000,1275969.80000000,1763474399999999,2765323.80062000,18539,624031.90000000,1352500.51220000,0
1763474400000000,2.16960000,2.17610000,2.16240000,2.16830000,3419483.30000000,1763475299999999,7415709.93416000,25594,1250120.60000000,2712327.01615000,0
1763475300000000,2.16840000,2.19000000,2.16540000,2.18200000,3701624.10000000,1763476199999999,8059717.26647000,21955,1336295.10000000,2911269.47824000,0
1763476200000000,2.18190000,2.20170000,2.16810000,2.18030000,4829577.00000000,1763477099999999,10573448.37117000,71744,2408616.50000000,5274426.37433000,0
1763477100000000,2.18040000,2.19140000,2.17120000,2.17150000,1585299.80000000,1763477999999999,3458018.14233000,31856,786511.70000000,1716279.20224000,0
1763478000000000,2.17140000,2.20110000,2.15660000,2.19270000,5389123.60000000,1763478899999999,11722025.96725000,56159,2336015.40000000,5079337.26618000,0
1763478900000000,2.19260000,2.22240000,2.18740000,2.21610000,6485677.40000000,1763479799999999,14332021.01456000,69321,2828799.60000000,6253615.79429000,0
1763479800000000,2.21620000,2.22940000,2.20300000,2.21170000,4212641.80000000,1763480699999999,9326702.32654000,49888,1877949.60000000,4158952.41538000,0
1763480700000000,2.21160000,2.21720000,2.19920000,2.21360000,2872455.20000000,1763481599999999,6349660.76460000,28126,1377744.60000000,3045374.61740000,0
1763481600000000,2.21370000,2.21920000,2.20140000,2.21310000,2515454.80000000,1763482499999999,5560019.07999000,26497,1038322.90000000,2294403.27132000,0
1763482500000000,2.21320000,2.23500000,2.20840000,2.23250000,4106909.90000000,1763483399999999,9145111.47322000,30007,1970867.70000000,4389194.93965000,0
1763483400000000,2.23240000,2.23910000,2.22270000,2.22560000,3759667.90000000,1763484299999999,8389275.08373000,38445,1753189.60000000,3913252.98653000,0
1763484300000000,2.22560000,2.22800000,2.21690000,2.22540000,2535499.10000000,1763485199999999,5638736.77120000,24711,695120.70000000,1545846.01091000,0
1763485200000000,2.22540000,2.22920000,2.21920000,2.21970000,2258559.80000000,1763486099999999,5026370.71644000,19317,755232.40000000,1680924.74177000,0
1763486100000000,2.21980000,2.22710000,2.20930000,2.21110000,847223.60000000,1763486999999999,1878627.31231000,15570,312167.20000000,692323.34345000,0
1763487000000000,2.21100000,2.22370000,2.20930000,2.21920000,959099.10000000,1763487899999999,2124796.01757000,11629,396259.90000000,877958.49267000,0
1763487900000000,2.21930000,2.22210000,2.21490000,2.21950000,570201.90000000,1763488799999999,1265074.32058000,7877,193567.60000000,429396.92408000,0
1763488800000000,2.21960000,2.22990000,2.21780000,2.22920000,1123120.20000000,1763489699999999,2498917.70166000,12098,534771.20000000,1190071.84807000,0
1763489700000000,2.22910000,2.23000000,2.22260000,2.22630000,758219.30000000,1763490599999999,1688883.40098000,12349,377171.90000000,840098.87216000,0
1763490600000000,2.22630000,2.23280000,2.22520000,2.23050000,690730.70000000,1763491499999999,1540090.13168000,12136,329308.80000000,734179.45611000,0
1763491500000000,2.23050000,2.23690000,2.22900000,2.22980000,973702.80000000,1763492399999999,2174463.82090000,10395,505208.00000000,1128049.90060000,0
1763492400000000,2.22990000,2.23800000,2.22900000,2.23610000,722095.80000000,1763493299999999,1612652.02290000,9169,315479.80000000,704487.03920000,0
1763493300000000,2.23610000,2.23990000,2.23350000,2.23590000,779451.70000000,1763494199999999,1743418.40737000,7581,401303.20000000,897647.15054000,0
1763494200000000,2.23600000,2.23880000,2.22960000,2.22970000,727967.70000000,1763495099999999,1626017.22045000,7384,218625.00000000,488295.72976000,0
1763495100000000,2.22970000,2.23130000,2.22260000,2.22820000,765527.80000000,1763495999999999,1704118.20269000,10205,427318.60000000,951260.00128000,0
1763496000000000,2.22820000,2.23640000,2.22810000,2.23370000,777091.20000000,1763496899999999,1735230.28142000,9295,385140.00000000,859899.26173000,0
1763496900000000,2.23380000,2.24040000,2.23370000,2.24040000,1362843.10000000,1763497799999999,3049220.32994000,10953,782118.40000000,1749921.62230000,0
1763497800000000,2.24030000,2.24130000,2.23150000,2.23290000,1027682.40000000,1763498699999999,2297309.41847000,8212,327208.00000000,731258.70841000,0
1763498700000000,2.23290000,2.23410000,2.22200000,2.22620000,3030401.10000000,1763499599999999,6753610.83899000,14282,1264983.20000000,2819075.67065000,0
1763499600000000,2.22630000,2.22870000,2.22000000,2.22720000,1097141.30000000,1763500499999999,2440893.78254000,9278,516324.50000000,1148720.31245000,0
1763500500000000,2.22710000,2.22790000,2.22040000,2.22160000,561730.10000000,1763501399999999,1249416.58313000,6907,158282.00000000,352023.61831000,0
1763501400000000,2.22150000,2.22200000,2.21200000,2.21230000,1097772.20000000,1763502299999999,2431982.20327000,7646,394788.00000000,874546.20001000,0
1763502300000000,2.21230000,2.21230000,2.20290000,2.20500000,1343772.90000000,1763503199999999,2965807.18304000,10649,515775.90000000,1138385.03882000,0
1763503200000000,2.20500000,2.22930000,2.20490000,2.22820000,1573331.60000000,1763504099999999,3488597.03282000,11057,986977.30000000,2188784.10329000,0
1763504100000000,2.22830000,2.22990000,2.22410000,2.22680000,1017912.40000000,1763504999999999,2267595.27787000,6895,707194.80000000,1575553.88977000,0
1763505000000000,2.22680000,2.23430000,2.22310000,2.22720000,1053053.60000000,1763505899999999,2346208.16053000,7151,545697.00000000,1215746.17967000,0
1763505900000000,2.22710000,2.22940000,2.22020000,2.22650000,524966.30000000,1763506799999999,1168281.39129000,5449,255876.00000000,569324.31178000,0
1763506800000000,2.22650000,2.22770000,2.21270000,2.21470000,956412.20000000,1763507699999999,2123566.76942000,10290,441215.20000000,979590.66049000,0
1763507700000000,2.21480000,2.21740000,2.21250000,2.21300000,561835.30000000,1763508599999999,1244321.59791000,5327,259099.30000000,573748.98464000,0
1763508600000000,2.21290000,2.21720000,2.21140000,2.21460000,731335.40000000,1763509499999999,1618961.40640000,5847,313280.60000000,693520.45867000,0
1763509500000000,2.21470000,2.21870000,2.21040000,2.21720000,351897.00000000,1763510399999999,779132.74262000,4897,166739.40000000,369229.73075000,0
1763510400000000,2.21710000,2.21760000,2.20410000,2.20620000,874699.80000000,1763511299999999,1931323.94533000,12183,433005.00000000,955871.90852000,0
1763511300000000,2.20630000,2.20740000,2.19270000,2.20190000,2148220.80000000,1763512199999999,4724516.67953000,22132,861543.50000000,1894497.68364000,0
1763512200000000,2.20180000,2.21260000,2.19750000,2.21050000,930384.50000000,1763513099999999,2050867.85136000,13560,469418.20000000,1035247.71271000,0
1763513100000000,2.21050000,2.21300000,2.20600000,2.20680000,541615.10000000,1763513999999999,1196848.65572000,10219,249158.10000000,550624.20609000,0
1763514000000000,2.20680000,2.20780000,2.19700000,2.19930000,816330.20000000,1763514899999999,1798030.62541000,10061,339959.90000000,748917.17508000,0
1763514900000000,2.19940000,2.21770000,2.19720000,2.21330000,921004.00000000,1763515799999999,2033680.54454000,10642,491180.50000000,1084302.76486000,0
1763515800000000,2.21340000,2.21400000,2.20450000,2.20670000,405315.10000000,1763516699999999,894992.16014000,8496,199214.10000000,439906.14003000,0
1763516700000000,2.20670000,2.20730000,2.19920000,2.20730000,517805.40000000,1763517599999999,1140547.07439000,7824,260986.00000000,574932.31460000,0
1763517600000000,2.20730000,2.21850000,2.20100000,2.21690000,1024259.80000000,1763518499999999,2264236.00905000,9101,617161.90000000,1363997.48946000,0
1763518500000000,2.21700000,2.21960000,2.20380000,2.21010000,929485.60000000,1763519399999999,2055027.63099000,9421,516490.80000000,1141670.08427000,0
1763519400000000,2.21010000,2.21830000,2.20910000,2.21050000,948577.50000000,1763520299999999,2098611.70931000,9251,539553.50000000,1193550.26321000,0
1763520300000000,2.21050000,2.21760000,2.20970000,2.20990000,1058750.30000000,1763521199999999,2343857.59087000,9364,474396.90000000,1049885.69098000,0
1763521200000000,2.21000000,2.21150000,2.20310000,2.20310000,1432933.70000000,1763522099999999,3160317.02841000,9321,914900.60000000,2017582.42925000,0
1763522100000000,2.20300000,2.20300000,2.19560000,2.19980000,1452335.90000000,1763522999999999,3193414.65529000,9840,1044847.40000000,2297479.31500000,0
1763523000000000,2.19990000,2.19990000,2.18110000,2.18860000,1896636.90000000,1763523899999999,4153417.54945000,14922,962700.40000000,2108516.06342000,0
1763523900000000,2.18850000,2.19090000,2.18150000,2.18460000,1264985.50000000,1763524799999999,2764544.43320000,9758,622398.00000000,1360269.99488000,0
1763524800000000,2.18460000,2.18730000,2.17940000,2.18480000,1270072.50000000,1763525699999999,2773199.36014000,13018,781448.00000000,1706152.90847000,0
1763525700000000,2.18470000,2.18810000,2.17820000,2.17960000,835062.10000000,1763526599999999,1822744.44835000,9384,450118.10000000,982496.43525000,0
1763526600000000,2.17950000,2.17950000,2.16840000,2.17180000,1821175.50000000,1763527499999999,3955918.73612000,16311,871131.40000000,1891858.20510000,0
1763527500000000,2.17180000,2.17440000,2.16760000,2.16800000,819325.90000000,1763528399999999,1778883.06725000,8800,477633.30000000,1036944.76676000,0
1763528400000000,2.16790000,2.17190000,2.15740000,2.15960000,1835199.40000000,1763529299999999,3968548.54251000,12975,770563.80000000,1666845.67294000,0
1763529300000000,2.15960000,2.16230000,2.15040000,2.15120000,1720931.30000000,1763530199999999,3711116.23422000,16472,927433.40000000,1999815.29174000,0
1763530200000000,2.15120000,2.15210000,2.12700000,2.13080000,4989955.20000000,1763531099999999,10661489.74068000,28912,2991908.10000000,6391597.29140000,0
1763531100000000,2.13090000,2.14210000,2.12710000,2.13980000,3126096.60000000,1763531999999999,6669642.79456000,22181,2182598.70000000,4656405.88643000,0
1763532000000000,2.13980000,2.14600000,2.13270000,2.14560000,2049032.80000000,1763532899999999,4382465.99120000,20160,1158836.40000000,2478642.16184000,0
1763532900000000,2.14560000,2.14740000,2.13550000,2.14010000,1699376.60000000,1763533799999999,3637857.80164000,16137,964022.00000000,2063626.37741000,0
1763533800000000,2.14010000,2.14910000,2.13890000,2.14590000,1972686.10000000,1763534699999999,4230463.54864000,17836,1182582.40000000,2536365.25609000,0
1763534700000000,2.14580000,2.15230000,2.14350000,2.15080000,1689889.10000000,1763535599999999,3631189.23438000,11056,768338.20000000,1650896.65557000,0
1763535600000000,2.15090000,2.15970000,2.14690000,2.15630000,1925104.50000000,1763536499999999,4147704.42175000,17013,1045334.10000000,2252466.61676000,0
1763536500000000,2.15630000,2.15980000,2.15210000,2.15440000,1098425.10000000,1763537399999999,2366988.44606000,10172,664338.20000000,1431542.90717000,0
1763537400000000,2.15430000,2.16460000,2.15200000,2.16290000,1664213.70000000,1763538299999999,3592943.55782000,13957,905618.70000000,1955181.84042000,0
1763538300000000,2.16290000,2.17130000,2.16220000,2.16830000,1495859.60000000,1763539199999999,3242657.72027000,12147,792529.80000000,1717861.65491000,0
1763539200000000,2.16820000,2.17050000,2.16320000,2.16460000,1155402.50000000,1763540099999999,2502939.46795000,9196,567406.30000000,1229064.93111000,0
1763540100000000,2.16470000,2.16470000,2.15100000,2.16340000,2077541.60000000,1763540999999999,4484692.77782000,12243,1094591.10000000,2363107.07925000,0
1763541000000000,2.16330000,2.16500000,2.15180000,2.15340000,1094372.80000000,1763541899999999,2362409.01320000,9469,582441.00000000,1257203.57181000,0
1763541900000000,2.15330000,2.15550000,2.14930000,2.15380000,791755.70000000,1763542799999999,1704606.62461000,7950,289737.80000000,623815.54632000,0
1763542800000000,2.15370000,2.15380000,2.14270000,2.14860000,1210189.40000000,1763543699999999,2597756.98443000,11993,433835.90000000,931208.85122000,0
1763543700000000,2.14850000,2.14880000,2.13510000,2.13720000,2585770.30000000,1763544599999999,5537706.16097000,13908,1133784.10000000,2427702.20614000,0
1763544600000000,2.13730000,2.14440000,2.13240000,2.13780000,3533968.40000000,1763545499999999,7553497.89119000,14544,1136446.40000000,2430307.70801000,0
1763545500000000,2.13780000,2.14150000,2.12980000,2.14150000,1896135.20000000,1763546399999999,4048103.71545000,11159,1089310.60000000,2325585.04884000,0
1763546400000000,2.14140000,2.15050000,2.13910000,2.14710000,1803055.00000000,1763547299999999,3869045.21852000,13106,1159008.60000000,2487700.47353000,0
1763547300000000,2.14710000,2.14810000,2.13840000,2.14240000,1013569.30000000,1763548199999999,2171962.82821000,10447,491419.50000000,1052808.36687000,0
1763548200000000,2.14230000,2.14370000,2.13560000,2.14110000,643674.30000000,1763549099999999,1377486.71867000,8748,376559.10000000,805836.27660000,0
1763549100000000,2.14100000,2.14100000,2.13200000,2.13340000,1059900.60000000,1763549999999999,2262604.73484000,7913,310652.10000000,663201.38214000,0
1763550000000000,2.13330000,2.14450000,2.13260000,2.14410000,974372.70000000,1763550899999999,2084981.63279000,8872,610417.70000000,1306498.53280000,0
1763550900000000,2.14400000,2.14510000,2.13680000,2.13860000,817813.60000000,1763551799999999,1751348.45429000,9448,436898.50000000,935612.95476000,0
1763551800000000,2.13860000,2.14330000,2.13680000,2.14290000,977459.00000000,1763552699999999,2092597.10274000,7181,594416.30000000,1272379.27725000,0
1763552700000000,2.14290000,2.14330000,2.13000000,2.13150000,787698.80000000,1763553599999999,1683064.40722000,5859,248080.80000000,529795.45288000,0
1763553600000000,2.13140000,2.13900000,2.12810000,2.13090000,1008473.80000000,1763554499999999,2150461.80490000,9433,506144.80000000,1079499.39244000,0
1763554500000000,2.13080000,2.13430000,2.12470000,2.13140000,2584837.40000000,1763555399999999,5503209.73583000,14445,1543937.10000000,3287110.89882000,0
1763555400000000,2.13130000,2.13850000,2.13130000,2.13510000,802243.40000000,1763556299999999,1712901.81191000,8079,396785.50000000,847121.87801000,0
1763556300000000,2.13510000,2.14350000,2.13390000,2.14150000,1408028.30000000,1763557199999999,3012294.55209000,11578,728192.80000000,1557925.65046000,0
1763557200000000,2.14150000,2.14190000,2.13110000,2.13200000,786328.70000000,1763558099999999,1679033.66701000,7249,484103.90000000,1033540.30360000,0
1763558100000000,2.13210000,2.13700000,2.12880000,2.13350000,1065822.60000000,1763558999999999,2272894.34630000,7297,476662.70000000,1016583.26902000,0
1763559000000000,2.13340000,2.13800000,2.12600000,2.12700000,1449936.10000000,1763559899999999,3087160.17383000,11685,694931.80000000,1479274.93899000,0
1763559900000000,2.12700000,2.12950000,2.11800000,2.12290000,2083850.80000000,1763560799999999,4424586.86658000,16469,1056826.10000000,2243897.84932000,0
1763560800000000,2.12300000,2.12390000,2.10840000,2.12280000,3331359.50000000,1763561699999999,7046503.65126000,24862,1754792.80000000,3711719.06711000,0
1763561700000000,2.12280000,2.12370000,2.09780000,2.10200000,5548142.20000000,1763562599999999,11675126.80961000,32653,2292462.80000000,4824238.84079000,0
1763562600000000,2.10210000,2.12570000,2.10090000,2.12340000,3405639.20000000,1763563499999999,7196934.62304000,50305,1653820.40000000,3495687.67915000,0
1763563500000000,2.12340000,2.12700000,2.11470000,2.12370000,1542557.60000000,1763564399999999,3270446.99476000,20790,611393.20000000,1296705.34077000,0
1763564400000000,2.12370000,2.14940000,2.12240000,2.13900000,4057611.50000000,1763565299999999,8674536.61732000,33707,1965074.40000000,4201468.96988000,0
1763565300000000,2.13910000,2.14940000,2.11200000,2.11710000,3093117.80000000,1763566199999999,6571307.49059000,37826,1319081.00000000,2803668.45425000,0
1763566200000000,2.11710000,2.11790000,2.10130000,2.10480000,2534447.20000000,1763567099999999,5338552.88704000,33933,1076789.30000000,2267757.83814000,0
1763567100000000,2.10480000,2.10510000,2.07950000,2.08590000,7533914.00000000,1763567999999999,15732849.17500000,47026,3142508.80000000,6561966.73202000,0
1763568000000000,2.08580000,2.10190000,2.08430000,2.09640000,4573269.20000000,1763568899999999,9568068.63386000,42572,1934405.50000000,4047648.31058000,0
1763568900000000,2.09640000,2.10070000,2.08370000,2.08890000,2514396.10000000,1763569799999999,5256192.46571000,30648,1030336.70000000,2153849.49190000,0
1763569800000000,2.08880000,2.09540000,2.07650000,2.08360000,5658956.30000000,1763570699999999,11799848.25738000,35478,2352897.10000000,4903545.60785000,0
1763570700000000,2.08350000,2.08490000,2.07230000,2.07990000,4058348.60000000,1763571599999999,8433683.70014000,35551,1368980.90000000,2844674.19045000,0
1763571600000000,2.07980000,2.08900000,2.06300000,2.06920000,5763690.40000000,1763572499999999,11939339.97844000,40841,2335897.40000000,4837454.94713000,0
1763572500000000,2.06920000,2.07170000,2.05510000,2.06840000,3613743.80000000,1763573399999999,7458172.60689000,32792,1330768.90000000,2745890.80697000,0
1763573400000000,2.06830000,2.06940000,2.04220000,2.05910000,6212455.50000000,1763574299999999,12763763.95467000,48163,2427672.10000000,4986540.22974000,0
1763574300000000,2.05900000,2.06120000,2.05020000,2.05710000,2987244.30000000,1763575199999999,6139001.38449000,33311,1002162.90000000,2059366.04292000,0
1763575200000000,2.05700000,2.06930000,2.05130000,2.06640000,2995719.30000000,1763576099999999,6169278.89996000,31791,931365.70000000,1918178.17586000,0
1763576100000000,2.06640000,2.06870000,2.03680000,2.04270000,3401190.70000000,1763576999999999,6967363.73217000,29077,1134457.00000000,2325352.63748000,0
1763577000000000,2.04280000,2.04770000,2.03410000,2.03820000,4469479.30000000,1763577899999999,9117740.63412000,38948,1378374.30000000,2811725.49167000,0
1763577900000000,2.03820000,2.04930000,2.03500000,2.04770000,3785617.70000000,1763578799999999,7725026.57822000,27168,1080861.90000000,2206585.75407000,0
1763578800000000,2.04770000,2.04980000,2.03540000,2.04250000,4604997.90000000,1763579699999999,9399284.17676000,38255,1225532.50000000,2501946.78091000,0
1763579700000000,2.04250000,2.04610000,2.03560000,2.03820000,3422599.50000000,1763580599999999,6981592.15924000,24608,838125.80000000,1709755.01735000,0
1763580600000000,2.03810000,2.04170000,2.02930000,2.03390000,5408609.80000000,1763581499999999,11011125.35416000,32498,1659558.10000000,3379003.63648000,0
1763581500000000,2.03390000,2.04460000,2.03120000,2.03690000,2990256.60000000,1763582399999999,6094731.45949000,21847,1020943.80000000,2081014.09838000,0
1763582400000000,2.03690000,2.03770000,2.02440000,2.02790000,5397421.30000000,1763583299999999,10963332.52614000,26878,1566122.90000000,3181078.34064000,0
1763583300000000,2.02790000,2.03940000,2.02670000,2.03710000,4161721.80000000,1763584199999999,8462985.30231000,28901,1271208.00000000,2585409.96457000,0
1763584200000000,2.03710000,2.04680000,2.02740000,2.03240000,5559970.90000000,1763585099999999,11325642.24314000,33223,1687089.70000000,3436431.23066000,0
1763585100000000,2.03240000,2.05610000,2.03090000,2.05040000,9234608.30000000,1763585999999999,18870238.87969000,47488,3307066.30000000,6758734.36194000,0
1763586000000000,2.05040000,2.06140000,2.04170000,2.05540000,7204594.50000000,1763586899999999,14784571.84432000,38970,2901150.30000000,5955591.89500000,0
1763586900000000,2.05540000,2.09600000,2.05460000,2.07150000,7679754.60000000,1763587799999999,15959138.48384000,70892,3348886.50000000,6955661.99162000,0
1763587800000000,2.07140000,2.08650000,2.06830000,2.08560000,4214447.70000000,1763588699999999,8759743.51730000,46515,1257406.20000000,2613129.62851000,0
1763588700000000,2.08550000,2.09660000,2.08380000,2.09230000,2582346.50000000,1763589599999999,5397341.17522000,26788,922063.40000000,1927537.89841000,0
1763589600000000,2.09230000,2.09320000,2.07940000,2.08100000,2142183.40000000,1763590499999999,4467727.99306000,26025,950658.60000000,1982800.77426000,0
1763590500000000,2.08090000,2.09180000,2.07050000,2.08990000,1911321.20000000,1763591399999999,3973067.81467000,18616,894512.80000000,1858767.02439000,0
1763591400000000,2.08980000,2.09160000,2.08410000,2.08980000,848665.80000000,1763592299999999,1771853.61268000,10796,311298.40000000,649940.99557000,0
1763592300000000,2.08980000,2.09730000,2.08590000,2.09310000,857674.40000000,1763593199999999,1796028.88753000,9302,374444.00000000,784119.11872000,0
1763593200000000,2.09320000,2.11320000,2.09150000,2.11170000,3642907.70000000,1763594099999999,7664428.56373000,27689,1801617.20000000,3790288.83893000,0
1763594100000000,2.11180000,2.11470000,2.10650000,2.10950000,2197481.20000000,1763594999999999,4640507.49356000,22140,895567.00000000,1891048.81897000,0
1763595000000000,2.10950000,2.11640000,2.10640000,2.10770000,1161464.60000000,1763595899999999,2452384.81268000,12173,462476.70000000,976604.79344000,0
1763595900000000,2.10770000,2.11190000,2.10700000,2.10980000,568741.40000000,1763596799999999,1199585.32664000,8557,301913.40000000,636795.24246000,0
1763596800000000,2.10970000,2.10980000,2.09630000,2.10600000,1520956.20000000,1763597699999999,3195286.75997000,12733,592221.70000000,1244037.09832000,0
1763597700000000,2.10600000,2.11740000,2.10530000,2.11460000,1344478.50000000,1763598599999999,2840928.78921000,13175,666316.30000000,1408181.82789000,0
1763598600000000,2.11470000,2.12570000,2.11460000,2.11930000,1862035.80000000,1763599499999999,3947324.72595000,14818,935688.40000000,1983577.93244000,0
1763599500000000,2.11930000,2.11960000,2.10950000,2.11120000,1161748.50000000,1763600399999999,2454702.04616000,8894,687442.40000000,1452641.66769000,0
1763600400000000,2.11120000,2.12930000,2.10850000,2.12470000,2315994.00000000,1763601299999999,4905867.64345000,13516,1156107.00000000,2450146.51330000,0
1763601300000000,2.12460000,2.13390000,2.12210000,2.12440000,2544681.20000000,1763602199999999,5416759.24125000,13630,1041946.30000000,2217182.98802000,0
1763602200000000,2.12450000,2.13240000,2.12450000,2.12880000,1482945.60000000,1763603099999999,3156519.91748000,10652,705184.60000000,1500812.03376000,0
1763603100000000,2.12870000,2.13020000,2.12500000,2.12700000,1191313.90000000,1763603999999999,2534497.26439000,8563,613467.20000000,1305131.86274000,0
1763604000000000,2.12710000,2.13870000,2.12370000,2.13440000,2042642.90000000,1763604899999999,4354049.35594000,15376,1040714.60000000,2218137.30586000,0
1763604900000000,2.13450000,2.13550000,2.12670000,2.12870000,1205411.60000000,1763605799999999,2568268.99836000,10362,530476.50000000,1130099.63197000,0
1763605800000000,2.12870000,2.13140000,2.12290000,2.12710000,1443247.60000000,1763606699999999,3071465.32726000,10245,711327.30000000,1513967.05160000,0
1763606700000000,2.12710000,2.13330000,2.12300000,2.13090000,1229462.00000000,1763607599999999,2617502.96851000,10933,876955.70000000,1867006.68644000,0
1763607600000000,2.13090000,2.13570000,2.12930000,2.13130000,1484954.20000000,1763608499999999,3165950.62101000,10427,997217.60000000,2126063.15173000,0
1763608500000000,2.13140000,2.13970000,2.13120000,2.13290000,1545721.40000000,1763609399999999,3302515.07503000,8573,985046.80000000,2104479.16700000,0
1763609400000000,2.13290000,2.13950000,2.13200000,2.13420000,1188063.70000000,1763610299999999,2536622.15619000,11653,616126.50000000,1315261.77544000,0
1763610300000000,2.13420000,2.13680000,2.13150000,2.13390000,1080805.10000000,1763611199999999,2306337.43229000,11467,677057.10000000,1444647.97441000,0
1763611200000000,2.13400000,2.13650000,2.12760000,2.13030000,1422158.70000000,1763612099999999,3031181.24626000,9183,586952.50000000,1251115.94604000,0
1763612100000000,2.13020000,2.13020000,2.11870000,2.12500000,1652871.90000000,1763612999999999,3510550.03431000,11761,735789.50000000,1562632.33329000,0
1763613000000000,2.12510000,2.13180000,2.12170000,2.12430000,1326903.30000000,1763613899999999,2821916.61214000,8493,568832.40000000,1209424.28148000,0
1763613900000000,2.12430000,2.14650000,2.12430000,2.14580000,2081051.20000000,1763614799999999,4446421.92416000,11872,1048901.80000000,2240696.92540000,0
1763614800000000,2.14580000,2.14980000,2.14060000,2.14380000,1525398.90000000,1763615699999999,3271561.12806000,13666,835912.70000000,1792795.65712000,0
1763615700000000,2.14380000,2.14640000,2.13790000,2.13820000,1161889.30000000,1763616599999999,2488888.32324000,8232,506583.80000000,1085124.15157000,0
1763616600000000,2.13820000,2.14180000,2.13590000,2.13680000,1152798.70000000,1763617499999999,2465959.14366000,6860,639374.20000000,1367693.34161000,0
1763617500000000,2.13680000,2.14330000,2.13680000,2.14230000,867801.00000000,1763618399999999,1857271.09438000,7844,514352.30000000,1100717.99347000,0
1763618400000000,2.14240000,2.14800000,2.14150000,2.14420000,812963.80000000,1763619299999999,1743426.10723000,7888,316651.70000000,679138.61859000,0
1763619300000000,2.14420000,2.14420000,2.13400000,2.13590000,798804.80000000,1763620199999999,1707616.01334000,8854,340682.80000000,728297.23215000,0
1763620200000000,2.13600000,2.13720000,2.12370000,2.12460000,1682548.00000000,1763621099999999,3583589.04808000,12623,684535.10000000,1457646.87793000,0
1763621100000000,2.12470000,2.12990000,2.11910000,2.12990000,1803462.70000000,1763621999999999,3831098.65166000,10537,878277.30000000,1866001.25016000,0
1763622000000000,2.12990000,2.13470000,2.12390000,2.13410000,2081350.70000000,1763622899999999,4433713.81323000,11859,758624.60000000,1616289.09331000,0
1763622900000000,2.13410000,2.13470000,2.12660000,2.13090000,1839810.20000000,1763623799999999,3918917.03537000,9821,567946.70000000,1209699.18013000,0
1763623800000000,2.13090000,2.13850000,2.13000000,2.13650000,1012423.80000000,1763624699999999,2160627.82915000,8062,369466.20000000,788573.57346000,0
1763624700000000,2.13650000,2.14210000,2.13580000,2.13990000,1232673.60000000,1763625599999999,2637815.61113000,7440,533216.10000000,1141112.60964000,0
1763625600000000,2.14000000,2.14140000,2.13110000,2.13190000,1023839.90000000,1763626499999999,2186706.81159000,8597,292671.20000000,625202.06644000,0
1763626500000000,2.13190000,2.13970000,2.12980000,2.13630000,754776.20000000,1763627399999999,1612170.82204000,6954,300008.30000000,640741.84049000,0
1763627400000000,2.13620000,2.13620000,2.13010000,2.13130000,896977.80000000,1763628299999999,1913601.33791000,5267,299531.50000000,638903.86401000,0
1763628300000000,2.13130000,2.13380000,2.12620000,2.12980000,827390.90000000,1763629199999999,1761778.99122000,5286,417662.00000000,889364.10173000,0
1763629200000000,2.12990000,2.13010000,2.12540000,2.12700000,1051804.80000000,1763630099999999,2238057.20214000,5655,346801.30000000,737969.18066000,0
1763630100000000,2.12690000,2.12790000,2.11520000,2.11620000,2047446.80000000,1763630999999999,4342680.87998000,11705,741922.30000000,1573464.10793000,0
1763631000000000,2.11620000,2.12100000,2.11550000,2.11630000,1261164.10000000,1763631899999999,2671119.15428000,8969,401687.20000000,850868.77141000,0
1763631900000000,2.11620000,2.12140000,2.11090000,2.11920000,2544135.30000000,1763632799999999,5381487.39016000,14556,944443.90000000,1998095.84825000,0
1763632800000000,2.11930000,2.12250000,2.11300000,2.11310000,886024.20000000,1763633699999999,1875584.98543000,9834,342975.20000000,726005.74262000,0
1763633700000000,2.11310000,2.12590000,2.11260000,2.12530000,925592.00000000,1763634599999999,1962645.58329000,7398,346498.00000000,734755.91021000,0
1763634600000000,2.12530000,2.12680000,2.11770000,2.12000000,2074785.20000000,1763635499999999,4402597.64788000,10136,636503.90000000,1350332.28664000,0
1763635500000000,2.12000000,2.12180000,2.11730000,2.12100000,1165159.30000000,1763636399999999,2470117.36344000,5745,573784.60000000,1216503.31394000,0
1763636400000000,2.12100000,2.12170000,2.11460000,2.11770000,1137202.00000000,1763637299999999,2408296.54770000,7129,521946.30000000,1105179.78176000,0
1763637300000000,2.11770000,2.12150000,2.11070000,2.11230000,1592437.00000000,1763638199999999,3368965.41585000,8643,644815.30000000,1364011.76984000,0
1763638200000000,2.11230000,2.11740000,2.10780000,2.11390000,2350229.20000000,1763639099999999,4964257.62288000,11317,801118.10000000,1691918.65060000,0
1763639100000000,2.11390000,2.11870000,2.11100000,2.11580000,1496501.80000000,1763639999999999,3165035.42491000,8090,638249.30000000,1350038.72519000,0
1763640000000000,2.11580000,2.12090000,2.11020000,2.11090000,1118185.60000000,1763640899999999,2365562.90914000,9855,456457.10000000,965624.56238000,0
1763640900000000,2.11100000,2.12020000,2.11010000,2.11740000,798110.90000000,1763641799999999,1688648.17875000,10966,362844.20000000,767715.12287000,0
1763641800000000,2.11740000,2.12340000,2.11320000,2.11540000,1006372.30000000,1763642699999999,2132302.31824000,10242,336187.90000000,712467.15240000,0
1763642700000000,2.11550000,2.13130000,2.11480000,2.12670000,1761509.50000000,1763643599999999,3744625.09695000,15142,734388.20000000,1561512.54564000,0
1763643600000000,2.12660000,2.12840000,2.12000000,2.12840000,2803061.40000000,1763644499999999,5954939.37597000,15740,823622.70000000,1749705.04326000,0
1763644500000000,2.12830000,2.12890000,2.11700000,2.12510000,2927861.10000000,1763645399999999,6214708.74282000,14345,826574.40000000,1754686.25982000,0
1763645400000000,2.12510000,2.14390000,2.11990000,2.12100000,5661920.70000000,1763646299999999,12059096.70774000,41803,2294924.50000000,4890633.66424000,0
1763646300000000,2.12100000,2.13270000,2.11430000,2.12170000,1741749.00000000,1763647199999999,3696697.12358000,19311,739620.70000000,1569627.39655000,0
1763647200000000,2.12180000,2.12240000,2.09510000,2.09550000,5441851.60000000,1763648099999999,11453820.48285000,34595,2171898.90000000,4571611.17390000,0
1763648100000000,2.09560000,2.13270000,2.09300000,2.13120000,4963345.40000000,1763648999999999,10515549.67603000,40172,1990287.10000000,4216513.06547000,0
1763649000000000,2.13120000,2.13850000,2.11530000,2.12190000,5052689.10000000,1763649899999999,10754572.87413000,60432,1827539.20000000,3890197.26886000,0
1763649900000000,2.12190000,2.12890000,2.11390000,2.12320000,2638537.20000000,1763650799999999,5596721.39873000,31541,1010669.90000000,2143600.16157000,0
1763650800000000,2.12330000,2.12500000,2.09690000,2.09880000,3517626.20000000,1763651699999999,7410741.46981000,30936,1362317.50000000,2869490.38231000,0
1763651700000000,2.09890000,2.11260000,2.09500000,2.11180000,2118803.20000000,1763652599999999,4458971.47021000,27965,852468.90000000,1793658.49419000,0
1763652600000000,2.11180000,2.11180000,2.08910000,2.09840000,3378369.20000000,1763653499999999,7089402.35554000,23572,1071475.50000000,2247839.67852000,0
1763653500000000,2.09850000,2.10000000,2.08230000,2.08550000,3656575.40000000,1763654399999999,7645246.55686000,29529,1405883.70000000,2939068.27707000,0
1763654400000000,2.08540000,2.08750000,2.02800000,2.03810000,11725092.60000000,1763655299999999,24109474.71390000,82256,4696717.80000000,9655803.68668000,0
1763655300000000,2.03810000,2.04590000,2.01000000,2.02790000,16486472.70000000,1763656199999999,33467880.03939000,104364,7266599.00000000,14748583.54359000,0
1763656200000000,2.02790000,2.03580000,2.01180000,2.01370000,8215898.40000000,1763657099999999,16606754.22303000,67704,3373284.30000000,6819888.72667000,0
1763657100000000,2.01380000,2.02570000,2.00000000,2.00940000,13561268.70000000,1763657999999999,27253605.83984000,79011,4615539.50000000,9280610.59049000,0
1763658000000000,2.00930000,2.01590000,1.98830000,1.99210000,11357054.40000000,1763658899999999,22714992.72764000,80601,4865850.80000000,9729125.58896000,0
1763658900000000,1.99210000,2.00970000,1.98080000,2.00630000,8213612.70000000,1763659799999999,16392706.53767000,71537,4179190.10000000,8340565.27689000,0
1763659800000000,2.00620000,2.01320000,1.99470000,1.99560000,3922380.00000000,1763660699999999,7858258.82734000,50931,1728734.20000000,3463878.29327000,0
1763660700000000,1.99560000,2.00710000,1.98910000,2.00420000,3304669.80000000,1763661599999999,6598594.40780000,32825,1488431.20000000,2972858.64639000,0
1763661600000000,2.00420000,2.01290000,1.99170000,2.01190000,6065748.50000000,1763662499999999,12149194.22284000,48900,2223187.00000000,4451592.90550000,0
1763662500000000,2.01180000,2.01430000,1.99540000,1.99840000,9781076.90000000,1763663399999999,19599669.94741000,50474,2288517.70000000,4585560.87573000,0
1763663400000000,1.99830000,2.00090000,1.98470000,1.98920000,4925104.10000000,1763664299999999,9815362.20320000,38745,1934552.40000000,3854824.24328000,0
1763664300000000,1.98910000,1.99180000,1.98390000,1.98820000,4387881.50000000,1763665199999999,8721083.91910000,25627,1481291.20000000,2943830.56966000,0
1763665200000000,1.98820000,1.98820000,1.97430000,1.98100000,8734944.50000000,1763666099999999,17301458.45599000,45767,2859618.90000000,5663677.92144000,0
1763666100000000,1.98100000,2.00490000,1.97780000,1.99960000,7820093.90000000,1763666999999999,15572432.75790000,46865,2609812.80000000,5197440.35895000,0
1763667000000000,1.99950000,2.00230000,1.99120000,1.99810000,5689446.50000000,1763667899999999,11353612.98837000,31996,1448394.40000000,2890981.20044000,0
1763667900000000,1.99820000,2.01040000,1.99640000,2.00740000,4126690.80000000,1763668799999999,8264825.76507000,25667,1203658.80000000,2410959.72341000,0
1763668800000000,2.00730000,2.00730000,1.98690000,1.98810000,4500779.40000000,1763669699999999,8978548.37308000,22822,1259129.30000000,2511273.36319000,0
1763669700000000,1.98820000,2.01560000,1.98800000,2.01550000,4668189.90000000,1763670599999999,9351366.36074000,24659,1642405.30000000,3290957.63048000,0
1763670600000000,2.01550000,2.02090000,2.00320000,2.00790000,7982659.10000000,1763671499999999,16041007.58219000,31484,2026323.40000000,4071935.71435000,0
1763671500000000,2.00790000,2.01610000,2.00250000,2.00360000,7263851.40000000,1763672399999999,14604471.93918000,28344,1793819.40000000,3605515.45029000,0
1763672400000000,2.00350000,2.01450000,2.00290000,2.00940000,2553238.20000000,1763673299999999,5131502.07624000,20350,1022731.80000000,2054978.45122000,0
1763673300000000,2.00930000,2.03080000,2.00740000,2.02080000,2528470.10000000,1763674199999999,5115661.84083000,19347,1211159.70000000,2450037.56616000,0
1763674200000000,2.02070000,2.03030000,2.02010000,2.03030000,2073464.50000000,1763675099999999,4201555.83359000,16121,1085379.30000000,2199265.22616000,0
1763675100000000,2.03030000,2.03480000,2.02000000,2.02080000,1852725.20000000,1763675999999999,3759778.48941000,15094,662382.80000000,1344153.12344000,0
1763676000000000,2.02080000,2.04100000,2.01970000,2.03900000,1731734.00000000,1763676899999999,3516326.06015000,14500,868021.60000000,1763390.36034000,0
1763676900000000,2.03890000,2.04730000,2.03690000,2.04700000,2240772.20000000,1763677799999999,4574810.69063000,15347,1245267.00000000,2542300.83877000,0
1763677800000000,2.04700000,2.05300000,2.03770000,2.04270000,1885676.40000000,1763678699999999,3857582.17309000,16537,682335.30000000,1395295.74181000,0
1763678700000000,2.04260000,2.05040000,2.04140000,2.04230000,783498.00000000,1763679599999999,1601993.61902000,13061,460038.20000000,940478.08404000,0
1763679600000000,2.04230000,2.04500000,2.02260000,2.02960000,1751562.00000000,1763680499999999,3556880.08022000,20542,760935.40000000,1545528.05912000,0
1763680500000000,2.02970000,2.03380000,2.01730000,2.01850000,2411317.20000000,1763681399999999,4880353.33285000,22828,1089564.00000000,2204587.18091000,0
1763681400000000,2.01860000,2.02030000,2.00400000,2.01210000,2785216.00000000,1763682299999999,5603814.94447000,26174,1807597.90000000,3636267.99338000,0
1763682300000000,2.01200000,2.01480000,1.99670000,1.99990000,2180271.20000000,1763683199999999,4366284.90209000,23908,1242393.40000000,2488510.50198000,0
1763683200000000,1.99980000,2.01960000,1.99890000,2.01960000,2231344.30000000,1763684099999999,4484551.63110000,26741,1212381.70000000,2436857.48425000,0
1763684100000000,2.01960000,2.02260000,2.01270000,2.01640000,951854.40000000,1763684999999999,1920566.38975000,16245,428695.80000000,864998.74339000,0
1763685000000000,2.01650000,2.02080000,2.00760000,2.00990000,1204686.00000000,1763685899999999,2426050.72980000,15194,541962.60000000,1091658.72208000,0
1763685900000000,2.00990000,2.01910000,2.00940000,2.01630000,876230.60000000,1763686799999999,1766583.79059000,9871,388207.20000000,782651.52371000,0
1763686800000000,2.01630000,2.02550000,2.01220000,2.01840000,1340881.10000000,1763687699999999,2708522.20241000,18043,605848.50000000,1223477.69369000,0
1763687700000000,2.01840000,2.03080000,2.00560000,2.02570000,1561695.50000000,1763688599999999,3151874.34895000,19991,799878.30000000,1614373.96615000,0
1763688600000000,2.02570000,2.02620000,2.01200000,2.02100000,1209833.40000000,1763689499999999,2443059.53777000,16682,558420.50000000,1127279.96291000,0
1763689500000000,2.02100000,2.02380000,2.01330000,2.01660000,906317.20000000,1763690399999999,1828822.59269000,11396,385868.10000000,778578.02917000,0
1763690400000000,2.01650000,2.01700000,1.99890000,2.00080000,1186385.50000000,1763691299999999,2382830.11540000,16212,519733.10000000,1043911.01896000,0
1763691300000000,2.00080000,2.01500000,1.99090000,2.00380000,2440928.80000000,1763692199999999,4893679.02424000,30333,1318636.40000000,2643872.21070000,0
1763692200000000,2.00380000,2.00750000,1.98370000,1.98440000,2963491.20000000,1763693099999999,5914877.73110000,23875,1390753.40000000,2774725.77454000,0
1763693100000000,1.98440000,1.99570000,1.95810000,1.96360000,6885872.40000000,1763693999999999,13601342.02553000,52733,2373138.50000000,4692514.08173000,0
1763694000000000,1.96350000,2.00090000,1.96340000,1.98830000,4940618.20000000,1763694899999999,9793091.92926000,54583,2261483.90000000,4480817.75518000,0
1763694900000000,1.98830000,1.99390000,1.97640000,1.99130000,2692577.80000000,1763695799999999,5342050.62337000,29367,1065046.30000000,2113178.81250000,0
1763695800000000,1.99120000,2.00110000,1.98130000,1.99610000,2512843.30000000,1763696699999999,5005493.82795000,24186,1067230.00000000,2125873.46862000,0
1763696700000000,1.99610000,1.99810000,1.97930000,1.97980000,1622922.90000000,1763697599999999,3228103.69886000,16340,702560.80000000,1397767.61429000,0
1763697600000000,1.97970000,1.98650000,1.97700000,1.97960000,2110101.30000000,1763698499999999,4179993.03721000,21271,1153414.70000000,2284598.01886000,0
1763698500000000,1.97950000,1.98340000,1.96750000,1.97440000,3479941.00000000,1763699399999999,6872860.31927000,25551,1634723.20000000,3227841.99576000,0
1763699400000000,1.97440000,1.98400000,1.95690000,1.97880000,3758733.30000000,1763700299999999,7389259.26535000,40118,1593225.60000000,3132775.83154000,0
1763700300000000,1.97870000,1.99050000,1.97000000,1.98520000,3742578.00000000,1763701199999999,7413893.03937000,30120,2097935.90000000,4156919.99608000,0
1763701200000000,1.98520000,1.99600000,1.98260000,1.98910000,1928605.40000000,1763702099999999,3831660.47162000,24888,839833.20000000,1668446.39360000,0
1763702100000000,1.98910000,1.99270000,1.98510000,1.98730000,1254025.50000000,1763702999999999,2494180.26006000,13969,618744.40000000,1230471.20579000,0
1763703000000000,1.98720000,1.99280000,1.97690000,1.98220000,1882475.70000000,1763703899999999,3735016.89538000,15268,1010258.30000000,2003901.26511000,0
1763703900000000,1.98230000,1.98470000,1.97500000,1.98060000,1140820.50000000,1763704799999999,2258982.80786000,12143,542900.60000000,1074842.81986000,0
1763704800000000,1.98060000,1.98500000,1.97140000,1.98160000,1502068.90000000,1763705699999999,2970829.88944000,13664,684258.00000000,1353159.76441000,0
1763705700000000,1.98150000,1.98210000,1.96000000,1.96160000,2136805.90000000,1763706599999999,4205363.56417000,12910,1171125.20000000,2304271.01599000,0
1763706600000000,1.96160000,1.96790000,1.95340000,1.96660000,2367836.70000000,1763707499999999,4646181.84772000,19993,1091329.30000000,2141902.37540000,0
1763707500000000,1.96650000,1.97220000,1.96200000,1.96820000,1990659.50000000,1763708399999999,3918200.07469000,16251,998852.20000000,1966116.81490000,0
1763708400000000,1.96820000,1.97580000,1.96380000,1.96630000,1763274.70000000,1763709299999999,3471640.62081000,19317,855187.00000000,1683586.28461000,0
1763709300000000,1.96620000,1.96750000,1.95390000,1.95600000,2908705.90000000,1763710199999999,5701509.69120000,25991,1311161.60000000,2570444.95165000,0
1763710200000000,1.95610000,1.95790000,1.84670000,1.93020000,24626919.40000000,1763711099999999,47032739.31103000,139317,11584764.50000000,22119186.32928000,0
1763711100000000,1.93020000,1.93230000,1.91220000,1.91910000,6852394.60000000,1763711999999999,13162653.99541000,56803,3106594.30000000,5967265.47817000,0
1763712000000000,1.91920000,1.95370000,1.91410000,1.94550000,5236434.90000000,1763712899999999,10140996.75973000,50282,2417708.70000000,4682770.89483000,0
1763712900000000,1.94540000,1.95670000,1.94290000,1.94890000,3487947.50000000,1763713799999999,6802271.74727000,39769,1649589.60000000,3217553.41738000,0
1763713800000000,1.94890000,1.95550000,1.93270000,1.93600000,2420717.60000000,1763714699999999,4701070.70834000,27582,919464.70000000,1785060.02334000,0
1763714700000000,1.93600000,1.94300000,1.93080000,1.93240000,3057195.50000000,1763715599999999,5920591.09286000,30179,1154842.80000000,2236620.83934000,0
1763715600000000,1.93250000,1.96930000,1.93200000,1.94550000,8249989.20000000,1763716499999999,16080350.40062000,29836,5765835.50000000,11244927.63378000,0
1763716500000000,1.94540000,1.94740000,1.92280000,1.92480000,3182255.70000000,1763717399999999,6156217.04831000,28488,1116891.10000000,2160114.49419000,0
1763717400000000,1.92480000,1.92800000,1.90030000,1.90950000,6478080.10000000,1763718299999999,12389205.23887000,48270,2635784.30000000,5042358.87904000,0
1763718300000000,1.90940000,1.91190000,1.89970000,1.90300000,7913966.10000000,1763719199999999,15075182.19014000,46146,3423673.80000000,6520655.35167000,0
1763719200000000,1.90290000,1.91180000,1.88880000,1.89790000,6793817.50000000,1763720099999999,12898184.44856000,69602,3081506.20000000,5850628.01244000,0
1763720100000000,1.89790000,1.90930000,1.88700000,1.89510000,3466348.40000000,1763720999999999,6577501.24372000,45439,1771505.30000000,3361956.98908000,0
1763721000000000,1.89520000,1.91310000,1.89450000,1.90080000,3237236.50000000,1763721899999999,6164676.87759000,36375,1650946.50000000,3144611.53014000,0
1763721900000000,1.90090000,1.90320000,1.89380000,1.89770000,1939088.00000000,1763722799999999,3680518.67502000,21202,865442.60000000,1642368.43730000,0
1763722800000000,1.89770000,1.91620000,1.89400000,1.91000000,3440867.30000000,1763723699999999,6557787.09046000,41391,1652035.90000000,3150283.21079000,0
1763723700000000,1.91010000,1.91120000,1.89610000,1.89940000,2338258.70000000,1763724599999999,4448548.65387000,23196,1208563.70000000,2299852.76968000,0
1763724600000000,1.89930000,1.90310000,1.88640000,1.89020000,3387427.20000000,1763725499999999,6410875.39262000,23784,1357296.40000000,2569776.32675000,0
1763725500000000,1.89020000,1.89140000,1.87410000,1.87580000,4475078.80000000,1763726399999999,8416807.30620000,34064,1996941.70000000,3754937.75568000,0
1763726400000000,1.87580000,1.87840000,1.86060000,1.86910000,6647905.10000000,1763727299999999,12417916.70995000,44227,3286074.10000000,6137574.00363000,0
1763727300000000,1.86920000,1.86920000,1.82090000,1.82790000,15006325.10000000,1763728199999999,27639619.67056000,108944,6743940.90000000,12419179.95581000,0
1763728200000000,1.82800000,1.91490000,1.82800000,1.90840000,15161215.80000000,1763729099999999,28423226.90903000,153775,8110648.80000000,15204115.65949000,0
1763729100000000,1.90850000,1.92330000,1.90270000,1.90890000,7158287.60000000,1763729999999999,13697654.53399000,77804,3788509.00000000,7250866.45396000,0
1763730000000000,1.90890000,1.92710000,1.90240000,1.92270000,5190818.90000000,1763730899999999,9940102.08919000,51433,2777614.30000000,5320771.60487000,0
1763730900000000,1.92270000,1.94240000,1.91150000,1.91500000,8752834.40000000,1763731799999999,16888588.72776000,58639,4142505.40000000,7990885.55977000,0
1763731800000000,1.91500000,1.93640000,1.91400000,1.93280000,2338459.60000000,1763732699999999,4506489.31820000,24616,1325070.90000000,2553821.25967000,0
1763732700000000,1.93280000,1.94290000,1.92990000,1.93060000,3678635.10000000,1763733599999999,7121283.00958000,29490,2073086.20000000,4013531.94417000,0
1763733600000000,1.93060000,1.93760000,1.92500000,1.92650000,2577977.30000000,1763734499999999,4976256.39715000,25559,1281833.30000000,2474345.58484000,0
1763734500000000,1.92650000,1.92650000,1.91600000,1.91920000,2698600.80000000,1763735399999999,5183351.50076000,24740,1101185.90000000,2115023.80400000,0
1763735400000000,1.91920000,1.96250000,1.91690000,1.94940000,9292869.80000000,1763736299999999,18089659.42560000,96442,4879518.80000000,9496867.36508000,0
1763736300000000,1.94950000,1.96570000,1.93940000,1.95110000,5447817.20000000,1763737199999999,10639381.72510000,50768,3158550.40000000,6169383.24775000,0
1763737200000000,1.95110000,1.95700000,1.93170000,1.93540000,4598782.50000000,1763738099999999,8935805.20223000,52433,2290904.80000000,4453491.71601000,0
1763738100000000,1.93530000,1.94060000,1.92390000,1.92670000,3187413.20000000,1763738999999999,6157884.55339000,48019,1465476.20000000,2831216.90746000,0
1763739000000000,1.92670000,1.93130000,1.90840000,1.91940000,4092317.20000000,1763739899999999,7845063.24688000,39234,1348129.70000000,2585285.91658000,0
1763739900000000,1.91950000,1.92370000,1.90390000,1.91110000,3387617.50000000,1763740799999999,6483772.34989000,41383,1572884.80000000,3010177.80796000,0
1763740800000000,1.91110000,1.91510000,1.89500000,1.90100000,4463368.10000000,1763741699999999,8492578.24510000,52877,2289223.20000000,4356248.27202000,0
1763741700000000,1.90090000,1.91280000,1.88590000,1.90770000,3502162.90000000,1763742599999999,6647196.52833000,50579,1991776.60000000,3780747.86176000,0
1763742600000000,1.90770000,1.92510000,1.89830000,1.91330000,4057785.10000000,1763743499999999,7759380.16359000,40224,2170684.70000000,4150915.22900000,0
1763743500000000,1.91330000,1.95820000,1.90610000,1.95660000,3958691.80000000,1763744399999999,7677204.17918000,43223,2212142.40000000,4286455.24691000,0
1763744400000000,1.95660000,1.97510000,1.95010000,1.97310000,3957420.90000000,1763745299999999,7779912.76124000,42698,1961867.20000000,3857339.77435000,0
1763745300000000,1.97320000,1.99840000,1.97170000,1.98750000,4507529.10000000,1763746199999999,8951663.34965000,46515,2106020.10000000,4182472.90421000,0
1763746200000000,1.98750000,1.99600000,1.98170000,1.98420000,1758641.90000000,1763747099999999,3498964.51566000,25526,765004.60000000,1522164.12687000,0
1763747100000000,1.98420000,1.99380000,1.97160000,1.97640000,1713484.00000000,1763747999999999,3396557.88934000,23582,805393.40000000,1596982.03112000,0
1763748000000000,1.97640000,1.97990000,1.94040000,1.94380000,4007045.10000000,1763748899999999,7849031.33573000,41542,1733450.30000000,3395205.18441000,0
1763748900000000,1.94380000,1.95130000,1.93060000,1.95090000,4831136.00000000,1763749799999999,9370173.37921000,40850,2633653.80000000,5107341.99291000,0
1763749800000000,1.95080000,1.97020000,1.94860000,1.96630000,3627264.70000000,1763750699999999,7113800.38237000,31562,1911159.80000000,3748417.22923000,0
1763750700000000,1.96630000,1.98700000,1.96160000,1.96510000,2299771.20000000,1763751599999999,4539799.93493000,36374,1160777.40000000,2291008.76612000,0
1763751600000000,1.96500000,1.97280000,1.95580000,1.95660000,1618414.60000000,1763752499999999,3181141.83856000,23045,663485.70000000,1304518.64841000,0
1763752500000000,1.95670000,1.96950000,1.95160000,1.96440000,1460975.50000000,1763753399999999,2866644.16589000,14642,703719.90000000,1381085.14164000,0
1763753400000000,1.96450000,1.96850000,1.94950000,1.95260000,1386932.10000000,1763754299999999,2716314.18814000,17725,519214.60000000,1017041.18116000,0
1763754300000000,1.95260000,1.95540000,1.94120000,1.94840000,1787165.80000000,1763755199999999,3482008.58540000,21495,609458.60000000,1187379.82982000,0
1763755200000000,1.94840000,1.95390000,1.93290000,1.94530000,2188628.30000000,1763756099999999,4248939.94055000,27260,716530.00000000,1390295.40200000,0
1763756100000000,1.94530000,1.94570000,1.92170000,1.92320000,2492152.70000000,1763756999999999,4813124.74749000,29806,858635.20000000,1657610.67733000,0
1763757000000000,1.92320000,1.94490000,1.92160000,1.94390000,2928013.60000000,1763757899999999,5664062.27287000,40985,795981.40000000,1539116.96859000,0
1763757900000000,1.94390000,1.95110000,1.93640000,1.94360000,4302395.10000000,1763758799999999,8367290.00386000,48388,1633466.50000000,3176612.00906000,0
1763758800000000,1.94350000,1.94920000,1.92370000,1.92890000,2727135.90000000,1763759699999999,5273452.65938000,34975,1163541.90000000,2250478.34964000,0
1763759700000000,1.92890000,1.96020000,1.92340000,1.95780000,3714447.30000000,1763760599999999,7221967.69425000,35667,1859860.90000000,3616026.66298000,0
1763760600000000,1.95780000,1.96330000,1.94600000,1.95820000,1525738.40000000,1763761499999999,2982763.98057000,25507,778099.60000000,1521324.57834000,0
1763761500000000,1.95820000,1.96570000,1.95030000,1.95440000,1061761.20000000,1763762399999999,2078421.84707000,17546,353232.50000000,691553.14944000,0
1763762400000000,1.95430000,1.96250000,1.95150000,1.95650000,1006400.90000000,1763763299999999,1970504.60313000,14210,407754.70000000,798215.43814000,0
1763763300000000,1.95660000,1.95810000,1.93770000,1.94140000,1767826.60000000,1763764199999999,3439411.81812000,19263,885912.20000000,1723383.87426000,0
1763764200000000,1.94140000,1.94140000,1.92710000,1.93440000,1224073.60000000,1763765099999999,2365476.04410000,19932,662722.70000000,1280550.07845000,0
1763765100000000,1.93440000,1.93960000,1.90790000,1.90900000,1897400.30000000,1763765999999999,3643346.81554000,29082,869209.70000000,1669095.75537000,0
1763766000000000,1.90900000,1.91650000,1.90000000,1.91630000,1952491.90000000,1763766899999999,3726833.36249000,29931,937908.00000000,1790491.86644000,0
1763766900000000,1.91630000,1.94600000,1.91570000,1.94470000,1734111.20000000,1763767799999999,3351080.71000000,21547,976977.70000000,1887056.08387000,0
1763767800000000,1.94470000,1.95190000,1.94110000,1.95020000,1580962.30000000,1763768699999999,3076465.69968000,20638,709250.90000000,1380340.18556000,0
1763768700000000,1.95020000,1.95410000,1.94850000,1.95090000,713848.50000000,1763769599999999,1393174.88906000,14697,289423.10000000,564859.15107000,0
1763769600000000,1.95090000,1.95750000,1.94490000,1.95430000,1762980.50000000,1763770499999999,3440361.00127000,25951,880910.00000000,1718275.53804000,0
1763770500000000,1.95420000,1.95620000,1.93130000,1.93340000,1154995.20000000,1763771399999999,2245303.67006000,14819,472147.90000000,917543.22440000,0
1763771400000000,1.93350000,1.95330000,1.93350000,1.94980000,1293709.20000000,1763772299999999,2517032.38970000,15149,799070.90000000,1554562.57687000,0
1763772300000000,1.94980000,1.95150000,1.93950000,1.94370000,807335.60000000,1763773199999999,1570678.27712000,14629,353791.80000000,688316.15470000,0
1763773200000000,1.94370000,1.95370000,1.93840000,1.94450000,952858.00000000,1763774099999999,1855052.62346000,13486,394275.80000000,767783.96228000,0
1763774100000000,1.94450000,1.95350000,1.94190000,1.94880000,766354.80000000,1763774999999999,1493489.59126000,14775,422031.40000000,822514.00449000,0
1763775000000000,1.94870000,1.96100000,1.94740000,1.94800000,1277931.70000000,1763775899999999,2498512.10880000,15897,543324.10000000,1062109.80345000,0
1763775900000000,1.94800000,1.96110000,1.94740000,1.96110000,677887.10000000,1763776799999999,1326625.43038000,9818,350799.00000000,686449.73329000,0
1763776800000000,1.96110000,1.96370000,1.95000000,1.95370000,962987.50000000,1763777699999999,1884587.74934000,11914,547402.20000000,1071772.15387000,0
1763777700000000,1.95360000,1.95890000,1.94860000,1.95240000,762462.50000000,1763778599999999,1489448.25614000,8730,374423.40000000,731366.02723000,0
1763778600000000,1.95240000,1.95280000,1.94070000,1.94260000,1102976.50000000,1763779499999999,2144220.51922000,12231,454089.50000000,882839.51030000,0
1763779500000000,1.94270000,1.95210000,1.93770000,1.95060000,803496.60000000,1763780399999999,1561340.62580000,11778,342195.10000000,665125.70130000,0
1763780400000000,1.95060000,1.95920000,1.94840000,1.95790000,787045.80000000,1763781299999999,1536967.50829000,12873,355804.30000000,694963.97097000,0
1763781300000000,1.95790000,1.95830000,1.94610000,1.95200000,902268.10000000,1763782199999999,1761343.50577000,10573,261819.60000000,510758.55662000,0
1763782200000000,1.95200000,1.95510000,1.94390000,1.95270000,976619.50000000,1763783099999999,1905819.20183000,14980,298509.20000000,582178.54947000,0
1763783100000000,1.95260000,1.95350000,1.94340000,1.94880000,716036.30000000,1763783999999999,1395360.36198000,8819,367518.80000000,716146.41810000,0
1763784000000000,1.94890000,1.95090000,1.92710000,1.93000000,1387857.80000000,1763784899999999,2686256.02827000,17382,618633.70000000,1197698.32753000,0
1763784900000000,1.93000000,1.93470000,1.92140000,1.92860000,948202.80000000,1763785799999999,1828438.39934000,15841,546744.00000000,1054287.59846000,0
1763785800000000,1.92860000,1.93320000,1.91500000,1.91910000,969058.90000000,1763786699999999,1863725.18283000,16527,370936.70000000,712931.99257000,0
1763786700000000,1.91920000,1.94080000,1.91610000,1.93640000,871691.60000000,1763787599999999,1679931.94340000,15116,486040.90000000,936489.75349000,0
1763787600000000,1.93650000,1.94050000,1.92690000,1.93110000,1015525.70000000,1763788499999999,1964561.42551000,13123,595126.10000000,1151812.97232000,0
1763788500000000,1.93110000,1.93120000,1.91840000,1.92630000,626134.50000000,1763789399999999,1204056.58632000,10129,346229.40000000,665725.73064000,0
1763789400000000,1.92620000,1.92690000,1.91360000,1.91820000,972322.10000000,1763790299999999,1865856.22337000,13281,465178.00000000,892468.09427000,0
1763790300000000,1.91830000,1.93470000,1.91710000,1.93110000,1577959.30000000,1763791199999999,3038290.16015000,14601,571033.60000000,1098458.75590000,0
1763791200000000,1.93120000,1.93610000,1.92180000,1.93250000,809533.70000000,1763792099999999,1561543.10771000,14495,389406.00000000,751064.12139000,0
1763792100000000,1.93240000,1.94970000,1.92850000,1.94430000,1632322.90000000,1763792999999999,3169840.25113000,15972,836297.00000000,1623442.74492000,0
1763793000000000,1.94440000,1.95350000,1.94360000,1.94810000,772570.90000000,1763793899999999,1505075.69449000,12085,380468.40000000,741154.93552000,0
1763793900000000,1.94810000,1.95690000,1.94630000,1.95450000,991041.00000000,1763794799999999,1934563.93392000,8689,377206.10000000,736130.09649000,0
1763794800000000,1.95450000,1.95750000,1.94910000,1.95080000,823374.30000000,1763795699999999,1608108.82079000,10622,368361.00000000,719492.36982000,0
1763795700000000,1.95090000,1.95770000,1.94570000,1.94950000,804428.40000000,1763796599999999,1568954.63814000,10178,383803.60000000,748318.98565000,0
1763796600000000,1.94940000,1.95370000,1.94340000,1.95110000,476694.60000000,1763797499999999,929259.63745000,8705,230936.30000000,450188.01479000,0
1763797500000000,1.95100000,1.95440000,1.94850000,1.95310000,526454.80000000,1763798399999999,1027176.88246000,9058,293137.50000000,571830.18362000,0
1763798400000000,1.95320000,1.95320000,1.94150000,1.94230000,578415.30000000,1763799299999999,1125506.88922000,7210,271947.10000000,529108.13602000,0
1763799300000000,1.94230000,1.94230000,1.91780000,1.92130000,2063507.40000000,1763800199999999,3972470.75410000,16145,1090400.50000000,2098882.13189000,0
1763800200000000,1.92130000,1.92250000,1.90760000,1.91310000,3222437.20000000,1763801099999999,6166617.94516000,25362,1808524.90000000,3460812.38982000,0
1763801100000000,1.91320000,1.91760000,1.90840000,1.91510000,1370063.50000000,1763801999999999,2621369.77909000,15790,677127.50000000,1295408.19428000,0
1763802000000000,1.91510000,1.92380000,1.91360000,1.92180000,867758.50000000,1763802899999999,1664519.60276000,11869,537892.60000000,1031825.31933000,0
1763802900000000,1.92180000,1.92230000,1.90280000,1.91040000,1592237.50000000,1763803799999999,3039294.75223000,13265,909862.60000000,1735876.76779000,0
1763803800000000,1.91040000,1.92670000,1.90750000,1.92030000,1600079.60000000,1763804699999999,3071372.53067000,16887,867288.60000000,1664181.87091000,0
1763804700000000,1.92030000,1.92440000,1.91060000,1.91360000,1345034.80000000,1763805599999999,2576616.58568000,13035,676971.80000000,1297094.74473000,0
1763805600000000,1.91350000,1.92190000,1.91350000,1.91850000,493673.80000000,1763806499999999,947013.67850000,8625,274967.80000000,527441.02232000,0
1763806500000000,1.91850000,1.91850000,1.89920000,1.90230000,1880586.80000000,1763807399999999,3581970.14224000,15357,921651.40000000,1756527.61361000,0
1763807400000000,1.90220000,1.90660000,1.90070000,1.90650000,616621.20000000,1763808299999999,1173517.21417000,10371,268332.50000000,510700.77209000,0
1763808300000000,1.90650000,1.90970000,1.89870000,1.90220000,2111380.90000000,1763809199999999,4015659.44893000,12568,818658.30000000,1556981.25213000,0
1763809200000000,1.90220000,1.91550000,1.89470000,1.91540000,1531405.90000000,1763810099999999,2919824.38658000,18286,706512.50000000,1347649.04740000,0
1763810100000000,1.91530000,1.92600000,1.90580000,1.92120000,1125146.60000000,1763810999999999,2154512.78689000,14299,469182.10000000,898544.45505000,0
1763811000000000,1.92120000,1.92610000,1.91720000,1.92100000,883030.00000000,1763811899999999,1696818.91024000,10256,343363.50000000,659807.83986000,0
1763811900000000,1.92090000,1.92370000,1.91690000,1.91720000,885245.20000000,1763812799999999,1700451.78353000,8778,312983.40000000,601302.72726000,0
1763812800000000,1.91730000,1.91780000,1.90150000,1.90460000,996993.60000000,1763813699999999,1902799.98589000,11512,418641.60000000,798965.99627000,0
1763813700000000,1.90470000,1.90960000,1.90380000,1.90700000,840308.70000000,1763814599999999,1602555.57353000,9882,478465.90000000,912470.42355000,0
1763814600000000,1.90710000,1.91080000,1.89610000,1.89860000,859378.20000000,1763815499999999,1636141.45962000,8464,494660.50000000,941609.11920000,0
1763815500000000,1.89860000,1.90620000,1.89410000,1.90390000,1102402.60000000,1763816399999999,2095770.51446000,11974,644525.00000000,1225163.23154000,0
1763816400000000,1.90390000,1.91180000,1.89290000,1.90490000,1151191.10000000,1763817299999999,2188724.20849000,14959,512875.40000000,974618.75251000,0
1763817300000000,1.90500000,1.90610000,1.89440000,1.89690000,623920.60000000,1763818199999999,1185258.44041000,12002,304744.00000000,578931.18706000,0
1763818200000000,1.89700000,1.89900000,1.88900000,1.89790000,1138415.10000000,1763819099999999,2154748.63844000,12262,526258.50000000,996516.42251000,0
1763819100000000,1.89790000,1.90360000,1.89330000,1.89730000,675169.40000000,1763819999999999,1281434.07665000,10282,344973.50000000,654725.41023000,0
1763820000000000,1.89720000,1.91580000,1.89590000,1.91560000,1444983.80000000,1763820899999999,2758054.58941000,18941,583543.20000000,1113299.76335000,0
1763820900000000,1.91570000,1.93020000,1.91510000,1.92010000,2074482.50000000,1763821799999999,3985927.61727000,21492,897647.80000000,1724735.27623000,0
1763821800000000,1.92010000,1.92760000,1.91660000,1.91770000,988876.00000000,1763822699999999,1900333.60936000,13793,352611.30000000,677431.50624000,0
1763822700000000,1.91780000,1.93000000,1.91240000,1.92840000,745200.40000000,1763823599999999,1432960.52303000,11023,301553.90000000,579990.13119000,0
1763823600000000,1.92840000,1.93290000,1.92200000,1.92370000,963831.50000000,1763824499999999,1857165.42013000,12674,589259.80000000,1135495.47281000,0
1763824500000000,1.92370000,1.93930000,1.92330000,1.93470000,1169678.70000000,1763825399999999,2259390.63761000,11895,686358.90000000,1325985.77318000,0
1763825400000000,1.93460000,1.93830000,1.92360000,1.92450000,1256746.80000000,1763826299999999,2427763.11804000,13954,532203.50000000,1028100.03747000,0
1763826300000000,1.92460000,1.93160000,1.92110000,1.92910000,630984.30000000,1763827199999999,1215507.23096000,8898,401239.70000000,772960.62058000,0
1763827200000000,1.92910000,1.95000000,1.92740000,1.94460000,1228611.70000000,1763828099999999,2382677.38824000,12937,631573.20000000,1225034.28382000,0
1763828100000000,1.94470000,1.94810000,1.94110000,1.94410000,1050807.00000000,1763828999999999,2043248.41000000,11479,647008.60000000,1258069.22285000,0
1763829000000000,1.94400000,1.94710000,1.93960000,1.94660000,1071814.70000000,1763829899999999,2083207.03224000,9150,477884.90000000,928729.83026000,0
1763829900000000,1.94670000,1.95170000,1.94270000,1.94440000,2547837.60000000,1763830799999999,4962714.97838000,10764,1185893.50000000,2309660.21150000,0
1763830800000000,1.94430000,1.94520000,1.93340000,1.93830000,1574870.60000000,1763831699999999,3053825.63719000,10398,599496.10000000,1162476.66166000,0
1763831700000000,1.93820000,1.94180000,1.93170000,1.93990000,950901.20000000,1763832599999999,1840893.01743000,8568,389616.90000000,754121.00742000,0
1763832600000000,1.93990000,1.94080000,1.92970000,1.93070000,470164.60000000,1763833499999999,909088.73322000,6686,188123.10000000,363746.88992000,0
1763833500000000,1.93060000,1.93160000,1.92720000,1.93020000,528677.60000000,1763834399999999,1020363.14142000,5944,316202.60000000,610277.19609000,0
1763834400000000,1.93030000,1.93330000,1.92620000,1.92710000,679064.50000000,1763835299999999,1309964.21722000,7455,328576.20000000,633913.56087000,0
1763835300000000,1.92700000,1.92810000,1.92350000,1.92810000,689357.90000000,1763836199999999,1327595.50942000,6572,297761.30000000,573315.20735000,0
1763836200000000,1.92800000,1.92820000,1.92170000,1.92650000,415160.70000000,1763837099999999,799143.27065000,5547,188055.80000000,361994.89272000,0
1763837100000000,1.92640000,1.93210000,1.92520000,1.93180000,342590.20000000,1763837999999999,661086.92792000,5048,170482.80000000,328925.85540000,0
1763838000000000,1.93190000,1.93940000,1.93070000,1.93690000,288986.10000000,1763838899999999,559289.29301000,5023,146421.00000000,283291.48922000,0
1763838900000000,1.93700000,1.93980000,1.92780000,1.92900000,343832.70000000,1763839799999999,664782.18790000,4480,156876.10000000,303520.73823000,0
1763839800000000,1.92900000,1.93190000,1.92540000,1.92650000,283575.50000000,1763840699999999,546968.57932000,5388,163596.70000000,315542.50765000,0
1763840700000000,1.92650000,1.93490000,1.92600000,1.92780000,364967.80000000,1763841599999999,704467.51638000,4608,198339.50000000,382800.31537000,0
1763841600000000,1.92770000,1.93450000,1.92600000,1.93370000,333025.40000000,1763842499999999,643189.50308000,6424,150943.10000000,291470.91195000,0
1763842500000000,1.93370000,1.93680000,1.92900000,1.93420000,356606.60000000,1763843399999999,689201.30970000,5847,137883.90000000,266533.90243000,0
1763843400000000,1.93420000,1.93470000,1.92380000,1.92390000,513050.40000000,1763844299999999,989526.91611000,6394,205222.40000000,395893.14929000,0
1763844300000000,1.92400000,1.92850000,1.92030000,1.92790000,495689.90000000,1763845199999999,953607.43451000,6898,280379.00000000,539479.98855000,0
1763845200000000,1.92790000,1.93420000,1.92530000,1.92630000,328614.70000000,1763846099999999,634239.40559000,6778,201694.00000000,389283.08881000,0
1763846100000000,1.92620000,1.93290000,1.92580000,1.93060000,294143.70000000,1763846999999999,567633.96993000,4319,148138.40000000,285827.04282000,0
1763847000000000,1.93060000,1.93180000,1.92490000,1.93060000,474828.20000000,1763847899999999,915772.24887000,5700,218018.50000000,420485.53779000,0
1763847900000000,1.93060000,1.93730000,1.93000000,1.93650000,409215.30000000,1763848799999999,791399.14965000,6914,256422.60000000,495793.91426000,0
1763848800000000,1.93640000,1.94050000,1.92930000,1.94050000,484813.70000000,1763849699999999,937958.63332000,5672,264688.90000000,512157.26401000,0
1763849700000000,1.94050000,1.94640000,1.93850000,1.94130000,1072532.90000000,1763850599999999,2082779.71875000,9103,534414.00000000,1037690.72260000,0
1763850600000000,1.94120000,1.95020000,1.93990000,1.94740000,645552.30000000,1763851499999999,1256202.10979000,5637,328509.90000000,639215.30478000,0
1763851500000000,1.94740000,1.96710000,1.94670000,1.95820000,1910560.60000000,1763852399999999,3740230.32600000,22185,1031026.80000000,2017648.20022000,0
1763852400000000,1.95820000,1.96140000,1.94860000,1.95230000,1319458.20000000,1763853299999999,2580003.22062000,17926,530388.80000000,1036753.58680000,0
1763853300000000,1.95220000,1.95340000,1.94520000,1.95180000,607600.30000000,1763854199999999,1184885.66346000,7946,288501.40000000,562499.50425000,0
1763854200000000,1.95180000,1.95760000,1.94930000,1.95240000,414194.20000000,1763855099999999,809239.24805000,6917,171080.50000000,334232.07468000,0
1763855100000000,1.95230000,1.95420000,1.94850000,1.95090000,274243.10000000,1763855999999999,535236.78592000,5391,144641.90000000,282313.80223000,0
1763856000000000,1.95080000,1.95650000,1.94970000,1.95530000,491242.10000000,1763856899999999,959993.52545000,7028,280794.50000000,548695.47658000,0
1763856900000000,1.95520000,1.96130000,1.95000000,1.95900000,1174913.10000000,1763857799999999,2298613.14737000,10335,633185.90000000,1238680.75324000,0
1763857800000000,1.95890000,1.95970000,1.95080000,1.95830000,676659.70000000,1763858699999999,1323157.74786000,12058,329137.00000000,643553.80605000,0
1763858700000000,1.95830000,1.96310000,1.95480000,1.96000000,576093.20000000,1763859599999999,1128092.50127000,8836,315250.90000000,617292.82500000,0
1763859600000000,1.96000000,1.97050000,1.95740000,1.96860000,1088796.40000000,1763860499999999,2140040.98757000,10402,654342.20000000,1286126.02854000,0
1763860500000000,1.96860000,1.97610000,1.96470000,1.97430000,1062808.90000000,1763861399999999,2093500.59000000,16973,631555.10000000,1243799.41544000,0
1763861400000000,1.97430000,2.00240000,1.97250000,1.99720000,4129716.40000000,1763862299999999,8217303.51180000,27850,2246049.10000000,4469587.56044000,0
1763862300000000,1.99710000,2.00550000,1.99010000,1.99990000,2716390.10000000,1763863199999999,5427420.65552000,26190,1491875.40000000,2980803.65062000,0
1763863200000000,2.00000000,2.00820000,1.99620000,2.00700000,2130469.00000000,1763864099999999,4267528.14230000,24116,1201895.90000000,2407501.58176000,0
1763864100000000,2.00690000,2.02360000,2.00590000,2.02290000,2975303.30000000,1763864999999999,5992289.82574000,23149,1723259.90000000,3470674.73761000,0
1763865000000000,2.02290000,2.05050000,2.02070000,2.03750000,6907375.40000000,1763865899999999,14067803.39882000,43029,3726046.20000000,7587777.08068000,0
1763865900000000,2.03750000,2.04640000,2.02890000,2.03190000,2574051.30000000,1763866799999999,5242742.03017000,29416,1167758.00000000,2378799.35741000,0
1763866800000000,2.03190000,2.04640000,2.02260000,2.03500000,2001157.80000000,1763867699999999,4069142.56164000,24017,1025091.70000000,2085054.51634000,0
1763867700000000,2.03490000,2.03760000,2.02820000,2.03090000,1482682.60000000,1763868599999999,3013772.19607000,22278,685807.90000000,1393560.82173000,0
1763868600000000,2.03090000,2.03510000,2.02570000,2.03140000,1031127.60000000,1763869499999999,2093407.03436000,15165,542140.40000000,1100429.53422000,0
1763869500000000,2.03130000,2.03350000,2.02690000,2.03070000,723015.40000000,1763870399999999,1467780.04279000,10030,403283.40000000,818714.42638000,0
1763870400000000,2.03070000,2.05220000,2.03020000,2.05100000,2513062.00000000,1763871299999999,5135426.05319000,21613,1412661.40000000,2886736.18199000,0
1763871300000000,2.05090000,2.07420000,2.04760000,2.05840000,4622814.30000000,1763872199999999,9534054.93526000,38875,2245415.70000000,4631221.78334000,0
1763872200000000,2.05840000,2.07600000,2.05540000,2.06540000,2631662.60000000,1763873099999999,5443137.97243000,26211,1373669.00000000,2840678.51393000,0
1763873100000000,2.06540000,2.07200000,2.06240000,2.06540000,2328161.90000000,1763873999999999,4812614.42132000,19039,1256466.30000000,2596912.24745000,0
1763874000000000,2.06540000,2.06550000,2.05350000,2.05680000,1735188.90000000,1763874899999999,3574405.07511000,15516,789391.10000000,1625671.01772000,0
1763874900000000,2.05680000,2.05700000,2.04630000,2.04850000,1827414.60000000,1763875799999999,3747368.91998000,13944,805424.60000000,1651665.84305000,0
1763875800000000,2.04850000,2.05170000,2.03900000,2.04960000,2584365.80000000,1763876699999999,5284247.61982000,16661,1211471.50000000,2476978.96925000,0
1763876700000000,2.04960000,2.06120000,2.04870000,2.05650000,1507638.90000000,1763877599999999,3098765.95394000,13107,817279.80000000,1679761.33827000,0
1763877600000000,2.05660000,2.05920000,2.04940000,2.05090000,830625.40000000,1763878499999999,1706589.91155000,9296,397029.20000000,815888.75493000,0
1763878500000000,2.05090000,2.05130000,2.04130000,2.04410000,1090324.10000000,1763879399999999,2229624.78073000,11360,544098.20000000,1112411.71437000,0
1763879400000000,2.04410000,2.04550000,2.03850000,2.04210000,1326089.80000000,1763880299999999,2707722.44878000,9350,571684.30000000,1167173.96067000,0
1763880300000000,2.04200000,2.04480000,2.03610000,2.03670000,1073356.60000000,1763881199999999,2190040.21269000,8987,442993.10000000,903900.21654000,0
1763881200000000,2.03670000,2.04030000,2.02770000,2.03700000,2565194.90000000,1763882099999999,5216492.74677000,15104,803763.60000000,1634415.44187000,0
1763882100000000,2.03700000,2.03800000,2.01660000,2.01930000,2390342.90000000,1763882999999999,4838148.06815000,17991,984312.70000000,1991875.00886000,0
1763883000000000,2.01920000,2.02930000,2.01650000,2.02690000,1452274.60000000,1763883899999999,2936664.62666000,12881,565846.20000000,1144352.48313000,0
1763883900000000,2.02690000,2.02750000,2.02040000,2.02620000,683160.90000000,1763884799999999,1382572.48462000,8537,295089.90000000,597178.96250000,0
1763884800000000,2.02630000,2.03970000,2.02630000,2.03610000,826844.40000000,1763885699999999,1681478.62436000,10350,429731.90000000,873999.97973000,0
1763885700000000,2.03610000,2.03910000,2.03100000,2.03230000,684099.90000000,1763886599999999,1391948.30297000,9919,372638.70000000,758385.64040000,0
1763886600000000,2.03230000,2.03570000,2.02720000,2.02800000,646125.10000000,1763887499999999,1311977.67558000,10493,245177.00000000,497883.51088000,0
1763887500000000,2.02810000,2.03890000,2.02790000,2.03780000,764388.30000000,1763888399999999,1555497.07768000,11390,404895.00000000,824097.49826000,0
1763888400000000,2.03780000,2.04720000,2.03600000,2.04550000,879715.70000000,1763889299999999,1796312.62044000,10989,532381.50000000,1087084.08887000,0
1763889300000000,2.04540000,2.04900000,2.03850000,2.04240000,841455.90000000,1763890199999999,1719390.78790000,9789,459504.50000000,938823.94132000,0
1763890200000000,2.04240000,2.05230000,2.04240000,2.05170000,1164678.40000000,1763891099999999,2385229.29595000,10967,713653.70000000,1461491.68994000,0
1763891100000000,2.05180000,2.05220000,2.04580000,2.04640000,704217.40000000,1763891999999999,1442994.82412000,7173,355051.10000000,727511.48704000,0
1763892000000000,2.04640000,2.04840000,2.04040000,2.04130000,781223.10000000,1763892899999999,1596148.27382000,9840,356475.30000000,728345.99098000,0
1763892900000000,2.04130000,2.04170000,2.03430000,2.03570000,986423.50000000,1763893799999999,2010054.70524000,8865,331844.50000000,676193.56077000,0
1763893800000000,2.03560000,2.03940000,2.03190000,2.03850000,751484.80000000,1763894699999999,1529009.15247000,8621,302488.40000000,615542.83172000,0
1763894700000000,2.03850000,2.04140000,2.03370000,2.03480000,519803.70000000,1763895599999999,1059288.14247000,7784,225378.80000000,459371.21450000,0
1763895600000000,2.03490000,2.03490000,2.02430000,2.02780000,842366.20000000,1763896499999999,1709266.27180000,13064,365733.40000000,742276.46344000,0
1763896500000000,2.02780000,2.03270000,2.02250000,2.02810000,744799.00000000,1763897399999999,1509888.27229000,10923,305492.90000000,619423.37065000,0
1763897400000000,2.02810000,2.03380000,2.02770000,2.03210000,387213.00000000,1763898299999999,786521.31777000,8225,171660.60000000,348654.71320000,0
1763898300000000,2.03210000,2.03500000,2.02600000,2.03120000,705595.80000000,1763899199999999,1432896.78647000,8486,289398.90000000,587660.40634000,0
1763899200000000,2.03120000,2.04420000,2.02970000,2.04310000,1183479.80000000,1763900099999999,2411932.16578000,10992,750737.40000000,1530102.30261000,0
1763900100000000,2.04310000,2.04990000,2.03990000,2.04530000,1752105.60000000,1763900999999999,3585083.71516000,15581,961484.70000000,1967262.78857000,0
1763901000000000,2.04530000,2.04960000,2.03680000,2.04120000,1311291.40000000,1763901899999999,2680288.62497000,11921,633808.30000000,1295528.70625000,0
1763901900000000,2.04120000,2.04470000,2.03800000,2.04240000,645243.90000000,1763902799999999,1317460.71955000,7600,265934.60000000,542995.08275000,0
1763902800000000,2.04250000,2.04790000,2.03490000,2.03720000,761373.00000000,1763903699999999,1554734.75357000,11441,334489.70000000,683167.02499000,0
1763903700000000,2.03730000,2.04070000,2.03300000,2.03650000,675381.20000000,1763904599999999,1375345.65863000,8981,308068.90000000,627392.95490000,0
1763904600000000,2.03640000,2.04220000,2.03330000,2.04060000,666447.80000000,1763905499999999,1358162.59573000,8115,381206.20000000,776701.27392000,0
1763905500000000,2.04070000,2.05020000,2.03870000,2.04920000,1357578.10000000,1763906399999999,2778498.31694000,9445,782209.80000000,1601071.63868000,0
1763906400000000,2.04910000,2.06300000,2.04740000,2.04820000,2725174.10000000,1763907299999999,5598465.91508000,21452,1507667.10000000,3096902.98690000,0
1763907300000000,2.04820000,2.05700000,2.04660000,2.05550000,876838.90000000,1763908199999999,1798599.87236000,11646,545354.00000000,1118567.25987000,0
1763908200000000,2.05540000,2.06100000,2.04790000,2.04900000,2103281.30000000,1763909099999999,4322177.64042000,15506,1136900.00000000,2335474.13612000,0
1763909100000000,2.04890000,2.05150000,2.03750000,2.03990000,1841128.20000000,1763909999999999,3763079.35955000,18810,819081.80000000,1674131.19367000,0
1763910000000000,2.03990000,2.05040000,2.03610000,2.04710000,1459582.20000000,1763910899999999,2981849.03773000,16207,691929.30000000,1414155.09844000,0
1763910900000000,2.04700000,2.05710000,2.04560000,2.05380000,1265962.80000000,1763911799999999,2598330.73681000,13832,712397.10000000,1462046.06576000,0
1763911800000000,2.05380000,2.06530000,2.05010000,2.06260000,3701560.00000000,1763912699999999,7632248.73862000,18184,1135865.30000000,2340956.48265000,0
1763912700000000,2.06270000,2.06630000,2.05710000,2.06250000,2101455.40000000,1763913599999999,4333878.59419000,13515,875325.40000000,1804633.82789000,0
1763913600000000,2.06240000,2.07380000,2.06240000,2.06700000,1828514.30000000,1763914499999999,3781154.29545000,17286,940168.20000000,1944084.25822000,0
1763914500000000,2.06700000,2.07280000,2.06310000,2.06800000,910695.40000000,1763915399999999,1883044.51233000,11961,467968.80000000,967625.50376000,0
1763915400000000,2.06810000,2.08030000,2.06550000,2.07540000,1656571.50000000,1763916299999999,3438329.86636000,17288,797821.00000000,1655653.36739000,0
1763916300000000,2.07540000,2.07810000,2.05170000,2.05390000,1877423.20000000,1763917199999999,3880725.58521000,18062,758057.60000000,1567427.05208000,0
1763917200000000,2.05400000,2.05720000,2.04620000,2.04880000,1427272.30000000,1763918099999999,2928768.23739000,21246,535614.50000000,1099236.91187000,0
1763918100000000,2.04880000,2.05400000,2.04160000,2.05300000,954299.40000000,1763918999999999,1951819.17360000,12349,452665.30000000,925813.76737000,0
1763919000000000,2.05290000,2.05540000,2.04710000,2.05410000,794113.10000000,1763919899999999,1629469.01447000,8404,435829.80000000,894283.91708000,0
1763919900000000,2.05410000,2.05410000,2.04040000,2.04630000,813755.60000000,1763920799999999,1664095.70733000,10963,278156.30000000,568705.16419000,0
1763920800000000,2.04620000,2.05330000,2.04540000,2.05330000,830710.00000000,1763921699999999,1703357.15648000,9408,447573.20000000,917654.34825000,0
1763921700000000,2.05330000,2.06590000,2.05270000,2.06370000,1268386.90000000,1763922599999999,2612554.62224000,13301,457067.00000000,941086.07374000,0
1763922600000000,2.06370000,2.07450000,2.06250000,2.07030000,1594854.30000000,1763923499999999,3299988.47363000,12650,805723.10000000,1667220.98302000,0
1763923500000000,2.07040000,2.07180000,2.05880000,2.06220000,1135106.30000000,1763924399999999,2344020.65521000,11289,493200.40000000,1018347.62920000,0
1763924400000000,2.06220000,2.06670000,2.05790000,2.06550000,773767.40000000,1763925299999999,1595790.36788000,12637,427132.80000000,880699.21132000,0
1763925300000000,2.06550000,2.07730000,2.06300000,2.07120000,1009042.70000000,1763926199999999,2090615.62586000,11998,461435.70000000,955643.69831000,0
1763926200000000,2.07110000,2.07890000,2.07100000,2.07510000,545092.50000000,1763927099999999,1131622.03456000,10866,319913.80000000,664100.76809000,0
1763927100000000,2.07510000,2.08000000,2.07250000,2.07490000,1465256.40000000,1763927999999999,3044034.75967000,11265,952985.80000000,1979998.14854000,0
1763928000000000,2.07490000,2.07810000,2.06800000,2.07690000,1238326.40000000,1763928899999999,2567513.42567000,11789,590973.40000000,1225293.74306000,0
1763928900000000,2.07700000,2.08460000,2.07020000,2.07150000,1757417.80000000,1763929799999999,3654313.41945000,14894,1019283.40000000,2119371.05439000,0
1763929800000000,2.07150000,2.07400000,2.06610000,2.06820000,692551.70000000,1763930699999999,1433358.38605000,11756,307184.10000000,635720.58131000,0
1763930700000000,2.06820000,2.07270000,2.06800000,2.06860000,488468.50000000,1763931599999999,1011249.05708000,7430,326597.00000000,676137.05277000,0
1763931600000000,2.06870000,2.06870000,2.05490000,2.05930000,880902.00000000,1763932499999999,1815820.34546000,9868,410855.50000000,846882.49930000,0
1763932500000000,2.05930000,2.07340000,2.05820000,2.07230000,595790.40000000,1763933399999999,1230825.70893000,8345,359105.90000000,741789.44979000,0
1763933400000000,2.07240000,2.07590000,2.06760000,2.07180000,667734.90000000,1763934299999999,1383254.43198000,8306,374418.10000000,775665.56792000,0
1763934300000000,2.07180000,2.08190000,2.07000000,2.07910000,731591.80000000,1763935199999999,1519375.12986000,8002,396613.20000000,823717.89291000,0
1763935200000000,2.07910000,2.08310000,2.06450000,2.06730000,1121753.50000000,1763936099999999,2325179.37733000,13231,630395.80000000,1306242.79830000,0
1763936100000000,2.06730000,2.07420000,2.05970000,2.07310000,1335283.60000000,1763936999999999,2760774.24901000,15046,821514.70000000,1698184.62350000,0
1763937000000000,2.07300000,2.07540000,2.06780000,2.07330000,972795.40000000,1763937899999999,2015525.21696000,6965,765861.30000000,1586886.96746000,0
1763937900000000,2.07330000,2.07860000,2.07210000,2.07480000,500803.60000000,1763938799999999,1039127.17796000,7164,350851.50000000,727981.71595000,0
1763938800000000,2.07480000,2.07750000,2.05200000,2.05220000,1676975.30000000,1763939699999999,3454825.16463000,21396,755083.70000000,1555629.63631000,0
1763939700000000,2.05230000,2.05810000,2.04590000,2.05510000,2292153.80000000,1763940599999999,4704040.88317000,23811,1256134.50000000,2578277.72652000,0
1763940600000000,2.05510000,2.05600000,2.04530000,2.04910000,1179518.70000000,1763941499999999,2417377.82867000,13672,581689.60000000,1192085.15403000,0
1763941500000000,2.04910000,2.05060000,2.04250000,2.04910000,1445872.90000000,1763942399999999,2959088.11050000,11111,667972.80000000,1367222.86927000,0
1763942400000000,2.04910000,2.04910000,2.02880000,2.03160000,2429223.80000000,1763943299999999,4945585.05659000,21280,1066265.70000000,2170498.05209000,0
1763943300000000,2.03160000,2.04880000,2.02380000,2.04880000,2143143.60000000,1763944199999999,4356825.31540000,23016,1126096.90000000,2289971.36166000,0
1763944200000000,2.04880000,2.06750000,2.04320000,2.05560000,2735568.80000000,1763945099999999,5626588.98714000,26948,1563833.30000000,3215989.96574000,0
1763945100000000,2.05550000,2.06200000,2.04330000,2.04750000,1098563.20000000,1763945999999999,2254171.06202000,18186,617574.70000000,1267113.03723000,0
1763946000000000,2.04740000,2.05190000,2.03990000,2.04320000,829336.20000000,1763946899999999,1695855.35437000,14081,443985.60000000,907838.54018000,0
1763946900000000,2.04320000,2.04930000,2.03630000,2.04650000,545001.80000000,1763947799999999,1113695.93498000,12001,299986.50000000,612857.15558000,0
1763947800000000,2.04640000,2.04670000,2.03290000,2.03510000,1600992.60000000,1763948699999999,3261907.29232000,17011,526674.50000000,1073504.62219000,0
1763948700000000,2.03500000,2.06450000,2.03100000,2.05790000,1600335.80000000,1763949599999999,3274726.92278000,19828,796522.50000000,1629841.15999000,0
1763949600000000,2.05800000,2.09390000,2.05660000,2.08930000,4041313.10000000,1763950499999999,8409866.51125000,44566,2136352.40000000,4442909.43445000,0
1763950500000000,2.08940000,2.10770000,2.08310000,2.09340000,2528030.20000000,1763951399999999,5301371.85754000,39326,1385065.60000000,2904341.34373000,0
1763951400000000,2.09340000,2.10110000,2.08320000,2.08960000,2209053.90000000,1763952299999999,4623874.48729000,34169,1304073.80000000,2729546.02173000,0
1763952300000000,2.08930000,2.09450000,2.08020000,2.09180000,988736.30000000,1763953199999999,2063372.52461000,17403,479575.80000000,1000999.73659000,0
1763953200000000,2.09170000,2.09440000,2.07700000,2.08020000,883260.80000000,1763954099999999,1842260.22636000,11723,452160.10000000,943470.65353000,0
1763954100000000,2.08030000,2.09860000,2.07660000,2.09150000,1398944.20000000,1763954999999999,2920010.58828000,12801,773058.60000000,1614433.51411000,0
1763955000000000,2.09150000,2.09280000,2.08200000,2.08340000,594567.50000000,1763955899999999,1240083.05080000,9577,260398.70000000,543145.70011000,0
1763955900000000,2.08340000,2.08710000,2.07700000,2.08650000,829146.70000000,1763956799999999,1726563.83428000,7532,457595.30000000,952716.89747000,0
1763956800000000,2.08650000,2.08780000,2.07640000,2.07640000,607702.70000000,1763957699999999,1266108.05794000,9541,220794.50000000,460059.17857000,0
1763957700000000,2.07630000,2.07630000,2.04550000,2.05200000,2408701.30000000,1763958599999999,4952857.04006000,27237,932199.80000000,1916442.54932000,0
1763958600000000,2.05210000,2.05830000,2.04980000,2.05610000,765464.20000000,1763959499999999,1572247.84323000,12693,416025.10000000,854543.11034000,0
1763959500000000,2.05610000,2.05980000,2.05130000,2.05810000,494056.40000000,1763960399999999,1015701.24151000,8885,255909.90000000,526076.37466000,0
1763960400000000,2.05800000,2.09550000,2.05600000,2.09270000,2535602.10000000,1763961299999999,5283552.73551000,26583,1041678.90000000,2167029.54004000,0
1763961300000000,2.09270000,2.10320000,2.08640000,2.09900000,3042009.40000000,1763962199999999,6379791.00149000,26213,1106085.20000000,2320272.38134000,0
1763962200000000,2.09900000,2.09940000,2.08720000,2.08940000,1067314.80000000,1763963099999999,2234318.10736000,13085,268794.90000000,562592.62144000,0
1763963100000000,2.08950000,2.09320000,2.08490000,2.09050000,1267653.10000000,1763963999999999,2647721.87296000,10426,592847.50000000,1238413.12061000,0
1763964000000000,2.09060000,2.09270000,2.06860000,2.06990000,1273886.20000000,1763964899999999,2646045.02776000,16508,515918.70000000,1071679.76472000,0
1763964900000000,2.06990000,2.07680000,2.06530000,2.07190000,855679.90000000,1763965799999999,1772555.95278000,11161,482584.70000000,999655.20163000,0
1763965800000000,2.07190000,2.07470000,2.06450000,2.06950000,767157.50000000,1763966699999999,1588609.88667000,11067,452874.70000000,937869.42187000,0
1763966700000000,2.06960000,2.07340000,2.06390000,2.07180000,744079.50000000,1763967599999999,1539281.85768000,10685,352762.70000000,729940.44246000,0
1763967600000000,2.07180000,2.07180000,2.06080000,2.06290000,585071.90000000,1763968499999999,1207518.56206000,12511,334765.80000000,690822.57484000,0
1763968500000000,2.06290000,2.06730000,2.05900000,2.06160000,607072.90000000,1763969399999999,1251785.27548000,8603,371996.10000000,767123.01695000,0
1763969400000000,2.06150000,2.07610000,2.05960000,2.07420000,1190372.60000000,1763970299999999,2461400.45065000,11431,531296.90000000,1098474.55861000,0
1763970300000000,2.07420000,2.07530000,2.06180000,2.06350000,668163.10000000,1763971199999999,1382502.94964000,7598,367310.30000000,760167.70834000,0
1763971200000000,2.06350000,2.06870000,2.05460000,2.06670000,1608651.40000000,1763972099999999,3315339.84574000,16736,776928.60000000,1600929.16530000,0
1763972100000000,2.06660000,2.07060000,2.06060000,2.06390000,802412.50000000,1763972999999999,1657414.45245000,11731,413893.00000000,855147.82940000,0
1763973000000000,2.06390000,2.06910000,2.06080000,2.06760000,623923.00000000,1763973899999999,1288100.04506000,7865,405418.40000000,837096.33868000,0
1763973900000000,2.06760000,2.07750000,2.06200000,2.07390000,578474.50000000,1763974799999999,1197835.87415000,7305,330917.70000000,685177.92735000,0
1763974800000000,2.07390000,2.07860000,2.06330000,2.06710000,890692.30000000,1763975699999999,1844713.51810000,9084,422718.70000000,875127.04479000,0
1763975700000000,2.06710000,2.06760000,2.03870000,2.04290000,2251540.40000000,1763976599999999,4612186.87594000,22979,872759.50000000,1787987.45082000,0
1763976600000000,2.04290000,2.05860000,2.04000000,2.04270000,4581113.00000000,1763977499999999,9378441.82538000,19612,2057442.50000000,4217425.53091000,0
1763977500000000,2.04280000,2.04590000,2.03980000,2.04380000,1009807.40000000,1763978399999999,2063209.82684000,10589,447991.10000000,915324.01941000,0
1763978400000000,2.04380000,2.05900000,2.04300000,2.04990000,1353367.10000000,1763979299999999,2776055.26371000,14530,975465.60000000,2000583.56196000,0
1763979300000000,2.05000000,2.05950000,2.04960000,2.05580000,683480.90000000,1763980199999999,1404572.87165000,11787,405607.30000000,833456.06564000,0
1763980200000000,2.05580000,2.06330000,2.04970000,2.05810000,1049110.10000000,1763981099999999,2156424.55884000,10099,391020.50000000,803999.12839000,0
1763981100000000,2.05820000,2.06540000,2.05730000,2.06020000,695340.20000000,1763981999999999,1433130.61394000,8370,307310.90000000,633313.21889000,0
1763982000000000,2.06030000,2.06420000,2.05100000,2.05940000,492340.20000000,1763982899999999,1012877.78835000,9132,245319.50000000,504655.85510000,0
1763982900000000,2.05940000,2.06010000,2.05240000,2.05390000,416915.90000000,1763983799999999,857214.29723000,8010,211494.90000000,434835.85971000,0
1763983800000000,2.05400000,2.06350000,2.05280000,2.06160000,655791.50000000,1763984699999999,1349834.06911000,9715,374980.90000000,771784.35527000,0
1763984700000000,2.06160000,2.06280000,2.05750000,2.05870000,380149.50000000,1763985599999999,783178.68240000,6821,193244.90000000,398067.26257000,0
1763985600000000,2.05870000,2.05870000,2.04840000,2.04990000,943687.40000000,1763986499999999,1937870.64775000,10607,389432.10000000,799802.66945000,0
1763986500000000,2.05000000,2.06230000,2.04970000,2.06050000,604424.40000000,1763987399999999,1243259.46713000,10769,266341.90000000,547578.42017000,0
1763987400000000,2.06060000,2.06950000,2.05650000,2.05830000,1429042.00000000,1763988299999999,2948454.92052000,13593,724965.10000000,1496186.94047000,0
1763988300000000,2.05840000,2.06690000,2.05570000,2.06510000,860373.30000000,1763989199999999,1773452.17792000,10340,418192.20000000,862030.76035000,0
1763989200000000,2.06500000,2.10200000,2.06270000,2.08880000,5575422.40000000,1763990099999999,11649435.95428000,36531,2934061.50000000,6126968.71238000,0
1763990100000000,2.08870000,2.09330000,2.08010000,2.08350000,1973862.50000000,1763990999999999,4117144.07629000,19394,865171.00000000,1804836.19712000,0
1763991000000000,2.08350000,2.09950000,2.08140000,2.09800000,1470350.50000000,1763991899999999,3074043.66032000,13353,926889.50000000,1938161.13551000,0
1763991900000000,2.09810000,2.09860000,2.08120000,2.08420000,2681299.50000000,1763992799999999,5596981.53213000,13818,1036631.30000000,2163759.43907000,0
1763992800000000,2.08420000,2.08730000,2.07860000,2.08240000,1268800.30000000,1763993699999999,2642147.35208000,12156,550690.50000000,1146625.53938000,0
1763993700000000,2.08240000,2.08240000,2.06800000,2.07060000,1747505.90000000,1763994599999999,3627690.47849000,12516,676763.00000000,1404520.24540000,0
1763994600000000,2.07060000,2.10270000,2.06010000,2.06330000,5892998.40000000,1763995499999999,12293392.02819000,60478,2606414.90000000,5436606.89743000,0
1763995500000000,2.06320000,2.07490000,2.04980000,2.07490000,3738485.50000000,1763996399999999,7712915.22414000,35734,1386922.90000000,2861013.94007000,0
1763996400000000,2.07500000,2.08460000,2.06970000,2.08150000,3078063.80000000,1763997299999999,6393404.48420000,34462,1306888.00000000,2714779.60248000,0
1763997300000000,2.08140000,2.08560000,2.06780000,2.07190000,1149394.60000000,1763998199999999,2387385.23358000,22045,466586.40000000,968794.38372000,0
1763998200000000,2.07190000,2.09260000,2.06890000,2.08890000,1547962.50000000,1763999099999999,3227465.48383000,16075,733036.20000000,1528108.64795000,0
1763999100000000,2.08890000,2.09730000,2.08550000,2.09080000,2231591.50000000,1763999999999999,4669621.51663000,16600,1179698.80000000,2468592.57582000,0
1764000000000000,2.09070000,2.10660000,2.08720000,2.09380000,3781044.50000000,1764000899999999,7933607.80401000,25951,2159710.30000000,4531066.25383000,0
1764000900000000,2.09390000,2.11090000,2.09390000,2.10500000,2593584.80000000,1764001799999999,5455447.81664000,23115,1203781.00000000,2532012.47140000,0
1764001800000000,2.10500000,2.11710000,2.10220000,2.11540000,2041539.60000000,1764002699999999,4307527.92192000,25383,1110459.00000000,2343562.97048000,0
1764002700000000,2.11530000,2.12130000,2.11250000,2.11810000,2175365.40000000,1764003599999999,4605588.75907000,22826,1062107.90000000,2248706.96597000,0
1764003600000000,2.11820000,2.13770000,2.11820000,2.13690000,4365270.60000000,1764004499999999,9298892.45587000,31433,1839203.30000000,3917809.70473000,0
1764004500000000,2.13690000,2.17000000,2.13440000,2.16780000,7254299.40000000,1764005399999999,15626329.28029000,55786,3826392.30000000,8243960.54449000,0
1764005400000000,2.16790000,2.19720000,2.16140000,2.19200000,6859021.20000000,1764006299999999,14985140.42367000,59151,3057106.80000000,6675738.23739000,0
1764006300000000,2.19190000,2.21050000,2.18400000,2.20630000,6199451.50000000,1764007199999999,13612804.02879000,50020,3139857.60000000,6894328.78203000,0
1764007200000000,2.20630000,2.21410000,2.18540000,2.19640000,6223727.80000000,1764008099999999,13685692.45215000,56616,2684317.00000000,5904972.49221000,0
1764008100000000,2.19640000,2.20990000,2.19450000,2.20380000,3008932.30000000,1764008999999999,6628508.83409000,32129,1052551.40000000,2318267.37329000,0
1764009000000000,2.20390000,2.22950000,2.20190000,2.21030000,5461718.60000000,1764009899999999,12115217.57784000,44727,2450150.80000000,5434339.39545000,0
1764009900000000,2.21020000,2.22520000,2.20600000,2.21840000,3244292.20000000,1764010799999999,7192592.50326000,29033,1238221.20000000,2745795.77615000,0
1764010800000000,2.21850000,2.22750000,2.21400000,2.22440000,3049328.40000000,1764011699999999,6773266.20416000,29426,1370153.90000000,3043418.75082000,0
1764011700000000,2.22430000,2.22630000,2.21770000,2.22040000,2413762.10000000,1764012599999999,5361869.11786000,19905,1030038.50000000,2288080.48227000,0
1764012600000000,2.22030000,2.23890000,2.22030000,2.23470000,2786054.60000000,1764013499999999,6214332.66263000,32641,1584942.40000000,3534736.86876000,0
1764013500000000,2.23460000,2.23820000,2.22480000,2.23500000,2529805.90000000,1764014399999999,5647498.44419000,24574,870944.60000000,1944786.16904000,0
1764014400000000,2.23500000,2.26780000,2.23140000,2.25890000,6074359.90000000,1764015299999999,13659963.08024000,51377,3404015.60000000,7655397.51321000,0
1764015300000000,2.25890000,2.28190000,2.25570000,2.27640000,4245532.50000000,1764016199999999,9627132.53606000,38615,2236863.80000000,5071829.30748000,0
1764016200000000,2.27650000,2.28680000,2.26030000,2.26900000,4397485.90000000,1764017099999999,9991250.62249000,37554,1931911.70000000,4387851.22985000,0
1764017100000000,2.26890000,2.27580000,2.24280000,2.24430000,5592085.70000000,1764017999999999,12644207.70395000,47280,2625738.60000000,5937927.49779000,0
1764018000000000,2.24420000,2.24790000,2.23250000,2.24460000,4952832.70000000,1764018899999999,11093915.91769000,44132,2604382.60000000,5833501.30821000,0
1764018900000000,2.24460000,2.25800000,2.23590000,2.24870000,1865861.50000000,1764019799999999,4192405.49724000,28212,921149.20000000,2069868.77835000,0
1764019800000000,2.24870000,2.25040000,2.23410000,2.23690000,2711782.20000000,1764020699999999,6080023.80977000,26333,1410307.30000000,3162415.29867000,0
1764020700000000,2.23690000,2.24630000,2.23500000,2.24160000,1850942.80000000,1764021599999999,4147263.15655000,19243,905707.70000000,2029231.41181000,0
1764021600000000,2.24150000,2.25840000,2.24110000,2.25520000,2319867.60000000,1764022499999999,5225665.38980000,20356,941394.70000000,2120280.14754000,0
1764022500000000,2.25510000,2.25650000,2.24580000,2.25170000,1847620.00000000,1764023399999999,4159295.96447000,13246,696888.50000000,1568609.82574000,0
1764023400000000,2.25180000,2.25770000,2.23540000,2.23790000,1646755.00000000,1764024299999999,3698851.77329000,15446,642503.20000000,1443828.93780000,0
1764024300000000,2.23800000,2.24170000,2.23400000,2.24060000,705770.00000000,1764025199999999,1580094.60134000,11900,328936.50000000,736404.37763000,0
1764025200000000,2.24050000,2.24820000,2.23670000,2.23980000,1633763.60000000,1764026099999999,3663183.58662000,16057,846936.60000000,1898717.80883000,0
1764026100000000,2.23970000,2.24100000,2.23380000,2.23560000,1235129.60000000,1764026999999999,2763591.21160000,13937,657349.50000000,1470684.78315000,0
1764027000000000,2.23550000,2.23600000,2.22620000,2.23070000,2705587.90000000,1764027899999999,6033200.78013000,14565,1001170.80000000,2232198.44176000,0
1764027900000000,2.23070000,2.23080000,2.22130000,2.22760000,2133363.80000000,1764028799999999,4747929.64694000,12078,733476.90000000,1632170.44670000,0
1764028800000000,2.22760000,2.24870000,2.22570000,2.23940000,2854295.90000000,1764029699999999,6387720.30416000,27581,1474734.30000000,3301180.53432000,0
1764029700000000,2.23940000,2.24660000,2.23410000,2.23700000,2396884.40000000,1764030599999999,5367004.52577000,23333,1162785.70000000,2603609.30532000,0
1764030600000000,2.23710000,2.25380000,2.23170000,2.24980000,1813188.80000000,1764031499999999,4073141.80131000,22861,1093308.50000000,2456442.71343000,0
1764031500000000,2.24990000,2.26520000,2.24710000,2.26010000,1730750.70000000,1764032399999999,3905838.30174000,19691,979261.70000000,2209666.07588000,0
1764032400000000,2.26010000,2.26090000,2.24760000,2.25660000,1329834.60000000,1764033299999999,2998605.48222000,16092,618593.80000000,1394918.81748000,0
1764033300000000,2.25670000,2.25860000,2.24590000,2.24750000,1447900.90000000,1764034199999999,3260419.99657000,14594,710972.50000000,1601226.55030000,0
1764034200000000,2.24740000,2.26290000,2.24550000,2.25730000,1707944.00000000,1764035099999999,3854441.92110000,17496,1166649.70000000,2632952.05510000,0
1764035100000000,2.25730000,2.25970000,2.24610000,2.24840000,913474.80000000,1764035999999999,2058014.98150000,12518,367034.40000000,826914.88942000,0
1764036000000000,2.24850000,2.25500000,2.24280000,2.24620000,1395414.00000000,1764036899999999,3138355.81336000,16982,663409.70000000,1492003.35198000,0
1764036900000000,2.24620000,2.25040000,2.23740000,2.23980000,981765.90000000,1764037799999999,2201834.97660000,12089,387212.40000000,868327.42302000,0
1764037800000000,2.23980000,2.24570000,2.23260000,2.24250000,1621666.20000000,1764038699999999,3627939.26154000,14218,741313.70000000,1658534.22227000,0
1764038700000000,2.24260000,2.25290000,2.24140000,2.25150000,869838.40000000,1764039599999999,1955419.47531000,10036,475666.70000000,1069147.60810000,0
1764039600000000,2.25150000,2.26000000,2.24810000,2.24870000,1349118.90000000,1764040499999999,3039542.67845000,10960,519450.20000000,1170603.18773000,0
1764040500000000,2.24870000,2.25530000,2.24530000,2.25350000,930739.10000000,1764041399999999,2095105.25645000,11422,428255.40000000,963825.66618000,0
1764041400000000,2.25350000,2.25350000,2.23820000,2.24120000,1092190.40000000,1764042299999999,2451831.77901000,10445,291109.40000000,653331.52513000,0
1764042300000000,2.24130000,2.24480000,2.23590000,2.24350000,981646.80000000,1764043199999999,2199701.86855000,10656,440576.20000000,987510.35184000,0
1764043200000000,2.24340000,2.25000000,2.23810000,2.24900000,1003204.80000000,1764044099999999,2249404.57675000,10168,506304.90000000,1135359.61696000,0
1764044100000000,2.24890000,2.24900000,2.23480000,2.23780000,1076476.20000000,1764044999999999,2412262.12656000,11048,516551.10000000,1157497.10371000,0
1764045000000000,2.23780000,2.24440000,2.23690000,2.23830000,1006175.50000000,1764045899999999,2254434.31284000,9443,445162.10000000,997269.94409000,0
1764045900000000,2.23820000,2.25080000,2.23770000,2.24740000,1221238.70000000,1764046799999999,2742248.57988000,10438,497066.10000000,1116269.56094000,0
1764046800000000,2.24740000,2.25090000,2.24020000,2.24380000,700456.60000000,1764047699999999,1572644.68666000,8888,335819.10000000,754053.69994000,0
1764047700000000,2.24370000,2.24980000,2.24040000,2.24210000,764511.50000000,1764048599999999,1716596.42105000,9542,493317.70000000,1107645.86227000,0
1764048600000000,2.24220000,2.25520000,2.24130000,2.25300000,1406776.60000000,1764049499999999,3167773.31063000,10340,492547.30000000,1108478.93233000,0
1764049500000000,2.25310000,2.25870000,2.25010000,2.25150000,954349.40000000,1764050399999999,2152116.12247000,8858,434832.90000000,980475.84308000,0
1764050400000000,2.25150000,2.25350000,2.24710000,2.24890000,558489.50000000,1764051299999999,1256925.02460000,9421,229553.30000000,516613.06375000,0
1764051300000000,2.24890000,2.25160000,2.24040000,2.24050000,733661.70000000,1764052199999999,1647038.40075000,9942,325025.60000000,729833.24763000,0
1764052200000000,2.24040000,2.24530000,2.23540000,2.23590000,1478141.20000000,1764053099999999,3309225.51614000,12222,757210.60000000,1695281.60781000,0
1764053100000000,2.23600000,2.23900000,2.23280000,2.23770000,657310.30000000,1764053999999999,1469978.98318000,7589,294835.50000000,659428.09739000,0
1764054000000000,2.23760000,2.24320000,2.23050000,2.24020000,756917.60000000,1764054899999999,1692419.19775000,10921,339404.30000000,759251.44347000,0
1764054900000000,2.24020000,2.24180000,2.22790000,2.23180000,881189.30000000,1764055799999999,1967782.33776000,13797,342621.70000000,765222.42884000,0
1764055800000000,2.23180000,2.23840000,2.23110000,2.23660000,607175.50000000,1764056699999999,1356560.06025000,10974,252572.90000000,564332.94258000,0
1764056700000000,2.23650000,2.23720000,2.21600000,2.21640000,2143842.60000000,1764057599999999,4766045.56212000,18215,720270.50000000,1601269.98782000,0
1764057600000000,2.21650000,2.22090000,2.20640000,2.20770000,2701803.90000000,1764058499999999,5979529.04266000,22891,1149187.00000000,2543591.88126000,0
1764058500000000,2.20780000,2.21790000,2.20610000,2.21390000,2448241.80000000,1764059399999999,5412994.25307000,21234,1181818.10000000,2612920.24913000,0
1764059400000000,2.21390000,2.21420000,2.19810000,2.20110000,3387128.10000000,1764060299999999,7458699.71715000,21525,1307519.50000000,2879120.69043000,0
1764060300000000,2.20110000,2.20280000,2.18700000,2.18980000,5127017.00000000,1764061199999999,11248545.69038000,23435,1551398.80000000,3403748.79257000,0
1764061200000000,2.18980000,2.19530000,2.18650000,2.19080000,2476124.10000000,1764062099999999,5424046.32806000,19823,1160775.30000000,2542516.97128000,0
1764062100000000,2.19080000,2.19420000,2.18550000,2.18670000,1455085.60000000,1764062999999999,3185778.13942000,14390,654734.50000000,1433393.28704000,0
1764063000000000,2.18680000,2.20710000,2.18550000,2.20560000,2311509.90000000,1764063899999999,5073756.56887000,18851,1153483.30000000,2532724.01836000,0
1764063900000000,2.20550000,2.20550000,2.19360000,2.19970000,1743036.00000000,1764064799999999,3835057.49317000,10559,756161.30000000,1663486.08592000,0
1764064800000000,2.19960000,2.20120000,2.19160000,2.19620000,986751.90000000,1764065699999999,2167091.78093000,9977,691880.50000000,1519709.80786000,0
1764065700000000,2.19620000,2.20160000,2.19010000,2.19930000,2226281.90000000,1764066599999999,4893172.19350000,20239,532021.20000000,1168814.64500000,0
1764066600000000,2.19940000,2.20630000,2.19720000,2.20320000,1181363.70000000,1764067499999999,2600626.51353000,12068,361815.10000000,796714.41294000,0
1764067500000000,2.20320000,2.21020000,2.20040000,2.20870000,1517423.10000000,1764068399999999,3347207.62995000,11453,717717.90000000,1582988.57558000,0
1764068400000000,2.20860000,2.21030000,2.19860000,2.20400000,1248033.40000000,1764069299999999,2751632.49008000,10104,594596.10000000,1310566.75143000,0
1764069300000000,2.20390000,2.20560000,2.19660000,2.19930000,618785.00000000,1764070199999999,1361650.39305000,7399,303192.80000000,667272.77786000,0
1764070200000000,2.19920000,2.20380000,2.19640000,2.20050000,875759.20000000,1764071099999999,1926825.28474000,7362,475005.70000000,1045127.97955000,0
1764071100000000,2.20050000,2.20100000,2.19310000,2.19600000,941550.10000000,1764071999999999,2068993.82901000,8452,570535.60000000,1253964.66041000,0
1764072000000000,2.19610000,2.21580000,2.19480000,2.21440000,1535615.30000000,1764072899999999,3388545.81620000,10422,1027657.70000000,2268702.39739000,0
1764072900000000,2.21440000,2.21580000,2.20310000,2.21000000,1572629.00000000,1764073799999999,3473075.73695000,15666,728275.10000000,1608432.70293000,0
1764073800000000,2.20990000,2.21460000,2.20190000,2.21090000,1361918.60000000,1764074699999999,3007000.99082000,12352,694203.90000000,1533098.92601000,0
1764074700000000,2.21080000,2.21970000,2.20860000,2.21890000,1591963.10000000,1764075599999999,3524173.20193000,13608,806529.90000000,1785460.32029000,0
1764075600000000,2.21880000,2.22550000,2.21510000,2.22510000,1384372.20000000,1764076499999999,3073008.69065000,14639,927255.70000000,2058436.00277000,0
1764076500000000,2.22520000,2.23070000,2.22350000,2.22480000,2149227.00000000,1764077399999999,4786584.73666000,18544,881117.60000000,1962436.84508000,0
1764077400000000,2.22490000,2.23570000,2.20660000,2.21100000,2837803.10000000,1764078299999999,6301875.61082000,31120,1324094.50000000,2942639.07090000,0
1764078300000000,2.21100000,2.21840000,2.20760000,2.21350000,1528006.90000000,1764079199999999,3380955.84333000,21489,586199.30000000,1297024.40430000,0
1764079200000000,2.21350000,2.21760000,2.20000000,2.20310000,1481738.30000000,1764080099999999,3273498.90302000,20565,553242.60000000,1222004.64557000,0
1764080100000000,2.20300000,2.21410000,2.20130000,2.21220000,964559.20000000,1764080999999999,2129287.52377000,14756,504553.70000000,1114062.05009000,0
1764081000000000,2.21210000,2.21720000,2.18920000,2.19080000,3011910.30000000,1764081899999999,6639229.69878000,42104,1311550.90000000,2891909.72004000,0
1764081900000000,2.19070000,2.19070000,2.17000000,2.17870000,6829769.20000000,1764082799999999,14876291.67805000,40789,2883386.00000000,6280881.44013000,0
1764082800000000,2.17880000,2.18420000,2.16150000,2.16960000,4938464.70000000,1764083699999999,10716171.93465000,35123,2104958.50000000,4570020.68746000,0
1764083700000000,2.16970000,2.17670000,2.15890000,2.17620000,1750635.10000000,1764084599999999,3793093.85499000,25677,928598.10000000,2012508.61622000,0
1764084600000000,2.17620000,2.19260000,2.17620000,2.19260000,2614462.00000000,1764085499999999,5714682.10681000,21287,1601095.40000000,3499407.61818000,0
1764085500000000,2.19260000,2.19690000,2.18400000,2.18840000,2149487.30000000,1764086399999999,4710365.83462000,20499,1023797.80000000,2243806.33072000,0
1764086400000000,2.18830000,2.19230000,2.17780000,2.18130000,1287778.50000000,1764087299999999,2813235.96551000,16411,511701.00000000,1117652.00538000,0
1764087300000000,2.18130000,2.20670000,2.17930000,2.20670000,1914291.60000000,1764088199999999,4210119.44872000,16027,1043773.10000000,2295203.88457000,0
1764088200000000,2.20670000,2.20990000,2.19780000,2.20110000,1480749.80000000,1764089099999999,3261613.14127000,14621,706422.60000000,1555946.89185000,0
1764089100000000,2.20110000,2.20110000,2.19230000,2.19320000,1527242.20000000,1764089999999999,3354074.52590000,13696,683031.70000000,1499837.93420000,0
1764090000000000,2.19310000,2.19950000,2.18050000,2.19780000,1825085.40000000,1764090899999999,3994821.06401000,21397,887708.10000000,1943845.90729000,0
1764090900000000,2.19780000,2.19790000,2.18620000,2.18980000,1162018.10000000,1764091799999999,2546110.20716000,15291,580773.30000000,1272179.48192000,0
1764091800000000,2.18970000,2.20840000,2.18680000,2.20280000,1668420.20000000,1764092699999999,3675365.69364000,15302,907737.60000000,1998910.77450000,0
1764092700000000,2.20280000,2.20430000,2.18890000,2.18980000,1352141.80000000,1764093599999999,2971994.55778000,10372,691779.90000000,1520807.48060000,0
1764093600000000,2.18980000,2.19990000,2.18680000,2.19750000,1079397.50000000,1764094499999999,2368390.48994000,11808,534229.80000000,1171943.61469000,0
1764094500000000,2.19750000,2.20400000,2.19250000,2.19590000,1067960.70000000,1764095399999999,2348178.66735000,10409,527078.00000000,1158849.56459000,0
1764095400000000,2.19590000,2.20190000,2.19050000,2.19210000,724495.80000000,1764096299999999,1589974.02006000,7458,316406.10000000,694539.63932000,0
1764096300000000,2.19210000,2.19420000,2.18000000,2.18290000,863396.40000000,1764097199999999,1888734.57973000,8129,263585.20000000,576702.83640000,0
1764097200000000,2.18300000,2.18630000,2.16390000,2.16900000,1794115.50000000,1764098099999999,3897915.14077000,16845,786966.60000000,1710016.93017000,0
1764098100000000,2.16890000,2.16950000,2.14830000,2.15120000,2939974.20000000,1764098999999999,6337867.83631000,19934,1319595.30000000,2844493.85534000,0
1764099000000000,2.15110000,2.16640000,2.14820000,2.16470000,2081316.50000000,1764099899999999,4489501.29721000,19863,1216286.40000000,2623808.60500000,0
1764099900000000,2.16470000,2.17380000,2.16060000,2.17220000,782651.90000000,1764100799999999,1696499.06136000,12695,415268.80000000,900221.99537000,0
1764100800000000,2.17230000,2.17720000,2.16550000,2.17410000,1477979.90000000,1764101699999999,3207829.06504000,15015,656813.10000000,1425775.09451000,0
1764101700000000,2.17420000,2.18790000,2.17370000,2.18630000,766500.50000000,1764102599999999,1670768.41538000,10072,404693.50000000,882365.48646000,0
1764102600000000,2.18630000,2.19700000,2.18630000,2.19610000,1691043.60000000,1764103499999999,3707016.27083000,14493,874003.50000000,1915555.97251000,0
1764103500000000,2.19620000,2.21500000,2.19340000,2.19670000,5619020.70000000,1764104399999999,12395309.92477000,30314,2817243.10000000,6211853.63984000,0
1764104400000000,2.19680000,2.20710000,2.19470000,2.20110000,2156623.30000000,1764105299999999,4748267.42597000,16602,1242265.70000000,2734783.19847000,0
1764105300000000,2.20120000,2.20960000,2.19730000,2.19770000,810876.80000000,1764106199999999,1785937.18186000,10306,435039.10000000,958037.14405000,0
1764106200000000,2.19760000,2.19860000,2.18830000,2.19300000,1060581.40000000,1764107099999999,2324798.61335000,10804,409894.10000000,898485.55509000,0
1764107100000000,2.19300000,2.19600000,2.18600000,2.18670000,458045.10000000,1764107999999999,1003603.21747000,8712,232120.50000000,508579.62763000,0
1764108000000000,2.18670000,2.18670000,2.16990000,2.17360000,1175054.10000000,1764108899999999,2559368.57917000,14378,374830.80000000,816285.72239000,0
1764108900000000,2.17350000,2.19490000,2.17210000,2.19290000,734506.90000000,1764109799999999,1606198.66313000,8867,388293.60000000,848930.25531000,0
1764109800000000,2.19290000,2.20680000,2.19000000,2.19740000,2209721.80000000,1764110699999999,4852727.08435000,12749,615107.00000000,1351665.92176000,0
1764110700000000,2.19740000,2.21050000,2.19360000,2.20870000,1022555.70000000,1764111599999999,2253376.00171000,10902,554920.60000000,1223402.29464000,0
1764111600000000,2.20870000,2.21750000,2.20040000,2.21630000,1560432.10000000,1764112499999999,3447556.62911000,17275,805022.10000000,1778289.45964000,0
1764112500000000,2.21630000,2.21650000,2.20440000,2.20450000,1006606.90000000,1764113399999999,2225087.28526000,13073,390709.10000000,863653.72664000,0
1764113400000000,2.20460000,2.20750000,2.20150000,2.20520000,618072.80000000,1764114299999999,1362283.81014000,6093,230632.30000000,508208.32645000,0
1764114300000000,2.20520000,2.20610000,2.19760000,2.20240000,683246.80000000,1764115199999999,1503619.36377000,5940,311062.90000000,684542.91733000,0
1764115200000000,2.20230000,2.20690000,2.19930000,2.20310000,702072.00000000,1764116099999999,1546847.05015000,9995,347962.60000000,766741.76413000,0
1764116100000000,2.20310000,2.20920000,2.19730000,2.19990000,795454.60000000,1764116999999999,1752963.91772000,10649,402020.70000000,886049.38402000,0
1764117000000000,2.19980000,2.20290000,2.19260000,2.19630000,823073.80000000,1764117899999999,1808224.01364000,8964,414647.40000000,910948.07173000,0
1764117900000000,2.19620000,2.20220000,2.19170000,2.19440000,780598.00000000,1764118799999999,1715016.89858000,8621,382861.80000000,841086.73798000,0
1764118800000000,2.19430000,2.19520000,2.18800000,2.19330000,485218.40000000,1764119699999999,1063758.04914000,8176,277642.50000000,608648.74420000,0
1764119700000000,2.19330000,2.20290000,2.19040000,2.20060000,633335.50000000,1764120599999999,1390238.22166000,9319,389869.90000000,855731.39492000,0
1764120600000000,2.20070000,2.21390000,2.19880000,2.20880000,1032942.30000000,1764121499999999,2278466.90360000,12395,662655.20000000,1461254.82420000,0
1764121500000000,2.20880000,2.21000000,2.20080000,2.20340000,718356.20000000,1764122399999999,1583460.04218000,7920,382400.80000000,842945.37749000,0
1764122400000000,2.20350000,2.20760000,2.20160000,2.20530000,632412.60000000,1764123299999999,1394192.93817000,8291,338034.70000000,745143.56171000,0
1764123300000000,2.20530000,2.20870000,2.19330000,2.19420000,461498.00000000,1764124199999999,1014953.89574000,6913,186199.20000000,409508.84200000,0
1764124200000000,2.19420000,2.19760000,2.19080000,2.19730000,780195.90000000,1764125099999999,1711127.28755000,6473,404601.10000000,887218.54209000,0
1764125100000000,2.19720000,2.19720000,2.19110000,2.19140000,454063.60000000,1764125999999999,996033.49577000,5118,124855.60000000,273862.93045000,0
1764126000000000,2.19140000,2.19350000,2.18730000,2.18950000,644643.40000000,1764126899999999,1411764.25078000,6234,291528.20000000,638401.82608000,0
1764126900000000,2.18960000,2.19520000,2.18850000,2.19360000,710848.70000000,1764127799999999,1558324.65953000,5664,380980.40000000,835283.94426000,0
1764127800000000,2.19360000,2.19360000,2.17700000,2.18070000,1267810.50000000,1764128699999999,2766521.35087000,12713,587992.80000000,1283208.00717000,0
1764128700000000,2.18070000,2.18080000,2.17350000,2.17680000,969163.40000000,1764129599999999,2110024.22551000,10186,471169.00000000,1025842.33404000,0
1764129600000000,2.17680000,2.17980000,2.17290000,2.17330000,1130376.70000000,1764130499999999,2458334.84116000,9703,555465.50000000,1207847.28152000,0
1764130500000000,2.17330000,2.17760000,2.17110000,2.17600000,833521.20000000,1764131399999999,1811933.79825000,8502,508976.60000000,1106400.62507000,0
1764131400000000,2.17610000,2.17880000,2.17280000,2.17480000,485918.80000000,1764132299999999,1057437.38458000,5382,231184.90000000,503098.96332000,0
1764132300000000,2.17470000,2.17770000,2.17320000,2.17670000,409897.40000000,1764133199999999,891699.06177000,4571,182162.80000000,396296.16907000,0
1764133200000000,2.17670000,2.18970000,2.17610000,2.18780000,682640.70000000,1764134099999999,1490797.15119000,6020,395587.90000000,863771.27354000,0
1764134100000000,2.18770000,2.19290000,2.18530000,2.18940000,567906.00000000,1764134999999999,1242806.28844000,7489,377901.30000000,827035.21566000,0
1764135000000000,2.18930000,2.19980000,2.18810000,2.19460000,694204.10000000,1764135899999999,1523339.92063000,7403,315785.80000000,692881.54918000,0
1764135900000000,2.19450000,2.19750000,2.19150000,2.19270000,462046.10000000,1764136799999999,1013461.78383000,6367,251038.20000000,550604.32217000,0
1764136800000000,2.19270000,2.19910000,2.18990000,2.19480000,376743.40000000,1764137699999999,826817.00559000,7645,188826.40000000,414490.09896000,0
1764137700000000,2.19470000,2.19500000,2.18530000,2.18840000,400040.60000000,1764138599999999,875372.09903000,5230,175089.40000000,383077.14838000,0
1764138600000000,2.18830000,2.19280000,2.18620000,2.19260000,392364.20000000,1764139499999999,859421.86273000,5044,186490.10000000,408443.96597000,0
1764139500000000,2.19260000,2.20430000,2.19120000,2.19930000,597928.20000000,1764140399999999,1315065.28455000,6148,217848.40000000,479094.08625000,0
1764140400000000,2.19930000,2.20140000,2.19540000,2.20070000,611191.10000000,1764141299999999,1343829.73247000,6966,327150.50000000,719347.56406000,0
1764141300000000,2.20060000,2.20300000,2.19870000,2.20240000,492426.50000000,1764142199999999,1083872.68067000,7405,223049.30000000,490961.01947000,0
1764142200000000,2.20250000,2.20250000,2.19610000,2.19820000,792033.10000000,1764143099999999,1741951.61140000,6218,338864.00000000,745162.09400000,0
1764143100000000,2.19820000,2.20660000,2.19680000,2.20540000,601767.60000000,1764143999999999,1325814.61458000,6484,253224.90000000,558003.49825000,0
1764144000000000,2.20550000,2.20700000,2.19860000,2.19930000,425214.20000000,1764144899999999,936855.33979000,7583,170497.30000000,375739.50716000,0
1764144900000000,2.19940000,2.20170000,2.19170000,2.19200000,563147.00000000,1764145799999999,1236494.64672000,5287,167279.70000000,367278.16973000,0
1764145800000000,2.19210000,2.19820000,2.18940000,2.19640000,643108.10000000,1764146699999999,1410615.51186000,7225,237216.40000000,520358.88264000,0
1764146700000000,2.19640000,2.19750000,2.18860000,2.18900000,581482.70000000,1764147599999999,1275240.16178000,6877,254581.20000000,558363.45977000,0
1764147600000000,2.18900000,2.19090000,2.18430000,2.18680000,788412.50000000,1764148499999999,1724692.23660000,8733,253731.10000000,555119.66330000,0
1764148500000000,2.18670000,2.18690000,2.17970000,2.18020000,833474.80000000,1764149399999999,1819377.52518000,7803,284214.90000000,620359.77038000,0
1764149400000000,2.18020000,2.18210000,2.17520000,2.17780000,1171894.00000000,1764150299999999,2552717.27677000,8748,389512.60000000,848488.85198000,0
1764150300000000,2.17780000,2.17960000,2.17310000,2.17860000,1954484.40000000,1764151199999999,4253576.52905000,10749,1175724.30000000,2559169.53702000,0
1764151200000000,2.17860000,2.18560000,2.17850000,2.18070000,1017843.20000000,1764152099999999,2221906.55735000,8442,557487.60000000,1216868.54101000,0
1764152100000000,2.18060000,2.18100000,2.17550000,2.18040000,597744.30000000,1764152999999999,1302091.68751000,6811,308299.60000000,671545.14763000,0
1764153000000000,2.18040000,2.18110000,2.16930000,2.17520000,1602429.70000000,1764153899999999,3484106.86213000,10715,708526.30000000,1540229.74239000,0
1764153900000000,2.17520000,2.17810000,2.17290000,2.17420000,581022.60000000,1764154799999999,1264311.14935000,6760,202768.60000000,441179.34470000,0
1764154800000000,2.17430000,2.17570000,2.17040000,2.17350000,912069.20000000,1764155699999999,1981601.21888000,8915,419015.10000000,910348.95759000,0
1764155700000000,2.17350000,2.17450000,2.16960000,2.17180000,634860.10000000,1764156599999999,1378676.17593000,7606,274193.70000000,595432.18910000,0
1764156600000000,2.17170000,2.17460000,2.16910000,2.17340000,674022.80000000,1764157499999999,1463404.29638000,8425,352124.00000000,764505.81351000,0
1764157500000000,2.17330000,2.17540000,2.16950000,2.17140000,548170.40000000,1764158399999999,1190401.89835000,7529,270024.50000000,586421.16989000,0
1764158400000000,2.17140000,2.17640000,2.15160000,2.15190000,2804183.70000000,1764159299999999,6063017.45644000,26092,1137797.20000000,2459589.20329000,0
1764159300000000,2.15200000,2.15710000,2.14600000,2.15400000,1573878.50000000,1764160199999999,3386112.36756000,15946,642741.50000000,1383116.68515000,0
1764160200000000,2.15390000,2.15400000,2.14810000,2.15010000,721709.90000000,1764161099999999,1552276.46888000,10413,363252.20000000,781310.34161000,0
1764161100000000,2.15000000,2.15520000,2.14840000,2.15160000,879261.70000000,1764161999999999,1891975.62666000,7957,438467.40000000,943528.96689000,0
1764162000000000,2.15150000,2.15480000,2.14470000,2.15150000,1455030.40000000,1764162899999999,3127871.70000000,12652,834587.60000000,1794247.47951000,0
1764162900000000,2.15140000,2.16110000,2.15040000,2.15730000,1347077.20000000,1764163799999999,2906372.18229000,11478,751885.50000000,1622120.59204000,0
1764163800000000,2.15730000,2.16760000,2.15070000,2.16240000,2157180.50000000,1764164699999999,4658426.15216000,15905,1090309.30000000,2353583.11625000,0
1764164700000000,2.16250000,2.16590000,2.15890000,2.16530000,1469435.10000000,1764165599999999,3178399.23552000,9597,942252.50000000,2038218.58215000,0
1764165600000000,2.16520000,2.17210000,2.15700000,2.17020000,1059935.00000000,1764166499999999,2293548.29783000,11043,489871.50000000,1060492.61043000,0
1764166500000000,2.17030000,2.17220000,2.16440000,2.16910000,1084151.50000000,1764167399999999,2351630.06561000,9480,519360.30000000,1126473.34774000,0
1764167400000000,2.16920000,2.17770000,2.16070000,2.16780000,1568913.90000000,1764168299999999,3402565.41898000,22000,731795.00000000,1587102.03539000,0
1764168300000000,2.16780000,2.18050000,2.14840000,2.15290000,2095204.60000000,1764169199999999,4536193.08834000,28005,1085775.00000000,2351389.09297000,0
1764169200000000,2.15290000,2.16870000,2.15070000,2.16120000,1437964.70000000,1764170099999999,3105744.61121000,21584,783053.40000000,1691057.30558000,0
1764170100000000,2.16120000,2.17710000,2.15450000,2.17520000,3531494.30000000,1764170999999999,7629432.04537000,23477,1751634.80000000,3783789.39123000,0
1764171000000000,2.17520000,2.17680000,2.16530000,2.16570000,1336090.30000000,1764171899999999,2900159.54196000,12736,733041.00000000,1591204.94032000,0
1764171900000000,2.16560000,2.17210000,2.15920000,2.17200000,4141273.70000000,1764172799999999,8974573.81466000,19732,2000404.90000000,4333542.92914000,0
1764172800000000,2.17210000,2.19000000,2.17120000,2.18870000,2652351.00000000,1764173699999999,5790477.86882000,20827,1325605.80000000,2893102.15436000,0
1764173700000000,2.18870000,2.19670000,2.18750000,2.18930000,1540798.60000000,1764174599999999,3376832.85096000,13253,702386.60000000,1539604.70925000,0
1764174600000000,2.18930000,2.20060000,2.18710000,2.18990000,2653599.00000000,1764175499999999,5820977.21320000,12363,1228443.40000000,2695532.56492000,0
1764175500000000,2.19000000,2.19330000,2.18270000,2.19050000,2181325.40000000,1764176399999999,4774044.04807000,13041,1070812.20000000,2343233.99155000,0
1764176400000000,2.19060000,2.19770000,2.19060000,2.19350000,790205.90000000,1764177299999999,1733710.24977000,11386,376589.00000000,826326.76178000,0
1764177300000000,2.19360000,2.21700000,2.19010000,2.21550000,2939824.70000000,1764178199999999,6482929.60153000,17476,1806377.40000000,3984244.08064000,0
1764178200000000,2.21540000,2.23050000,2.21230000,2.23050000,3814913.10000000,1764179099999999,8481304.97018000,29589,1649927.70000000,3668375.91981000,0
1764179100000000,2.23050000,2.24030000,2.22910000,2.23430000,3361021.20000000,1764179999999999,7513292.98662000,26514,1495340.40000000,3342492.13627000,0
1764180000000000,2.23430000,2.24800000,2.23330000,2.24280000,3171442.60000000,1764180899999999,7106484.60961000,29383,1624195.10000000,3639896.22482000,0
1764180900000000,2.24270000,2.25470000,2.24190000,2.24850000,2341541.50000000,1764181799999999,5264204.53475000,21790,1181900.40000000,2657335.73299000,0
1764181800000000,2.24840000,2.24840000,2.22510000,2.22590000,2018487.00000000,1764182699999999,4513404.23509000,19227,751901.60000000,1681069.20508000,0
1764182700000000,2.22600000,2.24250000,2.22430000,2.24230000,1578985.60000000,1764183599999999,3529856.20697000,14175,905918.50000000,2025859.11956000,0
1764183600000000,2.24230000,2.24300000,2.22700000,2.22920000,1388348.40000000,1764184499999999,3101657.09120000,17528,427501.10000000,955756.26654000,0
1764184500000000,2.22930000,2.23730000,2.22490000,2.23720000,1308714.70000000,1764185399999999,2922657.78134000,14013,523519.80000000,1169200.14266000,0
1764185400000000,2.23710000,2.24050000,2.23150000,2.23390000,1716572.90000000,1764186299999999,3839400.22440000,12087,817621.90000000,1829412.54869000,0
1764186300000000,2.23390000,2.23730000,2.23100000,2.23240000,596503.20000000,1764187199999999,1332623.91515000,7682,181678.10000000,405920.36036000,0
1764187200000000,2.23230000,2.23300000,2.21620000,2.22770000,1637246.00000000,1764188099999999,3637612.34017000,15301,511500.10000000,1136595.61581000,0
1764188100000000,2.22780000,2.22970000,2.21870000,2.22230000,947205.90000000,1764188999999999,2105861.60334000,10586,374051.10000000,831713.45903000,0
1764189000000000,2.22220000,2.22490000,2.21200000,2.21230000,1173070.00000000,1764189899999999,2602855.80997000,11697,459298.50000000,1019716.87182000,0
1764189900000000,2.21220000,2.22770000,2.21200000,2.22660000,1147168.30000000,1764190799999999,2547714.58393000,11263,546098.40000000,1212491.27007000,0
1764190800000000,2.22660000,2.23010000,2.22310000,2.22350000,736318.80000000,1764191699999999,1639784.53859000,11183,280988.20000000,625886.52072000,0
1764191700000000,2.22340000,2.23550000,2.21760000,2.23410000,1154018.20000000,1764192599999999,2571067.09420000,11347,658068.50000000,1466883.18714000,0
1764192600000000,2.23410000,2.23580000,2.22520000,2.22630000,678038.90000000,1764193499999999,1511490.35230000,9803,332495.10000000,741148.14293000,0
1764193500000000,2.22640000,2.23340000,2.22270000,2.22550000,611288.00000000,1764194399999999,1362110.82662000,7206,241469.00000000,538005.22871000,0
1764194400000000,2.22550000,2.23420000,2.22050000,2.22700000,756556.00000000,1764195299999999,1684342.12382000,9261,406510.30000000,904672.22095000,0
1764195300000000,2.22690000,2.23260000,2.22020000,2.22410000,800439.30000000,1764196199999999,1781946.45739000,8175,353818.80000000,787610.36860000,0
1764196200000000,2.22410000,2.22790000,2.22030000,2.22280000,676598.60000000,1764197099999999,1505210.13525000,5981,297486.20000000,661671.93149000,0
1764197100000000,2.22270000,2.22650000,2.22140000,2.22440000,372994.60000000,1764197999999999,829202.19899000,4439,152696.70000000,339412.99847000,0
1764198000000000,2.22430000,2.23190000,2.22230000,2.22910000,682033.20000000,1764198899999999,1519430.07133000,12774,308537.40000000,687655.01698000,0
1764198900000000,2.22900000,2.22900000,2.21990000,2.22000000,421661.70000000,1764199799999999,938034.74297000,8069,180819.50000000,402203.73888000,0
1764199800000000,2.21990000,2.22610000,2.21980000,2.22250000,385129.90000000,1764200699999999,856101.08922000,7108,158234.80000000,351769.51394000,0
1764200700000000,2.22240000,2.22600000,2.22210000,2.22330000,387942.50000000,1764201599999999,862910.64747000,5132,193433.20000000,430220.69751000,0
1764201600000000,2.22320000,2.22440000,2.21320000,2.21620000,876124.90000000,1764202499999999,1942381.17868000,10943,288540.10000000,639772.88938000,0
1764202500000000,2.21620000,2.22040000,2.21460000,2.21890000,473246.40000000,1764203399999999,1049742.65483000,7875,269397.10000000,597600.87524000,0
1764203400000000,2.21890000,2.22590000,2.21810000,2.22580000,482957.10000000,1764204299999999,1072962.88385000,6825,244218.50000000,542663.36466000,0
1764204300000000,2.22580000,2.23340000,2.22040000,2.22120000,977690.00000000,1764205199999999,2177959.12107000,11529,512087.10000000,1140812.35169000,0
1764205200000000,2.22120000,2.23010000,2.21800000,2.22090000,1080059.00000000,1764206099999999,2401788.74979000,15494,532881.20000000,1185211.03388000,0
1764206100000000,2.22100000,2.22460000,2.21670000,2.22040000,589064.80000000,1764206999999999,1307890.61278000,9585,262380.20000000,582546.19493000,0
1764207000000000,2.22030000,2.22220000,2.21640000,2.22120000,434914.40000000,1764207899999999,964908.01373000,8097,228075.30000000,505966.72192000,0
1764207900000000,2.22110000,2.23000000,2.21880000,2.22720000,766492.70000000,1764208799999999,1705787.49864000,10418,530366.50000000,1180415.73945000,0
1764208800000000,2.22710000,2.22800000,2.22100000,2.22260000,1004659.30000000,1764209699999999,2234163.67814000,8953,434387.50000000,965948.29027000,0
1764209700000000,2.22270000,2.23040000,2.21900000,2.23030000,1520799.10000000,1764210599999999,3381813.62188000,11661,882150.20000000,1961739.23871000,0
1764210600000000,2.23040000,2.23430000,2.22540000,2.23260000,1378553.90000000,1764211499999999,3074029.31944000,10222,631923.90000000,1409022.04117000,0
1764211500000000,2.23260000,2.23470000,2.21960000,2.21970000,1386505.80000000,1764212399999999,3088788.45720000,13070,686707.50000000,1529975.48673000,0
1764212400000000,2.21980000,2.22430000,2.21590000,2.21750000,886585.60000000,1764213299999999,1967770.73679000,7946,453808.10000000,1007356.06879000,0
1764213300000000,2.21760000,2.22140000,2.21400000,2.21420000,894970.00000000,1764214199999999,1985263.18324000,5643,438505.50000000,972570.42266000,0
1764214200000000,2.21420000,2.21420000,2.20700000,2.20990000,1555217.40000000,1764215099999999,3436309.67255000,11633,798326.80000000,1763781.40046000,0
1764215100000000,2.20990000,2.21320000,2.20740000,2.21020000,999285.40000000,1764215999999999,2208703.10663000,5534,586318.20000000,1295959.66412000,0
1764216000000000,2.21010000,2.22130000,2.20920000,2.22020000,822524.50000000,1764216899999999,1822803.21402000,7392,451990.20000000,1001956.59314000,0
1764216900000000,2.22020000,2.22100000,2.21490000,2.21520000,791657.30000000,1764217799999999,1755811.33866000,5223,405588.70000000,899560.57152000,0
1764217800000000,2.21510000,2.21630000,2.21160000,2.21160000,652554.70000000,1764218699999999,1444583.16693000,4450,420859.20000000,931662.31646000,0
1764218700000000,2.21160000,2.21440000,2.20970000,2.21340000,446277.20000000,1764219599999999,987150.41851000,3518,297974.60000000,659113.26278000,0
1764219600000000,2.21340000,2.21700000,2.21220000,2.21610000,782444.80000000,1764220499999999,1732766.15211000,4341,553050.80000000,1224692.27264000,0
1764220500000000,2.21610000,2.21920000,2.21010000,2.21550000,966520.60000000,1764221399999999,2140669.16282000,5813,570687.80000000,1263827.12167000,0
1764221400000000,2.21550000,2.21550000,2.20280000,2.20350000,1492254.50000000,1764222299999999,3294701.25813000,9032,593336.00000000,1309762.92181000,0
1764222300000000,2.20360000,2.20530000,2.19520000,2.20030000,2145755.70000000,1764223199999999,4723245.12818000,9510,1144863.10000000,2520795.74414000,0
1764223200000000,2.20040000,2.21110000,2.20030000,2.20960000,1299453.70000000,1764224099999999,2864379.63575000,6274,938867.90000000,2069463.88830000,0
1764224100000000,2.20970000,2.21340000,2.20630000,2.21160000,653161.70000000,1764224999999999,1443826.04946000,4767,402994.00000000,890800.83647000,0
1764225000000000,2.21170000,2.21570000,2.20850000,2.20860000,675235.90000000,1764225899999999,1493387.75183000,4302,349672.40000000,773549.42001000,0
1764225900000000,2.20870000,2.21200000,2.20730000,2.20960000,600137.10000000,1764226799999999,1326058.94884000,4327,350255.00000000,773874.76997000,0
1764226800000000,2.20960000,2.21080000,2.20740000,2.20950000,551426.70000000,1764227699999999,1218278.73603000,3699,271210.90000000,599163.61293000,0
1764227700000000,2.20940000,2.21420000,2.20820000,2.21200000,607445.00000000,1764228599999999,1343091.98234000,3500,341359.10000000,754708.20372000,0
1764228600000000,2.21200000,2.21210000,2.20270000,2.20430000,686895.40000000,1764229499999999,1515001.39027000,5513,375878.10000000,829036.72344000,0
1764229500000000,2.20430000,2.20760000,2.20300000,2.20470000,818672.20000000,1764230399999999,1805413.10447000,4065,421693.10000000,930026.90959000,0
1764230400000000,2.20470000,2.20520000,2.19350000,2.19360000,1081909.40000000,1764231299999999,2378867.51402000,5821,548715.10000000,1206769.74988000,0
1764231300000000,2.19360000,2.19820000,2.18920000,2.19690000,1068372.80000000,1764232199999999,2342518.70985000,7165,608782.10000000,1334517.72408000,0
1764232200000000,2.19680000,2.20040000,2.19480000,2.19630000,405036.00000000,1764233099999999,889894.81538000,6037,186299.30000000,409281.08302000,0
1764233100000000,2.19630000,2.20020000,2.19470000,2.19970000,555812.30000000,1764233999999999,1221225.34360000,4217,359439.40000000,789760.25375000,0
1764234000000000,2.19970000,2.20200000,2.19840000,2.19930000,632823.00000000,1764234899999999,1392479.69481000,3813,406646.00000000,894771.67587000,0
1764234900000000,2.19930000,2.20540000,2.19830000,2.19870000,830995.60000000,1764235799999999,1830323.04797000,5404,549890.90000000,1211125.70102000,0
1764235800000000,2.19870000,2.20950000,2.19870000,2.20570000,804857.90000000,1764236699999999,1774603.64893000,6077,470486.00000000,1037150.46565000,0
1764236700000000,2.20570000,2.20630000,2.19670000,2.19800000,918441.50000000,1764237599999999,2020486.61719000,6438,483800.50000000,1064348.27661000,0
1764237600000000,2.19810000,2.19840000,2.18900000,2.18990000,1072202.60000000,1764238499999999,2351218.59608000,7650,605954.00000000,1328511.38561000,0
1764238500000000,2.18980000,2.19530000,2.18980000,2.19200000,724092.00000000,1764239399999999,1587966.75072000,5128,415045.20000000,910121.56135000,0
1764239400000000,2.19200000,2.19200000,2.18450000,2.19030000,1159005.00000000,1764240299999999,2535090.15298000,7465,623345.90000000,1363429.28366000,0
1764240300000000,2.19030000,2.19050000,2.18690000,2.18920000,1111648.40000000,1764241199999999,2433619.92357000,4463,682689.00000000,1494611.02464000,0
1764241200000000,2.18920000,2.19050000,2.18680000,2.18950000,880826.30000000,1764242099999999,1928023.78289000,3804,493170.10000000,1079348.61480000,0
1764242100000000,2.18950000,2.19110000,2.18690000,2.18760000,792205.30000000,1764242999999999,1733922.15404000,3691,412261.80000000,902272.27238000,0
1764243000000000,2.18760000,2.19330000,2.18550000,2.19160000,723785.90000000,1764243899999999,1585129.96287000,3787,464157.00000000,1016504.73158000,0
1764243900000000,2.19150000,2.19250000,2.18880000,2.18960000,710429.00000000,1764244799999999,1555988.46153000,2668,387156.70000000,847956.13643000,0
1764244800000000,2.18950000,2.19180000,2.18740000,2.18950000,981559.60000000,1764245699999999,2149090.75529000,3610,563764.60000000,1234280.25531000,0
1764245700000000,2.18960000,2.19030000,2.18030000,2.18130000,977359.00000000,1764246599999999,2134533.20418000,5516,588339.10000000,1284969.53268000,0
1764246600000000,2.18120000,2.18480000,2.17620000,2.17810000,1285450.30000000,1764247499999999,2802958.09489000,6471,715759.00000000,1560659.59813000,0
1764247500000000,2.17810000,2.17970000,2.17320000,2.17510000,1463897.00000000,1764248399999999,3185871.29203000,6776,805604.20000000,1753009.30803000,0
1764248400000000,2.17500000,2.18170000,2.17450000,2.18170000,794764.00000000,1764249299999999,1731184.34078000,7118,447427.80000000,974565.64734000,0
1764249300000000,2.18180000,2.18340000,2.17540000,2.18050000,1115170.80000000,1764250199999999,2430794.64565000,11248,623474.40000000,1359033.58809000,0
1764250200000000,2.18050000,2.18360000,2.17270000,2.17880000,999561.50000000,1764251099999999,2177053.21490000,8287,539617.20000000,1175212.84217000,0
1764251100000000,2.17870000,2.18380000,2.17550000,2.18070000,803764.20000000,1764251999999999,1752631.36534000,7950,395506.40000000,862645.17419000,0
1764252000000000,2.18080000,2.18190000,2.17680000,2.18070000,518815.30000000,1764252899999999,1130533.33778000,6468,303714.80000000,661805.02758000,0
1764252900000000,2.18060000,2.18790000,2.17900000,2.18660000,735882.90000000,1764253799999999,1607053.83910000,6918,470348.50000000,1027280.37787000,0
1764253800000000,2.18650000,2.18860000,2.17960000,2.18120000,1592510.60000000,1764254699999999,3478845.51906000,7921,913774.70000000,1996480.43111000,0
1764254700000000,2.18110000,2.18440000,2.17910000,2.18340000,873197.50000000,1764255599999999,1905223.16961000,5094,542863.10000000,1184373.50863000,0
1764255600000000,2.18330000,2.18860000,2.18030000,2.18240000,901063.00000000,1764256499999999,1968243.99580000,7143,494478.50000000,1080268.19304000,0
1764256500000000,2.18240000,2.19830000,2.18230000,2.19800000,1183075.30000000,1764257399999999,2593523.49072000,11123,690066.40000000,1513019.49922000,0
1764257400000000,2.19800000,2.20030000,2.19480000,2.19660000,947676.60000000,1764258299999999,2082473.48741000,8245,445028.20000000,977980.13265000,0
1764258300000000,2.19670000,2.20340000,2.19580000,2.20280000,963790.60000000,1764259199999999,2120941.88971000,9688,490699.00000000,1079773.38881000,0
1764259200000000,2.20280000,2.21370000,2.19840000,2.21350000,1186346.60000000,1764260099999999,2615428.84783000,12876,637778.70000000,1406087.49093000,0
1764260100000000,2.21340000,2.21900000,2.20880000,2.21480000,1353781.40000000,1764260999999999,2996399.42291000,12972,642599.80000000,1422320.56689000,0
1764261000000000,2.21470000,2.21780000,2.21130000,2.21130000,1121507.90000000,1764261899999999,2483656.30118000,11553,461320.30000000,1021816.52990000,0
1764261900000000,2.21120000,2.21910000,2.20650000,2.21750000,896540.00000000,1764262799999999,1984419.10279000,10187,481793.00000000,1066318.86319000,0
1764262800000000,2.21740000,2.21760000,2.21070000,2.21230000,767027.70000000,1764263699999999,1698648.67385000,8214,373817.30000000,827935.08705000,0
1764263700000000,2.21220000,2.21530000,2.20600000,2.20710000,756619.50000000,1764264599999999,1672888.03605000,9055,282185.70000000,623957.16011000,0
1764264600000000,2.20700000,2.21000000,2.20240000,2.20500000,533786.60000000,1764265499999999,1177213.34820000,6573,227897.20000000,502661.61764000,0
1764265500000000,2.20510000,2.20970000,2.20200000,2.20790000,621354.70000000,1764266399999999,1370760.91814000,5136,301105.00000000,664461.29677000,0
1764266400000000,2.20790000,2.21130000,2.20600000,2.20920000,629094.90000000,1764267299999999,1389002.56835000,7579,267142.40000000,589733.04453000,0
1764267300000000,2.20920000,2.21480000,2.20730000,2.21330000,872327.80000000,1764268199999999,1929426.02722000,8078,382298.40000000,845519.75487000,0
1764268200000000,2.21320000,2.22940000,2.21240000,2.22730000,1171733.50000000,1764269099999999,2603684.08951000,10061,657136.50000000,1460267.35760000,0
1764269100000000,2.22720000,2.23100000,2.22520000,2.22930000,1077827.80000000,1764269999999999,2401614.77741000,11018,554461.90000000,1235591.14768000,0
1764270000000000,2.22930000,2.23090000,2.21950000,2.21950000,877578.00000000,1764270899999999,1952516.08625000,9575,331124.50000000,736732.67813000,0
1764270900000000,2.21950000,2.22380000,2.21580000,2.22200000,718063.80000000,1764271799999999,1594169.82219000,7034,231100.80000000,513126.37679000,0
1764271800000000,2.22210000,2.22560000,2.21790000,2.22450000,539022.90000000,1764272699999999,1197485.08943000,6232,162989.20000000,362025.15093000,0
1764272700000000,2.22440000,2.22550000,2.22090000,2.22390000,521251.70000000,1764273599999999,1159156.33462000,5851,248735.40000000,553132.86096000,0
1764273600000000,2.22380000,2.23320000,2.22300000,2.23170000,971203.00000000,1764274499999999,2165595.11260000,9418,485499.30000000,1082407.54157000,0
1764274500000000,2.23180000,2.23370000,2.22830000,2.22940000,666766.30000000,1764275399999999,1487121.00235000,7510,270381.20000000,603051.91888000,0
1764275400000000,2.22950000,2.23320000,2.22300000,2.22900000,496093.30000000,1764276299999999,1105646.98622000,7067,228453.60000000,509250.15894000,0
1764276300000000,2.22900000,2.23310000,2.22600000,2.22670000,496429.80000000,1764277199999999,1106840.22293000,5830,168799.50000000,376333.60027000,0
1764277200000000,2.22660000,2.22720000,2.21770000,2.22400000,866523.70000000,1764278099999999,1925201.29046000,7337,291423.70000000,647395.56632000,0
1764278100000000,2.22410000,2.22910000,2.22190000,2.22590000,368771.40000000,1764278999999999,821032.95595000,4696,186261.50000000,414726.89164000,0
1764279000000000,2.22590000,2.22640000,2.22050000,2.22290000,392567.30000000,1764279899999999,872748.55449000,4728,165988.50000000,369027.94051000,0
1764279900000000,2.22300000,2.22430000,2.21280000,2.21320000,652621.60000000,1764280799999999,1446437.21192000,6565,164144.80000000,363765.16490000,0
1764280800000000,2.21320000,2.21680000,2.21120000,2.21630000,699077.60000000,1764281699999999,1547137.93224000,5046,265058.00000000,586541.63667000,0
1764281700000000,2.21630000,2.21950000,2.21380000,2.21800000,299902.40000000,1764282599999999,664896.03454000,3771,97980.90000000,217225.01651000,0
1764282600000000,2.21800000,2.21900000,2.20400000,2.20600000,558267.20000000,1764283499999999,1234704.42512000,6998,181909.50000000,402293.64373000,0
1764283500000000,2.20600000,2.20960000,2.19790000,2.20540000,1192071.60000000,1764284399999999,2627760.69382000,13269,390376.60000000,860441.86635000,0
1764284400000000,2.20530000,2.20960000,2.20080000,2.20570000,943249.70000000,1764285299999999,2080346.26795000,9477,385299.50000000,849489.14806000,0
1764285300000000,2.20560000,2.21050000,2.20160000,2.20340000,592143.50000000,1764286199999999,1306469.66968000,6923,213531.80000000,471225.17909000,0
1764286200000000,2.20330000,2.20530000,2.19600000,2.20480000,569430.90000000,1764287099999999,1252650.28626000,7010,222889.70000000,490343.82483000,0
1764287100000000,2.20480000,2.20520000,2.19920000,2.19990000,372712.50000000,1764287999999999,820527.84824000,5668,168640.00000000,371232.45074000,0
1764288000000000,2.20000000,2.20410000,2.19500000,2.19560000,562812.50000000,1764288899999999,1237516.20257000,8062,174293.60000000,383275.16375000,0
1764288900000000,2.19570000,2.20130000,2.19250000,2.19770000,593701.30000000,1764289799999999,1303932.56219000,7516,318683.00000000,700052.77522000,0
1764289800000000,2.19760000,2.20440000,2.19640000,2.19680000,844332.50000000,1764290699999999,1857423.17811000,6558,398062.10000000,875639.01543000,0
1764290700000000,2.19680000,2.19850000,2.19120000,2.19210000,983178.40000000,1764291599999999,2157023.32688000,7438,432983.80000000,949993.52822000,0
1764291600000000,2.19220000,2.19330000,2.18310000,2.18430000,1301094.80000000,1764292499999999,2846580.12564000,8845,612426.70000000,1340149.07013000,0
1764292500000000,2.18420000,2.18800000,2.18170000,2.18540000,1263258.20000000,1764293399999999,2759531.75029000,8539,620333.00000000,1355031.37643000,0
1764293400000000,2.18540000,2.18900000,2.18010000,2.18410000,806123.40000000,1764294299999999,1761158.45762000,8169,458444.20000000,1001556.24402000,0
1764294300000000,2.18400000,2.18560000,2.16640000,2.17190000,2450502.20000000,1764295199999999,5326242.58871000,11788,1272309.40000000,2765332.26011000,0
1764295200000000,2.17190000,2.17680000,2.16800000,2.17650000,1000228.80000000,1764296099999999,2173277.77463000,10275,568771.40000000,1235812.59966000,0
1764296100000000,2.17660000,2.17950000,2.16740000,2.17020000,843801.30000000,1764296999999999,1833297.09198000,9217,421233.10000000,915255.60817000,0
1764297000000000,2.17020000,2.18010000,2.16950000,2.17930000,581699.00000000,1764297899999999,1265670.20001000,8535,309381.40000000,673198.91038000,0
1764297900000000,2.17930000,2.18730000,2.17660000,2.18510000,455233.60000000,1764298799999999,993929.21707000,6501,245042.80000000,535146.08666000,0
1764298800000000,2.18520000,2.18900000,2.18240000,2.18260000,1092469.80000000,1764299699999999,2387668.92969000,7366,389901.90000000,851877.21163000,0
1764299700000000,2.18270000,2.18470000,2.17930000,2.18290000,761468.60000000,1764300599999999,1661687.04381000,5067,420529.90000000,917655.97711000,0
1764300600000000,2.18300000,2.18500000,2.18060000,2.18180000,534059.40000000,1764301499999999,1165781.67874000,4592,308309.00000000,673028.80608000,0
1764301500000000,2.18180000,2.18770000,2.18160000,2.18560000,553667.60000000,1764302399999999,1209767.78220000,3512,309325.10000000,675793.42300000,0
1764302400000000,2.18560000,2.18960000,2.18120000,2.18960000,939047.40000000,1764303299999999,2052069.00126000,5820,565556.80000000,1235843.01259000,0
1764303300000000,2.18970000,2.19200000,2.18850000,2.19020000,625545.40000000,1764304199999999,1370210.61113000,3966,289762.40000000,634686.39554000,0
1764304200000000,2.19010000,2.19390000,2.18910000,2.19180000,799398.50000000,1764305099999999,1751678.99953000,4212,419047.70000000,918208.81919000,0
1764305100000000,2.19190000,2.19390000,2.19000000,2.19050000,433969.00000000,1764305999999999,951150.77539000,3195,212204.50000000,465056.37286000,0
1764306000000000,2.19050000,2.20050000,2.18850000,2.19850000,871211.30000000,1764306899999999,1912375.27535000,6298,427499.70000000,938555.89348000,0
1764306900000000,2.19840000,2.20020000,2.19550000,2.19760000,497107.20000000,1764307799999999,1092586.39360000,4401,209255.10000000,459872.00516000,0
1764307800000000,2.19750000,2.20710000,2.19720000,2.20700000,739314.50000000,1764308699999999,1628787.85429000,7064,387039.60000000,852844.57293000,0
1764308700000000,2.20700000,2.22220000,2.20640000,2.21420000,1307229.90000000,1764309599999999,2896395.56801000,15269,625388.60000000,1385495.96650000,0
1764309600000000,2.21420000,2.22000000,2.20990000,2.21120000,1023363.20000000,1764310499999999,2265810.38647000,12310,496631.90000000,1099655.33940000,0
1764310500000000,2.21120000,2.21450000,2.20320000,2.20480000,909748.50000000,1764311399999999,2008279.83012000,7596,435844.00000000,961886.97588000,0
1764311400000000,2.20480000,2.20800000,2.19590000,2.20480000,1129733.50000000,1764312299999999,2487329.65197000,6795,496489.20000000,1092906.14303000,0
1764312300000000,2.20480000,2.20610000,2.20040000,2.20070000,818629.50000000,1764313199999999,1803314.20984000,4663,410032.30000000,903149.19395000,0
1764313200000000,2.20070000,2.21130000,2.20060000,2.20870000,718772.70000000,1764314099999999,1586544.96181000,4315,457288.90000000,1009045.02547000,0
1764314100000000,2.20860000,2.21100000,2.20440000,2.20730000,755106.70000000,1764314999999999,1667088.21587000,4586,403981.80000000,891924.86249000,0
1764315000000000,2.20730000,2.20750000,2.19710000,2.19860000,720595.10000000,1764315899999999,1587034.66907000,5587,266243.10000000,586301.19483000,0
1764315900000000,2.19860000,2.20050000,2.19530000,2.19680000,1179120.10000000,1764316799999999,2591142.37734000,6131,429349.50000000,943541.91775000,0
1764316800000000,2.19690000,2.21080000,2.19680000,2.21000000,912236.60000000,1764317699999999,2009960.33413000,8486,535823.20000000,1180917.61130000,0
1764317700000000,2.21000000,2.21880000,2.20770000,2.21660000,1390189.10000000,1764318599999999,3078233.43174000,13452,847315.70000000,1876229.41854000,0
1764318600000000,2.21660000,2.22760000,2.21340000,2.21940000,1712760.40000000,1764319499999999,3805256.22701000,13386,883109.30000000,1961689.79805000,0
1764319500000000,2.21940000,2.24480000,2.21860000,2.24360000,3896249.50000000,1764320399999999,8710134.09431000,33220,1865345.40000000,4168881.63721000,0
1764320400000000,2.24360000,2.24960000,2.23470000,2.24440000,5041144.90000000,1764321299999999,11299672.32392000,25461,2945564.90000000,6601215.34957000,0
1764321300000000,2.24440000,2.24610000,2.23780000,2.23990000,1527207.50000000,1764322199999999,3422904.62692000,12465,719891.80000000,1613631.48691000,0
1764322200000000,2.24000000,2.24040000,2.22540000,2.22850000,3864529.10000000,1764323099999999,8620614.86083000,13556,1839469.10000000,4102461.73264000,0
1764323100000000,2.22840000,2.23650000,2.22820000,2.23270000,1304380.90000000,1764323999999999,2911102.10319000,8477,642044.80000000,1432924.76276000,0
1764324000000000,2.23270000,2.23270000,2.22500000,2.22680000,603742.60000000,1764324899999999,1344836.96184000,6031,273157.00000000,608409.46793000,0
1764324900000000,2.22670000,2.23070000,2.22430000,2.22590000,576683.90000000,1764325799999999,1284195.18393000,4238,256893.90000000,572041.18189000,0
1764325800000000,2.22590000,2.22810000,2.22050000,2.22110000,625386.80000000,1764326699999999,1390313.49536000,7272,275680.60000000,612881.33183000,0
1764326700000000,2.22120000,2.22820000,2.21920000,2.22480000,873413.10000000,1764327599999999,1942517.42483000,8417,390118.40000000,867434.38120000,0
1764327600000000,2.22490000,2.22530000,2.20300000,2.20320000,1331748.80000000,1764328499999999,2951051.76379000,13184,588425.00000000,1304069.57976000,0
1764328500000000,2.20330000,2.20430000,2.18500000,2.19510000,3874304.00000000,1764329399999999,8499923.36337000,34758,1665497.90000000,3652570.58740000,0
1764329400000000,2.19520000,2.19750000,2.18960000,2.19300000,885009.20000000,1764330299999999,1940697.79077000,10764,358126.90000000,785433.22207000,0
1764330300000000,2.19310000,2.19880000,2.19030000,2.19720000,780862.40000000,1764331199999999,1714014.35880000,9477,425641.50000000,934313.95220000,0
1764331200000000,2.19710000,2.20290000,2.19570000,2.19840000,1070763.80000000,1764332099999999,2354919.86636000,9818,668682.60000000,1470913.59997000,0
1764332100000000,2.19840000,2.20010000,2.19350000,2.19710000,631146.80000000,1764332999999999,1386729.06932000,8290,355698.00000000,781510.20936000,0
1764333000000000,2.19710000,2.20170000,2.19520000,2.19610000,637157.00000000,1764333899999999,1400822.10105000,8077,363825.60000000,799886.79719000,0
1764333900000000,2.19620000,2.20270000,2.19490000,2.19610000,998442.70000000,1764334799999999,2196106.60820000,7160,675022.40000000,1484811.08042000,0
1764334800000000,2.19610000,2.19790000,2.18930000,2.19260000,1121917.70000000,1764335699999999,2460589.51097000,9256,575676.60000000,1262439.76268000,0
1764335700000000,2.19260000,2.19810000,2.19110000,2.19710000,425609.60000000,1764336599999999,934182.84679000,5704,256208.50000000,562337.48445000,0
1764336600000000,2.19710000,2.21320000,2.19570000,2.20950000,1593012.20000000,1764337499999999,3513253.92039000,19709,956405.30000000,2109291.50126000,0
1764337500000000,2.20940000,2.23030000,2.20930000,2.22210000,2690152.70000000,1764338399999999,5973467.91403000,25167,1293206.50000000,2871690.86641000,0
1764338400000000,2.22210000,2.22570000,2.21210000,2.21610000,1361193.40000000,1764339299999999,3019645.02131000,19262,679676.30000000,1507778.17613000,0
1764339300000000,2.21620000,2.23270000,2.21530000,2.22770000,2612465.90000000,1764340199999999,5809643.08367000,18209,1291741.30000000,2873853.34826000,0
1764340200000000,2.22770000,2.23090000,2.20430000,2.20540000,3291645.90000000,1764341099999999,7297364.20194000,30434,1585661.10000000,3514408.70169000,0
1764341100000000,2.20530000,2.21580000,2.20050000,2.21490000,1883349.10000000,1764341999999999,4162318.77334000,19023,971413.60000000,2146838.46158000,0
1764342000000000,2.21480000,2.22590000,2.21360000,2.22590000,2761416.30000000,1764342899999999,6128041.41409000,15144,1262120.30000000,2800953.57102000,0
1764342900000000,2.22590000,2.27520000,2.22560000,2.26140000,8769677.00000000,1764343799999999,19753288.08463000,64285,3951629.00000000,8900173.10664000,0
1764343800000000,2.26140000,2.26940000,2.25000000,2.25990000,4014283.50000000,1764344699999999,9070883.66765000,39442,1792464.80000000,4049679.06403000,0
1764344700000000,2.25990000,2.26450000,2.24060000,2.24530000,3643166.10000000,1764345599999999,8218795.16697000,37068,1439813.80000000,3245540.39168000,0
1764345600000000,2.24540000,2.25170000,2.23140000,2.23170000,1992375.70000000,1764346499999999,4460266.75617000,29127,729139.20000000,1632289.11626000,0
1764346500000000,2.23180000,2.23250000,2.20260000,2.20640000,4359723.90000000,1764347399999999,9665338.34616000,35095,2221563.80000000,4923500.48053000,0
1764347400000000,2.20630000,2.21470000,2.20140000,2.20590000,1529262.10000000,1764348299999999,3378472.28698000,22618,673546.50000000,1488115.06721000,0
1764348300000000,2.20590000,2.21190000,2.19000000,2.19100000,3572772.60000000,1764349199999999,7852382.04195000,21556,1155836.30000000,2541915.35324000,0
1764349200000000,2.19110000,2.19590000,2.18360000,2.18540000,2004073.10000000,1764350099999999,4389805.34902000,16825,947151.40000000,2074970.20176000,0
1764350100000000,2.18530000,2.18950000,2.17590000,2.17800000,3756705.80000000,1764350999999999,8198999.74585000,25855,1905900.20000000,4160881.09881000,0
1764351000000000,2.17800000,2.18160000,2.16980000,2.17150000,2521923.40000000,1764351899999999,5482549.95709000,21818,1096805.20000000,2384889.40195000,0
1764351900000000,2.17160000,2.18170000,2.16630000,2.17550000,2478562.90000000,1764352799999999,5391187.14661000,19973,1535594.90000000,3340387.36337000,0
1764352800000000,2.17540000,2.17700000,2.15650000,2.17240000,3662856.80000000,1764353699999999,7923500.35971000,30287,2274407.30000000,4918929.27635000,0
1764353700000000,2.17240000,2.17410000,2.16340000,2.16720000,841565.80000000,1764354599999999,1825384.20926000,10911,511665.20000000,1109785.39201000,0
1764354600000000,2.16720000,2.17300000,2.16250000,2.17210000,932063.80000000,1764355499999999,2020006.41014000,11679,549052.70000000,1189922.09890000,0
1764355500000000,2.17210000,2.17960000,2.16800000,2.17210000,1426124.50000000,1764356399999999,3100998.49297000,12457,597123.80000000,1297778.39360000,0
1764356400000000,2.17220000,2.18500000,2.17160000,2.18440000,957339.40000000,1764357299999999,2084952.50165000,9973,479506.60000000,1044220.83092000,0
1764357300000000,2.18430000,2.18930000,2.17920000,2.18620000,1305553.00000000,1764358199999999,2851538.82436000,12021,660308.30000000,1442164.21907000,0
1764358200000000,2.18630000,2.19650000,2.18490000,2.19140000,1329528.60000000,1764359099999999,2914387.69574000,9970,771082.80000000,1691065.87943000,0
1764359100000000,2.19150000,2.19280000,2.18700000,2.18820000,1070828.20000000,1764359999999999,2345235.38246000,6621,613538.00000000,1343613.22720000,0
1764360000000000,2.18810000,2.18810000,2.17300000,2.17800000,1099873.60000000,1764360899999999,2395068.82614000,9442,580022.40000000,1262880.94996000,0
1764360900000000,2.17810000,2.19040000,2.17510000,2.18550000,1148470.70000000,1764361799999999,2510063.91633000,8224,540169.40000000,1180125.30833000,0
1764361800000000,2.18560000,2.18920000,2.18360000,2.18450000,427128.60000000,1764362699999999,933780.05751000,5175,303111.10000000,662660.21684000,0
1764362700000000,2.18450000,2.19200000,2.18250000,2.18850000,664033.00000000,1764363599999999,1452891.34928000,5238,430550.50000000,941967.39237000,0
1764363600000000,2.18860000,2.19150000,2.18270000,2.18480000,776045.60000000,1764364499999999,1697108.67846000,6532,225847.80000000,494028.03905000,0
1764364500000000,2.18480000,2.18480000,2.17560000,2.18080000,2082223.10000000,1764365399999999,4536704.22040000,7206,439275.10000000,957145.97277000,0
1764365400000000,2.18090000,2.19180000,2.18060000,2.19050000,642229.30000000,1764366299999999,1403672.45488000,4601,299823.40000000,655078.93961000,0
1764366300000000,2.19050000,2.19060000,2.18260000,2.18290000,544185.40000000,1764367199999999,1189681.07840000,5048,153679.60000000,335905.82222000,0
1764367200000000,2.18290000,2.18580000,2.17650000,2.18040000,692807.50000000,1764368099999999,1511425.50908000,7485,320402.70000000,698732.12556000,0
1764368100000000,2.18030000,2.18320000,2.17200000,2.17990000,1426047.90000000,1764368999999999,3106108.62411000,10509,540487.00000000,1177106.61261000,0
1764369000000000,2.17990000,2.18410000,2.17890000,2.18220000,754081.00000000,1764369899999999,1645092.81424000,5920,385390.30000000,840586.16112000,0
1764369900000000,2.18230000,2.19000000,2.18220000,2.18720000,558828.60000000,1764370799999999,1221901.58033000,5244,244562.60000000,534500.68513000,0
1764370800000000,2.18710000,2.19070000,2.18200000,2.18550000,434892.60000000,1764371699999999,950748.55186000,7701,210774.70000000,460712.45591000,0
1764371700000000,2.18540000,2.18570000,2.18180000,2.18340000,301196.10000000,1764372599999999,657775.61069000,4240,168439.00000000,367872.16023000,0
1764372600000000,2.18330000,2.18550000,2.18120000,2.18180000,437138.80000000,1764373499999999,954329.40995000,4744,277652.90000000,606132.13713000,0
1764373500000000,2.18180000,2.18270000,2.17840000,2.17950000,361655.10000000,1764374399999999,788464.59026000,3525,178479.10000000,389107.12393000,0
1764374400000000,2.17950000,2.18030000,2.17360000,2.17570000,484303.10000000,1764375299999999,1054379.81993000,5593,288857.30000000,628918.09133000,0
1764375300000000,2.17580000,2.18480000,2.17400000,2.18480000,663835.70000000,1764376199999999,1445923.95325000,5902,284686.30000000,620104.78704000,0
1764376200000000,2.18480000,2.18700000,2.17920000,2.18300000,280135.60000000,1764377099999999,611656.96003000,6136,156095.30000000,340754.61949000,0
1764377100000000,2.18290000,2.18390000,2.17880000,2.18110000,160055.00000000,1764377999999999,349043.48881000,4247,99051.90000000,216011.67053000,0
1764378000000000,2.18100000,2.18720000,2.18070000,2.18380000,422889.60000000,1764378899999999,923693.30305000,5716,256909.70000000,561073.14077000,0
1764378900000000,2.18380000,2.18650000,2.17920000,2.18010000,243928.50000000,1764379799999999,532296.01365000,5694,109090.40000000,238076.11656000,0
1764379800000000,2.18010000,2.18050000,2.17500000,2.17640000,274669.00000000,1764380699999999,598051.94216000,4326,130327.40000000,283679.31477000,0
1764380700000000,2.17650000,2.18000000,2.17540000,2.17800000,189750.30000000,1764381599999999,413258.29499000,3422,102380.30000000,222956.77312000,0
1764381600000000,2.17800000,2.18180000,2.17610000,2.18170000,214124.80000000,1764382499999999,466454.71893000,4173,120553.90000000,262613.79542000,0
1764382500000000,2.18170000,2.18380000,2.18060000,2.18090000,245645.00000000,1764383399999999,536077.51587000,4158,109259.80000000,238425.96588000,0
1764383400000000,2.18080000,2.18090000,2.17260000,2.17660000,503141.40000000,1764384299999999,1094490.46871000,6269,236341.60000000,514011.07400000,0
1764384300000000,2.17670000,2.18140000,2.17470000,2.18020000,228009.10000000,1764385199999999,496787.14517000,4111,79330.00000000,172797.85959000,0
1764385200000000,2.18020000,2.18260000,2.17940000,2.18220000,343872.40000000,1764386099999999,749997.42136000,3252,142054.50000000,309811.38747000,0
1764386100000000,2.18230000,2.18810000,2.18080000,2.18080000,482137.50000000,1764386999999999,1053290.54177000,4790,200057.80000000,437007.03414000,0
1764387000000000,2.18080000,2.18630000,2.17860000,2.18370000,369203.30000000,1764387899999999,805374.29661000,4484,106778.50000000,232863.43766000,0
1764387900000000,2.18360000,2.18670000,2.18270000,2.18590000,342282.20000000,1764388799999999,747700.08636000,2766,122524.00000000,267661.74061000,0
1764388800000000,2.18590000,2.18600000,2.18070000,2.18300000,176753.70000000,1764389699999999,386088.30734000,2896,45825.50000000,100090.48071000,0
1764389700000000,2.18300000,2.18510000,2.18000000,2.18370000,347078.40000000,1764390599999999,757884.37520000,3311,106325.60000000,232142.85425000,0
1764390600000000,2.18380000,2.18480000,2.18090000,2.18230000,320231.70000000,1764391499999999,699075.73566000,3535,141519.20000000,308915.29852000,0
1764391500000000,2.18230000,2.18980000,2.18230000,2.18870000,453567.20000000,1764392399999999,991495.95566000,3787,283108.90000000,618957.85848000,0
1764392400000000,2.18880000,2.18930000,2.18560000,2.18620000,230528.80000000,1764393299999999,504243.81358000,3341,69813.10000000,152702.60810000,0
1764393300000000,2.18610000,2.18970000,2.18410000,2.18530000,305905.70000000,1764394199999999,669185.80349000,3813,144009.40000000,315012.99349000,0
1764394200000000,2.18530000,2.18650000,2.18310000,2.18390000,252874.50000000,1764395099999999,552499.06048000,2727,102768.70000000,224510.59323000,0
1764395100000000,2.18390000,2.18450000,2.17890000,2.18140000,196682.50000000,1764395999999999,429072.85587000,2558,74846.00000000,163288.71668000,0
1764396000000000,2.18140000,2.18340000,2.17990000,2.18240000,263250.70000000,1764396899999999,574190.36962000,3295,99333.50000000,216641.08791000,0
1764396900000000,2.18250000,2.18280000,2.17200000,2.17440000,1317180.60000000,1764397799999999,2864733.56156000,9431,565235.00000000,1229091.60995000,0
1764397800000000,2.17440000,2.18130000,2.16660000,2.18080000,1301397.10000000,1764398699999999,2827166.30225000,9786,468482.30000000,1017511.38180000,0
1764398700000000,2.18080000,2.18870000,2.17970000,2.18380000,445847.30000000,1764399599999999,973411.54026000,6260,208253.00000000,454702.72593000,0
1764399600000000,2.18370000,2.18520000,2.17960000,2.18190000,295678.50000000,1764400499999999,645293.09143000,4030,109228.10000000,238347.67443000,0
1764400500000000,2.18190000,2.18500000,2.18110000,2.18500000,265824.80000000,1764401399999999,580316.38969000,3781,138778.20000000,302981.73457000,0
1764401400000000,2.18500000,2.18580000,2.18000000,2.18010000,333662.50000000,1764402299999999,728141.72812000,4802,140498.30000000,306550.64912000,0
1764402300000000,2.18000000,2.18130000,2.17380000,2.17970000,1062828.00000000,1764403199999999,2313659.53891000,5654,182152.40000000,396758.21698000,0
1764403200000000,2.17960000,2.18270000,2.17600000,2.17910000,346472.60000000,1764404099999999,754955.30273000,4219,154059.00000000,335731.76894000,0
1764404100000000,2.17910000,2.18160000,2.17660000,2.17690000,338250.00000000,1764404999999999,737214.15144000,4035,159304.00000000,347184.03318000,0
1764405000000000,2.17700000,2.18390000,2.17410000,2.18100000,345005.80000000,1764405899999999,751768.76942000,4792,131118.20000000,285543.16236000,0
1764405900000000,2.18110000,2.18240000,2.17850000,2.18130000,294365.60000000,1764406799999999,641869.47541000,2754,62293.70000000,135849.86216000,0
1764406800000000,2.18120000,2.18390000,2.17650000,2.17840000,309763.00000000,1764407699999999,675449.37049000,4109,118507.10000000,258303.46272000,0
1764407700000000,2.17840000,2.18000000,2.17620000,2.17830000,242366.70000000,1764408599999999,527940.09033000,4077,86724.20000000,188885.59072000,0
1764408600000000,2.17830000,2.18090000,2.17710000,2.18010000,239993.70000000,1764409499999999,522951.92209000,3327,63577.50000000,138563.23367000,0
1764409500000000,2.18020000,2.18480000,2.18020000,2.18410000,214210.00000000,1764410399999999,467501.04653000,2410,86877.70000000,189605.11627000,0
1764410400000000,2.18410000,2.18760000,2.18110000,2.18640000,359593.30000000,1764411299999999,785478.46679000,3617,82327.30000000,179848.81440000,0
1764411300000000,2.18640000,2.18750000,2.17860000,2.18450000,513175.00000000,1764412199999999,1120666.73279000,7807,224817.00000000,490965.88173000,0
1764412200000000,2.18440000,2.18660000,2.18250000,2.18290000,206079.10000000,1764413099999999,450133.24264000,3988,77453.30000000,169209.35320000,0
1764413100000000,2.18290000,2.18790000,2.18290000,2.18620000,205496.70000000,1764413999999999,449120.52692000,3348,110543.00000000,241598.94363000,0
1764414000000000,2.18620000,2.19290000,2.18370000,2.19250000,496069.80000000,1764414899999999,1085184.85476000,4700,268405.00000000,587139.07637000,0
1764414900000000,2.19240000,2.20310000,2.19140000,2.20210000,1214757.70000000,1764415799999999,2670071.61381000,12024,586973.20000000,1290484.82204000,0
1764415800000000,2.20210000,2.21470000,2.19790000,2.21240000,1771492.20000000,1764416699999999,3912106.79225000,15874,877292.30000000,1937618.22203000,0
1764416700000000,2.21230000,2.21300000,2.20300000,2.21120000,965548.30000000,1764417599999999,2131114.55933000,10244,429285.00000000,947322.50869000,0
1764417600000000,2.21130000,2.22310000,2.20610000,2.21050000,1198734.70000000,1764418499999999,2655596.47082000,14326,613343.50000000,1358783.08550000,0
1764418500000000,2.21050000,2.21500000,2.20410000,2.20660000,1047177.10000000,1764419399999999,2312809.38435000,12520,496176.40000000,1095832.48686000,0
1764419400000000,2.20660000,2.21900000,2.20410000,2.21700000,715230.40000000,1764420299999999,1581762.33176000,8447,306024.90000000,676852.69008000,0
1764420300000000,2.21710000,2.22020000,2.21110000,2.21360000,1388462.60000000,1764421199999999,3075894.29687000,8195,361448.20000000,800564.54722000,0
1764421200000000,2.21350000,2.21490000,2.20790000,2.20920000,825145.30000000,1764422099999999,1824499.28343000,8232,287392.20000000,635604.38224000,0
1764422100000000,2.20920000,2.20920000,2.20270000,2.20780000,2482559.70000000,1764422999999999,5474875.22277000,11203,462588.10000000,1020185.43522000,0
1764423000000000,2.20790000,2.20810000,2.19740000,2.20350000,1224175.50000000,1764423899999999,2695933.93659000,7388,413476.10000000,910579.49537000,0
1764423900000000,2.20360000,2.20490000,2.19940000,2.19980000,582379.10000000,1764424799999999,1282178.55749000,5255,146679.20000000,322922.97274000,0
1764424800000000,2.19990000,2.19990000,2.19390000,2.19670000,800519.00000000,1764425699999999,1758025.76661000,7244,266854.80000000,585886.77653000,0
1764425700000000,2.19670000,2.20660000,2.19220000,2.20630000,1166680.30000000,1764426599999999,2566282.37611000,7546,513243.30000000,1129291.77243000,0
1764426600000000,2.20640000,2.21150000,2.20000000,2.20140000,907787.00000000,1764427499999999,2001682.08531000,8711,330222.70000000,728317.00249000,0
1764427500000000,2.20130000,2.20420000,2.19790000,2.20320000,560709.30000000,1764428399999999,1234276.40546000,5743,236231.30000000,520126.94859000,0
1764428400000000,2.20310000,2.21580000,2.20200000,2.21470000,1012386.90000000,1764429299999999,2238248.68407000,10316,452594.40000000,1000596.22611000,0
1764429300000000,2.21470000,2.22120000,2.21250000,2.21370000,1635696.00000000,1764430199999999,3626164.94863000,15673,851670.50000000,1887915.79537000,0
1764430200000000,2.21370000,2.21840000,2.21140000,2.21280000,702222.30000000,1764431099999999,1554821.70502000,7319,282492.20000000,625319.58859000,0
1764431100000000,2.21280000,2.22100000,2.21230000,2.21860000,1010090.80000000,1764431999999999,2240383.03799000,6955,544818.00000000,1208243.83948000,0
1764432000000000,2.21870000,2.22040000,2.21460000,2.21650000,694961.50000000,1764432899999999,1540963.90432000,7492,320526.00000000,710653.49172000,0
1764432900000000,2.21640000,2.21970000,2.20570000,2.20950000,1855847.90000000,1764433799999999,4106630.36875000,10195,698145.90000000,1544529.30321000,0
1764433800000000,2.20940000,2.21670000,2.20850000,2.21180000,692440.70000000,1764434699999999,1531570.00604000,6386,351327.10000000,777169.19902000,0
1764434700000000,2.21180000,2.22170000,2.21080000,2.21650000,822252.20000000,1764435599999999,1822410.99548000,7816,426801.20000000,946100.44635000,0
1764435600000000,2.21650000,2.21840000,2.21290000,2.21520000,472679.00000000,1764436499999999,1047224.32645000,7628,205235.60000000,454735.05257000,0
1764436500000000,2.21510000,2.21900000,2.21200000,2.21200000,542714.30000000,1764437399999999,1202240.31028000,6821,145892.70000000,323180.72125000,0
1764437400000000,2.21200000,2.21240000,2.20160000,2.20640000,1106928.30000000,1764438299999999,2441672.15128000,10187,478677.30000000,1055831.28216000,0
1764438300000000,2.20640000,2.20850000,2.19730000,2.19830000,963184.70000000,1764439199999999,2118726.03467000,8586,289433.80000000,636601.41041000,0
1764439200000000,2.19830000,2.20260000,2.18980000,2.19720000,1011571.00000000,1764440099999999,2222895.88224000,11326,453285.00000000,996383.10878000,0
1764440100000000,2.19720000,2.20140000,2.19130000,2.19310000,1140967.60000000,1764440999999999,2505004.68033000,12867,480009.10000000,1054064.99340000,0
1764441000000000,2.19310000,2.20370000,2.19020000,2.20230000,717135.60000000,1764441899999999,1575824.82458000,10206,358641.40000000,787947.73239000,0
1764441900000000,2.20240000,2.20450000,2.19780000,2.20070000,881357.80000000,1764442799999999,1939356.45973000,7607,353102.40000000,776944.17253000,0
1764442800000000,2.20070000,2.21270000,2.19850000,2.20780000,1215743.40000000,1764443699999999,2681109.46120000,10921,756179.00000000,1667483.89131000,0
1764443700000000,2.20780000,2.20830000,2.20400000,2.20520000,250099.40000000,1764444599999999,551755.32702000,4094,103235.30000000,227723.30349000,0
1764444600000000,2.20520000,2.20740000,2.19560000,2.19560000,345178.40000000,1764445499999999,759256.77943000,4624,126432.80000000,278136.56387000,0
1764445500000000,2.19550000,2.19710000,2.19120000,2.19400000,439221.00000000,1764446399999999,963482.19915000,4497,147047.20000000,322537.01847000,0
1764446400000000,2.19400000,2.19510000,2.18790000,2.18840000,414105.90000000,1764447299999999,907234.18203000,7141,147429.70000000,323054.26501000,0
1764447300000000,2.18850000,2.19360000,2.18720000,2.19320000,251049.80000000,1764448199999999,550132.71383000,5969,129209.10000000,283145.27896000,0
1764448200000000,2.19320000,2.19620000,2.19220000,2.19620000,267757.60000000,1764449099999999,587569.52625000,4700,143753.50000000,315488.97530000,0
1764449100000000,2.19610000,2.20990000,2.19520000,2.20910000,637810.40000000,1764449999999999,1405755.12152000,8496,351191.70000000,774136.57834000,0
1764450000000000,2.20900000,2.21000000,2.20380000,2.20470000,339434.20000000,1764450899999999,749211.24957000,5647,91959.70000000,202940.77972000,0
1764450900000000,2.20470000,2.21490000,2.20440000,2.21020000,454617.60000000,1764451799999999,1004519.88582000,5100,253026.00000000,559207.11677000,0
1764451800000000,2.21020000,2.21220000,2.20650000,2.20720000,940272.70000000,1764452699999999,2076949.99466000,6720,288575.70000000,637310.34471000,0
1764452700000000,2.20720000,2.21040000,2.20640000,2.20650000,192683.00000000,1764453599999999,425550.21108000,4176,72574.70000000,160299.90536000,0
1764453600000000,2.20650000,2.20670000,2.19830000,2.19880000,268210.80000000,1764454499999999,590935.64679000,3945,83997.60000000,185027.35092000,0
1764454500000000,2.19880000,2.20430000,2.19840000,2.20150000,381086.50000000,1764455399999999,838530.67269000,4634,134380.00000000,295729.41605000,0
1764455400000000,2.20140000,2.20830000,2.19970000,2.20830000,285841.70000000,1764456299999999,629768.77166000,4190,164108.70000000,361604.62566000,0
1764456300000000,2.20820000,2.20910000,2.20050000,2.20210000,217048.20000000,1764457199999999,478493.26899000,4268,57326.00000000,126404.71274000,0
1764457200000000,2.20210000,2.20350000,2.19680000,2.19900000,349699.00000000,1764458099999999,769363.68892000,6097,118417.50000000,260547.72181000,0
1764458100000000,2.19900000,2.20600000,2.19840000,2.20110000,218949.60000000,1764458999999999,482237.69292000,3394,94756.80000000,208686.37816000,0
1764459000000000,2.20110000,2.20280000,2.20040000,2.20110000,152238.30000000,1764459899999999,335201.88933000,2667,67464.50000000,148535.76380000,0
1764459900000000,2.20110000,2.20470000,2.19960000,2.20090000,163826.00000000,1764460799999999,360703.26615000,3505,53942.20000000,118750.45505000,0
1764460800000000,2.20100000,2.20520000,2.19930000,2.20460000,755551.20000000,1764461699999999,1664393.44306000,5860,499582.90000000,1100635.56827000,0
1764461700000000,2.20460000,2.20460000,2.20110000,2.20180000,225202.90000000,1764462599999999,495983.35352000,3254,111299.00000000,245054.06093000,0
1764462600000000,2.20180000,2.20310000,2.19790000,2.20130000,169442.70000000,1764463499999999,372817.14877000,3034,61159.90000000,134562.02037000,0
1764463500000000,2.20120000,2.20140000,2.19910000,2.19990000,199454.90000000,1764464399999999,438851.56625000,2504,81906.80000000,180237.49557000,0
1764464400000000,2.20000000,2.20840000,2.19850000,2.20590000,404139.50000000,1764465299999999,891185.53958000,5067,138974.20000000,306364.49322000,0
1764465300000000,2.20600000,2.20910000,2.20200000,2.20360000,227990.40000000,1764466199999999,502848.42179000,3850,125094.10000000,275887.16774000,0
1764466200000000,2.20350000,2.21050000,2.20310000,2.20730000,207801.30000000,1764467099999999,458829.88572000,4570,127511.30000000,281581.30184000,0
1764467100000000,2.20730000,2.20870000,2.20550000,2.20580000,101171.70000000,1764467999999999,223236.35750000,2426,43570.70000000,96149.48562000,0
1764468000000000,2.20590000,2.21260000,2.20560000,2.21110000,320948.80000000,1764468899999999,709684.01806000,4223,156177.30000000,345310.12255000,0
1764468900000000,2.21120000,2.21150000,2.20200000,2.20320000,179972.70000000,1764469799999999,396910.94601000,3325,75223.40000000,165875.52695000,0
1764469800000000,2.20320000,2.20400000,2.19860000,2.19970000,305118.30000000,1764470699999999,671473.86155000,3195,93485.70000000,205734.95794000,0
1764470700000000,2.19970000,2.20180000,2.19640000,2.19840000,292225.30000000,1764471599999999,642506.10577000,3734,109508.00000000,240712.50072000,0
1764471600000000,2.19840000,2.19940000,2.19310000,2.19380000,576230.80000000,1764472499999999,1265540.41684000,5263,174308.20000000,382872.40034000,0
1764472500000000,2.19370000,2.19910000,2.18820000,2.19790000,1237226.70000000,1764473399999999,2713142.99573000,8614,330713.50000000,725290.53040000,0
1764473400000000,2.19780000,2.21090000,2.19740000,2.20900000,659259.10000000,1764474299999999,1453051.78693000,6222,334180.90000000,736813.49142000,0
1764474300000000,2.20890000,2.20930000,2.20410000,2.20640000,431118.90000000,1764475199999999,951316.08169000,4854,131369.60000000,289906.11067000,0
1764475200000000,2.20650000,2.20930000,2.20510000,2.20560000,346852.00000000,1764476099999999,765576.69415000,3855,136215.80000000,300638.23902000,0
1764476100000000,2.20560000,2.20620000,2.19910000,2.19920000,288278.60000000,1764476999999999,635043.04673000,3417,115347.80000000,254017.07532000,0
1764477000000000,2.19910000,2.20040000,2.19750000,2.19870000,270502.20000000,1764477899999999,594872.69446000,3005,96108.20000000,211352.48366000,0
1764477900000000,2.19880000,2.20000000,2.19780000,2.19940000,130143.10000000,1764478799999999,286183.91004000,2157,59704.90000000,131283.89736000,0
1764478800000000,2.19940000,2.19940000,2.19620000,2.19720000,209771.40000000,1764479699999999,460954.50950000,3312,99999.60000000,219733.47221000,0
1764479700000000,2.19720000,2.19850000,2.19150000,2.19240000,503693.00000000,1764480599999999,1104935.35258000,6121,216913.90000000,475898.58936000,0
1764480600000000,2.19250000,2.19620000,2.19250000,2.19480000,164112.90000000,1764481499999999,360183.35200000,3133,84311.50000000,185034.56944000,0
1764481500000000,2.19470000,2.19720000,2.19410000,2.19540000,147622.80000000,1764482399999999,324133.44655000,2582,77699.40000000,170601.15124000,0
1764482400000000,2.19550000,2.19780000,2.19140000,2.19340000,195187.50000000,1764483299999999,428275.24968000,2973,136760.40000000,300052.35695000,0
1764483300000000,2.19340000,2.19690000,2.19150000,2.19690000,223550.10000000,1764484199999999,490324.22814000,3205,100473.50000000,220410.17556000,0
1764484200000000,2.19690000,2.20000000,2.19650000,2.19840000,279092.90000000,1764485099999999,613673.51307000,3645,176609.20000000,388334.64702000,0
1764485100000000,2.19840000,2.19850000,2.19460000,2.19470000,189893.10000000,1764485999999999,417019.76609000,2778,77035.50000000,169172.41972000,0
1764486000000000,2.19460000,2.19650000,2.19220000,2.19640000,178983.70000000,1764486899999999,392680.36642000,2946,117838.40000000,258550.47166000,0
1764486900000000,2.19640000,2.19890000,2.19480000,2.19850000,123919.80000000,1764487799999999,272230.41314000,2404,76541.70000000,168141.92815000,0
1764487800000000,2.19850000,2.20120000,2.19680000,2.19680000,194375.70000000,1764488699999999,427481.82302000,2976,124252.50000000,273261.73303000,0
1764488700000000,2.19680000,2.20150000,2.19670000,2.19940000,172026.30000000,1764489599999999,378363.00351000,3157,122500.00000000,269412.47331000,0
1764489600000000,2.19930000,2.19930000,2.19470000,2.19620000,256600.40000000,1764490499999999,563668.64630000,3785,135652.80000000,297949.85793000,0
1764490500000000,2.19620000,2.20990000,2.19440000,2.20100000,509519.70000000,1764491399999999,1122971.48179000,7814,258928.60000000,570607.26268000,0
1764491400000000,2.20110000,2.20250000,2.19160000,2.19500000,832272.40000000,1764492299999999,1826707.87235000,9505,464807.60000000,1019935.14772000,0
1764492300000000,2.19500000,2.19660000,2.19060000,2.19170000,433163.50000000,1764493199999999,950017.23819000,4334,271384.40000000,595176.21391000,0
1764493200000000,2.19170000,2.19830000,2.18920000,2.19440000,983920.50000000,1764494099999999,2157079.03278000,6919,607675.40000000,1332180.15085000,0
1764494100000000,2.19440000,2.19780000,2.19160000,2.19310000,673836.40000000,1764494999999999,1478648.89537000,6615,361218.20000000,792700.47503000,0
1764495000000000,2.19310000,2.19530000,2.19060000,2.19510000,438860.70000000,1764495899999999,962290.20958000,4610,191240.90000000,419364.86018000,0
1764495900000000,2.19500000,2.19700000,2.19180000,2.19660000,380678.10000000,1764496799999999,835365.78721000,4073,209968.80000000,460725.70765000,0
1764496800000000,2.19660000,2.19700000,2.19120000,2.19280000,382910.70000000,1764497699999999,839907.71600000,3947,189552.10000000,415758.83679000,0
1764497700000000,2.19280000,2.19550000,2.19180000,2.19540000,314874.60000000,1764498599999999,690691.70520000,3536,163102.70000000,357788.55592000,0
1764498600000000,2.19540000,2.19590000,2.18870000,2.18980000,577163.90000000,1764499499999999,1265086.48850000,4231,182589.20000000,400207.91388000,0
1764499500000000,2.18970000,2.19240000,2.18810000,2.18990000,651862.70000000,1764500399999999,1427498.48704000,4380,331972.20000000,727043.52326000,0
1764500400000000,2.18990000,2.19280000,2.18820000,2.18960000,502132.80000000,1764501299999999,1099732.36455000,4325,340638.00000000,746010.87356000,0
1764501300000000,2.18970000,2.19140000,2.18710000,2.18840000,510107.60000000,1764502199999999,1116559.15916000,3839,281573.50000000,616349.44444000,0
1764502200000000,2.18840000,2.18880000,2.18240000,2.18580000,1004509.50000000,1764503099999999,2194800.69204000,6673,628360.40000000,1372885.58199000,0
1764503100000000,2.18570000,2.18920000,2.18400000,2.18810000,303806.10000000,1764503999999999,664220.18339000,3790,203535.00000000,444995.72931000,0
1764504000000000,2.18810000,2.19100000,2.18460000,2.19080000,461020.40000000,1764504899999999,1008647.15665000,4820,201539.70000000,440940.68396000,0
1764504900000000,2.19070000,2.19410000,2.19020000,2.19150000,231004.70000000,1764505799999999,506376.23732000,2753,116796.70000000,256015.28999000,0
1764505800000000,2.19160000,2.19940000,2.19080000,2.19840000,429639.80000000,1764506699999999,943149.79950000,4512,278712.30000000,611981.69381000,0
1764506700000000,2.19840000,2.20210000,2.19470000,2.19710000,554801.10000000,1764507599999999,1219071.29675000,6188,249302.50000000,547979.24758000,0
1764507600000000,2.19710000,2.19810000,2.19370000,2.19370000,429821.80000000,1764508499999999,943830.04439000,3867,250685.00000000,550496.65375000,0
1764508500000000,2.19370000,2.20640000,2.19370000,2.20350000,1300855.80000000,1764509399999999,2863748.35090000,10922,666316.40000000,1466635.68237000,0
1764509400000000,2.20350000,2.20790000,2.20030000,2.20370000,1143330.90000000,1764510299999999,2520964.12895000,10409,610966.30000000,1347137.88065000,0
1764510300000000,2.20360000,2.20570000,2.20050000,2.20540000,391762.70000000,1764511199999999,863071.38859000,4555,201102.00000000,443055.89395000,0
1764511200000000,2.20530000,2.20580000,2.19870000,2.20320000,453768.20000000,1764512099999999,999011.73317000,4384,265373.40000000,584272.68419000,0
1764512100000000,2.20330000,2.20350000,2.19870000,2.19910000,313302.20000000,1764512999999999,689337.84933000,3622,118331.80000000,260365.10770000,0
1764513000000000,2.19910000,2.19960000,2.18950000,2.19070000,1149361.20000000,1764513899999999,2520405.31117000,6462,433241.10000000,949903.82839000,0
1764513900000000,2.19080000,2.19410000,2.18940000,2.19410000,573658.50000000,1764514799999999,1257141.58645000,5105,304040.90000000,666348.62686000,0
1764514800000000,2.19410000,2.19410000,2.18600000,2.18840000,1129851.80000000,1764515699999999,2472865.70269000,6829,513587.40000000,1123993.58008000,0
1764515700000000,2.18840000,2.19580000,2.18690000,2.19390000,686919.90000000,1764516599999999,1505838.21009000,4979,358341.40000000,785344.56437000,0
1764516600000000,2.19400000,2.19400000,2.18750000,2.19040000,710320.60000000,1764517499999999,1555440.38488000,5056,330343.50000000,723269.31039000,0
1764517500000000,2.19040000,2.19760000,2.18910000,2.19660000,510564.40000000,1764518399999999,1120025.41652000,4760,282772.80000000,620302.05643000,0
1764518400000000,2.19660000,2.20020000,2.19580000,2.19930000,389989.00000000,1764519299999999,857581.58836000,4151,171763.70000000,377738.28709000,0
1764519300000000,2.19940000,2.20710000,2.19760000,2.20630000,605112.30000000,1764520199999999,1333569.70926000,5503,358690.80000000,790485.17427000,0
1764520200000000,2.20640000,2.20690000,2.20320000,2.20500000,500201.10000000,1764521099999999,1103088.94522000,3931,220258.20000000,485740.42994000,0
1764521100000000,2.20500000,2.21500000,2.20370000,2.20990000,653198.40000000,1764521999999999,1443879.97302000,5272,306863.60000000,678291.37071000,0
1764522000000000,2.20980000,2.21040000,2.19740000,2.19860000,870832.20000000,1764522899999999,1918033.26096000,7138,329091.10000000,724767.64632000,0
1764522900000000,2.19860000,2.20120000,2.19690000,2.19820000,399665.20000000,1764523799999999,878786.18277000,5611,232569.50000000,511422.63993000,0
1764523800000000,2.19830000,2.20710000,2.19770000,2.20450000,271572.10000000,1764524699999999,598207.83090000,5904,112684.00000000,248125.11289000,0
1764524700000000,2.20460000,2.20600000,2.19940000,2.20160000,216648.10000000,1764525599999999,477173.40228000,3784,118220.00000000,260385.80933000,0
1764525600000000,2.20150000,2.20270000,2.19640000,2.19800000,267504.50000000,1764526499999999,588223.43233000,5099,112940.00000000,248314.20537000,0
1764526500000000,2.19810000,2.20170000,2.19550000,2.20090000,213650.10000000,1764527399999999,469651.07818000,4508,113558.80000000,249637.65669000,0
1764527400000000,2.20090000,2.20500000,2.19900000,2.20150000,217627.20000000,1764528299999999,479351.41127000,3590,98346.90000000,216646.78784000,0
1764528300000000,2.20140000,2.20670000,2.20040000,2.20350000,238359.40000000,1764529199999999,525461.58229000,3291,113582.70000000,250389.05365000,0
1764529200000000,2.20340000,2.20690000,2.20210000,2.20230000,251663.40000000,1764530099999999,554676.69093000,3687,133152.50000000,293477.35358000,0
1764530100000000,2.20220000,2.20320000,2.19850000,2.19980000,156557.30000000,1764530999999999,344425.12505000,2827,76167.10000000,167562.24913000,0
1764531000000000,2.19980000,2.20290000,2.19680000,2.20050000,309767.50000000,1764531899999999,681610.99106000,3215,154616.70000000,340177.65041000,0
1764531900000000,2.20040000,2.20170000,2.19800000,2.19950000,151055.80000000,1764532799999999,332234.91289000,2224,65814.50000000,144751.51037000,0
1764532800000000,2.19950000,2.20350000,2.19790000,2.20180000,226781.00000000,1764533699999999,499276.62557000,2895,101651.10000000,223753.94683000,0
1764533700000000,2.20190000,2.20240000,2.19300000,2.19390000,320004.30000000,1764534599999999,702804.47296000,3800,167865.20000000,368624.85851000,0
1764534600000000,2.19380000,2.19430000,2.18870000,2.19110000,677876.70000000,1764535499999999,1485472.50111000,4754,291996.50000000,639988.41447000,0
1764535500000000,2.19100000,2.19720000,2.19050000,2.19640000,339139.90000000,1764536399999999,744062.96688000,3857,188538.90000000,413564.61513000,0
1764536400000000,2.19630000,2.19630000,2.18800000,2.19170000,532452.30000000,1764537299999999,1166604.04190000,4777,256969.70000000,563058.25056000,0
1764537300000000,2.19180000,2.19290000,2.17860000,2.18950000,1898352.40000000,1764538199999999,4144083.83452000,10407,868809.60000000,1896668.71156000,0
1764538200000000,2.18960000,2.19130000,2.18610000,2.18680000,478198.80000000,1764539099999999,1046562.44142000,5186,172822.60000000,378329.38377000,0
1764539100000000,2.18680000,2.18960000,2.18570000,2.18690000,321110.10000000,1764539999999999,702287.60167000,4646,180084.40000000,393844.62855000,0
1764540000000000,2.18690000,2.19610000,2.18600000,2.19480000,423624.10000000,1764540899999999,928290.06759000,4416,239181.70000000,524065.99012000,0
1764540900000000,2.19470000,2.19690000,2.19130000,2.19180000,371293.00000000,1764541799999999,814548.78834000,4727,182880.00000000,401224.67973000,0
1764541800000000,2.19170000,2.19190000,2.18630000,2.18840000,519252.30000000,1764542699999999,1136600.99480000,5590,248644.70000000,544235.05643000,0
1764542700000000,2.18850000,2.19430000,2.18630000,2.19240000,266418.20000000,1764543599999999,583416.55771000,4925,149684.50000000,327793.43351000,0
1764543600000000,2.19240000,2.19350000,2.17710000,2.17830000,2552955.20000000,1764544499999999,5569059.42021000,15658,747036.00000000,1630528.98507000,0
1764544500000000,2.17840000,2.17860000,2.16850000,2.17020000,4518161.70000000,1764545399999999,9823375.11322000,16838,1155934.70000000,2513605.68406000,0
1764545400000000,2.17020000,2.17250000,2.16300000,2.16730000,1568042.10000000,1764546299999999,3396974.98789000,12981,991051.70000000,2146949.73588000,0
1764546300000000,2.16720000,2.17250000,2.15240000,2.15500000,2618759.30000000,1764547199999999,5660332.18592000,15790,1033470.60000000,2236273.38302000,0
