1764547200000000,2.15490000,2.16090000,2.11000000,2.11510000,9184800.10000000,1764548099999999,19561932.00204000,102487,4057531.50000000,8636229.30888000,0
1764548100000000,2.11500000,2.11810000,2.09480000,2.09570000,5559171.90000000,1764548999999999,11720168.89094000,63740,2779423.10000000,5861851.80156000,0
1764549000000000,2.09570000,2.10280000,2.07360000,2.08350000,10930625.30000000,1764549899999999,22803950.15665000,80213,6957805.80000000,14516911.22083000,0
1764549900000000,2.08350000,2.08610000,2.05750000,2.05760000,4667155.00000000,1764550799999999,9665075.53041000,52829,2152488.10000000,4456715.61041000,0
1764550800000000,2.05760000,2.09290000,2.05700000,2.07940000,3051890.30000000,1764551699999999,6338352.57939000,47632,1722257.20000000,3577323.66480000,0
1764551700000000,2.07930000,2.09040000,2.07430000,2.07510000,1646769.80000000,1764552599999999,3432354.70922000,25284,879872.80000000,1834091.89636000,0
1764552600000000,2.07510000,2.08760000,2.07400000,2.08250000,1002592.40000000,1764553499999999,2087052.39184000,17541,600961.30000000,1250944.08771000,0
1764553500000000,2.08240000,2.08520000,2.07680000,2.07840000,993059.00000000,1764554399999999,2065515.04041000,12770,517345.90000000,1076222.89813000,0
1764554400000000,2.07830000,2.08790000,2.07500000,2.08180000,1347079.00000000,1764555299999999,2801825.59958000,18112,686712.70000000,1428822.12484000,0
1764555300000000,2.08180000,2.08410000,2.07210000,2.07280000,831126.00000000,1764556199999999,1727546.99837000,10056,228437.20000000,475096.66886000,0
1764556200000000,2.07270000,2.07650000,2.06390000,2.06910000,2092720.10000000,1764557099999999,4331178.56778000,18813,989498.80000000,2048259.31699000,0
1764557100000000,2.06900000,2.06960000,2.05640000,2.06370000,1969985.10000000,1764557999999999,4060240.26819000,14314,788962.30000000,1626265.19432000,0
1764558000000000,2.06370000,2.06530000,2.05200000,2.05630000,2265877.20000000,1764558899999999,4661361.02772000,19028,953685.10000000,1962254.98965000,0
1764558900000000,2.05630000,2.05980000,2.04960000,2.05190000,1732657.00000000,1764559799999999,3558372.76788000,15318,802510.60000000,1648505.40153000,0
1764559800000000,2.05190000,2.05380000,2.04170000,2.05360000,2015849.70000000,1764560699999999,4130686.16550000,17859,962409.70000000,1972023.87756000,0
1764560700000000,2.05360000,2.05560000,2.04450000,2.04990000,1902072.00000000,1764561599999999,3898611.21260000,13140,946531.00000000,1940155.30131000,0
1764561600000000,2.04990000,2.05370000,2.03770000,2.03770000,1989778.90000000,1764562499999999,4068533.93771000,17905,902276.00000000,1845034.71421000,0
1764562500000000,2.03770000,2.04570000,2.03360000,2.03500000,1916979.70000000,1764563399999999,3907240.28248000,18516,881675.40000000,1797292.92630000,0
1764563400000000,2.03500000,2.03760000,2.02860000,2.03530000,2226042.50000000,1764564299999999,4527024.31556000,20927,1221543.00000000,2484832.02664000,0
1764564300000000,2.03540000,2.03850000,2.02850000,2.02980000,1268869.70000000,1764565199999999,2581306.37708000,15058,513586.50000000,1044501.21809000,0
1764565200000000,2.02980000,2.03690000,2.02550000,2.02730000,1513786.90000000,1764566099999999,3073403.67089000,16274,634868.10000000,1289115.24590000,0
1764566100000000,2.02720000,2.03280000,2.02000000,2.03210000,1627588.50000000,1764566999999999,3294047.40539000,14254,814940.40000000,1649744.81844000,0
1764567000000000,2.03210000,2.03250000,2.01680000,2.02000000,1385725.50000000,1764567899999999,2803863.55945000,13092,762419.70000000,1542880.22731000,0
1764567900000000,2.01990000,2.03110000,2.01960000,2.02820000,1382270.20000000,1764568799999999,2802097.15384000,11246,938125.30000000,1901612.52351000,0
1764568800000000,2.02820000,2.03840000,2.02780000,2.03660000,1807411.10000000,1764569699999999,3678909.98193000,12780,1279662.00000000,2604598.79827000,0
1764569700000000,2.03650000,2.03650000,2.02800000,2.03370000,1546477.70000000,1764570599999999,3141768.23119000,9861,897648.30000000,1823614.94921000,0
1764570600000000,2.03370000,2.04570000,2.03190000,2.04470000,1735078.60000000,1764571499999999,3539255.70786000,9859,1159500.40000000,2364709.81931000,0
1764571500000000,2.04480000,2.04960000,2.04080000,2.04740000,2615734.80000000,1764572399999999,5353182.08854000,11078,1697347.00000000,3473794.70951000,0
1764572400000000,2.04740000,2.04880000,2.03750000,2.04050000,1090617.10000000,1764573299999999,2228459.97864000,10173,661234.90000000,1351204.95678000,0
1764573300000000,2.04050000,2.04370000,2.03300000,2.04280000,1278770.90000000,1764574199999999,2607122.95305000,8765,747524.10000000,1523882.30163000,0
1764574200000000,2.04270000,2.05390000,2.04020000,2.05110000,1567135.40000000,1764575099999999,3209109.57591000,10744,812575.90000000,1663907.52278000,0
1764575100000000,2.05110000,2.05890000,2.05100000,2.05680000,1877681.50000000,1764575999999999,3859719.01535000,14518,914198.00000000,1878916.48253000,0
1764576000000000,2.05670000,2.05950000,2.05190000,2.05220000,1408800.30000000,1764576899999999,2896960.49771000,10200,699033.80000000,1437573.55692000,0
1764576900000000,2.05230000,2.05900000,2.04910000,2.05270000,1702276.00000000,1764577799999999,3496314.23527000,8476,869053.20000000,1785132.66786000,0
1764577800000000,2.05280000,2.05610000,2.04780000,2.05510000,973557.60000000,1764578699999999,1998008.83614000,8546,526592.00000000,1080783.08984000,0
1764578700000000,2.05510000,2.05860000,2.05370000,2.05710000,638175.70000000,1764579599999999,1312206.28813000,8184,293645.60000000,603755.39775000,0
1764579600000000,2.05700000,2.06060000,2.04780000,2.04830000,1110517.00000000,1764580499999999,2281277.03303000,13125,573323.20000000,1177925.79777000,0
1764580500000000,2.04830000,2.05150000,2.04330000,2.04610000,825764.90000000,1764581399999999,1690764.25530000,9283,335351.90000000,686521.91478000,0
1764581400000000,2.04610000,2.05430000,2.04530000,2.05360000,548260.50000000,1764582299999999,1123119.72171000,7750,330001.60000000,675985.79274000,0
1764582300000000,2.05360000,2.05380000,2.04580000,2.04620000,739821.40000000,1764583199999999,1516250.05571000,7598,379863.80000000,778664.26402000,0
1764583200000000,2.04620000,2.04850000,2.03790000,2.03860000,930959.70000000,1764584099999999,1902429.60620000,8593,367177.60000000,750336.89092000,0
1764584100000000,2.03870000,2.04220000,2.03760000,2.04090000,695990.90000000,1764584999999999,1419776.70904000,5995,300473.20000000,612899.00288000,0
1764585000000000,2.04090000,2.04430000,2.03960000,2.04070000,590781.50000000,1764585899999999,1206324.14576000,5681,277160.90000000,565926.20578000,0
1764585900000000,2.04080000,2.04420000,2.03970000,2.04220000,346884.40000000,1764586799999999,708465.30777000,5052,149274.10000000,304871.15614000,0
1764586800000000,2.04220000,2.04610000,2.03660000,2.03900000,834681.20000000,1764587699999999,1702684.68338000,7563,169652.10000000,346201.86727000,0
1764587700000000,2.03900000,2.04640000,2.03750000,2.04320000,553397.80000000,1764588599999999,1129452.75021000,6674,207733.10000000,424006.33399000,0
1764588600000000,2.04320000,2.04350000,2.03900000,2.03980000,514876.20000000,1764589499999999,1050705.38450000,7290,212936.50000000,434494.13484000,0
1764589500000000,2.03980000,2.04590000,2.03160000,2.03400000,1189476.20000000,1764590399999999,2424378.78244000,10423,450290.10000000,917690.25550000,0
1764590400000000,2.03400000,2.03620000,2.02710000,2.03180000,1409428.00000000,1764591299999999,2861500.04985000,15381,607975.60000000,1234231.49604000,0
1764591300000000,2.03170000,2.03280000,2.02470000,2.02620000,1013719.80000000,1764592199999999,2056585.19697000,11767,426230.70000000,864769.27278000,0
1764592200000000,2.02610000,2.02950000,2.01850000,2.01910000,2234222.20000000,1764593099999999,4521253.08637000,13983,944707.10000000,1912880.21485000,0
1764593100000000,2.01920000,2.03380000,2.00210000,2.02790000,4107281.10000000,1764593999999999,8282577.07632000,38787,1978209.10000000,3988019.69754000,0
1764594000000000,2.02790000,2.03690000,2.01700000,2.02390000,1788291.70000000,1764594899999999,3624285.67797000,26690,862532.10000000,1748030.04403000,0
1764594900000000,2.02400000,2.02700000,2.01770000,2.02010000,936679.20000000,1764595799999999,1893425.75931000,12865,389976.00000000,788440.28304000,0
1764595800000000,2.02010000,2.02140000,2.01320000,2.01600000,1230139.60000000,1764596699999999,2481133.10360000,15759,383164.70000000,772776.90200000,0
1764596700000000,2.01600000,2.02380000,2.00930000,2.02020000,1103161.80000000,1764597599999999,2223692.76041000,15396,451114.70000000,909593.01971000,0
1764597600000000,2.02030000,2.02500000,2.01420000,2.02170000,1106478.80000000,1764598499999999,2235280.88980000,17347,516212.70000000,1042958.66994000,0
1764598500000000,2.02180000,2.03080000,2.01590000,2.03050000,1064196.50000000,1764599399999999,2153964.35737000,11642,458124.80000000,927166.84400000,0
1764599400000000,2.03050000,2.04920000,2.02430000,2.03190000,3340492.90000000,1764600299999999,6804485.51980000,41855,1741183.20000000,3546647.56872000,0
1764600300000000,2.03190000,2.03960000,2.02640000,2.03140000,1500822.90000000,1764601199999999,3050809.26211000,23901,524192.70000000,1065673.51950000,0
1764601200000000,2.03150000,2.03550000,2.01560000,2.01620000,1248808.50000000,1764602099999999,2529754.68544000,18260,458055.60000000,928227.26759000,0
1764602100000000,2.01620000,2.02480000,2.00610000,2.00720000,1775669.20000000,1764602999999999,3577472.04647000,28101,674705.20000000,1359845.05292000,0
1764603000000000,2.00720000,2.00750000,1.98610000,1.98740000,6092951.10000000,1764603899999999,12157911.40060000,59683,2503974.20000000,4995511.84915000,0
1764603900000000,1.98750000,2.02050000,1.98350000,2.00730000,3468975.40000000,1764604799999999,6943172.34918000,42006,1981261.60000000,3967181.07786000,0
1764604800000000,2.00730000,2.00980000,1.98880000,1.99300000,1994645.00000000,1764605699999999,3984544.74210000,25958,847142.60000000,1692518.45121000,0
1764605700000000,1.99290000,1.99940000,1.98720000,1.99490000,2023588.80000000,1764606599999999,4032262.44261000,24913,791593.30000000,1577597.87181000,0
1764606600000000,1.99500000,2.00690000,1.98760000,1.99650000,1501608.80000000,1764607499999999,3000599.03131000,27730,769611.50000000,1537504.78397000,0
1764607500000000,1.99640000,2.00080000,1.98660000,1.99110000,1009885.10000000,1764608399999999,2012568.59658000,15607,553987.90000000,1104043.37812000,0
1764608400000000,1.99110000,2.00440000,1.99040000,1.99300000,1458366.60000000,1764609299999999,2911525.03593000,20378,587982.50000000,1173984.24125000,0
1764609300000000,1.99300000,2.00390000,1.98870000,2.00100000,911792.10000000,1764610199999999,1818171.88646000,13588,421500.60000000,840512.89724000,0
1764610200000000,2.00100000,2.00200000,1.98800000,2.00150000,1069808.50000000,1764611099999999,2134369.92209000,14396,603115.20000000,1203228.18384000,0
1764611100000000,2.00150000,2.00450000,1.99440000,1.99510000,1049696.60000000,1764611999999999,2098835.33687000,12452,495791.90000000,991184.42066000,0
1764612000000000,1.99510000,2.00990000,1.99420000,2.00840000,617024.90000000,1764612899999999,1235014.04330000,11213,399743.40000000,800116.97532000,0
1764612900000000,2.00840000,2.01270000,2.00210000,2.00560000,955465.90000000,1764613799999999,1917820.85512000,11192,502874.20000000,1009315.96453000,0
1764613800000000,2.00570000,2.00630000,1.99630000,1.99810000,498438.40000000,1764614699999999,997147.78946000,9096,216663.40000000,433448.83926000,0
1764614700000000,1.99810000,2.00890000,1.99400000,2.00460000,1060288.50000000,1764615599999999,2121108.94361000,15446,576413.40000000,1153346.71864000,0
1764615600000000,2.00450000,2.00520000,1.99480000,2.00150000,565130.50000000,1764616499999999,1130232.29789000,11784,312819.10000000,625551.98525000,0
1764616500000000,2.00160000,2.00300000,1.99020000,1.99060000,913626.30000000,1764617399999999,1822249.07973000,10631,300015.70000000,599266.74298000,0
1764617400000000,1.99060000,2.00010000,1.98700000,1.99060000,559553.80000000,1764618299999999,1115308.42223000,10175,287323.00000000,572758.09662000,0
1764618300000000,1.99060000,1.99750000,1.99050000,1.99490000,436611.80000000,1764619199999999,870566.28565000,8448,274913.80000000,548134.52601000,0
1764619200000000,1.99480000,2.02250000,1.99390000,2.01410000,1672948.90000000,1764620099999999,3367791.61648000,19547,820323.10000000,1651547.56000000,0
1764620100000000,2.01410000,2.01410000,2.00470000,2.00630000,692117.50000000,1764620999999999,1390475.75661000,12740,333793.40000000,670490.39090000,0
1764621000000000,2.00630000,2.01650000,2.00550000,2.01650000,814479.80000000,1764621899999999,1637252.32115000,11012,462853.90000000,930496.73090000,0
1764621900000000,2.01660000,2.02680000,2.01050000,2.01190000,2010728.10000000,1764622799999999,4056483.18855000,25626,999848.80000000,2017471.45871000,0
1764622800000000,2.01200000,2.02400000,2.01080000,2.01420000,898357.40000000,1764623699999999,1812702.00994000,15930,482784.30000000,974183.58776000,0
1764623700000000,2.01430000,2.03460000,2.01070000,2.02740000,1466723.80000000,1764624599999999,2970594.41280000,18965,800034.50000000,1620876.27332000,0
1764624600000000,2.02730000,2.04470000,2.02720000,2.03340000,4916304.10000000,1764625499999999,10012095.90251000,22316,1663426.30000000,3388050.95400000,0
1764625500000000,2.03340000,2.03360000,2.02030000,2.02640000,3767208.90000000,1764626399999999,7631923.40983000,15044,1035805.60000000,2097872.35954000,0
1764626400000000,2.02640000,2.03350000,2.01790000,2.02130000,8049138.70000000,1764627299999999,16310756.83204000,22483,1394776.30000000,2827994.18420000,0
1764627300000000,2.02130000,2.03130000,2.01980000,2.02970000,935078.70000000,1764628199999999,1894703.92287000,9947,415463.30000000,841576.75224000,0
1764628200000000,2.02970000,2.03600000,2.02460000,2.03550000,671078.50000000,1764629099999999,1363089.19379000,8328,246829.70000000,501373.73750000,0
1764629100000000,2.03550000,2.04250000,2.03260000,2.03310000,3310032.20000000,1764629999999999,6750902.11779000,10009,2642630.30000000,5390229.11282000,0
1764630000000000,2.03310000,2.04220000,2.03140000,2.03230000,948479.00000000,1764630899999999,1932003.88121000,11364,333178.80000000,678688.96242000,0
1764630900000000,2.03230000,2.04080000,2.03230000,2.04060000,473256.20000000,1764631799999999,964432.50914000,8063,276489.50000000,563406.97215000,0
1764631800000000,2.04060000,2.04270000,2.03220000,2.03320000,599541.00000000,1764632699999999,1221536.39977000,7915,290280.30000000,591754.80283000,0
1764632700000000,2.03320000,2.03370000,2.02920000,2.02970000,1019629.80000000,1764633599999999,2070936.83113000,9132,305038.30000000,619539.28621000,0
1764633600000000,2.02970000,2.03090000,2.02190000,2.02240000,920489.30000000,1764634499999999,1865327.52815000,9691,357037.30000000,723480.53572000,0
1764634500000000,2.02250000,2.02530000,2.01430000,2.01580000,1176511.80000000,1764635399999999,2375052.01001000,9593,416993.70000000,841894.86123000,0
1764635400000000,2.01590000,2.02480000,2.01250000,2.01570000,1267439.90000000,1764636299999999,2557858.23769000,12329,622936.40000000,1258137.18661000,0
1764636300000000,2.01570000,2.02800000,2.01530000,2.02140000,932132.10000000,1764637199999999,1885003.23172000,11358,497929.50000000,1006961.69060000,0
1764637200000000,2.02130000,2.04370000,2.01600000,2.02730000,1578623.00000000,1764638099999999,3208047.76184000,19656,961381.90000000,1954028.96213000,0
1764638100000000,2.02740000,2.03010000,2.02030000,2.02590000,641102.70000000,1764638999999999,1298625.76328000,9180,351757.70000000,712619.37807000,0
1764639000000000,2.02580000,2.02780000,2.02000000,2.02290000,731410.10000000,1764639899999999,1479764.48134000,8128,573297.70000000,1159675.74780000,0
1764639900000000,2.02300000,2.02370000,2.01700000,2.01770000,447277.60000000,1764640799999999,903301.03132000,5517,234245.00000000,473078.79950000,0
1764640800000000,2.01770000,2.02110000,2.00960000,2.01990000,919954.60000000,1764641699999999,1854084.30897000,11062,448606.80000000,904157.40488000,0
1764641700000000,2.02000000,2.03020000,2.02000000,2.02550000,917555.50000000,1764642599999999,1860078.05098000,11602,384133.90000000,778735.38869000,0
1764642600000000,2.02550000,2.03160000,2.02320000,2.02750000,783604.40000000,1764643499999999,1589081.93385000,10612,298317.70000000,604987.60005000,0
1764643500000000,2.02760000,2.03110000,2.02070000,2.02170000,743596.30000000,1764644399999999,1506693.46882000,7553,370922.60000000,751677.34394000,0
1764644400000000,2.02170000,2.02180000,2.01550000,2.01910000,345141.20000000,1764645299999999,696683.37408000,4340,153963.50000000,310733.28681000,0
1764645300000000,2.01900000,2.01900000,2.00370000,2.00600000,658981.90000000,1764646199999999,1324895.61347000,7340,279536.90000000,561690.49717000,0
1764646200000000,2.00600000,2.02550000,2.00210000,2.02540000,3029095.60000000,1764647099999999,6081490.26066000,11616,2158052.90000000,4330741.53910000,0
1764647100000000,2.02550000,2.02640000,2.01980000,2.02070000,1165257.10000000,1764647999999999,2356641.10849000,12948,545274.40000000,1102809.50424000,0
1764648000000000,2.02070000,2.02790000,2.02000000,2.02350000,3196681.80000000,1764648899999999,6474561.15359000,23759,1529460.60000000,3097893.24324000,0
1764648900000000,2.02340000,2.02650000,2.01950000,2.02010000,677033.70000000,1764649799999999,1369895.49689000,10234,317331.80000000,642194.05127000,0
1764649800000000,2.02010000,2.02060000,2.01660000,2.01950000,495290.60000000,1764650699999999,999645.02635000,7070,199076.00000000,401778.27658000,0
1764650700000000,2.01950000,2.02280000,2.01480000,2.01560000,621738.40000000,1764651599999999,1254937.09934000,7454,249028.60000000,502726.73848000,0
1764651600000000,2.01560000,2.02000000,2.01030000,2.01610000,407366.70000000,1764652499999999,821122.96435000,6514,176830.90000000,356546.42432000,0
1764652500000000,2.01600000,2.01770000,2.01230000,2.01250000,299178.60000000,1764653399999999,602905.75295000,6389,113229.00000000,228190.98762000,0
1764653400000000,2.01250000,2.01320000,2.00950000,2.01270000,470361.80000000,1764654299999999,946109.99922000,6723,285892.40000000,575088.86751000,0
1764654300000000,2.01270000,2.01850000,2.01210000,2.01650000,361351.60000000,1764655199999999,728246.46360000,4911,183046.70000000,368910.33970000,0
1764655200000000,2.01640000,2.01660000,2.00940000,2.01390000,497161.30000000,1764656099999999,1000508.96309000,5570,226396.00000000,455550.10200000,0
1764656100000000,2.01400000,2.01770000,2.01150000,2.01480000,365909.60000000,1764656999999999,737345.88808000,6912,139262.50000000,280604.68470000,0
1764657000000000,2.01480000,2.02330000,2.01460000,2.02240000,478016.20000000,1764657899999999,965403.76024000,6893,238665.70000000,481827.04451000,0
1764657900000000,2.02250000,2.02580000,2.02080000,2.02360000,962603.90000000,1764658799999999,1947194.84870000,6375,258183.80000000,522389.32582000,0
1764658800000000,2.02370000,2.02430000,2.01710000,2.01780000,384293.80000000,1764659699999999,776392.12631000,6177,179828.50000000,363338.99623000,0
1764659700000000,2.01780000,2.01890000,2.01410000,2.01410000,334528.70000000,1764660599999999,674710.94894000,5066,138296.70000000,278910.91368000,0
1764660600000000,2.01420000,2.01530000,2.01050000,2.01350000,360717.60000000,1764661499999999,726083.08369000,5486,196832.00000000,396199.47984000,0
1764661500000000,2.01340000,2.01820000,2.01280000,2.01710000,244362.30000000,1764662399999999,492262.83613000,3977,89633.40000000,180581.49330000,0
1764662400000000,2.01720000,2.01770000,2.00450000,2.00690000,573658.20000000,1764663299999999,1152797.43969000,7962,287627.60000000,577921.54682000,0
1764663300000000,2.00690000,2.00750000,1.99500000,1.99920000,2192626.00000000,1764664199999999,4384627.58813000,15890,859808.30000000,1719060.94311000,0
1764664200000000,1.99920000,2.00660000,1.99550000,2.00380000,1153739.90000000,1764665099999999,2309190.74036000,11341,486367.00000000,973352.55162000,0
1764665100000000,2.00390000,2.01080000,2.00030000,2.00240000,563207.70000000,1764665999999999,1128768.47669000,8504,245111.90000000,491305.05123000,0
1764666000000000,2.00240000,2.01700000,2.00170000,2.01160000,515315.30000000,1764666899999999,1036254.24615000,8765,278764.00000000,560454.14098000,0
1764666900000000,2.01160000,2.02000000,2.00890000,2.01770000,665123.00000000,1764667799999999,1340052.01030000,7019,407328.40000000,820680.05331000,0
1764667800000000,2.01770000,2.01770000,2.01000000,2.01020000,355623.10000000,1764668699999999,716325.57258000,4967,119565.40000000,240763.08927000,0
1764668700000000,2.01030000,2.01430000,2.00920000,2.01200000,475920.20000000,1764669599999999,957604.44831000,6933,268868.70000000,541034.43344000,0
1764669600000000,2.01190000,2.01770000,2.01180000,2.01540000,444103.90000000,1764670499999999,895155.82558000,7699,228475.70000000,460572.15699000,0
1764670500000000,2.01550000,2.01690000,2.01230000,2.01230000,423943.10000000,1764671399999999,853883.29393000,5555,164909.30000000,332171.16142000,0
1764671400000000,2.01240000,2.01960000,2.01240000,2.01910000,637388.10000000,1764672299999999,1284312.67634000,5229,281165.50000000,566513.57567000,0
1764672300000000,2.01910000,2.03870000,2.01910000,2.02820000,1844901.90000000,1764673199999999,3743762.22372000,17321,761262.70000000,1545693.45414000,0
1764673200000000,2.02820000,2.03030000,2.02540000,2.02910000,675032.50000000,1764674099999999,1368931.29125000,8408,306121.90000000,620847.20419000,0
1764674100000000,2.02910000,2.03730000,2.02730000,2.03690000,876252.00000000,1764674999999999,1780599.31119000,8756,512921.10000000,1042451.91514000,0
1764675000000000,2.03690000,2.03870000,2.03410000,2.03480000,1026769.30000000,1764675899999999,2090605.18523000,10247,520959.80000000,1060783.89000000,0
1764675900000000,2.03480000,2.04180000,2.03440000,2.03690000,695726.50000000,1764676799999999,1418073.62438000,7684,413438.60000000,842704.03300000,0
1764676800000000,2.03680000,2.04230000,2.03550000,2.03720000,1336300.20000000,1764677699999999,2725596.76784000,10127,782743.00000000,1596626.95370000,0
1764677700000000,2.03720000,2.03920000,2.03060000,2.03350000,696517.90000000,1764678599999999,1416682.60073000,6795,411995.00000000,837893.98882000,0
1764678600000000,2.03350000,2.03550000,2.02660000,2.03110000,977768.90000000,1764679499999999,1985528.52425000,8079,443546.90000000,900683.09917000,0
1764679500000000,2.03110000,2.04020000,2.02800000,2.04010000,860650.10000000,1764680399999999,1750640.91840000,7724,422990.80000000,860234.27994000,0
1764680400000000,2.04010000,2.04550000,2.03410000,2.04150000,797419.20000000,1764681299999999,1626329.02736000,9533,384100.50000000,783298.90427000,0
1764681300000000,2.04150000,2.04820000,2.04060000,2.04230000,1803823.40000000,1764682199999999,3688822.15983000,14161,891955.90000000,1824065.81641000,0
1764682200000000,2.04230000,2.04470000,2.03960000,2.04120000,894727.60000000,1764683099999999,1827295.80417000,9286,521056.50000000,1064191.23715000,0
1764683100000000,2.04110000,2.04700000,2.03860000,2.04430000,1216257.20000000,1764683999999999,2484385.67654000,12746,629157.20000000,1285223.13090000,0
1764684000000000,2.04440000,2.05620000,2.04070000,2.05260000,2049796.90000000,1764684899999999,4201952.77650000,20651,1159104.10000000,2376602.13047000,0
1764684900000000,2.05260000,2.06740000,2.05110000,2.06010000,3326381.60000000,1764685799999999,6845561.58173000,24966,1788565.90000000,3681651.50773000,0
1764685800000000,2.06020000,2.07880000,2.05560000,2.07780000,3253844.30000000,1764686699999999,6720781.90288000,38137,1934715.80000000,3997122.91043000,0
1764686700000000,2.07790000,2.09290000,2.07680000,2.09280000,3708636.50000000,1764687599999999,7726142.12449000,36719,1973467.00000000,4110945.39890000,0
1764687600000000,2.09280000,2.14000000,2.09100000,2.13190000,5850051.80000000,1764688499999999,12368723.60984000,60387,3026186.30000000,6398118.50385000,0
1764688500000000,2.13180000,2.14980000,2.12180000,2.12240000,5974307.70000000,1764689399999999,12769064.77708000,76629,2503038.20000000,5352365.83872000,0
1764689400000000,2.12230000,2.16270000,2.12170000,2.15350000,4798724.70000000,1764690299999999,10284630.35131000,54014,2809597.10000000,6020168.83331000,0
1764690300000000,2.15360000,2.16530000,2.15000000,2.15540000,3257749.40000000,1764691199999999,7029225.73005000,42512,1677846.80000000,3620278.00827000,0
1764691200000000,2.15540000,2.16250000,2.14620000,2.15060000,2908130.30000000,1764692099999999,6263152.03900000,39195,1295747.90000000,2791215.92505000,0
1764692100000000,2.15060000,2.15110000,2.13440000,2.13790000,3386287.60000000,1764692999999999,7251183.19230000,37870,1329145.10000000,2845440.11687000,0
1764693000000000,2.13790000,2.15580000,2.13710000,2.14540000,2586993.30000000,1764693899999999,5551018.83505000,25803,1169451.90000000,2509222.50839000,0
1764693900000000,2.14530000,2.15450000,2.14010000,2.14680000,1652824.90000000,1764694799999999,3549277.78734000,19149,646142.80000000,1387246.63258000,0
1764694800000000,2.14680000,2.15290000,2.14450000,2.14950000,1012748.20000000,1764695699999999,2176860.05162000,15454,522114.40000000,1122411.89263000,0
1764695700000000,2.14940000,2.17110000,2.14890000,2.16910000,2526553.30000000,1764696599999999,5460434.74343000,23027,1092101.00000000,2359780.96617000,0
1764696600000000,2.16910000,2.17830000,2.16740000,2.17060000,2649538.40000000,1764697499999999,5755612.89106000,23916,1273431.50000000,2767265.12121000,0
1764697500000000,2.17070000,2.17670000,2.16760000,2.16980000,1122682.60000000,1764698399999999,2438926.92098000,16190,391158.00000000,849933.65851000,0
1764698400000000,2.16980000,2.17690000,2.16530000,2.17330000,1765130.80000000,1764699299999999,3832108.29234000,15801,828131.60000000,1797792.81181000,0
1764699300000000,2.17320000,2.18040000,2.17200000,2.17390000,2908119.70000000,1764700199999999,6329602.81906000,14527,861373.30000000,1875167.51891000,0
1764700200000000,2.17390000,2.17990000,2.16840000,2.16870000,1546772.30000000,1764701099999999,3363284.80624000,13253,519174.30000000,1129462.18520000,0
1764701100000000,2.16880000,2.17660000,2.16780000,2.17480000,1143717.20000000,1764701999999999,2484062.41166000,12384,481491.40000000,1045600.73658000,0
1764702000000000,2.17480000,2.18130000,2.17380000,2.17630000,1161770.70000000,1764702899999999,2530382.23725000,11216,504098.30000000,1098098.82171000,0
1764702900000000,2.17640000,2.17670000,2.16920000,2.17160000,716534.10000000,1764703799999999,1556733.83703000,9512,230741.80000000,501420.57728000,0
1764703800000000,2.17150000,2.18310000,2.17030000,2.17990000,1434943.90000000,1764704699999999,3124997.36579000,10924,717390.60000000,1561808.29968000,0
1764704700000000,2.17990000,2.18010000,2.17150000,2.17430000,828551.80000000,1764705599999999,1802412.05515000,8271,365153.00000000,794359.61195000,0
1764705600000000,2.17420000,2.17770000,2.16560000,2.17360000,2811558.80000000,1764706499999999,6106857.13180000,13337,489187.60000000,1062927.90438000,0
1764706500000000,2.17370000,2.17370000,2.15270000,2.15470000,3724188.00000000,1764707399999999,8054360.81846000,22619,1143595.30000000,2473377.80632000,0
1764707400000000,2.15470000,2.16070000,2.14730000,2.15660000,2932788.40000000,1764708299999999,6313222.77200000,20487,1048647.20000000,2257049.42656000,0
1764708300000000,2.15660000,2.16740000,2.15350000,2.16490000,1876740.20000000,1764709199999999,4055060.79237000,21848,816621.70000000,1764685.73020000,0
1764709200000000,2.16490000,2.17660000,2.16260000,2.17400000,1613106.40000000,1764710099999999,3503372.95763000,19449,667885.50000000,1450424.83396000,0
1764710100000000,2.17400000,2.17490000,2.16550000,2.17130000,912604.00000000,1764710999999999,1981117.40307000,13268,285777.40000000,620340.87587000,0
1764711000000000,2.17120000,2.17300000,2.16470000,2.17050000,1042562.30000000,1764711899999999,2262023.54005000,12232,332030.60000000,720243.83880000,0
1764711900000000,2.17050000,2.17270000,2.16510000,2.16700000,856943.40000000,1764712799999999,1859035.82168000,11110,313011.20000000,678982.13376000,0
1764712800000000,2.16710000,2.17350000,2.16330000,2.16920000,1090186.10000000,1764713699999999,2365384.56163000,11740,528433.70000000,1146941.49919000,0
1764713700000000,2.16920000,2.17040000,2.16470000,2.16530000,418503.60000000,1764714599999999,907044.00275000,8509,135143.00000000,292925.47207000,0
1764714600000000,2.16540000,2.17180000,2.16470000,2.16700000,738035.70000000,1764715499999999,1599622.01556000,6682,378446.30000000,820271.78256000,0
1764715500000000,2.16700000,2.17030000,2.16450000,2.16930000,356222.30000000,1764716399999999,772109.22910000,7109,154645.40000000,335190.00018000,0
1764716400000000,2.16940000,2.17260000,2.16510000,2.16510000,738659.50000000,1764717299999999,1602535.82762000,13416,303739.60000000,658902.60958000,0
1764717300000000,2.16510000,2.16790000,2.15890000,2.15930000,915146.40000000,1764718199999999,1980263.64872000,8619,345685.90000000,748074.11417000,0
1764718200000000,2.15930000,2.16130000,2.15360000,2.15740000,1525668.10000000,1764719099999999,3292237.07786000,9337,762195.50000000,1644472.52046000,0
1764719100000000,2.15750000,2.16030000,2.15210000,2.15320000,1223038.80000000,1764719999999999,2636690.20427000,8769,490866.50000000,1058043.06599000,0
1764720000000000,2.15310000,2.15670000,2.14730000,2.14950000,1459515.90000000,1764720899999999,3139993.59735000,12110,770017.50000000,1656338.06710000,0
1764720900000000,2.14950000,2.15200000,2.14180000,2.14480000,1489714.10000000,1764721799999999,3195343.41752000,12016,565767.30000000,1213715.43438000,0
1764721800000000,2.14470000,2.15350000,2.14140000,2.15350000,1792773.70000000,1764722699999999,3845103.52606000,13143,902053.50000000,1934679.18152000,0
1764722700000000,2.15360000,2.15800000,2.14960000,2.15260000,1076454.20000000,1764723599999999,2318431.25173000,8896,432653.20000000,931847.21039000,0
1764723600000000,2.15270000,2.15780000,2.14790000,2.15460000,920204.50000000,1764724499999999,1981093.56576000,9541,429778.20000000,925209.82445000,0
1764724500000000,2.15460000,2.15890000,2.15220000,2.15480000,883120.60000000,1764725399999999,1903683.84037000,9950,445668.60000000,960788.36937000,0
1764725400000000,2.15490000,2.15600000,2.15130000,2.15230000,563536.20000000,1764726299999999,1213574.49903000,7789,257890.00000000,555327.37042000,0
1764726300000000,2.15230000,2.16700000,2.15200000,2.16100000,904399.00000000,1764727199999999,1955499.38015000,12806,434313.00000000,938877.56092000,0
1764727200000000,2.16110000,2.17800000,2.15980000,2.17520000,1902210.30000000,1764728099999999,4131278.79935000,21368,1246015.90000000,2705535.10425000,0
1764728100000000,2.17520000,2.19060000,2.17010000,2.18590000,2662457.30000000,1764728999999999,5804229.80328000,24461,1399610.50000000,3052361.50097000,0
1764729000000000,2.18600000,2.18720000,2.18130000,2.18430000,742636.60000000,1764729899999999,1622134.78072000,13714,331097.80000000,723078.17252000,0
1764729900000000,2.18430000,2.18530000,2.17800000,2.18330000,913369.20000000,1764730799999999,1992937.13852000,10382,461440.40000000,1007001.40272000,0
1764730800000000,2.18330000,2.19120000,2.18010000,2.18260000,823046.00000000,1764731699999999,1798699.66533000,12045,388904.40000000,850242.22503000,0
1764731700000000,2.18270000,2.18500000,2.17880000,2.18110000,528414.00000000,1764732599999999,1152724.18530000,9225,226924.10000000,495055.22141000,0
1764732600000000,2.18110000,2.18160000,2.17400000,2.17630000,548977.70000000,1764733499999999,1195347.88322000,8628,319329.80000000,695278.80593000,0
1764733500000000,2.17640000,2.17880000,2.17440000,2.17620000,392154.00000000,1764734399999999,853659.30981000,7108,165009.20000000,359196.22260000,0
1764734400000000,2.17630000,2.18000000,2.17310000,2.17750000,453667.80000000,1764735299999999,987322.83524000,7876,219494.50000000,477655.28977000,0
1764735300000000,2.17760000,2.18990000,2.17520000,2.18080000,1375758.70000000,1764736199999999,3003520.17690000,15868,607792.30000000,1327362.82543000,0
1764736200000000,2.18090000,2.18830000,2.17980000,2.18780000,563090.60000000,1764737099999999,1230106.35171000,9961,261797.00000000,571864.89664000,0
1764737100000000,2.18780000,2.19980000,2.18690000,2.19910000,2790913.60000000,1764737999999999,6127191.74884000,14919,1120904.90000000,2459925.07967000,0
1764738000000000,2.19910000,2.21900000,2.19830000,2.20920000,2862444.70000000,1764738899999999,6327504.95604000,25893,1457842.50000000,3221881.21504000,0
1764738900000000,2.20920000,2.21050000,2.20210000,2.20730000,1139585.90000000,1764739799999999,2514987.52225000,13110,462099.00000000,1019748.28650000,0
1764739800000000,2.20730000,2.21060000,2.20500000,2.20650000,865351.00000000,1764740699999999,1910824.39561000,11713,460367.10000000,1016560.74975000,0
1764740700000000,2.20660000,2.21000000,2.20260000,2.20300000,655446.20000000,1764741599999999,1445931.27834000,8490,297195.90000000,655557.58249000,0
1764741600000000,2.20300000,2.21440000,2.20300000,2.20820000,1331550.00000000,1764742499999999,2943567.90828000,11738,661407.70000000,1462101.48395000,0
1764742500000000,2.20820000,2.21450000,2.20530000,2.20640000,1125090.60000000,1764743399999999,2486045.84189000,12320,496198.30000000,1096595.44870000,0
1764743400000000,2.20640000,2.21320000,2.20010000,2.20090000,1850768.60000000,1764744299999999,4086127.27058000,14944,1138197.80000000,2513420.69505000,0
1764744300000000,2.20080000,2.20240000,2.19120000,2.19410000,3035788.30000000,1764745199999999,6664296.11100000,20481,869729.10000000,1908850.62560000,0
1764745200000000,2.19410000,2.20590000,2.19390000,2.20440000,2091222.50000000,1764746099999999,4603026.86628000,16156,1625094.50000000,3577160.08426000,0
1764746100000000,2.20430000,2.20430000,2.19270000,2.19290000,1794388.70000000,1764746999999999,3943643.79538000,14759,445012.80000000,978291.60444000,0
1764747000000000,2.19290000,2.19990000,2.19290000,2.19740000,1708398.50000000,1764747899999999,3753821.44340000,12420,1183182.50000000,2599847.51164000,0
1764747900000000,2.19730000,2.19760000,2.18980000,2.19140000,1712297.80000000,1764748799999999,3753402.14229000,12256,370369.00000000,812022.21503000,0
1764748800000000,2.19140000,2.19550000,2.19070000,2.19300000,1113904.80000000,1764749699999999,2443444.10078000,7450,391843.40000000,859508.87641000,0
1764749700000000,2.19290000,2.19330000,2.18630000,2.18860000,684855.40000000,1764750599999999,1498987.26157000,7960,289187.00000000,632903.45121000,0
1764750600000000,2.18870000,2.19240000,2.18670000,2.19230000,564679.90000000,1764751499999999,1236624.68847000,7688,277123.90000000,606860.57177000,0
1764751500000000,2.19240000,2.19510000,2.18610000,2.18780000,658341.80000000,1764752399999999,1442174.18242000,8297,193652.60000000,424280.51966000,0
1764752400000000,2.18780000,2.18910000,2.18110000,2.18890000,1029902.50000000,1764753299999999,2250753.92757000,11405,544793.80000000,1190521.19531000,0
1764753300000000,2.18900000,2.18940000,2.18300000,2.18400000,430108.50000000,1764754199999999,939822.64784000,7984,192429.70000000,420522.25515000,0
1764754200000000,2.18410000,2.18410000,2.17840000,2.18030000,968529.50000000,1764755099999999,2112233.52847000,9289,388413.20000000,846948.38426000,0
1764755100000000,2.18030000,2.18560000,2.17930000,2.18360000,771971.40000000,1764755999999999,1684634.71909000,7295,398331.40000000,869263.68009000,0
1764756000000000,2.18360000,2.18400000,2.17860000,2.18100000,556723.00000000,1764756899999999,1214470.91260000,5961,246575.00000000,537917.60019000,0
1764756900000000,2.18090000,2.19030000,2.18090000,2.18790000,612476.30000000,1764757799999999,1339212.02288000,8912,382399.00000000,836076.51133000,0
1764757800000000,2.18780000,2.18780000,2.17520000,2.17570000,654966.10000000,1764758699999999,1428072.14790000,8505,326614.80000000,712056.81371000,0
1764758700000000,2.17560000,2.17860000,2.17250000,2.17380000,781947.60000000,1764759599999999,1700660.17387000,7792,423996.40000000,922117.91460000,0
1764759600000000,2.17390000,2.17590000,2.16720000,2.16880000,1199463.70000000,1764760499999999,2603771.30337000,9487,497265.70000000,1079569.60295000,0
1764760500000000,2.16890000,2.17560000,2.16680000,2.17380000,973384.70000000,1764761399999999,2114633.80194000,8803,506244.70000000,1100012.76148000,0
1764761400000000,2.17370000,2.17510000,2.16970000,2.17060000,721143.30000000,1764762299999999,1566701.12277000,7418,394539.20000000,857169.74061000,0
1764762300000000,2.17050000,2.17790000,2.17050000,2.17640000,329565.40000000,1764763199999999,716887.04967000,6272,150409.20000000,327157.93756000,0
1764763200000000,2.17640000,2.17920000,2.17230000,2.17460000,639057.60000000,1764764099999999,1390289.13312000,9530,335161.70000000,729253.77255000,0
1764764100000000,2.17460000,2.17860000,2.17240000,2.17490000,592384.00000000,1764764999999999,1288696.82280000,8307,209922.80000000,456715.71285000,0
1764765000000000,2.17490000,2.17750000,2.17110000,2.17220000,477728.60000000,1764765899999999,1038400.35492000,7266,194419.10000000,422666.29135000,0
1764765900000000,2.17220000,2.18030000,2.17100000,2.17790000,706581.00000000,1764766799999999,1538171.97941000,7118,275881.10000000,600511.06269000,0
1764766800000000,2.17780000,2.18010000,2.17520000,2.17810000,577516.70000000,1764767699999999,1257665.26585000,7507,369125.90000000,803872.29216000,0
1764767700000000,2.17820000,2.18320000,2.17660000,2.17680000,744393.60000000,1764768599999999,1622806.43114000,10937,391004.60000000,852326.34017000,0
1764768600000000,2.17670000,2.18000000,2.17270000,2.17740000,495360.50000000,1764769499999999,1078375.31592000,7537,222947.60000000,485272.16033000,0
1764769500000000,2.17740000,2.17980000,2.17560000,2.17660000,522313.90000000,1764770399999999,1137431.11512000,5800,307329.20000000,669269.03776000,0
1764770400000000,2.17670000,2.17750000,2.14250000,2.15610000,6605254.30000000,1764771299999999,14228154.09939000,61786,2806783.20000000,6045126.26496000,0
1764771300000000,2.15610000,2.16610000,2.15480000,2.16520000,1014326.60000000,1764772199999999,2191909.56080000,16972,539889.10000000,1166764.05822000,0
1764772200000000,2.16530000,2.19930000,2.15230000,2.19340000,3763155.10000000,1764773099999999,8198404.11564000,48448,1793319.50000000,3909713.19308000,0
1764773100000000,2.19340000,2.19410000,2.16750000,2.16800000,1705153.60000000,1764773999999999,3716097.51043000,30592,788207.80000000,1717761.83646000,0
1764774000000000,2.16810000,2.18360000,2.16090000,2.16510000,1858978.60000000,1764774899999999,4041190.72435000,30346,967903.70000000,2105571.84433000,0
1764774900000000,2.16510000,2.17060000,2.15670000,2.16760000,1325441.80000000,1764775799999999,2869916.00601000,20537,619615.20000000,1341841.28463000,0
1764775800000000,2.16760000,2.17760000,2.16570000,2.16980000,1127634.10000000,1764776699999999,2449395.33623000,15584,581530.10000000,1263157.28978000,0
1764776700000000,2.16990000,2.17800000,2.16650000,2.16890000,1335406.80000000,1764777599999999,2899869.42927000,13000,517591.80000000,1123819.81250000,0
1764777600000000,2.16890000,2.17460000,2.15820000,2.16270000,1328855.80000000,1764778499999999,2875890.72020000,14387,584293.10000000,1264912.50280000,0
1764778500000000,2.16270000,2.17020000,2.16250000,2.16590000,981304.10000000,1764779399999999,2124842.57507000,9887,571042.80000000,1236481.66106000,0
1764779400000000,2.16580000,2.18100000,2.16510000,2.17800000,1321925.50000000,1764780299999999,2875750.22991000,14582,681378.80000000,1482348.96876000,0
1764780300000000,2.17800000,2.17890000,2.16720000,2.16860000,1371668.50000000,1764781199999999,2981176.73293000,13296,650078.20000000,1412948.79895000,0
1764781200000000,2.16860000,2.17780000,2.16820000,2.17700000,787326.10000000,1764782099999999,1711347.32370000,11649,297399.50000000,646490.73351000,0
1764782100000000,2.17710000,2.17880000,2.16670000,2.17370000,832432.60000000,1764782999999999,1808615.29856000,9415,357448.60000000,776688.99616000,0
1764783000000000,2.17380000,2.18290000,2.17300000,2.17810000,783760.80000000,1764783899999999,1707308.31075000,11234,356218.80000000,775816.96295000,0
1764783900000000,2.17810000,2.18690000,2.17670000,2.18440000,898836.10000000,1764784799999999,1962183.94272000,9409,493784.90000000,1077808.21427000,0
1764784800000000,2.18440000,2.19300000,2.18430000,2.19000000,1211595.00000000,1764785699999999,2650880.61640000,9459,849412.00000000,1858284.91977000,0
1764785700000000,2.19000000,2.19090000,2.17820000,2.18160000,823154.10000000,1764786599999999,1796498.46406000,10244,298871.50000000,651869.25838000,0
1764786600000000,2.18160000,2.18670000,2.17840000,2.18490000,493277.80000000,1764787499999999,1076787.64374000,7674,204154.30000000,445836.77641000,0
1764787500000000,2.18490000,2.18500000,2.16840000,2.17310000,744587.90000000,1764788399999999,1618675.35244000,9356,252008.80000000,547594.47308000,0
1764788400000000,2.17310000,2.18010000,2.17180000,2.17630000,811674.70000000,1764789299999999,1766372.78434000,9716,391044.20000000,850856.96088000,0
1764789300000000,2.17640000,2.18520000,2.17430000,2.18240000,753715.70000000,1764790199999999,1644110.94335000,5785,332266.30000000,724720.38119000,0
1764790200000000,2.18240000,2.18590000,2.17910000,2.18190000,486913.60000000,1764791099999999,1062289.70444000,5410,226281.60000000,493687.01175000,0
1764791100000000,2.18180000,2.18650000,2.18130000,2.18630000,344784.70000000,1764791999999999,753159.32969000,4525,167434.30000000,365787.72154000,0
1764792000000000,2.18630000,2.19030000,2.18230000,2.18670000,457273.50000000,1764792899999999,1000265.88704000,7936,200574.70000000,438831.61049000,0
1764792900000000,2.18670000,2.18910000,2.18350000,2.18760000,427617.90000000,1764793799999999,935198.45425000,6588,185994.60000000,406858.73698000,0
1764793800000000,2.18760000,2.19140000,2.18510000,2.18990000,928406.60000000,1764794699999999,2032080.10309000,8075,612827.40000000,1341411.25153000,0
1764794700000000,2.18990000,2.20310000,2.18890000,2.19860000,2044641.90000000,1764795599999999,4488510.03475000,16880,1198549.50000000,2632080.37762000,0
1764795600000000,2.19860000,2.20560000,2.19550000,2.20010000,2937702.80000000,1764796499999999,6465927.51431000,13467,1254860.20000000,2762496.62481000,0
1764796500000000,2.20000000,2.20350000,2.19810000,2.20310000,845833.40000000,1764797399999999,1861936.30039000,7187,455106.10000000,1001892.30342000,0
1764797400000000,2.20310000,2.20470000,2.19790000,2.20220000,904193.60000000,1764798299999999,1991466.80729000,7069,537837.70000000,1184615.70297000,0
1764798300000000,2.20220000,2.21050000,2.19720000,2.20840000,1813180.70000000,1764799199999999,3997326.47283000,11568,722507.40000000,1592496.63197000,0
1764799200000000,2.20830000,2.21300000,2.19850000,2.20620000,1920051.00000000,1764800099999999,4234581.39723000,15552,746343.70000000,1646466.81886000,0
1764800100000000,2.20620000,2.20620000,2.19700000,2.20000000,1116408.90000000,1764800999999999,2459088.49124000,10365,511931.90000000,1127654.19848000,0
1764801000000000,2.19990000,2.20850000,2.19480000,2.20220000,1430740.10000000,1764801899999999,3147681.61794000,10734,582668.00000000,1281989.37677000,0
1764801900000000,2.20220000,2.21410000,2.20150000,2.20350000,1133577.20000000,1764802799999999,2500569.35297000,15902,604543.50000000,1333705.42515000,0
1764802800000000,2.20360000,2.21430000,2.20310000,2.20570000,1405302.40000000,1764803699999999,3104084.16478000,18556,680570.50000000,1503320.92045000,0
1764803700000000,2.20570000,2.20730000,2.20000000,2.20080000,512103.20000000,1764804599999999,1128442.41092000,8141,168030.10000000,370268.71935000,0
1764804600000000,2.20080000,2.20250000,2.19720000,2.20130000,414286.70000000,1764805499999999,911362.76105000,5745,224570.20000000,494027.38913000,0
1764805500000000,2.20140000,2.20570000,2.19610000,2.19760000,739344.00000000,1764806399999999,1628008.00394000,6835,224259.80000000,493782.86640000,0
1764806400000000,2.19760000,2.20620000,2.19460000,2.19520000,1275376.10000000,1764807299999999,2806797.47561000,13503,487168.00000000,1072199.06089000,0
1764807300000000,2.19530000,2.19900000,2.18920000,2.19250000,1310583.10000000,1764808199999999,2876076.09079000,13251,548137.20000000,1203141.84918000,0
1764808200000000,2.19240000,2.19940000,2.18690000,2.19810000,857404.50000000,1764809099999999,1878969.14223000,10092,425252.10000000,931984.33889000,0
1764809100000000,2.19810000,2.20300000,2.19460000,2.19520000,826148.80000000,1764809999999999,1816910.29794000,9022,491721.50000000,1081361.68118000,0
1764810000000000,2.19520000,2.21290000,2.19310000,2.21180000,1041140.20000000,1764810899999999,2295202.06998000,13872,606712.30000000,1337999.21395000,0
1764810900000000,2.21170000,2.21460000,2.19700000,2.20090000,888395.10000000,1764811799999999,1958347.94372000,15956,391827.30000000,863983.58820000,0
1764811800000000,2.20090000,2.20490000,2.19920000,2.20490000,351974.20000000,1764812699999999,775089.47367000,6547,158125.50000000,348213.82003000,0
1764812700000000,2.20490000,2.20590000,2.19310000,2.19310000,562275.50000000,1764813599999999,1235229.79980000,7052,299923.90000000,658676.40604000,0
1764813600000000,2.19310000,2.20400000,2.19170000,2.20320000,500475.90000000,1764814499999999,1099496.80759000,9004,227138.70000000,499174.89822000,0
1764814500000000,2.20320000,2.20880000,2.20180000,2.20560000,554370.20000000,1764815399999999,1222647.71529000,11502,260330.10000000,574167.57560000,0
1764815400000000,2.20560000,2.20850000,2.20220000,2.20510000,305701.30000000,1764816299999999,674098.49054000,8255,125107.30000000,275850.96849000,0
1764816300000000,2.20520000,2.20700000,2.20080000,2.20200000,430567.30000000,1764817199999999,948685.92873000,6614,162429.50000000,357829.01177000,0
1764817200000000,2.20190000,2.20640000,2.19940000,2.20090000,525064.90000000,1764818099999999,1156431.87145000,9835,268256.80000000,590933.28641000,0
1764818100000000,2.20100000,2.20150000,2.19510000,2.19550000,450321.20000000,1764818999999999,989636.17979000,8522,130230.40000000,286203.75024000,0
1764819000000000,2.19550000,2.19820000,2.19310000,2.19520000,717543.70000000,1764819899999999,1575163.37793000,7278,303250.90000000,665703.13444000,0
1764819900000000,2.19520000,2.19750000,2.19350000,2.19500000,373404.80000000,1764820799999999,819744.65596000,3945,185198.00000000,406538.19726000,0
1764820800000000,2.19500000,2.20000000,2.19170000,2.19630000,506475.90000000,1764821699999999,1111952.90024000,5814,216127.80000000,474521.63423000,0
1764821700000000,2.19630000,2.19710000,2.19290000,2.19560000,429352.20000000,1764822599999999,942233.97752000,5280,174321.50000000,382516.00304000,0
1764822600000000,2.19550000,2.19700000,2.18790000,2.18930000,693158.20000000,1764823499999999,1519032.61513000,6640,293083.00000000,642009.41735000,0
1764823500000000,2.18940000,2.19040000,2.18440000,2.18740000,1334204.50000000,1764824399999999,2917903.34904000,8365,557675.70000000,1219649.70718000,0
1764824400000000,2.18740000,2.18850000,2.18150000,2.18370000,1246135.10000000,1764825299999999,2722106.48930000,8264,532593.20000000,1163381.77454000,0
1764825300000000,2.18370000,2.18540000,2.17890000,2.18400000,1083208.50000000,1764826199999999,2362796.42025000,7429,524585.00000000,1144358.67794000,0
1764826200000000,2.18410000,2.18580000,2.17590000,2.17650000,894561.10000000,1764827099999999,1950119.67600000,6432,221168.20000000,482180.88914000,0
1764827100000000,2.17650000,2.17810000,2.17150000,2.17670000,968019.20000000,1764827999999999,2105519.85581000,7617,401904.50000000,874107.24092000,0
1764828000000000,2.17680000,2.17880000,2.17490000,2.17880000,524010.60000000,1764828899999999,1140908.79465000,6164,340296.90000000,740946.25803000,0
1764828900000000,2.17870000,2.18130000,2.17520000,2.17970000,1053123.40000000,1764829799999999,2293898.52476000,7841,683162.40000000,1488075.32989000,0
1764829800000000,2.17980000,2.18530000,2.17860000,2.18300000,735984.50000000,1764830699999999,1606195.18043000,8968,355381.30000000,775595.59590000,0
1764830700000000,2.18300000,2.18310000,2.17830000,2.18050000,497121.40000000,1764831599999999,1084140.81500000,6969,189623.80000000,413517.58230000,0
1764831600000000,2.18050000,2.18060000,2.16760000,2.16990000,1058904.90000000,1764832499999999,2299991.98911000,9739,358608.10000000,778715.00257000,0
1764832500000000,2.16990000,2.17240000,2.16570000,2.17010000,1523058.50000000,1764833399999999,3303603.80534000,10619,747572.30000000,1621761.48459000,0
1764833400000000,2.17010000,2.17460000,2.16960000,2.17390000,958653.70000000,1764834299999999,2082084.72559000,6567,406283.90000000,882346.59485000,0
1764834300000000,2.17400000,2.17520000,2.17020000,2.17250000,692048.30000000,1764835199999999,1503920.80271000,5178,401514.80000000,872539.93206000,0
1764835200000000,2.17250000,2.17890000,2.16550000,2.16810000,1008365.20000000,1764836099999999,2191211.49843000,9553,618764.60000000,1344505.54403000,0
1764836100000000,2.16800000,2.17150000,2.16520000,2.16560000,524323.70000000,1764836999999999,1136863.68674000,7678,282510.70000000,612539.38158000,0
1764837000000000,2.16560000,2.17240000,2.16330000,2.17180000,687779.10000000,1764837899999999,1490792.28970000,7310,360771.90000000,782046.30697000,0
1764837900000000,2.17180000,2.17190000,2.16070000,2.16340000,635947.50000000,1764838799999999,1376815.11527000,6715,310437.70000000,672110.03440000,0
1764838800000000,2.16340000,2.17450000,2.16310000,2.16980000,685227.40000000,1764839699999999,1486333.45938000,10257,438498.40000000,951122.00564000,0
1764839700000000,2.16980000,2.17080000,2.16450000,2.16700000,546224.60000000,1764840599999999,1183958.44639000,6878,313362.80000000,679290.55464000,0
1764840600000000,2.16700000,2.17420000,2.16580000,2.17290000,573944.50000000,1764841499999999,1245518.73498000,6806,358079.50000000,776999.56603000,0
1764841500000000,2.17290000,2.17510000,2.17060000,2.17070000,592029.50000000,1764842399999999,1286137.25859000,6935,310353.50000000,674194.97016000,0
1764842400000000,2.17070000,2.17280000,2.16780000,2.16950000,662533.60000000,1764843299999999,1437951.31996000,7704,293986.90000000,638056.95205000,0
1764843300000000,2.16950000,2.16950000,2.16360000,2.16410000,588184.30000000,1764844199999999,1274022.67919000,6516,304274.80000000,659013.76130000,0
1764844200000000,2.16410000,2.16620000,2.15850000,2.16090000,897656.40000000,1764845099999999,1940226.36384000,8548,398015.30000000,860329.77709000,0
1764845100000000,2.16080000,2.16220000,2.15650000,2.15850000,719002.20000000,1764845999999999,1552129.00079000,5844,347884.60000000,751021.54139000,0
1764846000000000,2.15850000,2.15890000,2.15400000,2.15450000,932060.80000000,1764846899999999,2009848.52609000,8005,437422.10000000,943128.35389000,0
1764846900000000,2.15440000,2.15480000,2.14910000,2.14980000,1254144.30000000,1764847799999999,2698233.52813000,8072,343237.00000000,738751.56094000,0
1764847800000000,2.14990000,2.15280000,2.14260000,2.14600000,1455692.10000000,1764848699999999,3124339.05310000,12479,579290.10000000,1243232.49047000,0
1764848700000000,2.14610000,2.15240000,2.14330000,2.15100000,1693304.60000000,1764849599999999,3638237.00815000,9475,827896.70000000,1778435.63442000,0
1764849600000000,2.15110000,2.15500000,2.14750000,2.14890000,814147.00000000,1764850499999999,1751874.04291000,7711,438853.60000000,944342.73169000,0
1764850500000000,2.14900000,2.15050000,2.13850000,2.13920000,2313658.50000000,1764851399999999,4960568.18754000,11238,763604.90000000,1636591.71587000,0
1764851400000000,2.13920000,2.15040000,2.13910000,2.14750000,956259.10000000,1764852299999999,2049880.60746000,7149,493516.60000000,1057760.04213000,0
1764852300000000,2.14750000,2.14950000,2.14380000,2.14610000,567632.20000000,1764853199999999,1218416.57194000,6484,349043.70000000,749222.24247000,0
1764853200000000,2.14620000,2.14870000,2.13950000,2.14080000,1824848.90000000,1764854099999999,3910448.73418000,14301,874835.10000000,1874627.35348000,0
1764854100000000,2.14080000,2.15090000,2.14080000,2.14650000,667872.10000000,1764854999999999,1433518.24915000,8399,363721.80000000,780488.12369000,0
1764855000000000,2.14650000,2.14770000,2.13760000,2.13910000,1637334.10000000,1764855899999999,3507633.73862000,12144,838040.10000000,1796144.25628000,0
1764855900000000,2.13900000,2.14020000,2.12540000,2.12590000,3930162.10000000,1764856799999999,8377118.39981000,18493,1399963.50000000,2984232.87213000,0
1764856800000000,2.12590000,2.13570000,2.12560000,2.13420000,1038343.50000000,1764857699999999,2213117.39203000,11889,527236.20000000,1123767.05700000,0
1764857700000000,2.13420000,2.13880000,2.13150000,2.13830000,1215648.70000000,1764858599999999,2594203.24230000,8669,483045.20000000,1031224.62763000,0
1764858600000000,2.13830000,2.13850000,2.12700000,2.13380000,1683462.40000000,1764859499999999,3593432.27547000,19653,1074959.10000000,2294746.31725000,0
1764859500000000,2.13360000,2.13620000,2.11430000,2.11970000,2958639.30000000,1764860399999999,6281064.43232000,26778,1341875.80000000,2849184.99611000,0
1764860400000000,2.11960000,2.13590000,2.11940000,2.13380000,1652060.00000000,1764861299999999,3517800.57523000,22320,760339.80000000,1618873.05144000,0
1764861300000000,2.13380000,2.13780000,2.12550000,2.13090000,1125548.50000000,1764862199999999,2399712.63329000,17141,548937.40000000,1170194.57026000,0
1764862200000000,2.13090000,2.15760000,2.13020000,2.14850000,2409829.80000000,1764863099999999,5168570.10831000,21357,1534913.00000000,3291076.32111000,0
1764863100000000,2.14860000,2.15370000,2.13980000,2.15290000,1313505.40000000,1764863999999999,2820514.44803000,15862,703950.70000000,1511633.27197000,0
1764864000000000,2.15300000,2.15690000,2.13810000,2.14430000,1701323.10000000,1764864899999999,3651780.11856000,16967,1087271.70000000,2333836.23192000,0
1764864900000000,2.14420000,2.15810000,2.14340000,2.14710000,1769780.40000000,1764865799999999,3809407.00738000,14348,1281867.90000000,2758837.11369000,0
1764865800000000,2.14710000,2.14830000,2.13800000,2.13990000,1128578.40000000,1764866699999999,2418792.63696000,17184,433329.90000000,928499.68750000,0
1764866700000000,2.13980000,2.14520000,2.13260000,2.13790000,878708.50000000,1764867599999999,1879287.11493000,14746,426032.50000000,910997.14571000,0
1764867600000000,2.13790000,2.13950000,2.12850000,2.13250000,1219553.70000000,1764868499999999,2600461.94966000,12884,515855.40000000,1100048.42728000,0
1764868500000000,2.13250000,2.13320000,2.12460000,2.12520000,736404.30000000,1764869399999999,1567194.85924000,10178,343661.40000000,731240.48260000,0
1764869400000000,2.12520000,2.12910000,2.11670000,2.12160000,1380309.20000000,1764870299999999,2929347.02880000,13398,673590.70000000,1429793.54668000,0
1764870300000000,2.12160000,2.13000000,2.11920000,2.12800000,934168.60000000,1764871199999999,1984045.22571000,10488,530257.30000000,1126339.04831000,0
1764871200000000,2.12810000,2.12880000,2.11930000,2.12590000,695587.30000000,1764872099999999,1477481.47974000,10957,267586.70000000,568455.24583000,0
1764872100000000,2.12580000,2.12580000,2.11520000,2.12110000,1001716.20000000,1764872999999999,2122635.81544000,10718,624698.10000000,1323417.15292000,0
1764873000000000,2.12110000,2.12420000,2.09810000,2.10050000,3648215.00000000,1764873899999999,7685768.95104000,27400,1698297.80000000,3578197.82128000,0
1764873900000000,2.10050000,2.10800000,2.10030000,2.10360000,2558642.80000000,1764874799999999,5381667.31482000,17695,1211090.90000000,2547207.97130000,0
1764874800000000,2.10360000,2.10550000,2.08230000,2.08300000,2450308.50000000,1764875699999999,5133243.21122000,24122,1056306.00000000,2213100.06423000,0
1764875700000000,2.08310000,2.08820000,2.06910000,2.08380000,3696156.50000000,1764876599999999,7684605.76972000,41217,1741669.20000000,3620433.16104000,0
1764876600000000,2.08390000,2.09960000,2.08190000,2.09880000,1306994.60000000,1764877499999999,2735289.87418000,24741,786195.50000000,1645568.49431000,0
1764877500000000,2.09880000,2.10330000,2.09370000,2.09750000,906988.40000000,1764878399999999,1903701.36040000,14370,512111.50000000,1074985.97670000,0
1764878400000000,2.09750000,2.10410000,2.08640000,2.09460000,1431083.60000000,1764879299999999,2997900.25117000,19379,633056.10000000,1325879.87439000,0
1764879300000000,2.09460000,2.09740000,2.08930000,2.09090000,584517.10000000,1764880199999999,1223552.34328000,15390,284699.70000000,595968.39967000,0
1764880200000000,2.09090000,2.10070000,2.08930000,2.09810000,792908.60000000,1764881099999999,1661740.73832000,11851,439032.50000000,920070.25678000,0
1764881100000000,2.09820000,2.10920000,2.09800000,2.10520000,1345950.10000000,1764881999999999,2832687.45913000,17907,704745.60000000,1483175.09505000,0
1764882000000000,2.10520000,2.11080000,2.09970000,2.10300000,832317.70000000,1764882899999999,1752136.42799000,12953,425000.20000000,894835.57039000,0
1764882900000000,2.10300000,2.10680000,2.09680000,2.09790000,505156.30000000,1764883799999999,1061126.94376000,7232,241011.80000000,506339.93700000,0
1764883800000000,2.09790000,2.10330000,2.09640000,2.09910000,397554.50000000,1764884699999999,834676.30114000,7425,174752.20000000,366871.65430000,0
1764884700000000,2.09920000,2.09960000,2.08880000,2.09090000,847936.00000000,1764885599999999,1775458.96214000,7998,459147.30000000,961197.62770000,0
1764885600000000,2.09090000,2.09860000,2.09090000,2.09720000,433880.00000000,1764886499999999,909254.47776000,7318,264707.00000000,554712.16085000,0
1764886500000000,2.09730000,2.09990000,2.09360000,2.09780000,597017.10000000,1764887399999999,1252064.44546000,7226,368406.50000000,772701.89986000,0
1764887400000000,2.09780000,2.10510000,2.09740000,2.09970000,761514.20000000,1764888299999999,1599825.48801000,6919,415263.00000000,872398.32811000,0
1764888300000000,2.09970000,2.10150000,2.09780000,2.09790000,432600.80000000,1764889199999999,908517.07850000,3669,221563.50000000,465305.72867000,0
1764889200000000,2.09800000,2.10010000,2.09360000,2.09480000,360607.50000000,1764890099999999,755949.00062000,8264,197887.80000000,414850.40239000,0
1764890100000000,2.09470000,2.09790000,2.09350000,2.09660000,330134.00000000,1764890999999999,691927.75267000,5254,172569.30000000,361697.07414000,0
1764891000000000,2.09670000,2.09970000,2.09190000,2.09550000,411482.00000000,1764891899999999,862716.76731000,5638,206029.70000000,432017.14955000,0
1764891900000000,2.09550000,2.09820000,2.09320000,2.09600000,280284.40000000,1764892799999999,587578.44296000,4332,89050.50000000,186689.03611000,0
1764892800000000,2.09600000,2.10120000,2.09460000,2.09700000,389075.10000000,1764893699999999,816549.38270000,6026,149628.80000000,313927.06061000,0
1764893700000000,2.09700000,2.10920000,2.09670000,2.10470000,647653.40000000,1764894599999999,1362501.95201000,7404,298331.80000000,627673.69329000,0
1764894600000000,2.10460000,2.11260000,2.10320000,2.11260000,778092.10000000,1764895499999999,1640736.08037000,8500,470080.20000000,991335.14239000,0
1764895500000000,2.11250000,2.11300000,2.10260000,2.10440000,734430.00000000,1764896399999999,1548695.58494000,9221,362597.80000000,764505.97360000,0
1764896400000000,2.10430000,2.11140000,2.10330000,2.10450000,415488.10000000,1764897299999999,875627.34652000,7424,185110.90000000,390075.80061000,0
1764897300000000,2.10450000,2.11220000,2.10430000,2.10940000,752374.50000000,1764898199999999,1586531.12320000,10246,392845.10000000,828522.46833000,0
1764898200000000,2.10940000,2.11100000,2.10590000,2.10840000,662590.50000000,1764899099999999,1397097.31694000,8879,303275.20000000,639452.29607000,0
1764899100000000,2.10840000,2.11100000,2.10470000,2.10550000,452993.50000000,1764899999999999,954725.35472000,6960,205125.70000000,432306.21115000,0
1764900000000000,2.10540000,2.10680000,2.10200000,2.10680000,591749.60000000,1764900899999999,1245245.73140000,7170,271204.50000000,570859.84191000,0
1764900900000000,2.10680000,2.11000000,2.10540000,2.10920000,496980.80000000,1764901799999999,1047748.55305000,6675,242927.80000000,512152.96725000,0
1764901800000000,2.10920000,2.11200000,2.10730000,2.11010000,577108.40000000,1764902699999999,1217508.09312000,5235,288150.80000000,608007.44864000,0
1764902700000000,2.11010000,2.11010000,2.10320000,2.10380000,303769.40000000,1764903599999999,639921.08184000,4473,95437.80000000,201012.52053000,0
1764903600000000,2.10370000,2.10710000,2.10060000,2.10210000,267932.20000000,1764904499999999,563583.13797000,4545,82582.70000000,173758.31413000,0
1764904500000000,2.10210000,2.10310000,2.09540000,2.09600000,686808.40000000,1764905399999999,1441496.97487000,6443,278308.60000000,584149.50660000,0
1764905400000000,2.09610000,2.09630000,2.08990000,2.09020000,701886.00000000,1764906299999999,1469272.70850000,5911,166733.50000000,348919.68926000,0
1764906300000000,2.09030000,2.09460000,2.08760000,2.09090000,876370.10000000,1764907199999999,1832983.60735000,6536,347394.20000000,726536.60813000,0
1764907200000000,2.09090000,2.09860000,2.09080000,2.09700000,366158.90000000,1764908099999999,767627.47671000,7245,162247.60000000,340133.20508000,0
1764908100000000,2.09700000,2.09710000,2.08870000,2.08890000,540090.30000000,1764908999999999,1129875.00183000,6067,173143.80000000,362351.60753000,0
1764909000000000,2.08890000,2.08890000,2.08010000,2.08160000,1205645.40000000,1764909899999999,2511518.81497000,10720,397806.50000000,828736.06673000,0
1764909900000000,2.08170000,2.08750000,2.07880000,2.08570000,870338.50000000,1764910799999999,1813466.79082000,7832,556108.00000000,1158715.79502000,0
1764910800000000,2.08570000,2.08810000,2.08260000,2.08580000,358193.40000000,1764911699999999,747028.00517000,6122,199653.20000000,416362.86205000,0
1764911700000000,2.08570000,2.08760000,2.07710000,2.07920000,771843.20000000,1764912599999999,1607942.86518000,6232,528405.50000000,1101323.14716000,0
1764912600000000,2.07930000,2.08310000,2.07640000,2.08210000,519168.80000000,1764913499999999,1079504.74400000,6024,236355.40000000,491412.32305000,0
1764913500000000,2.08220000,2.08220000,2.07960000,2.08170000,308473.10000000,1764914399999999,641844.00996000,4444,113270.70000000,235701.15851000,0
1764914400000000,2.08170000,2.08960000,2.08170000,2.08780000,809354.30000000,1764915299999999,1688643.84111000,8349,596012.30000000,1243749.91029000,0
1764915300000000,2.08770000,2.08900000,2.08440000,2.08510000,268008.70000000,1764916199999999,559261.77823000,4373,111085.20000000,231816.04027000,0
1764916200000000,2.08510000,2.08890000,2.08170000,2.08640000,382074.10000000,1764917099999999,796743.23067000,5600,191327.00000000,398931.38191000,0
1764917100000000,2.08640000,2.08990000,2.08590000,2.08950000,335178.40000000,1764917999999999,699764.47928000,4333,197746.60000000,412817.68436000,0
1764918000000000,2.08940000,2.09860000,2.08720000,2.09550000,568707.80000000,1764918899999999,1190538.17086000,7296,404115.90000000,845909.20553000,0
1764918900000000,2.09550000,2.09680000,2.09260000,2.09510000,525300.80000000,1764919799999999,1100450.81886000,6172,328751.20000000,688714.93688000,0
1764919800000000,2.09500000,2.09560000,2.09030000,2.09150000,365331.10000000,1764920699999999,764881.26911000,4760,176364.30000000,369261.48789000,0
1764920700000000,2.09160000,2.09490000,2.08790000,2.09330000,662472.70000000,1764921599999999,1386042.29410000,6064,423704.10000000,886490.33188000,0
1764921600000000,2.09330000,2.09360000,2.08560000,2.08850000,835889.70000000,1764922499999999,1745706.73505000,7257,347637.10000000,726019.95804000,0
1764922500000000,2.08860000,2.08860000,2.08350000,2.08470000,660216.80000000,1764923399999999,1377177.47763000,6307,469208.40000000,978668.22878000,0
1764923400000000,2.08460000,2.08550000,2.07560000,2.08000000,891259.70000000,1764924299999999,1853747.41467000,8432,410137.70000000,853048.80496000,0
1764924300000000,2.08000000,2.08170000,2.07640000,2.07900000,340294.50000000,1764925199999999,707464.69642000,4971,187697.80000000,390223.39980000,0
1764925200000000,2.07890000,2.07910000,2.07250000,2.07490000,866314.50000000,1764926099999999,1797256.23393000,10550,465881.40000000,966480.26820000,0
1764926100000000,2.07490000,2.07500000,2.05940000,2.06130000,2275755.80000000,1764926999999999,4701032.86237000,24530,768600.00000000,1587297.00254000,0
1764927000000000,2.06140000,2.06490000,2.05410000,2.05740000,1256657.00000000,1764927899999999,2588209.98077000,17680,478580.20000000,985709.68454000,0
1764927900000000,2.05730000,2.05970000,2.05530000,2.05770000,666270.00000000,1764928799999999,1370873.93314000,10562,338806.50000000,697147.26040000,0
1764928800000000,2.05770000,2.06510000,2.05480000,2.06310000,858106.40000000,1764929699999999,1768582.84213000,10872,492117.40000000,1014443.80301000,0
1764929700000000,2.06310000,2.06980000,2.06020000,2.06580000,590212.80000000,1764930599999999,1218553.59143000,9389,401894.60000000,829698.59725000,0
1764930600000000,2.06590000,2.06760000,2.06400000,2.06510000,813397.60000000,1764931499999999,1680135.57736000,7131,438696.60000000,906148.18440000,0
1764931500000000,2.06510000,2.06540000,2.05840000,2.06180000,470747.90000000,1764932399999999,970686.46400000,6105,262045.10000000,540381.07597000,0
1764932400000000,2.06190000,2.06490000,2.06050000,2.06360000,479911.80000000,1764933299999999,989794.39918000,6358,219504.30000000,452716.32225000,0
1764933300000000,2.06370000,2.06440000,2.05880000,2.06050000,618449.00000000,1764934199999999,1274669.00712000,6455,306995.20000000,632761.35327000,0
1764934200000000,2.06050000,2.06160000,2.05500000,2.06030000,4903996.40000000,1764935099999999,10090359.88324000,12646,921874.50000000,1897140.32485000,0
1764935100000000,2.06040000,2.07120000,2.06040000,2.06900000,805593.60000000,1764935999999999,1664590.40277000,8442,542485.10000000,1120869.19848000,0
1764936000000000,2.06900000,2.07200000,2.06660000,2.06720000,631744.00000000,1764936899999999,1306777.42155000,7591,351504.30000000,727135.08453000,0
1764936900000000,2.06710000,2.07280000,2.06640000,2.07030000,742037.00000000,1764937799999999,1536231.09025000,6746,380834.90000000,788323.42301000,0
1764937800000000,2.07030000,2.07440000,2.06730000,2.06870000,626067.90000000,1764938699999999,1296304.91234000,5165,379292.60000000,785348.78241000,0
1764938700000000,2.06870000,2.06900000,2.06540000,2.06810000,484869.00000000,1764939599999999,1002525.64054000,5579,153888.70000000,318123.08647000,0
1764939600000000,2.06820000,2.07670000,2.06310000,2.06810000,799146.90000000,1764940499999999,1653144.64917000,11730,401503.50000000,830787.04467000,0
1764940500000000,2.06820000,2.07350000,2.06560000,2.07070000,1132608.70000000,1764941399999999,2343979.21236000,12629,707201.30000000,1463532.04854000,0
1764941400000000,2.07080000,2.07290000,2.06160000,2.06360000,1099963.40000000,1764942299999999,2273252.72213000,15722,506909.10000000,1047756.84224000,0
1764942300000000,2.06360000,2.07050000,2.05750000,2.06570000,1225771.50000000,1764943199999999,2531428.33888000,16245,466612.20000000,963610.72007000,0
1764943200000000,2.06570000,2.06920000,2.05720000,2.05870000,793125.90000000,1764944099999999,1636667.26286000,11000,255000.80000000,526211.17817000,0
1764944100000000,2.05860000,2.06450000,2.05670000,2.06370000,834398.10000000,1764944999999999,1719841.04772000,10024,325863.70000000,671634.63939000,0
1764945000000000,2.06360000,2.07360000,2.05850000,2.06240000,1226788.30000000,1764945899999999,2536078.71423000,25110,592059.10000000,1224390.70860000,0
1764945900000000,2.06250000,2.06890000,2.05900000,2.06590000,810945.50000000,1764946799999999,1673791.20400000,15577,324574.80000000,669959.62870000,0
1764946800000000,2.06590000,2.09990000,2.06580000,2.08670000,4606653.20000000,1764947699999999,9623911.29834000,42274,2777923.40000000,5803009.72754000,0
1764947700000000,2.08670000,2.09090000,2.08130000,2.08820000,956451.20000000,1764948599999999,1995299.13105000,16421,605194.30000000,1262434.93462000,0
1764948600000000,2.08830000,2.09550000,2.08310000,2.08590000,1526008.50000000,1764949499999999,3189382.60472000,15003,895855.40000000,1872718.90435000,0
1764949500000000,2.08580000,2.08580000,2.07200000,2.07600000,2194174.00000000,1764950399999999,4560275.74248000,21297,1173367.30000000,2438790.23879000,0
1764950400000000,2.07600000,2.07770000,2.05000000,2.05880000,2321534.90000000,1764951299999999,4784495.89343000,37529,961072.10000000,1980303.58342000,0
1764951300000000,2.05870000,2.06310000,2.04960000,2.05080000,2490494.70000000,1764952199999999,5119822.08365000,27627,1016874.50000000,2090871.72284000,0
1764952200000000,2.05070000,2.05330000,2.01790000,2.02650000,6278551.10000000,1764953099999999,12781905.37329000,50041,3064142.70000000,6235002.70776000,0
1764953100000000,2.02650000,2.04080000,2.02290000,2.03380000,2312151.80000000,1764953999999999,4695260.27546000,35258,1267245.70000000,2572689.88721000,0
1764954000000000,2.03370000,2.04490000,2.02920000,2.02940000,1600887.90000000,1764954899999999,3262208.24732000,20368,594095.50000000,1210270.44204000,0
1764954900000000,2.02930000,2.03930000,2.02340000,2.02490000,1059582.40000000,1764955799999999,2151659.07162000,18187,502480.50000000,1020327.29904000,0
1764955800000000,2.02490000,2.03760000,2.01710000,2.03400000,4625667.70000000,1764956699999999,9382781.37519000,22546,2972199.10000000,6029388.18724000,0
1764956700000000,2.03410000,2.04350000,2.03200000,2.03570000,1086970.20000000,1764957599999999,2214386.20187000,16765,629842.70000000,1283095.72750000,0
1764957600000000,2.03560000,2.04780000,2.03070000,2.04060000,1306278.30000000,1764958499999999,2663948.45552000,20598,674852.90000000,1376478.60104000,0
1764958500000000,2.04070000,2.04240000,2.02620000,2.02940000,1361348.10000000,1764959399999999,2768012.82193000,16243,639936.20000000,1300714.28242000,0
1764959400000000,2.02950000,2.03310000,2.01740000,2.02010000,1196938.70000000,1764960299999999,2423088.85105000,14894,627603.50000000,1270434.31831000,0
1764960300000000,2.02020000,2.02430000,2.01580000,2.01880000,1474888.40000000,1764961199999999,2977330.56736000,11760,756056.60000000,1526225.62302000,0
1764961200000000,2.01890000,2.02640000,2.01250000,2.02520000,1787297.00000000,1764962099999999,3606218.27650000,20731,983287.60000000,1984129.42292000,0
1764962100000000,2.02530000,2.03420000,2.02210000,2.03140000,1032854.50000000,1764962999999999,2095751.55390000,14234,647725.70000000,1314207.30448000,0
1764963000000000,2.03150000,2.04060000,2.03040000,2.03780000,991303.40000000,1764963899999999,2018895.62687000,8008,611795.00000000,1245758.96682000,0
1764963900000000,2.03770000,2.04250000,2.03540000,2.03740000,816568.80000000,1764964799999999,1664698.25970000,7059,480210.40000000,978964.74188000,0
1764964800000000,2.03730000,2.03760000,2.02580000,2.03160000,1190213.30000000,1764965699999999,2418391.03917000,9365,449747.50000000,913619.19368000,0
1764965700000000,2.03170000,2.03680000,2.02910000,2.03200000,795711.00000000,1764966599999999,1617573.64904000,9795,367875.30000000,747739.95542000,0
1764966600000000,2.03200000,2.03200000,2.02440000,2.02490000,479679.30000000,1764967499999999,972080.38379000,8262,293662.70000000,595112.88937000,0
1764967500000000,2.02490000,2.02870000,2.02260000,2.02320000,516049.20000000,1764968399999999,1045404.60042000,10150,309912.90000000,627753.51288000,0
1764968400000000,2.02320000,2.03250000,2.02260000,2.03160000,728143.80000000,1764969299999999,1476962.92593000,9488,407068.90000000,825541.23832000,0
1764969300000000,2.03150000,2.03280000,2.02660000,2.02740000,416945.70000000,1764970199999999,846684.76415000,4363,203234.90000000,412638.85968000,0
1764970200000000,2.02740000,2.02960000,2.02350000,2.02430000,532087.80000000,1764971099999999,1078341.77254000,5380,334693.90000000,678379.92856000,0
1764971100000000,2.02430000,2.02810000,2.02010000,2.02810000,562516.30000000,1764971999999999,1138427.39515000,5432,264390.20000000,535111.84422000,0
1764972000000000,2.02810000,2.02820000,2.01970000,2.02080000,494559.90000000,1764972899999999,1000524.47752000,7147,253751.20000000,513335.63243000,0
1764972900000000,2.02080000,2.03150000,2.02080000,2.03150000,560170.60000000,1764973799999999,1134887.61518000,5808,244543.40000000,495491.87875000,0
1764973800000000,2.03140000,2.03650000,2.02850000,2.03570000,551557.70000000,1764974699999999,1121656.78916000,5483,322324.90000000,655650.68453000,0
1764974700000000,2.03570000,2.03630000,2.03150000,2.03190000,208374.90000000,1764975599999999,423768.84053000,3020,116547.00000000,237005.51597000,0
1764975600000000,2.03200000,2.03260000,2.02310000,2.02950000,369821.20000000,1764976499999999,749565.73636000,6964,201217.00000000,407830.90297000,0
1764976500000000,2.02950000,2.03400000,2.02950000,2.03390000,255976.90000000,1764977399999999,519975.53261000,3388,137915.60000000,280133.31568000,0
1764977400000000,2.03380000,2.03720000,2.03270000,2.03470000,296811.80000000,1764978299999999,604002.15914000,3507,182023.80000000,370407.57271000,0
1764978300000000,2.03460000,2.03790000,2.03310000,2.03440000,420677.40000000,1764979199999999,855983.20963000,3475,259321.40000000,527605.00606000,0
1764979200000000,2.03440000,2.03440000,2.01970000,2.02260000,1191326.00000000,1764980099999999,2413338.25733000,7283,777520.10000000,1574918.59240000,0
1764980100000000,2.02260000,2.02710000,2.01780000,2.02680000,1140930.10000000,1764980999999999,2305762.57476000,7920,542144.00000000,1095561.48850000,0
1764981000000000,2.02680000,2.03340000,2.02450000,2.03300000,451373.80000000,1764981899999999,916415.99080000,5887,301514.20000000,612097.25220000,0
1764981900000000,2.03290000,2.03470000,2.02920000,2.03350000,646270.90000000,1764982799999999,1313170.53447000,4101,428924.00000000,871590.04165000,0
1764982800000000,2.03340000,2.03630000,2.03160000,2.03620000,402430.00000000,1764983699999999,818308.55417000,3828,281052.30000000,571540.22871000,0
1764983700000000,2.03630000,2.03930000,2.03290000,2.03560000,615576.70000000,1764984599999999,1254013.05796000,5020,452697.60000000,922207.17069000,0
1764984600000000,2.03550000,2.03550000,2.02730000,2.02790000,373798.70000000,1764985499999999,759084.79128000,4719,163822.80000000,332578.24122000,0
1764985500000000,2.02780000,2.03270000,2.02680000,2.03050000,211898.90000000,1764986399999999,430244.53437000,4192,123186.60000000,250123.41354000,0
1764986400000000,2.03060000,2.03070000,2.02540000,2.02820000,285203.40000000,1764987299999999,578456.37453000,4687,155952.60000000,316292.74785000,0
1764987300000000,2.02810000,2.03000000,2.02650000,2.02880000,157094.80000000,1764988199999999,318637.58202000,4307,96491.20000000,195703.14994000,0
1764988200000000,2.02880000,2.03290000,2.02770000,2.03060000,540168.50000000,1764989099999999,1096834.70593000,4530,425169.40000000,863353.35945000,0
1764989100000000,2.03060000,2.03330000,2.03000000,2.03270000,202989.50000000,1764989999999999,412386.40203000,3448,81173.80000000,164893.89717000,0
1764990000000000,2.03270000,2.04240000,2.03240000,2.04020000,393127.50000000,1764990899999999,801715.95080000,5602,220426.60000000,449428.36264000,0
1764990900000000,2.04030000,2.04150000,2.03510000,2.03590000,230481.00000000,1764991799999999,469663.26283000,3961,108360.70000000,220800.25677000,0
1764991800000000,2.03580000,2.04050000,2.03530000,2.03750000,270268.70000000,1764992699999999,551010.29174000,4082,165685.60000000,337838.02515000,0
1764992700000000,2.03760000,2.03970000,2.03710000,2.03880000,251000.40000000,1764993599999999,511706.56047000,3839,131651.20000000,268387.28318000,0
1764993600000000,2.03890000,2.04160000,2.03560000,2.03620000,386766.90000000,1764994499999999,788548.97412000,4390,252543.20000000,514930.20068000,0
1764994500000000,2.03610000,2.03770000,2.03430000,2.03740000,203906.30000000,1764995399999999,415236.42521000,4059,126976.90000000,258587.09827000,0
1764995400000000,2.03730000,2.04040000,2.03620000,2.03800000,236374.90000000,1764996299999999,481817.86279000,3432,128494.10000000,261909.20374000,0
1764996300000000,2.03800000,2.04130000,2.03620000,2.04110000,281247.00000000,1764997199999999,573508.13164000,3149,155372.90000000,316864.65848000,0
1764997200000000,2.04100000,2.04340000,2.03980000,2.04120000,437475.00000000,1764998099999999,893011.55199000,3318,265920.80000000,542867.42416000,0
1764998100000000,2.04120000,2.04130000,2.03620000,2.03960000,380333.30000000,1764998999999999,775434.87878000,3672,182797.60000000,372597.27184000,0
1764999000000000,2.03960000,2.04180000,2.03670000,2.04090000,244487.60000000,1764999899999999,498682.22954000,2907,152357.20000000,310746.65549000,0
1764999900000000,2.04090000,2.04470000,2.04040000,2.04380000,254859.80000000,1765000799999999,520712.69399000,3158,163117.80000000,333255.66086000,0
1765000800000000,2.04380000,2.04540000,2.04150000,2.04390000,378227.00000000,1765001699999999,772809.38973000,3592,245746.60000000,502076.80728000,0
1765001700000000,2.04400000,2.05040000,2.04370000,2.05040000,486100.90000000,1765002599999999,994812.76738000,4162,309460.70000000,633346.15790000,0
1765002600000000,2.05030000,2.05040000,2.03710000,2.03760000,605898.30000000,1765003499999999,1237250.12479000,4513,357359.70000000,729427.91270000,0
1765003500000000,2.03750000,2.03890000,2.03500000,2.03570000,439580.40000000,1765004399999999,895543.34533000,3434,324978.70000000,662099.78258000,0
1765004400000000,2.03560000,2.03910000,2.03500000,2.03680000,258699.50000000,1765005299999999,526950.04813000,3455,154357.20000000,314397.92910000,0
1765005300000000,2.03680000,2.03750000,2.03060000,2.03070000,570452.10000000,1765006199999999,1159954.91088000,4769,230878.50000000,469539.08902000,0
1765006200000000,2.03070000,2.03330000,2.02810000,2.03200000,922844.00000000,1765007099999999,1873335.42615000,6738,416230.30000000,844936.89602000,0
1765007100000000,2.03190000,2.03430000,2.02950000,2.03030000,296098.60000000,1765007999999999,601624.99953000,2984,127884.20000000,259842.18607000,0
1765008000000000,2.03040000,2.03060000,2.02670000,2.02800000,355445.20000000,1765008899999999,721097.45514000,3240,123400.60000000,250331.19762000,0
1765008900000000,2.02800000,2.03080000,2.02000000,2.02170000,969731.80000000,1765009799999999,1963324.78041000,7560,525720.10000000,1064660.75781000,0
1765009800000000,2.02170000,2.02280000,2.01700000,2.02140000,788713.10000000,1765010699999999,1593052.88545000,7765,357768.10000000,722636.40936000,0
1765010700000000,2.02140000,2.02260000,2.01540000,2.01750000,711019.90000000,1765011599999999,1435577.89506000,7244,346761.40000000,700172.50978000,0
1765011600000000,2.01750000,2.02720000,2.01750000,2.02450000,740362.90000000,1765012499999999,1497582.56976000,7516,437741.10000000,885376.63005000,0
1765012500000000,2.02450000,2.02600000,2.02340000,2.02550000,562757.60000000,1765013399999999,1139320.59416000,5448,379297.50000000,767864.70319000,0
1765013400000000,2.02540000,2.02870000,2.02220000,2.02700000,466911.60000000,1765014299999999,945416.64520000,5266,230144.80000000,466066.45282000,0
1765014300000000,2.02700000,2.02840000,2.02580000,2.02590000,348286.40000000,1765015199999999,706041.70031000,3902,202589.20000000,410686.69170000,0
1765015200000000,2.02590000,2.02690000,2.02190000,2.02410000,357822.60000000,1765016099999999,724128.13235000,3223,185860.60000000,376122.24537000,0
1765016100000000,2.02420000,2.02980000,2.02390000,2.02410000,301480.70000000,1765016999999999,610842.21640000,3965,154788.40000000,313625.67494000,0
1765017000000000,2.02410000,2.02670000,2.02280000,2.02570000,327080.10000000,1765017899999999,662161.36000000,3196,172452.00000000,349076.69668000,0
1765017900000000,2.02570000,2.02710000,2.02350000,2.02460000,358503.30000000,1765018799999999,726008.22085000,3668,148694.80000000,301139.75294000,0
1765018800000000,2.02450000,2.02920000,2.02310000,2.02760000,551484.40000000,1765019699999999,1117407.12639000,4167,258012.00000000,522768.96600000,0
1765019700000000,2.02760000,2.02930000,2.02700000,2.02750000,266784.50000000,1765020599999999,541113.00366000,3405,125564.10000000,254674.40279000,0
1765020600000000,2.02760000,2.03280000,2.02640000,2.03190000,498961.20000000,1765021499999999,1012816.58089000,4266,265354.80000000,538611.63451000,0
1765021500000000,2.03190000,2.03320000,2.03090000,2.03210000,436800.80000000,1765022399999999,887637.67648000,2451,191276.40000000,388701.96507000,0
1765022400000000,2.03210000,2.03430000,2.02630000,2.02760000,623732.70000000,1765023299999999,1266556.72257000,4655,222720.10000000,452405.84263000,0
1765023300000000,2.02770000,2.03130000,2.02760000,2.02990000,408079.10000000,1765024199999999,828202.56280000,3376,245962.70000000,499148.34076000,0
1765024200000000,2.02980000,2.03200000,2.02970000,2.03130000,185647.60000000,1765025099999999,376998.43231000,3785,88799.50000000,180329.67906000,0
1765025100000000,2.03130000,2.03300000,2.02960000,2.03040000,192079.30000000,1765025999999999,390061.13801000,3414,71799.50000000,145819.94362000,0
1765026000000000,2.03050000,2.03480000,2.03010000,2.03370000,468095.90000000,1765026899999999,951556.94251000,4081,218005.30000000,443159.82877000,0
1765026900000000,2.03370000,2.03620000,2.03260000,2.03530000,659680.00000000,1765027799999999,1342154.23598000,4454,249253.30000000,507127.05624000,0
1765027800000000,2.03540000,2.03940000,2.03390000,2.03560000,885078.60000000,1765028699999999,1802335.15687000,5638,283618.10000000,577572.57151000,0
1765028700000000,2.03560000,2.03560000,2.03100000,2.03110000,388081.00000000,1765029599999999,789264.26355000,3509,95411.50000000,194045.60041000,0
1765029600000000,2.03110000,2.03470000,2.02930000,2.03240000,364669.20000000,1765030499999999,740944.02353000,4554,164373.90000000,334038.32673000,0
1765030500000000,2.03250000,2.04740000,2.03240000,2.04050000,2031083.30000000,1765031399999999,4144987.00194000,16485,1083216.60000000,2209853.96724000,0
1765031400000000,2.04060000,2.04440000,2.03930000,2.04220000,1111252.20000000,1765032299999999,2269503.89383000,8712,352076.40000000,719053.56735000,0
1765032300000000,2.04220000,2.04510000,2.03840000,2.03950000,702034.90000000,1765033199999999,1432898.22580000,6637,254183.40000000,518906.93525000,0
1765033200000000,2.03960000,2.04070000,2.03260000,2.03490000,788445.80000000,1765034099999999,1605005.16896000,5971,223585.60000000,455133.39821000,0
1765034100000000,2.03490000,2.03490000,2.02280000,2.02520000,1044304.00000000,1765034999999999,2116974.56131000,10682,301731.10000000,611553.86714000,0
1765035000000000,2.02520000,2.03050000,2.02210000,2.03000000,663601.90000000,1765035899999999,1344630.53636000,7470,412433.90000000,835663.65996000,0
1765035900000000,2.03000000,2.03310000,2.02930000,2.02990000,452042.80000000,1765036799999999,918523.11838000,4479,165443.40000000,336175.30734000,0
1765036800000000,2.02980000,2.03600000,2.02760000,2.03530000,398288.80000000,1765037699999999,809791.65078000,6038,184204.00000000,374567.43873000,0
1765037700000000,2.03540000,2.03610000,2.03070000,2.03220000,338824.90000000,1765038599999999,689139.13353000,4001,199210.10000000,405098.37004000,0
1765038600000000,2.03210000,2.03860000,2.02920000,2.03770000,415539.90000000,1765039499999999,845307.56210000,6360,289683.70000000,589318.04290000,0
1765039500000000,2.03770000,2.03920000,2.03510000,2.03540000,264612.60000000,1765040399999999,538862.95706000,4252,167127.60000000,340317.36644000,0
1765040400000000,2.03540000,2.03770000,2.03420000,2.03550000,290019.60000000,1765041299999999,590400.87354000,4441,145333.00000000,295855.59344000,0
1765041300000000,2.03550000,2.03580000,2.03170000,2.03570000,459963.30000000,1765042199999999,935594.78032000,4210,131909.10000000,268328.70790000,0
1765042200000000,2.03570000,2.03570000,2.02920000,2.02960000,290179.00000000,1765043099999999,589608.67723000,4100,118353.70000000,240457.13575000,0
1765043100000000,2.02950000,2.03340000,2.02840000,2.03340000,199170.10000000,1765043999999999,404492.80189000,3350,125623.20000000,255126.27082000,0
1765044000000000,2.03340000,2.03420000,2.02960000,2.03410000,346662.00000000,1765044899999999,704399.54714000,3840,165180.50000000,335662.64435000,0
1765044900000000,2.03410000,2.03720000,2.03320000,2.03580000,304874.60000000,1765045799999999,620538.82557000,3757,208866.30000000,425148.14069000,0
1765045800000000,2.03580000,2.03810000,2.03260000,2.03330000,181321.30000000,1765046699999999,368974.17443000,3463,87878.50000000,178832.64336000,0
1765046700000000,2.03320000,2.03420000,2.02930000,2.03100000,191556.90000000,1765047599999999,389108.97126000,3832,95057.20000000,193129.84581000,0
1765047600000000,2.03100000,2.03370000,2.02170000,2.02800000,971984.80000000,1765048499999999,1970550.42744000,7661,386560.40000000,783405.72817000,0
1765048500000000,2.02800000,2.02960000,2.02600000,2.02960000,315650.10000000,1765049399999999,639997.82904000,3906,152943.40000000,310114.53812000,0
1765049400000000,2.02970000,2.03000000,2.02040000,2.02420000,855006.60000000,1765050299999999,1730294.95325000,6823,279199.30000000,564882.01454000,0
1765050300000000,2.02410000,2.02570000,2.02320000,2.02550000,235158.60000000,1765051199999999,476096.06944000,2953,78012.80000000,157945.09049000,0
1765051200000000,2.02550000,2.02830000,2.02290000,2.02570000,220589.70000000,1765052099999999,446920.64945000,4214,119625.70000000,242356.56674000,0
1765052100000000,2.02580000,2.02890000,2.02510000,2.02790000,402575.50000000,1765052999999999,815916.71531000,2979,200413.20000000,406178.10569000,0
1765053000000000,2.02800000,2.03160000,2.02630000,2.03160000,227068.20000000,1765053899999999,460627.69685000,3559,139644.00000000,283317.52716000,0
1765053900000000,2.03160000,2.03210000,2.02990000,2.03050000,246843.80000000,1765054799999999,501288.60852000,2135,103449.90000000,210064.08720000,0
1765054800000000,2.03040000,2.03720000,2.02900000,2.03030000,889099.70000000,1765055699999999,1807252.15051000,10598,434609.70000000,883353.40240000,0
1765055700000000,2.03020000,2.03410000,2.02900000,2.03190000,132622.40000000,1765056599999999,269444.37473000,4206,69271.60000000,140731.58578000,0
1765056600000000,2.03180000,2.03540000,2.03160000,2.03350000,372135.70000000,1765057499999999,756776.90407000,3523,189440.30000000,385196.18011000,0
1765057500000000,2.03350000,2.03460000,2.03190000,2.03340000,238304.00000000,1765058399999999,484580.84939000,3093,140389.10000000,285470.19826000,0
1765058400000000,2.03340000,2.03430000,2.02780000,2.03390000,211740.70000000,1765059299999999,430266.67799000,3484,91857.90000000,186643.26027000,0
1765059300000000,2.03400000,2.03600000,2.03030000,2.03030000,251707.80000000,1765060199999999,511820.24543000,3327,145833.10000000,296526.98934000,0
1765060200000000,2.03040000,2.03190000,2.03000000,2.03140000,199314.80000000,1765061099999999,404789.89754000,2044,81238.40000000,164984.20169000,0
1765061100000000,2.03140000,2.03170000,2.02750000,2.02820000,128642.90000000,1765061999999999,261021.08737000,2596,48287.00000000,97975.47728000,0
1765062000000000,2.02820000,2.02960000,2.02400000,2.02910000,470548.80000000,1765062899999999,953702.22918000,6476,225786.40000000,457691.46901000,0
1765062900000000,2.02910000,2.03160000,2.02400000,2.02670000,375111.50000000,1765063799999999,760684.78530000,5910,167127.70000000,338906.64671000,0
1765063800000000,2.02670000,2.02970000,2.02450000,2.02960000,189253.00000000,1765064699999999,383553.29307000,3977,107225.40000000,217275.37853000,0
1765064700000000,2.02960000,2.03470000,2.02880000,2.03090000,197308.30000000,1765065599999999,400948.62818000,3600,101357.80000000,205960.33463000,0
1765065600000000,2.03100000,2.03350000,2.02950000,2.03080000,231006.60000000,1765066499999999,469294.87328000,3577,97942.70000000,198926.71206000,0
1765066500000000,2.03090000,2.03460000,2.03050000,2.03360000,181467.70000000,1765067399999999,368987.93792000,3734,110598.80000000,224878.37330000,0
1765067400000000,2.03360000,2.03710000,2.03360000,2.03530000,329955.90000000,1765068299999999,671658.10566000,3331,231435.10000000,471105.04548000,0
1765068300000000,2.03520000,2.03940000,2.03410000,2.03730000,365462.60000000,1765069199999999,744405.69487000,4486,230165.00000000,468788.90567000,0
1765069200000000,2.03740000,2.03960000,2.03560000,2.03910000,233652.30000000,1765070099999999,476076.85444000,3821,126424.90000000,257610.29779000,0
1765070100000000,2.03910000,2.04290000,2.03810000,2.04000000,320010.50000000,1765070999999999,653052.96159000,4613,204990.50000000,418310.91256000,0
1765071000000000,2.04010000,2.04150000,2.03870000,2.04020000,274564.30000000,1765071899999999,560131.30933000,3938,138112.70000000,281751.10325000,0
1765071900000000,2.04010000,2.04120000,2.03400000,2.03410000,233469.10000000,1765072799999999,475815.74343000,4179,85906.80000000,175138.77292000,0
1765072800000000,2.03400000,2.03810000,2.03400000,2.03650000,161041.30000000,1765073699999999,327945.36475000,3838,56141.20000000,114320.21641000,0
1765073700000000,2.03660000,2.04240000,2.03660000,2.04180000,236684.60000000,1765074599999999,482802.71572000,3321,153026.60000000,312145.80318000,0
1765074600000000,2.04180000,2.04570000,2.03980000,2.04550000,290076.40000000,1765075499999999,592600.13275000,4518,116548.10000000,238051.26004000,0
1765075500000000,2.04560000,2.04940000,2.04290000,2.04820000,440299.20000000,1765076399999999,900615.65724000,4913,256414.50000000,524440.50409000,0
1765076400000000,2.04830000,2.05300000,2.04750000,2.05010000,740244.70000000,1765077299999999,1517931.66007000,5757,268284.70000000,550246.42802000,0
1765077300000000,2.05020000,2.05940000,2.04980000,2.05460000,572201.50000000,1765078199999999,1175318.74309000,6031,248885.00000000,511189.93865000,0
1765078200000000,2.05460000,2.06230000,2.05070000,2.06230000,559613.90000000,1765079099999999,1150686.47072000,6675,271090.00000000,557399.14307000,0
1765079100000000,2.06230000,2.07230000,2.06000000,2.06850000,1215158.70000000,1765079999999999,2513033.31694000,14059,549763.20000000,1136616.05216000,0
1765080000000000,2.06850000,2.07380000,2.06590000,2.06660000,590305.90000000,1765080899999999,1221859.29276000,11028,282518.30000000,584789.83614000,0
1765080900000000,2.06660000,2.06660000,2.06040000,2.06040000,483167.50000000,1765081799999999,997073.58597000,6641,194552.70000000,401431.14999000,0
1765081800000000,2.06030000,2.06090000,2.05250000,2.05450000,497896.90000000,1765082699999999,1023937.76231000,6926,177616.10000000,365289.53294000,0
1765082700000000,2.05450000,2.05490000,2.05230000,2.05310000,362960.60000000,1765083599999999,745382.75466000,4528,174236.00000000,357804.31393000,0
1765083600000000,2.05310000,2.05680000,2.04810000,2.05000000,618500.00000000,1765084499999999,1269037.46557000,6024,243451.60000000,499652.04097000,0
1765084500000000,2.05000000,2.05200000,2.04670000,2.04700000,289952.00000000,1765085399999999,594215.92499000,3382,97950.00000000,200725.82869000,0
1765085400000000,2.04700000,2.05300000,2.04540000,2.05070000,368641.20000000,1765086299999999,755812.39774000,3314,148276.10000000,303931.43788000,0
1765086300000000,2.05070000,2.05070000,2.04670000,2.04850000,300487.30000000,1765087199999999,615490.76563000,3039,154929.40000000,317318.79048000,0
1765087200000000,2.04850000,2.05200000,2.04830000,2.05140000,182078.30000000,1765088099999999,373366.71354000,3104,65696.10000000,134694.38853000,0
1765088100000000,2.05150000,2.05270000,2.04880000,2.04890000,222330.10000000,1765088999999999,455891.12751000,3661,135171.30000000,277176.86836000,0
1765089000000000,2.04890000,2.04900000,2.04580000,2.04720000,172420.70000000,1765089899999999,353060.05324000,3153,82406.80000000,168748.62189000,0
1765089900000000,2.04720000,2.04790000,2.04400000,2.04640000,174899.80000000,1765090799999999,357877.87651000,3287,79282.40000000,162208.97328000,0
1765090800000000,2.04630000,2.04930000,2.03680000,2.03780000,440759.70000000,1765091699999999,899835.89558000,6417,218210.80000000,445533.57337000,0
1765091700000000,2.03790000,2.03850000,2.03420000,2.03650000,375029.00000000,1765092599999999,763608.58259000,5144,185829.90000000,378380.54547000,0
1765092600000000,2.03650000,2.03650000,2.02830000,2.02960000,855772.40000000,1765093499999999,1737850.06492000,7667,348951.20000000,708530.06133000,0
1765093500000000,2.02950000,2.03340000,2.02860000,2.03090000,391616.70000000,1765094399999999,795268.14764000,3643,271133.70000000,550537.94186000,0
1765094400000000,2.03090000,2.03120000,2.02570000,2.02620000,417925.50000000,1765095299999999,847621.39294000,5347,207067.70000000,419971.93169000,0
1765095300000000,2.02630000,2.03090000,2.02500000,2.02950000,453813.10000000,1765096199999999,920406.00372000,5160,183967.00000000,373070.69340000,0
1765096200000000,2.02960000,2.03620000,2.02880000,2.03470000,400737.90000000,1765097099999999,814517.39744000,5553,208534.50000000,423762.56402000,0
1765097100000000,2.03470000,2.03580000,2.03020000,2.03050000,394664.40000000,1765097999999999,802610.21397000,4970,168761.40000000,343169.30590000,0
1765098000000000,2.03060000,2.03430000,2.03060000,2.03410000,212587.40000000,1765098899999999,432050.15527000,4274,106076.30000000,215573.82894000,0
1765098900000000,2.03420000,2.03610000,2.02440000,2.02830000,543839.70000000,1765099799999999,1102997.97801000,7360,210382.70000000,426761.14120000,0
1765099800000000,2.02840000,2.03130000,2.02790000,2.02960000,308247.40000000,1765100699999999,625580.28629000,4810,115694.00000000,234796.64605000,0
1765100700000000,2.02960000,2.02980000,2.02560000,2.02860000,645779.30000000,1765101599999999,1309932.53925000,4744,152243.80000000,308822.46650000,0
1765101600000000,2.02860000,2.03390000,2.02660000,2.03390000,301912.20000000,1765102499999999,612853.01607000,4178,162906.40000000,330714.59681000,0
1765102500000000,2.03390000,2.03450000,2.03030000,2.03150000,249892.20000000,1765103399999999,508025.14817000,3036,118961.30000000,241839.41951000,0
1765103400000000,2.03140000,2.03540000,2.02810000,2.03440000,297946.60000000,1765104299999999,605493.12253000,4546,147587.90000000,299901.15925000,0
1765104300000000,2.03450000,2.03560000,2.03020000,2.03090000,227002.90000000,1765105199999999,461564.04557000,3738,97962.80000000,199156.00872000,0
1765105200000000,2.03090000,2.03310000,2.02840000,2.03310000,184312.30000000,1765106099999999,374170.36975000,3333,89899.00000000,182496.96140000,0
1765106100000000,2.03300000,2.03440000,2.03080000,2.03220000,195064.00000000,1765106999999999,396508.80665000,3310,88548.90000000,179991.31088000,0
1765107000000000,2.03230000,2.03460000,2.03150000,2.03360000,194323.70000000,1765107899999999,395137.99268000,2623,82851.00000000,168461.29484000,0
1765107900000000,2.03350000,2.03420000,2.03120000,2.03380000,201701.30000000,1765108799999999,409952.05522000,2912,81275.20000000,165194.40820000,0
1765108800000000,2.03380000,2.04210000,2.03210000,2.04150000,333986.60000000,1765109699999999,680903.70813000,4685,232115.80000000,473267.61013000,0
1765109700000000,2.04140000,2.04560000,2.04090000,2.04420000,323905.20000000,1765110599999999,661964.94639000,5100,163929.20000000,335012.33516000,0
1765110600000000,2.04430000,2.04700000,2.04220000,2.04320000,380491.20000000,1765111499999999,777901.74813000,4197,187951.20000000,384325.43089000,0
1765111500000000,2.04330000,2.05070000,2.04290000,2.04690000,533254.50000000,1765112399999999,1092390.94856000,5781,315020.20000000,645256.16030000,0
1765112400000000,2.04690000,2.04790000,2.03890000,2.03960000,388975.30000000,1765113299999999,794995.52325000,6091,195954.90000000,400581.81267000,0
1765113300000000,2.03960000,2.04090000,2.02620000,2.03270000,808806.30000000,1765114199999999,1643756.84996000,13900,338308.40000000,687618.63810000,0
1765114200000000,2.03270000,2.03490000,2.02790000,2.03030000,410107.90000000,1765115099999999,833020.32071000,7239,184401.20000000,374565.52552000,0
1765115100000000,2.03020000,2.03370000,2.02850000,2.03120000,313692.80000000,1765115999999999,637247.10122000,5742,170466.20000000,346300.83708000,0
1765116000000000,2.03130000,2.03230000,2.02240000,2.02490000,1044324.40000000,1765116899999999,2115483.74756000,12461,464824.70000000,941468.74211000,0
1765116900000000,2.02490000,2.02610000,1.98940000,2.00610000,9838861.40000000,1765117799999999,19711629.38323000,60439,4225071.60000000,8465174.65127000,0
1765117800000000,2.00610000,2.01420000,1.99770000,2.00370000,2191762.50000000,1765118699999999,4395442.09035000,32071,1131730.60000000,2269688.60493000,0
1765118700000000,2.00370000,2.00780000,1.99610000,1.99910000,1541984.60000000,1765119599999999,3085855.23142000,16659,688566.10000000,1378084.72019000,0
1765119600000000,1.99910000,2.03050000,1.99850000,2.02320000,2943155.90000000,1765120499999999,5919964.56315000,27214,1490583.30000000,2999885.32686000,0
1765120500000000,2.02310000,2.02680000,2.01520000,2.01700000,757174.60000000,1765121399999999,1529042.68615000,12270,348590.80000000,703992.74923000,0
1765121400000000,2.01690000,2.02490000,2.01660000,2.01880000,677006.60000000,1765122299999999,1367797.31311000,10693,327094.20000000,660954.69026000,0
1765122300000000,2.01870000,2.05570000,2.01800000,2.05270000,2485531.40000000,1765123199999999,5079236.71664000,28272,1306296.40000000,2669811.60828000,0
1765123200000000,2.05270000,2.05310000,2.03910000,2.04190000,1528166.20000000,1765124099999999,3126111.09624000,18391,573015.90000000,1172419.74919000,0
1765124100000000,2.04190000,2.04830000,2.03810000,2.04690000,980042.00000000,1765124999999999,2003789.50816000,13892,582617.30000000,1191380.52708000,0
1765125000000000,2.04690000,2.04960000,2.03820000,2.04660000,1261360.80000000,1765125899999999,2578277.40418000,12895,680552.60000000,1390655.44682000,0
1765125900000000,2.04660000,2.05880000,2.04220000,2.05800000,756819.60000000,1765126799999999,1550901.16971000,10417,342789.80000000,702685.95431000,0
1765126800000000,2.05800000,2.06060000,2.05180000,2.06050000,947420.00000000,1765127699999999,1947773.42664000,16866,526157.20000000,1081749.53187000,0
1765127700000000,2.06050000,2.07980000,2.06040000,2.07630000,3390142.20000000,1765128599999999,7027764.57315000,38716,1687003.90000000,3497210.17903000,0
1765128600000000,2.07640000,2.09620000,2.07640000,2.08650000,3684178.30000000,1765129499999999,7686988.96648000,32772,2298928.20000000,4795886.81000000,0
1765129500000000,2.08640000,2.09380000,2.08310000,2.08750000,1814826.80000000,1765130399999999,3791490.28774000,17620,933341.30000000,1949932.58932000,0
1765130400000000,2.08750000,2.10230000,2.08750000,2.10180000,2078035.10000000,1765131299999999,4355456.01933000,20894,1191021.40000000,2496088.70887000,0
1765131300000000,2.10180000,2.11070000,2.09920000,2.10370000,1219827.80000000,1765132199999999,2568823.53652000,19672,544964.60000000,1147540.90460000,0
1765132200000000,2.10380000,2.10760000,2.09700000,2.09920000,1171855.50000000,1765133099999999,2463218.91424000,17879,324630.30000000,682484.04620000,0
1765133100000000,2.09920000,2.11090000,2.09910000,2.10350000,828977.00000000,1765133999999999,1745028.81985000,13411,273352.20000000,575471.73155000,0
1765134000000000,2.10360000,2.10750000,2.09740000,2.10400000,952082.30000000,1765134899999999,2001953.91597000,12092,317573.60000000,667838.84426000,0
1765134900000000,2.10400000,2.10450000,2.09040000,2.09270000,1311867.60000000,1765135799999999,2748436.54747000,10684,527363.10000000,1104396.55669000,0
1765135800000000,2.09260000,2.09490000,2.08790000,2.09310000,779562.30000000,1765136699999999,1630289.26557000,10772,271248.40000000,567380.44166000,0
1765136700000000,2.09320000,2.09360000,2.08410000,2.08710000,766565.20000000,1765137599999999,1600127.20413000,7846,314302.00000000,655942.39724000,0
1765137600000000,2.08720000,2.08950000,2.07910000,2.08220000,1146869.00000000,1765138499999999,2388652.44653000,10033,484785.40000000,1009760.06252000,0
1765138500000000,2.08230000,2.09070000,2.08190000,2.09060000,513645.90000000,1765139399999999,1071608.79502000,7967,325405.70000000,678896.00844000,0
1765139400000000,2.09060000,2.09370000,2.08650000,2.09090000,428491.50000000,1765140299999999,895664.99373000,5878,211364.20000000,441754.74735000,0
1765140300000000,2.09080000,2.09160000,2.08250000,2.08470000,530295.60000000,1765141199999999,1106278.22205000,6849,240440.40000000,501686.31423000,0
1765141200000000,2.08470000,2.08480000,2.07240000,2.07380000,706992.50000000,1765142099999999,1468416.31431000,9453,234123.00000000,486430.13064000,0
1765142100000000,2.07380000,2.07390000,2.06600000,2.06780000,1140766.10000000,1765142999999999,2361026.37173000,8441,521604.60000000,1079490.33031000,0
1765143000000000,2.06780000,2.07150000,2.05730000,2.05960000,1081735.80000000,1765143899999999,2232007.19513000,11230,343595.30000000,709174.03627000,0
1765143900000000,2.05970000,2.06060000,2.03540000,2.04910000,1844041.00000000,1765144799999999,3774481.94481000,25100,840924.70000000,1720852.85605000,0
1765144800000000,2.04900000,2.04900000,2.01230000,2.03030000,3346066.60000000,1765145699999999,6782381.06967000,53029,1584161.40000000,3210704.80409000,0
1765145700000000,2.03040000,2.03650000,2.02000000,2.03500000,2230373.50000000,1765146599999999,4525910.29443000,27612,1045719.00000000,2121832.76299000,0
1765146600000000,2.03510000,2.04920000,2.03250000,2.04430000,1145846.50000000,1765147499999999,2338536.42004000,17514,567021.40000000,1157022.51352000,0
1765147500000000,2.04430000,2.04750000,2.02280000,2.02910000,954453.30000000,1765148399999999,1942528.72028000,21955,346454.80000000,704929.41330000,0
1765148400000000,2.02900000,2.03440000,2.02310000,2.03160000,683418.80000000,1765149299999999,1387471.92682000,13473,397735.90000000,807674.84433000,0
1765149300000000,2.03160000,2.03800000,2.03020000,2.03640000,874540.60000000,1765150199999999,1778587.51120000,10661,394232.10000000,801869.10875000,0
1765150200000000,2.03640000,2.03920000,2.03190000,2.03560000,333940.50000000,1765151099999999,679894.36991000,5561,107991.20000000,219778.92156000,0
1765151100000000,2.03570000,2.04530000,2.03510000,2.04420000,439155.40000000,1765151999999999,896785.29276000,5495,255951.80000000,522672.33049000,0
1765152000000000,2.04420000,2.04660000,2.03810000,2.03970000,1524682.90000000,1765152899999999,3113691.88027000,10598,769567.50000000,1571406.70957000,0
1765152900000000,2.03960000,2.04210000,2.03190000,2.04010000,417998.90000000,1765153799999999,851684.25441000,7930,204338.90000000,416387.87306000,0
1765153800000000,2.04010000,2.04930000,2.03900000,2.04440000,451087.00000000,1765154699999999,922936.75662000,7558,182541.40000000,373472.61731000,0
1765154700000000,2.04430000,2.04780000,2.04020000,2.04500000,301075.80000000,1765155599999999,615647.51957000,6164,167959.20000000,343505.59420000,0
1765155600000000,2.04490000,2.05660000,2.04420000,2.05520000,834519.80000000,1765156499999999,1711183.78518000,8107,431594.40000000,884410.36026000,0
1765156500000000,2.05520000,2.07070000,2.05210000,2.07040000,1128201.70000000,1765157399999999,2325203.31531000,10538,552173.20000000,1138844.21844000,0
1765157400000000,2.07040000,2.09120000,2.07040000,2.07890000,2213750.10000000,1765158299999999,4609591.36392000,27244,1175550.10000000,2447395.06808000,0
1765158300000000,2.07880000,2.08040000,2.06690000,2.06800000,1175172.80000000,1765159199999999,2435878.64694000,14263,405586.40000000,840420.98460000,0
1765159200000000,2.06810000,2.06840000,2.06140000,2.06430000,675942.30000000,1765160099999999,1395810.89546000,10263,303208.90000000,625996.04281000,0
1765160100000000,2.06420000,2.06860000,2.06380000,2.06440000,378292.00000000,1765160999999999,781335.63258000,7701,191446.40000000,395382.36675000,0
1765161000000000,2.06430000,2.06790000,2.05860000,2.06740000,563495.40000000,1765161899999999,1162653.50569000,8271,172714.00000000,356418.28555000,0
1765161900000000,2.06740000,2.07780000,2.06740000,2.07400000,602205.20000000,1765162799999999,1248034.26170000,6747,291005.50000000,603113.18111000,0
1765162800000000,2.07400000,2.07530000,2.06480000,2.06580000,474727.90000000,1765163699999999,982376.23977000,6639,176155.00000000,364460.11585000,0
1765163700000000,2.06570000,2.07730000,2.06430000,2.07510000,575032.80000000,1765164599999999,1191990.71452000,6767,255662.80000000,529828.51985000,0
1765164600000000,2.07500000,2.07540000,2.06760000,2.06950000,635009.80000000,1765165499999999,1314977.74509000,7124,283566.10000000,587347.26792000,0
1765165500000000,2.06940000,2.07290000,2.06820000,2.07190000,459731.80000000,1765166399999999,952079.15530000,5424,215984.20000000,447241.05145000,0
1765166400000000,2.07200000,2.08040000,2.07010000,2.07680000,590594.20000000,1765167299999999,1225625.20352000,9040,328332.30000000,681238.33280000,0
1765167300000000,2.07680000,2.08220000,2.07440000,2.07840000,546537.60000000,1765168199999999,1135747.47304000,7341,251450.30000000,522581.97191000,0
1765168200000000,2.07830000,2.08650000,2.07310000,2.07700000,543314.00000000,1765169099999999,1130430.77960000,9776,318437.10000000,662690.61497000,0
1765169100000000,2.07700000,2.07770000,2.07120000,2.07420000,410278.40000000,1765169999999999,851262.63072000,5050,250226.30000000,519230.27530000,0
1765170000000000,2.07420000,2.07500000,2.06970000,2.07180000,389586.10000000,1765170899999999,807377.97936000,4740,176411.60000000,365499.21469000,0
1765170900000000,2.07190000,2.07850000,2.07140000,2.07720000,283416.80000000,1765171799999999,588282.73758000,4455,98143.10000000,203757.14913000,0
1765171800000000,2.07730000,2.08300000,2.07640000,2.07850000,383292.30000000,1765172699999999,797181.72853000,5696,202439.10000000,421055.90840000,0
1765172700000000,2.07850000,2.08000000,2.07710000,2.07840000,259726.00000000,1765173599999999,539860.06960000,3676,113843.10000000,236615.69999000,0
1765173600000000,2.07840000,2.07960000,2.07440000,2.07620000,255152.70000000,1765174499999999,529887.66170000,4750,136676.20000000,283846.68690000,0
1765174500000000,2.07620000,2.07770000,2.07240000,2.07760000,315469.40000000,1765175399999999,654536.60821000,4040,113038.80000000,234554.60498000,0
1765175400000000,2.07770000,2.08260000,2.07730000,2.08170000,378848.80000000,1765176299999999,788154.50893000,6775,144295.80000000,300143.73998000,0
1765176300000000,2.08180000,2.08470000,2.07980000,2.08020000,672705.30000000,1765177199999999,1400878.43822000,5863,342870.40000000,714030.04810000,0
1765177200000000,2.08010000,2.08410000,2.07860000,2.08200000,468854.40000000,1765178099999999,976103.61618000,5533,189204.80000000,393888.13779000,0
1765178100000000,2.08210000,2.09000000,2.08110000,2.09000000,689843.10000000,1765178999999999,1439475.17637000,5668,407217.70000000,849688.07570000,0
1765179000000000,2.09000000,2.09460000,2.08840000,2.08880000,939132.80000000,1765179899999999,1964706.53370000,7268,355218.10000000,743003.27845000,0
1765179900000000,2.08870000,2.08870000,2.08210000,2.08660000,551680.30000000,1765180799999999,1150201.28012000,8183,201834.60000000,420698.77225000,0
1765180800000000,2.08650000,2.08660000,2.08110000,2.08560000,369150.60000000,1765181699999999,769324.84756000,5508,193825.10000000,403913.81652000,0
1765181700000000,2.08550000,2.09060000,2.08550000,2.08890000,588661.10000000,1765182599999999,1229510.13339000,4770,323837.80000000,676337.66285000,0
1765182600000000,2.08900000,2.09310000,2.08520000,2.09300000,484197.30000000,1765183499999999,1011494.90341000,4535,316559.80000000,661343.82598000,0
1765183500000000,2.09300000,2.09480000,2.08890000,2.09120000,883030.40000000,1765184399999999,1846448.23031000,6689,551245.00000000,1152636.00753000,0
1765184400000000,2.09110000,2.12390000,2.09010000,2.11050000,4408109.80000000,1765185299999999,9308141.25975000,36476,2381943.80000000,5026975.74857000,0
1765185300000000,2.11040000,2.11330000,2.10520000,2.10720000,1072260.90000000,1765186199999999,2260979.35965000,11600,476430.40000000,1004569.43459000,0
1765186200000000,2.10710000,2.10760000,2.10330000,2.10370000,737889.10000000,1765187099999999,1553361.12114000,9332,268298.20000000,564839.03998000,0
1765187100000000,2.10360000,2.10360000,2.09860000,2.10100000,1031937.50000000,1765187999999999,2167555.27281000,7126,550198.50000000,1155562.25130000,0
1765188000000000,2.10090000,2.10630000,2.09990000,2.10290000,754781.40000000,1765188899999999,1587100.78606000,9368,365423.70000000,768405.27505000,0
1765188900000000,2.10280000,2.10280000,2.09710000,2.09790000,839693.10000000,1765189799999999,1762969.61635000,6282,300073.90000000,629977.70385000,0
1765189800000000,2.09790000,2.10150000,2.09600000,2.10070000,822005.10000000,1765190699999999,1725038.16112000,6599,293922.00000000,616994.26241000,0
1765190700000000,2.10060000,2.10250000,2.09770000,2.09840000,420959.40000000,1765191599999999,884194.23916000,5006,195578.80000000,410803.22152000,0
1765191600000000,2.09840000,2.09950000,2.09220000,2.09690000,1015255.30000000,1765192499999999,2126734.29799000,7911,492545.30000000,1031741.85815000,0
1765192500000000,2.09680000,2.09680000,2.09270000,2.09270000,462638.00000000,1765193399999999,968936.85696000,4259,204776.70000000,428842.10102000,0
1765193400000000,2.09270000,2.09310000,2.08730000,2.08900000,1347656.80000000,1765194299999999,2816440.59961000,10460,635001.70000000,1327013.04486000,0
1765194300000000,2.08900000,2.09350000,2.08730000,2.09040000,864162.30000000,1765195199999999,1806140.59255000,6734,311216.70000000,650546.31151000,0
1765195200000000,2.09040000,2.09370000,2.08740000,2.09330000,682588.20000000,1765196099999999,1427634.80030000,7341,371248.20000000,776520.91305000,0
1765196100000000,2.09330000,2.09460000,2.08640000,2.08870000,903180.00000000,1765196999999999,1888081.21835000,6878,323482.50000000,676159.92307000,0
1765197000000000,2.08880000,2.09380000,2.08490000,2.09100000,871419.10000000,1765197899999999,1821114.36557000,6085,354827.50000000,741450.73889000,0
1765197900000000,2.09090000,2.09740000,2.09090000,2.09520000,564538.20000000,1765198799999999,1182578.01763000,4714,253201.10000000,530340.30777000,0
1765198800000000,2.09520000,2.10200000,2.09280000,2.09300000,1308126.30000000,1765199699999999,2743682.13118000,9747,707662.20000000,1484626.76908000,0
1765199700000000,2.09290000,2.09640000,2.08930000,2.09630000,726888.80000000,1765200599999999,1520984.70972000,9776,359954.40000000,753206.58657000,0
1765200600000000,2.09630000,2.09890000,2.09270000,2.09710000,616451.10000000,1765201499999999,1291858.43780000,9557,231263.90000000,484659.50072000,0
1765201500000000,2.09710000,2.10000000,2.09640000,2.09850000,909169.10000000,1765202399999999,1907862.89275000,8329,248633.40000000,521812.13521000,0
1765202400000000,2.09860000,2.09940000,2.09460000,2.09820000,956345.40000000,1765203299999999,2005670.93590000,7988,205454.50000000,430869.11631000,0
1765203300000000,2.09820000,2.09900000,2.09000000,2.09580000,1193838.50000000,1765204199999999,2501154.23881000,11313,313676.20000000,657167.40835000,0
1765204200000000,2.09570000,2.11190000,2.08370000,2.10180000,8530918.80000000,1765205099999999,17902487.47195000,50335,5467494.90000000,11480312.88648000,0
1765205100000000,2.10180000,2.10560000,2.08310000,2.08390000,3115668.70000000,1765205999999999,6524103.54653000,28942,947512.10000000,1984847.51476000,0
1765206000000000,2.08400000,2.09350000,2.07360000,2.07930000,3925551.30000000,1765206899999999,8177862.57592000,37683,1332137.40000000,2775269.46515000,0
1765206900000000,2.07920000,2.08970000,2.07020000,2.07990000,3200049.10000000,1765207799999999,6658234.98308000,34172,993263.80000000,2067511.64634000,0
1765207800000000,2.07980000,2.08710000,2.06740000,2.07040000,2577682.00000000,1765208699999999,5355874.65123000,23964,860116.10000000,1787058.59732000,0
1765208700000000,2.07040000,2.08140000,2.06950000,2.07560000,1595132.80000000,1765209599999999,3310528.95220000,19865,705994.00000000,1465493.07812000,0
1765209600000000,2.07560000,2.07620000,2.06580000,2.06900000,1375541.60000000,1765210499999999,2849025.50717000,19630,493473.30000000,1022110.19292000,0
1765210500000000,2.06900000,2.08450000,2.06760000,2.08190000,1252948.30000000,1765211399999999,2604364.32582000,13659,606423.90000000,1260557.44793000,0
1765211400000000,2.08190000,2.08750000,2.07720000,2.08120000,811218.50000000,1765212299999999,1689398.69504000,16661,460582.70000000,959234.56358000,0
1765212300000000,2.08110000,2.08120000,2.06830000,2.07310000,592120.60000000,1765213199999999,1227976.06959000,10615,178847.60000000,370813.09734000,0
1765213200000000,2.07310000,2.08390000,2.06880000,2.08180000,1169535.80000000,1765214099999999,2428719.21139000,13384,621475.50000000,1290928.84765000,0
1765214100000000,2.08170000,2.08400000,2.07210000,2.07510000,527289.00000000,1765214999999999,1095125.71496000,8010,154195.20000000,320367.39183000,0
1765215000000000,2.07510000,2.07880000,2.06660000,2.06930000,509224.90000000,1765215899999999,1055299.42180000,8368,214848.00000000,445375.10038000,0
1765215900000000,2.06920000,2.08280000,2.06520000,2.07880000,732090.10000000,1765216799999999,1517317.38583000,12230,341287.90000000,707332.85450000,0
1765216800000000,2.07880000,2.08650000,2.07690000,2.07990000,526210.90000000,1765217699999999,1095552.41181000,11626,279782.30000000,582551.11384000,0
1765217700000000,2.07990000,2.08540000,2.07250000,2.07370000,525176.20000000,1765218599999999,1092049.01077000,9253,216236.60000000,449854.70581000,0
1765218600000000,2.07370000,2.08200000,2.06990000,2.08200000,398627.70000000,1765219499999999,827125.26140000,8666,154039.30000000,319735.65156000,0
1765219500000000,2.08190000,2.08500000,2.06280000,2.06820000,951266.20000000,1765220399999999,1969222.87943000,10377,406239.90000000,841257.51598000,0
1765220400000000,2.06820000,2.07940000,2.06760000,2.07520000,646535.80000000,1765221299999999,1341143.61152000,9294,249724.80000000,518121.76347000,0
1765221300000000,2.07520000,2.08000000,2.07220000,2.07830000,315831.70000000,1765222199999999,655726.17206000,6748,149534.20000000,310500.55385000,0
1765222200000000,2.07820000,2.08260000,2.07660000,2.07920000,251960.70000000,1765223099999999,523885.72676000,6405,105610.70000000,219612.03361000,0
1765223100000000,2.07930000,2.08430000,2.07610000,2.07790000,387017.80000000,1765223999999999,805227.62745000,5837,173610.60000000,361240.75099000,0
1765224000000000,2.07790000,2.08620000,2.07640000,2.08270000,776997.50000000,1765224899999999,1616949.06065000,8929,373353.20000000,776746.28146000,0
1765224900000000,2.08280000,2.08950000,2.08080000,2.08400000,1072131.30000000,1765225799999999,2235380.28318000,8900,520042.00000000,1084198.02774000,0
1765225800000000,2.08400000,2.08590000,2.07950000,2.08480000,322948.70000000,1765226699999999,672816.44300000,6841,125718.50000000,261869.77377000,0
1765226700000000,2.08490000,2.09410000,2.08350000,2.08740000,969208.40000000,1765227599999999,2024306.78512000,10431,510994.60000000,1067226.19647000,0
1765227600000000,2.08750000,2.08830000,2.07370000,2.07410000,1521719.80000000,1765228499999999,3170289.49348000,11715,519675.80000000,1082698.05148000,0
1765228500000000,2.07420000,2.08460000,2.07420000,2.08310000,688270.40000000,1765229399999999,1431731.31236000,8855,371383.80000000,772392.47474000,0
1765229400000000,2.08310000,2.09150000,2.08250000,2.08580000,814265.00000000,1765230299999999,1699347.74763000,9945,374695.80000000,781986.14938000,0
1765230300000000,2.08580000,2.09060000,2.08410000,2.08800000,486296.90000000,1765231199999999,1014998.69562000,5493,274800.60000000,573539.74735000,0
1765231200000000,2.08810000,2.08900000,2.07940000,2.08060000,493081.90000000,1765232099999999,1027497.40230000,5929,168845.30000000,351872.51905000,0
1765232100000000,2.08070000,2.08170000,2.07830000,2.07940000,343910.50000000,1765232999999999,715338.14933000,4488,103050.70000000,214348.51004000,0
1765233000000000,2.07940000,2.08170000,2.07450000,2.07680000,324975.40000000,1765233899999999,674999.33442000,5538,177441.60000000,368510.40988000,0
1765233900000000,2.07680000,2.08220000,2.07680000,2.07970000,113278.30000000,1765234799999999,235569.30059000,3755,61859.30000000,128648.16864000,0
1765234800000000,2.07970000,2.08130000,2.07430000,2.07440000,315424.70000000,1765235699999999,655406.19499000,8292,130638.50000000,271492.72365000,0
1765235700000000,2.07440000,2.07590000,2.06950000,2.07260000,482724.00000000,1765236599999999,1000295.49054000,6264,232503.50000000,481789.50467000,0
1765236600000000,2.07260000,2.07470000,2.07090000,2.07380000,168020.20000000,1765237499999999,348362.32877000,3569,88589.30000000,183683.51972000,0
1765237500000000,2.07380000,2.07410000,2.07130000,2.07240000,314648.20000000,1765238399999999,652175.94267000,3504,197708.20000000,409787.59661000,0
1765238400000000,2.07230000,2.07980000,2.07120000,2.07970000,302346.20000000,1765239299999999,627388.30626000,5523,174946.40000000,363051.78816000,0
1765239300000000,2.07970000,2.08270000,2.07460000,2.07470000,287436.20000000,1765240199999999,597557.86325000,5601,121679.80000000,253007.39700000,0
1765240200000000,2.07470000,2.07590000,2.06870000,2.07370000,362887.10000000,1765241099999999,751958.94877000,6030,140090.40000000,290272.94661000,0
1765241100000000,2.07380000,2.07570000,2.06970000,2.07160000,229938.50000000,1765241999999999,476573.52878000,4806,102460.30000000,212374.30697000,0
1765242000000000,2.07160000,2.07340000,2.06440000,2.07040000,559840.10000000,1765242899999999,1157682.89680000,8214,206251.50000000,426523.46816000,0
1765242900000000,2.07030000,2.07560000,2.06380000,2.06500000,447660.80000000,1765243799999999,927170.11044000,7841,181818.90000000,376538.47891000,0
1765243800000000,2.06500000,2.06600000,2.06030000,2.06180000,371772.30000000,1765244699999999,766941.76842000,7454,164823.90000000,340019.63862000,0
1765244700000000,2.06190000,2.06560000,2.05850000,2.06270000,557759.00000000,1765245599999999,1149970.55355000,7901,301632.50000000,622055.94243000,0
1765245600000000,2.06270000,2.07020000,2.06110000,2.06440000,654242.20000000,1765246499999999,1352373.53381000,8778,349172.00000000,721888.62929000,0
1765246500000000,2.06440000,2.07040000,2.06400000,2.06820000,383492.40000000,1765247399999999,792856.09697000,6228,232491.30000000,480578.06099000,0
1765247400000000,2.06820000,2.06940000,2.06430000,2.06600000,290941.30000000,1765248299999999,601226.67868000,5428,167668.20000000,346505.45085000,0
1765248300000000,2.06610000,2.07010000,2.06070000,2.06100000,379562.60000000,1765249199999999,783967.46081000,6261,173949.90000000,359339.97997000,0
1765249200000000,2.06110000,2.06370000,2.05940000,2.06170000,653636.30000000,1765250099999999,1347484.92165000,6163,271512.10000000,559799.98459000,0
1765250100000000,2.06170000,2.06510000,2.05680000,2.06160000,972015.60000000,1765250999999999,2002678.54991000,9155,540167.60000000,1113032.41243000,0
1765251000000000,2.06160000,2.07060000,2.06120000,2.06830000,566852.90000000,1765251899999999,1171728.69473000,7265,318242.40000000,657877.11666000,0
1765251900000000,2.06830000,2.07120000,2.06690000,2.06980000,405345.20000000,1765252799999999,838536.30837000,4245,219570.90000000,454181.25849000,0
1765252800000000,2.06980000,2.07070000,2.06620000,2.06660000,206296.50000000,1765253699999999,426677.59635000,3555,108120.30000000,223645.62589000,0
1765253700000000,2.06670000,2.06720000,2.06200000,2.06430000,361419.50000000,1765254599999999,745966.60859000,3290,99791.00000000,206076.74538000,0
1765254600000000,2.06430000,2.06440000,2.05320000,2.05430000,1692526.70000000,1765255499999999,3480538.57359000,10672,697256.70000000,1433535.00360000,0
1765255500000000,2.05440000,2.05620000,2.05310000,2.05440000,830602.90000000,1765256399999999,1706609.41374000,5126,443866.10000000,912087.77818000,0
1765256400000000,2.05430000,2.05680000,2.04910000,2.05280000,906516.20000000,1765257299999999,1861404.81297000,8243,518104.60000000,1064144.46353000,0
1765257300000000,2.05280000,2.05560000,2.04900000,2.05390000,471234.00000000,1765258199999999,967470.83661000,7641,209137.10000000,429332.21124000,0
1765258200000000,2.05390000,2.05950000,2.05290000,2.05810000,438171.00000000,1765259099999999,901225.32933000,7884,275099.80000000,565755.59554000,0
1765259100000000,2.05810000,2.05930000,2.04910000,2.05030000,341498.40000000,1765259999999999,701163.02066000,5051,142873.90000000,293306.66109000,0
1765260000000000,2.05040000,2.05620000,2.04940000,2.05280000,299059.70000000,1765260899999999,613867.92306000,5234,154609.70000000,317347.49139000,0
1765260900000000,2.05280000,2.05380000,2.04700000,2.04790000,466912.10000000,1765261799999999,957050.09765000,5798,199327.70000000,408455.33995000,0
1765261800000000,2.04800000,2.04830000,2.04190000,2.04760000,1101676.30000000,1765262699999999,2252738.88587000,8777,363088.10000000,742508.86908000,0
1765262700000000,2.04770000,2.05140000,2.04540000,2.04980000,595650.80000000,1765263599999999,1220180.43856000,7338,255143.20000000,522621.96023000,0
1765263600000000,2.04980000,2.05240000,2.04710000,2.04830000,408251.60000000,1765264499999999,836592.55405000,6034,148146.00000000,303660.56102000,0
1765264500000000,2.04840000,2.05800000,2.04840000,2.05600000,348571.80000000,1765265399999999,715824.61207000,5471,186163.70000000,382270.86556000,0
1765265400000000,2.05610000,2.06090000,2.05530000,2.06040000,391033.50000000,1765266299999999,804719.57329000,5205,141743.20000000,291700.29901000,0
1765266300000000,2.06050000,2.06240000,2.05980000,2.06150000,564724.00000000,1765267199999999,1163992.24200000,4430,305572.70000000,629857.02521000,0
1765267200000000,2.06150000,2.06590000,2.06030000,2.06050000,686704.90000000,1765268099999999,1416371.61416000,6173,394177.50000000,813062.76917000,0
1765268100000000,2.06060000,2.06300000,2.05710000,2.05960000,796447.90000000,1765268999999999,1640944.31490000,6450,341566.20000000,703856.26609000,0
1765269000000000,2.05960000,2.06370000,2.05700000,2.06370000,432256.10000000,1765269899999999,890211.33902000,6817,168427.10000000,347087.90910000,0
1765269900000000,2.06380000,2.06600000,2.06190000,2.06310000,375067.40000000,1765270799999999,774272.03775000,4321,264602.50000000,546272.34617000,0
1765270800000000,2.06300000,2.06360000,2.05780000,2.06150000,316882.40000000,1765271699999999,653031.28519000,5406,135107.50000000,278391.26469000,0
1765271700000000,2.06150000,2.06290000,2.05910000,2.05990000,242865.00000000,1765272599999999,500628.10825000,3244,117835.90000000,242923.78402000,0
1765272600000000,2.05990000,2.06070000,2.05660000,2.05760000,304798.50000000,1765273499999999,627280.14455000,3672,121456.40000000,249958.87593000,0
1765273500000000,2.05770000,2.05920000,2.05700000,2.05820000,373348.10000000,1765274399999999,768511.34384000,3580,186747.10000000,384417.85205000,0
1765274400000000,2.05810000,2.06120000,2.05540000,2.05680000,275615.70000000,1765275299999999,567072.33087000,5062,122232.90000000,251517.83358000,0
1765275300000000,2.05670000,2.05720000,2.05470000,2.05630000,335191.90000000,1765276199999999,689000.06135000,3214,182322.00000000,374750.47120000,0
1765276200000000,2.05640000,2.05730000,2.04590000,2.05220000,754695.90000000,1765277099999999,1548440.13023000,9018,312179.80000000,640419.12807000,0
1765277100000000,2.05230000,2.05600000,2.04960000,2.05530000,292531.70000000,1765277999999999,600636.78681000,5953,158272.20000000,325017.37589000,0
1765278000000000,2.05530000,2.05840000,2.05400000,2.05450000,261097.80000000,1765278899999999,536810.88121000,4222,113765.20000000,233895.11817000,0
1765278900000000,2.05450000,2.05610000,2.05180000,2.05580000,200773.10000000,1765279799999999,412335.28903000,3658,81220.30000000,166782.58894000,0
1765279800000000,2.05580000,2.06190000,2.05540000,2.06190000,246679.70000000,1765280699999999,507829.71265000,3961,110540.00000000,227592.85748000,0
1765280700000000,2.06190000,2.07060000,2.06140000,2.06890000,756286.70000000,1765281599999999,1562982.72173000,6702,532103.80000000,1099914.40612000,0
1765281600000000,2.06900000,2.07230000,2.06690000,2.06980000,385890.60000000,1765282499999999,798639.97564000,6572,159357.80000000,329754.83587000,0
1765282500000000,2.06990000,2.08530000,2.06890000,2.08200000,1434779.90000000,1765283399999999,2984079.26106000,13923,763120.50000000,1587393.54388000,0
1765283400000000,2.08200000,2.08600000,2.07960000,2.08490000,660320.70000000,1765284299999999,1375295.26236000,7794,276297.60000000,575691.00231000,0
1765284300000000,2.08490000,2.08520000,2.08110000,2.08400000,441880.50000000,1765285199999999,920555.29648000,5787,227428.60000000,473786.27074000,0
1765285200000000,2.08400000,2.08590000,2.07900000,2.07970000,451940.90000000,1765286099999999,941047.56775000,6830,150212.40000000,312762.09139000,0
1765286100000000,2.07970000,2.08240000,2.07660000,2.08000000,663309.50000000,1765286999999999,1379405.57857000,7721,312769.70000000,650416.20990000,0
1765287000000000,2.08000000,2.08230000,2.06530000,2.06580000,786058.70000000,1765287899999999,1630610.53743000,10541,360492.20000000,748190.37400000,0
1765287900000000,2.06590000,2.06920000,2.06420000,2.06640000,464914.80000000,1765288799999999,961027.33772000,7647,259370.90000000,536206.14842000,0
1765288800000000,2.06640000,2.07310000,2.05870000,2.06110000,621181.00000000,1765289699999999,1282575.19080000,9738,321212.00000000,663396.68919000,0
1765289700000000,2.06100000,2.06270000,2.04900000,2.05440000,1433356.00000000,1765290599999999,2944857.02336000,14347,669715.90000000,1375937.79508000,0
1765290600000000,2.05440000,2.06100000,2.04900000,2.05120000,2392793.20000000,1765291499999999,4919870.76237000,28200,1233340.30000000,2535571.39172000,0
1765291500000000,2.05120000,2.05600000,2.05000000,2.05530000,1068993.90000000,1765292399999999,2194161.11884000,14879,634991.30000000,1303259.98831000,0
1765292400000000,2.05530000,2.09130000,2.05340000,2.06860000,3233030.70000000,1765293299999999,6713973.87499000,43364,1743571.30000000,3621724.80252000,0
1765293300000000,2.06860000,2.09250000,2.06700000,2.08520000,1495838.80000000,1765294199999999,3113496.73260000,19572,828550.20000000,1725336.49919000,0
1765294200000000,2.08510000,2.10540000,2.07850000,2.10360000,3072805.40000000,1765295099999999,6435619.55034000,31975,1875792.80000000,3930110.56802000,0
1765295100000000,2.10360000,2.12000000,2.10100000,2.11560000,4473081.90000000,1765295999999999,9441802.75652000,50114,2234627.70000000,4715473.70437000,0
1765296000000000,2.11550000,2.15400000,2.11540000,2.15010000,6713322.00000000,1765296899999999,14331051.45231000,57070,3768152.00000000,8041444.28282000,0
1765296900000000,2.15000000,2.15490000,2.13610000,2.13900000,4025075.80000000,1765297799999999,8624298.19223000,42745,1679972.00000000,3598731.76968000,0
1765297800000000,2.13910000,2.16690000,2.13810000,2.16640000,4922300.60000000,1765298699999999,10616358.24060000,52569,2550084.50000000,5500416.61003000,0
1765298700000000,2.16640000,2.17470000,2.15770000,2.16500000,3986728.80000000,1765299599999999,8639928.87717000,40884,1853792.80000000,4017381.96224000,0
1765299600000000,2.16510000,2.17800000,2.16270000,2.17290000,3625998.30000000,1765300499999999,7874062.41224000,34815,1506268.00000000,3271135.89155000,0
1765300500000000,2.17280000,2.17340000,2.14570000,2.15070000,6674270.70000000,1765301399999999,14401629.49832000,51348,2451464.10000000,5287447.99158000,0
1765301400000000,2.15070000,2.15380000,2.14150000,2.14740000,3029035.80000000,1765302299999999,6502581.62048000,35801,1394639.60000000,2993676.25770000,0
1765302300000000,2.14730000,2.15330000,2.14490000,2.14930000,1374016.90000000,1765303199999999,2953816.88790000,15755,630877.50000000,1356270.07438000,0
1765303200000000,2.14940000,2.15750000,2.14650000,2.15320000,1859317.20000000,1765304099999999,4001324.68435000,17872,857354.50000000,1844905.46199000,0
1765304100000000,2.15320000,2.15800000,2.14850000,2.15550000,1786212.80000000,1765304999999999,3846183.94476000,16151,707899.90000000,1524582.13343000,0
1765305000000000,2.15550000,2.15660000,2.14790000,2.14860000,993605.40000000,1765305899999999,2138563.80816000,11657,263136.10000000,566253.81323000,0
1765305900000000,2.14860000,2.15030000,2.13910000,2.14770000,2533053.00000000,1765306799999999,5432853.72462000,12817,1215827.40000000,2608516.09838000,0
1765306800000000,2.14780000,2.14870000,2.13700000,2.13700000,2569728.20000000,1765307699999999,5500895.03334000,14666,1115278.20000000,2387304.17463000,0
1765307700000000,2.13700000,2.14090000,2.13100000,2.13500000,1889123.30000000,1765308599999999,4033707.32780000,14117,873349.90000000,1864659.17205000,0
1765308600000000,2.13500000,2.14290000,2.12900000,2.13200000,1352350.30000000,1765309499999999,2890972.00094000,14677,480418.90000000,1027065.80248000,0
1765309500000000,2.13200000,2.13880000,2.13090000,2.13280000,901128.00000000,1765310399999999,1924458.85503000,11395,390231.90000000,833291.75238000,0
1765310400000000,2.13280000,2.13440000,2.12690000,2.12980000,1292854.80000000,1765311299999999,2755195.84695000,13618,708958.10000000,1510890.45029000,0
1765311300000000,2.12980000,2.13070000,2.10300000,2.11230000,3827859.50000000,1765312199999999,8093389.68150000,27121,1547311.50000000,3270794.95731000,0
1765312200000000,2.11230000,2.11350000,2.09700000,2.10520000,2502262.80000000,1765313099999999,5266694.16482000,24220,1205225.20000000,2536895.97697000,0
1765313100000000,2.10520000,2.11390000,2.10280000,2.11350000,1509721.20000000,1765313999999999,3182507.51001000,17147,877761.80000000,1849964.90391000,0
1765314000000000,2.11340000,2.11680000,2.10760000,2.11030000,981894.00000000,1765314899999999,2073588.02377000,15601,392144.50000000,828232.12280000,0
1765314900000000,2.11030000,2.11440000,2.10640000,2.11250000,732132.10000000,1765315799999999,1545765.76622000,9661,269134.30000000,567984.41678000,0
1765315800000000,2.11240000,2.11330000,2.10490000,2.10500000,709206.40000000,1765316699999999,1495593.28277000,8514,238925.10000000,503819.94394000,0
1765316700000000,2.10510000,2.10570000,2.08540000,2.09910000,2319404.80000000,1765317599999999,4858545.78156000,30134,907508.70000000,1900622.18869000,0
1765317600000000,2.09920000,2.11170000,2.09610000,2.10830000,984530.80000000,1765318499999999,2070585.60574000,16011,507227.30000000,1066470.30235000,0
1765318500000000,2.10840000,2.11200000,2.10400000,2.10520000,770665.60000000,1765319399999999,1624445.89857000,10093,298366.40000000,628942.86318000,0
1765319400000000,2.10520000,2.11800000,2.10370000,2.11220000,890043.50000000,1765320299999999,1879081.14038000,10380,483485.10000000,1020463.28826000,0
1765320300000000,2.11220000,2.11410000,2.10660000,2.11050000,753089.20000000,1765321199999999,1590252.85116000,7844,447487.80000000,945089.09827000,0
1765321200000000,2.11050000,2.11260000,2.10590000,2.10660000,476324.20000000,1765322099999999,1004786.64327000,11183,181922.60000000,383747.58809000,0
1765322100000000,2.10660000,2.11220000,2.10590000,2.10940000,605733.10000000,1765322999999999,1277493.90413000,6588,289496.80000000,610440.65260000,0
1765323000000000,2.10940000,2.11360000,2.10770000,2.11240000,346448.40000000,1765323899999999,731385.82654000,3992,217886.80000000,460020.92530000,0
1765323900000000,2.11230000,2.11230000,2.10610000,2.10620000,340924.50000000,1765324799999999,719174.69294000,4497,164876.10000000,347796.97336000,0
1765324800000000,2.10610000,2.10990000,2.10510000,2.10520000,490821.20000000,1765325699999999,1034351.02117000,5210,295929.90000000,623653.18635000,0
1765325700000000,2.10520000,2.10520000,2.09620000,2.10100000,848158.40000000,1765326599999999,1781039.22475000,8562,455470.80000000,956401.31401000,0
1765326600000000,2.10110000,2.10420000,2.09450000,2.09650000,501895.00000000,1765327499999999,1053421.96866000,8590,199489.60000000,418770.73461000,0
1765327500000000,2.09660000,2.09810000,2.08900000,2.08960000,775870.90000000,1765328399999999,1623429.55903000,9063,328510.30000000,687252.16526000,0
1765328400000000,2.08950000,2.09410000,2.08950000,2.09100000,528151.60000000,1765329299999999,1104578.28658000,6989,278905.40000000,583304.48639000,0
1765329300000000,2.09100000,2.09590000,2.08950000,2.09370000,419302.30000000,1765330199999999,877480.88850000,6439,192454.90000000,402824.62201000,0
1765330200000000,2.09370000,2.09370000,2.08680000,2.08860000,690162.60000000,1765331099999999,1441772.00057000,9022,312366.70000000,652442.97581000,0
1765331100000000,2.08870000,2.09170000,2.08740000,2.08920000,721166.00000000,1765331999999999,1507193.55868000,6052,410419.10000000,857867.31987000,0
1765332000000000,2.08910000,2.08920000,2.08170000,2.08600000,784409.20000000,1765332899999999,1635450.49949000,7226,354697.50000000,739623.14252000,0
1765332900000000,2.08600000,2.09350000,2.08430000,2.09150000,584646.40000000,1765333799999999,1221892.22951000,5574,177510.80000000,370994.92044000,0
1765333800000000,2.09150000,2.09180000,2.08740000,2.08910000,508020.40000000,1765334699999999,1061795.06296000,3784,155362.70000000,324676.72251000,0
1765334700000000,2.08910000,2.08920000,2.08440000,2.08800000,442011.10000000,1765335599999999,922238.92159000,5011,230795.70000000,481516.18276000,0
1765335600000000,2.08790000,2.08840000,2.08360000,2.08650000,540990.00000000,1765336499999999,1128703.21835000,4380,225026.90000000,469503.51282000,0
1765336500000000,2.08640000,2.08650000,2.08200000,2.08360000,850791.50000000,1765337399999999,1773198.45828000,5404,520691.20000000,1085270.84276000,0
1765337400000000,2.08360000,2.08510000,2.08220000,2.08440000,517476.30000000,1765338299999999,1078219.29760000,4503,235827.10000000,491377.14505000,0
1765338300000000,2.08450000,2.08570000,2.08320000,2.08350000,552824.00000000,1765339199999999,1152205.88872000,4216,317636.20000000,662028.53007000,0
1765339200000000,2.08340000,2.08910000,2.07970000,2.08890000,988832.70000000,1765340099999999,2059813.79615000,8619,452028.20000000,941730.13405000,0
1765340100000000,2.08890000,2.09320000,2.08600000,2.08720000,974954.50000000,1765340999999999,2036724.86061000,8819,479609.50000000,1001971.52523000,0
1765341000000000,2.08720000,2.09390000,2.08580000,2.09180000,939425.60000000,1765341899999999,1963876.81609000,8732,508776.30000000,1063521.52529000,0
1765341900000000,2.09180000,2.09660000,2.09030000,2.09040000,987183.80000000,1765342799999999,2066411.91914000,6823,496680.20000000,1039803.68404000,0
1765342800000000,2.09030000,2.09200000,2.08780000,2.09020000,703244.20000000,1765343699999999,1469702.77800000,6266,320269.30000000,669300.20221000,0
1765343700000000,2.09010000,2.09390000,2.08740000,2.08740000,1075936.10000000,1765344599999999,2249281.24847000,5408,520480.60000000,1088249.21850000,0
1765344600000000,2.08750000,2.08780000,2.08370000,2.08650000,485737.30000000,1765345499999999,1012868.50101000,4717,131038.20000000,273227.62356000,0
1765345500000000,2.08650000,2.08980000,2.08630000,2.08830000,677629.20000000,1765346399999999,1414875.49450000,3432,271403.60000000,566769.22284000,0
1765346400000000,2.08840000,2.08960000,2.08320000,2.08800000,634565.50000000,1765347299999999,1324011.54173000,5515,246415.90000000,514080.32347000,0
1765347300000000,2.08800000,2.08910000,2.08600000,2.08850000,420510.60000000,1765348199999999,877900.49057000,3212,116804.60000000,243846.68006000,0
1765348200000000,2.08860000,2.08950000,2.08530000,2.08900000,695657.40000000,1765349099999999,1452230.46433000,4226,211990.30000000,442530.48215000,0
1765349100000000,2.08900000,2.08900000,2.08340000,2.08620000,623036.50000000,1765349999999999,1300119.61220000,4170,201776.30000000,420966.69003000,0
1765350000000000,2.08620000,2.08620000,2.08010000,2.08140000,776662.60000000,1765350899999999,1617594.69160000,5124,332491.60000000,692456.42922000,0
1765350900000000,2.08150000,2.08190000,2.07630000,2.07920000,1694340.80000000,1765351799999999,3522837.13806000,7081,773664.90000000,1608546.36088000,0
1765351800000000,2.07930000,2.08400000,2.07790000,2.08270000,632648.10000000,1765352699999999,1316379.63412000,3631,221883.40000000,461678.27080000,0
1765352700000000,2.08260000,2.08500000,2.08120000,2.08430000,658508.00000000,1765353599999999,1371832.55690000,3627,239332.00000000,498565.62286000,0
1765353600000000,2.08440000,2.08530000,2.08170000,2.08340000,565126.70000000,1765354499999999,1177432.91591000,4242,209020.70000000,435438.74767000,0
1765354500000000,2.08340000,2.08390000,2.08130000,2.08190000,473395.10000000,1765355399999999,985858.45016000,5135,205947.00000000,428864.85098000,0
1765355400000000,2.08190000,2.08350000,2.07790000,2.07800000,954802.10000000,1765356299999999,1986250.20222000,6948,358734.10000000,746322.06709000,0
1765356300000000,2.07810000,2.08090000,2.07740000,2.07800000,491596.50000000,1765357199999999,1022033.22287000,4094,105012.40000000,218336.73855000,0
1765357200000000,2.07790000,2.07860000,2.07280000,2.07410000,1546370.90000000,1765358099999999,3208935.37756000,9513,493639.40000000,1024130.62114000,0
1765358100000000,2.07420000,2.07510000,2.07150000,2.07500000,1155076.10000000,1765358999999999,2394853.82241000,6927,417868.90000000,866299.56825000,0
1765359000000000,2.07510000,2.07910000,2.07500000,2.07850000,684837.20000000,1765359899999999,1422953.18172000,5257,227145.20000000,471926.66586000,0
1765359900000000,2.07840000,2.08960000,2.07810000,2.08870000,1265776.10000000,1765360799999999,2640834.16962000,9766,529996.90000000,1105660.38310000,0
1765360800000000,2.08870000,2.09830000,2.08520000,2.08660000,3253357.00000000,1765361699999999,6806845.04125000,18897,1687998.40000000,3531884.81475000,0
1765361700000000,2.08660000,2.08660000,2.07340000,2.07360000,1812043.60000000,1765362599999999,3766035.88576000,13223,431212.90000000,895857.61519000,0
1765362600000000,2.07350000,2.07430000,2.06690000,2.07130000,2305767.50000000,1765363499999999,4774827.29369000,16167,889239.00000000,1841199.11019000,0
1765363500000000,2.07130000,2.07430000,2.06900000,2.06960000,1401988.80000000,1765364399999999,2904616.29265000,9075,423138.90000000,876646.90834000,0
1765364400000000,2.06960000,2.07520000,2.06840000,2.07160000,1109044.50000000,1765365299999999,2298157.85700000,9941,392762.50000000,813577.84191000,0
1765365300000000,2.07160000,2.07390000,2.06800000,2.06910000,556861.80000000,1765366199999999,1153005.20711000,6445,149770.70000000,310085.33020000,0
1765366200000000,2.06920000,2.07170000,2.06370000,2.06810000,1399014.80000000,1765367099999999,2891881.88617000,12698,492903.00000000,1019044.32673000,0
1765367100000000,2.06800000,2.07250000,2.06510000,2.07170000,724264.40000000,1765367999999999,1498960.27145000,9004,299153.80000000,619174.07846000,0
1765368000000000,2.07170000,2.07260000,2.06570000,2.06610000,826421.10000000,1765368899999999,1709766.66322000,7814,249752.50000000,516664.09706000,0
1765368900000000,2.06620000,2.06620000,2.06200000,2.06280000,1019175.70000000,1765369799999999,2104223.91627000,8138,284736.60000000,587857.83314000,0
1765369800000000,2.06270000,2.06590000,2.05920000,2.06300000,1332037.60000000,1765370699999999,2747267.56536000,10553,631210.00000000,1301695.45802000,0
1765370700000000,2.06300000,2.06580000,2.05900000,2.06430000,1166538.30000000,1765371599999999,2405913.67533000,7951,727254.10000000,1499943.87816000,0
1765371600000000,2.06430000,2.06750000,2.06000000,2.06210000,1551916.30000000,1765372499999999,3201524.92413000,8728,872532.00000000,1799756.24121000,0
1765372500000000,2.06220000,2.06770000,2.06040000,2.06500000,1323845.10000000,1765373399999999,2733116.03774000,8801,652457.40000000,1346723.96859000,0
1765373400000000,2.06510000,2.06770000,2.06190000,2.06580000,1031649.90000000,1765374299999999,2130671.13221000,7837,328507.50000000,678534.51180000,0
1765374300000000,2.06580000,2.06960000,2.06340000,2.06480000,771034.20000000,1765375199999999,1592472.51223000,5234,278613.10000000,575350.26551000,0
1765375200000000,2.06470000,2.06600000,2.06200000,2.06250000,788806.20000000,1765376099999999,1627964.14333000,7375,387207.50000000,799090.62241000,0
1765376100000000,2.06260000,2.06450000,2.05940000,2.06150000,1200126.20000000,1765376999999999,2474429.30617000,7853,652183.80000000,1344631.12718000,0
1765377000000000,2.06140000,2.06870000,2.05810000,2.06160000,2070808.70000000,1765377899999999,4272037.87882000,22411,1100376.50000000,2270203.33789000,0
1765377900000000,2.06150000,2.06490000,2.05840000,2.06390000,1297016.40000000,1765378799999999,2673785.31656000,15270,538638.20000000,1110378.55886000,0
1765378800000000,2.06390000,2.07310000,2.06270000,2.07200000,1129345.50000000,1765379699999999,2336152.43182000,14138,451529.60000000,934077.57136000,0
1765379700000000,2.07200000,2.07350000,2.06610000,2.06950000,699581.20000000,1765380599999999,1448010.85188000,10805,309452.60000000,640448.44993000,0
1765380600000000,2.06950000,2.07090000,2.05880000,2.06650000,856108.30000000,1765381499999999,1767145.16290000,12148,294056.60000000,606855.46839000,0
1765381500000000,2.06650000,2.06780000,2.05590000,2.06180000,1397998.10000000,1765382399999999,2882200.42664000,13139,571060.50000000,1177275.25887000,0
1765382400000000,2.06190000,2.06660000,2.05710000,2.06430000,1028143.40000000,1765383299999999,2120348.41144000,13082,468361.60000000,965808.86640000,0
1765383300000000,2.06430000,2.07430000,2.06320000,2.07130000,1257144.10000000,1765384199999999,2601218.39250000,13271,494666.70000000,1023614.84339000,0
1765384200000000,2.07140000,2.07170000,2.06430000,2.06970000,988556.10000000,1765385099999999,2043057.10718000,11386,463202.90000000,957141.69635000,0
1765385100000000,2.06980000,2.07420000,2.06680000,2.06850000,876664.10000000,1765385999999999,1815059.35458000,9824,370772.30000000,767549.88381000,0
1765386000000000,2.06840000,2.06870000,2.06360000,2.06660000,676161.80000000,1765386899999999,1396824.76437000,8788,175971.90000000,363483.34730000,0
1765386900000000,2.06650000,2.07550000,2.06490000,2.07160000,902200.30000000,1765387799999999,1869853.82142000,13968,461390.20000000,956413.62105000,0
1765387800000000,2.07150000,2.07190000,2.06570000,2.06790000,972098.00000000,1765388699999999,2010969.26257000,9390,433057.80000000,895881.52623000,0
1765388700000000,2.06790000,2.06800000,2.06010000,2.06160000,777746.20000000,1765389599999999,1604330.90749000,9606,251708.50000000,519199.93068000,0
1765389600000000,2.06160000,2.06710000,2.05900000,2.06530000,736983.60000000,1765390499999999,1519538.44952000,8976,275315.50000000,567731.94054000,0
1765390500000000,2.06520000,2.06700000,2.05870000,2.06260000,1020654.20000000,1765391399999999,2103595.15243000,9790,314323.00000000,647882.57465000,0
1765391400000000,2.06260000,2.08620000,2.06150000,2.07050000,2383654.40000000,1765392299999999,4943315.35432000,29460,1031587.30000000,2139903.87181000,0
1765392300000000,2.07040000,2.07580000,2.06110000,2.06830000,1443724.20000000,1765393199999999,2988559.43745000,16005,604062.60000000,1250396.81450000,0
1765393200000000,2.06840000,2.08780000,2.03760000,2.07360000,12499750.30000000,1765394099999999,25786178.33390000,95914,5832173.80000000,12031870.55348000,0
1765394100000000,2.07360000,2.07970000,2.05670000,2.06140000,2398054.40000000,1765394999999999,4960174.29537000,35562,954661.80000000,1974648.51818000,0
1765395000000000,2.06150000,2.08080000,2.05670000,2.06230000,4221808.20000000,1765395899999999,8730489.03763000,60778,1652196.90000000,3417783.14143000,0
1765395900000000,2.06230000,2.07220000,2.06070000,2.06810000,1717784.30000000,1765396799999999,3549441.17163000,25188,703056.10000000,1452651.79215000,0
1765396800000000,2.06820000,2.10490000,2.06080000,2.10380000,4547079.60000000,1765397699999999,9464953.80681000,34814,2514311.00000000,5240321.23504000,0
1765397700000000,2.10370000,2.11080000,2.07300000,2.08850000,6732982.90000000,1765398599999999,14089203.50687000,65832,3126036.90000000,6543431.52242000,0
1765398600000000,2.08850000,2.09620000,2.08380000,2.08920000,2015669.80000000,1765399499999999,4213519.70259000,24487,702003.10000000,1467525.79395000,0
1765399500000000,2.08910000,2.09030000,2.05790000,2.06380000,4341090.10000000,1765400399999999,8979447.59958000,49726,1612978.70000000,3335282.23875000,0
1765400400000000,2.06370000,2.06890000,2.04520000,2.05640000,2825337.10000000,1765401299999999,5805384.19968000,42362,1372908.20000000,2820900.93244000,0
1765401300000000,2.05650000,2.06510000,2.05440000,2.05700000,935111.80000000,1765402199999999,1926253.33660000,18091,474540.60000000,977454.59012000,0
1765402200000000,2.05700000,2.05830000,2.04950000,2.05310000,911770.90000000,1765403099999999,1872494.56193000,16985,506665.00000000,1040645.50293000,0
1765403100000000,2.05310000,2.05800000,2.04450000,2.04720000,881072.40000000,1765403999999999,1806569.98216000,13158,533324.40000000,1093645.00285000,0
1765404000000000,2.04730000,2.05560000,2.04000000,2.04400000,1831401.40000000,1765404899999999,3750103.54894000,19729,983997.40000000,2014781.93728000,0
1765404900000000,2.04390000,2.05380000,2.03460000,2.04670000,1590188.50000000,1765405799999999,3250178.27830000,22944,703962.30000000,1438446.68517000,0
1765405800000000,2.04660000,2.05660000,2.04330000,2.05480000,910391.40000000,1765406699999999,1866544.56176000,12388,434663.90000000,891103.20782000,0
1765406700000000,2.05480000,2.05840000,2.05150000,2.05490000,375965.80000000,1765407599999999,772387.77020000,7871,187215.00000000,384561.66828000,0
1765407600000000,2.05490000,2.05730000,2.04800000,2.04960000,578304.20000000,1765408499999999,1186882.68174000,11159,249268.60000000,511542.26606000,0
1765408500000000,2.04970000,2.05090000,2.04710000,2.04710000,579837.90000000,1765409399999999,1187993.63346000,5584,322868.90000000,661464.60880000,0
1765409400000000,2.04720000,2.04920000,2.04350000,2.04830000,391318.40000000,1765410299999999,800908.64831000,5135,174414.50000000,356939.75958000,0
1765410300000000,2.04830000,2.04900000,2.04010000,2.04180000,896748.90000000,1765411199999999,1832662.04948000,6960,354625.50000000,724456.29448000,0
1765411200000000,2.04180000,2.04680000,2.04020000,2.04510000,612463.30000000,1765412099999999,1252177.30451000,9426,320451.70000000,655117.90342000,0
1765412100000000,2.04510000,2.04670000,2.04170000,2.04320000,524791.90000000,1765412999999999,1072818.23577000,7454,238027.50000000,486588.82929000,0
1765413000000000,2.04320000,2.04320000,2.02380000,2.03260000,2373087.90000000,1765413899999999,4823792.83852000,26436,1185087.50000000,2408700.19806000,0
1765413900000000,2.03260000,2.03370000,2.02100000,2.02920000,1925701.30000000,1765414799999999,3903008.77156000,19526,743001.20000000,1505798.05845000,0
1765414800000000,2.02920000,2.02990000,2.01900000,2.02010000,1592446.50000000,1765415699999999,3221306.82051000,17395,849351.20000000,1717765.61555000,0
1765415700000000,2.02010000,2.02370000,2.01000000,2.02280000,2411523.00000000,1765416599999999,4861430.69057000,23905,1312156.40000000,2645014.40064000,0
1765416600000000,2.02280000,2.02820000,2.01920000,2.02070000,1061060.40000000,1765417499999999,2147305.14396000,11955,642135.50000000,1299525.99759000,0
1765417500000000,2.02070000,2.02150000,2.01240000,2.01290000,1690691.80000000,1765418399999999,3409376.29499000,9712,965873.60000000,1946706.48977000,0
1765418400000000,2.01280000,2.01420000,2.00310000,2.00570000,2982513.00000000,1765419299999999,5988815.63949000,19998,1438511.30000000,2888166.68097000,0
1765419300000000,2.00570000,2.01160000,2.00000000,2.00660000,2120547.60000000,1765420199999999,4252641.93146000,16809,1154977.60000000,2316403.52699000,0
1765420200000000,2.00650000,2.01230000,2.00260000,2.00970000,1422467.40000000,1765421099999999,2854586.81161000,13144,911287.10000000,1828574.19733000,0
1765421100000000,2.00970000,2.00980000,2.00260000,2.00600000,959985.80000000,1765421999999999,1925703.90656000,9739,534869.70000000,1072849.30104000,0
1765422000000000,2.00610000,2.00610000,1.99270000,1.99640000,3561330.60000000,1765422899999999,7114843.95957000,24442,1406883.70000000,2809874.57414000,0
1765422900000000,1.99630000,2.00700000,1.99370000,1.99940000,1512671.90000000,1765423799999999,3024858.85527000,15121,733931.90000000,1467444.12831000,0
1765423800000000,1.99940000,2.00290000,1.99490000,2.00150000,769659.40000000,1765424699999999,1538740.95143000,13073,380745.20000000,761209.72259000,0
1765424700000000,2.00150000,2.00360000,1.99930000,1.99950000,555929.10000000,1765425599999999,1112447.62942000,7615,294952.60000000,590216.82365000,0
1765425600000000,1.99950000,2.00560000,1.99520000,2.00390000,893129.50000000,1765426499999999,1786972.05742000,12646,532598.60000000,1065669.44940000,0
1765426500000000,2.00390000,2.00470000,1.99910000,2.00330000,733816.30000000,1765427399999999,1469091.79113000,7902,315688.90000000,632156.60578000,0
1765427400000000,2.00330000,2.01000000,2.00300000,2.00870000,1057385.40000000,1765428299999999,2121365.98114000,9639,624804.50000000,1253407.55379000,0
1765428300000000,2.00870000,2.01950000,2.00790000,2.01710000,1680696.60000000,1765429199999999,3385773.12749000,9749,1008767.10000000,2032663.43924000,0
1765429200000000,2.01700000,2.01710000,2.00740000,2.00800000,741099.90000000,1765430099999999,1490311.13127000,5108,419779.50000000,844084.90606000,0
1765430100000000,2.00800000,2.01420000,2.00750000,2.01150000,633129.30000000,1765430999999999,1273459.56063000,3853,402418.50000000,809456.46417000,0
1765431000000000,2.01150000,2.01240000,2.00900000,2.01060000,1002659.30000000,1765431899999999,2015941.04076000,4110,560854.20000000,1127629.02739000,0
1765431900000000,2.01060000,2.01700000,2.01060000,2.01480000,1037325.80000000,1765432799999999,2089746.64804000,3673,616927.90000000,1242875.57175000,0
1765432800000000,2.01480000,2.01610000,2.01200000,2.01400000,874534.80000000,1765433699999999,1761185.34774000,4201,406816.80000000,819209.84962000,0
1765433700000000,2.01400000,2.01510000,2.00550000,2.00640000,1351079.10000000,1765434599999999,2716534.17660000,5517,674111.30000000,1355447.63565000,0
1765434600000000,2.00630000,2.01480000,2.00610000,2.01020000,1734590.50000000,1765435499999999,3487625.67754000,6693,952245.30000000,1914322.38008000,0
1765435500000000,2.01010000,2.01540000,2.00960000,2.01380000,734850.40000000,1765436399999999,1478340.76525000,5055,429962.00000000,864879.32495000,0
1765436400000000,2.01380000,2.01510000,2.01160000,2.01260000,502438.20000000,1765437299999999,1011528.26904000,4510,199889.70000000,402414.78195000,0
1765437300000000,2.01260000,2.01460000,2.00770000,2.00940000,759210.60000000,1765438199999999,1527066.56747000,4738,285021.20000000,573265.83912000,0
1765438200000000,2.00950000,2.01340000,2.00520000,2.00520000,903932.80000000,1765439099999999,1816658.58560000,4819,373949.70000000,751704.90582000,0
1765439100000000,2.00520000,2.00730000,2.00410000,2.00690000,844862.90000000,1765439999999999,1694791.12526000,3713,485148.60000000,973163.96621000,0
1765440000000000,2.00690000,2.00760000,2.00180000,2.00330000,979074.00000000,1765440899999999,1962772.46275000,6026,402687.90000000,807205.51363000,0
1765440900000000,2.00330000,2.00740000,2.00100000,2.00590000,813937.30000000,1765441799999999,1631538.83375000,4843,414316.00000000,830383.71502000,0
1765441800000000,2.00580000,2.00820000,2.00030000,2.00510000,1303179.10000000,1765442699999999,2611665.68924000,5282,705430.50000000,1413677.54224000,0
1765442700000000,2.00500000,2.01330000,2.00450000,2.01210000,566065.80000000,1765443599999999,1137778.52540000,6398,300199.10000000,603375.04720000,0
1765443600000000,2.01210000,2.01390000,2.00730000,2.00870000,725249.80000000,1765444499999999,1458135.44557000,6299,379644.40000000,763257.86369000,0
1765444500000000,2.00870000,2.01720000,2.00840000,2.01600000,666473.60000000,1765445399999999,1342185.65763000,6757,299001.80000000,602079.38518000,0
1765445400000000,2.01600000,2.01890000,2.01390000,2.01410000,624921.70000000,1765446299999999,1260030.37005000,6821,232670.60000000,469187.01912000,0
1765446300000000,2.01410000,2.01720000,2.01050000,2.01300000,569805.70000000,1765447199999999,1147614.76945000,5352,288796.40000000,581484.78621000,0
1765447200000000,2.01310000,2.01560000,2.01270000,2.01520000,593153.50000000,1765448099999999,1194860.51856000,4770,313215.40000000,630953.16393000,0
1765448100000000,2.01510000,2.01520000,2.01060000,2.01200000,531256.20000000,1765448999999999,1069126.80727000,4740,207311.50000000,417148.39860000,0
1765449000000000,2.01210000,2.01240000,2.00890000,2.01040000,476476.90000000,1765449899999999,957833.74238000,3916,164453.50000000,330592.15287000,0
1765449900000000,2.01030000,2.01620000,2.01010000,2.01610000,399727.10000000,1765450799999999,804819.72784000,4929,198767.20000000,400211.45092000,0
1765450800000000,2.01620000,2.01730000,2.01460000,2.01610000,671551.30000000,1765451699999999,1353981.39153000,3386,420672.10000000,848131.25456000,0
1765451700000000,2.01620000,2.01850000,2.01380000,2.01690000,701165.50000000,1765452599999999,1413749.61605000,3855,353576.90000000,712750.89426000,0
1765452600000000,2.01700000,2.01820000,2.01540000,2.01610000,735014.00000000,1765453499999999,1482494.30291000,3647,324690.00000000,654875.73108000,0
1765453500000000,2.01600000,2.01600000,2.00780000,2.00830000,867188.60000000,1765454399999999,1743985.40185000,5649,362078.50000000,728064.06628000,0
1765454400000000,2.00830000,2.00940000,2.00420000,2.00440000,1434551.90000000,1765455299999999,2878498.70974000,6253,737953.70000000,1480802.47606000,0
1765455300000000,2.00450000,2.00950000,2.00450000,2.00860000,894099.40000000,1765456199999999,1794971.01096000,4919,463169.30000000,929802.09673000,0
1765456200000000,2.00870000,2.01290000,2.00690000,2.01270000,1388432.20000000,1765457099999999,2790218.18051000,5291,655799.20000000,1317966.27449000,0
1765457100000000,2.01270000,2.01320000,2.00660000,2.00740000,712690.40000000,1765457999999999,1432451.45572000,4064,272967.80000000,548508.06580000,0
1765458000000000,2.00740000,2.01010000,2.00620000,2.00730000,647674.50000000,1765458899999999,1300497.49249000,4473,348674.70000000,700058.40495000,0
1765458900000000,2.00740000,2.01480000,2.00530000,2.01350000,950685.90000000,1765459799999999,1910981.48555000,5932,495483.40000000,995819.88715000,0
1765459800000000,2.01350000,2.01490000,2.00740000,2.01180000,857319.60000000,1765460699999999,1725333.16961000,7149,481285.40000000,968728.02237000,0
1765460700000000,2.01190000,2.01220000,2.00770000,2.00900000,550719.60000000,1765461599999999,1106815.94285000,5367,284834.10000000,572423.66011000,0
1765461600000000,2.00890000,2.01000000,2.00690000,2.00900000,987280.80000000,1765462499999999,1983048.80630000,4186,271874.10000000,546085.77110000,0
1765462500000000,2.00890000,2.01010000,2.00050000,2.00210000,1827138.70000000,1765463399999999,3662485.75034000,8192,746685.20000000,1496804.79649000,0
1765463400000000,2.00210000,2.00910000,1.99440000,2.00180000,3159841.20000000,1765464299999999,6324586.94032000,30225,1730492.30000000,3464423.19880000,0
1765464300000000,2.00170000,2.00350000,1.97670000,1.99100000,7346919.10000000,1765465199999999,14612887.14025000,56051,3483886.90000000,6928799.04638000,0
1765465200000000,1.99100000,2.00190000,1.98700000,1.99750000,2464512.90000000,1765466099999999,4918509.76198000,35005,1386153.70000000,2766563.88335000,0
1765466100000000,1.99750000,2.01090000,1.99220000,2.00080000,2652597.70000000,1765466999999999,5310267.11964000,27018,1178624.00000000,2359243.45230000,0
1765467000000000,2.00070000,2.00170000,1.99060000,1.99420000,1437711.30000000,1765467899999999,2870105.51881000,19425,709571.10000000,1416248.61117000,0
1765467900000000,1.99420000,1.99900000,1.99070000,1.99680000,1338845.40000000,1765468799999999,2671070.42671000,17217,772674.70000000,1541504.60569000,0
1765468800000000,1.99670000,1.99950000,1.98460000,1.98790000,2522828.60000000,1765469699999999,5021773.15884000,21354,1128464.20000000,2245992.69295000,0
1765469700000000,1.98790000,1.99230000,1.98720000,1.99000000,1403149.70000000,1765470599999999,2791637.22733000,14806,819604.50000000,1630549.32390000,0
1765470600000000,1.99000000,2.00150000,1.98660000,1.99900000,848411.00000000,1765471499999999,1691178.46890000,11656,458055.10000000,913235.56343000,0
1765471500000000,1.99900000,2.00450000,1.98900000,1.99140000,1252940.10000000,1765472399999999,2501985.96113000,13052,456175.40000000,910600.99153000,0
1765472400000000,1.99130000,1.99260000,1.98380000,1.98710000,1423340.70000000,1765473299999999,2829020.22752000,12766,689263.70000000,1369989.92597000,0
1765473300000000,1.98700000,1.99680000,1.98510000,1.99330000,1116132.30000000,1765474199999999,2222569.13521000,10981,616584.20000000,1227466.00275000,0
1765474200000000,1.99340000,1.99870000,1.99040000,1.99210000,1061700.00000000,1765475099999999,2116437.81507000,10893,403081.00000000,803551.47762000,0
1765475100000000,1.99200000,1.99620000,1.99070000,1.99520000,1164900.00000000,1765475999999999,2322549.49086000,10765,539885.80000000,1076185.26995000,0
1765476000000000,1.99520000,2.00470000,1.99190000,2.00230000,1556794.70000000,1765476899999999,3114094.10531000,15335,582912.40000000,1165921.63439000,0
1765476900000000,2.00230000,2.00640000,2.00010000,2.00200000,1363851.40000000,1765477799999999,2732478.92267000,14311,518730.30000000,1039227.56674000,0
1765477800000000,2.00190000,2.02300000,2.00000000,2.02150000,2507790.90000000,1765478699999999,5045685.04407000,20194,1286311.40000000,2588046.13381000,0
1765478700000000,2.02160000,2.02230000,2.00360000,2.00790000,2708422.00000000,1765479599999999,5453669.38609000,23669,1022644.80000000,2058211.04099000,0
1765479600000000,2.00800000,2.01420000,2.00040000,2.00920000,962566.90000000,1765480499999999,1932197.31433000,13195,393661.70000000,790196.69445000,0
1765480500000000,2.00920000,2.01890000,2.00760000,2.01640000,1878735.30000000,1765481399999999,3782858.38753000,14259,1026854.60000000,2067482.93966000,0
1765481400000000,2.01630000,2.02590000,2.01520000,2.02250000,1419236.90000000,1765482299999999,2868614.50307000,14502,634159.40000000,1281899.95050000,0
1765482300000000,2.02250000,2.02580000,2.00880000,2.01140000,1305059.50000000,1765483199999999,2631892.83187000,15696,495957.20000000,1000578.25795000,0
1765483200000000,2.01130000,2.02170000,2.00780000,2.02010000,1215499.20000000,1765484099999999,2447994.27428000,12877,555183.40000000,1118293.59727000,0
1765484100000000,2.02010000,2.02100000,2.01100000,2.01430000,611428.70000000,1765484999999999,1232777.57078000,11804,241940.70000000,487809.98590000,0
1765485000000000,2.01440000,2.02680000,2.01400000,2.02400000,1220936.80000000,1765485899999999,2468483.68570000,10911,639259.30000000,1292590.71779000,0
1765485900000000,2.02400000,2.02980000,2.02000000,2.02460000,1306866.60000000,1765486799999999,2646442.56180000,13093,669646.60000000,1355855.91332000,0
1765486800000000,2.02460000,2.04060000,2.02390000,2.03570000,2537195.90000000,1765487699999999,5158885.84112000,22582,1446814.10000000,2941051.60179000,0
1765487700000000,2.03570000,2.05130000,2.03570000,2.04780000,2574849.90000000,1765488599999999,5262366.70442000,23563,1249250.00000000,2553367.71135000,0
1765488600000000,2.04770000,2.05700000,2.04700000,2.05240000,2841821.90000000,1765489499999999,5828629.20220000,22541,1424790.40000000,2922055.12069000,0
1765489500000000,2.05250000,2.05430000,2.04120000,2.04170000,1723401.10000000,1765490399999999,3528573.66423000,14352,508046.60000000,1040254.49647000,0
1765490400000000,2.04160000,2.04860000,2.04030000,2.04310000,1046800.10000000,1765491299999999,2139441.74310000,11243,559022.70000000,1142333.03173000,0
1765491300000000,2.04310000,2.04460000,2.02920000,2.03300000,1219573.70000000,1765492199999999,2481322.55335000,13609,435921.00000000,886724.50598000,0
1765492200000000,2.03300000,2.04000000,2.03080000,2.03400000,794911.70000000,1765493099999999,1618861.70649000,11714,382260.40000000,778448.74717000,0
1765493100000000,2.03400000,2.03590000,2.02820000,2.03380000,400947.20000000,1765493999999999,814582.94253000,6725,129549.10000000,263209.64994000,0
1765494000000000,2.03380000,2.03770000,2.03110000,2.03320000,877454.50000000,1765494899999999,1785321.37287000,12621,244989.00000000,498565.80105000,0
1765494900000000,2.03320000,2.03740000,2.03120000,2.03410000,325003.60000000,1765495799999999,661187.86489000,6006,144176.10000000,293283.02460000,0
1765495800000000,2.03400000,2.04030000,2.03310000,2.03990000,238247.20000000,1765496699999999,485571.61574000,4631,130131.10000000,265200.12144000,0
1765496700000000,2.03990000,2.04050000,2.03200000,2.03400000,189333.90000000,1765497599999999,385449.70906000,4281,80781.30000000,164474.40453000,0
1765497600000000,2.03400000,2.03440000,2.02790000,2.02830000,349737.50000000,1765498499999999,710160.19346000,5065,106755.70000000,216882.07155000,0
1765498500000000,2.02830000,2.03970000,2.02830000,2.03240000,400833.00000000,1765499399999999,814872.37785000,6687,217084.20000000,441250.02513000,0
1765499400000000,2.03230000,2.03590000,2.03180000,2.03230000,171996.50000000,1765500299999999,349751.33714000,3846,69596.90000000,141534.87218000,0
1765500300000000,2.03230000,2.03340000,2.01570000,2.01700000,1265478.20000000,1765501199999999,2562775.32822000,11017,535005.20000000,1085191.86194000,0
1765501200000000,2.01710000,2.02790000,2.01710000,2.02230000,985046.70000000,1765502099999999,1992479.52160000,14731,504875.90000000,1020726.47804000,0
1765502100000000,2.02220000,2.03180000,2.02190000,2.02790000,1041823.70000000,1765502999999999,2113617.66537000,9539,743315.00000000,1508390.27851000,0
1765503000000000,2.02780000,2.03220000,2.02620000,2.03040000,515818.30000000,1765503899999999,1046682.70089000,7091,258036.10000000,523648.44730000,0
1765503900000000,2.03040000,2.03180000,2.02590000,2.02810000,187272.30000000,1765504799999999,379967.48572000,3502,72076.00000000,146219.85379000,0
1765504800000000,2.02810000,2.03990000,2.02560000,2.03670000,451106.30000000,1765505699999999,916956.89720000,6685,248110.10000000,504526.97080000,0
1765505700000000,2.03680000,2.04050000,2.03490000,2.03790000,381962.90000000,1765506599999999,778496.79951000,6186,205077.80000000,417945.42190000,0
1765506600000000,2.03790000,2.04070000,2.03690000,2.03810000,365647.60000000,1765507499999999,745558.14803000,4329,208583.80000000,425287.86568000,0
1765507500000000,2.03800000,2.04340000,2.03620000,2.04060000,582940.70000000,1765508399999999,1189114.53759000,6152,325718.00000000,664187.25719000,0
1765508400000000,2.04060000,2.04300000,2.03570000,2.03580000,334515.30000000,1765509299999999,682226.10177000,5158,180958.90000000,369068.64026000,0
1765509300000000,2.03580000,2.03580000,2.02970000,2.03080000,329961.40000000,1765510199999999,670444.67199000,4621,147128.10000000,298917.34920000,0
1765510200000000,2.03080000,2.03440000,2.02970000,2.03420000,392729.90000000,1765511099999999,797992.40173000,3567,227340.30000000,461939.36134000,0
1765511100000000,2.03420000,2.03600000,2.03110000,2.03150000,285988.90000000,1765511999999999,581539.15653000,3322,162470.80000000,330358.32446000,0
1765512000000000,2.03140000,2.03300000,2.03000000,2.03060000,363176.90000000,1765512899999999,737694.95215000,3741,186218.80000000,378274.28019000,0
1765512900000000,2.03050000,2.03070000,2.02710000,2.02740000,419549.60000000,1765513799999999,851450.67089000,3927,140386.60000000,284881.71856000,0
1765513800000000,2.02730000,2.02860000,2.02560000,2.02850000,495447.80000000,1765514699999999,1004302.30801000,4017,259906.30000000,526854.62576000,0
1765514700000000,2.02860000,2.03160000,2.02720000,2.02960000,395836.10000000,1765515599999999,803259.31868000,3991,232880.50000000,472580.96547000,0
1765515600000000,2.02960000,2.03530000,2.02620000,2.02630000,378717.10000000,1765516499999999,769299.84223000,5235,193932.20000000,393860.40002000,0
1765516500000000,2.02630000,2.02920000,2.02350000,2.02560000,178397.80000000,1765517399999999,361468.85949000,3308,83914.70000000,170038.56059000,0
1765517400000000,2.02560000,2.03120000,2.02460000,2.03120000,271575.40000000,1765518299999999,550500.26144000,3982,92232.40000000,187033.26249000,0
1765518300000000,2.03130000,2.03730000,2.03130000,2.03670000,284957.20000000,1765519199999999,579730.22279000,4694,174908.60000000,355827.91608000,0
1765519200000000,2.03670000,2.04180000,2.03560000,2.04140000,410095.20000000,1765520099999999,836234.08756000,6194,171977.30000000,350589.81270000,0
1765520100000000,2.04140000,2.04190000,2.03760000,2.03820000,389018.20000000,1765520999999999,793567.03310000,3383,206253.90000000,420727.37482000,0
1765521000000000,2.03810000,2.03950000,2.03580000,2.03850000,373056.80000000,1765521899999999,760212.38846000,3400,204671.10000000,417060.38968000,0
1765521900000000,2.03840000,2.04130000,2.03640000,2.04080000,499245.30000000,1765522799999999,1018224.88666000,4367,301333.70000000,614695.38239000,0
1765522800000000,2.04080000,2.04330000,2.03840000,2.03850000,312512.40000000,1765523699999999,637843.68019000,4145,156765.30000000,319990.75247000,0
1765523700000000,2.03850000,2.04080000,2.03790000,2.03790000,352663.90000000,1765524599999999,719222.93078000,4078,137372.10000000,280167.51571000,0
1765524600000000,2.03790000,2.04000000,2.03200000,2.03560000,417923.10000000,1765525499999999,850713.48463000,5806,199287.00000000,405728.52883000,0
1765525500000000,2.03570000,2.03880000,2.03410000,2.03730000,257880.30000000,1765526399999999,525366.19132000,3377,112284.80000000,228736.97503000,0
1765526400000000,2.03730000,2.03800000,2.03530000,2.03530000,264522.70000000,1765527299999999,538701.56813000,3675,86234.40000000,175633.12454000,0
1765527300000000,2.03540000,2.03600000,2.03000000,2.03050000,463920.10000000,1765528199999999,942635.26026000,4667,148898.70000000,302677.80488000,0
1765528200000000,2.03060000,2.03100000,2.02800000,2.02940000,230716.90000000,1765529099999999,468165.67526000,3279,102520.10000000,208026.75316000,0
1765529100000000,2.02940000,2.02960000,2.02660000,2.02880000,428524.60000000,1765529999999999,869131.14363000,5410,180792.40000000,366642.65658000,0
1765530000000000,2.02870000,2.03050000,2.02690000,2.03020000,307037.70000000,1765530899999999,622854.10399000,3736,122128.80000000,247741.53108000,0
1765530900000000,2.03020000,2.03230000,2.02560000,2.02570000,413309.20000000,1765531799999999,838729.57583000,3805,142756.80000000,289680.19201000,0
1765531800000000,2.02570000,2.02800000,2.02510000,2.02700000,274726.10000000,1765532699999999,556776.47215000,3435,108544.90000000,219953.70809000,0
1765532700000000,2.02690000,2.03690000,2.02650000,2.03570000,371419.50000000,1765533599999999,755078.07494000,4897,183385.30000000,372803.68038000,0
1765533600000000,2.03560000,2.03890000,2.03500000,2.03770000,541929.80000000,1765534499999999,1104025.51518000,3762,190213.20000000,387499.12408000,0
1765534500000000,2.03760000,2.03760000,2.03390000,2.03500000,657681.40000000,1765535399999999,1339165.38811000,3617,191931.70000000,390761.12585000,0
1765535400000000,2.03490000,2.03840000,2.03490000,2.03680000,316226.40000000,1765536299999999,644112.14211000,2997,138314.10000000,281702.70120000,0
1765536300000000,2.03670000,2.03930000,2.03550000,2.03800000,152215.20000000,1765537199999999,310156.77770000,2904,74560.90000000,151932.97182000,0
1765537200000000,2.03800000,2.03930000,2.03590000,2.03920000,281855.60000000,1765538099999999,574481.04212000,2856,191775.90000000,390882.63067000,0
1765538100000000,2.03920000,2.04080000,2.03530000,2.03980000,418496.50000000,1765538999999999,852806.66877000,3943,185538.60000000,378159.74903000,0
1765539000000000,2.03970000,2.04490000,2.03940000,2.04400000,312444.10000000,1765539899999999,637874.05437000,3771,220953.70000000,451101.37397000,0
1765539900000000,2.04390000,2.04630000,2.04060000,2.04220000,454407.80000000,1765540799999999,928717.00960000,3915,320712.30000000,655584.01543000,0
1765540800000000,2.04220000,2.04220000,2.03860000,2.03880000,250698.50000000,1765541699999999,511440.73280000,3355,71267.40000000,145392.87659000,0
1765541700000000,2.03880000,2.04220000,2.03830000,2.03980000,184092.10000000,1765542599999999,375627.16843000,3009,78600.40000000,160366.28785000,0
1765542600000000,2.03970000,2.04400000,2.03450000,2.04030000,1719539.50000000,1765543499999999,3504862.56987000,4783,386075.00000000,787401.80352000,0
1765543500000000,2.04030000,2.04540000,2.03140000,2.04460000,2483613.60000000,1765544399999999,5062534.29667000,6561,749322.90000000,1528275.04109000,0
1765544400000000,2.04460000,2.04530000,2.04210000,2.04320000,545797.00000000,1765545299999999,1115308.79765000,3716,260285.10000000,531871.93156000,0
1765545300000000,2.04310000,2.04780000,2.03930000,2.03940000,669816.80000000,1765546199999999,1368391.27421000,5482,159435.70000000,325836.48439000,0
1765546200000000,2.03940000,2.04260000,2.03940000,2.04050000,411890.70000000,1765547099999999,840540.90067000,3790,136502.80000000,278529.48469000,0
1765547100000000,2.04050000,2.04210000,2.03890000,2.04120000,383615.70000000,1765547999999999,782753.32327000,2942,183878.80000000,375265.61645000,0
1765548000000000,2.04120000,2.04220000,2.03570000,2.03620000,225939.70000000,1765548899999999,460664.27715000,4021,72898.50000000,148628.86040000,0
1765548900000000,2.03630000,2.04040000,2.03300000,2.03360000,313426.40000000,1765549799999999,638119.71543000,4360,101394.60000000,206449.88350000,0
1765549800000000,2.03350000,2.04350000,2.03040000,2.04000000,1190843.50000000,1765550699999999,2426579.06185000,17472,545904.70000000,1112261.22961000,0
1765550700000000,2.04000000,2.04160000,2.03180000,2.03790000,703016.60000000,1765551599999999,1431781.24510000,9642,255706.30000000,520816.62602000,0
1765551600000000,2.03790000,2.03800000,2.02420000,2.02770000,1339155.90000000,1765552499999999,2716475.75573000,14128,470810.30000000,955000.73745000,0
1765552500000000,2.02770000,2.02770000,2.00500000,2.00640000,3485782.20000000,1765553399999999,7023598.15709000,23711,1428968.80000000,2878283.53039000,0
1765553400000000,2.00650000,2.00970000,1.99380000,2.00180000,5618343.90000000,1765554299999999,11242995.07489000,46647,3242061.70000000,6487065.98853000,0
1765554300000000,2.00180000,2.00470000,1.96920000,1.97850000,8633413.10000000,1765555199999999,17144527.63436000,50040,3575543.00000000,7097624.61141000,0
1765555200000000,1.97850000,2.00360000,1.97340000,1.99040000,6299462.90000000,1765556099999999,12530564.00180000,75162,3576579.80000000,7113957.25479000,0
1765556100000000,1.99040000,1.99650000,1.97590000,1.99360000,2965147.50000000,1765556999999999,5886536.61958000,46043,1501513.30000000,2980475.82000000,0
1765557000000000,1.99350000,1.99350000,1.97470000,1.98160000,2004680.60000000,1765557899999999,3975474.16982000,25646,898401.20000000,1781735.57369000,0
1765557900000000,1.98150000,1.99190000,1.98050000,1.98810000,1378757.00000000,1765558799999999,2737119.67876000,20186,704163.90000000,1397562.50638000,0
1765558800000000,1.98820000,1.99850000,1.98640000,1.99640000,1804756.60000000,1765559699999999,3596292.35088000,20205,772104.00000000,1539310.04279000,0
1765559700000000,1.99630000,2.00320000,1.98690000,1.98690000,1420345.60000000,1765560599999999,2835398.27520000,17939,773677.50000000,1544800.01625000,0
1765560600000000,1.98690000,1.99780000,1.98600000,1.99620000,831947.20000000,1765561499999999,1657231.16682000,12768,321329.80000000,640272.80025000,0
1765561500000000,1.99620000,2.00130000,1.99500000,1.99610000,414284.80000000,1765562399999999,827736.21513000,8524,224548.90000000,448630.22146000,0
1765562400000000,1.99610000,2.00870000,1.99020000,2.00560000,1159108.70000000,1765563299999999,2316183.56673000,18691,512561.50000000,1024632.01604000,0
1765563300000000,2.00550000,2.00910000,1.99900000,2.00800000,889814.10000000,1765564199999999,1783235.79011000,10674,404691.80000000,811284.09122000,0
1765564200000000,2.00800000,2.02280000,2.00800000,2.01770000,1201676.30000000,1765565099999999,2422601.77671000,12669,649345.40000000,1309050.63186000,0
1765565100000000,2.01770000,2.02560000,2.01000000,2.01250000,867968.40000000,1765565999999999,1752154.33974000,14013,397071.60000000,801688.98079000,0
1765566000000000,2.01250000,2.01450000,2.00670000,2.00940000,666353.70000000,1765566899999999,1339830.43674000,10517,267556.60000000,538071.85677000,0
1765566900000000,2.00930000,2.01380000,2.00270000,2.00510000,592152.40000000,1765567799999999,1189737.16195000,9284,226174.50000000,454618.51827000,0
1765567800000000,2.00510000,2.00820000,1.99950000,2.00020000,592061.10000000,1765568699999999,1186536.92509000,6529,293865.80000000,588910.16493000,0
1765568700000000,2.00010000,2.00700000,1.99640000,2.00360000,459640.60000000,1765569599999999,920029.35198000,7985,174686.90000000,349717.45976000,0
1765569600000000,2.00360000,2.00490000,1.99870000,2.00080000,581543.30000000,1765570499999999,1163966.64711000,7287,258752.50000000,517777.90531000,0
1765570500000000,2.00080000,2.00570000,1.99790000,2.00000000,427283.40000000,1765571399999999,855226.59433000,5844,213796.70000000,427913.71811000,0
1765571400000000,2.00000000,2.00290000,1.99860000,2.00210000,343263.70000000,1765572299999999,686775.94944000,5255,177182.30000000,354464.70304000,0
1765572300000000,2.00220000,2.00640000,2.00000000,2.00080000,832584.10000000,1765573199999999,1668342.59260000,8715,353195.90000000,707584.39967000,0
1765573200000000,2.00080000,2.00370000,1.99760000,2.00150000,440080.50000000,1765574099999999,880396.02006000,7503,250998.50000000,502189.37332000,0
1765574100000000,2.00160000,2.00190000,1.99710000,1.99880000,357428.80000000,1765574999999999,714328.58686000,4013,243600.70000000,486802.12503000,0
1765575000000000,1.99880000,2.00270000,1.99880000,2.00220000,255267.80000000,1765575899999999,510745.81720000,4818,131136.60000000,262366.54638000,0
1765575900000000,2.00220000,2.00510000,2.00200000,2.00480000,321352.40000000,1765576799999999,643893.10292000,4253,169551.30000000,339740.37640000,0
1765576800000000,2.00480000,2.01270000,2.00400000,2.01080000,536761.30000000,1765577699999999,1077982.39767000,4421,208760.00000000,419274.67522000,0
1765577700000000,2.01090000,2.01150000,2.00570000,2.00750000,189952.30000000,1765578599999999,381453.68734000,4660,86041.10000000,172784.63141000,0
1765578600000000,2.00740000,2.01210000,2.00620000,2.01060000,357938.40000000,1765579499999999,719472.74794000,3873,208623.00000000,419376.61171000,0
1765579500000000,2.01060000,2.01200000,2.00830000,2.01080000,276742.10000000,1765580399999999,556079.10911000,4085,108808.70000000,218661.34023000,0
1765580400000000,2.01080000,2.01900000,2.01080000,2.01410000,610505.70000000,1765581299999999,1230718.32759000,10813,305043.30000000,614932.79535000,0
1765581300000000,2.01400000,2.01410000,2.00880000,2.00880000,364364.80000000,1765582199999999,732848.46282000,4048,150047.80000000,301702.26472000,0
1765582200000000,2.00880000,2.01070000,2.00810000,2.01040000,365790.60000000,1765583099999999,735110.81472000,3633,256777.40000000,516017.59435000,0
1765583100000000,2.01030000,2.01090000,2.00730000,2.00740000,286776.90000000,1765583999999999,576120.12103000,2756,176265.40000000,354086.64495000,0
1765584000000000,2.00750000,2.01340000,2.00720000,2.01010000,545801.40000000,1765584899999999,1097490.90284000,5351,289828.20000000,582788.91756000,0
1765584900000000,2.01020000,2.01100000,2.00680000,2.00820000,226133.90000000,1765585799999999,454126.62262000,2669,108553.70000000,217969.05419000,0
1765585800000000,2.00820000,2.01260000,2.00810000,2.01160000,197348.00000000,1765586699999999,396801.24883000,3301,96277.20000000,193585.57989000,0
1765586700000000,2.01150000,2.01360000,2.00910000,2.01220000,262272.80000000,1765587599999999,527594.67683000,3268,128777.30000000,259048.88942000,0
1765587600000000,2.01220000,2.01670000,2.01220000,2.01440000,344499.40000000,1765588499999999,694155.84359000,4642,195133.30000000,393157.61224000,0
1765588500000000,2.01440000,2.01440000,2.01140000,2.01400000,229321.20000000,1765589399999999,461687.93913000,3131,120168.80000000,241936.51738000,0
1765589400000000,2.01400000,2.01470000,2.00980000,2.01010000,255250.30000000,1765590299999999,513576.73510000,3331,117484.50000000,236462.60874000,0
1765590300000000,2.01010000,2.01190000,2.00960000,2.01080000,259909.80000000,1765591199999999,522664.66137000,3222,128098.70000000,257597.15255000,0
1765591200000000,2.01080000,2.01840000,2.01080000,2.01820000,360514.70000000,1765592099999999,726414.51848000,4786,207001.90000000,417159.39208000,0
1765592100000000,2.01810000,2.02070000,2.01740000,2.01960000,392971.60000000,1765592999999999,793436.94544000,3765,183687.00000000,370873.14295000,0
1765593000000000,2.01970000,2.02050000,2.01570000,2.01660000,416782.50000000,1765593899999999,841150.91199000,3493,230038.90000000,464375.21852000,0
1765593900000000,2.01650000,2.01800000,2.01420000,2.01430000,203203.30000000,1765594799999999,409626.22687000,2641,76438.40000000,154070.76283000,0
1765594800000000,2.01420000,2.01890000,2.01420000,2.01850000,310048.30000000,1765595699999999,625287.45367000,3761,153008.90000000,308553.38917000,0
1765595700000000,2.01860000,2.02500000,2.01850000,2.02090000,603007.60000000,1765596599999999,1218528.78400000,4869,409305.90000000,826898.36195000,0
1765596600000000,2.02100000,2.02180000,2.01890000,2.02170000,201547.30000000,1765597499999999,407227.07157000,3567,108189.80000000,218615.89464000,0
1765597500000000,2.02160000,2.02460000,2.02150000,2.02260000,294197.60000000,1765598399999999,595061.86511000,2414,113192.20000000,228925.09398000,0
1765598400000000,2.02270000,2.02610000,2.02270000,2.02440000,280682.20000000,1765599299999999,568342.05555000,2910,106362.70000000,215343.91649000,0
1765599300000000,2.02450000,2.02960000,2.02300000,2.02710000,513853.80000000,1765600199999999,1041408.67783000,4090,226952.50000000,460006.86943000,0
1765600200000000,2.02710000,2.03120000,2.02550000,2.02980000,756924.90000000,1765601099999999,1535074.67596000,4582,320153.60000000,649331.16002000,0
1765601100000000,2.02970000,2.03500000,2.02890000,2.03400000,606512.70000000,1765601999999999,1232655.48299000,4361,260608.80000000,529665.05920000,0
1765602000000000,2.03400000,2.04820000,2.03330000,2.03970000,3217994.60000000,1765602899999999,6571755.19198000,17990,1912700.60000000,3905668.82200000,0
1765602900000000,2.03980000,2.04000000,2.03220000,2.03300000,969559.40000000,1765603799999999,1974215.25257000,7367,414916.40000000,844829.50306000,0
1765603800000000,2.03310000,2.03430000,2.02940000,2.03050000,515152.20000000,1765604699999999,1046567.29785000,5229,274428.50000000,557492.47220000,0
1765604700000000,2.03060000,2.03240000,2.02830000,2.03160000,370252.10000000,1765605599999999,751878.12272000,3874,185618.50000000,376938.66904000,0
1765605600000000,2.03150000,2.03580000,2.03140000,2.03270000,302981.50000000,1765606499999999,616195.64727000,4976,125244.20000000,254699.81648000,0
1765606500000000,2.03270000,2.03280000,2.02920000,2.02930000,362748.90000000,1765607399999999,736521.25992000,2865,161400.10000000,327666.98153000,0
1765607400000000,2.02920000,2.03180000,2.02730000,2.02830000,573928.40000000,1765608299999999,1164836.53675000,4189,315736.30000000,640798.62974000,0
1765608300000000,2.02840000,2.03150000,2.02690000,2.02830000,436008.10000000,1765609199999999,884799.86610000,3795,206888.50000000,419911.50298000,0
1765609200000000,2.02830000,2.03030000,2.02560000,2.02590000,265008.20000000,1765610099999999,537552.63165000,3370,129787.90000000,263315.18638000,0
1765610100000000,2.02600000,2.03100000,2.02590000,2.03100000,324325.00000000,1765610999999999,657811.76935000,4497,158350.30000000,321124.55790000,0
1765611000000000,2.03100000,2.03200000,2.02750000,2.02910000,206950.60000000,1765611899999999,420100.61553000,3467,83104.90000000,168692.70800000,0
1765611900000000,2.02900000,2.02900000,2.02670000,2.02850000,219971.70000000,1765612799999999,446038.56670000,2926,103872.40000000,210618.36381000,0
1765612800000000,2.02850000,2.03920000,2.02850000,2.03900000,431385.40000000,1765613699999999,877678.81559000,6487,241355.40000000,491066.16337000,0
1765613700000000,2.03900000,2.04300000,2.03620000,2.03910000,1078378.70000000,1765614599999999,2200116.61152000,11982,496683.60000000,1013371.41556000,0
1765614600000000,2.03910000,2.03920000,2.03620000,2.03900000,328462.20000000,1765615499999999,669284.98075000,5527,140176.30000000,285616.15610000,0
1765615500000000,2.03890000,2.04180000,2.03520000,2.03610000,356780.80000000,1765616399999999,727355.80149000,4387,174138.90000000,355026.86694000,0
1765616400000000,2.03610000,2.03840000,2.03490000,2.03640000,289559.70000000,1765617299999999,589693.69071000,3754,135157.40000000,275253.34192000,0
1765617300000000,2.03650000,2.03780000,2.03540000,2.03550000,306325.90000000,1765618199999999,623818.77424000,2793,91042.80000000,185415.13874000,0
1765618200000000,2.03550000,2.03900000,2.03430000,2.03710000,354876.80000000,1765619099999999,722958.67972000,3876,146461.20000000,298326.26787000,0
1765619100000000,2.03710000,2.03820000,2.02950000,2.03100000,775416.20000000,1765619999999999,1577104.69017000,6767,224898.60000000,457229.20868000,0
1765620000000000,2.03100000,2.03530000,2.03070000,2.03510000,276812.10000000,1765620899999999,562964.87643000,2675,102479.30000000,208366.69172000,0
1765620900000000,2.03510000,2.03860000,2.03510000,2.03780000,310121.30000000,1765621799999999,631801.13414000,3375,148323.80000000,302153.16678000,0
1765621800000000,2.03790000,2.04000000,2.03680000,2.03830000,241202.70000000,1765622699999999,491710.00748000,3864,149923.70000000,305656.76425000,0
1765622700000000,2.03820000,2.04080000,2.03560000,2.03670000,262497.50000000,1765623599999999,535097.40878000,3509,82701.30000000,168555.96195000,0
1765623600000000,2.03680000,2.03960000,2.03650000,2.03800000,395967.90000000,1765624499999999,806862.52843000,3953,239448.50000000,487899.10173000,0
1765624500000000,2.03810000,2.03830000,2.03370000,2.03480000,147807.80000000,1765625399999999,300932.74803000,3562,63263.60000000,128808.15062000,0
1765625400000000,2.03490000,2.03600000,2.03300000,2.03440000,180215.90000000,1765626299999999,366712.81760000,3003,64004.60000000,130241.16583000,0
1765626300000000,2.03430000,2.03620000,2.03230000,2.03330000,156728.60000000,1765627199999999,318801.32403000,2944,59913.40000000,121886.64379000,0
1765627200000000,2.03330000,2.04000000,2.03200000,2.03900000,359703.10000000,1765628099999999,732469.38721000,5908,179587.10000000,365637.08133000,0
1765628100000000,2.03900000,2.04060000,2.03560000,2.03930000,1057286.60000000,1765628999999999,2155079.84460000,5653,583760.50000000,1189878.77912000,0
1765629000000000,2.03930000,2.04340000,2.03270000,2.03330000,1816179.30000000,1765629899999999,3704161.52183000,7367,665469.20000000,1356978.76533000,0
1765629900000000,2.03330000,2.03440000,2.02870000,2.03170000,1985773.30000000,1765630799999999,4034907.97741000,6555,606199.80000000,1231863.45351000,0
1765630800000000,2.03180000,2.03570000,2.03170000,2.03320000,1495459.60000000,1765631699999999,3042824.42279000,3907,304562.90000000,619188.47036000,0
1765631700000000,2.03310000,2.03750000,2.03230000,2.03250000,281305.40000000,1765632599999999,572211.02344000,3786,113624.70000000,231144.24809000,0
1765632600000000,2.03240000,2.03630000,2.03030000,2.03470000,351027.90000000,1765633499999999,713995.19381000,3674,113110.30000000,230042.37824000,0
1765633500000000,2.03470000,2.03620000,2.03290000,2.03330000,260435.80000000,1765634399999999,529830.11580000,2623,155056.80000000,315416.53175000,0
1765634400000000,2.03340000,2.03570000,2.03230000,2.03560000,163678.90000000,1765635299999999,332919.60388000,2951,81664.60000000,166100.55470000,0
1765635300000000,2.03570000,2.03630000,2.02800000,2.02820000,490153.60000000,1765636199999999,995907.91090000,4802,136421.80000000,277092.64427000,0
1765636200000000,2.02820000,2.03690000,2.02800000,2.03410000,450671.50000000,1765637099999999,915518.93103000,4794,254339.30000000,516772.30362000,0
1765637100000000,2.03410000,2.03930000,2.03400000,2.03650000,455285.40000000,1765637999999999,927741.04095000,4634,178940.20000000,364592.12004000,0
1765638000000000,2.03650000,2.04070000,2.03560000,2.03620000,470811.40000000,1765638899999999,959667.39212000,5239,274923.50000000,560462.71593000,0
1765638900000000,2.03630000,2.03630000,2.03150000,2.03290000,534335.40000000,1765639799999999,1086543.97981000,4682,196138.60000000,398753.79055000,0
1765639800000000,2.03290000,2.03520000,2.03140000,2.03190000,355475.90000000,1765640699999999,722763.57927000,3620,145042.60000000,294888.01597000,0
1765640700000000,2.03200000,2.03240000,2.02900000,2.02990000,263267.10000000,1765641599999999,534535.14094000,3777,104771.40000000,212703.69435000,0
1765641600000000,2.03000000,2.03360000,2.02870000,2.03210000,384029.10000000,1765642499999999,779829.44504000,4950,188537.90000000,382889.58339000,0
1765642500000000,2.03200000,2.03210000,2.02660000,2.02760000,549130.50000000,1765643399999999,1114006.83427000,3669,180728.70000000,366637.72347000,0
1765643400000000,2.02760000,2.02790000,2.02460000,2.02480000,558806.40000000,1765644299999999,1132089.35228000,5267,193257.00000000,391491.61986000,0
1765644300000000,2.02480000,2.02650000,2.02340000,2.02600000,349642.80000000,1765645199999999,708157.71867000,4094,115654.60000000,234268.82231000,0
1765645200000000,2.02600000,2.02620000,2.01820000,2.01920000,562874.40000000,1765646099999999,1137527.29285000,5706,212283.00000000,428887.53519000,0
1765646100000000,2.01920000,2.02120000,2.01820000,2.01950000,216665.80000000,1765646999999999,437551.03494000,3691,97722.90000000,197342.68297000,0
1765647000000000,2.01960000,2.02370000,2.01870000,2.02370000,217048.00000000,1765647899999999,438662.47761000,3469,96564.50000000,195184.53963000,0
1765647900000000,2.02360000,2.02410000,2.01920000,2.01960000,383754.70000000,1765648799999999,775610.57774000,3131,197858.80000000,399899.59959000,0
1765648800000000,2.01950000,2.02240000,2.01660000,2.02230000,947425.10000000,1765649699999999,1912340.90627000,5087,533106.10000000,1076058.24675000,0
1765649700000000,2.02220000,2.02380000,2.02000000,2.02220000,329356.10000000,1765650599999999,665863.20841000,3278,129136.60000000,261045.22189000,0
1765650600000000,2.02230000,2.02230000,2.02000000,2.02030000,146289.80000000,1765651499999999,295697.04174000,2106,61069.60000000,123414.84144000,0
1765651500000000,2.02030000,2.02110000,2.01570000,2.01700000,456262.50000000,1765652399999999,920837.80739000,2644,164264.50000000,331438.75104000,0
1765652400000000,2.01710000,2.01870000,2.01520000,2.01750000,1335562.90000000,1765653299999999,2693513.87509000,3470,1128877.50000000,2276615.73598000,0
1765653300000000,2.01760000,2.01910000,2.01650000,2.01660000,1368971.70000000,1765654199999999,2762184.14208000,3167,1012193.60000000,2042341.39604000,0
1765654200000000,2.01650000,2.02040000,2.01620000,2.02040000,289313.20000000,1765655099999999,583842.63727000,3233,136243.70000000,274967.25917000,0
1765655100000000,2.02030000,2.02070000,2.01850000,2.01950000,133775.80000000,1765655999999999,270193.30099000,1918,50148.10000000,101280.77585000,0
1765656000000000,2.01960000,2.02110000,2.01960000,2.02010000,200342.30000000,1765656899999999,404734.25435000,2218,163670.10000000,330649.75613000,0
1765656900000000,2.02010000,2.02150000,2.01930000,2.02080000,147169.70000000,1765657799999999,297335.22066000,2129,75513.20000000,152562.95231000,0
1765657800000000,2.02080000,2.02240000,2.01840000,2.01840000,234903.20000000,1765658699999999,474404.63480000,2899,88546.60000000,178834.22222000,0
1765658700000000,2.01840000,2.01960000,2.01550000,2.01670000,271159.20000000,1765659599999999,546863.05424000,2431,164909.00000000,332605.57816000,0
1765659600000000,2.01680000,2.01680000,2.01340000,2.01430000,358759.30000000,1765660499999999,722920.91448000,3489,147657.90000000,297489.90245000,0
1765660500000000,2.01430000,2.01720000,2.01400000,2.01500000,129900.50000000,1765661399999999,261845.51581000,2318,81329.20000000,163960.21318000,0
1765661400000000,2.01500000,2.01870000,2.00820000,2.01700000,727220.40000000,1765662299999999,1462660.26248000,7462,317593.20000000,639060.23642000,0
1765662300000000,2.01700000,2.02290000,2.01640000,2.02230000,147827.40000000,1765663199999999,298498.28785000,3241,93828.00000000,189495.10257000,0
1765663200000000,2.02230000,2.02360000,2.01650000,2.01940000,631032.10000000,1765664099999999,1274859.29554000,3636,319408.10000000,645075.36148000,0
1765664100000000,2.01930000,2.02320000,2.01810000,2.01930000,126307.00000000,1765664999999999,255163.25026000,2633,72408.30000000,146261.80472000,0
1765665000000000,2.01920000,2.02290000,2.01840000,2.02200000,182004.70000000,1765665899999999,367882.63590000,2780,100521.30000000,203158.99051000,0
1765665900000000,2.02190000,2.02500000,2.02090000,2.02230000,151747.30000000,1765666799999999,306884.60110000,3586,70555.80000000,142666.46766000,0
1765666800000000,2.02240000,2.02240000,2.01870000,2.02070000,262769.90000000,1765667699999999,530848.18684000,5192,115991.80000000,234297.70989000,0
1765667700000000,2.02060000,2.02230000,2.01920000,2.02080000,222996.20000000,1765668599999999,450647.92092000,2821,88636.10000000,179110.45897000,0
1765668600000000,2.02070000,2.02180000,2.01960000,2.02170000,256690.40000000,1765669499999999,518675.04681000,2113,138106.90000000,279081.07213000,0
1765669500000000,2.02170000,2.02380000,2.02160000,2.02270000,204475.00000000,1765670399999999,413667.31238000,2034,104862.50000000,212135.73113000,0
1765670400000000,2.02260000,2.02270000,2.01700000,2.02050000,313409.30000000,1765671299999999,633066.24134000,4038,125897.90000000,254294.19376000,0
1765671300000000,2.02040000,2.02230000,2.01950000,2.02200000,226861.80000000,1765672199999999,458481.27546000,3413,113914.70000000,230207.70480000,0
1765672200000000,2.02200000,2.02670000,2.02170000,2.02610000,268812.10000000,1765673099999999,544149.42446000,3945,192994.20000000,390650.56938000,0
1765673100000000,2.02610000,2.02810000,2.02420000,2.02610000,368168.50000000,1765673999999999,746033.46699000,3315,176506.60000000,357610.08023000,0
1765674000000000,2.02610000,2.02960000,2.02450000,2.02840000,284614.70000000,1765674899999999,577217.00549000,2966,198827.70000000,403247.03335000,0
1765674900000000,2.02840000,2.02980000,2.02790000,2.02980000,136553.70000000,1765675799999999,277047.61612000,1832,82916.40000000,168226.03018000,0
1765675800000000,2.02980000,2.03060000,2.02320000,2.02410000,267986.20000000,1765676699999999,542990.70490000,3269,108413.70000000,219602.34723000,0
1765676700000000,2.02410000,2.02590000,2.02350000,2.02570000,120070.40000000,1765677599999999,243155.61075000,1862,42687.70000000,86442.43024000,0
1765677600000000,2.02580000,2.02930000,2.02510000,2.02660000,172027.30000000,1765678499999999,348702.13830000,2380,83942.20000000,170163.48972000,0
1765678500000000,2.02650000,2.02760000,2.02520000,2.02620000,115502.60000000,1765679399999999,234071.41125000,1817,48380.50000000,98038.71891000,0
1765679400000000,2.02630000,2.02760000,2.02360000,2.02600000,178357.90000000,1765680299999999,361230.47885000,2250,74534.90000000,150955.75424000,0
1765680300000000,2.02590000,2.02800000,2.02500000,2.02800000,111681.00000000,1765681199999999,226320.63437000,1765,76888.40000000,155832.19889000,0
1765681200000000,2.02800000,2.02980000,2.02710000,2.02710000,144764.70000000,1765682099999999,293645.54665000,2367,51510.50000000,104484.72551000,0
1765682100000000,2.02720000,2.02750000,2.02580000,2.02650000,61475.10000000,1765682999999999,124594.24458000,1391,32094.40000000,65049.96658000,0
1765683000000000,2.02640000,2.02640000,2.02380000,2.02510000,232266.30000000,1765683899999999,470321.80588000,2512,160176.60000000,324338.09644000,0
1765683900000000,2.02500000,2.02520000,2.02280000,2.02440000,172549.00000000,1765684799999999,349242.14919000,1757,75275.80000000,152355.84178000,0
1765684800000000,2.02450000,2.02530000,2.02060000,2.02280000,357983.40000000,1765685699999999,724159.63530000,2523,164209.60000000,332200.64644000,0
1765685700000000,2.02280000,2.02340000,2.01990000,2.02070000,143424.90000000,1765686599999999,289933.85843000,1818,50771.70000000,102657.50163000,0
1765686600000000,2.02070000,2.02120000,2.01640000,2.01700000,192813.00000000,1765687499999999,389121.84865000,1796,45009.60000000,90858.88398000,0
1765687500000000,2.01700000,2.01800000,2.01490000,2.01690000,347143.40000000,1765688399999999,700094.81885000,2320,166782.30000000,336353.87572000,0
1765688400000000,2.01700000,2.01700000,2.01230000,2.01430000,296082.00000000,1765689299999999,596485.36784000,3270,113662.80000000,228988.72680000,0
1765689300000000,2.01430000,2.01430000,2.01030000,2.01180000,362869.40000000,1765690199999999,730157.03100000,3701,192825.10000000,387988.28854000,0
1765690200000000,2.01180000,2.01660000,2.01150000,2.01640000,230530.20000000,1765691099999999,464336.04127000,2284,167228.10000000,336843.54120000,0
1765691100000000,2.01630000,2.01750000,2.01580000,2.01580000,180808.50000000,1765691999999999,364623.09354000,1548,133791.50000000,269807.49966000,0
1765692000000000,2.01590000,2.01590000,2.01210000,2.01340000,232894.40000000,1765692899999999,468876.80118000,2509,140330.40000000,282523.53392000,0
1765692900000000,2.01340000,2.01570000,2.01170000,2.01280000,256831.20000000,1765693799999999,517020.50933000,3186,142578.10000000,286996.60486000,0
1765693800000000,2.01290000,2.01770000,2.01140000,2.01770000,165490.60000000,1765694699999999,333346.69394000,2463,101491.30000000,204389.62461000,0
1765694700000000,2.01760000,2.01810000,2.01600000,2.01720000,145296.50000000,1765695599999999,293038.79775000,2205,65804.40000000,132696.83133000,0
1765695600000000,2.01720000,2.01870000,2.01580000,2.01770000,99060.30000000,1765696499999999,199827.40874000,2231,56790.70000000,114568.20456000,0
1765696500000000,2.01760000,2.01950000,2.01590000,2.01950000,279622.20000000,1765697399999999,564265.76732000,2668,114021.80000000,230095.29321000,0
1765697400000000,2.01940000,2.02060000,2.01550000,2.01730000,129206.10000000,1765698299999999,260682.68667000,1669,68384.50000000,137946.17530000,0
1765698300000000,2.01730000,2.02030000,2.01710000,2.01920000,168899.00000000,1765699199999999,340977.96083000,2664,94081.10000000,189938.72809000,0
1765699200000000,2.01930000,2.02320000,2.01910000,2.01980000,273870.70000000,1765700099999999,553756.35651000,2882,187290.10000000,378693.00487000,0
1765700100000000,2.01980000,2.02040000,2.01850000,2.01900000,148521.00000000,1765700999999999,299929.32031000,2232,56743.40000000,114591.74292000,0
1765701000000000,2.01900000,2.01900000,2.01590000,2.01670000,251400.50000000,1765701899999999,507249.53171000,1624,93597.30000000,188803.68353000,0
1765701900000000,2.01670000,2.01670000,2.01450000,2.01470000,243443.30000000,1765702799999999,490629.28426000,1667,106262.00000000,214134.43640000,0
1765702800000000,2.01470000,2.01560000,2.01240000,2.01270000,289528.70000000,1765703699999999,583170.55302000,2225,111563.60000000,224699.25487000,0
1765703700000000,2.01270000,2.01430000,2.01230000,2.01250000,212742.50000000,1765704599999999,428338.64910000,1843,92622.30000000,186476.67268000,0
1765704600000000,2.01250000,2.01520000,2.01120000,2.01410000,412240.90000000,1765705499999999,830081.94153000,3242,172143.60000000,346573.44158000,0
1765705500000000,2.01410000,2.01500000,2.01160000,2.01240000,123198.30000000,1765706399999999,248039.90178000,1509,61098.20000000,122994.21716000,0
1765706400000000,2.01240000,2.01290000,2.00300000,2.00560000,686642.00000000,1765707299999999,1378062.38275000,5467,258074.90000000,518062.21198000,0
1765707300000000,2.00570000,2.01160000,2.00500000,2.00920000,441481.90000000,1765708199999999,886598.73738000,4234,316237.70000000,635096.25050000,0
1765708200000000,2.00930000,2.00960000,2.00500000,2.00770000,332740.60000000,1765709099999999,667708.85094000,3821,210497.40000000,422442.04883000,0
1765709100000000,2.00760000,2.00900000,2.00660000,2.00670000,305245.30000000,1765709999999999,612875.63708000,2954,166449.70000000,334188.59770000,0
1765710000000000,2.00670000,2.00990000,2.00140000,2.00750000,705345.30000000,1765710899999999,1414533.91503000,6918,233401.80000000,468032.92043000,0
1765710900000000,2.00740000,2.00780000,2.00280000,2.00370000,668888.00000000,1765711799999999,1341054.40929000,5305,227681.70000000,456319.64797000,0
1765711800000000,2.00360000,2.00460000,1.99350000,1.99410000,1222863.00000000,1765712699999999,2444397.75703000,15430,469270.70000000,938045.29163000,0
1765712700000000,1.99420000,2.00290000,1.99000000,2.00120000,1234222.10000000,1765713599999999,2465196.00845000,14520,685748.40000000,1370329.26601000,0
1765713600000000,2.00110000,2.00500000,1.99700000,2.00040000,1524208.10000000,1765714499999999,3047075.85741000,7380,509909.50000000,1020230.41860000,0
1765714500000000,2.00050000,2.00390000,1.99870000,1.99880000,719715.50000000,1765715399999999,1440147.83264000,5590,488560.70000000,977588.01761000,0
1765715400000000,1.99870000,2.00670000,1.99870000,2.00590000,612012.90000000,1765716299999999,1225156.50225000,4444,369221.70000000,739075.71402000,0
1765716300000000,2.00590000,2.00800000,2.00400000,2.00410000,439131.20000000,1765717199999999,880771.63996000,3493,260124.40000000,521706.13679000,0
1765717200000000,2.00410000,2.00410000,1.99800000,1.99990000,637029.00000000,1765718099999999,1274251.75129000,5628,367947.80000000,735901.10800000,0
1765718100000000,1.99990000,2.00140000,1.99660000,1.99910000,905776.10000000,1765718999999999,1810235.35742000,6025,544861.00000000,1088906.77947000,0
1765719000000000,1.99900000,2.00160000,1.99730000,1.99770000,575482.90000000,1765719899999999,1150430.81379000,5014,328738.20000000,657146.05564000,0
1765719900000000,1.99780000,2.00330000,1.99750000,2.00320000,470453.20000000,1765720799999999,940911.11294000,3213,348259.00000000,696494.92040000,0
1765720800000000,2.00320000,2.00800000,2.00310000,2.00400000,446320.20000000,1765721699999999,895192.87347000,4537,248006.20000000,497340.28024000,0
1765721700000000,2.00410000,2.00410000,1.99890000,1.99970000,348732.50000000,1765722599999999,698075.06610000,3364,144122.30000000,288492.50916000,0
1765722600000000,1.99970000,1.99970000,1.98930000,1.99010000,1208202.40000000,1765723499999999,2409191.00051000,10995,531198.30000000,1059103.02039000,0
1765723500000000,1.99000000,1.99470000,1.98750000,1.99470000,934327.70000000,1765724399999999,1860753.57035000,9082,477936.90000000,951763.18012000,0
1765724400000000,1.99460000,1.99670000,1.99090000,1.99300000,467902.70000000,1765725299999999,932902.62766000,8328,228032.90000000,454629.99180000,0
1765725300000000,1.99290000,1.99630000,1.98970000,1.99180000,460701.90000000,1765726199999999,918271.43561000,7271,242816.60000000,484043.98573000,0
1765726200000000,1.99180000,1.99700000,1.98980000,1.99590000,334843.00000000,1765727099999999,667495.21088000,5925,189153.80000000,377105.27809000,0
1765727100000000,1.99580000,1.99580000,1.99090000,1.99130000,347928.90000000,1765727999999999,693473.29205000,4028,145978.10000000,290973.70852000,0
1765728000000000,1.99130000,1.99530000,1.98920000,1.99530000,297395.10000000,1765728899999999,592377.31485000,5389,141035.00000000,280884.23427000,0
1765728900000000,1.99530000,2.00460000,1.99440000,2.00100000,342132.10000000,1765729799999999,684250.71656000,8107,192994.70000000,385956.41239000,0
1765729800000000,2.00110000,2.00280000,1.99130000,1.99250000,276868.60000000,1765730699999999,552409.94567000,6313,115326.90000000,230085.00558000,0
1765730700000000,1.99250000,1.99800000,1.99160000,1.99700000,343974.20000000,1765731599999999,686355.52120000,7531,170881.10000000,341010.93537000,0
1765731600000000,1.99710000,1.99970000,1.98380000,1.98790000,938456.80000000,1765732499999999,1868092.34947000,9489,398795.50000000,793726.33253000,0
1765732500000000,1.98790000,1.99430000,1.98490000,1.98910000,492812.80000000,1765733399999999,980562.02050000,10515,205997.80000000,409837.23015000,0
1765733400000000,1.98900000,1.99140000,1.98520000,1.99040000,352939.20000000,1765734299999999,701936.05850000,7108,139618.80000000,277630.00331000,0
1765734300000000,1.99030000,1.99060000,1.98620000,1.98720000,419465.60000000,1765735199999999,834079.52661000,5893,218139.60000000,433693.83985000,0
1765735200000000,1.98730000,1.99180000,1.98520000,1.98910000,339351.50000000,1765736099999999,674881.75835000,5412,195683.00000000,389204.05044000,0
1765736100000000,1.98900000,1.99340000,1.98410000,1.98710000,442282.00000000,1765736999999999,880037.85088000,6196,241719.80000000,480953.05627000,0
1765737000000000,1.98700000,1.99120000,1.98670000,1.98900000,265129.30000000,1765737899999999,527189.26714000,4334,163852.00000000,325775.15656000,0
1765737900000000,1.98900000,1.99350000,1.98670000,1.99300000,236348.00000000,1765738799999999,470500.52028000,4330,165528.90000000,329538.17846000,0
1765738800000000,1.99290000,1.99290000,1.98440000,1.98660000,424227.30000000,1765739699999999,843308.04944000,4673,191680.30000000,380884.57937000,0
1765739700000000,1.98660000,1.98750000,1.98270000,1.98730000,376255.10000000,1765740599999999,746854.35882000,5294,226827.90000000,450253.66331000,0
1765740600000000,1.98730000,1.98850000,1.98230000,1.98570000,309627.50000000,1765741499999999,614833.37995000,4069,173024.10000000,343575.51494000,0
1765741500000000,1.98570000,1.98880000,1.98510000,1.98860000,479470.20000000,1765742399999999,952651.99382000,4063,286943.10000000,570049.47748000,0
1765742400000000,1.98860000,1.99420000,1.98240000,1.99420000,864403.10000000,1765743299999999,1718342.20378000,10330,481732.30000000,957755.92400000,0
1765743300000000,1.99430000,1.99500000,1.98920000,1.98950000,552737.50000000,1765744199999999,1101131.96655000,5917,318347.80000000,634209.10449000,0
1765744200000000,1.98960000,1.99270000,1.98810000,1.99160000,582981.90000000,1765745099999999,1160792.44497000,4614,264036.30000000,525668.22676000,0
1765745100000000,1.99170000,1.99240000,1.98700000,1.98760000,407773.10000000,1765745999999999,811290.84160000,3204,245655.20000000,488730.78706000,0
1765746000000000,1.98750000,1.98880000,1.98520000,1.98770000,213008.70000000,1765746899999999,423260.27885000,4545,130660.90000000,259626.96737000,0
1765746900000000,1.98770000,1.99180000,1.98740000,1.98940000,225053.80000000,1765747799999999,447805.84894000,4122,102383.10000000,203706.65886000,0
1765747800000000,1.98930000,1.99080000,1.98640000,1.98660000,362494.90000000,1765748699999999,720983.99264000,4286,253243.60000000,503681.54210000,0
1765748700000000,1.98670000,1.98890000,1.98310000,1.98720000,358631.30000000,1765749599999999,712033.44376000,5425,241340.40000000,479150.67402000,0
1765749600000000,1.98730000,1.99360000,1.98710000,1.99020000,272100.10000000,1765750499999999,541789.52956000,5776,143058.50000000,284845.01702000,0
1765750500000000,1.99030000,1.99110000,1.98600000,1.98780000,262336.50000000,1765751399999999,521547.61110000,5199,150295.40000000,298811.67743000,0
1765751400000000,1.98780000,1.98870000,1.98180000,1.98470000,556715.80000000,1765752299999999,1105131.00857000,9111,191107.50000000,379388.61787000,0
1765752300000000,1.98470000,1.99320000,1.98280000,1.99230000,273553.70000000,1765753199999999,543787.85159000,6217,164870.00000000,327783.37628000,0
1765753200000000,1.99240000,1.99740000,1.98280000,1.98570000,483690.40000000,1765754099999999,961694.64588000,10880,213661.60000000,424853.24214000,0
1765754100000000,1.98570000,1.98790000,1.98210000,1.98550000,406021.40000000,1765754999999999,805749.50467000,6420,111201.70000000,220670.73945000,0
1765755000000000,1.98560000,1.98630000,1.95270000,1.97840000,7424919.10000000,1765755899999999,14606624.86747000,43484,3992061.00000000,7850372.78967000,0
1765755900000000,1.97850000,1.98330000,1.97410000,1.97840000,816233.30000000,1765756799999999,1615713.12781000,11914,392103.00000000,776033.42454000,0
1765756800000000,1.97840000,1.98810000,1.97650000,1.97700000,934261.30000000,1765757699999999,1851817.90178000,12277,440431.90000000,873148.94351000,0
1765757700000000,1.97700000,1.99040000,1.97470000,1.98770000,872538.50000000,1765758599999999,1730078.56671000,13341,423922.10000000,840354.74126000,0
1765758600000000,1.98770000,1.98900000,1.97600000,1.97790000,446716.60000000,1765759499999999,885622.33606000,9625,241462.50000000,478861.83610000,0
1765759500000000,1.97780000,1.98550000,1.97650000,1.98410000,517193.40000000,1765760399999999,1024283.17111000,6967,235976.80000000,467589.63958000,0
1765760400000000,1.98410000,1.98620000,1.98170000,1.98480000,426757.30000000,1765761299999999,846869.42411000,8392,214236.90000000,425130.70666000,0
1765761300000000,1.98490000,1.98490000,1.97910000,1.98100000,318894.10000000,1765762199999999,631931.23253000,5949,138800.90000000,275014.24885000,0
1765762200000000,1.98110000,2.00470000,1.97870000,1.99490000,1626247.70000000,1765763099999999,3245874.37020000,19542,988059.20000000,1971989.33819000,0
1765763100000000,1.99500000,2.00040000,1.99260000,1.99840000,773859.10000000,1765763999999999,1544668.13016000,9339,462062.40000000,922336.05716000,0
1765764000000000,1.99830000,2.00760000,1.99740000,1.99950000,919820.60000000,1765764899999999,1841501.87652000,11612,562218.90000000,1125480.27567000,0
1765764900000000,1.99960000,2.01430000,1.99950000,2.00710000,1133248.70000000,1765765799999999,2276271.34515000,18108,623770.10000000,1253077.23020000,0
1765765800000000,2.00720000,2.00780000,1.99620000,1.99770000,586245.10000000,1765766699999999,1173472.88396000,8771,251102.40000000,502734.92124000,0
1765766700000000,1.99760000,1.99770000,1.99320000,1.99570000,430300.20000000,1765767599999999,858428.38852000,5523,193730.90000000,386497.28118000,0
1765767600000000,1.99560000,1.99640000,1.99210000,1.99340000,303596.80000000,1765768499999999,605443.50537000,6054,132404.10000000,264023.34865000,0
1765768500000000,1.99350000,2.00090000,1.99340000,1.99850000,374739.50000000,1765769399999999,749100.13468000,5083,220700.10000000,441091.19231000,0
1765769400000000,1.99860000,1.99980000,1.99340000,1.99400000,371837.90000000,1765770299999999,742068.04631000,3900,144535.00000000,288403.45144000,0
1765770300000000,1.99400000,1.99640000,1.99400000,1.99510000,294592.60000000,1765771199999999,587763.43997000,3100,144384.90000000,288071.35519000,0
1765771200000000,1.99520000,2.00050000,1.99510000,2.00020000,228723.60000000,1765772099999999,457059.14904000,4763,107992.40000000,215774.38126000,0
1765772100000000,2.00010000,2.00150000,1.99280000,1.99460000,564031.70000000,1765772999999999,1126849.68981000,4554,267522.10000000,534478.75984000,0
1765773000000000,1.99460000,2.00030000,1.99340000,1.99990000,260986.50000000,1765773899999999,521380.52404000,4062,144461.50000000,288588.48873000,0
1765773900000000,1.99990000,2.00430000,1.99930000,2.00070000,234509.30000000,1765774799999999,469443.00891000,2879,153539.40000000,307342.01954000,0
1765774800000000,2.00060000,2.00350000,1.99810000,2.00330000,307759.80000000,1765775699999999,615537.02668000,2917,191608.40000000,383253.24300000,0
1765775700000000,2.00330000,2.00380000,1.99910000,2.00070000,523946.00000000,1765776599999999,1048467.15252000,3119,273838.60000000,547992.39294000,0
1765776600000000,2.00060000,2.00060000,1.99650000,1.99660000,491842.70000000,1765777499999999,982858.58671000,3174,270057.50000000,539619.84529000,0
1765777500000000,1.99650000,2.00080000,1.99650000,2.00080000,348924.80000000,1765778399999999,697538.04102000,2647,192943.30000000,385710.93186000,0
1765778400000000,2.00080000,2.00190000,1.99600000,1.99600000,250371.50000000,1765779299999999,500456.08828000,2917,117350.50000000,234578.40566000,0
1765779300000000,1.99590000,1.99810000,1.99590000,1.99680000,107713.90000000,1765780199999999,215111.99424000,1932,73872.20000000,147533.00181000,0
1765780200000000,1.99680000,1.99890000,1.99610000,1.99820000,441535.40000000,1765781099999999,881945.68980000,2974,152905.00000000,305467.03029000,0
1765781100000000,1.99820000,2.00550000,1.99810000,2.00180000,596021.80000000,1765781999999999,1193118.59034000,4771,272566.20000000,545573.74074000,0
1765782000000000,2.00190000,2.00320000,1.99490000,1.99670000,423762.50000000,1765782899999999,846759.49143000,4803,165099.40000000,329863.20596000,0
1765782900000000,1.99660000,1.99870000,1.99660000,1.99720000,201691.30000000,1765783799999999,402893.25498000,2380,94462.20000000,188702.93875000,0
1765783800000000,1.99720000,1.99900000,1.99330000,1.99340000,306368.30000000,1765784699999999,611550.71274000,3643,125248.20000000,249970.00369000,0
1765784700000000,1.99340000,1.99630000,1.99290000,1.99520000,216020.00000000,1765785599999999,430841.25396000,2659,127824.10000000,254943.52927000,0
1765785600000000,1.99520000,1.99800000,1.99070000,1.99120000,312801.90000000,1765786499999999,623614.83490000,4497,138966.30000000,277096.52544000,0
1765786500000000,1.99120000,1.99820000,1.99060000,1.99650000,318058.90000000,1765787399999999,634511.70034000,4148,209612.10000000,418294.61659000,0
1765787400000000,1.99660000,1.99880000,1.99550000,1.99780000,530636.50000000,1765788299999999,1060074.22981000,3799,316445.20000000,632200.79599000,0
1765788300000000,1.99780000,1.99810000,1.99360000,1.99380000,598214.30000000,1765789199999999,1193447.50440000,2719,97409.90000000,194428.22124000,0
1765789200000000,1.99380000,1.99990000,1.99150000,1.99730000,527681.30000000,1765790099999999,1053651.14858000,5443,255017.30000000,509106.16711000,0
1765790100000000,1.99730000,1.99960000,1.99650000,1.99790000,551335.20000000,1765790999999999,1101658.08548000,3212,204057.40000000,407747.85420000,0
1765791000000000,1.99780000,1.99860000,1.99620000,1.99680000,337155.40000000,1765791899999999,673380.72870000,2756,139379.00000000,278395.33765000,0
1765791900000000,1.99690000,2.00240000,1.99610000,1.99820000,1059700.60000000,1765792799999999,2118397.57398000,4770,612520.40000000,1224264.74273000,0
1765792800000000,1.99830000,1.99940000,1.99590000,1.99670000,742495.60000000,1765793699999999,1483750.71771000,3831,432776.60000000,864880.22226000,0
1765793700000000,1.99670000,2.00060000,1.99400000,1.99830000,1066061.90000000,1765794599999999,2129399.46437000,5198,797638.40000000,1593546.45607000,0
1765794600000000,1.99830000,2.00100000,1.99340000,1.99390000,815382.20000000,1765795499999999,1629068.96269000,5841,491980.40000000,983142.49341000,0
1765795500000000,1.99390000,1.99460000,1.99310000,1.99430000,367140.00000000,1765796399999999,732022.48583000,2768,216790.10000000,432241.92752000,0
1765796400000000,1.99430000,1.99550000,1.99250000,1.99320000,395758.50000000,1765797299999999,789048.71567000,3065,138803.60000000,276722.93245000,0
1765797300000000,1.99320000,1.99350000,1.99150000,1.99190000,261267.30000000,1765798199999999,520587.14583000,2309,112444.50000000,224043.04575000,0
1765798200000000,1.99190000,1.99250000,1.98420000,1.98550000,716845.40000000,1765799099999999,1424428.62729000,5029,220141.60000000,437606.61933000,0
1765799100000000,1.98550000,1.98860000,1.98380000,1.98750000,1309382.90000000,1765799999999999,2600644.27840000,4719,716077.30000000,1422181.90716000,0
1765800000000000,1.98760000,1.98770000,1.98230000,1.98410000,425447.90000000,1765800899999999,844225.28829000,5032,141020.30000000,279769.93287000,0
1765800900000000,1.98410000,1.98690000,1.98370000,1.98440000,338686.90000000,1765801799999999,672339.21222000,3574,170952.50000000,339341.95693000,0
1765801800000000,1.98440000,1.98700000,1.98430000,1.98540000,607736.60000000,1765802699999999,1206603.60081000,4190,429773.50000000,853256.53529000,0
1765802700000000,1.98540000,1.98600000,1.98310000,1.98350000,559469.60000000,1765803599999999,1110466.12569000,3767,251453.70000000,499149.38276000,0
1765803600000000,1.98350000,1.98470000,1.96510000,1.97290000,3365326.40000000,1765804499999999,6637165.54017000,23611,1397242.70000000,2754839.48682000,0
1765804500000000,1.97290000,1.97360000,1.95820000,1.95910000,1582899.20000000,1765805399999999,3110329.52121000,14787,749847.10000000,1473542.64372000,0
1765805400000000,1.95920000,1.96860000,1.95560000,1.96770000,1896819.80000000,1765806299999999,3719254.01864000,19484,1086932.80000000,2131561.40553000,0
1765806300000000,1.96770000,1.96950000,1.96410000,1.96450000,1518637.80000000,1765807199999999,2987425.00777000,7586,906207.20000000,1782360.62021000,0
1765807200000000,1.96450000,1.97690000,1.96270000,1.97640000,1547781.90000000,1765808099999999,3051914.87509000,12011,1033414.90000000,2038341.98646000,0
1765808100000000,1.97630000,1.98080000,1.96880000,1.97260000,1017312.10000000,1765808999999999,2009187.29354000,13309,534901.70000000,1056367.35313000,0
1765809000000000,1.97270000,1.98020000,1.96360000,1.96730000,1164191.90000000,1765809899999999,2295512.18916000,25031,641435.30000000,1264873.68568000,0
1765809900000000,1.96720000,1.97040000,1.93000000,1.94110000,7997749.60000000,1765810799999999,15550006.25082000,65925,3827042.00000000,7438430.29443000,0
1765810800000000,1.94110000,1.94310000,1.92370000,1.93230000,6490371.80000000,1765811699999999,12550526.17861000,72326,2857949.20000000,5527654.39100000,0
1765811700000000,1.93220000,1.93300000,1.91270000,1.92130000,6174166.00000000,1765812599999999,11858250.72129000,74869,2778331.90000000,5335993.51970000,0
1765812600000000,1.92120000,1.93030000,1.91700000,1.92770000,2551070.30000000,1765813499999999,4906577.97066000,39916,1467217.70000000,2822529.48788000,0
1765813500000000,1.92770000,1.93570000,1.92000000,1.92560000,2170967.50000000,1765814399999999,4184662.09418000,31811,1112469.40000000,2144320.86357000,0
1765814400000000,1.92560000,1.92910000,1.91860000,1.92320000,1881888.30000000,1765815299999999,3621735.61524000,27562,1076918.80000000,2072321.36121000,0
1765815300000000,1.92320000,1.93090000,1.92220000,1.92410000,1339278.50000000,1765816199999999,2579860.16336000,19934,641341.20000000,1235503.20180000,0
1765816200000000,1.92420000,1.92490000,1.90700000,1.91200000,2435044.90000000,1765817099999999,4662403.34431000,30159,1165595.70000000,2231469.37614000,0
1765817100000000,1.91190000,1.91810000,1.90830000,1.91300000,1324101.80000000,1765817999999999,2532418.11556000,22511,665205.90000000,1272529.72501000,0
1765818000000000,1.91290000,1.91520000,1.90300000,1.90510000,2500063.50000000,1765818899999999,4770871.20692000,18451,1669416.50000000,3186566.65903000,0
1765818900000000,1.90500000,1.90970000,1.90360000,1.90660000,1382201.70000000,1765819799999999,2635365.85995000,15347,742849.90000000,1416330.20382000,0
1765819800000000,1.90660000,1.90740000,1.89480000,1.89990000,3805141.10000000,1765820699999999,7228460.82107000,26885,1603554.70000000,3045878.14864000,0
1765820700000000,1.89980000,1.90180000,1.89000000,1.89150000,1887482.00000000,1765821599999999,3573757.27740000,18376,958184.40000000,1814433.38279000,0
1765821600000000,1.89150000,1.89670000,1.88700000,1.89460000,1378347.70000000,1765822499999999,2607917.33027000,19965,616196.90000000,1166098.52311000,0
1765822500000000,1.89450000,1.89650000,1.88340000,1.88370000,1289875.30000000,1765823399999999,2434947.41665000,14496,520790.20000000,983483.87402000,0
1765823400000000,1.88370000,1.88940000,1.86950000,1.88300000,4003337.80000000,1765824299999999,7516285.47214000,35757,1694356.20000000,3180807.17291000,0
1765824300000000,1.88310000,1.89460000,1.88210000,1.89210000,1856013.20000000,1765825199999999,3505818.47629000,17722,836233.50000000,1579153.19882000,0
1765825200000000,1.89200000,1.90330000,1.89090000,1.89320000,2866664.50000000,1765826099999999,5442787.81770000,25485,1051286.00000000,1996125.97938000,0
1765826100000000,1.89310000,1.90490000,1.89130000,1.90210000,1527266.00000000,1765826999999999,2901141.63765000,16180,725067.30000000,1377173.10076000,0
1765827000000000,1.90200000,1.90840000,1.90180000,1.90440000,1708131.90000000,1765827899999999,3254451.60569000,13948,449842.50000000,857083.91536000,0
1765827900000000,1.90440000,1.90440000,1.89500000,1.89610000,1791342.20000000,1765828799999999,3401829.42395000,13180,697097.90000000,1323870.85979000,0
1765828800000000,1.89620000,1.89620000,1.88450000,1.88580000,1710608.60000000,1765829699999999,3231391.99854000,17456,639603.20000000,1207723.72260000,0
1765829700000000,1.88580000,1.88710000,1.87950000,1.88430000,880129.70000000,1765830599999999,1657302.19199000,13099,450923.90000000,849292.20496000,0
1765830600000000,1.88430000,1.89140000,1.88110000,1.88670000,1092094.60000000,1765831499999999,2059857.07700000,13832,567877.70000000,1071217.46152000,0
1765831500000000,1.88660000,1.88880000,1.88100000,1.88310000,1106182.10000000,1765832399999999,2085295.52689000,14987,551051.20000000,1038818.26518000,0
1765832400000000,1.88320000,1.88730000,1.88010000,1.88300000,1306031.40000000,1765833299999999,2458424.53823000,11728,405853.10000000,764390.44614000,0
1765833300000000,1.88300000,1.89720000,1.88260000,1.89620000,1029767.00000000,1765834199999999,1947110.33484000,9377,621353.30000000,1174850.93675000,0
1765834200000000,1.89620000,1.89980000,1.89260000,1.89380000,977361.00000000,1765835099999999,1853425.25338000,8042,506850.30000000,961177.53817000,0
1765835100000000,1.89380000,1.89470000,1.89030000,1.89150000,755495.10000000,1765835999999999,1429632.18924000,7218,281617.90000000,532965.88731000,0
1765836000000000,1.89150000,1.89190000,1.88370000,1.88700000,1599686.20000000,1765836899999999,3020650.47593000,9583,743363.30000000,1403671.66355000,0
1765836900000000,1.88700000,1.88880000,1.88050000,1.88410000,1513336.40000000,1765837799999999,2852291.64848000,11977,677701.00000000,1277052.37378000,0
1765837800000000,1.88410000,1.88760000,1.88210000,1.88500000,965637.70000000,1765838699999999,1820432.75240000,8543,476803.60000000,898934.39369000,0
1765838700000000,1.88510000,1.89090000,1.88350000,1.89090000,639028.40000000,1765839599999999,1205579.63869000,5106,247972.20000000,467872.33430000,0
1765839600000000,1.89090000,1.89770000,1.89000000,1.89770000,1064514.30000000,1765840499999999,2015633.52470000,8085,590455.90000000,1118312.40920000,0
1765840500000000,1.89760000,1.89790000,1.89000000,1.89210000,1171857.40000000,1765841399999999,2218255.91477000,8363,734576.60000000,1390384.28104000,0
1765841400000000,1.89220000,1.89790000,1.89080000,1.89780000,799950.90000000,1765842299999999,1515594.17402000,7545,439907.50000000,833453.73918000,0
1765842300000000,1.89770000,1.89940000,1.89480000,1.89810000,1004885.70000000,1765843199999999,1906636.43627000,7491,474279.40000000,899813.51239000,0
1765843200000000,1.89810000,1.89860000,1.89090000,1.89120000,1740975.80000000,1765844099999999,3298670.78108000,13043,667802.30000000,1265049.66811000,0
1765844100000000,1.89120000,1.89730000,1.88790000,1.89640000,1281100.50000000,1765844999999999,2424515.59319000,7893,555766.70000000,1052164.32686000,0
1765845000000000,1.89640000,1.89640000,1.88930000,1.88970000,755516.50000000,1765845899999999,1429218.13872000,6612,217029.70000000,410402.11946000,0
1765845900000000,1.88970000,1.88980000,1.87820000,1.87910000,1351804.40000000,1765846799999999,2544205.86088000,10092,468538.80000000,882261.33931000,0
1765846800000000,1.87910000,1.89310000,1.87790000,1.88880000,1568971.50000000,1765847699999999,2957490.65074000,10623,565436.90000000,1066196.83420000,0
1765847700000000,1.88880000,1.89070000,1.87730000,1.87860000,1288607.10000000,1765848599999999,2427596.23833000,10737,388803.20000000,732400.81314000,0
1765848600000000,1.87860000,1.88500000,1.87360000,1.87830000,1603422.20000000,1765849499999999,3011835.01871000,17483,509916.00000000,957747.73142000,0
1765849500000000,1.87820000,1.88010000,1.86820000,1.87260000,1804669.50000000,1765850399999999,3378668.13795000,17732,791020.60000000,1480558.59897000,0
1765850400000000,1.87250000,1.87300000,1.85960000,1.86640000,2558721.60000000,1765851299999999,4771237.88257000,20018,1102359.80000000,2055850.54792000,0
1765851300000000,1.86640000,1.87670000,1.86070000,1.87610000,2446373.50000000,1765852199999999,4569129.60983000,16900,1508817.80000000,2818663.40945000,0
1765852200000000,1.87610000,1.87690000,1.86870000,1.87040000,1406137.10000000,1765853099999999,2633891.76641000,8866,732478.80000000,1371868.57703000,0
1765853100000000,1.87030000,1.87350000,1.86500000,1.86910000,910333.90000000,1765853999999999,1701520.85335000,9588,477981.60000000,893204.17754000,0
1765854000000000,1.86920000,1.87350000,1.86060000,1.86130000,766973.70000000,1765854899999999,1433027.43712000,10527,403730.70000000,754581.46624000,0
1765854900000000,1.86130000,1.86740000,1.86050000,1.86710000,956047.90000000,1765855799999999,1781750.80042000,9205,627412.90000000,1169458.79091000,0
1765855800000000,1.86710000,1.87110000,1.85520000,1.86870000,1508447.70000000,1765856699999999,2812637.41536000,14601,794028.90000000,1481238.01563000,0
1765856700000000,1.86870000,1.87290000,1.86800000,1.87260000,705479.20000000,1765857599999999,1319482.10646000,6112,418113.70000000,781933.69338000,0
1765857600000000,1.87260000,1.87580000,1.86900000,1.87090000,2089638.50000000,1765858499999999,3913523.44305000,10396,552349.30000000,1034434.66085000,0
1765858500000000,1.87080000,1.87110000,1.86570000,1.86570000,634119.70000000,1765859399999999,1184679.62116000,6344,234776.10000000,438591.76864000,0
1765859400000000,1.86580000,1.86640000,1.86200000,1.86230000,723342.40000000,1765860299999999,1348300.47576000,7197,306925.50000000,572066.66541000,0
1765860300000000,1.86230000,1.87320000,1.85200000,1.87290000,1718775.70000000,1765861199999999,3199743.71181000,15627,835567.30000000,1556558.86094000,0
1765861200000000,1.87280000,1.87580000,1.87090000,1.87100000,809323.50000000,1765862099999999,1515656.43103000,8858,513536.60000000,961758.30046000,0
1765862100000000,1.87090000,1.87230000,1.86860000,1.86970000,393313.50000000,1765862999999999,735650.12613000,5481,182213.70000000,340822.20309000,0
1765863000000000,1.86970000,1.88080000,1.86900000,1.88080000,640136.70000000,1765863899999999,1199705.37568000,5827,409865.20000000,768078.62096000,0
1765863900000000,1.88080000,1.88410000,1.87940000,1.88200000,673594.70000000,1765864799999999,1267571.57016000,6696,315987.50000000,594640.95180000,0
1765864800000000,1.88200000,1.88870000,1.88100000,1.88650000,961079.60000000,1765865699999999,1812540.97635000,6517,457774.00000000,863459.82242000,0
1765865700000000,1.88650000,1.89090000,1.88360000,1.88910000,734158.20000000,1765866599999999,1385710.61228000,5443,297395.90000000,561098.69656000,0
1765866600000000,1.88910000,1.89430000,1.88870000,1.89380000,812834.90000000,1765867499999999,1537515.45743000,5849,373068.30000000,705682.09765000,0
1765867500000000,1.89370000,1.89750000,1.89080000,1.89460000,770746.50000000,1765868399999999,1460331.14498000,5943,241449.90000000,457451.31482000,0
1765868400000000,1.89470000,1.89780000,1.89060000,1.89060000,637609.40000000,1765869299999999,1208053.44761000,6826,287523.30000000,544810.19208000,0
1765869300000000,1.89060000,1.89230000,1.88650000,1.88740000,551386.10000000,1765870199999999,1041421.76527000,6549,219694.70000000,414920.96827000,0
1765870200000000,1.88730000,1.88740000,1.87610000,1.87710000,686855.30000000,1765871099999999,1291793.57604000,6910,312115.50000000,586910.10022000,0
1765871100000000,1.87700000,1.87830000,1.87470000,1.87540000,591248.80000000,1765871999999999,1109564.64546000,6405,340123.30000000,638303.97115000,0
1765872000000000,1.87540000,1.88180000,1.87430000,1.87940000,577095.70000000,1765872899999999,1083963.62952000,9026,311782.00000000,585538.53488000,0
1765872900000000,1.87950000,1.88030000,1.87490000,1.88020000,442840.70000000,1765873799999999,831642.83077000,6500,224340.90000000,421276.48359000,0
1765873800000000,1.88030000,1.88290000,1.87590000,1.88270000,400100.60000000,1765874699999999,752284.68901000,6400,179381.70000000,337375.21688000,0
1765874700000000,1.88280000,1.88600000,1.87500000,1.87700000,577186.50000000,1765875599999999,1085376.96718000,6535,194247.10000000,365368.12598000,0
1765875600000000,1.87700000,1.87980000,1.87680000,1.87950000,246813.50000000,1765876499999999,463601.28189000,4213,141870.00000000,266485.83876000,0
1765876500000000,1.87950000,1.88220000,1.87580000,1.87630000,492235.40000000,1765877399999999,924869.02516000,5570,196240.20000000,368757.72050000,0
1765877400000000,1.87640000,1.88200000,1.87560000,1.88170000,263178.90000000,1765878299999999,494497.54502000,5600,148118.60000000,278297.53537000,0
1765878300000000,1.88170000,1.88200000,1.87750000,1.87930000,229911.90000000,1765879199999999,432200.36186000,3868,100226.80000000,188450.12901000,0
1765879200000000,1.87930000,1.88320000,1.87760000,1.88130000,404763.10000000,1765880099999999,761130.36705000,5090,138410.90000000,260259.73003000,0
1765880100000000,1.88130000,1.88610000,1.87990000,1.88360000,420163.60000000,1765880999999999,791263.08198000,5511,236045.30000000,444539.28692000,0
1765881000000000,1.88370000,1.90850000,1.88300000,1.90490000,1476656.40000000,1765881899999999,2802302.90021000,18988,882609.50000000,1674261.53223000,0
1765881900000000,1.90500000,1.91200000,1.90310000,1.90670000,1974883.60000000,1765882799999999,3767189.66323000,20539,1076205.10000000,2052997.39488000,0
1765882800000000,1.90670000,1.91110000,1.90470000,1.90900000,733998.00000000,1765883699999999,1400327.00527000,11750,354002.60000000,675343.24389000,0
1765883700000000,1.90900000,1.92140000,1.90900000,1.92020000,2395464.50000000,1765884599999999,4587702.46219000,13075,1763677.20000000,3377926.82723000,0
1765884600000000,1.92020000,1.92530000,1.91680000,1.92070000,1823803.40000000,1765885499999999,3505040.34898000,16366,723245.60000000,1389788.44638000,0
1765885500000000,1.92060000,1.92180000,1.91730000,1.92080000,1185473.20000000,1765886399999999,2275621.92904000,8282,659112.30000000,1265179.38699000,0
1765886400000000,1.92070000,1.92860000,1.92000000,1.92530000,912550.30000000,1765887299999999,1756862.35037000,11790,453545.40000000,873237.28142000,0
1765887300000000,1.92530000,1.93140000,1.92290000,1.92550000,1046259.80000000,1765888199999999,2016257.14828000,12245,506784.00000000,976624.97121000,0
1765888200000000,1.92560000,1.92900000,1.92030000,1.92790000,1320499.40000000,1765889099999999,2542315.20487000,11483,404488.80000000,778517.46995000,0
1765889100000000,1.92790000,1.93900000,1.92790000,1.93530000,1834059.00000000,1765889999999999,3549383.79718000,14349,784042.30000000,1517189.59546000,0
1765890000000000,1.93520000,1.93800000,1.92920000,1.93460000,1539562.10000000,1765890899999999,2976874.49228000,15489,581860.00000000,1125269.11391000,0
1765890900000000,1.93460000,1.94410000,1.93420000,1.93770000,1994323.40000000,1765891799999999,3867486.15610000,20052,869968.70000000,1686973.22209000,0
1765891800000000,1.93780000,1.94910000,1.91580000,1.91680000,5151967.50000000,1765892699999999,9950321.77666000,48965,2252493.50000000,4351167.41905000,0
1765892700000000,1.91680000,1.92480000,1.90780000,1.90860000,2484951.60000000,1765893599999999,4767727.56702000,28288,1182891.60000000,2269947.25923000,0
1765893600000000,1.90870000,1.92440000,1.89900000,1.92030000,2775526.50000000,1765894499999999,5299053.42808000,37576,1236743.40000000,2361975.09991000,0
1765894500000000,1.92020000,1.92600000,1.91410000,1.91810000,845987.40000000,1765895399999999,1623432.26507000,15670,407918.60000000,782948.21684000,0
1765895400000000,1.91800000,1.92960000,1.91250000,1.91470000,2914104.10000000,1765896299999999,5601648.70835000,43461,1521181.00000000,2923984.00595000,0
1765896300000000,1.91470000,1.93500000,1.90630000,1.92380000,2612979.00000000,1765897199999999,5023672.68330000,45014,1306783.90000000,2512048.16707000,0
1765897200000000,1.92380000,1.93330000,1.91490000,1.92670000,1092428.30000000,1765898099999999,2102759.19637000,22285,498905.60000000,960270.15816000,0
1765898100000000,1.92660000,1.92980000,1.91690000,1.92730000,1251724.90000000,1765898999999999,2406883.50821000,20327,520933.70000000,1001554.59931000,0
1765899000000000,1.92730000,1.93320000,1.92340000,1.93180000,1130693.60000000,1765899899999999,2180237.47523000,18078,487511.80000000,940357.33452000,0
1765899900000000,1.93190000,1.94600000,1.92940000,1.94110000,2880485.50000000,1765900799999999,5580529.69125000,28057,1650962.50000000,3199345.00837000,0
1765900800000000,1.94110000,1.94300000,1.93530000,1.93720000,1556388.40000000,1765901699999999,3018851.86601000,20948,826958.20000000,1603891.20740000,0
1765901700000000,1.93710000,1.93710000,1.93010000,1.93300000,935098.40000000,1765902599999999,1807597.59361000,15140,465932.70000000,900613.55007000,0
1765902600000000,1.93290000,1.93290000,1.91790000,1.92160000,670542.40000000,1765903499999999,1290568.13469000,13473,338260.40000000,651328.75226000,0
1765903500000000,1.92150000,1.93070000,1.92070000,1.92820000,769761.70000000,1765904399999999,1483160.82218000,10680,330393.50000000,636639.70203000,0
1765904400000000,1.92820000,1.93350000,1.92280000,1.93270000,1333256.60000000,1765905299999999,2570659.50001000,12709,896138.80000000,1727927.16074000,0
1765905300000000,1.93280000,1.93490000,1.91800000,1.92080000,925806.70000000,1765906199999999,1782978.44824000,10598,456917.10000000,880517.68311000,0
1765906200000000,1.92080000,1.92840000,1.91800000,1.91970000,804831.40000000,1765907099999999,1548704.29383000,10864,363256.10000000,699111.51694000,0
1765907100000000,1.91980000,1.92110000,1.91480000,1.91650000,651962.30000000,1765907999999999,1250220.11924000,8142,307777.00000000,590171.84011000,0
1765908000000000,1.91650000,1.92500000,1.91410000,1.92250000,831335.00000000,1765908899999999,1595537.89085000,10846,377586.30000000,724446.79697000,0
1765908900000000,1.92260000,1.92280000,1.91660000,1.91890000,372815.60000000,1765909799999999,715859.69440000,6465,180420.70000000,346352.31743000,0
1765909800000000,1.91900000,1.93270000,1.91900000,1.93180000,711392.70000000,1765910699999999,1371510.93038000,10518,487075.60000000,938946.74548000,0
1765910700000000,1.93190000,1.93870000,1.92960000,1.93060000,1045019.40000000,1765911599999999,2021140.63267000,10348,548354.70000000,1060986.96202000,0
1765911600000000,1.93060000,1.93100000,1.91740000,1.91750000,620906.60000000,1765912499999999,1194255.98500000,8070,297595.00000000,572479.49935000,0
1765912500000000,1.91750000,1.92140000,1.91570000,1.91820000,405783.20000000,1765913399999999,778377.98070000,10166,234732.40000000,450242.78962000,0
1765913400000000,1.91820000,1.92480000,1.91810000,1.92310000,456283.30000000,1765914299999999,876836.34200000,9303,259057.10000000,497838.20788000,0
1765914300000000,1.92320000,1.93360000,1.92210000,1.92700000,1182644.80000000,1765915199999999,2280433.80670000,10913,733533.90000000,1414296.94604000,0
1765915200000000,1.92690000,1.93140000,1.92370000,1.92380000,787279.50000000,1765916099999999,1517695.13269000,8046,359589.20000000,693213.33685000,0
1765916100000000,1.92380000,1.93150000,1.92230000,1.92970000,442687.80000000,1765916999999999,852717.82485000,6491,224185.90000000,431934.18741000,0
1765917000000000,1.92960000,1.93350000,1.92820000,1.93160000,493222.00000000,1765917899999999,952435.09691000,6109,248649.70000000,480118.00695000,0
1765917900000000,1.93150000,1.93230000,1.92570000,1.92760000,749006.80000000,1765918799999999,1444800.34996000,9886,324653.60000000,626227.58593000,0
1765918800000000,1.92750000,1.92750000,1.91870000,1.92300000,823152.70000000,1765919699999999,1583549.16126000,7340,386889.80000000,744008.65787000,0
1765919700000000,1.92310000,1.92850000,1.92230000,1.92770000,289721.00000000,1765920599999999,557720.78638000,6143,178161.00000000,342890.83235000,0
1765920600000000,1.92760000,1.93070000,1.92750000,1.92880000,231484.60000000,1765921499999999,446477.04881000,4067,120346.50000000,232114.92284000,0
1765921500000000,1.92880000,1.92900000,1.92550000,1.92650000,199639.00000000,1765922399999999,384732.71944000,3102,91185.60000000,175743.76826000,0
1765922400000000,1.92640000,1.92760000,1.92300000,1.92420000,247773.80000000,1765923299999999,477027.05998000,2844,129289.80000000,248937.70741000,0
1765923300000000,1.92420000,1.93070000,1.92370000,1.92820000,429727.90000000,1765924199999999,828221.10045000,4515,204890.20000000,394845.76989000,0
1765924200000000,1.92820000,1.92910000,1.92600000,1.92790000,312493.30000000,1765925099999999,602471.60072000,4442,169820.70000000,327391.29406000,0
1765925100000000,1.92800000,1.92820000,1.92620000,1.92690000,171877.20000000,1765925999999999,331216.41513000,2868,70641.30000000,136125.89434000,0
1765926000000000,1.92690000,1.92840000,1.92320000,1.92820000,268365.30000000,1765926899999999,516721.40306000,6299,111467.20000000,214633.14042000,0
1765926900000000,1.92820000,1.92990000,1.92500000,1.92580000,365554.30000000,1765927799999999,704482.40949000,4938,222221.70000000,428267.17691000,0
1765927800000000,1.92590000,1.92800000,1.92280000,1.92780000,322628.90000000,1765928699999999,620950.44346000,3902,151174.30000000,291062.81451000,0
1765928700000000,1.92780000,1.93140000,1.92780000,1.92970000,360535.20000000,1765929599999999,695723.73192000,5494,180300.80000000,347915.36901000,0
1765929600000000,1.92970000,1.92970000,1.92300000,1.92380000,694481.10000000,1765930499999999,1337849.12329000,8120,265812.30000000,512011.09882000,0
1765930500000000,1.92370000,1.92820000,1.92100000,1.92640000,478042.90000000,1765931399999999,920002.77580000,7044,171814.20000000,330613.44010000,0
1765931400000000,1.92640000,1.92640000,1.91950000,1.92100000,363050.90000000,1765932299999999,697645.93676000,5039,140726.20000000,270387.37243000,0
1765932300000000,1.92100000,1.92570000,1.91940000,1.92400000,337334.20000000,1765933199999999,648697.88023000,4642,122131.50000000,234782.39717000,0
1765933200000000,1.92410000,1.93180000,1.92400000,1.92840000,689741.90000000,1765934099999999,1330326.51160000,6479,335372.50000000,646834.07187000,0
1765934100000000,1.92830000,1.94010000,1.92830000,1.93260000,1049481.30000000,1765934999999999,2029202.57315000,12477,532419.20000000,1029288.83143000,0
1765935000000000,1.93260000,1.93530000,1.92500000,1.92510000,512319.20000000,1765935899999999,988756.04944000,9282,214468.60000000,413781.91668000,0
1765935900000000,1.92510000,1.92720000,1.92050000,1.92260000,577111.60000000,1765936799999999,1110151.12687000,6111,232658.30000000,447591.85746000,0
1765936800000000,1.92260000,1.92360000,1.91720000,1.91780000,418767.20000000,1765937699999999,804438.33961000,6081,186282.30000000,357866.03293000,0
1765937700000000,1.91780000,1.91960000,1.91560000,1.91730000,535721.30000000,1765938599999999,1027093.14202000,6746,216332.20000000,414767.91985000,0
1765938600000000,1.91740000,1.92560000,1.91260000,1.92560000,1063130.50000000,1765939499999999,2039609.10812000,10033,569523.70000000,1092654.09529000,0
1765939500000000,1.92560000,1.93440000,1.92560000,1.93110000,1004134.50000000,1765940399999999,1938699.31299000,9628,428927.70000000,828052.74703000,0
1765940400000000,1.93110000,1.93740000,1.92900000,1.92920000,924632.00000000,1765941299999999,1788095.36103000,8816,430403.70000000,832252.83524000,0
1765941300000000,1.92920000,1.93200000,1.92860000,1.93080000,296774.60000000,1765942199999999,572916.60626000,3773,137492.20000000,265410.87768000,0
1765942200000000,1.93090000,1.93250000,1.92840000,1.93110000,395430.60000000,1765943099999999,763445.63134000,4652,174292.40000000,336492.98146000,0
1765943100000000,1.93120000,1.93160000,1.92520000,1.92530000,286193.50000000,1765943999999999,551862.72766000,3349,118777.60000000,229117.47791000,0
1765944000000000,1.92530000,1.92920000,1.92530000,1.92610000,482039.00000000,1765944899999999,929124.01713000,5576,319393.40000000,615571.48927000,0
1765944900000000,1.92600000,1.92670000,1.91940000,1.92180000,489746.20000000,1765945799999999,941614.74151000,7362,248797.20000000,478277.27081000,0
1765945800000000,1.92180000,1.92480000,1.91890000,1.92150000,495329.20000000,1765946699999999,951681.86371000,5514,192798.40000000,370418.35071000,0
1765946700000000,1.92140000,1.92140000,1.91780000,1.91860000,313601.10000000,1765947599999999,601999.25598000,4755,146515.50000000,281257.64006000,0
1765947600000000,1.91850000,1.91960000,1.91000000,1.91560000,947535.60000000,1765948499999999,1814315.14222000,11666,481173.60000000,921195.23478000,0
1765948500000000,1.91570000,1.91680000,1.90610000,1.91100000,936645.30000000,1765949399999999,1789418.52953000,9985,492611.20000000,941156.39326000,0
1765949400000000,1.91110000,1.91570000,1.90830000,1.91490000,850547.50000000,1765950299999999,1626088.56505000,8588,295330.30000000,564594.87313000,0
1765950300000000,1.91490000,1.92200000,1.91400000,1.92030000,679356.70000000,1765951199999999,1303952.37460000,6298,356961.30000000,685089.24127000,0
1765951200000000,1.92040000,1.92780000,1.92000000,1.92590000,990681.30000000,1765952099999999,1906036.62750000,8337,592436.50000000,1139742.59516000,0
1765952100000000,1.92600000,1.93030000,1.92480000,1.92610000,540539.10000000,1765952999999999,1041693.90745000,4973,345804.10000000,666353.43696000,0
1765953000000000,1.92610000,1.92670000,1.92230000,1.92270000,537650.50000000,1765953899999999,1034341.91474000,5384,237962.90000000,457830.29541000,0
1765953900000000,1.92270000,1.92320000,1.92050000,1.92230000,396504.80000000,1765954799999999,762147.75247000,3216,142852.10000000,274551.14861000,0
1765954800000000,1.92230000,1.92740000,1.91950000,1.91970000,501571.10000000,1765955699999999,964848.02001000,6689,282439.80000000,543375.31340000,0
1765955700000000,1.91960000,1.92230000,1.91860000,1.92170000,495441.60000000,1765956599999999,951441.67391000,3678,218928.80000000,420331.12519000,0
1765956600000000,1.92160000,1.93200000,1.92090000,1.92530000,1515675.30000000,1765957499999999,2921015.58106000,10990,758226.40000000,1460815.52112000,0
1765957500000000,1.92540000,1.92600000,1.92320000,1.92330000,663280.40000000,1765958399999999,1276740.46180000,3761,169724.60000000,326707.05216000,0
1765958400000000,1.92340000,1.92360000,1.92030000,1.92080000,481008.80000000,1765959299999999,924115.13001000,3926,298083.00000000,572628.49406000,0
1765959300000000,1.92090000,1.92200000,1.91090000,1.91170000,604339.90000000,1765960199999999,1158524.43084000,5776,259031.90000000,496725.37298000,0
1765960200000000,1.91170000,1.91330000,1.90800000,1.90990000,427723.00000000,1765961099999999,817041.89030000,5223,238031.70000000,454739.56849000,0
1765961100000000,1.90990000,1.90990000,1.90510000,1.90740000,1027239.40000000,1765961999999999,1959565.75950000,4791,661376.20000000,1261451.97844000,0
1765962000000000,1.90740000,1.90780000,1.90340000,1.90440000,935758.20000000,1765962899999999,1782953.04445000,5923,641039.40000000,1221341.68596000,0
1765962900000000,1.90440000,1.90580000,1.89880000,1.90130000,1248321.90000000,1765963799999999,2374008.09607000,5497,562264.50000000,1069661.36612000,0
1765963800000000,1.90130000,1.90530000,1.89990000,1.90490000,606843.30000000,1765964699999999,1154597.65390000,5411,221042.80000000,420722.28737000,0
1765964700000000,1.90480000,1.90490000,1.90180000,1.90200000,305141.40000000,1765965599999999,580724.49217000,2901,86529.70000000,164690.70090000,0
1765965600000000,1.90210000,1.90580000,1.89650000,1.90440000,983905.20000000,1765966499999999,1870977.13131000,8594,578543.70000000,1100724.62225000,0
1765966500000000,1.90430000,1.90770000,1.90180000,1.90440000,428465.50000000,1765967399999999,816362.47095000,5230,280914.00000000,535265.52893000,0
1765967400000000,1.90440000,1.90920000,1.90130000,1.90680000,708244.70000000,1765968299999999,1349816.98198000,7893,474150.20000000,903709.27757000,0
1765968300000000,1.90680000,1.90830000,1.90390000,1.90710000,765504.00000000,1765969199999999,1458947.89330000,5461,441958.70000000,842121.48751000,0
1765969200000000,1.90720000,1.91460000,1.90640000,1.91320000,475097.60000000,1765970099999999,907319.41744000,5995,270978.20000000,517501.02127000,0
1765970100000000,1.91330000,1.91430000,1.90970000,1.90970000,263744.30000000,1765970999999999,504083.60908000,3936,115110.00000000,220024.35184000,0
1765971000000000,1.90970000,1.91460000,1.90950000,1.91410000,356918.50000000,1765971899999999,682408.43917000,3952,232206.80000000,443889.03594000,0
1765971900000000,1.91410000,1.91750000,1.91210000,1.91330000,462742.40000000,1765972799999999,885743.92669000,4571,250724.70000000,479844.40117000,0
1765972800000000,1.91340000,1.91600000,1.91130000,1.91180000,468897.20000000,1765973699999999,897189.26959000,5593,187640.80000000,359040.78236000,0
1765973700000000,1.91190000,1.91300000,1.90880000,1.91210000,746136.20000000,1765974599999999,1425909.55284000,5076,316409.80000000,604622.23347000,0
1765974600000000,1.91220000,1.91220000,1.90800000,1.90830000,448737.60000000,1765975499999999,857005.35340000,4685,171393.20000000,327363.66853000,0
1765975500000000,1.90830000,1.91230000,1.90680000,1.91130000,651471.50000000,1765976399999999,1244044.26415000,5485,248065.00000000,473782.18251000,0
1765976400000000,1.91120000,1.91770000,1.90880000,1.90910000,909375.30000000,1765977299999999,1739182.58717000,8085,530877.30000000,1015486.70041000,0
1765977300000000,1.90900000,1.91000000,1.90500000,1.90790000,608049.00000000,1765978199999999,1159776.71178000,8498,237491.40000000,452953.61353000,0
1765978200000000,1.90790000,1.91550000,1.90650000,1.91520000,674556.90000000,1765979099999999,1288756.81250000,6543,260149.80000000,497134.55907000,0
1765979100000000,1.91510000,1.92860000,1.91470000,1.92090000,1617602.80000000,1765979999999999,3106879.07760000,18087,738016.60000000,1417550.30596000,0
1765980000000000,1.92090000,1.92440000,1.91860000,1.91970000,825972.30000000,1765980899999999,1586544.02509000,10673,269908.90000000,518537.77962000,0
1765980900000000,1.91980000,1.93040000,1.91980000,1.92690000,1422667.90000000,1765981799999999,2739992.75272000,10288,752932.90000000,1449782.20072000,0
1765981800000000,1.92680000,1.93090000,1.91560000,1.91890000,1542125.60000000,1765982699999999,2962920.99489000,27048,644022.90000000,1237305.83805000,0
1765982700000000,1.91890000,1.96720000,1.90490000,1.96350000,8221981.40000000,1765983599999999,15989317.33135000,87314,4506304.80000000,8762898.19004000,0
1765983600000000,1.96360000,1.98600000,1.95380000,1.98310000,7883892.70000000,1765984499999999,15550328.61227000,73661,4332311.20000000,8550711.14282000,0
1765984500000000,1.98310000,1.98740000,1.96270000,1.97040000,3129789.40000000,1765985399999999,6177660.59528000,34830,1394668.20000000,2752177.85939000,0
1765985400000000,1.97030000,1.97350000,1.93260000,1.93740000,3453642.20000000,1765986299999999,6734454.73808000,41898,1413572.90000000,2756097.88446000,0
1765986300000000,1.93740000,1.93890000,1.90700000,1.91140000,5949379.30000000,1765987199999999,11419009.40470000,75880,2977373.50000000,5714732.70818000,0
1765987200000000,1.91130000,1.92290000,1.90320000,1.90320000,2010340.50000000,1765988099999999,3851630.30836000,35283,1163660.00000000,2229719.89245000,0
1765988100000000,1.90320000,1.90320000,1.87920000,1.88600000,6252442.00000000,1765988999999999,11829510.61447000,70938,2876991.00000000,5443471.54720000,0
1765989000000000,1.88590000,1.89550000,1.87880000,1.88720000,1967339.50000000,1765989899999999,3708114.23435000,40052,1094401.60000000,2062947.14159000,0
1765989900000000,1.88710000,1.89880000,1.88430000,1.89860000,1452968.00000000,1765990799999999,2748054.02245000,21174,836752.80000000,1582583.76777000,0
1765990800000000,1.89850000,1.90110000,1.87950000,1.88520000,1796153.60000000,1765991699999999,3388156.53382000,28400,741326.80000000,1398489.31408000,0
1765991700000000,1.88510000,1.89310000,1.87970000,1.88690000,1261797.30000000,1765992599999999,2380175.69366000,19289,683733.90000000,1289747.71574000,0
1765992600000000,1.88680000,1.88910000,1.87350000,1.87380000,1005863.30000000,1765993499999999,1892228.02524000,13223,351504.70000000,661145.05460000,0
1765993500000000,1.87370000,1.88080000,1.87050000,1.87290000,1323337.70000000,1765994399999999,2480359.21937000,18396,578677.70000000,1084468.77984000,0
1765994400000000,1.87290000,1.88220000,1.87230000,1.87670000,711241.40000000,1765995299999999,1334739.29128000,14970,349728.60000000,656164.50240000,0
1765995300000000,1.87660000,1.88020000,1.87060000,1.87500000,771221.40000000,1765996199999999,1446199.82553000,13049,332031.00000000,622528.68074000,0
1765996200000000,1.87490000,1.87570000,1.85430000,1.85930000,2539714.70000000,1765997099999999,4731441.40877000,24784,1326007.10000000,2469878.42419000,0
1765997100000000,1.85930000,1.86120000,1.85300000,1.85860000,1851984.40000000,1765997999999999,3439580.85161000,25069,1106320.60000000,2054556.58808000,0
1765998000000000,1.85860000,1.86070000,1.84740000,1.85230000,2888577.40000000,1765998899999999,5351240.80194000,29588,1397320.90000000,2589151.02197000,0
1765998900000000,1.85240000,1.85970000,1.85110000,1.85290000,1743591.00000000,1765999799999999,3234502.29178000,17612,1061158.60000000,1968466.24301000,0
1765999800000000,1.85290000,1.85770000,1.84780000,1.85120000,1918869.80000000,1766000699999999,3555658.57497000,15762,1256139.60000000,2327363.92705000,0
1766000700000000,1.85110000,1.86710000,1.85090000,1.86500000,1567340.70000000,1766001599999999,2913689.41643000,17652,875823.00000000,1628417.29598000,0
1766001600000000,1.86510000,1.86660000,1.85820000,1.86060000,1006298.00000000,1766002499999999,1873214.60985000,11824,646846.70000000,1204069.67428000,0
1766002500000000,1.86050000,1.88370000,1.86040000,1.88310000,1353363.30000000,1766003399999999,2538116.53876000,18293,925609.50000000,1735575.44967000,0
1766003400000000,1.88300000,1.88430000,1.87460000,1.88190000,1165870.80000000,1766004299999999,2191203.04215000,14450,508644.30000000,956077.15935000,0
1766004300000000,1.88200000,1.88340000,1.87420000,1.87730000,906193.70000000,1766005199999999,1702978.45222000,14513,515056.20000000,967919.44277000,0
1766005200000000,1.87730000,1.87800000,1.87160000,1.87260000,360209.30000000,1766006099999999,675203.86184000,7164,180730.70000000,338787.47849000,0
1766006100000000,1.87270000,1.87310000,1.86340000,1.86530000,1018116.40000000,1766006999999999,1900993.11646000,7931,387091.30000000,722945.97692000,0
1766007000000000,1.86530000,1.86740000,1.85950000,1.86500000,623850.60000000,1766007899999999,1162863.96420000,8471,236855.80000000,441491.59538000,0
1766007900000000,1.86500000,1.86500000,1.85920000,1.86380000,772570.20000000,1766008799999999,1438762.54474000,6548,342390.30000000,637675.01823000,0
1766008800000000,1.86390000,1.86720000,1.85530000,1.86300000,702653.10000000,1766009699999999,1307662.44171000,8183,427734.30000000,796074.76634000,0
1766009700000000,1.86310000,1.87280000,1.85930000,1.86810000,636477.10000000,1766010599999999,1187165.59866000,9252,333983.80000000,623204.38395000,0
1766010600000000,1.86810000,1.86990000,1.86160000,1.86470000,500144.80000000,1766011499999999,932763.99206000,5647,221154.20000000,412505.87263000,0
1766011500000000,1.86460000,1.87190000,1.86370000,1.86850000,373067.90000000,1766012399999999,696916.93440000,5913,184316.60000000,344329.07077000,0
1766012400000000,1.86850000,1.86860000,1.85880000,1.85920000,781404.50000000,1766013299999999,1455416.03116000,9852,308811.00000000,575208.88732000,0
1766013300000000,1.85920000,1.86030000,1.85690000,1.85890000,562446.90000000,1766014199999999,1045194.38462000,5607,351953.20000000,653965.58730000,0
1766014200000000,1.85890000,1.86320000,1.85800000,1.86260000,385651.20000000,1766015099999999,717671.07253000,3726,240522.50000000,447551.19195000,0
1766015100000000,1.86260000,1.86360000,1.86150000,1.86270000,406024.90000000,1766015999999999,756184.27496000,2974,256107.10000000,476980.90934000,0
1766016000000000,1.86270000,1.86490000,1.85960000,1.86100000,361672.30000000,1766016899999999,673216.23703000,5672,163395.70000000,304176.70520000,0
1766016900000000,1.86090000,1.87020000,1.85960000,1.86830000,546416.10000000,1766017799999999,1018828.14599000,5672,288854.70000000,538684.39042000,0
1766017800000000,1.86840000,1.86990000,1.86460000,1.86530000,356251.90000000,1766018699999999,665485.18127000,4045,166251.50000000,310565.51394000,0
1766018700000000,1.86530000,1.87030000,1.86490000,1.86970000,191508.00000000,1766019599999999,357835.93984000,4014,85022.50000000,158877.73735000,0
1766019600000000,1.86970000,1.86970000,1.85400000,1.85770000,835719.60000000,1766020499999999,1554286.82669000,8548,425269.00000000,791286.86314000,0
1766020500000000,1.85760000,1.86110000,1.85400000,1.85760000,706463.20000000,1766021399999999,1312909.86590000,9248,358780.50000000,666737.38447000,0
1766021400000000,1.85760000,1.86120000,1.85410000,1.85720000,314821.80000000,1766022299999999,584757.13066000,7819,149311.90000000,277330.43425000,0
1766022300000000,1.85720000,1.86000000,1.85200000,1.85640000,815025.20000000,1766023199999999,1512924.47931000,7260,463605.70000000,860577.68022000,0
1766023200000000,1.85650000,1.86690000,1.85380000,1.86460000,636126.60000000,1766024099999999,1182606.26962000,10331,305255.40000000,567484.89996000,0
1766024100000000,1.86460000,1.87250000,1.85860000,1.86290000,1574080.20000000,1766024999999999,2935565.00877000,11678,369233.70000000,688940.84301000,0
1766025000000000,1.86280000,1.86760000,1.86250000,1.86670000,514171.00000000,1766025899999999,958859.25297000,6769,215922.20000000,402688.27927000,0
1766025900000000,1.86680000,1.86830000,1.86240000,1.86380000,530940.20000000,1766026799999999,990679.09445000,6417,264538.70000000,493706.14572000,0
1766026800000000,1.86380000,1.86470000,1.86050000,1.86070000,331228.70000000,1766027699999999,616904.59302000,3961,116080.90000000,216185.21799000,0
1766027700000000,1.86070000,1.86070000,1.85340000,1.85430000,538460.50000000,1766028599999999,999421.87754000,5835,149457.00000000,277334.67592000,0
1766028600000000,1.85420000,1.85710000,1.85210000,1.85500000,450639.50000000,1766029499999999,835703.31745000,7773,193268.80000000,358476.44185000,0
1766029500000000,1.85500000,1.85720000,1.85430000,1.85590000,348250.50000000,1766030399999999,646281.86766000,3442,130410.50000000,242011.34699000,0
1766030400000000,1.85600000,1.86210000,1.85500000,1.85860000,538488.30000000,1766031299999999,1000460.41984000,5095,235658.40000000,437718.29373000,0
1766031300000000,1.85850000,1.86110000,1.85720000,1.85800000,263759.60000000,1766032199999999,490416.00447000,3278,144428.20000000,268552.91530000,0
1766032200000000,1.85810000,1.86030000,1.85560000,1.85780000,330287.30000000,1766033099999999,613530.48958000,3196,146440.80000000,272024.54646000,0
1766033100000000,1.85780000,1.85790000,1.85350000,1.85410000,582911.30000000,1766033999999999,1081292.02093000,4325,202424.20000000,375454.22554000,0
1766034000000000,1.85420000,1.85430000,1.84230000,1.84400000,1110993.20000000,1766034899999999,2053297.27124000,8196,500477.90000000,924739.93130000,0
1766034900000000,1.84400000,1.84490000,1.83700000,1.83730000,1913047.80000000,1766035799999999,3520274.96520000,9560,848129.40000000,1560673.63249000,0
1766035800000000,1.83730000,1.84300000,1.83160000,1.84030000,2021735.20000000,1766036699999999,3713574.81012000,9083,1018609.40000000,1871752.03711000,0
1766036700000000,1.84040000,1.84060000,1.83040000,1.83180000,1083902.70000000,1766037599999999,1987755.28614000,7668,628180.00000000,1151882.67285000,0
1766037600000000,1.83180000,1.83660000,1.83020000,1.83520000,1213289.00000000,1766038499999999,2224749.12299000,7667,850440.40000000,1559475.59747000,0
1766038500000000,1.83520000,1.83690000,1.83200000,1.83300000,552712.70000000,1766039399999999,1013951.89581000,4481,230126.10000000,422207.39026000,0
1766039400000000,1.83290000,1.83550000,1.83070000,1.83140000,654165.10000000,1766040299999999,1199044.14257000,5551,350861.60000000,643163.76038000,0
1766040300000000,1.83150000,1.83490000,1.82680000,1.83340000,776522.50000000,1766041199999999,1421402.80473000,8278,348097.80000000,637112.62331000,0
1766041200000000,1.83340000,1.84210000,1.83330000,1.84210000,668064.20000000,1766042099999999,1227278.80363000,8686,508579.80000000,934295.12306000,0
1766042100000000,1.84210000,1.84430000,1.84070000,1.84400000,497624.60000000,1766042999999999,917074.06680000,5984,349056.90000000,643292.77698000,0
1766043000000000,1.84400000,1.84410000,1.83640000,1.83670000,512855.70000000,1766043899999999,943708.44863000,5954,232028.50000000,426976.14235000,0
1766043900000000,1.83680000,1.84150000,1.83590000,1.84150000,547942.20000000,1766044799999999,1007408.46727000,5297,348656.80000000,640988.88739000,0
1766044800000000,1.84150000,1.84300000,1.83800000,1.84220000,436913.40000000,1766045699999999,804285.85319000,6877,189300.00000000,348480.44507000,0
1766045700000000,1.84230000,1.84950000,1.83960000,1.84640000,875231.60000000,1766046599999999,1615322.48979000,11206,346682.00000000,639572.66300000,0
1766046600000000,1.84650000,1.85010000,1.84450000,1.84680000,709965.40000000,1766047499999999,1311708.84818000,8801,431684.00000000,797687.99370000,0
1766047500000000,1.84690000,1.85540000,1.84580000,1.85460000,1695974.90000000,1766048399999999,3140815.18027000,8645,964384.90000000,1785589.81570000,0
1766048400000000,1.85450000,1.85660000,1.84920000,1.85300000,547704.70000000,1766049299999999,1015221.80390000,9200,217411.50000000,402942.47637000,0
1766049300000000,1.85300000,1.85870000,1.85190000,1.85860000,308397.60000000,1766050199999999,572165.25529000,6660,169117.60000000,313805.71210000,0
1766050200000000,1.85860000,1.86900000,1.85790000,1.86890000,824654.90000000,1766051099999999,1536713.15634000,11254,539098.10000000,1004761.88244000,0
1766051100000000,1.86890000,1.87260000,1.86820000,1.87000000,772799.20000000,1766051999999999,1445687.62089000,9055,353663.50000000,661499.23559000,0
1766052000000000,1.87000000,1.87890000,1.86910000,1.87780000,565816.70000000,1766052899999999,1060696.23378000,7068,254108.70000000,476322.80511000,0
1766052900000000,1.87770000,1.88070000,1.87360000,1.87810000,550694.10000000,1766053799999999,1033815.72452000,6777,269681.70000000,506221.13840000,0
1766053800000000,1.87810000,1.88100000,1.87280000,1.87630000,869013.00000000,1766054699999999,1630944.35731000,7526,322497.90000000,605326.48263000,0
1766054700000000,1.87640000,1.87770000,1.87400000,1.87670000,551121.40000000,1766055599999999,1033978.20678000,5137,147528.60000000,276753.83038000,0
1766055600000000,1.87680000,1.87800000,1.87140000,1.87240000,1006492.60000000,1766056499999999,1886328.59470000,9285,354390.80000000,663979.89916000,0
1766056500000000,1.87240000,1.87330000,1.86600000,1.86830000,968056.10000000,1766057399999999,1810361.02134000,7038,217277.70000000,406265.60442000,0
1766057400000000,1.86840000,1.87070000,1.86690000,1.87030000,652021.90000000,1766058299999999,1218897.97422000,4297,194418.80000000,363440.90382000,0
1766058300000000,1.87030000,1.87850000,1.86960000,1.87850000,663263.20000000,1766059199999999,1243365.98802000,5275,314151.60000000,589000.86697000,0
1766059200000000,1.87860000,1.88030000,1.87230000,1.87230000,558119.80000000,1766060099999999,1048233.42943000,6562,264025.40000000,495901.23282000,0
1766060100000000,1.87240000,1.87920000,1.87200000,1.87590000,570154.00000000,1766060999999999,1069376.16576000,5980,156279.40000000,293144.43929000,0
1766061000000000,1.87600000,1.88870000,1.87600000,1.88600000,1158565.60000000,1766061899999999,2183147.98219000,11173,438812.60000000,826796.54584000,0
1766061900000000,1.88610000,1.88820000,1.88090000,1.88220000,609006.80000000,1766062799999999,1146869.20488000,5450,231621.80000000,436275.50490000,0
1766062800000000,1.88210000,1.89860000,1.88210000,1.89680000,1633629.60000000,1766063699999999,3089053.89353000,19500,654313.50000000,1237332.91101000,0
1766063700000000,1.89680000,1.89830000,1.89030000,1.89180000,1315438.00000000,1766064599999999,2490834.88865000,13000,446781.40000000,846043.10405000,0
1766064600000000,1.89180000,1.91960000,1.89180000,1.91810000,6780139.50000000,1766065499999999,12924118.14830000,51480,3015217.20000000,5746634.68702000,0
1766065500000000,1.91800000,1.92470000,1.91320000,1.91390000,3335043.90000000,1766066399999999,6400119.52253000,31444,1551397.30000000,2977107.83056000,0
1766066400000000,1.91390000,1.92650000,1.89130000,1.89290000,2670914.60000000,1766067299999999,5100883.40956000,34461,1069403.30000000,2044223.09052000,0
1766067300000000,1.89280000,1.91330000,1.89270000,1.90970000,2775138.40000000,1766068199999999,5290281.44660000,24060,1390267.00000000,2647746.46218000,0
1766068200000000,1.90960000,1.92170000,1.89090000,1.89390000,3185165.90000000,1766069099999999,6063472.41031000,56875,1532684.00000000,2916812.67826000,0
1766069100000000,1.89390000,1.90500000,1.88950000,1.90220000,1551743.40000000,1766069999999999,2947412.82736000,24509,630194.30000000,1197124.73654000,0
1766070000000000,1.90230000,1.91100000,1.89560000,1.89990000,1204716.90000000,1766070899999999,2292359.29472000,22855,567233.00000000,1079521.85433000,0
1766070900000000,1.89990000,1.92000000,1.89670000,1.91930000,1756260.80000000,1766071799999999,3353327.27208000,21477,1034134.20000000,1975433.19727000,0
1766071800000000,1.91930000,1.93410000,1.91280000,1.92820000,3442086.00000000,1766072699999999,6626598.40717000,35636,1872491.90000000,3604840.36459000,0
1766072700000000,1.92830000,1.92830000,1.91650000,1.91970000,1662361.90000000,1766073599999999,3193613.08982000,18940,698512.70000000,1341887.18144000,0
1766073600000000,1.91980000,1.92080000,1.91210000,1.91220000,948821.90000000,1766074499999999,1819134.23525000,14945,386025.70000000,740250.85276000,0
1766074500000000,1.91220000,1.91740000,1.90510000,1.90880000,1178098.20000000,1766075399999999,2252336.07755000,16269,485580.00000000,928434.01972000,0
1766075400000000,1.90870000,1.91450000,1.90580000,1.91360000,754399.70000000,1766076299999999,1441481.58687000,10318,407084.70000000,777766.32820000,0
1766076300000000,1.91360000,1.91470000,1.90820000,1.91020000,507658.30000000,1766077199999999,970116.64408000,8139,240585.90000000,459716.62875000,0
1766077200000000,1.91030000,1.91080000,1.86650000,1.86870000,4685445.00000000,1766078099999999,8829503.71275000,54565,1597603.40000000,3007939.48889000,0
1766078100000000,1.86860000,1.86860000,1.83850000,1.85330000,6426603.70000000,1766078999999999,11891348.64484000,81909,3252679.20000000,6016855.55667000,0
1766079000000000,1.85340000,1.87310000,1.84670000,1.87030000,2106982.90000000,1766079899999999,3919763.75083000,36775,1214520.60000000,2260146.06635000,0
1766079900000000,1.87030000,1.87280000,1.86100000,1.86650000,1293994.80000000,1766080799999999,2415479.95494000,19448,556010.10000000,1038411.24255000,0
1766080800000000,1.86650000,1.87660000,1.86160000,1.87290000,1245660.30000000,1766081699999999,2327295.20288000,16530,642626.30000000,1201084.57560000,0
1766081700000000,1.87290000,1.87390000,1.85690000,1.85930000,792860.40000000,1766082599999999,1479373.42963000,13546,427959.70000000,798356.21717000,0
1766082600000000,1.85930000,1.86570000,1.85730000,1.86010000,653151.50000000,1766083499999999,1216534.67792000,10809,332146.00000000,618657.96370000,0
1766083500000000,1.86010000,1.86010000,1.84000000,1.84350000,1265480.70000000,1766084399999999,2338367.76075000,15572,474846.60000000,877133.00641000,0
1766084400000000,1.84340000,1.84620000,1.82910000,1.83430000,2158832.30000000,1766085299999999,3963208.42248000,24855,1076407.30000000,1976820.71797000,0
1766085300000000,1.83440000,1.84170000,1.82730000,1.83440000,2110268.20000000,1766086199999999,3868421.89224000,23353,1005381.90000000,1843378.27569000,0
1766086200000000,1.83440000,1.83790000,1.81200000,1.81480000,4162230.30000000,1766087099999999,7580668.11912000,40108,1907485.60000000,3472921.54253000,0
1766087100000000,1.81480000,1.81670000,1.80080000,1.80620000,5770679.20000000,1766087999999999,10423664.57954000,40962,2853986.60000000,5155921.00751000,0
1766088000000000,1.80620000,1.82300000,1.80510000,1.81950000,1980985.50000000,1766088899999999,3599155.85892000,25979,1152384.30000000,2093773.55952000,0
1766088900000000,1.81950000,1.82120000,1.81100000,1.81340000,1459575.70000000,1766089799999999,2652557.48529000,19444,868137.80000000,1577610.80110000,0
1766089800000000,1.81330000,1.81480000,1.80820000,1.80840000,1139249.50000000,1766090699999999,2063520.99017000,17511,532626.90000000,964941.13258000,0
1766090700000000,1.80840000,1.81150000,1.80000000,1.80150000,3026569.40000000,1766091599999999,5465568.66534000,26848,1131367.10000000,2043214.27950000,0
1766091600000000,1.80160000,1.81840000,1.80160000,1.81560000,3160109.40000000,1766092499999999,5730421.45047000,25792,1805744.30000000,3273613.07731000,0
1766092500000000,1.81560000,1.82010000,1.80970000,1.81940000,2641327.20000000,1766093399999999,4793408.62110000,18348,1368183.70000000,2482972.54202000,0
1766093400000000,1.81930000,1.82360000,1.81040000,1.81380000,1611937.70000000,1766094299999999,2930175.35736000,14111,774969.50000000,1408640.43613000,0
1766094300000000,1.81380000,1.82070000,1.81240000,1.81980000,958265.60000000,1766095199999999,1741997.14615000,9305,548997.20000000,998134.69134000,0
1766095200000000,1.81980000,1.82490000,1.81670000,1.81820000,1197604.50000000,1766096099999999,2180844.93256000,9757,625084.70000000,1138253.45463000,0
1766096100000000,1.81830000,1.82070000,1.81430000,1.81960000,444202.70000000,1766096999999999,807435.24071000,6426,299150.90000000,543754.51750000,0
1766097000000000,1.81960000,1.82250000,1.81510000,1.81740000,827872.90000000,1766097899999999,1505366.88381000,8231,470346.70000000,855225.08812000,0
1766097900000000,1.81730000,1.82090000,1.81600000,1.81870000,478380.60000000,1766098799999999,870027.02235000,4483,251661.30000000,457720.98639000,0
1766098800000000,1.81880000,1.81900000,1.81160000,1.81570000,884426.10000000,1766099699999999,1605082.02714000,9537,404662.20000000,734224.94414000,0
1766099700000000,1.81580000,1.81590000,1.81000000,1.81090000,823089.30000000,1766100599999999,1491698.13489000,6244,390238.00000000,707042.11521000,0
1766100600000000,1.81080000,1.81420000,1.80760000,1.80800000,933765.80000000,1766101499999999,1691427.41390000,5655,467946.90000000,847774.43662000,0
1766101500000000,1.80800000,1.81070000,1.80680000,1.80760000,825827.20000000,1766102399999999,1493362.07499000,5111,466888.50000000,844232.05351000,0
1766102400000000,1.80760000,1.81180000,1.80440000,1.80680000,1290583.70000000,1766103299999999,2333470.57342000,9465,932295.20000000,1685875.05801000,0
1766103300000000,1.80670000,1.80860000,1.78890000,1.78900000,2409227.70000000,1766104199999999,4331351.12840000,19314,702939.90000000,1264579.06710000,0
1766104200000000,1.78900000,1.79200000,1.78150000,1.78200000,2904295.30000000,1766105099999999,5188906.91365000,21719,1029537.80000000,1839447.45532000,0
1766105100000000,1.78210000,1.79490000,1.78100000,1.79290000,1626681.50000000,1766105999999999,2909349.55819000,14798,844088.90000000,1509744.83972000,0
1766106000000000,1.79280000,1.79280000,1.78090000,1.78510000,1835244.20000000,1766106899999999,3274332.33440000,14132,855582.00000000,1526148.40665000,0
1766106900000000,1.78520000,1.79110000,1.77600000,1.77610000,1373151.60000000,1766107799999999,2448028.54606000,14661,568461.30000000,1013229.46513000,0
1766107800000000,1.77600000,1.77840000,1.77160000,1.77400000,2228432.10000000,1766108699999999,3955471.54623000,19315,830648.20000000,1474618.54021000,0
1766108700000000,1.77400000,1.78400000,1.77110000,1.78250000,1311674.70000000,1766109599999999,2331639.66945000,13102,739247.90000000,1314160.95049000,0
1766109600000000,1.78240000,1.78240000,1.77400000,1.77640000,1663475.40000000,1766110499999999,2959387.26943000,16752,887167.00000000,1578548.90086000,0
1766110500000000,1.77640000,1.78840000,1.77440000,1.78590000,1343123.00000000,1766111399999999,2392377.10817000,13011,920666.70000000,1639669.37408000,0
1766111400000000,1.78580000,1.78720000,1.77920000,1.78640000,1512988.00000000,1766112299999999,2699730.28974000,13094,862697.20000000,1539256.83125000,0
1766112300000000,1.78650000,1.79910000,1.78650000,1.79410000,2920906.20000000,1766113199999999,5241248.22555000,14878,1195129.50000000,2143980.63888000,0
1766113200000000,1.79420000,1.82020000,1.79390000,1.81740000,3794840.30000000,1766114099999999,6865926.95177000,33333,2245522.60000000,4061328.04135000,0
1766114100000000,1.81750000,1.84400000,1.80440000,1.84140000,6376187.40000000,1766114999999999,11669031.76674000,50362,3880704.00000000,7104205.03636000,0
1766115000000000,1.84140000,1.85380000,1.83170000,1.84190000,5393835.90000000,1766115899999999,9944932.88444000,42632,3163024.70000000,5835327.01315000,0
1766115900000000,1.84190000,1.85360000,1.83620000,1.84030000,2561228.10000000,1766116799999999,4726623.60050000,24249,1198973.10000000,2213396.11990000,0
1766116800000000,1.84020000,1.84930000,1.83810000,1.84880000,2137444.70000000,1766117699999999,3942160.19648000,19176,1396627.20000000,2575968.92485000,0
1766117700000000,1.84870000,1.84980000,1.84250000,1.84550000,740513.50000000,1766118599999999,1367319.25498000,10687,342355.30000000,632227.16906000,0
1766118600000000,1.84550000,1.84920000,1.83750000,1.84090000,1234453.30000000,1766119499999999,2274624.69850000,12301,487311.00000000,897889.11268000,0
1766119500000000,1.84090000,1.84420000,1.83910000,1.84000000,873514.10000000,1766120399999999,1608069.37546000,8119,353457.90000000,650807.14508000,0
1766120400000000,1.84000000,1.84050000,1.82880000,1.83420000,1446442.30000000,1766121299999999,2651843.97369000,16026,799902.40000000,1466393.10240000,0
1766121300000000,1.83420000,1.83420000,1.82610000,1.82890000,1283048.70000000,1766122199999999,2346706.19783000,11712,634841.00000000,1161209.96042000,0
1766122200000000,1.82900000,1.83390000,1.82650000,1.83040000,826387.50000000,1766123099999999,1512499.38928000,7702,439683.20000000,804763.55582000,0
1766123100000000,1.83040000,1.83410000,1.82730000,1.82840000,903473.60000000,1766123999999999,1653152.75044000,7182,508070.70000000,929699.96289000,0
1766124000000000,1.82840000,1.83540000,1.82570000,1.83300000,635874.00000000,1766124899999999,1164712.35683000,8440,371276.40000000,680065.16157000,0
1766124900000000,1.83300000,1.83660000,1.82910000,1.83660000,678252.70000000,1766125799999999,1242830.04489000,8169,420889.30000000,771228.91063000,0
1766125800000000,1.83650000,1.84570000,1.83460000,1.84520000,980252.50000000,1766126699999999,1804844.60227000,8973,564575.30000000,1039446.47981000,0
1766126700000000,1.84520000,1.85170000,1.83930000,1.85120000,1535836.50000000,1766127599999999,2837144.33051000,12799,1142531.60000000,2110578.46549000,0
1766127600000000,1.85120000,1.87650000,1.85100000,1.86960000,3181244.70000000,1766128499999999,5938060.82887000,32332,1833007.50000000,3421455.93675000,0
1766128500000000,1.86970000,1.87240000,1.86120000,1.86270000,2305220.50000000,1766129399999999,4299822.87311000,18743,1236745.90000000,2306550.27291000,0
1766129400000000,1.86280000,1.86740000,1.85900000,1.86540000,1672837.30000000,1766130299999999,3115627.81953000,13542,964861.90000000,1796880.34447000,0
1766130300000000,1.86540000,1.86800000,1.86310000,1.86760000,862932.00000000,1766131199999999,1610069.65334000,9045,560248.30000000,1045275.84195000,0
1766131200000000,1.86750000,1.87050000,1.86250000,1.86420000,1151369.10000000,1766132099999999,2150441.16076000,10890,656638.00000000,1226414.10958000,0
1766132100000000,1.86410000,1.86740000,1.85930000,1.85950000,831303.60000000,1766132999999999,1549450.49570000,7044,417718.20000000,778644.43008000,0
1766133000000000,1.85960000,1.87090000,1.85960000,1.86710000,736765.50000000,1766133899999999,1374619.55933000,9053,424194.30000000,791384.94028000,0
1766133900000000,1.86710000,1.87170000,1.86640000,1.86660000,928666.70000000,1766134799999999,1735688.54863000,8244,502480.90000000,939069.39229000,0
1766134800000000,1.86650000,1.86960000,1.86400000,1.86690000,573965.00000000,1766135699999999,1071508.54587000,5533,344856.60000000,643754.74896000,0
1766135700000000,1.86690000,1.86820000,1.86490000,1.86560000,865042.50000000,1766136599999999,1614846.93101000,5285,438696.70000000,818878.07230000,0
1766136600000000,1.86550000,1.86860000,1.86220000,1.86490000,816668.30000000,1766137499999999,1523219.77955000,6154,409512.10000000,763733.50244000,0
1766137500000000,1.86490000,1.86550000,1.86180000,1.86500000,559167.00000000,1766138399999999,1042300.37808000,4370,318945.70000000,594481.15845000,0
1766138400000000,1.86510000,1.86920000,1.86180000,1.86780000,964352.50000000,1766139299999999,1798786.67393000,7424,513691.60000000,958235.69024000,0
1766139300000000,1.86780000,1.86890000,1.86250000,1.86390000,681640.80000000,1766140199999999,1271783.81628000,5862,361504.30000000,674504.44459000,0
1766140200000000,1.86380000,1.86710000,1.86380000,1.86520000,549643.50000000,1766141099999999,1025409.48719000,5394,186085.80000000,347131.87063000,0
1766141100000000,1.86530000,1.86760000,1.86420000,1.86730000,578202.10000000,1766141999999999,1078612.57130000,5727,319076.20000000,595201.97502000,0
1766142000000000,1.86720000,1.86940000,1.86360000,1.86860000,550831.30000000,1766142899999999,1027905.05250000,7740,175676.10000000,327841.31215000,0
1766142900000000,1.86850000,1.86910000,1.86540000,1.86740000,520622.70000000,1766143799999999,972247.55138000,6377,230209.50000000,429933.72286000,0
1766143800000000,1.86750000,1.87140000,1.86580000,1.87030000,572078.00000000,1766144699999999,1069090.41059000,6231,310893.40000000,580973.99873000,0
1766144700000000,1.87030000,1.87220000,1.86980000,1.87050000,300429.20000000,1766145599999999,562070.09977000,3424,161999.90000000,303087.85748000,0
1766145600000000,1.87050000,1.87480000,1.86570000,1.87340000,867656.90000000,1766146499999999,1622423.33284000,10865,361368.80000000,675845.80437000,0
1766146500000000,1.87330000,1.87610000,1.87090000,1.87400000,585147.50000000,1766147399999999,1096229.78811000,7599,290321.70000000,543984.15568000,0
1766147400000000,1.87400000,1.88030000,1.87130000,1.87850000,1317837.00000000,1766148299999999,2472388.35939000,10170,794192.30000000,1490430.11307000,0
1766148300000000,1.87850000,1.88790000,1.87750000,1.88010000,1275063.00000000,1766149199999999,2399957.55702000,11727,643501.50000000,1211613.57801000,0
1766149200000000,1.88020000,1.88420000,1.87810000,1.88330000,577201.00000000,1766150099999999,1085904.60252000,9500,263756.50000000,496156.71170000,0
1766150100000000,1.88340000,1.88510000,1.87950000,1.87960000,722538.20000000,1766150999999999,1359399.10000000,7259,450553.80000000,847650.47032000,0
1766151000000000,1.87970000,1.87990000,1.86980000,1.87320000,1993674.20000000,1766151899999999,3736990.11046000,10659,1054535.50000000,1976700.27101000,0
1766151900000000,1.87320000,1.87320000,1.86350000,1.86730000,2024583.50000000,1766152799999999,3784653.21007000,9964,923879.00000000,1727053.89078000,0
1766152800000000,1.86730000,1.87980000,1.86550000,1.87720000,1797125.20000000,1766153699999999,3367548.17652000,11047,972712.70000000,1821865.88345000,0
1766153700000000,1.87710000,1.88150000,1.86560000,1.87200000,1527525.40000000,1766154599999999,2860923.60186000,15030,581623.20000000,1090055.37466000,0
1766154600000000,1.87190000,1.88900000,1.86430000,1.88880000,3345350.60000000,1766155499999999,6260884.80193000,35350,1459213.70000000,2733268.73064000,0
1766155500000000,1.88890000,1.89030000,1.87120000,1.87720000,2553740.70000000,1766156399999999,4798398.57072000,30161,1116305.80000000,2098018.87795000,0
1766156400000000,1.87710000,1.88890000,1.87440000,1.88600000,1779613.70000000,1766157299999999,3346098.74823000,20534,896456.00000000,1685644.84203000,0
1766157300000000,1.88600000,1.90500000,1.87400000,1.87760000,9463378.10000000,1766158199999999,17827507.99792000,71547,5180970.50000000,9759620.18710000,0
1766158200000000,1.87760000,1.88500000,1.87160000,1.87920000,2504263.20000000,1766159099999999,4706689.53373000,23925,1210939.30000000,2275930.88903000,0
1766159100000000,1.87920000,1.88040000,1.87310000,1.87550000,1707722.00000000,1766159999999999,3204794.06184000,17123,743303.70000000,1394931.27815000,0
1766160000000000,1.87540000,1.89340000,1.87380000,1.89110000,2259998.30000000,1766160899999999,4261828.29820000,21481,1270807.50000000,2397076.58585000,0
1766160900000000,1.89110000,1.89400000,1.88690000,1.89010000,2103520.50000000,1766161799999999,3975484.14834000,13862,675383.70000000,1276393.01650000,0
1766161800000000,1.89010000,1.90200000,1.88850000,1.89460000,3874955.30000000,1766162699999999,7344716.46975000,18552,1432482.60000000,2715888.67971000,0
1766162700000000,1.89450000,1.89650000,1.88550000,1.88840000,3282279.80000000,1766163599999999,6209428.57455000,16012,1198768.00000000,2267687.02157000,0
1766163600000000,1.88850000,1.90830000,1.88840000,1.90370000,2183731.90000000,1766164499999999,4146507.82650000,17204,1233893.40000000,2341493.36958000,0
1766164500000000,1.90370000,1.90810000,1.89130000,1.89140000,2139381.20000000,1766165399999999,4068719.90235000,13107,879467.50000000,1673347.16272000,0
1766165400000000,1.89140000,1.89430000,1.87770000,1.88130000,2343780.30000000,1766166299999999,4416229.66971000,27610,1071240.30000000,2017944.95810000,0
1766166300000000,1.88140000,1.89070000,1.87360000,1.87400000,1874705.00000000,1766167199999999,3526791.55550000,18098,927667.50000000,1745893.60987000,0
1766167200000000,1.87400000,1.88290000,1.87390000,1.88280000,832534.50000000,1766168099999999,1563622.01786000,14139,434967.40000000,816947.49164000,0
1766168100000000,1.88290000,1.89180000,1.88080000,1.89000000,1021764.80000000,1766168999999999,1927791.62185000,10083,536289.60000000,1011794.66889000,0
1766169000000000,1.89010000,1.89120000,1.88570000,1.88860000,471152.50000000,1766169899999999,889310.21868000,7689,128518.00000000,242607.38801000,0
1766169900000000,1.88850000,1.89850000,1.88570000,1.89390000,1021885.80000000,1766170799999999,1935447.10620000,11175,553824.50000000,1048844.25184000,0
1766170800000000,1.89400000,1.90270000,1.89390000,1.90050000,893302.80000000,1766171699999999,1696560.88005000,8798,539681.20000000,1025026.79929000,0
1766171700000000,1.90050000,1.91150000,1.90010000,1.90810000,1616594.20000000,1766172599999999,3083711.61152000,13642,842399.00000000,1606717.85933000,0
1766172600000000,1.90800000,1.91790000,1.90560000,1.91730000,1688464.50000000,1766173499999999,3231792.16253000,17790,1011343.20000000,1936323.24383000,0
1766173500000000,1.91730000,1.91850000,1.90650000,1.90790000,883329.80000000,1766174399999999,1690483.48736000,10347,421299.60000000,806205.21866000,0
1766174400000000,1.90790000,1.91240000,1.90630000,1.90960000,719307.00000000,1766175299999999,1372705.68076000,11276,310989.40000000,593630.38293000,0
1766175300000000,1.90960000,1.91790000,1.90850000,1.91210000,533306.40000000,1766176199999999,1020930.08190000,9483,225243.50000000,431240.94781000,0
1766176200000000,1.91210000,1.92130000,1.90910000,1.91100000,930019.50000000,1766177099999999,1780587.61807000,11670,514845.90000000,986248.03447000,0
1766177100000000,1.91090000,1.91670000,1.90430000,1.91020000,1945738.80000000,1766177999999999,3715222.10615000,16122,853418.40000000,1629619.61505000,0
1766178000000000,1.91010000,1.91010000,1.90480000,1.90760000,464557.50000000,1766178899999999,886184.28778000,8453,163492.30000000,311878.13602000,0
1766178900000000,1.90760000,1.91220000,1.90610000,1.90620000,393824.40000000,1766179799999999,751542.46466000,6265,226174.30000000,431623.52959000,0
1766179800000000,1.90620000,1.90990000,1.90550000,1.90580000,302826.40000000,1766180699999999,577521.71892000,5000,110910.10000000,211498.61024000,0
1766180700000000,1.90590000,1.90670000,1.90070000,1.90270000,526641.50000000,1766181599999999,1002571.06385000,5634,232204.90000000,442084.20110000,0
1766181600000000,1.90280000,1.90950000,1.90120000,1.90400000,377848.30000000,1766182499999999,720194.37639000,5668,203122.10000000,387198.46500000,0
1766182500000000,1.90410000,1.91000000,1.90410000,1.90920000,453999.40000000,1766183399999999,865910.72878000,5148,223464.50000000,426131.81681000,0
1766183400000000,1.90910000,1.91080000,1.90700000,1.91000000,275172.80000000,1766184299999999,525263.59940000,4354,136434.80000000,260381.47018000,0
1766184300000000,1.91000000,1.91100000,1.90740000,1.90780000,205799.50000000,1766185199999999,392967.26998000,4094,119648.80000000,228474.76287000,0
1766185200000000,1.90770000,1.90770000,1.90280000,1.90280000,595065.50000000,1766186099999999,1133488.25814000,6280,266031.00000000,506712.60412000,0
1766186100000000,1.90290000,1.90710000,1.90280000,1.90490000,704942.10000000,1766186999999999,1343007.63493000,3707,315886.80000000,601787.59290000,0
1766187000000000,1.90500000,1.90640000,1.90240000,1.90590000,351037.10000000,1766187899999999,668441.96312000,3113,102127.90000000,194462.06433000,0
1766187900000000,1.90590000,1.90970000,1.90570000,1.90920000,263271.90000000,1766188799999999,502217.62720000,2444,74233.00000000,141617.14506000,0
1766188800000000,1.90920000,1.91020000,1.90160000,1.90820000,859977.70000000,1766189699999999,1639679.99150000,6222,441018.10000000,841459.87553000,0
1766189700000000,1.90830000,1.90970000,1.90470000,1.90870000,357093.50000000,1766190599999999,681159.22500000,5946,189988.80000000,362383.33168000,0
1766190600000000,1.90880000,1.90950000,1.90440000,1.90440000,274985.70000000,1766191499999999,524380.44568000,4929,112965.30000000,215482.27529000,0
1766191500000000,1.90440000,1.90850000,1.90150000,1.90640000,600872.30000000,1766192399999999,1144775.23941000,6346,327389.60000000,623822.93595000,0
1766192400000000,1.90640000,1.90750000,1.90330000,1.90350000,221292.30000000,1766193299999999,421537.64998000,3076,80488.20000000,153294.52992000,0
1766193300000000,1.90350000,1.90660000,1.90210000,1.90360000,614111.70000000,1766194199999999,1169313.34332000,4404,452148.50000000,860974.39128000,0
1766194200000000,1.90360000,1.90480000,1.90200000,1.90210000,196597.60000000,1766195099999999,374236.16538000,2778,107802.30000000,205225.11001000,0
1766195100000000,1.90200000,1.90490000,1.90200000,1.90260000,172077.60000000,1766195999999999,327456.02984000,3264,86818.50000000,165219.07386000,0
1766196000000000,1.90270000,1.90340000,1.89820000,1.89900000,606437.40000000,1766196899999999,1152279.81869000,4414,273288.40000000,519344.19813000,0
1766196900000000,1.89910000,1.90240000,1.89700000,1.89760000,378734.10000000,1766197799999999,719618.63402000,3642,158135.80000000,300516.28996000,0
1766197800000000,1.89750000,1.90160000,1.89360000,1.90130000,707725.10000000,1766198699999999,1342574.97138000,6049,287605.00000000,545626.10229000,0
1766198700000000,1.90140000,1.90140000,1.89690000,1.89770000,241253.00000000,1766199599999999,458012.51669000,3415,135264.70000000,256761.12090000,0
1766199600000000,1.89760000,1.89980000,1.89530000,1.89590000,242941.30000000,1766200499999999,461032.16571000,3064,114708.20000000,217696.61287000,0
1766200500000000,1.89580000,1.90100000,1.89570000,1.90050000,442595.90000000,1766201399999999,840415.32918000,2818,247631.10000000,470083.39490000,0
1766201400000000,1.90050000,1.90750000,1.90050000,1.90540000,637306.20000000,1766202299999999,1213986.00516000,4768,375977.20000000,716097.38439000,0
1766202300000000,1.90540000,1.90640000,1.90390000,1.90430000,117318.60000000,1766203199999999,223488.16203000,2101,75111.20000000,143083.19700000,0
1766203200000000,1.90440000,1.90650000,1.89930000,1.90020000,518606.50000000,1766204099999999,986522.30995000,4332,191411.20000000,364074.09037000,0
1766204100000000,1.90020000,1.90310000,1.90010000,1.90190000,197502.10000000,1766204999999999,375485.42073000,2701,77476.60000000,147299.76034000,0
1766205000000000,1.90180000,1.90380000,1.90150000,1.90360000,166194.80000000,1766205899999999,316191.34993000,2579,100247.00000000,190723.53754000,0
1766205900000000,1.90360000,1.90770000,1.90310000,1.90440000,335244.90000000,1766206799999999,638622.95097000,2410,112936.90000000,215153.32204000,0
1766206800000000,1.90450000,1.90720000,1.90450000,1.90630000,187182.90000000,1766207699999999,356769.12524000,2962,108227.80000000,206290.16639000,0
1766207700000000,1.90640000,1.91220000,1.90630000,1.91220000,489327.20000000,1766208599999999,933854.97920000,3788,340376.30000000,649509.78986000,0
1766208600000000,1.91220000,1.91890000,1.91080000,1.91530000,682667.40000000,1766209499999999,1307965.76982000,5524,383916.20000000,735563.15499000,0
1766209500000000,1.91530000,1.91530000,1.91290000,1.91380000,174925.10000000,1766210399999999,334794.53063000,2633,67376.50000000,128963.23006000,0
1766210400000000,1.91390000,1.91690000,1.91320000,1.91620000,253802.80000000,1766211299999999,486134.75727000,3030,153722.30000000,294457.97884000,0
1766211300000000,1.91620000,1.91650000,1.91470000,1.91550000,113502.60000000,1766212199999999,217434.89947000,1861,64327.20000000,123233.10748000,0
1766212200000000,1.91550000,1.91660000,1.91450000,1.91550000,304239.20000000,1766213099999999,582708.82460000,2484,110644.50000000,211918.64616000,0
1766213100000000,1.91550000,1.91710000,1.91390000,1.91690000,370942.10000000,1766213999999999,710697.20693000,3351,207491.00000000,397531.88633000,0
1766214000000000,1.91680000,1.91890000,1.90910000,1.91060000,472623.20000000,1766214899999999,904248.07124000,5101,185948.80000000,355782.77371000,0
1766214900000000,1.91050000,1.91080000,1.90680000,1.91060000,423431.70000000,1766215799999999,808060.42823000,3215,178417.70000000,340564.59690000,0
1766215800000000,1.91060000,1.91430000,1.90920000,1.91330000,276629.40000000,1766216699999999,528855.87748000,3900,200829.50000000,383913.28782000,0
1766216700000000,1.91320000,1.91520000,1.91320000,1.91410000,230695.60000000,1766217599999999,441554.03552000,1971,125068.80000000,239366.60949000,0
1766217600000000,1.91410000,1.92040000,1.91410000,1.91900000,512357.30000000,1766218499999999,982986.12331000,5016,332417.00000000,637687.96947000,0
1766218500000000,1.91900000,1.92860000,1.91840000,1.92860000,725758.50000000,1766219399999999,1396544.76457000,7180,460109.50000000,885239.33433000,0
1766219400000000,1.92850000,1.94000000,1.92800000,1.93310000,2771168.90000000,1766220299999999,5360023.26538000,12633,2046320.80000000,3957982.32588000,0
1766220300000000,1.93300000,1.93720000,1.92820000,1.92970000,909737.20000000,1766221199999999,1757565.37544000,7914,345281.50000000,666979.62685000,0
1766221200000000,1.92960000,1.93730000,1.92950000,1.93330000,728282.90000000,1766222099999999,1408088.25433000,7414,395570.70000000,764804.55667000,0
1766222100000000,1.93340000,1.94270000,1.93210000,1.94150000,821837.70000000,1766222999999999,1592800.20320000,8621,403064.60000000,781219.50591000,0
1766223000000000,1.94160000,1.95880000,1.94160000,1.95620000,2611405.70000000,1766223899999999,5096968.29328000,19560,1553142.60000000,3030602.62492000,0
1766223900000000,1.95610000,1.95660000,1.94690000,1.94920000,1107279.90000000,1766224799999999,2161026.94185000,9397,357660.50000000,698075.30862000,0
1766224800000000,1.94920000,1.95690000,1.94920000,1.95240000,575668.90000000,1766225699999999,1124547.33925000,8555,302020.90000000,589957.95676000,0
1766225700000000,1.95240000,1.95360000,1.94570000,1.94680000,747968.00000000,1766226599999999,1457632.39996000,7636,267148.50000000,520634.45923000,0
1766226600000000,1.94680000,1.94960000,1.93980000,1.94870000,1536055.40000000,1766227499999999,2985784.85274000,11959,791473.70000000,1538103.27310000,0
1766227500000000,1.94880000,1.94950000,1.94000000,1.94040000,559818.10000000,1766228399999999,1088636.19589000,6093,257499.10000000,500750.81889000,0
1766228400000000,1.94050000,1.94250000,1.93020000,1.93240000,2071168.20000000,1766229299999999,4008072.42084000,9324,627838.50000000,1215597.48335000,0
1766229300000000,1.93230000,1.94330000,1.93140000,1.93980000,1385467.60000000,1766230199999999,2684769.63297000,6978,696951.60000000,1350361.63918000,0
1766230200000000,1.93980000,1.94290000,1.93930000,1.94250000,426478.40000000,1766231099999999,828065.92755000,4392,132927.90000000,258055.82474000,0
1766231100000000,1.94250000,1.94500000,1.94120000,1.94370000,420599.20000000,1766231999999999,817377.78556000,4251,233612.40000000,454020.00873000,0
1766232000000000,1.94370000,1.94800000,1.94260000,1.94590000,438230.80000000,1766232899999999,852762.25015000,5302,237759.00000000,462594.09787000,0
1766232900000000,1.94600000,1.94680000,1.94160000,1.94240000,244071.10000000,1766233799999999,474632.82275000,3084,98981.20000000,192457.42161000,0
1766233800000000,1.94240000,1.94390000,1.93920000,1.94150000,342979.90000000,1766234699999999,665963.09909000,3985,128663.30000000,249733.42907000,0
1766234700000000,1.94150000,1.94250000,1.94040000,1.94090000,211244.40000000,1766235599999999,410127.20556000,2730,119114.60000000,231259.17839000,0
1766235600000000,1.94090000,1.94320000,1.92960000,1.93070000,1048969.00000000,1766236499999999,2029813.93726000,9275,406070.00000000,786198.66477000,0
1766236500000000,1.93070000,1.93260000,1.92030000,1.92090000,2907890.70000000,1766237399999999,5599182.24803000,16233,1075212.90000000,2069437.04082000,0
1766237400000000,1.92100000,1.92930000,1.91980000,1.92870000,1568291.20000000,1766238299999999,3017901.37746000,8982,454725.60000000,875308.11435000,0
1766238300000000,1.92880000,1.93200000,1.92790000,1.92800000,597994.50000000,1766239199999999,1154214.39737000,5308,308594.10000000,595662.56561000,0
1766239200000000,1.92790000,1.92810000,1.92040000,1.92280000,843982.30000000,1766240099999999,1622816.31014000,6956,358425.90000000,689240.17597000,0
1766240100000000,1.92270000,1.92500000,1.92250000,1.92370000,441007.30000000,1766240999999999,848286.23948000,3659,249549.20000000,480001.78860000,0
1766241000000000,1.92360000,1.92560000,1.92010000,1.92550000,503082.60000000,1766241899999999,967079.35349000,4865,256221.00000000,492496.32944000,0
1766241900000000,1.92550000,1.93000000,1.92480000,1.92880000,484139.00000000,1766242799999999,933390.84606000,4505,233167.00000000,449483.30211000,0
1766242800000000,1.92890000,1.93420000,1.92520000,1.93390000,413583.00000000,1766243699999999,797809.07733000,4795,228131.30000000,440097.69458000,0
1766243700000000,1.93390000,1.93520000,1.91640000,1.92100000,2116418.50000000,1766244599999999,4070930.21031000,11540,810509.80000000,1559338.98307000,0
1766244600000000,1.92100000,1.92420000,1.91970000,1.92160000,613736.80000000,1766245499999999,1179545.29065000,4495,180527.60000000,346948.18564000,0
1766245500000000,1.92160000,1.92310000,1.91980000,1.92140000,539485.90000000,1766246399999999,1036560.44320000,3881,146653.00000000,281800.28135000,0
1766246400000000,1.92140000,1.92660000,1.92050000,1.92600000,768640.70000000,1766247299999999,1479332.71348000,4696,256717.60000000,494081.08466000,0
1766247300000000,1.92610000,1.92910000,1.92390000,1.92630000,1386828.80000000,1766248199999999,2672142.64427000,4851,639747.80000000,1232868.47207000,0
1766248200000000,1.92630000,1.93000000,1.92410000,1.92570000,300840.50000000,1766249099999999,579797.03687000,4038,150458.40000000,289937.53510000,0
1766249100000000,1.92570000,1.92870000,1.92560000,1.92870000,227104.40000000,1766249999999999,437702.90854000,3345,93150.30000000,179518.87668000,0
1766250000000000,1.92870000,1.93160000,1.92470000,1.92660000,521250.00000000,1766250899999999,1005466.18061000,5247,324605.40000000,626251.45303000,0
1766250900000000,1.92660000,1.92790000,1.92300000,1.92300000,1045659.20000000,1766251799999999,2013538.17653000,5151,701254.50000000,1350407.39443000,0
1766251800000000,1.92300000,1.92440000,1.92120000,1.92300000,332038.20000000,1766252699999999,638498.68241000,3630,160704.10000000,309021.19979000,0
1766252700000000,1.92300000,1.92480000,1.92290000,1.92420000,208358.00000000,1766253599999999,400828.62042000,2613,74007.80000000,142373.69935000,0
1766253600000000,1.92420000,1.92630000,1.91940000,1.91990000,542222.50000000,1766254499999999,1042210.94044000,3489,187655.10000000,360488.93986000,0
1766254500000000,1.91990000,1.92240000,1.91980000,1.92170000,184623.80000000,1766255399999999,354675.57662000,2439,85472.00000000,164170.52270000,0
1766255400000000,1.92170000,1.92300000,1.91950000,1.92140000,370820.70000000,1766256299999999,712266.00467000,2792,172338.80000000,330980.32304000,0
1766256300000000,1.92130000,1.92610000,1.92020000,1.92300000,317601.60000000,1766257199999999,610950.25414000,3523,159212.60000000,306193.90358000,0
1766257200000000,1.92300000,1.92340000,1.91960000,1.92260000,198114.80000000,1766258099999999,380678.04855000,3903,100515.30000000,193146.35810000,0
1766258100000000,1.92250000,1.92260000,1.92040000,1.92170000,143710.80000000,1766258999999999,276106.43965000,2369,83958.60000000,161308.37278000,0
1766259000000000,1.92170000,1.92290000,1.92100000,1.92160000,93872.10000000,1766259899999999,180414.68559000,1634,33713.80000000,64796.01234000,0
1766259900000000,1.92160000,1.92630000,1.92120000,1.92500000,184456.20000000,1766260799999999,354838.46063000,2018,70207.90000000,135065.19050000,0
1766260800000000,1.92500000,1.92830000,1.92390000,1.92680000,264351.10000000,1766261699999999,509317.07214000,2660,114950.90000000,221470.67178000,0
1766261700000000,1.92670000,1.92680000,1.92500000,1.92500000,250026.90000000,1766262599999999,481521.64136000,2722,89392.50000000,172166.45022000,0
1766262600000000,1.92500000,1.92680000,1.92380000,1.92470000,149088.90000000,1766263499999999,286975.98400000,2217,104476.40000000,201107.44422000,0
1766263500000000,1.92470000,1.92770000,1.92440000,1.92760000,227255.00000000,1766264399999999,437574.87415000,1766,111798.50000000,215254.23931000,0
1766264400000000,1.92760000,1.93000000,1.92560000,1.92560000,230418.20000000,1766265299999999,444234.54993000,3253,117471.70000000,226500.62722000,0
1766265300000000,1.92560000,1.92860000,1.92530000,1.92660000,156680.00000000,1766266199999999,301925.83178000,2844,88590.60000000,170711.63293000,0
1766266200000000,1.92660000,1.93090000,1.92660000,1.92980000,214841.90000000,1766267099999999,414578.85331000,2784,152407.10000000,294091.78490000,0
1766267100000000,1.92980000,1.93170000,1.92820000,1.93160000,195036.30000000,1766267999999999,376418.22122000,3225,110033.30000000,212366.95425000,0
1766268000000000,1.93170000,1.93460000,1.92960000,1.93290000,191082.30000000,1766268899999999,369168.88308000,4000,95313.40000000,184158.32781000,0
1766268900000000,1.93290000,1.93290000,1.92610000,1.93030000,282090.00000000,1766269799999999,544194.60897000,4000,137223.50000000,264715.91278000,0
1766269800000000,1.93030000,1.93380000,1.93020000,1.93140000,194358.20000000,1766270699999999,375582.01961000,3280,81197.40000000,156907.06126000,0
1766270700000000,1.93140000,1.93780000,1.93050000,1.93390000,282193.70000000,1766271599999999,545685.94138000,5132,175560.20000000,339353.74265000,0
1766271600000000,1.93380000,1.93580000,1.93110000,1.93460000,287365.10000000,1766272499999999,555555.63741000,4916,184303.30000000,356341.03924000,0
1766272500000000,1.93460000,1.93670000,1.93220000,1.93400000,106096.00000000,1766273399999999,205214.13171000,3278,46450.20000000,89850.60088000,0
1766273400000000,1.93400000,1.93460000,1.93130000,1.93200000,144357.90000000,1766274299999999,278997.41726000,2216,70758.40000000,136750.25166000,0
1766274300000000,1.93190000,1.93430000,1.93080000,1.93350000,138643.30000000,1766275199999999,267875.54368000,2527,67935.40000000,131269.82072000,0
1766275200000000,1.93350000,1.93740000,1.93000000,1.93050000,441726.40000000,1766276099999999,853989.81203000,5347,158707.60000000,306790.21464000,0
1766276100000000,1.93050000,1.93970000,1.93020000,1.93610000,697081.90000000,1766276999999999,1348981.66164000,4824,453496.30000000,877210.57136000,0
1766277000000000,1.93610000,1.93630000,1.93100000,1.93390000,290274.40000000,1766277899999999,561105.54890000,4436,124310.90000000,240267.30233000,0
1766277900000000,1.93400000,1.93890000,1.93370000,1.93880000,307615.10000000,1766278799999999,595733.46290000,3877,186111.40000000,360465.35858000,0
1766278800000000,1.93880000,1.94010000,1.93530000,1.93640000,306549.70000000,1766279699999999,594154.20044000,3802,152318.80000000,295259.06571000,0
1766279700000000,1.93630000,1.94200000,1.93400000,1.94190000,560255.20000000,1766280599999999,1085623.20151000,5310,376285.10000000,729215.43825000,0
1766280600000000,1.94190000,1.94190000,1.92980000,1.93200000,906566.50000000,1766281499999999,1755265.16299000,8898,357642.80000000,692136.65134000,0
1766281500000000,1.93200000,1.93390000,1.92810000,1.92830000,447194.20000000,1766282399999999,863385.22021000,5663,187531.50000000,362080.83565000,0
1766282400000000,1.92840000,1.93440000,1.92420000,1.92580000,629418.70000000,1766283299999999,1213190.10495000,8493,240666.80000000,463967.82383000,0
1766283300000000,1.92570000,1.92570000,1.91720000,1.92220000,970982.00000000,1766284199999999,1865843.20390000,7923,335983.00000000,645756.26322000,0
1766284200000000,1.92220000,1.92550000,1.91800000,1.91980000,592675.70000000,1766285099999999,1139430.05072000,6205,319319.10000000,614109.56445000,0
1766285100000000,1.91980000,1.92490000,1.91920000,1.92470000,574710.60000000,1766285999999999,1104670.62695000,5535,249599.70000000,479720.75401000,0
1766286000000000,1.92470000,1.92960000,1.92360000,1.92840000,444239.00000000,1766286899999999,856205.08664000,6503,221179.80000000,426321.48331000,0
1766286900000000,1.92840000,1.93870000,1.92770000,1.93430000,591647.70000000,1766287799999999,1144974.52883000,7559,292765.40000000,566607.97942000,0
1766287800000000,1.93420000,1.93480000,1.92950000,1.92960000,253498.30000000,1766288699999999,489803.29452000,4112,90607.10000000,175112.23171000,0
1766288700000000,1.92950000,1.93080000,1.92890000,1.92960000,174449.60000000,1766289599999999,336659.63099000,2446,61664.30000000,119000.79701000,0
1766289600000000,1.92970000,1.93020000,1.92610000,1.92720000,164016.30000000,1766290499999999,316268.13618000,3440,72637.90000000,140080.58762000,0
1766290500000000,1.92720000,1.92960000,1.92700000,1.92890000,145802.60000000,1766291399999999,281159.29007000,2247,39261.50000000,75696.89445000,0
1766291400000000,1.92890000,1.93050000,1.92590000,1.92600000,119175.80000000,1766292299999999,229794.17825000,2094,34489.60000000,66502.85197000,0
1766292300000000,1.92590000,1.92600000,1.92420000,1.92530000,94640.20000000,1766293199999999,182191.16001000,1407,33587.30000000,64655.86340000,0
1766293200000000,1.92520000,1.92680000,1.92390000,1.92590000,178258.80000000,1766294099999999,343114.95257000,2236,55339.10000000,106521.10873000,0
1766294100000000,1.92580000,1.92790000,1.92260000,1.92420000,436528.00000000,1766294999999999,840219.01085000,3959,230559.30000000,443651.18733000,0
1766295000000000,1.92420000,1.92420000,1.92180000,1.92390000,321985.60000000,1766295899999999,619231.14058000,2042,94054.20000000,180840.90917000,0
1766295900000000,1.92390000,1.92400000,1.92200000,1.92210000,160174.00000000,1766296799999999,307991.05674000,1760,52713.20000000,101361.56796000,0
1766296800000000,1.92210000,1.92380000,1.92150000,1.92260000,109036.90000000,1766297699999999,209616.85305000,2078,50494.90000000,97066.72003000,0
1766297700000000,1.92260000,1.92460000,1.92010000,1.92080000,246615.90000000,1766298599999999,474110.84098000,2449,63392.10000000,121883.04821000,0
1766298600000000,1.92090000,1.92240000,1.92090000,1.92140000,223045.90000000,1766299499999999,428598.81911000,1590,115363.00000000,221670.55575000,0
1766299500000000,1.92150000,1.92270000,1.92060000,1.92070000,143353.70000000,1766300399999999,275482.59744000,2003,68484.90000000,131609.04245000,0
1766300400000000,1.92070000,1.92200000,1.91920000,1.92170000,224772.40000000,1766301299999999,431671.22732000,2654,81134.20000000,155820.92009000,0
1766301300000000,1.92160000,1.92860000,1.92060000,1.92830000,226432.20000000,1766302199999999,435786.63980000,3369,145522.10000000,280023.19924000,0
1766302200000000,1.92830000,1.92850000,1.92420000,1.92430000,195122.10000000,1766303099999999,375751.58513000,2532,101252.50000000,194943.14334000,0
1766303100000000,1.92420000,1.92750000,1.92330000,1.92540000,167762.40000000,1766303999999999,322911.17821000,2662,82253.90000000,158323.04942000,0
1766304000000000,1.92550000,1.92580000,1.92230000,1.92380000,205132.30000000,1766304899999999,394684.47476000,2518,81623.10000000,157078.74592000,0
1766304900000000,1.92390000,1.92880000,1.92360000,1.92830000,297549.90000000,1766305799999999,572967.76654000,3319,161574.30000000,311112.32105000,0
1766305800000000,1.92830000,1.94330000,1.92790000,1.93940000,769935.60000000,1766306699999999,1491378.65737000,11224,418015.20000000,809595.91687000,0
1766306700000000,1.93940000,1.94180000,1.93560000,1.93600000,354621.00000000,1766307599999999,687200.65905000,5906,195195.50000000,378322.98034000,0
1766307600000000,1.93610000,1.94240000,1.93230000,1.93940000,410569.70000000,1766308499999999,795649.90388000,8083,198464.40000000,384544.10085000,0
1766308500000000,1.93950000,1.94450000,1.93850000,1.94190000,1049405.40000000,1766309399999999,2037935.50771000,5351,500159.60000000,971318.72227000,0
1766309400000000,1.94200000,1.94930000,1.94100000,1.94390000,599896.70000000,1766310299999999,1166996.47088000,8660,358002.80000000,696464.73851000,0
1766310300000000,1.94390000,1.94860000,1.94350000,1.94590000,384117.50000000,1766311199999999,747410.85367000,8789,209640.20000000,407910.38110000,0
1766311200000000,1.94590000,1.94980000,1.94190000,1.94470000,863902.80000000,1766312099999999,1681016.36817000,5204,373991.90000000,727826.91589000,0
1766312100000000,1.94480000,1.94560000,1.93610000,1.93660000,961288.30000000,1766312999999999,1864126.02731000,4583,477170.10000000,925071.08901000,0
1766313000000000,1.93660000,1.93910000,1.93390000,1.93660000,885532.20000000,1766313899999999,1715314.71035000,6575,444682.60000000,861386.57951000,0
1766313900000000,1.93670000,1.93700000,1.93150000,1.93390000,462687.20000000,1766314799999999,894940.61964000,3776,196147.20000000,379346.22378000,0
1766314800000000,1.93400000,1.93450000,1.93170000,1.93220000,254536.00000000,1766315699999999,491940.05972000,4574,159172.30000000,307621.66054000,0
1766315700000000,1.93220000,1.93620000,1.93140000,1.93580000,439909.50000000,1766316599999999,850695.23891000,4255,277375.70000000,536333.67492000,0
1766316600000000,1.93580000,1.93600000,1.93270000,1.93350000,320703.30000000,1766317499999999,620192.67816000,3140,195339.50000000,377756.26088000,0
1766317500000000,1.93350000,1.93450000,1.93180000,1.93360000,251904.10000000,1766318399999999,486902.68609000,1862,140447.20000000,271456.64250000,0
1766318400000000,1.93360000,1.93860000,1.93270000,1.93540000,320812.40000000,1766319299999999,620802.00859000,4127,213689.10000000,413489.39138000,0
1766319300000000,1.93530000,1.93850000,1.93440000,1.93670000,357968.00000000,1766320199999999,693268.98256000,4218,188590.20000000,365231.84694000,0
1766320200000000,1.93670000,1.93820000,1.92780000,1.92840000,356597.50000000,1766321099999999,689369.45423000,7269,138801.90000000,268376.20702000,0
1766321100000000,1.92850000,1.93150000,1.92700000,1.92960000,441581.50000000,1766321999999999,851755.63195000,7017,204053.30000000,393591.96577000,0
1766322000000000,1.92960000,1.92990000,1.91340000,1.91650000,2598440.90000000,1766322899999999,4989396.11704000,22183,962577.30000000,1847364.89673000,0
1766322900000000,1.91650000,1.91670000,1.90610000,1.90850000,1804464.10000000,1766323799999999,3450281.06969000,18752,825981.10000000,1579571.43968000,0
1766323800000000,1.90850000,1.91140000,1.89840000,1.90080000,2535262.30000000,1766324699999999,4823865.11852000,28384,1017288.10000000,1935792.29977000,0
1766324700000000,1.90080000,1.90260000,1.89480000,1.89920000,1037166.10000000,1766325599999999,1968505.40801000,13551,484006.50000000,918651.83435000,0
1766325600000000,1.89920000,1.91490000,1.89710000,1.90330000,3163867.90000000,1766326499999999,6031173.47629000,18384,1810431.70000000,3450651.83234000,0
1766326500000000,1.90340000,1.90850000,1.90320000,1.90550000,1290380.00000000,1766327399999999,2459754.35476000,5790,744099.80000000,1418300.17007000,0
1766327400000000,1.90550000,1.90790000,1.89990000,1.90540000,659511.20000000,1766328299999999,1256030.47324000,5370,295490.20000000,562662.70159000,0
1766328300000000,1.90540000,1.90820000,1.90230000,1.90770000,495187.30000000,1766329199999999,943448.98441000,3189,346884.80000000,660933.56223000,0
1766329200000000,1.90780000,1.90780000,1.89960000,1.90070000,775300.90000000,1766330099999999,1474414.09826000,4204,382106.20000000,726499.28384000,0
1766330100000000,1.90070000,1.90300000,1.89950000,1.90130000,638967.00000000,1766330999999999,1214559.84346000,5151,350958.00000000,667132.27266000,0
1766331000000000,1.90140000,1.90500000,1.89950000,1.90220000,674479.60000000,1766331899999999,1282908.21065000,4995,281629.10000000,535607.37876000,0
1766331900000000,1.90210000,1.90930000,1.90170000,1.90490000,950041.10000000,1766332799999999,1809993.66822000,6432,550066.70000000,1047893.58205000,0
1766332800000000,1.90480000,1.90490000,1.89930000,1.90040000,1050778.50000000,1766333699999999,1998301.83392000,6101,544882.90000000,1036014.52931000,0
1766333700000000,1.90040000,1.90860000,1.89950000,1.90550000,673171.80000000,1766334599999999,1281769.09202000,4611,422047.10000000,803464.31929000,0
1766334600000000,1.90550000,1.90650000,1.90470000,1.90490000,294622.80000000,1766335499999999,561385.06535000,2676,153312.10000000,292126.10614000,0
1766335500000000,1.90490000,1.90850000,1.90410000,1.90810000,369141.20000000,1766336399999999,703490.42564000,2595,205742.20000000,392071.13720000,0
1766336400000000,1.90800000,1.91860000,1.90660000,1.91710000,1916630.00000000,1766337299999999,3668293.89409000,6561,1187403.70000000,2272549.71831000,0
1766337300000000,1.91720000,1.91720000,1.90870000,1.90950000,704621.50000000,1766338199999999,1348529.72811000,4382,330444.00000000,632345.15978000,0
1766338200000000,1.90950000,1.91250000,1.90780000,1.91230000,655756.00000000,1766339099999999,1252826.77281000,3905,348961.70000000,666642.58846000,0
1766339100000000,1.91220000,1.91230000,1.90720000,1.90820000,566199.90000000,1766339999999999,1081424.58072000,3283,241619.90000000,461478.60858000,0
1766340000000000,1.90820000,1.90880000,1.90200000,1.90370000,834408.00000000,1766340899999999,1589084.73003000,6076,375488.20000000,715031.90123000,0
1766340900000000,1.90370000,1.90750000,1.90330000,1.90730000,307738.90000000,1766341799999999,586416.30736000,2502,163185.20000000,310941.72313000,0
1766341800000000,1.90730000,1.91110000,1.90680000,1.90940000,705452.10000000,1766342699999999,1346514.14866000,3523,366199.60000000,698939.63164000,0
1766342700000000,1.90940000,1.91360000,1.90940000,1.91270000,319703.10000000,1766343599999999,611138.46021000,3387,186853.70000000,357152.49112000,0
1766343600000000,1.91280000,1.91660000,1.91260000,1.91560000,372231.60000000,1766344499999999,712679.62063000,5459,183876.20000000,352060.37611000,0
1766344500000000,1.91560000,1.91660000,1.91300000,1.91370000,189571.10000000,1766345399999999,362926.65186000,2685,107840.10000000,206448.62903000,0
1766345400000000,1.91370000,1.91550000,1.90880000,1.91510000,440604.40000000,1766346299999999,842506.45720000,3886,281379.00000000,538101.42888000,0
1766346300000000,1.91520000,1.91950000,1.91470000,1.91810000,495178.50000000,1766347199999999,949414.25896000,4512,294456.10000000,564592.70914000,0
1766347200000000,1.91810000,1.91810000,1.91200000,1.91210000,185922.50000000,1766348099999999,356011.50904000,3145,61872.00000000,118485.72963000,0
1766348100000000,1.91220000,1.91460000,1.91200000,1.91370000,192985.50000000,1766348999999999,369196.32441000,2823,117861.90000000,225473.35333000,0
1766349000000000,1.91380000,1.91600000,1.91370000,1.91550000,123270.70000000,1766349899999999,236074.57478000,2294,66391.10000000,127135.81448000,0
1766349900000000,1.91540000,1.91570000,1.91220000,1.91230000,102831.40000000,1766350799999999,196846.58481000,2405,51687.40000000,98938.90877000,0
1766350800000000,1.91220000,1.91350000,1.90970000,1.91260000,165514.90000000,1766351699999999,316354.09078000,2919,88002.90000000,168194.68800000,0
1766351700000000,1.91250000,1.91710000,1.91200000,1.91630000,349318.50000000,1766352599999999,668813.02208000,3406,250347.40000000,479304.02152000,0
1766352600000000,1.91630000,1.91910000,1.91220000,1.91260000,329043.80000000,1766353499999999,630442.66671000,3741,141108.00000000,270425.71770000,0
1766353500000000,1.91250000,1.91250000,1.90700000,1.90760000,286279.00000000,1766354399999999,546551.50398000,4093,69942.90000000,133544.18772000,0
1766354400000000,1.90750000,1.91410000,1.90560000,1.91370000,220163.20000000,1766355299999999,420174.77010000,3627,105346.20000000,200981.89152000,0
1766355300000000,1.91360000,1.91660000,1.90860000,1.91200000,279313.60000000,1766356199999999,534172.62651000,3643,87798.00000000,167905.80359000,0
1766356200000000,1.91200000,1.91710000,1.91100000,1.91650000,395144.50000000,1766357099999999,756518.95247000,2453,206018.00000000,394475.75757000,0
1766357100000000,1.91660000,1.91850000,1.91610000,1.91780000,290249.10000000,1766357999999999,556562.02850000,3329,132999.00000000,255035.79780000,0
1766358000000000,1.91780000,1.92570000,1.91780000,1.92350000,914325.90000000,1766358899999999,1757626.95501000,13275,423492.40000000,813944.65452000,0
1766358900000000,1.92360000,1.92710000,1.91990000,1.92090000,607563.40000000,1766359799999999,1168721.88520000,5992,240085.30000000,461765.69632000,0
1766359800000000,1.92090000,1.92550000,1.91850000,1.92400000,487623.20000000,1766360699999999,937474.05935000,5512,260815.40000000,501332.17767000,0
1766360700000000,1.92400000,1.92540000,1.92130000,1.92230000,246587.20000000,1766361599999999,474313.23956000,3073,110273.30000000,212104.63033000,0
1766361600000000,1.92240000,1.94500000,1.92210000,1.94440000,1916612.90000000,1766362499999999,3707662.76689000,19379,1176064.30000000,2274527.49272000,0
1766362500000000,1.94440000,1.94930000,1.92610000,1.93130000,2603284.00000000,1766363399999999,5045476.79724000,32558,1312971.90000000,2544059.49738000,0
1766363400000000,1.93130000,1.93680000,1.92740000,1.93070000,920585.50000000,1766364299999999,1778195.56752000,13308,496595.30000000,959248.60990000,0
1766364300000000,1.93080000,1.93440000,1.92390000,1.92410000,577525.80000000,1766365199999999,1114061.86080000,10869,153943.40000000,297032.80860000,0
1766365200000000,1.92410000,1.93090000,1.92290000,1.92930000,697029.20000000,1766366099999999,1343330.23925000,10033,396784.90000000,764597.73418000,0
1766366100000000,1.92930000,1.93730000,1.92930000,1.93320000,578278.90000000,1766366999999999,1118390.85777000,5089,325007.00000000,628499.23420000,0
1766367000000000,1.93330000,1.93730000,1.93250000,1.93260000,538343.60000000,1766367899999999,1041501.28984000,6025,301203.90000000,582754.84188000,0
1766367900000000,1.93250000,1.93350000,1.92010000,1.92020000,922799.40000000,1766368799999999,1777401.85108000,10220,290830.20000000,560489.99102000,0
1766368800000000,1.92020000,1.92140000,1.90310000,1.91150000,2152475.20000000,1766369699999999,4112785.66850000,23188,1104524.00000000,2110782.10645000,0
1766369700000000,1.91140000,1.91580000,1.90790000,1.91290000,1033096.40000000,1766370599999999,1974600.89825000,10740,583518.00000000,1115396.90082000,0
1766370600000000,1.91290000,1.91940000,1.91200000,1.91630000,484036.90000000,1766371499999999,927354.81448000,7293,275058.40000000,526873.97551000,0
1766371500000000,1.91640000,1.92060000,1.91640000,1.91920000,565411.10000000,1766372399999999,1085059.24695000,3013,283858.30000000,544666.53930000,0
1766372400000000,1.91920000,1.92140000,1.91330000,1.91900000,686700.00000000,1766373299999999,1317145.31581000,6831,372500.90000000,714382.21220000,0
1766373300000000,1.91900000,1.92520000,1.91780000,1.92380000,846449.30000000,1766374199999999,1626665.93665000,5973,496830.70000000,954790.18823000,0
1766374200000000,1.92390000,1.92640000,1.92000000,1.92080000,877129.80000000,1766375099999999,1686728.52471000,6329,468397.40000000,900635.41447000,0
1766375100000000,1.92090000,1.92410000,1.92000000,1.92010000,475729.40000000,1766375999999999,914008.02458000,4247,262397.90000000,504113.26186000,0
1766376000000000,1.92020000,1.92230000,1.91860000,1.91920000,785039.00000000,1766376899999999,1507160.91152000,4880,286576.90000000,550319.01145000,0
1766376900000000,1.91920000,1.92440000,1.91850000,1.92360000,691329.40000000,1766377799999999,1328311.17558000,6913,373684.90000000,717942.73268000,0
1766377800000000,1.92350000,1.92410000,1.91810000,1.92180000,786874.40000000,1766378699999999,1511835.85753000,5940,457440.70000000,878812.46193000,0
1766378700000000,1.92180000,1.92630000,1.92090000,1.92470000,842884.40000000,1766379599999999,1621322.85933000,5963,536778.90000000,1032332.60007000,0
1766379600000000,1.92480000,1.92850000,1.92440000,1.92670000,651005.60000000,1766380499999999,1254004.49026000,4615,358038.80000000,689580.35589000,0
1766380500000000,1.92670000,1.92820000,1.92020000,1.92040000,843793.10000000,1766381399999999,1623098.58429000,5376,278398.30000000,535441.77677000,0
1766381400000000,1.92040000,1.92340000,1.91830000,1.92050000,504781.30000000,1766382299999999,969305.08726000,4520,248731.80000000,477599.79714000,0
1766382300000000,1.92060000,1.92260000,1.91950000,1.91990000,511868.30000000,1766383199999999,983345.45728000,3315,291898.30000000,560740.58086000,0
1766383200000000,1.91980000,1.92020000,1.91360000,1.91420000,657135.70000000,1766384099999999,1259279.89402000,3862,309272.50000000,592592.39023000,0
1766384100000000,1.91410000,1.91960000,1.91390000,1.91690000,723533.10000000,1766384999999999,1386975.42016000,4434,329038.40000000,630745.61109000,0
1766385000000000,1.91680000,1.91980000,1.91580000,1.91970000,674862.40000000,1766385899999999,1294208.76900000,4147,442034.60000000,847680.27821000,0
1766385900000000,1.91970000,1.92150000,1.91770000,1.91810000,440777.80000000,1766386799999999,846029.44251000,3292,203549.70000000,390660.93428000,0
1766386800000000,1.91800000,1.92790000,1.91690000,1.92520000,592835.30000000,1766387699999999,1139692.75481000,5611,425846.50000000,818556.70316000,0
1766387700000000,1.92520000,1.92570000,1.92290000,1.92440000,272663.60000000,1766388599999999,524753.12704000,3087,99627.00000000,191746.59289000,0
1766388600000000,1.92440000,1.92920000,1.92300000,1.92850000,697542.80000000,1766389499999999,1343697.46945000,5014,345056.80000000,664689.74246000,0
1766389500000000,1.92850000,1.92860000,1.92610000,1.92730000,212966.20000000,1766390399999999,410474.15351000,3070,90022.20000000,173510.22400000,0
1766390400000000,1.92720000,1.93040000,1.92320000,1.92510000,350073.70000000,1766391299999999,674735.89343000,6857,264916.10000000,510557.33614000,0
1766391300000000,1.92510000,1.93400000,1.92450000,1.92830000,1808735.10000000,1766392199999999,3488870.48055000,13836,1234695.40000000,2381363.80578000,0
1766392200000000,1.92830000,1.93310000,1.92400000,1.92410000,1223945.10000000,1766393099999999,2360290.61241000,8289,558148.00000000,1076394.04324000,0
1766393100000000,1.92410000,1.92480000,1.91740000,1.91750000,1876737.30000000,1766393999999999,3607032.95016000,10010,989545.60000000,1901975.46894000,0
1766394000000000,1.91760000,1.92120000,1.91570000,1.91610000,1086113.30000000,1766394899999999,2083075.72820000,7120,568955.60000000,1091186.93876000,0
1766394900000000,1.91610000,1.91970000,1.91450000,1.91770000,615738.30000000,1766395799999999,1180524.31128000,6410,394179.40000000,755707.46265000,0
1766395800000000,1.91770000,1.92070000,1.91600000,1.91810000,647596.30000000,1766396699999999,1242566.84725000,5046,377772.90000000,724756.78983000,0
1766396700000000,1.91820000,1.92410000,1.91730000,1.92230000,469497.70000000,1766397599999999,901580.90703000,4709,323316.50000000,620807.20678000,0
1766397600000000,1.92240000,1.92290000,1.91740000,1.92260000,734905.60000000,1766398499999999,1410702.17698000,6247,476778.10000000,915230.59847000,0
1766398500000000,1.92260000,1.92780000,1.92150000,1.92590000,1249546.40000000,1766399399999999,2404994.79424000,7344,624717.50000000,1202330.55500000,0
1766399400000000,1.92590000,1.93000000,1.92590000,1.92780000,989839.00000000,1766400299999999,1908243.22452000,6105,453581.60000000,874377.25998000,0
1766400300000000,1.92780000,1.92880000,1.92460000,1.92610000,693690.70000000,1766401199999999,1336346.26671000,4644,284349.40000000,547728.97550000,0
1766401200000000,1.92610000,1.92960000,1.92600000,1.92680000,925623.70000000,1766402099999999,1783845.72017000,5801,473233.40000000,911969.80309000,0
1766402100000000,1.92680000,1.92810000,1.92360000,1.92780000,942650.10000000,1766402999999999,1815277.33013000,5873,528164.20000000,1017084.97865000,0
1766403000000000,1.92780000,1.93370000,1.92670000,1.93360000,969232.40000000,1766403899999999,1871193.17445000,9662,481230.30000000,928904.03232000,0
1766403900000000,1.93360000,1.93800000,1.93300000,1.93460000,717365.70000000,1766404799999999,1388055.95966000,7156,276300.10000000,534651.85891000,0
1766404800000000,1.93470000,1.93740000,1.93250000,1.93500000,541034.30000000,1766405699999999,1047400.80461000,7067,173238.40000000,335384.87814000,0
1766405700000000,1.93510000,1.93990000,1.93510000,1.93970000,927951.40000000,1766406599999999,1798454.61468000,6995,389100.10000000,753968.41710000,0
1766406600000000,1.93970000,1.94730000,1.93290000,1.93530000,1598146.50000000,1766407499999999,3099405.39197000,15049,750266.00000000,1455359.63710000,0
1766407500000000,1.93520000,1.93710000,1.93190000,1.93610000,1113792.50000000,1766408399999999,2154852.60331000,5620,520442.30000000,1006907.93645000,0
1766408400000000,1.93620000,1.93810000,1.92990000,1.93130000,1227567.60000000,1766409299999999,2372286.21512000,8131,547339.50000000,1057629.45204000,0
1766409300000000,1.93130000,1.93430000,1.92950000,1.93270000,539213.50000000,1766410199999999,1041459.46413000,7168,235219.90000000,454263.89686000,0
1766410200000000,1.93260000,1.93270000,1.92750000,1.92840000,485776.80000000,1766411099999999,937164.17546000,6346,211241.10000000,407480.58202000,0
1766411100000000,1.92830000,1.93380000,1.92780000,1.93380000,696552.30000000,1766411999999999,1345281.80062000,5174,212073.30000000,409432.74223000,0
1766412000000000,1.93380000,1.93870000,1.93280000,1.93570000,547511.30000000,1766412899999999,1060053.59001000,5477,242892.50000000,470373.59699000,0
1766412900000000,1.93570000,1.93990000,1.93530000,1.93580000,714205.20000000,1766413799999999,1384340.14806000,5813,232832.70000000,451304.97213000,0
1766413800000000,1.93590000,1.94180000,1.92500000,1.93230000,1788006.10000000,1766414699999999,3455311.70103000,34501,827755.30000000,1599679.31704000,0
1766414700000000,1.93220000,1.94260000,1.93050000,1.94030000,1284382.20000000,1766415599999999,2489776.75927000,18507,526228.20000000,1020071.29266000,0
1766415600000000,1.94020000,1.94730000,1.93280000,1.93310000,1435304.50000000,1766416499999999,2785011.06766000,21020,727814.10000000,1412415.70104000,0
1766416500000000,1.93310000,1.93910000,1.92320000,1.92970000,1335904.60000000,1766417399999999,2579480.88303000,21119,619934.40000000,1196770.74235000,0
1766417400000000,1.92960000,1.93180000,1.91800000,1.93110000,1582326.60000000,1766418299999999,3045749.72192000,22810,818505.90000000,1575817.42365000,0
1766418300000000,1.93120000,1.93790000,1.92690000,1.93410000,732476.10000000,1766419199999999,1415699.94426000,11308,463313.00000000,895605.39154000,0
1766419200000000,1.93420000,1.93990000,1.93340000,1.93860000,560718.10000000,1766420099999999,1085933.03045000,8466,366245.20000000,709300.02012000,0
1766420100000000,1.93860000,1.94270000,1.93610000,1.94160000,1059499.60000000,1766420999999999,2054697.63100000,9232,499254.30000000,968055.80665000,0
1766421000000000,1.94160000,1.94240000,1.93320000,1.93350000,986138.60000000,1766421899999999,1909088.95132000,10235,362874.60000000,702434.40651000,0
1766421900000000,1.93350000,1.94190000,1.93290000,1.93960000,1142597.10000000,1766422799999999,2214261.58302000,6631,576518.90000000,1117275.07429000,0
1766422800000000,1.93960000,1.94000000,1.92590000,1.92730000,1085652.20000000,1766423699999999,2096207.27577000,10437,519380.30000000,1002288.54667000,0
1766423700000000,1.92740000,1.92890000,1.92440000,1.92640000,656658.00000000,1766424599999999,1264860.97455000,7838,331015.90000000,637562.01474000,0
1766424600000000,1.92630000,1.93270000,1.92220000,1.93060000,724569.00000000,1766425499999999,1396884.16987000,9435,395425.40000000,762137.82693000,0
1766425500000000,1.93060000,1.93150000,1.92720000,1.93020000,521981.30000000,1766426399999999,1006906.32283000,6840,271323.20000000,523443.80041000,0
1766426400000000,1.93010000,1.93440000,1.92850000,1.93160000,441813.70000000,1766427299999999,853644.64527000,7800,220476.80000000,426052.28879000,0
1766427300000000,1.93160000,1.93500000,1.92820000,1.93480000,747014.90000000,1766428199999999,1443308.35113000,6620,364363.20000000,704064.13021000,0
1766428200000000,1.93480000,1.93820000,1.93220000,1.93670000,473645.30000000,1766429099999999,916699.41639000,6033,217359.20000000,420631.24349000,0
1766429100000000,1.93660000,1.93700000,1.92400000,1.92720000,870950.00000000,1766429999999999,1681139.53657000,7837,329403.40000000,635752.59208000,0
1766430000000000,1.92720000,1.92780000,1.91670000,1.91790000,1723153.10000000,1766430899999999,3309954.61047000,17512,622398.60000000,1195172.99776000,0
1766430900000000,1.91780000,1.91990000,1.91030000,1.91160000,1442208.40000000,1766431799999999,2761160.65957000,13583,593538.80000000,1136361.16191000,0
1766431800000000,1.91150000,1.91330000,1.90600000,1.90740000,1256862.40000000,1766432699999999,2399881.90529000,11231,747506.40000000,1427179.20466000,0
1766432700000000,1.90740000,1.90890000,1.90220000,1.90230000,1236792.70000000,1766433599999999,2355245.58834000,10631,592804.30000000,1129002.79797000,0
1766433600000000,1.90220000,1.90660000,1.89750000,1.90430000,1674647.80000000,1766434499999999,3185318.17840000,11973,892266.50000000,1697212.21300000,0
1766434500000000,1.90430000,1.90450000,1.89170000,1.89560000,2321434.20000000,1766435399999999,4401925.75016000,15926,1098804.90000000,2083414.45329000,0
1766435400000000,1.89560000,1.90150000,1.89210000,1.90070000,1566974.40000000,1766436299999999,2970616.38880000,14011,614570.00000000,1164902.89661000,0
1766436300000000,1.90080000,1.90490000,1.89510000,1.89700000,1554129.70000000,1766437199999999,2951667.82451000,15222,800829.50000000,1521229.46708000,0
1766437200000000,1.89700000,1.90020000,1.89540000,1.89650000,577037.40000000,1766438099999999,1094736.19687000,7542,383535.30000000,727548.03809000,0
1766438100000000,1.89640000,1.89920000,1.89410000,1.89840000,587659.10000000,1766438999999999,1114684.31961000,7491,366971.60000000,696149.22576000,0
1766439000000000,1.89840000,1.90380000,1.89800000,1.90240000,830168.60000000,1766439899999999,1577730.03326000,4789,636008.70000000,1208615.00757000,0
1766439900000000,1.90240000,1.90240000,1.89550000,1.89690000,633387.30000000,1766440799999999,1202478.81555000,3524,378804.70000000,719062.06622000,0
1766440800000000,1.89690000,1.89930000,1.89250000,1.89770000,953041.00000000,1766441699999999,1806277.25054000,5725,548556.50000000,1039536.20837000,0
1766441700000000,1.89770000,1.90490000,1.89740000,1.89970000,1129661.90000000,1766442599999999,2148466.23471000,5490,636880.30000000,1211040.89650000,0
1766442600000000,1.89980000,1.90170000,1.89850000,1.90130000,663883.70000000,1766443499999999,1261355.84123000,3137,435940.80000000,828226.45651000,0
1766443500000000,1.90130000,1.90920000,1.90100000,1.90890000,905531.60000000,1766444399999999,1725377.39583000,4964,532589.50000000,1014441.73956000,0
1766444400000000,1.90890000,1.90900000,1.90250000,1.90590000,1102555.30000000,1766445299999999,2100045.02348000,7645,569928.60000000,1085304.89956000,0
1766445300000000,1.90590000,1.90690000,1.90340000,1.90630000,654650.60000000,1766446199999999,1247229.51913000,3344,378891.30000000,721881.88674000,0
1766446200000000,1.90630000,1.90770000,1.90270000,1.90350000,525639.70000000,1766447099999999,1001055.78021000,3548,276510.30000000,526567.39008000,0
1766447100000000,1.90350000,1.90530000,1.90120000,1.90430000,504135.80000000,1766447999999999,959378.84237000,2805,272666.50000000,518890.42796000,0
1766448000000000,1.90440000,1.90450000,1.90000000,1.90060000,731822.30000000,1766448899999999,1391239.67492000,4442,393580.20000000,748106.32941000,0
1766448900000000,1.90070000,1.90520000,1.90050000,1.90270000,1219722.60000000,1766449799999999,2320607.57507000,5280,721769.00000000,1373079.41038000,0
1766449800000000,1.90270000,1.91000000,1.90100000,1.90320000,869113.90000000,1766450699999999,1656035.21873000,5390,516458.20000000,983942.80195000,0
1766450700000000,1.90320000,1.90660000,1.90140000,1.90440000,706302.70000000,1766451599999999,1344830.73192000,4013,359686.80000000,684860.12505000,0
1766451600000000,1.90430000,1.90890000,1.90160000,1.90340000,1266397.40000000,1766452499999999,2412542.83228000,5607,648340.90000000,1235017.40354000,0
1766452500000000,1.90350000,1.90590000,1.90150000,1.90160000,752209.90000000,1766453399999999,1431609.01412000,4209,420131.30000000,799471.80638000,0
1766453400000000,1.90150000,1.90330000,1.89670000,1.89870000,1241549.20000000,1766454299999999,2358219.69683000,5660,794841.40000000,1509655.58489000,0
1766454300000000,1.89880000,1.90130000,1.89830000,1.89850000,869975.80000000,1766455199999999,1652634.30421000,4027,482014.40000000,915569.89998000,0
1766455200000000,1.89840000,1.90480000,1.89600000,1.90310000,1130933.50000000,1766456099999999,2148709.92576000,6639,617254.90000000,1172614.61109000,0
1766456100000000,1.90310000,1.90630000,1.90220000,1.90370000,890271.70000000,1766456999999999,1695312.43215000,5135,422257.20000000,803978.07755000,0
1766457000000000,1.90370000,1.90490000,1.89230000,1.89400000,1804942.60000000,1766457899999999,3425351.39748000,8556,804836.00000000,1526347.07544000,0
1766457900000000,1.89400000,1.89630000,1.89140000,1.89400000,961963.80000000,1766458799999999,1821740.97367000,6029,496963.30000000,941099.70339000,0
1766458800000000,1.89410000,1.89490000,1.88430000,1.88960000,2297293.90000000,1766459699999999,4339210.79083000,12246,1197507.40000000,2261620.77721000,0
1766459700000000,1.88950000,1.89520000,1.88930000,1.89210000,1028938.60000000,1766460599999999,1946575.10120000,5496,656696.20000000,1242359.30874000,0
1766460600000000,1.89210000,1.89540000,1.89050000,1.89530000,778959.40000000,1766461499999999,1474773.38265000,5026,457829.30000000,866830.98153000,0
1766461500000000,1.89530000,1.89530000,1.89230000,1.89230000,668469.90000000,1766462399999999,1266004.57848000,3367,279160.10000000,528655.52373000,0
1766462400000000,1.89240000,1.89760000,1.89000000,1.89600000,876649.80000000,1766463299999999,1659759.15839000,5303,423894.40000000,802831.02858000,0
1766463300000000,1.89610000,1.89610000,1.89410000,1.89430000,463981.80000000,1766464199999999,879255.65894000,2618,186524.50000000,353456.71404000,0
1766464200000000,1.89430000,1.89450000,1.88900000,1.88950000,732283.70000000,1766465099999999,1384819.23534000,4149,261548.00000000,494611.53793000,0
1766465100000000,1.88960000,1.89090000,1.88840000,1.88840000,509471.60000000,1766465999999999,962762.13989000,3539,239476.40000000,452561.50450000,0
1766466000000000,1.88850000,1.89090000,1.88640000,1.88880000,867016.20000000,1766466899999999,1637852.31439000,4577,348409.40000000,658099.27002000,0
1766466900000000,1.88870000,1.89070000,1.88750000,1.88850000,424409.00000000,1766467799999999,801787.58852000,2484,192269.70000000,363215.81946000,0
1766467800000000,1.88850000,1.88850000,1.87900000,1.88350000,2232968.00000000,1766468699999999,4204317.23235000,11197,763033.60000000,1436603.85172000,0
1766468700000000,1.88340000,1.88370000,1.87970000,1.88260000,538394.60000000,1766469599999999,1013468.76972000,4593,243505.90000000,458335.82494000,0
1766469600000000,1.88260000,1.88660000,1.88050000,1.88240000,1203284.90000000,1766470499999999,2265569.97807000,6187,511770.40000000,963483.89853000,0
1766470500000000,1.88240000,1.88380000,1.87400000,1.87600000,2946432.40000000,1766471399999999,5531720.50931000,18952,1267531.70000000,2379789.94802000,0
1766471400000000,1.87590000,1.87940000,1.87360000,1.87840000,1041731.50000000,1766472299999999,1954250.29671000,7312,530618.90000000,995435.32309000,0
1766472300000000,1.87830000,1.88540000,1.87730000,1.88230000,838351.60000000,1766473199999999,1577152.11076000,5954,533431.50000000,1003615.34376000,0
1766473200000000,1.88220000,1.88700000,1.87950000,1.88010000,933601.80000000,1766474099999999,1758968.49969000,6122,446637.70000000,841540.46015000,0
1766474100000000,1.88020000,1.88530000,1.87840000,1.88310000,935681.40000000,1766474999999999,1761495.40217000,6465,417721.50000000,786404.69191000,0
1766475000000000,1.88310000,1.88580000,1.88090000,1.88230000,493512.70000000,1766475899999999,929444.60468000,3571,234994.60000000,442514.39601000,0
1766475900000000,1.88230000,1.88680000,1.88100000,1.88120000,372729.80000000,1766476799999999,701898.50284000,3882,171780.20000000,323460.53971000,0
1766476800000000,1.88130000,1.88280000,1.87920000,1.88030000,279785.70000000,1766477699999999,526247.75608000,4415,174967.80000000,329104.30594000,0
1766477700000000,1.88030000,1.88230000,1.87950000,1.88030000,351272.60000000,1766478599999999,660616.86740000,4050,152026.80000000,285910.12492000,0
1766478600000000,1.88040000,1.88170000,1.87990000,1.88060000,225402.40000000,1766479499999999,423904.41176000,2568,101576.40000000,191044.78771000,0
1766479500000000,1.88060000,1.88080000,1.87570000,1.87790000,464505.40000000,1766480399999999,872161.49600000,4117,231749.40000000,435097.90532000,0
1766480400000000,1.87800000,1.88380000,1.87770000,1.88320000,334189.10000000,1766481299999999,628519.77179000,4592,168279.90000000,316551.47796000,0
1766481300000000,1.88330000,1.88480000,1.87950000,1.88350000,431564.00000000,1766482199999999,812625.93026000,5900,269340.10000000,507110.36586000,0
1766482200000000,1.88350000,1.88660000,1.88150000,1.88580000,391672.90000000,1766483099999999,737947.48155000,5292,239546.30000000,451398.62127000,0
1766483100000000,1.88580000,1.88750000,1.88510000,1.88590000,234136.50000000,1766483999999999,441734.26627000,3480,154067.10000000,290666.77802000,0
1766484000000000,1.88600000,1.89170000,1.88590000,1.89030000,217994.20000000,1766484899999999,411928.97072000,4031,129315.80000000,244350.75946000,0
1766484900000000,1.89030000,1.89440000,1.88880000,1.89280000,214548.70000000,1766485799999999,405615.85414000,3075,112786.00000000,213214.32381000,0
1766485800000000,1.89280000,1.89530000,1.89150000,1.89500000,236108.70000000,1766486699999999,447060.75501000,3663,104423.00000000,197743.14299000,0
1766486700000000,1.89510000,1.90080000,1.89460000,1.89890000,613137.60000000,1766487599999999,1164177.76896000,5571,310784.90000000,590089.27476000,0
1766487600000000,1.89890000,1.90300000,1.89870000,1.90080000,895857.10000000,1766488499999999,1703000.73098000,9142,375299.00000000,713345.40627000,0
1766488500000000,1.90080000,1.90450000,1.89970000,1.90100000,511988.50000000,1766489399999999,974019.98831000,5636,239036.50000000,454666.27394000,0
1766489400000000,1.90110000,1.90530000,1.89950000,1.90440000,368504.40000000,1766490299999999,700798.11371000,4234,219157.40000000,416780.67587000,0
1766490300000000,1.90440000,1.90620000,1.90360000,1.90540000,348897.00000000,1766491199999999,664612.25270000,3123,201576.80000000,384002.25831000,0
1766491200000000,1.90530000,1.90540000,1.90030000,1.90070000,581222.90000000,1766492099999999,1105855.52946000,7179,199025.10000000,378700.23748000,0
1766492100000000,1.90070000,1.90210000,1.89690000,1.89870000,525849.50000000,1766492999999999,998707.84146000,8758,201047.30000000,381821.13895000,0
1766493000000000,1.89860000,1.90250000,1.89690000,1.90020000,414184.30000000,1766493899999999,786944.51024000,5748,266161.20000000,505718.43885000,0
1766493900000000,1.90010000,1.90330000,1.89850000,1.89960000,752972.90000000,1766494799999999,1430619.01420000,3919,517639.30000000,983414.27743000,0
1766494800000000,1.89950000,1.90140000,1.89480000,1.89610000,510031.60000000,1766495699999999,968337.62123000,4765,232105.80000000,440663.62269000,0
1766495700000000,1.89620000,1.89650000,1.89180000,1.89340000,547340.70000000,1766496599999999,1036453.51470000,6383,232684.60000000,440572.88830000,0
1766496600000000,1.89330000,1.89600000,1.88100000,1.88830000,1242804.00000000,1766497499999999,2344484.15437000,17475,611499.30000000,1153547.37391000,0
1766497500000000,1.88820000,1.88820000,1.87640000,1.87910000,1857236.00000000,1766498399999999,3493758.56398000,14214,633178.90000000,1190561.08009000,0
1766498400000000,1.87900000,1.88580000,1.87760000,1.88200000,829205.80000000,1766499299999999,1560993.14347000,10406,386186.70000000,726850.79902000,0
1766499300000000,1.88190000,1.88190000,1.87310000,1.87880000,712117.40000000,1766500199999999,1337295.64555000,7761,244849.60000000,459690.71223000,0
1766500200000000,1.87890000,1.88650000,1.87500000,1.88020000,1260112.80000000,1766501099999999,2369655.17058000,21331,725588.40000000,1364676.19241000,0
1766501100000000,1.88020000,1.88050000,1.86300000,1.87290000,4956378.10000000,1766501999999999,9271168.82890000,32589,1788104.10000000,3343600.20488000,0
1766502000000000,1.87290000,1.88510000,1.86980000,1.87950000,2602580.00000000,1766502899999999,4892054.16005000,23582,1793710.20000000,3372338.23453000,0
1766502900000000,1.87950000,1.89250000,1.87950000,1.88520000,1529520.20000000,1766503799999999,2887909.25740000,16162,820016.60000000,1548035.03014000,0
1766503800000000,1.88530000,1.88820000,1.88080000,1.88300000,644790.30000000,1766504699999999,1215594.41829000,7970,422332.30000000,796308.39267000,0
1766504700000000,1.88300000,1.88500000,1.88000000,1.88150000,609944.50000000,1766505599999999,1148205.35846000,6667,261133.00000000,491624.54568000,0
1766505600000000,1.88160000,1.89400000,1.87840000,1.88640000,1363831.10000000,1766506499999999,2572542.19030000,16654,899531.20000000,1696634.68584000,0
1766506500000000,1.88590000,1.89130000,1.88450000,1.88740000,827310.70000000,1766507399999999,1561777.29516000,11263,461603.90000000,871500.79603000,0
1766507400000000,1.88740000,1.88940000,1.88220000,1.88520000,442798.60000000,1766508299999999,834271.52765000,7560,250870.30000000,472606.28819000,0
1766508300000000,1.88530000,1.89340000,1.88420000,1.89100000,717077.30000000,1766509199999999,1354396.13705000,8639,360003.20000000,680038.83366000,0
1766509200000000,1.89110000,1.89270000,1.88410000,1.88480000,475338.00000000,1766510099999999,898003.93592000,9371,211786.50000000,400217.69532000,0
1766510100000000,1.88480000,1.88640000,1.88030000,1.88070000,993856.30000000,1766510999999999,1872222.77029000,8285,524941.30000000,988916.32875000,0
1766511000000000,1.88060000,1.88330000,1.87910000,1.88220000,895801.80000000,1766511899999999,1685020.34226000,8131,382531.10000000,719552.59327000,0
1766511900000000,1.88220000,1.88250000,1.86840000,1.86920000,1373875.40000000,1766512799999999,2576197.35396000,9858,343660.10000000,644259.17598000,0
1766512800000000,1.86920000,1.87510000,1.86720000,1.87200000,2920354.00000000,1766513699999999,5463632.25513000,13087,1110809.00000000,2078157.95490000,0
1766513700000000,1.87210000,1.87880000,1.87080000,1.87780000,646168.40000000,1766514599999999,1212304.78429000,9135,287604.30000000,539640.52587000,0
1766514600000000,1.87770000,1.88450000,1.87650000,1.88420000,1177985.60000000,1766515499999999,2216109.11646000,10863,444946.30000000,837014.21424000,0
1766515500000000,1.88420000,1.88420000,1.88030000,1.88210000,1041509.20000000,1766516399999999,1960003.88345000,5974,423073.30000000,796218.79082000,0
1766516400000000,1.88210000,1.88750000,1.88090000,1.88420000,375377.70000000,1766517299999999,707431.14179000,5554,183101.00000000,345062.35541000,0
1766517300000000,1.88420000,1.88730000,1.87930000,1.87990000,503765.20000000,1766518199999999,949091.67588000,5613,289374.40000000,545307.73197000,0
1766518200000000,1.88000000,1.88280000,1.87820000,1.88260000,161831.30000000,1766519099999999,304256.25020000,4105,55940.00000000,105206.26620000,0
1766519100000000,1.88250000,1.88410000,1.88080000,1.88270000,154271.10000000,1766519999999999,290425.82070000,3494,87506.90000000,164733.96075000,0
1766520000000000,1.88270000,1.88370000,1.87750000,1.88140000,293498.50000000,1766520899999999,551835.74015000,4298,95295.40000000,179214.44829000,0
1766520900000000,1.88140000,1.88700000,1.88140000,1.88600000,169892.10000000,1766521799999999,320265.31492000,5108,86121.30000000,162315.16127000,0
1766521800000000,1.88590000,1.89500000,1.88290000,1.89120000,921301.80000000,1766522699999999,1739653.92574000,10065,423772.10000000,800444.68703000,0
1766522700000000,1.89120000,1.89440000,1.87770000,1.88080000,453030.40000000,1766523599999999,854390.25173000,8489,166930.90000000,314637.11277000,0
1766523600000000,1.88090000,1.88350000,1.87600000,1.88010000,375030.70000000,1766524499999999,704906.91101000,6416,138622.80000000,260512.95239000,0
1766524500000000,1.88010000,1.88500000,1.87990000,1.88330000,171508.40000000,1766525399999999,322969.23113000,3320,85298.80000000,160637.97716000,0
1766525400000000,1.88330000,1.88330000,1.88000000,1.88130000,166012.90000000,1766526299999999,312406.50644000,2611,100544.90000000,189208.84463000,0
1766526300000000,1.88130000,1.88320000,1.88090000,1.88150000,118636.00000000,1766527199999999,223265.27356000,2730,63628.30000000,119743.65094000,0
1766527200000000,1.88160000,1.88400000,1.87800000,1.88030000,316756.40000000,1766528099999999,596010.49666000,4352,106871.20000000,201127.10779000,0
1766528100000000,1.88030000,1.88250000,1.87670000,1.87860000,262032.00000000,1766528999999999,492435.97542000,3516,114109.40000000,214430.46201000,0
1766529000000000,1.87860000,1.88320000,1.87530000,1.88230000,313820.70000000,1766529899999999,589364.05643000,3101,162173.60000000,304603.16785000,0
1766529900000000,1.88220000,1.88410000,1.87810000,1.87960000,295259.90000000,1766530799999999,555580.64681000,3810,201583.80000000,379414.28911000,0
1766530800000000,1.87960000,1.87970000,1.87590000,1.87740000,167658.70000000,1766531699999999,314824.13896000,5582,108859.20000000,204414.78168000,0
1766531700000000,1.87730000,1.87730000,1.87180000,1.87630000,731804.00000000,1766532599999999,1371897.35475000,4514,196654.30000000,368667.79709000,0
1766532600000000,1.87620000,1.87910000,1.87580000,1.87700000,354510.60000000,1766533499999999,665474.71411000,3567,158009.60000000,296596.26048000,0
1766533500000000,1.87700000,1.87720000,1.87300000,1.87340000,308565.20000000,1766534399999999,578523.03066000,3088,159980.90000000,299889.68185000,0
1766534400000000,1.87340000,1.87770000,1.87160000,1.87290000,519913.80000000,1766535299999999,974118.26898000,4793,284602.70000000,533199.26950000,0
1766535300000000,1.87300000,1.87350000,1.87060000,1.87100000,309095.80000000,1766536199999999,578555.60057000,2779,162862.00000000,304854.31571000,0
1766536200000000,1.87100000,1.87410000,1.86930000,1.87300000,553688.70000000,1766537099999999,1036221.29002000,4877,174904.40000000,327370.11046000,0
1766537100000000,1.87300000,1.87600000,1.87060000,1.87330000,647068.00000000,1766537999999999,1211611.80781000,6296,283498.50000000,530859.46301000,0
1766538000000000,1.87330000,1.87800000,1.87310000,1.87700000,473529.00000000,1766538899999999,888043.73668000,6268,254099.90000000,476480.38814000,0
1766538900000000,1.87690000,1.87830000,1.87500000,1.87600000,359150.20000000,1766539799999999,673930.82157000,3204,194248.00000000,364499.49510000,0
1766539800000000,1.87600000,1.87820000,1.87230000,1.87330000,366973.30000000,1766540699999999,688259.83597000,4907,146985.40000000,275627.35183000,0
1766540700000000,1.87330000,1.87340000,1.87030000,1.87050000,410169.80000000,1766541599999999,767761.00176000,4390,143041.40000000,267709.90911000,0
1766541600000000,1.87050000,1.87090000,1.85880000,1.86230000,878088.30000000,1766542499999999,1635851.41966000,10111,377260.40000000,702760.03301000,0
1766542500000000,1.86230000,1.86570000,1.86150000,1.86380000,594691.40000000,1766543399999999,1108513.08859000,5660,267690.40000000,499039.51824000,0
1766543400000000,1.86380000,1.86460000,1.85040000,1.85540000,981454.90000000,1766544299999999,1822491.07044000,10505,346693.40000000,643763.63832000,0
1766544300000000,1.85540000,1.85710000,1.85240000,1.85460000,493272.20000000,1766545199999999,914937.81370000,7745,183359.20000000,340035.07052000,0
1766545200000000,1.85450000,1.85450000,1.84470000,1.84820000,1185918.10000000,1766546099999999,2192220.18331000,9920,428921.90000000,792845.68427000,0
1766546100000000,1.84810000,1.85660000,1.84710000,1.85550000,1501340.50000000,1766546999999999,2781618.07085000,6290,1103553.40000000,2044062.07286000,0
1766547000000000,1.85550000,1.86040000,1.85550000,1.86000000,831568.80000000,1766547899999999,1544995.19332000,4550,520263.90000000,966641.93209000,0
1766547900000000,1.85990000,1.86400000,1.85990000,1.86160000,594359.20000000,1766548799999999,1106574.88346000,4596,302588.10000000,563400.65736000,0
1766548800000000,1.86160000,1.86760000,1.85990000,1.86710000,451508.90000000,1766549699999999,841334.22009000,4971,221339.20000000,412489.26569000,0
1766549700000000,1.86710000,1.86730000,1.86020000,1.86080000,374363.80000000,1766550599999999,697532.67816000,3411,145122.50000000,270375.73226000,0
1766550600000000,1.86080000,1.86410000,1.85660000,1.85950000,733172.60000000,1766551499999999,1362717.63278000,4529,479749.10000000,891430.70007000,0
1766551500000000,1.85950000,1.86050000,1.85380000,1.85550000,332269.70000000,1766552399999999,616855.00355000,3665,162833.50000000,302282.07119000,0
1766552400000000,1.85550000,1.85720000,1.85300000,1.85430000,439825.00000000,1766553299999999,816000.75409000,4583,281820.40000000,522880.55193000,0
1766553300000000,1.85430000,1.85730000,1.84870000,1.84950000,801044.10000000,1766554199999999,1484037.26735000,5815,475830.90000000,881649.30600000,0
1766554200000000,1.84950000,1.85010000,1.84400000,1.84500000,1149987.70000000,1766555099999999,2123682.87515000,5751,687595.40000000,1269697.35638000,0
1766555100000000,1.84490000,1.84890000,1.84370000,1.84720000,725458.10000000,1766555999999999,1339170.52172000,4753,412820.20000000,761962.37558000,0
1766556000000000,1.84720000,1.84720000,1.83770000,1.83790000,1421882.00000000,1766556899999999,2617161.09952000,8637,361806.90000000,666066.78209000,0
1766556900000000,1.83790000,1.84520000,1.83720000,1.84320000,640779.70000000,1766557799999999,1180118.58665000,5035,372454.60000000,685998.28310000,0
1766557800000000,1.84320000,1.84750000,1.84150000,1.84570000,590732.30000000,1766558699999999,1089613.84464000,4259,308346.90000000,568751.20230000,0
1766558700000000,1.84580000,1.85410000,1.84530000,1.85230000,997025.10000000,1766559599999999,1845925.15729000,4785,681237.50000000,1261445.79636000,0
1766559600000000,1.85230000,1.85480000,1.85120000,1.85390000,453335.60000000,1766560499999999,840100.80151000,4268,203669.10000000,377492.93097000,0
1766560500000000,1.85400000,1.85480000,1.85110000,1.85280000,441254.20000000,1766561399999999,817440.10240000,3913,206229.50000000,381950.16566000,0
1766561400000000,1.85280000,1.85820000,1.85250000,1.85710000,559058.80000000,1766562299999999,1037370.85696000,4174,349454.30000000,648394.13781000,0
1766562300000000,1.85720000,1.86230000,1.85440000,1.85480000,1412618.70000000,1766563199999999,2625133.80595000,6783,676126.60000000,1256549.69815000,0
1766563200000000,1.85480000,1.85880000,1.85350000,1.85760000,590347.30000000,1766564099999999,1096328.09296000,5019,273250.70000000,507374.54828000,0
1766564100000000,1.85760000,1.86250000,1.85610000,1.85970000,730206.90000000,1766564999999999,1357398.08207000,7220,417445.20000000,776085.27043000,0
1766565000000000,1.85970000,1.86130000,1.85480000,1.85790000,481711.70000000,1766565899999999,894990.75153000,5557,167231.80000000,310630.08108000,0
1766565900000000,1.85790000,1.85880000,1.85210000,1.85290000,437428.60000000,1766566799999999,810885.04268000,4419,208228.30000000,386054.55364000,0
1766566800000000,1.85300000,1.85830000,1.85300000,1.85780000,292478.10000000,1766567699999999,542946.88089000,4228,170158.40000000,315860.61203000,0
1766567700000000,1.85790000,1.85850000,1.85560000,1.85640000,291575.40000000,1766568599999999,541513.62160000,3337,146943.40000000,272893.22942000,0
1766568600000000,1.85640000,1.85710000,1.85420000,1.85580000,273625.10000000,1766569499999999,507752.35055000,5060,120362.70000000,223354.97827000,0
1766569500000000,1.85580000,1.85900000,1.85410000,1.85420000,286526.20000000,1766570399999999,531812.02779000,3553,141116.80000000,261978.24135000,0
1766570400000000,1.85410000,1.86230000,1.85390000,1.86200000,447602.40000000,1766571299999999,831923.34142000,5136,238802.30000000,443804.12797000,0
1766571300000000,1.86190000,1.86670000,1.86170000,1.86550000,877755.10000000,1766572199999999,1636825.02094000,5921,515955.70000000,962136.46660000,0
1766572200000000,1.86550000,1.86940000,1.86470000,1.86850000,518982.30000000,1766573099999999,969569.87885000,5985,258472.60000000,482860.89209000,0
1766573100000000,1.86860000,1.86980000,1.86530000,1.86590000,381393.10000000,1766573999999999,712519.33820000,5601,205002.10000000,382971.80330000,0
1766574000000000,1.86590000,1.87560000,1.86580000,1.87460000,670925.80000000,1766574899999999,1256441.41738000,7330,412347.90000000,772036.00390000,0
1766574900000000,1.87460000,1.87500000,1.87030000,1.87080000,559498.10000000,1766575799999999,1047711.07840000,4188,166729.40000000,312201.50548000,0
1766575800000000,1.87070000,1.87350000,1.87040000,1.87310000,250476.70000000,1766576699999999,468938.67578000,3172,121194.10000000,226894.46696000,0
1766576700000000,1.87320000,1.87320000,1.86820000,1.86890000,304933.20000000,1766577599999999,570218.80542000,3558,113558.00000000,212353.59436000,0
1766577600000000,1.86900000,1.86950000,1.86480000,1.86670000,313104.70000000,1766578499999999,584595.58897000,4487,150792.60000000,281568.44302000,0
1766578500000000,1.86680000,1.86930000,1.86320000,1.86550000,670880.80000000,1766579399999999,1251470.95917000,4472,364502.50000000,679928.65987000,0
1766579400000000,1.86550000,1.87220000,1.86550000,1.87010000,676325.50000000,1766580299999999,1264045.21937000,3720,389521.20000000,728030.76865000,0
1766580300000000,1.87010000,1.87330000,1.86720000,1.87190000,605273.70000000,1766581199999999,1131875.77973000,3858,287237.10000000,537112.59318000,0
1766581200000000,1.87190000,1.87270000,1.86600000,1.86720000,221084.10000000,1766582099999999,413330.41897000,3761,124210.50000000,232180.99154000,0
1766582100000000,1.86730000,1.86900000,1.86610000,1.86900000,212784.10000000,1766582999999999,397474.24911000,3042,76867.30000000,143580.31388000,0
1766583000000000,1.86900000,1.87010000,1.86360000,1.86670000,322976.10000000,1766583899999999,602582.84639000,5672,176303.20000000,328886.54451000,0
1766583900000000,1.86680000,1.87160000,1.86610000,1.87010000,356233.60000000,1766584799999999,665910.53054000,3974,201085.30000000,375871.03173000,0
1766584800000000,1.87010000,1.87750000,1.87000000,1.87740000,406925.10000000,1766585699999999,762533.46450000,5370,182256.40000000,341495.33838000,0
1766585700000000,1.87740000,1.87800000,1.86720000,1.86790000,512652.00000000,1766586599999999,960922.33954000,5799,242551.50000000,454855.84938000,0
1766586600000000,1.86780000,1.87060000,1.85200000,1.86610000,1879309.00000000,1766587499999999,3499276.52106000,28637,921514.10000000,1716699.61579000,0
1766587500000000,1.86610000,1.86800000,1.85660000,1.85880000,1614715.90000000,1766588399999999,3005526.11737000,12660,952831.30000000,1773415.79293000,0
1766588400000000,1.85880000,1.86420000,1.85720000,1.86010000,838144.80000000,1766589299999999,1560167.80815000,12421,280694.50000000,522555.15288000,0
1766589300000000,1.86010000,1.86160000,1.85260000,1.85990000,674581.00000000,1766590199999999,1252706.14767000,13145,171086.30000000,317709.20406000,0
1766590200000000,1.86000000,1.87020000,1.85930000,1.86600000,1243429.90000000,1766591099999999,2320101.11961000,12455,620863.20000000,1158130.71798000,0
1766591100000000,1.86600000,1.86830000,1.86070000,1.86340000,891028.60000000,1766591999999999,1660103.80213000,8192,341605.00000000,636362.97662000,0
1766592000000000,1.86340000,1.86800000,1.86160000,1.86590000,913994.40000000,1766592899999999,1703812.00518000,11677,265330.00000000,494616.84394000,0
1766592900000000,1.86590000,1.86590000,1.85570000,1.85720000,672129.40000000,1766593799999999,1250734.29969000,8492,175423.70000000,326338.17626000,0
1766593800000000,1.85730000,1.87160000,1.85720000,1.86720000,1416055.80000000,1766594699999999,2641593.05269000,18762,615376.20000000,1147862.73902000,0
1766594700000000,1.86730000,1.86770000,1.86010000,1.86140000,567074.50000000,1766595599999999,1056740.53594000,7659,303457.10000000,565570.18831000,0
1766595600000000,1.86150000,1.86980000,1.85900000,1.86490000,1308598.70000000,1766596499999999,2440786.53135000,9347,807005.10000000,1505200.40584000,0
1766596500000000,1.86490000,1.86740000,1.86340000,1.86610000,436164.10000000,1766597399999999,813588.96503000,7166,187081.00000000,348948.47801000,0
1766597400000000,1.86620000,1.86860000,1.85720000,1.85840000,1339317.80000000,1766598299999999,2493409.03681000,10904,509738.60000000,948733.67664000,0
1766598300000000,1.85840000,1.86020000,1.85050000,1.85130000,2492431.90000000,1766599199999999,4620014.88033000,11636,561635.50000000,1041511.30923000,0
1766599200000000,1.85130000,1.85650000,1.84920000,1.85350000,858657.80000000,1766600099999999,1590983.86503000,8908,304842.40000000,564817.28607000,0
1766600100000000,1.85340000,1.85890000,1.85300000,1.85570000,470624.10000000,1766600999999999,873431.42662000,5764,199088.00000000,369446.18334000,0
1766601000000000,1.85570000,1.85820000,1.85480000,1.85780000,344219.80000000,1766601899999999,638935.32624000,3984,172528.20000000,320233.26755000,0
1766601900000000,1.85770000,1.85900000,1.85530000,1.85620000,252060.70000000,1766602799999999,468091.88489000,3026,120384.70000000,223576.83835000,0
1766602800000000,1.85620000,1.85890000,1.85420000,1.85440000,256797.80000000,1766603699999999,476861.65098000,3248,82888.00000000,153912.47855000,0
1766603700000000,1.85450000,1.85880000,1.85360000,1.85700000,962262.20000000,1766604599999999,1786259.48602000,4324,553190.00000000,1026783.16978000,0
1766604600000000,1.85700000,1.86020000,1.85620000,1.86010000,205253.50000000,1766605499999999,381389.97435000,2377,66329.70000000,123255.92719000,0
1766605500000000,1.86000000,1.86270000,1.85950000,1.86190000,416448.60000000,1766606399999999,775212.93646000,2841,136729.80000000,254502.20979000,0
1766606400000000,1.86180000,1.86880000,1.86180000,1.86660000,880318.90000000,1766607299999999,1642866.13491000,4196,487598.50000000,909959.43205000,0
1766607300000000,1.86660000,1.86890000,1.86630000,1.86700000,368139.40000000,1766608199999999,687613.49408000,3274,87829.00000000,164026.91855000,0
1766608200000000,1.86700000,1.87000000,1.86460000,1.86500000,599641.70000000,1766609099999999,1119713.90944000,5457,272850.60000000,509621.94441000,0
1766609100000000,1.86500000,1.86500000,1.86230000,1.86470000,249573.20000000,1766609999999999,465059.54129000,3446,71901.70000000,133981.86207000,0
1766610000000000,1.86470000,1.86600000,1.86270000,1.86410000,248338.40000000,1766610899999999,463012.00737000,4511,100530.20000000,187440.95546000,0
1766610900000000,1.86400000,1.86530000,1.86220000,1.86390000,196401.50000000,1766611799999999,365949.58351000,2779,103253.30000000,192372.36151000,0
1766611800000000,1.86390000,1.86670000,1.86380000,1.86550000,416878.50000000,1766612699999999,777650.69663000,3943,254648.00000000,475047.17302000,0
1766612700000000,1.86560000,1.86590000,1.86260000,1.86380000,217181.50000000,1766613599999999,404785.67017000,2499,105831.50000000,197244.20860000,0
1766613600000000,1.86390000,1.86640000,1.86090000,1.86140000,493517.70000000,1766614499999999,920277.83141000,3834,202622.90000000,377814.70794000,0
1766614500000000,1.86130000,1.86380000,1.85960000,1.86060000,379991.30000000,1766615399999999,707319.51472000,2905,169392.70000000,315249.93532000,0
1766615400000000,1.86060000,1.86810000,1.85990000,1.86790000,482533.50000000,1766616299999999,900172.40258000,3526,227084.00000000,423532.57488000,0
1766616300000000,1.86780000,1.87000000,1.86700000,1.86960000,409252.10000000,1766617199999999,764654.10316000,2082,148011.40000000,276513.14897000,0
1766617200000000,1.86970000,1.87000000,1.86330000,1.86530000,347251.70000000,1766618099999999,647936.02724000,5100,136259.20000000,254158.24244000,0
1766618100000000,1.86520000,1.86580000,1.86160000,1.86200000,193980.20000000,1766618999999999,361502.05245000,3215,72581.60000000,135272.22896000,0
1766619000000000,1.86210000,1.86340000,1.86130000,1.86240000,223457.20000000,1766619899999999,416160.81956000,2603,145276.30000000,270563.31383000,0
1766619900000000,1.86240000,1.86400000,1.86210000,1.86280000,217918.70000000,1766620799999999,405931.98479000,1910,113621.50000000,211642.20495000,0
1766620800000000,1.86270000,1.86380000,1.86070000,1.86320000,314232.20000000,1766621699999999,585093.73588000,3632,129635.40000000,241384.27466000,0
1766621700000000,1.86320000,1.86560000,1.86200000,1.86210000,326348.60000000,1766622599999999,608321.69222000,3305,120134.00000000,223908.13966000,0
1766622600000000,1.86220000,1.86550000,1.86020000,1.86090000,365467.30000000,1766623499999999,680855.58795000,4759,131238.70000000,244489.96312000,0
1766623500000000,1.86090000,1.86210000,1.85700000,1.85790000,260698.10000000,1766624399999999,484723.19218000,3367,92279.10000000,171588.55494000,0
1766624400000000,1.85800000,1.85980000,1.85640000,1.85950000,204655.20000000,1766625299999999,380255.42769000,2625,138794.20000000,257874.01558000,0
1766625300000000,1.85960000,1.85970000,1.85740000,1.85890000,223080.40000000,1766626199999999,414613.76289000,2669,112561.50000000,209180.73708000,0
1766626200000000,1.85900000,1.86390000,1.85720000,1.86370000,178452.40000000,1766627099999999,331743.02904000,2588,99881.60000000,185673.61885000,0
1766627100000000,1.86380000,1.86680000,1.86310000,1.86590000,330730.60000000,1766627999999999,616827.13579000,2617,197036.50000000,367422.68076000,0
1766628000000000,1.86590000,1.86680000,1.86320000,1.86620000,238828.50000000,1766628899999999,445486.55471000,2632,84206.90000000,157062.73990000,0
1766628900000000,1.86620000,1.86770000,1.86470000,1.86750000,225029.50000000,1766629799999999,420012.16598000,2919,88049.10000000,164328.14269000,0
1766629800000000,1.86750000,1.87230000,1.86660000,1.87190000,435194.60000000,1766630699999999,813406.12613000,3573,219587.00000000,410372.52848000,0
1766630700000000,1.87180000,1.87280000,1.86950000,1.87110000,684017.20000000,1766631599999999,1280253.51111000,3638,410100.40000000,767604.68332000,0
1766631600000000,1.87110000,1.87150000,1.86680000,1.86890000,328682.00000000,1766632499999999,614574.59128000,3652,74772.20000000,139820.44919000,0
1766632500000000,1.86900000,1.87430000,1.86760000,1.87330000,583808.90000000,1766633399999999,1092776.71229000,3815,274882.60000000,514634.39312000,0
1766633400000000,1.87320000,1.87420000,1.87230000,1.87290000,426831.80000000,1766634299999999,799584.51118000,2907,146986.90000000,275345.14605000,0
1766634300000000,1.87290000,1.87300000,1.86890000,1.87010000,472725.30000000,1766635199999999,884349.28586000,3410,194538.80000000,363900.10102000,0
1766635200000000,1.87010000,1.87100000,1.86890000,1.87060000,226499.30000000,1766636099999999,423562.25780000,2316,71116.70000000,132980.06752000,0
1766636100000000,1.87050000,1.87420000,1.87050000,1.87110000,256952.40000000,1766636999999999,481031.37365000,2258,71924.90000000,134655.23596000,0
1766637000000000,1.87120000,1.87160000,1.86910000,1.87130000,242605.60000000,1766637899999999,453780.34096000,2171,91533.50000000,171174.69723000,0
1766637900000000,1.87120000,1.87540000,1.87090000,1.87300000,228869.20000000,1766638799999999,428767.27196000,1806,76731.60000000,143755.98240000,0
1766638800000000,1.87300000,1.87420000,1.86850000,1.86880000,341474.70000000,1766639699999999,638847.83383000,3164,63043.90000000,117920.52156000,0
1766639700000000,1.86870000,1.87100000,1.86840000,1.87000000,193029.60000000,1766640599999999,360942.05177000,2462,71139.40000000,133015.08835000,0
1766640600000000,1.87010000,1.87230000,1.86910000,1.87120000,205618.20000000,1766641499999999,384624.43557000,2324,70895.80000000,132596.87625000,0
1766641500000000,1.87130000,1.87170000,1.86910000,1.86910000,209337.60000000,1766642399999999,391575.31549000,2069,67268.00000000,125839.35298000,0
1766642400000000,1.86910000,1.86920000,1.86630000,1.86660000,390378.10000000,1766643299999999,729113.19785000,2939,129328.70000000,241583.89025000,0
1766643300000000,1.86650000,1.87290000,1.86650000,1.87180000,350235.20000000,1766644199999999,655062.88021000,2899,94253.50000000,176251.64188000,0
1766644200000000,1.87180000,1.87650000,1.87150000,1.87350000,534452.70000000,1766645099999999,1001433.55472000,3091,183163.50000000,343200.83525000,0
1766645100000000,1.87360000,1.87700000,1.87350000,1.87580000,395583.70000000,1766645999999999,741794.24573000,2826,111268.20000000,208628.77879000,0
1766646000000000,1.87590000,1.87650000,1.87230000,1.87510000,367411.00000000,1766646899999999,688723.83402000,3128,85536.30000000,160313.32681000,0
1766646900000000,1.87510000,1.87510000,1.87300000,1.87390000,197789.40000000,1766647799999999,370671.37379000,2328,53533.40000000,100319.53743000,0
1766647800000000,1.87390000,1.87410000,1.87240000,1.87360000,316292.50000000,1766648699999999,592548.62485000,1975,144997.10000000,271633.67230000,0
1766648700000000,1.87360000,1.87560000,1.87280000,1.87450000,452258.90000000,1766649599999999,847524.39465000,2491,163555.40000000,306466.90305000,0
1766649600000000,1.87450000,1.88120000,1.87370000,1.87810000,608818.10000000,1766650499999999,1143448.73400000,6522,313070.30000000,587939.39228000,0
1766650500000000,1.87820000,1.87890000,1.86510000,1.86900000,923377.20000000,1766651399999999,1727880.19864000,13439,387196.30000000,724495.22707000,0
1766651400000000,1.86890000,1.87230000,1.86700000,1.87150000,352786.70000000,1766652299999999,659632.82090000,5116,140261.80000000,262236.82295000,0
1766652300000000,1.87150000,1.87530000,1.86970000,1.87380000,329750.20000000,1766653199999999,617620.12313000,3553,101032.00000000,189271.12740000,0
1766653200000000,1.87390000,1.87390000,1.86830000,1.86920000,461389.10000000,1766654099999999,863061.82304000,3182,110450.00000000,206632.50298000,0
1766654100000000,1.86920000,1.86990000,1.86670000,1.86760000,539895.70000000,1766654999999999,1008840.59423000,2960,205290.10000000,383636.45704000,0
1766655000000000,1.86750000,1.87070000,1.86670000,1.86910000,302674.70000000,1766655899999999,565543.05699000,3220,102623.70000000,191770.47642000,0
1766655900000000,1.86910000,1.87510000,1.86900000,1.87200000,1263850.30000000,1766656799999999,2366916.88643000,5648,975665.90000000,1827164.93512000,0
1766656800000000,1.87210000,1.87210000,1.86320000,1.86320000,356076.60000000,1766657699999999,664851.54897000,4268,83757.00000000,156394.98893000,0
1766657700000000,1.86330000,1.86390000,1.86150000,1.86290000,288847.10000000,1766658599999999,538099.02794000,3326,103291.90000000,192408.84240000,0
1766658600000000,1.86290000,1.86290000,1.85340000,1.85580000,735232.10000000,1766659499999999,1365756.51716000,9062,367828.20000000,683270.74286000,0
1766659500000000,1.85580000,1.85810000,1.85470000,1.85770000,338857.70000000,1766660399999999,629154.31850000,3991,110149.20000000,204518.64053000,0
1766660400000000,1.85780000,1.86060000,1.85670000,1.85810000,404387.00000000,1766661299999999,751514.83819000,3600,137840.90000000,256155.87256000,0
1766661300000000,1.85820000,1.86220000,1.85770000,1.86100000,362633.90000000,1766662199999999,674581.22483000,3179,146347.40000000,272241.13650000,0
1766662200000000,1.86100000,1.86470000,1.85780000,1.85900000,806821.10000000,1766663099999999,1502159.72745000,4833,381545.30000000,710457.31418000,0
1766663100000000,1.85890000,1.86120000,1.85650000,1.85910000,309893.80000000,1766663999999999,576021.91597000,3781,121726.30000000,226278.58799000,0
1766664000000000,1.85910000,1.85970000,1.85540000,1.85550000,247394.70000000,1766664899999999,459627.15049000,4179,85437.40000000,158714.53772000,0
1766664900000000,1.85550000,1.86180000,1.85550000,1.86120000,234920.00000000,1766665799999999,436680.16452000,3836,145590.80000000,270625.13204000,0
1766665800000000,1.86130000,1.86280000,1.86050000,1.86240000,272677.70000000,1766666699999999,507686.27728000,3619,114706.00000000,213570.78073000,0
1766666700000000,1.86240000,1.86520000,1.86240000,1.86510000,300109.10000000,1766667599999999,559456.51477000,3245,135398.30000000,252396.40692000,0
1766667600000000,1.86510000,1.86820000,1.86460000,1.86740000,340059.20000000,1766668499999999,634670.08274000,2931,103894.20000000,193891.87572000,0
1766668500000000,1.86750000,1.86800000,1.86250000,1.86590000,515570.90000000,1766669399999999,961695.50527000,4277,150036.80000000,279806.85804000,0
1766669400000000,1.86590000,1.87090000,1.86460000,1.86910000,375148.40000000,1766670299999999,700503.03181000,4009,140864.80000000,263115.61643000,0
1766670300000000,1.86910000,1.87000000,1.86680000,1.86880000,411420.80000000,1766671199999999,768798.93439000,5895,192004.80000000,358806.36442000,0
1766671200000000,1.86880000,1.87020000,1.86590000,1.86610000,557327.90000000,1766672099999999,1041042.77607000,4212,208172.60000000,388798.11984000,0
1766672100000000,1.86620000,1.86820000,1.86460000,1.86580000,378539.90000000,1766672999999999,706657.80427000,4182,80610.80000000,150475.15904000,0
1766673000000000,1.86590000,1.86950000,1.86550000,1.86700000,283213.40000000,1766673899999999,528889.88562000,3256,144696.80000000,270240.63504000,0
1766673900000000,1.86700000,1.87010000,1.86700000,1.86970000,319343.10000000,1766674799999999,596805.81248000,2836,146334.80000000,273442.51900000,0
1766674800000000,1.86970000,1.87080000,1.86570000,1.86980000,483562.60000000,1766675699999999,903641.08994000,3977,219469.10000000,410054.38660000,0
1766675700000000,1.86990000,1.87680000,1.86780000,1.87380000,1154984.20000000,1766676599999999,2162730.39591000,8173,619906.40000000,1160976.11373000,0
1766676600000000,1.87380000,1.88260000,1.87070000,1.88090000,1252856.10000000,1766677499999999,2350341.18933000,10877,473289.90000000,888238.35667000,0
1766677500000000,1.88100000,1.88920000,1.87840000,1.88290000,2108663.30000000,1766678399999999,3971956.92818000,17309,949992.40000000,1789526.59030000,0
1766678400000000,1.88300000,1.88360000,1.87790000,1.88010000,1012696.50000000,1766679299999999,1904305.51719000,8313,418093.50000000,786163.50401000,0
1766679300000000,1.88020000,1.88390000,1.87930000,1.87940000,443074.10000000,1766680199999999,833493.46433000,5188,120948.50000000,227479.02946000,0
1766680200000000,1.87940000,1.88100000,1.87480000,1.87660000,428840.90000000,1766681099999999,805072.13138000,4459,76535.40000000,143714.60203000,0
1766681100000000,1.87660000,1.87690000,1.86920000,1.87140000,561941.30000000,1766681999999999,1051911.99269000,4813,183903.30000000,344243.94477000,0
1766682000000000,1.87140000,1.87220000,1.86860000,1.87000000,443517.40000000,1766682899999999,829604.14438000,4729,122108.30000000,228391.18832000,0
1766682900000000,1.86990000,1.87000000,1.86610000,1.86610000,737334.40000000,1766683799999999,1377680.85832000,4930,288399.10000000,538866.82136000,0
1766683800000000,1.86610000,1.86880000,1.86510000,1.86800000,328037.60000000,1766684699999999,612375.20914000,3651,154128.10000000,287695.27979000,0
1766684700000000,1.86790000,1.87190000,1.86700000,1.87050000,214679.00000000,1766685599999999,401558.47625000,2862,81128.00000000,151736.45715000,0
1766685600000000,1.87060000,1.87450000,1.87060000,1.87360000,314029.90000000,1766686499999999,588158.21670000,3652,212847.10000000,398660.79397000,0
1766686500000000,1.87350000,1.87360000,1.87020000,1.87140000,309602.40000000,1766687399999999,579430.73645000,3230,105698.20000000,197791.90758000,0
1766687400000000,1.87140000,1.87610000,1.86960000,1.87230000,648261.30000000,1766688299999999,1214282.48537000,5144,391684.80000000,733765.99440000,0
1766688300000000,1.87230000,1.87500000,1.87210000,1.87380000,184795.30000000,1766689199999999,346285.44310000,2967,62992.80000000,118046.16649000,0
1766689200000000,1.87370000,1.87410000,1.87260000,1.87340000,208251.80000000,1766690099999999,390141.76477000,1877,61811.10000000,115799.71825000,0
1766690100000000,1.87340000,1.87380000,1.87070000,1.87110000,274555.60000000,1766690999999999,513821.83406000,2252,128751.60000000,240901.40165000,0
1766691000000000,1.87110000,1.87400000,1.87050000,1.87290000,216938.80000000,1766691899999999,406156.22150000,2413,68916.10000000,129067.51604000,0
1766691900000000,1.87300000,1.87340000,1.87110000,1.87340000,142651.10000000,1766692799999999,267090.66960000,1541,39782.10000000,74483.37058000,0
1766692800000000,1.87340000,1.87370000,1.87020000,1.87160000,201261.80000000,1766693699999999,376781.23665000,2080,81132.30000000,151912.64712000,0
1766693700000000,1.87160000,1.87190000,1.86510000,1.86640000,324535.80000000,1766694599999999,606469.45842000,3531,97832.20000000,182820.99579000,0
1766694600000000,1.86630000,1.86770000,1.86480000,1.86620000,401818.10000000,1766695499999999,749676.30878000,3218,125756.20000000,234660.07837000,0
1766695500000000,1.86610000,1.86990000,1.86610000,1.86880000,205298.50000000,1766696399999999,383607.87767000,1961,69774.30000000,130373.34738000,0
1766696400000000,1.86880000,1.87020000,1.86670000,1.86920000,364150.90000000,1766697299999999,680553.81452000,2462,215325.20000000,402495.21075000,0
1766697300000000,1.86930000,1.86930000,1.86660000,1.86890000,268312.40000000,1766698199999999,501138.63214000,2110,90334.20000000,168735.73691000,0
1766698200000000,1.86880000,1.86880000,1.86660000,1.86760000,178333.70000000,1766699099999999,333086.20617000,1630,67278.00000000,125642.05002000,0
1766699100000000,1.86760000,1.86760000,1.86440000,1.86550000,241889.90000000,1766699999999999,451341.20614000,2284,76344.70000000,142440.96549000,0
1766700000000000,1.86560000,1.86580000,1.85910000,1.86080000,651865.50000000,1766700899999999,1213336.45074000,5481,203671.40000000,379194.89821000,0
1766700900000000,1.86090000,1.86240000,1.85940000,1.86110000,322838.40000000,1766701799999999,600769.85744000,3206,91439.20000000,170151.77851000,0
1766701800000000,1.86110000,1.86210000,1.85660000,1.85760000,382074.90000000,1766702699999999,710316.01262000,4545,157346.00000000,292467.08747000,0
1766702700000000,1.85750000,1.85750000,1.84000000,1.84590000,2707231.30000000,1766703599999999,5000083.76911000,33899,1156042.20000000,2134183.93477000,0
1766703600000000,1.84590000,1.85140000,1.84000000,1.84830000,843098.60000000,1766704499999999,1555596.87466000,10669,387996.60000000,715836.03206000,0
1766704500000000,1.84840000,1.84860000,1.84160000,1.84300000,699158.10000000,1766705399999999,1289580.38654000,6450,300587.20000000,554171.14370000,0
1766705400000000,1.84290000,1.84290000,1.82920000,1.83260000,2507765.80000000,1766706299999999,4601549.80933000,25939,956625.90000000,1754764.39806000,0
1766706300000000,1.83260000,1.83580000,1.82910000,1.83260000,1247314.00000000,1766707199999999,2284687.68903000,15182,537377.80000000,984126.82945000,0
1766707200000000,1.83250000,1.83690000,1.82480000,1.82980000,1476645.60000000,1766708099999999,2703062.80074000,13673,519510.60000000,950546.35303000,0
1766708100000000,1.82980000,1.83720000,1.82460000,1.83010000,1112966.40000000,1766708999999999,2036058.06806000,10605,446037.50000000,815964.79575000,0
1766709000000000,1.83010000,1.83390000,1.82510000,1.82910000,961380.30000000,1766709899999999,1759758.40422000,10645,296788.80000000,543177.11369000,0
1766709900000000,1.82920000,1.83240000,1.82900000,1.83210000,717948.90000000,1766710799999999,1314332.77976000,8849,456940.40000000,836485.87188000,0
1766710800000000,1.83220000,1.83740000,1.82980000,1.83730000,681678.90000000,1766711699999999,1250834.96943000,8834,317332.90000000,582267.25834000,0
1766711700000000,1.83740000,1.83930000,1.83400000,1.83850000,580800.40000000,1766712599999999,1066988.71354000,6449,313454.50000000,575949.41900000,0
1766712600000000,1.83860000,1.83950000,1.83650000,1.83890000,345157.00000000,1766713499999999,634505.11781000,4202,161441.10000000,296768.53305000,0
1766713500000000,1.83880000,1.83980000,1.83600000,1.83650000,432401.10000000,1766714399999999,794801.61109000,5457,202069.00000000,371422.89610000,0
1766714400000000,1.83650000,1.85840000,1.83340000,1.85810000,812755.50000000,1766715299999999,1497594.94199000,12470,436001.30000000,804289.99708000,0
1766715300000000,1.85820000,1.87830000,1.85820000,1.87110000,3707337.70000000,1766716199999999,6929184.85227000,59896,1816833.50000000,3395288.81000000,0
1766716200000000,1.87120000,1.88070000,1.86910000,1.87230000,1907750.80000000,1766717099999999,3577787.27807000,25705,786647.10000000,1475760.80295000,0
1766717100000000,1.87230000,1.87540000,1.86690000,1.86950000,1416956.50000000,1766717999999999,2651963.92710000,14906,641288.40000000,1200150.30570000,0
1766718000000000,1.86960000,1.87370000,1.86600000,1.86930000,918970.30000000,1766718899999999,1718336.01609000,15437,430932.10000000,805773.68720000,0
1766718900000000,1.86930000,1.86940000,1.86070000,1.86290000,841664.50000000,1766719799999999,1569865.89917000,12491,293931.00000000,548283.56181000,0
1766719800000000,1.86290000,1.86440000,1.85920000,1.86260000,634611.00000000,1766720699999999,1181125.46011000,8323,219205.80000000,407959.03557000,0
1766720700000000,1.86250000,1.86810000,1.86250000,1.86460000,666146.90000000,1766721599999999,1242765.79604000,8842,348755.20000000,650715.98371000,0
1766721600000000,1.86460000,1.86490000,1.85460000,1.85770000,661136.10000000,1766722499999999,1228521.96187000,10777,214660.90000000,398849.28772000,0
1766722500000000,1.85770000,1.86180000,1.85540000,1.85920000,484450.50000000,1766723399999999,900278.10142000,6011,194498.70000000,361530.95141000,0
1766723400000000,1.85930000,1.86910000,1.85860000,1.86830000,469718.00000000,1766724299999999,875211.49782000,5891,205127.20000000,382244.78231000,0
1766724300000000,1.86830000,1.87080000,1.86500000,1.86620000,572474.90000000,1766725199999999,1069204.78583000,5966,235366.50000000,439774.96902000,0
1766725200000000,1.86610000,1.86790000,1.86460000,1.86580000,553985.10000000,1766726099999999,1034007.75016000,4249,264763.70000000,494246.95791000,0
1766726100000000,1.86590000,1.86620000,1.86380000,1.86520000,295296.10000000,1766726999999999,550758.57851000,3137,104394.40000000,194703.39404000,0
1766727000000000,1.86530000,1.87030000,1.86430000,1.87030000,431859.50000000,1766727899999999,806244.72039000,3312,139234.60000000,259973.35191000,0
1766727900000000,1.87030000,1.87260000,1.86770000,1.86970000,493909.80000000,1766728799999999,923837.02295000,5516,149195.70000000,279056.46004000,0
1766728800000000,1.86970000,1.87510000,1.86920000,1.87220000,656779.10000000,1766729699999999,1229035.24698000,5692,240304.10000000,449804.33832000,0
1766729700000000,1.87220000,1.87440000,1.87090000,1.87090000,528952.70000000,1766730599999999,990555.14747000,4730,157033.00000000,294098.66087000,0
1766730600000000,1.87100000,1.87820000,1.86940000,1.87770000,1142710.80000000,1766731499999999,2142231.53038000,5463,516273.10000000,968056.84786000,0
1766731500000000,1.87780000,1.87780000,1.87350000,1.87490000,861328.50000000,1766732399999999,1615467.14310000,4594,213315.90000000,400037.39755000,0
1766732400000000,1.87480000,1.88190000,1.87480000,1.88190000,2095991.70000000,1766733299999999,3939122.82438000,6286,1522796.30000000,2862155.28961000,0
1766733300000000,1.88180000,1.88330000,1.87780000,1.88110000,1138700.50000000,1766734199999999,2142224.08145000,6995,401358.90000000,755070.28688000,0
1766734200000000,1.88120000,1.88150000,1.86920000,1.86920000,1509600.90000000,1766735099999999,2828159.07664000,8599,337214.60000000,631763.32476000,0
1766735100000000,1.86930000,1.87000000,1.86180000,1.86430000,824075.50000000,1766735999999999,1538007.49804000,6799,248467.80000000,463488.04573000,0
1766736000000000,1.86430000,1.86970000,1.86300000,1.86730000,751911.70000000,1766736899999999,1402828.82428000,9523,350330.70000000,653630.15969000,0
1766736900000000,1.86740000,1.87060000,1.86630000,1.86750000,475343.10000000,1766737799999999,888042.51593000,6591,201834.20000000,377110.15307000,0
1766737800000000,1.86740000,1.86750000,1.86330000,1.86410000,395773.20000000,1766738699999999,738103.93641000,5295,171557.70000000,319987.22026000,0
1766738700000000,1.86400000,1.86700000,1.86270000,1.86700000,336566.10000000,1766739599999999,627569.77477000,3816,158816.60000000,296089.97936000,0
1766739600000000,1.86700000,1.87120000,1.86680000,1.87060000,387197.90000000,1766740499999999,723604.75585000,4437,135641.90000000,253489.91903000,0
1766740500000000,1.87060000,1.87270000,1.86940000,1.87030000,447726.70000000,1766741399999999,837741.72320000,5100,198991.70000000,372350.09039000,0
1766741400000000,1.87020000,1.87380000,1.87020000,1.87370000,246138.00000000,1766742299999999,460786.71399000,3422,102214.40000000,191352.20579000,0
1766742300000000,1.87370000,1.87780000,1.87360000,1.87670000,962827.50000000,1766743199999999,1806458.05634000,7061,467795.50000000,877524.30247000,0
1766743200000000,1.87670000,1.87810000,1.87430000,1.87490000,487726.20000000,1766744099999999,914845.40995000,4355,105911.20000000,198686.61547000,0
1766744100000000,1.87500000,1.87830000,1.87250000,1.87800000,757068.70000000,1766744999999999,1419781.58120000,3955,294836.40000000,552914.20102000,0
1766745000000000,1.87810000,1.87990000,1.87530000,1.87670000,1606652.70000000,1766745899999999,3016945.66166000,4106,1079912.10000000,2028098.04542000,0
1766745900000000,1.87680000,1.88070000,1.87680000,1.87880000,717278.20000000,1766746799999999,1347721.32169000,4659,421347.40000000,791611.38551000,0
1766746800000000,1.87880000,1.87890000,1.87560000,1.87580000,667577.80000000,1766747699999999,1252866.18148000,3455,323303.40000000,606707.24362000,0
1766747700000000,1.87580000,1.87640000,1.87270000,1.87350000,547161.10000000,1766748599999999,1025604.02372000,4369,196912.30000000,369069.90186000,0
1766748600000000,1.87340000,1.87480000,1.87160000,1.87230000,628334.70000000,1766749499999999,1176962.49078000,4807,140637.10000000,263440.51508000,0
1766749500000000,1.87230000,1.87340000,1.87080000,1.87130000,566936.40000000,1766750399999999,1061497.33061000,3564,201628.20000000,377465.21712000,0
1766750400000000,1.87130000,1.87350000,1.87100000,1.87210000,502373.60000000,1766751299999999,940702.38823000,5252,260811.60000000,488398.38826000,0
1766751300000000,1.87210000,1.87420000,1.87020000,1.87240000,329599.70000000,1766752199999999,617069.59665000,4164,110373.10000000,206600.88732000,0
1766752200000000,1.87240000,1.87310000,1.87080000,1.87260000,476059.80000000,1766753099999999,891089.29717000,3298,259182.80000000,485102.32720000,0
1766753100000000,1.87260000,1.87340000,1.87100000,1.87220000,600806.80000000,1766753999999999,1124894.92287000,3609,349919.90000000,655147.03488000,0
1766754000000000,1.87230000,1.87620000,1.86880000,1.87580000,581935.70000000,1766754899999999,1089155.61725000,5541,242613.90000000,454101.96332000,0
1766754900000000,1.87580000,1.87660000,1.87350000,1.87410000,294924.30000000,1766755799999999,553017.95777000,3791,88285.60000000,165551.81997000,0
1766755800000000,1.87410000,1.87860000,1.87270000,1.87690000,612898.30000000,1766756699999999,1150094.51135000,6159,225922.50000000,424019.70177000,0
1766756700000000,1.87700000,1.87950000,1.87600000,1.87800000,859425.60000000,1766757599999999,1614071.56911000,5619,349340.10000000,656138.72339000,0
1766757600000000,1.87800000,1.87810000,1.87360000,1.87660000,935236.20000000,1766758499999999,1754756.77585000,5450,298545.60000000,560058.69196000,0
1766758500000000,1.87660000,1.87810000,1.87410000,1.87420000,524933.20000000,1766759399999999,985085.66223000,4229,141326.90000000,265194.14541000,0
1766759400000000,1.87430000,1.87570000,1.86080000,1.86370000,1491788.40000000,1766760299999999,2787245.13832000,18700,509988.10000000,953206.89262000,0
1766760300000000,1.86370000,1.86380000,1.84260000,1.84400000,3164933.10000000,1766761199999999,5855823.54564000,38296,1392001.70000000,2574725.63670000,0
1766761200000000,1.84410000,1.84410000,1.82910000,1.83030000,3949407.00000000,1766762099999999,7246760.12894000,55480,1977021.60000000,3627280.73867000,0
1766762100000000,1.83030000,1.83920000,1.82670000,1.83730000,2065634.50000000,1766762999999999,3787078.57513000,33082,1134926.90000000,2080601.29080000,0
1766763000000000,1.83740000,1.84200000,1.83240000,1.83460000,2741330.50000000,1766763899999999,5034934.02727000,24557,1020293.70000000,1873921.46959000,0
1766763900000000,1.83470000,1.83950000,1.83170000,1.83820000,2753498.30000000,1766764799999999,5052782.76160000,20559,1077786.90000000,1977725.05338000,0
1766764800000000,1.83820000,1.84620000,1.83660000,1.84140000,1638712.40000000,1766765699999999,3018343.35959000,17611,674846.60000000,1242976.20651000,0
1766765700000000,1.84140000,1.84710000,1.84040000,1.84190000,889292.30000000,1766766599999999,1639624.06558000,12722,272493.20000000,502324.08063000,0
1766766600000000,1.84200000,1.84520000,1.83990000,1.84360000,1023349.80000000,1766767499999999,1885861.83535000,10907,329543.40000000,607131.96276000,0
1766767500000000,1.84370000,1.84530000,1.83360000,1.83490000,1214474.10000000,1766768399999999,2235491.66486000,11138,336180.40000000,618927.08489000,0
1766768400000000,1.83500000,1.84260000,1.83500000,1.84020000,637329.90000000,1766769299999999,1172184.62597000,9354,274817.10000000,505371.25971000,0
1766769300000000,1.84030000,1.84780000,1.83730000,1.84660000,768245.40000000,1766770199999999,1415670.72197000,8818,305032.90000000,562298.51795000,0
1766770200000000,1.84650000,1.84950000,1.84340000,1.84750000,488536.60000000,1766771099999999,902301.49442000,6863,182277.30000000,336722.07248000,0
1766771100000000,1.84750000,1.84920000,1.84170000,1.84380000,503396.80000000,1766771999999999,929209.07819000,6170,119145.00000000,219900.32296000,0
1766772000000000,1.84390000,1.84740000,1.84270000,1.84660000,413826.70000000,1766772899999999,763357.98476000,5230,144443.00000000,266422.79861000,0
1766772900000000,1.84660000,1.84690000,1.84060000,1.84060000,265533.20000000,1766773799999999,489770.83092000,4688,76671.40000000,141387.26087000,0
1766773800000000,1.84060000,1.84760000,1.84060000,1.84530000,253742.50000000,1766774699999999,468236.71930000,4017,58591.30000000,108101.65666000,0
1766774700000000,1.84530000,1.84790000,1.84270000,1.84530000,260069.50000000,1766775599999999,479852.18511000,4303,81984.00000000,151280.54386000,0
1766775600000000,1.84540000,1.84800000,1.84490000,1.84510000,208746.60000000,1766776499999999,385427.35801000,3371,76424.60000000,141116.81850000,0
1766776500000000,1.84520000,1.84570000,1.84150000,1.84420000,342071.50000000,1766777399999999,630898.49657000,3798,76481.10000000,141068.63246000,0
1766777400000000,1.84430000,1.84690000,1.84420000,1.84680000,169355.00000000,1766778299999999,312605.95639000,2547,79857.70000000,147401.09590000,0
1766778300000000,1.84690000,1.85060000,1.84410000,1.84580000,417981.00000000,1766779199999999,772109.79998000,4463,130688.20000000,241442.10625000,0
1766779200000000,1.84590000,1.84860000,1.84490000,1.84840000,266228.40000000,1766780099999999,491678.31354000,5044,118243.00000000,218358.55617000,0
1766780100000000,1.84840000,1.85050000,1.84700000,1.84980000,270022.60000000,1766780999999999,499146.41655000,3699,87047.20000000,160930.25363000,0
1766781000000000,1.84970000,1.85350000,1.84880000,1.85340000,274732.00000000,1766781899999999,508476.33186000,3390,100500.30000000,185996.12700000,0
1766781900000000,1.85350000,1.86030000,1.85340000,1.85480000,722470.60000000,1766782799999999,1342242.77095000,7018,306938.20000000,570281.21157000,0
1766782800000000,1.85480000,1.85750000,1.85030000,1.85400000,371765.80000000,1766783699999999,689067.06119000,4353,72176.50000000,133773.48210000,0
1766783700000000,1.85410000,1.85510000,1.85030000,1.85090000,235313.80000000,1766784599999999,435915.06212000,2903,53897.00000000,99841.16812000,0
1766784600000000,1.85090000,1.85090000,1.84810000,1.84910000,209178.20000000,1766785499999999,386822.04888000,2851,67095.70000000,124080.09260000,0
1766785500000000,1.84920000,1.85070000,1.84670000,1.84730000,249155.70000000,1766786399999999,460620.76420000,2777,116672.60000000,215727.83461000,0
1766786400000000,1.84740000,1.85000000,1.84510000,1.84510000,315547.00000000,1766787299999999,583289.92145000,2690,158378.10000000,292797.53717000,0
1766787300000000,1.84520000,1.85000000,1.84500000,1.84580000,445562.60000000,1766788199999999,823250.50878000,4337,175926.60000000,325021.20904000,0
1766788200000000,1.84580000,1.84870000,1.84270000,1.84430000,474873.80000000,1766789099999999,876425.94963000,5106,212609.40000000,392393.49040000,0
1766789100000000,1.84420000,1.84780000,1.84260000,1.84760000,323432.50000000,1766789999999999,596837.74122000,3277,127232.30000000,234846.55507000,0
1766790000000000,1.84770000,1.84960000,1.84560000,1.84610000,457986.50000000,1766790899999999,846366.00187000,4117,139661.20000000,258093.62103000,0
1766790900000000,1.84610000,1.84620000,1.84410000,1.84470000,334763.40000000,1766791799999999,617647.75051000,2816,107058.70000000,197533.66017000,0
1766791800000000,1.84460000,1.84620000,1.84370000,1.84400000,224543.50000000,1766792699999999,414323.49115000,2240,68829.30000000,126985.96757000,0
1766792700000000,1.84400000,1.84500000,1.84250000,1.84370000,352144.60000000,1766793599999999,649288.79120000,2587,133887.00000000,246887.31448000,0
1766793600000000,1.84370000,1.84530000,1.84210000,1.84370000,561473.70000000,1766794499999999,1035308.40163000,3741,300839.00000000,554714.40061000,0
1766794500000000,1.84370000,1.84420000,1.84170000,1.84340000,427724.50000000,1766795399999999,788243.98809000,2548,247666.10000000,456394.86799000,0
1766795400000000,1.84340000,1.84610000,1.84310000,1.84540000,366648.30000000,1766796299999999,676236.81384000,2821,167203.80000000,308380.09268000,0
1766796300000000,1.84540000,1.84560000,1.84410000,1.84530000,322742.60000000,1766797199999999,595397.60020000,2077,98861.20000000,182384.02632000,0
1766797200000000,1.84520000,1.84600000,1.84430000,1.84480000,313486.20000000,1766798099999999,578393.51799000,2867,136006.60000000,250942.19454000,0
1766798100000000,1.84470000,1.84490000,1.84280000,1.84460000,377096.50000000,1766798999999999,695385.51879000,2590,205243.50000000,378458.42656000,0
1766799000000000,1.84470000,1.84540000,1.84390000,1.84410000,227378.20000000,1766799899999999,419434.13646000,2050,113004.70000000,208450.68786000,0
1766799900000000,1.84400000,1.84790000,1.84300000,1.84690000,551913.10000000,1766800799999999,1018408.18870000,2817,352526.80000000,650484.70028000,0
1766800800000000,1.84700000,1.84780000,1.84510000,1.84770000,431334.80000000,1766801699999999,796469.77418000,2665,174469.70000000,322168.89943000,0
1766801700000000,1.84770000,1.84850000,1.84530000,1.84630000,661485.20000000,1766802599999999,1221479.94065000,2838,189483.70000000,349787.99837000,0
1766802600000000,1.84640000,1.85340000,1.84520000,1.85010000,736454.50000000,1766803499999999,1361900.56951000,5336,372630.10000000,689311.92166000,0
1766803500000000,1.85010000,1.85080000,1.84850000,1.84900000,616231.00000000,1766804399999999,1139823.63103000,3061,179031.70000000,331119.03633000,0
1766804400000000,1.84910000,1.85120000,1.84630000,1.84700000,390200.60000000,1766805299999999,721341.35531000,3207,124872.70000000,230815.98444000,0
1766805300000000,1.84700000,1.85150000,1.84700000,1.85030000,451314.80000000,1766806199999999,834778.72000000,2994,191322.70000000,353833.14484000,0
1766806200000000,1.85020000,1.85350000,1.85020000,1.85190000,495272.70000000,1766807099999999,917392.53900000,3086,152470.20000000,282369.18132000,0
1766807100000000,1.85200000,1.85220000,1.85080000,1.85150000,344597.30000000,1766807999999999,637987.82157000,2684,106297.70000000,196794.29172000,0
1766808000000000,1.85140000,1.85320000,1.84900000,1.84950000,434023.20000000,1766808899999999,803398.76279000,3555,153471.70000000,284083.64443000,0
1766808900000000,1.84960000,1.85040000,1.84810000,1.84820000,205051.40000000,1766809799999999,379161.52908000,2008,60562.20000000,111985.86919000,0
1766809800000000,1.84820000,1.84860000,1.84710000,1.84830000,217753.20000000,1766810699999999,402386.95110000,1719,81555.60000000,150709.96343000,0
1766810700000000,1.84830000,1.84910000,1.84710000,1.84820000,193741.80000000,1766811599999999,358034.54025000,1665,70124.00000000,129588.11188000,0
1766811600000000,1.84830000,1.84910000,1.84670000,1.84700000,199395.90000000,1766812499999999,368477.76931000,1438,56912.80000000,105176.68478000,0
1766812500000000,1.84710000,1.84780000,1.84640000,1.84770000,181438.70000000,1766813399999999,335113.08970000,1343,71842.10000000,132683.77126000,0
1766813400000000,1.84760000,1.84850000,1.84760000,1.84830000,125729.90000000,1766814299999999,232363.74289000,1066,31696.30000000,58579.66291000,0
1766814300000000,1.84840000,1.84980000,1.84820000,1.84980000,149577.50000000,1766815199999999,276576.52647000,1177,26058.30000000,48185.33763000,0
1766815200000000,1.84980000,1.84990000,1.84720000,1.84850000,233227.60000000,1766816099999999,431169.17740000,2036,65731.10000000,121510.81602000,0
1766816100000000,1.84860000,1.84930000,1.84730000,1.84870000,159315.00000000,1766816999999999,294473.12269000,1438,46399.50000000,85763.94490000,0
1766817000000000,1.84860000,1.84880000,1.84750000,1.84830000,143648.60000000,1766817899999999,265501.89422000,1497,53982.20000000,99774.39132000,0
1766817900000000,1.84820000,1.84870000,1.84750000,1.84790000,115113.00000000,1766818799999999,212728.14156000,867,48645.70000000,89898.29240000,0
1766818800000000,1.84790000,1.85060000,1.84780000,1.85050000,149685.90000000,1766819699999999,276780.39563000,1083,63418.80000000,117257.91170000,0
1766819700000000,1.85050000,1.85240000,1.84910000,1.85070000,227126.90000000,1766820599999999,420457.30233000,1948,81023.90000000,149969.95964000,0
1766820600000000,1.85070000,1.85100000,1.84750000,1.84800000,248399.80000000,1766821499999999,459356.27388000,1883,87438.90000000,161718.54521000,0
1766821500000000,1.84790000,1.84860000,1.84760000,1.84770000,140360.80000000,1766822399999999,259385.86268000,1258,39402.50000000,72812.60020000,0
1766822400000000,1.84780000,1.84980000,1.84770000,1.84840000,310913.90000000,1766823299999999,574751.72557000,1966,151587.70000000,280206.35965000,0
1766823300000000,1.84840000,1.85150000,1.84840000,1.85020000,187750.30000000,1766824199999999,347367.65920000,1488,94289.70000000,174436.94030000,0
1766824200000000,1.85020000,1.85120000,1.84980000,1.85030000,169445.20000000,1766825099999999,313518.32018000,1358,53958.70000000,99842.50950000,0
1766825100000000,1.85040000,1.85060000,1.84920000,1.85020000,313908.00000000,1766825999999999,580736.92822000,1411,120232.80000000,222445.63146000,0
1766826000000000,1.85020000,1.85320000,1.85010000,1.85320000,364041.30000000,1766826899999999,674268.89298000,2464,126532.60000000,234314.90773000,0
1766826900000000,1.85320000,1.85600000,1.85020000,1.85080000,469726.60000000,1766827799999999,870767.58159000,4209,116995.30000000,216916.08002000,0
1766827800000000,1.85090000,1.85210000,1.85090000,1.85180000,259678.50000000,1766828699999999,480755.92270000,2387,100787.00000000,186593.92294000,0
1766828700000000,1.85180000,1.85250000,1.85050000,1.85090000,318117.80000000,1766829599999999,588988.57153000,3025,110667.90000000,204902.65443000,0
1766829600000000,1.85090000,1.85270000,1.84950000,1.85040000,239839.20000000,1766830499999999,443915.76391000,2759,82733.10000000,153113.37578000,0
1766830500000000,1.85050000,1.85280000,1.84880000,1.84890000,265867.30000000,1766831399999999,492116.73876000,2730,110781.00000000,205019.19341000,0
1766831400000000,1.84890000,1.85000000,1.84500000,1.84650000,447175.80000000,1766832299999999,826183.81796000,4361,120940.40000000,223416.72732000,0
1766832300000000,1.84650000,1.84890000,1.84590000,1.84860000,103222.60000000,1766833199999999,190709.84513000,2207,51087.50000000,94382.57584000,0
1766833200000000,1.84850000,1.84950000,1.84720000,1.84850000,142739.60000000,1766834099999999,263832.09221000,2466,46645.50000000,86224.81126000,0
1766834100000000,1.84860000,1.85000000,1.84780000,1.84800000,189872.90000000,1766834999999999,351031.98611000,2604,69878.00000000,129184.91251000,0
1766835000000000,1.84790000,1.85230000,1.84790000,1.85060000,277109.90000000,1766835899999999,512768.30868000,2698,128154.50000000,237114.88892000,0
1766835900000000,1.85060000,1.85240000,1.85050000,1.85120000,232753.80000000,1766836799999999,430980.24691000,2218,120885.70000000,223839.49303000,0
1766836800000000,1.85130000,1.85320000,1.85080000,1.85120000,275933.10000000,1766837699999999,511052.71906000,3149,104761.50000000,194022.52200000,0
1766837700000000,1.85130000,1.85210000,1.85020000,1.85200000,334348.40000000,1766838599999999,618892.65792000,1916,129021.10000000,238802.82304000,0
1766838600000000,1.85190000,1.85330000,1.85150000,1.85220000,209132.40000000,1766839499999999,387375.01098000,1588,48470.00000000,89775.55253000,0
1766839500000000,1.85220000,1.85260000,1.85000000,1.85090000,168792.40000000,1766840399999999,312439.17865000,2257,65649.90000000,121522.59794000,0
1766840400000000,1.85090000,1.85180000,1.84830000,1.84830000,318059.20000000,1766841299999999,588197.75519000,2315,57503.00000000,106355.77912000,0
1766841300000000,1.84830000,1.84840000,1.84580000,1.84640000,278950.80000000,1766842199999999,515182.30592000,3190,95296.80000000,176017.03746000,0
1766842200000000,1.84630000,1.84900000,1.84430000,1.84860000,192029.10000000,1766843099999999,354700.79489000,2676,56814.70000000,104924.49221000,0
1766843100000000,1.84860000,1.84870000,1.84580000,1.84590000,129971.40000000,1766843999999999,240042.62629000,1467,71667.10000000,132356.07559000,0
1766844000000000,1.84590000,1.84590000,1.84340000,1.84480000,380075.00000000,1766844899999999,701143.82734000,2770,147362.80000000,271833.72553000,0
1766844900000000,1.84490000,1.84580000,1.84410000,1.84550000,159837.50000000,1766845799999999,294892.36946000,1577,79403.40000000,146496.46482000,0
1766845800000000,1.84560000,1.84900000,1.84540000,1.84890000,176227.00000000,1766846699999999,325612.88590000,1749,76989.30000000,142253.24308000,0
1766846700000000,1.84890000,1.84970000,1.84780000,1.84950000,120615.40000000,1766847599999999,222994.53965000,1497,46283.40000000,85574.77792000,0
1766847600000000,1.84950000,1.84960000,1.84710000,1.84910000,161953.90000000,1766848499999999,299323.26611000,2386,72876.80000000,134695.81188000,0
1766848500000000,1.84920000,1.84960000,1.84780000,1.84950000,216704.40000000,1766849399999999,400682.88214000,1877,111643.60000000,206424.44159000,0
1766849400000000,1.84960000,1.85120000,1.84910000,1.85020000,144201.30000000,1766850299999999,266778.85480000,1809,66201.70000000,122477.42859000,0
1766850300000000,1.85020000,1.85180000,1.84890000,1.84950000,200209.90000000,1766851199999999,370417.99974000,2269,53807.80000000,99574.96770000,0
1766851200000000,1.84960000,1.85020000,1.84870000,1.84880000,279910.10000000,1766852099999999,517646.84378000,2181,206678.50000000,382221.23902000,0
1766852100000000,1.84880000,1.84970000,1.84630000,1.84670000,154230.70000000,1766852999999999,285039.51289000,1960,74249.70000000,137222.49430000,0
1766853000000000,1.84660000,1.84780000,1.84550000,1.84580000,144005.60000000,1766853899999999,265962.02346000,1932,55396.50000000,102303.60661000,0
1766853900000000,1.84580000,1.84590000,1.84400000,1.84490000,227642.00000000,1766854799999999,419966.18414000,2055,101966.30000000,188106.46661000,0
1766854800000000,1.84500000,1.84840000,1.84400000,1.84660000,933174.40000000,1766855699999999,1722497.93631000,6361,575434.00000000,1062237.27769000,0
1766855700000000,1.84670000,1.84900000,1.84350000,1.84780000,795727.80000000,1766856599999999,1469456.74953000,5932,433985.80000000,801402.53094000,0
1766856600000000,1.84780000,1.84880000,1.84510000,1.84600000,384843.80000000,1766857499999999,710885.56710000,3672,200581.40000000,370537.80289000,0
1766857500000000,1.84600000,1.85150000,1.84550000,1.84930000,1271638.60000000,1766858399999999,2350342.20593000,8016,575493.90000000,1063559.06427000,0
1766858400000000,1.84930000,1.85370000,1.84930000,1.85050000,1069212.40000000,1766859299999999,1979915.01699000,6826,602742.00000000,1116040.95437000,0
1766859300000000,1.85040000,1.85250000,1.85030000,1.85170000,238012.80000000,1766860199999999,440590.31234000,1798,149605.50000000,276922.94095000,0
1766860200000000,1.85170000,1.85220000,1.85060000,1.85070000,129624.50000000,1766861099999999,239996.87778000,1837,32747.30000000,60623.41309000,0
1766861100000000,1.85060000,1.85120000,1.85000000,1.85000000,135432.50000000,1766861999999999,250626.64082000,1093,33344.70000000,61703.28098000,0
1766862000000000,1.85010000,1.85170000,1.84810000,1.85170000,138035.80000000,1766862899999999,255328.81388000,1681,58389.90000000,108009.99058000,0
1766862900000000,1.85170000,1.85210000,1.85030000,1.85150000,171506.80000000,1766863799999999,317503.28129000,1480,39523.40000000,73169.12794000,0
1766863800000000,1.85160000,1.85410000,1.85100000,1.85410000,177868.90000000,1766864699999999,329427.12370000,1262,93203.00000000,172638.27300000,0
1766864700000000,1.85410000,1.85730000,1.85410000,1.85590000,300968.00000000,1766865599999999,558633.50863000,2539,122464.60000000,227315.11427000,0
1766865600000000,1.85580000,1.85950000,1.85510000,1.85650000,385379.90000000,1766866499999999,715780.77298000,3905,206924.20000000,384314.46142000,0
1766866500000000,1.85660000,1.85850000,1.85360000,1.85370000,316201.50000000,1766867399999999,587141.55074000,2615,100947.10000000,187460.76456000,0
1766867400000000,1.85360000,1.85600000,1.85320000,1.85570000,140767.70000000,1766868299999999,261098.68517000,1626,68451.90000000,126954.42522000,0
1766868300000000,1.85570000,1.85650000,1.85500000,1.85550000,136221.40000000,1766869199999999,252814.10118000,1434,43055.90000000,79903.56046000,0
1766869200000000,1.85560000,1.85940000,1.85550000,1.85900000,148002.60000000,1766870099999999,274944.18263000,2153,76626.50000000,142340.29492000,0
1766870100000000,1.85900000,1.85980000,1.85830000,1.85950000,149540.50000000,1766870999999999,278048.56395000,2364,73968.00000000,137531.70907000,0
1766871000000000,1.85950000,1.86090000,1.85910000,1.85910000,215189.20000000,1766871899999999,400277.17477000,2174,77739.70000000,144598.87851000,0
1766871900000000,1.85910000,1.86280000,1.85900000,1.86210000,276512.10000000,1766872799999999,514662.34131000,2098,109947.30000000,204588.29979000,0
1766872800000000,1.86210000,1.87040000,1.86180000,1.86990000,894796.90000000,1766873699999999,1668670.88205000,5867,318937.60000000,595063.61708000,0
1766873700000000,1.86990000,1.87500000,1.86410000,1.86470000,1275462.70000000,1766874599999999,2386225.66404000,7919,509193.70000000,952553.76803000,0
1766874600000000,1.86470000,1.86510000,1.86150000,1.86370000,429880.40000000,1766875499999999,800893.14175000,3516,179884.10000000,335093.55634000,0
1766875500000000,1.86370000,1.86600000,1.86190000,1.86220000,251132.00000000,1766876399999999,468187.57590000,3453,143855.50000000,268195.40316000,0
1766876400000000,1.86220000,1.86590000,1.86210000,1.86330000,212621.30000000,1766877299999999,396238.98611000,4136,88500.50000000,164942.82779000,0
1766877300000000,1.86330000,1.86690000,1.86330000,1.86480000,178048.20000000,1766878199999999,332116.71016000,2902,120439.20000000,224662.90242000,0
1766878200000000,1.86490000,1.86690000,1.86430000,1.86650000,152802.70000000,1766879099999999,285067.31578000,1526,50977.00000000,95097.64849000,0
1766879100000000,1.86660000,1.87880000,1.86660000,1.87350000,1371930.40000000,1766879999999999,2570713.71504000,7889,861426.30000000,1613459.66120000,0
1766880000000000,1.87340000,1.87640000,1.87140000,1.87150000,381499.00000000,1766880899999999,714626.55468000,4209,135225.20000000,253349.57290000,0
1766880900000000,1.87150000,1.87390000,1.86910000,1.86970000,348759.10000000,1766881799999999,652740.79059000,3663,199532.00000000,373441.51140000,0
1766881800000000,1.86960000,1.87440000,1.86950000,1.87360000,277563.30000000,1766882699999999,519657.47854000,3369,162283.30000000,303785.06683000,0
1766882700000000,1.87360000,1.87510000,1.87050000,1.87130000,196740.10000000,1766883599999999,368416.85652000,3109,87433.50000000,163747.11943000,0
1766883600000000,1.87140000,1.87480000,1.87140000,1.87340000,244291.80000000,1766884499999999,457734.47496000,2810,86829.00000000,162670.13962000,0
1766884500000000,1.87340000,1.87340000,1.86950000,1.87000000,251154.50000000,1766885399999999,469797.52308000,3580,77348.00000000,144696.67551000,0
1766885400000000,1.87010000,1.87270000,1.86870000,1.87120000,196669.30000000,1766886299999999,367998.04357000,3315,94933.70000000,177593.35851000,0
1766886300000000,1.87130000,1.87140000,1.86970000,1.87070000,144318.90000000,1766887199999999,269949.71710000,1860,56444.20000000,105588.47387000,0
1766887200000000,1.87060000,1.87180000,1.86980000,1.87170000,136242.90000000,1766888099999999,254903.25788000,1744,68039.20000000,127312.08199000,0
1766888100000000,1.87180000,1.87560000,1.87170000,1.87510000,177031.00000000,1766888999999999,331720.10253000,2470,120751.40000000,226275.13796000,0
1766889000000000,1.87510000,1.87820000,1.87400000,1.87510000,292806.10000000,1766889899999999,549270.77285000,3480,108894.50000000,204271.01723000,0
1766889900000000,1.87510000,1.87530000,1.87300000,1.87310000,112316.80000000,1766890799999999,210466.50120000,1581,39916.50000000,74794.64632000,0
1766890800000000,1.87310000,1.87440000,1.87160000,1.87230000,205670.00000000,1766891699999999,385206.88339000,2145,76424.20000000,143168.56695000,0
1766891700000000,1.87220000,1.87310000,1.87130000,1.87200000,148230.70000000,1766892599999999,277524.52935000,1525,76329.90000000,142900.62872000,0
1766892600000000,1.87200000,1.87420000,1.87200000,1.87360000,170212.20000000,1766893499999999,318888.98436000,1537,73955.20000000,138539.20618000,0
1766893500000000,1.87370000,1.87490000,1.87370000,1.87450000,238994.80000000,1766894399999999,447996.24936000,1574,92848.70000000,174037.36679000,0
1766894400000000,1.87450000,1.87740000,1.87360000,1.87660000,383568.70000000,1766895299999999,719469.47651000,3016,182921.40000000,343053.79647000,0
1766895300000000,1.87650000,1.87720000,1.87440000,1.87510000,439491.40000000,1766896199999999,824498.97604000,2474,197097.60000000,369801.31650000,0
1766896200000000,1.87500000,1.87680000,1.87310000,1.87570000,278437.80000000,1766897099999999,522266.03185000,2261,150966.60000000,283207.03409000,0
1766897100000000,1.87560000,1.87580000,1.87390000,1.87470000,131568.40000000,1766897999999999,246669.32011000,1352,45180.40000000,84694.33535000,0
1766898000000000,1.87460000,1.87660000,1.87310000,1.87610000,201723.40000000,1766898899999999,378219.75300000,2065,70466.50000000,132127.76163000,0
1766898900000000,1.87610000,1.87640000,1.87340000,1.87350000,275241.90000000,1766899799999999,516076.98015000,1862,59233.50000000,111069.84736000,0
1766899800000000,1.87360000,1.87600000,1.87340000,1.87440000,429629.40000000,1766900699999999,805637.59852000,2377,82206.30000000,154112.62222000,0
1766900700000000,1.87440000,1.87580000,1.87210000,1.87280000,239667.10000000,1766901599999999,449255.22754000,2485,74697.10000000,140007.04546000,0
1766901600000000,1.87280000,1.87510000,1.87250000,1.87510000,262367.90000000,1766902499999999,491545.66617000,1574,108219.70000000,202730.68250000,0
1766902500000000,1.87510000,1.87710000,1.87500000,1.87650000,257887.50000000,1766903399999999,483818.92757000,1458,130365.30000000,244578.38397000,0
1766903400000000,1.87660000,1.87960000,1.87600000,1.87820000,326871.50000000,1766904299999999,613894.93308000,2655,156991.50000000,294835.21538000,0
1766904300000000,1.87810000,1.87870000,1.87650000,1.87750000,242912.20000000,1766905199999999,456036.85257000,2160,118251.90000000,221984.98940000,0
1766905200000000,1.87760000,1.87960000,1.87600000,1.87860000,195180.50000000,1766906099999999,366575.50877000,2656,86644.50000000,162733.43630000,0
1766906100000000,1.87860000,1.87870000,1.87660000,1.87690000,132110.30000000,1766906999999999,248034.50157000,1420,36292.10000000,68140.75657000,0
1766907000000000,1.87690000,1.87780000,1.87500000,1.87500000,126780.00000000,1766907899999999,237918.31363000,1353,40074.30000000,75212.88657000,0
1766907900000000,1.87500000,1.87590000,1.87330000,1.87360000,152333.40000000,1766908799999999,285535.98897000,1546,46574.10000000,87307.69112000,0
1766908800000000,1.87370000,1.87590000,1.87340000,1.87550000,174541.10000000,1766909699999999,327224.05279000,1950,108350.30000000,203126.85224000,0
1766909700000000,1.87550000,1.87550000,1.87220000,1.87300000,215906.60000000,1766910599999999,404485.56465000,2073,79351.70000000,148680.89856000,0
1766910600000000,1.87310000,1.87690000,1.87220000,1.87240000,426345.20000000,1766911499999999,798991.01060000,3782,192726.30000000,361159.20741000,0
1766911500000000,1.87250000,1.87300000,1.86860000,1.86880000,336543.60000000,1766912399999999,629474.49949000,3305,123025.80000000,230147.70052000,0
1766912400000000,1.86880000,1.86910000,1.86680000,1.86730000,201799.60000000,1766913299999999,376926.65684000,2248,89261.40000000,166731.18614000,0
1766913300000000,1.86720000,1.86900000,1.86720000,1.86890000,177020.30000000,1766914199999999,330665.09083000,1309,124851.30000000,233215.66337000,0
1766914200000000,1.86900000,1.86900000,1.86270000,1.86490000,523269.40000000,1766915099999999,975854.47859000,4801,219577.20000000,409418.09547000,0
1766915100000000,1.86490000,1.86530000,1.86360000,1.86480000,145821.90000000,1766915999999999,271910.38943000,2166,55540.30000000,103567.16110000,0
1766916000000000,1.86490000,1.86890000,1.86480000,1.86830000,243514.40000000,1766916899999999,454626.12903000,3390,182332.60000000,340385.67551000,0
1766916900000000,1.86830000,1.86970000,1.86790000,1.86920000,215507.50000000,1766917799999999,402756.58877000,2685,120847.00000000,225838.45757000,0
1766917800000000,1.86930000,1.87220000,1.86870000,1.86980000,264375.20000000,1766918699999999,494429.16744000,2604,126819.30000000,237185.85877000,0
1766918700000000,1.86990000,1.87130000,1.86910000,1.87130000,352991.10000000,1766919599999999,660291.30439000,2051,259588.90000000,485574.78701000,0
1766919600000000,1.87120000,1.87400000,1.87110000,1.87400000,231013.20000000,1766920499999999,432631.79394000,2481,109890.40000000,205801.40931000,0
1766920500000000,1.87390000,1.87410000,1.87130000,1.87150000,155708.30000000,1766921399999999,291551.31329000,2316,63138.50000000,118222.37071000,0
1766921400000000,1.87140000,1.87200000,1.86930000,1.87040000,184637.30000000,1766922299999999,345390.17765000,1921,127163.10000000,237877.56401000,0
1766922300000000,1.87040000,1.87270000,1.86970000,1.87220000,199013.80000000,1766923199999999,372467.86483000,2736,95550.70000000,178817.90165000,0
1766923200000000,1.87210000,1.87280000,1.86970000,1.87110000,150324.60000000,1766924099999999,281247.90811000,2284,67280.90000000,125867.82979000,0
1766924100000000,1.87110000,1.87180000,1.86980000,1.87070000,122812.90000000,1766924999999999,229711.23179000,1691,54822.50000000,102540.28829000,0
1766925000000000,1.87070000,1.87130000,1.86620000,1.86700000,323173.10000000,1766925899999999,603879.45994000,3123,102891.70000000,192267.20751000,0
1766925900000000,1.86700000,1.86760000,1.86570000,1.86630000,202721.30000000,1766926799999999,378454.27661000,2236,91503.60000000,170808.31801000,0
1766926800000000,1.86630000,1.87010000,1.86530000,1.86720000,254734.30000000,1766927699999999,475843.16965000,3236,139442.40000000,260500.17684000,0
1766927700000000,1.86720000,1.86970000,1.86650000,1.86830000,234873.40000000,1766928599999999,438731.26778000,2302,115151.90000000,215184.82621000,0
1766928600000000,1.86820000,1.87060000,1.86810000,1.86890000,120607.20000000,1766929499999999,225409.90683000,1825,67496.80000000,126151.65410000,0
1766929500000000,1.86900000,1.86900000,1.86600000,1.86730000,350674.80000000,1766930399999999,654856.38155000,2181,48429.70000000,90447.94993000,0
1766930400000000,1.86740000,1.87170000,1.86720000,1.87080000,224405.20000000,1766931299999999,419631.52993000,2451,125591.10000000,234834.65695000,0
1766931300000000,1.87070000,1.87350000,1.87040000,1.87260000,330588.70000000,1766932199999999,618830.46303000,2651,153221.00000000,286828.05974000,0
1766932200000000,1.87260000,1.87660000,1.87140000,1.87440000,286890.00000000,1766933099999999,537532.85778000,3804,154042.10000000,288664.53904000,0
1766933100000000,1.87450000,1.87650000,1.87100000,1.87110000,337472.30000000,1766933999999999,632582.31972000,3967,117969.40000000,221114.20689000,0
1766934000000000,1.87110000,1.87540000,1.87020000,1.87400000,367143.50000000,1766934899999999,687587.76954000,3781,169831.80000000,318016.85506000,0
1766934900000000,1.87400000,1.87480000,1.87140000,1.87230000,289072.20000000,1766935799999999,541530.18368000,2588,127059.10000000,238060.15368000,0
1766935800000000,1.87230000,1.87500000,1.87030000,1.87360000,278178.50000000,1766936699999999,520950.11747000,2997,77350.40000000,144830.09014000,0
1766936700000000,1.87360000,1.87440000,1.86900000,1.87010000,271697.40000000,1766937599999999,508359.34791000,2950,58464.70000000,109415.21064000,0
1766937600000000,1.87010000,1.87180000,1.87000000,1.87140000,130457.90000000,1766938499999999,244091.01269000,2532,49740.30000000,93065.32194000,0
1766938500000000,1.87140000,1.87290000,1.86610000,1.86870000,310225.50000000,1766939399999999,579915.79725000,4146,142457.70000000,266341.19199000,0
1766939400000000,1.86860000,1.86980000,1.86630000,1.86640000,317476.30000000,1766940299999999,593072.10742000,3057,143615.90000000,268326.98826000,0
1766940300000000,1.86640000,1.86730000,1.86560000,1.86670000,384830.60000000,1766941199999999,718300.93948000,3162,113379.60000000,211631.57961000,0
1766941200000000,1.86670000,1.86990000,1.86620000,1.86960000,131216.20000000,1766942099999999,245122.34380000,2498,77963.70000000,145650.33740000,0
1766942100000000,1.86960000,1.87160000,1.86950000,1.87080000,224062.80000000,1766942999999999,419158.58188000,2191,59341.10000000,111010.02742000,0
1766943000000000,1.87090000,1.87110000,1.86900000,1.87060000,129776.30000000,1766943899999999,242697.10370000,2256,68279.10000000,127690.31030000,0
1766943900000000,1.87060000,1.87160000,1.86820000,1.86820000,147082.30000000,1766944799999999,275094.62440000,2087,44705.60000000,83629.46127000,0
1766944800000000,1.86830000,1.86860000,1.86160000,1.86260000,643285.50000000,1766945699999999,1199050.27862000,6450,203496.40000000,379360.12815000,0
1766945700000000,1.86250000,1.86260000,1.85390000,1.86020000,2103740.00000000,1766946599999999,3907626.43543000,10180,932263.50000000,1731178.38547000,0
1766946600000000,1.86020000,1.86220000,1.85920000,1.86050000,292883.40000000,1766947499999999,545191.92628000,3096,194222.80000000,361568.11952000,0
1766947500000000,1.86040000,1.86040000,1.85580000,1.85690000,347522.40000000,1766948399999999,645530.85231000,4199,102303.80000000,190018.92495000,0
1766948400000000,1.85690000,1.86050000,1.85390000,1.85900000,566096.90000000,1766949299999999,1051169.63946000,4379,242739.60000000,450773.27919000,0
1766949300000000,1.85900000,1.85920000,1.85550000,1.85580000,355309.10000000,1766950199999999,659942.06153000,3246,105908.60000000,196704.58807000,0
1766950200000000,1.85570000,1.85730000,1.85460000,1.85490000,371944.90000000,1766951099999999,690466.45673000,3330,207248.40000000,384730.55769000,0
1766951100000000,1.85480000,1.85800000,1.85460000,1.85730000,155742.40000000,1766951999999999,289211.75276000,2054,55925.40000000,103819.74115000,0
1766952000000000,1.85730000,1.85800000,1.85410000,1.85690000,313044.70000000,1766952899999999,581081.47022000,4734,144884.40000000,268937.67959000,0
1766952900000000,1.85690000,1.86220000,1.85690000,1.86160000,267593.80000000,1766953799999999,497803.56152000,2918,150350.00000000,279628.71591000,0
1766953800000000,1.86150000,1.86160000,1.85930000,1.86100000,80905.80000000,1766954699999999,150528.13873000,1988,52908.00000000,98438.01352000,0
1766954700000000,1.86100000,1.86280000,1.85820000,1.85820000,248794.30000000,1766955599999999,462917.45066000,2684,126369.50000000,235149.95548000,0
1766955600000000,1.85830000,1.85930000,1.85560000,1.85880000,326147.80000000,1766956499999999,605868.28458000,3772,138067.70000000,256510.23570000,0
1766956500000000,1.85870000,1.86060000,1.85750000,1.85810000,150522.00000000,1766957399999999,279851.32264000,2532,89169.90000000,165797.19267000,0
1766957400000000,1.85810000,1.86030000,1.85760000,1.85950000,164032.20000000,1766958299999999,304925.69264000,2856,87976.60000000,163537.19553000,0
1766958300000000,1.85940000,1.86300000,1.85920000,1.86240000,312206.00000000,1766959199999999,581167.29993000,3312,243872.30000000,453998.74256000,0
1766959200000000,1.86240000,1.86320000,1.86080000,1.86290000,240236.00000000,1766960099999999,447359.28016000,2657,122153.10000000,227451.42182000,0
1766960100000000,1.86280000,1.86420000,1.86000000,1.86280000,170390.00000000,1766960999999999,317352.37778000,2756,94610.50000000,176203.00386000,0
1766961000000000,1.86270000,1.86460000,1.86090000,1.86410000,195424.60000000,1766961899999999,364013.55438000,2347,100262.90000000,186734.93181000,0
1766961900000000,1.86400000,1.87100000,1.86400000,1.86870000,434689.40000000,1766962799999999,811893.99000000,5635,232109.30000000,433565.00880000,0
1766962800000000,1.86870000,1.87080000,1.86210000,1.86290000,371832.40000000,1766963699999999,693612.13472000,5769,150802.70000000,281331.63763000,0
1766963700000000,1.86280000,1.86630000,1.86140000,1.86140000,157342.30000000,1766964599999999,293237.48596000,2665,71445.10000000,133155.14026000,0
1766964600000000,1.86130000,1.86440000,1.85970000,1.86410000,234580.60000000,1766965499999999,436888.89570000,2967,112785.20000000,210064.99085000,0
1766965500000000,1.86400000,1.86820000,1.86370000,1.86540000,526194.10000000,1766966399999999,981818.19123000,3281,377099.60000000,703573.01203000,0
1766966400000000,1.86550000,1.86790000,1.86320000,1.86510000,328769.70000000,1766967299999999,613229.71037000,3795,185410.30000000,345820.16492000,0
1766967300000000,1.86520000,1.87130000,1.86290000,1.87080000,391446.10000000,1766968199999999,730833.59854000,7310,203170.20000000,379333.96825000,0
1766968200000000,1.87070000,1.87750000,1.87070000,1.87390000,976088.40000000,1766969099999999,1829936.93903000,11200,575265.70000000,1078430.35251000,0
1766969100000000,1.87390000,1.87760000,1.87240000,1.87340000,505191.10000000,1766969999999999,947022.94597000,5624,227465.00000000,426422.02562000,0
1766970000000000,1.87330000,1.87480000,1.86830000,1.87030000,394935.60000000,1766970899999999,738822.64554000,4987,180743.60000000,338110.24762000,0
1766970900000000,1.87030000,1.87440000,1.86520000,1.87330000,535868.20000000,1766971799999999,1002689.82297000,5371,228304.00000000,427059.29822000,0
1766971800000000,1.87330000,1.88670000,1.87080000,1.88140000,2952244.40000000,1766972699999999,5554193.84220000,14717,1356159.30000000,2550656.14337000,0
1766972700000000,1.88140000,1.88580000,1.88060000,1.88210000,756580.30000000,1766973599999999,1424303.60164000,6997,266946.30000000,502605.74147000,0
1766973600000000,1.88200000,1.89530000,1.88200000,1.89420000,2213646.90000000,1766974499999999,4185543.73444000,23044,1130772.60000000,2137907.87210000,0
1766974500000000,1.89420000,1.89720000,1.88750000,1.89160000,1278934.20000000,1766975399999999,2420274.09916000,11928,461436.00000000,872963.27655000,0
1766975400000000,1.89170000,1.89530000,1.89010000,1.89010000,402772.20000000,1766976299999999,762201.03152000,5579,171806.90000000,325091.35233000,0
1766976300000000,1.89020000,1.89300000,1.89000000,1.89180000,357138.00000000,1766977199999999,675555.52027000,3939,186015.30000000,351891.02607000,0
1766977200000000,1.89180000,1.89770000,1.89110000,1.89760000,672671.00000000,1766978099999999,1274336.24207000,5306,340286.10000000,644720.19520000,0
1766978100000000,1.89770000,1.90000000,1.89640000,1.89950000,681687.20000000,1766978999999999,1294118.38150000,5983,364515.30000000,692036.40809000,0
1766979000000000,1.89950000,1.91680000,1.89950000,1.91320000,2259741.50000000,1766979899999999,4311388.42998000,21967,1359624.90000000,2594153.79905000,0
1766979900000000,1.91330000,1.91750000,1.91080000,1.91500000,1387398.30000000,1766980799999999,2656398.62616000,12459,540007.30000000,1033960.09072000,0
1766980800000000,1.91510000,1.91800000,1.91020000,1.91390000,1037773.70000000,1766981699999999,1985900.72265000,11400,457292.90000000,875017.27325000,0
1766981700000000,1.91380000,1.91710000,1.90990000,1.91150000,942590.40000000,1766982599999999,1803503.04234000,8990,313859.70000000,600711.88377000,0
1766982600000000,1.91140000,1.91660000,1.91050000,1.91260000,756025.80000000,1766983499999999,1446585.87111000,7318,380869.00000000,728720.70345000,0
1766983500000000,1.91260000,1.91510000,1.91130000,1.91420000,537353.40000000,1766984399999999,1028137.80610000,5289,181977.40000000,348136.30209000,0
1766984400000000,1.91420000,1.91480000,1.91130000,1.91410000,666558.30000000,1766985299999999,1275377.87190000,6578,310085.90000000,593317.71485000,0
1766985300000000,1.91420000,1.91420000,1.90710000,1.90820000,2820012.90000000,1766986199999999,5387330.09864000,7170,629386.60000000,1202368.09060000,0
1766986200000000,1.90830000,1.91030000,1.90610000,1.90970000,1081529.10000000,1766987099999999,2063705.11988000,5466,494565.90000000,943746.37161000,0
1766987100000000,1.90970000,1.90980000,1.90260000,1.90260000,560169.70000000,1766987999999999,1067625.48601000,4383,104648.30000000,199427.67438000,0
1766988000000000,1.90260000,1.90590000,1.89800000,1.90510000,1021144.90000000,1766988899999999,1942671.03815000,5128,377954.20000000,719266.21904000,0
1766988900000000,1.90510000,1.90850000,1.90300000,1.90310000,541498.70000000,1766989799999999,1032200.83228000,3516,231921.10000000,442115.60545000,0
1766989800000000,1.90320000,1.90570000,1.90260000,1.90570000,617345.90000000,1766990699999999,1175559.20360000,3925,276770.20000000,527064.23181000,0
1766990700000000,1.90560000,1.90560000,1.90130000,1.90170000,560452.30000000,1766991599999999,1066704.45261000,5138,225055.70000000,428315.57409000,0
1766991600000000,1.90180000,1.90400000,1.89260000,1.89820000,1781070.20000000,1766992499999999,3380439.87823000,10208,650260.20000000,1233577.58212000,0
1766992500000000,1.89820000,1.89890000,1.89210000,1.89300000,572783.60000000,1766993399999999,1085345.66891000,6843,237560.60000000,450181.82012000,0
1766993400000000,1.89310000,1.90040000,1.89310000,1.89650000,391363.30000000,1766994299999999,742788.70779000,4392,139318.70000000,264360.60481000,0
1766994300000000,1.89660000,1.90240000,1.89650000,1.90100000,599899.40000000,1766995199999999,1140103.95002000,3264,268721.60000000,510622.27386000,0
1766995200000000,1.90100000,1.90370000,1.89790000,1.90320000,621129.10000000,1766996099999999,1180614.53071000,6322,318241.60000000,604938.44632000,0
1766996100000000,1.90310000,1.90530000,1.90200000,1.90440000,492658.80000000,1766996999999999,938008.55764000,4802,321934.00000000,612993.87123000,0
1766997000000000,1.90440000,1.90480000,1.89970000,1.90140000,585626.20000000,1766997899999999,1113728.25894000,4751,253832.40000000,482615.39220000,0
1766997900000000,1.90150000,1.90250000,1.89600000,1.89860000,583009.30000000,1766998799999999,1107052.35390000,4359,237393.50000000,450971.05561000,0
1766998800000000,1.89860000,1.89940000,1.89590000,1.89730000,316648.30000000,1766999699999999,600869.58301000,4651,136381.90000000,258794.67812000,0
1766999700000000,1.89720000,1.89900000,1.89360000,1.89470000,463446.20000000,1767000599999999,878994.52463000,3899,173568.50000000,329285.68368000,0
1767000600000000,1.89480000,1.89530000,1.87140000,1.87410000,3003282.60000000,1767001499999999,5649263.02868000,28164,1280317.30000000,2407500.34679000,0
1767001500000000,1.87400000,1.87610000,1.86600000,1.87610000,2054023.40000000,1767002399999999,3840761.39422000,19984,795597.30000000,1488114.04860000,0
1767002400000000,1.87600000,1.88340000,1.87410000,1.87990000,670048.80000000,1767003299999999,1258209.35790000,9703,437139.70000000,820849.63443000,0
1767003300000000,1.87980000,1.88010000,1.87680000,1.87820000,466392.90000000,1767004199999999,876172.56745000,5448,209136.50000000,392894.83892000,0
1767004200000000,1.87810000,1.87910000,1.87540000,1.87840000,522051.40000000,1767005099999999,980153.61329000,5035,238705.60000000,448236.05888000,0
1767005100000000,1.87830000,1.88030000,1.87330000,1.87600000,488557.40000000,1767005999999999,917452.17377000,5847,191685.90000000,359906.77852000,0
1767006000000000,1.87600000,1.87710000,1.87290000,1.87690000,505648.50000000,1767006899999999,948240.44229000,5916,192880.80000000,361635.75493000,0
1767006900000000,1.87690000,1.87700000,1.87510000,1.87560000,263596.80000000,1767007799999999,494494.76608000,3315,122505.40000000,229805.47441000,0
1767007800000000,1.87550000,1.87570000,1.87320000,1.87350000,509203.40000000,1767008699999999,954502.72144000,4403,347005.10000000,650461.62746000,0
1767008700000000,1.87350000,1.87500000,1.87140000,1.87170000,463262.60000000,1767009599999999,867648.10015000,4885,182998.70000000,342712.11853000,0
1767009600000000,1.87180000,1.87370000,1.85560000,1.86090000,2762639.70000000,1767010499999999,5148480.92045000,36692,1250800.50000000,2331280.51696000,0
1767010500000000,1.86090000,1.86800000,1.85550000,1.86530000,1526931.30000000,1767011399999999,2842923.86954000,18177,1074686.70000000,2001196.00112000,0
1767011400000000,1.86540000,1.86860000,1.86360000,1.86630000,663297.50000000,1767012299999999,1237655.18625000,7515,443711.40000000,827890.65893000,0
1767012300000000,1.86630000,1.86850000,1.86590000,1.86710000,466158.30000000,1767013199999999,870417.75133000,2789,131531.00000000,245558.81791000,0
1767013200000000,1.86720000,1.87030000,1.86560000,1.86620000,592875.30000000,1767014099999999,1107376.46533000,4866,379080.90000000,708131.43583000,0
1767014100000000,1.86620000,1.86840000,1.86270000,1.86300000,404544.40000000,1767014999999999,754912.02240000,5663,205601.80000000,383674.59462000,0
1767015000000000,1.86300000,1.86410000,1.86040000,1.86100000,345522.30000000,1767015899999999,643439.76583000,4575,109437.90000000,203789.97676000,0
1767015900000000,1.86110000,1.86370000,1.85790000,1.86360000,450320.60000000,1767016799999999,837844.09047000,6744,241685.30000000,449690.26885000,0
1767016800000000,1.86370000,1.86590000,1.86120000,1.86480000,433855.40000000,1767017699999999,808351.68593000,6909,171096.90000000,318773.19674000,0
1767017700000000,1.86480000,1.86780000,1.86000000,1.86740000,576076.30000000,1767018599999999,1073872.60149000,7326,252927.80000000,471486.91547000,0
1767018600000000,1.86740000,1.87900000,1.86460000,1.87460000,1346384.30000000,1767019499999999,2522128.55962000,27369,643442.40000000,1205204.56344000,0
1767019500000000,1.87470000,1.87580000,1.86460000,1.86690000,1024519.70000000,1767020399999999,1917023.08409000,16795,487671.50000000,912448.79890000,0
1767020400000000,1.86690000,1.87240000,1.86350000,1.87220000,837141.60000000,1767021299999999,1562584.22852000,13022,421463.90000000,786739.26208000,0
1767021300000000,1.87210000,1.87450000,1.86790000,1.87190000,645461.80000000,1767022199999999,1207935.99107000,10911,383004.50000000,716769.95714000,0
1767022200000000,1.87200000,1.87320000,1.86630000,1.87090000,690151.70000000,1767023099999999,1290007.54166000,8355,284191.10000000,531238.21496000,0
1767023100000000,1.87080000,1.87080000,1.86450000,1.86550000,540633.90000000,1767023999999999,1009884.21223000,7569,321176.70000000,600046.74456000,0
1767024000000000,1.86540000,1.86890000,1.86370000,1.86690000,389095.90000000,1767024899999999,726170.79569000,8568,197354.70000000,368308.49053000,0
1767024900000000,1.86700000,1.86700000,1.85820000,1.86110000,724385.60000000,1767025799999999,1349031.96005000,8371,360530.30000000,671384.82783000,0
1767025800000000,1.86110000,1.86400000,1.86070000,1.86250000,333684.20000000,1767026699999999,621352.57163000,6585,216331.50000000,402825.76713000,0
1767026700000000,1.86240000,1.86650000,1.86150000,1.86220000,384438.60000000,1767027599999999,716703.70237000,6138,214206.20000000,399372.61443000,0
1767027600000000,1.86220000,1.86490000,1.86180000,1.86290000,332266.20000000,1767028499999999,619099.93979000,4858,201260.30000000,374981.80231000,0
1767028500000000,1.86280000,1.86580000,1.85940000,1.86110000,377025.10000000,1767029399999999,702484.84616000,5364,242881.40000000,452607.87991000,0
1767029400000000,1.86120000,1.86220000,1.85900000,1.86110000,282272.90000000,1767030299999999,525203.71567000,5292,160025.70000000,297752.71793000,0
1767030300000000,1.86120000,1.86630000,1.86120000,1.86570000,300477.20000000,1767031199999999,560318.78510000,4360,212784.20000000,396790.44631000,0
1767031200000000,1.86560000,1.86780000,1.86060000,1.86220000,369160.50000000,1767032099999999,688104.49647000,5783,206543.90000000,385005.35182000,0
1767032100000000,1.86220000,1.86600000,1.86160000,1.86210000,643775.90000000,1767032999999999,1199554.71562000,4121,479073.30000000,892570.88845000,0
1767033000000000,1.86210000,1.86370000,1.85900000,1.86010000,428893.90000000,1767033899999999,798498.12988000,4738,158132.20000000,294375.68238000,0
1767033900000000,1.86000000,1.86020000,1.85480000,1.85520000,716310.30000000,1767034799999999,1330143.40235000,6184,255004.40000000,473640.55376000,0
1767034800000000,1.85520000,1.85930000,1.85000000,1.85690000,1193723.10000000,1767035699999999,2212848.95030000,9258,567181.40000000,1051851.31415000,0
1767035700000000,1.85700000,1.85980000,1.85510000,1.85610000,446820.30000000,1767036599999999,830072.92039000,4621,218626.40000000,406063.24231000,0
1767036600000000,1.85610000,1.85950000,1.85340000,1.85420000,428066.30000000,1767037499999999,794440.60945000,4331,208569.50000000,387281.04356000,0
1767037500000000,1.85410000,1.85520000,1.85180000,1.85340000,331677.20000000,1767038399999999,614713.05885000,4087,145403.40000000,269485.89464000,0
1767038400000000,1.85340000,1.85690000,1.85050000,1.85560000,510588.70000000,1767039299999999,946508.72403000,7478,220059.90000000,408088.15580000,0
1767039300000000,1.85570000,1.85760000,1.84920000,1.84960000,700509.20000000,1767040199999999,1297169.32706000,5977,264576.70000000,489927.73377000,0
1767040200000000,1.84960000,1.85180000,1.84500000,1.84930000,865956.90000000,1767041099999999,1600451.15522000,7209,362364.90000000,669831.19232000,0
1767041100000000,1.84930000,1.85100000,1.84740000,1.84960000,506658.10000000,1767041999999999,936911.49466000,6244,201174.10000000,372032.25112000,0
1767042000000000,1.84960000,1.85280000,1.84860000,1.85160000,360052.10000000,1767042899999999,666428.13598000,4535,195823.50000000,362502.30271000,0
1767042900000000,1.85150000,1.85150000,1.84840000,1.84950000,266074.00000000,1767043799999999,492063.31143000,2565,81641.10000000,150990.46898000,0
1767043800000000,1.84950000,1.85420000,1.84830000,1.85390000,275382.50000000,1767044699999999,509782.80043000,2396,190808.80000000,353198.43352000,0
1767044700000000,1.85380000,1.85430000,1.85290000,1.85390000,307673.30000000,1767045599999999,570260.48232000,2023,163199.80000000,302473.91396000,0
1767045600000000,1.85400000,1.85400000,1.84560000,1.84810000,440860.70000000,1767046499999999,815139.47276000,4174,166698.20000000,308173.17209000,0
1767046500000000,1.84800000,1.85310000,1.84800000,1.85090000,346354.10000000,1767047399999999,640871.13920000,3490,201393.40000000,372607.64427000,0
1767047400000000,1.85090000,1.85580000,1.85040000,1.85560000,372602.00000000,1767048299999999,690473.92275000,3681,231826.50000000,429582.15904000,0
1767048300000000,1.85560000,1.85580000,1.85190000,1.85240000,386872.00000000,1767049199999999,717299.22892000,3177,168277.80000000,311957.82024000,0
1767049200000000,1.85230000,1.85360000,1.85090000,1.85220000,321498.10000000,1767050099999999,595484.86970000,4334,174865.60000000,323886.58889000,0
1767050100000000,1.85220000,1.85270000,1.84880000,1.84910000,448341.60000000,1767050999999999,829698.74914000,2635,220961.30000000,408939.91280000,0
1767051000000000,1.84920000,1.85060000,1.84760000,1.84880000,350137.80000000,1767051899999999,647402.12078000,2739,211211.10000000,390526.36294000,0
1767051900000000,1.84880000,1.85140000,1.84820000,1.85080000,226289.70000000,1767052799999999,418586.37643000,2016,151471.10000000,280189.05334000,0
1767052800000000,1.85080000,1.85380000,1.85040000,1.85310000,300620.80000000,1767053699999999,556726.41322000,2712,132012.30000000,244453.97710000,0
1767053700000000,1.85310000,1.85480000,1.85120000,1.85150000,193118.30000000,1767054599999999,357823.85233000,2231,68564.90000000,127066.55067000,0
1767054600000000,1.85160000,1.85190000,1.84670000,1.84950000,530832.50000000,1767055499999999,981630.02582000,4864,208157.90000000,385019.91779000,0
1767055500000000,1.84960000,1.85150000,1.84910000,1.85140000,187610.40000000,1767056399999999,347207.49707000,2520,63689.60000000,117861.02414000,0
1767056400000000,1.85140000,1.85170000,1.84840000,1.85030000,227811.50000000,1767057299999999,421507.88512000,2577,98009.00000000,181334.78549000,0
1767057300000000,1.85020000,1.85160000,1.84900000,1.84920000,214145.20000000,1767058199999999,396159.81379000,2174,137415.20000000,254198.57687000,0
1767058200000000,1.84920000,1.84940000,1.84500000,1.84700000,326336.10000000,1767059099999999,602730.39044000,3025,180834.20000000,333965.50517000,0
1767059100000000,1.84700000,1.84960000,1.84680000,1.84770000,228231.90000000,1767059999999999,421752.67305000,3162,158765.40000000,293362.93510000,0
1767060000000000,1.84780000,1.84830000,1.84390000,1.84690000,280945.60000000,1767060899999999,518701.68381000,3890,108659.90000000,200611.59241000,0
1767060900000000,1.84680000,1.85060000,1.84660000,1.84680000,278167.70000000,1767061799999999,514234.55058000,3732,137356.70000000,253926.54307000,0
1767061800000000,1.84690000,1.84970000,1.84450000,1.84920000,877275.90000000,1767062699999999,1620149.78128000,6286,237853.90000000,439300.59971000,0
1767062700000000,1.84920000,1.85220000,1.84870000,1.85210000,715509.40000000,1767063599999999,1323675.34477000,3779,409114.20000000,756887.46223000,0
1767063600000000,1.85220000,1.85260000,1.85000000,1.85140000,177637.30000000,1767064499999999,328904.57296000,2550,62669.30000000,116037.14862000,0
1767064500000000,1.85150000,1.85810000,1.84880000,1.85810000,661994.00000000,1767065399999999,1227117.18440000,6410,332109.00000000,615620.10631000,0
1767065400000000,1.85810000,1.85920000,1.85700000,1.85830000,304084.90000000,1767066299999999,565036.88107000,2569,161204.70000000,299542.68978000,0
1767066300000000,1.85820000,1.86340000,1.85820000,1.86110000,515592.80000000,1767067199999999,959418.31221000,4396,260756.50000000,485140.61428000,0
1767067200000000,1.86120000,1.86400000,1.85740000,1.85890000,535866.00000000,1767068099999999,997700.73752000,4753,183881.20000000,342353.29856000,0
1767068100000000,1.85880000,1.86320000,1.85880000,1.86260000,287954.10000000,1767068999999999,536136.79097000,3131,134390.00000000,250211.21958000,0
1767069000000000,1.86260000,1.86310000,1.86090000,1.86310000,214927.60000000,1767069899999999,400249.40800000,1942,95873.30000000,178554.72614000,0
1767069900000000,1.86310000,1.86320000,1.86060000,1.86110000,206076.30000000,1767070799999999,383622.56336000,1719,70297.50000000,130848.21347000,0
1767070800000000,1.86110000,1.86260000,1.85990000,1.86260000,277778.00000000,1767071699999999,517073.21551000,2496,108829.00000000,202589.07341000,0
1767071700000000,1.86250000,1.86260000,1.85790000,1.85870000,301097.60000000,1767072599999999,560069.16015000,2729,65467.40000000,121724.40419000,0
1767072600000000,1.85870000,1.85880000,1.85520000,1.85710000,544799.60000000,1767073499999999,1011655.48091000,3471,160486.40000000,298012.54686000,0
1767073500000000,1.85700000,1.85950000,1.85610000,1.85890000,413210.50000000,1767074399999999,767805.20424000,2447,173962.70000000,323271.20814000,0
1767074400000000,1.85890000,1.86440000,1.85850000,1.86400000,495746.70000000,1767075299999999,923168.77263000,3228,215413.60000000,401110.55471000,0
1767075300000000,1.86390000,1.86530000,1.86220000,1.86380000,273351.60000000,1767076199999999,509454.67528000,2516,110543.00000000,206009.50839000,0
1767076200000000,1.86380000,1.86650000,1.86300000,1.86610000,420265.50000000,1767077099999999,783900.62757000,3048,128945.50000000,240494.04065000,0
1767077100000000,1.86610000,1.86760000,1.86170000,1.86200000,395682.60000000,1767077999999999,737989.33158000,2853,182071.30000000,339582.75197000,0
1767078000000000,1.86190000,1.86390000,1.86040000,1.86370000,315701.90000000,1767078899999999,587968.33522000,2571,197514.90000000,367859.13514000,0
1767078900000000,1.86360000,1.86520000,1.85830000,1.85840000,458728.70000000,1767079799999999,854136.74712000,3425,193343.80000000,360042.13180000,0
1767079800000000,1.85830000,1.86300000,1.85650000,1.86050000,519748.40000000,1767080699999999,966608.70654000,3801,279343.80000000,519459.43773000,0
1767080700000000,1.86060000,1.86170000,1.85950000,1.86040000,195539.50000000,1767081599999999,363793.49742000,2193,78136.50000000,145363.56301000,0
1767081600000000,1.86040000,1.87200000,1.85980000,1.86660000,1255165.50000000,1767082499999999,2342879.10120000,11765,455330.00000000,849649.93419000,0
1767082500000000,1.86660000,1.87090000,1.86200000,1.86490000,1630387.70000000,1767083399999999,3046111.76063000,8980,886691.40000000,1656454.43063000,0
1767083400000000,1.86480000,1.86900000,1.86380000,1.86720000,413419.30000000,1767084299999999,771854.14205000,4415,266914.90000000,498332.59118000,0
1767084300000000,1.86720000,1.86760000,1.86560000,1.86700000,264595.50000000,1767085199999999,493880.96276000,2584,125299.30000000,233862.78431000,0
1767085200000000,1.86710000,1.86910000,1.86650000,1.86780000,440344.30000000,1767086099999999,822520.45947000,3503,285540.60000000,533345.67474000,0
1767086100000000,1.86780000,1.86800000,1.86440000,1.86550000,681926.90000000,1767086999999999,1272878.16882000,3735,457814.00000000,854574.63713000,0
1767087000000000,1.86550000,1.86860000,1.86500000,1.86840000,212577.40000000,1767087899999999,396730.55402000,2415,106726.10000000,199175.97673000,0
1767087900000000,1.86840000,1.87120000,1.86750000,1.86900000,396976.30000000,1767088799999999,742200.96253000,3123,182419.40000000,341038.86863000,0
1767088800000000,1.86900000,1.86970000,1.86650000,1.86690000,473566.30000000,1767089699999999,884690.02470000,3583,259007.10000000,483915.03468000,0
1767089700000000,1.86680000,1.86970000,1.86650000,1.86810000,591552.70000000,1767090599999999,1104966.18011000,2673,184231.00000000,344155.31889000,0
1767090600000000,1.86800000,1.86800000,1.86540000,1.86720000,216163.00000000,1767091499999999,403514.11609000,2781,88329.90000000,164882.98895000,0
1767091500000000,1.86730000,1.86750000,1.86170000,1.86180000,377673.40000000,1767092399999999,704148.29236000,3724,157333.70000000,293343.73484000,0
1767092400000000,1.86190000,1.86400000,1.86080000,1.86260000,277327.00000000,1767093299999999,516613.32916000,2868,99834.40000000,185939.18300000,0
1767093300000000,1.86260000,1.86330000,1.86200000,1.86210000,226731.40000000,1767094199999999,422283.59168000,1577,113293.10000000,211009.10703000,0
1767094200000000,1.86210000,1.86350000,1.86030000,1.86160000,372797.10000000,1767095099999999,693905.52775000,2520,118411.00000000,220425.81635000,0
1767095100000000,1.86160000,1.86410000,1.86020000,1.86230000,342946.90000000,1767095999999999,638651.48366000,3332,73850.20000000,137561.77663000,0
1767096000000000,1.86240000,1.86660000,1.86170000,1.86620000,425239.20000000,1767096899999999,793110.82811000,3338,187440.90000000,349590.39222000,0
1767096900000000,1.86620000,1.86800000,1.86580000,1.86700000,462907.60000000,1767097799999999,864238.17831000,2540,236864.30000000,442201.27698000,0
1767097800000000,1.86700000,1.86730000,1.86520000,1.86530000,300298.30000000,1767098699999999,560423.42637000,2960,169233.60000000,315825.58513000,0
1767098700000000,1.86540000,1.86580000,1.86340000,1.86390000,194787.00000000,1767099599999999,363164.46257000,2099,62263.70000000,116085.50364000,0
1767099600000000,1.86390000,1.86390000,1.86010000,1.86170000,747741.10000000,1767100499999999,1392593.39556000,6381,151233.10000000,281603.05445000,0
1767100500000000,1.86160000,1.86460000,1.86120000,1.86350000,355485.20000000,1767101399999999,662302.84919000,3772,124586.10000000,232097.97040000,0
1767101400000000,1.86350000,1.86480000,1.86110000,1.86460000,309488.90000000,1767102299999999,576602.25319000,3733,108003.90000000,201246.35901000,0
1767102300000000,1.86450000,1.86510000,1.86360000,1.86380000,191758.50000000,1767103199999999,357463.90299000,2177,58501.80000000,109056.14065000,0
1767103200000000,1.86380000,1.86390000,1.85420000,1.86140000,1023532.80000000,1767104099999999,1903301.73902000,8200,357267.00000000,664229.96122000,0
1767104100000000,1.86130000,1.86640000,1.86040000,1.86250000,419740.70000000,1767104999999999,782147.83602000,5963,136571.90000000,254468.71168000,0
1767105000000000,1.86260000,1.86890000,1.85920000,1.86530000,987401.40000000,1767105899999999,1839811.58783000,13885,455391.90000000,848690.30831000,0
1767105900000000,1.86540000,1.87590000,1.86320000,1.87340000,1559205.00000000,1767106799999999,2916020.17839000,15101,788732.30000000,1474755.42246000,0
1767106800000000,1.87340000,1.87710000,1.86450000,1.86730000,986721.10000000,1767107699999999,1845288.55582000,13210,350124.70000000,655130.38165000,0
1767107700000000,1.86740000,1.87100000,1.86570000,1.87050000,371584.80000000,1767108599999999,694273.95215000,7897,178957.50000000,334372.81412000,0
1767108600000000,1.87040000,1.87480000,1.86980000,1.87470000,441013.40000000,1767109499999999,825771.02679000,7894,241017.30000000,451318.51531000,0
1767109500000000,1.87470000,1.87950000,1.87210000,1.87760000,1001808.50000000,1767110399999999,1879906.93495000,7911,321131.00000000,602642.22673000,0
1767110400000000,1.87770000,1.87980000,1.87370000,1.87390000,692648.00000000,1767111299999999,1299892.72303000,7409,282089.50000000,529345.16200000,0
1767111300000000,1.87390000,1.88200000,1.87360000,1.87940000,626542.30000000,1767112199999999,1177616.63451000,7273,351423.50000000,660555.70628000,0
1767112200000000,1.87940000,1.87990000,1.87200000,1.87230000,404294.30000000,1767113099999999,758106.16662000,5651,114162.80000000,214059.93981000,0
1767113100000000,1.87240000,1.88000000,1.86990000,1.87810000,773940.10000000,1767113999999999,1449499.94964000,5014,465460.70000000,871431.70881000,0
1767114000000000,1.87820000,1.88300000,1.87770000,1.88230000,828162.50000000,1767114899999999,1557791.58296000,5130,405141.70000000,761934.71014000,0
1767114900000000,1.88230000,1.88310000,1.87800000,1.88280000,815775.20000000,1767115799999999,1534465.93932000,6597,351989.60000000,662080.86336000,0
1767115800000000,1.88270000,1.88640000,1.87680000,1.87710000,1820167.30000000,1767116699999999,3427634.27677000,7135,833160.40000000,1568776.41370000,0
1767116700000000,1.87710000,1.87790000,1.87220000,1.87460000,769681.60000000,1767117599999999,1443314.36921000,8360,292900.10000000,549365.41390000,0
1767117600000000,1.87450000,1.87730000,1.87370000,1.87670000,313498.30000000,1767118499999999,588087.31560000,4054,150491.70000000,282303.72455000,0
1767118500000000,1.87670000,1.88040000,1.87620000,1.87920000,451367.30000000,1767119399999999,847848.95961000,3707,159793.60000000,300154.20280000,0
1767119400000000,1.87920000,1.88370000,1.87800000,1.87950000,1186710.30000000,1767120299999999,2232084.47672000,5033,803469.10000000,1511052.91472000,0
1767120300000000,1.87950000,1.88060000,1.87530000,1.87900000,461885.90000000,1767121199999999,867227.24829000,5201,221516.60000000,415855.85875000,0
1767121200000000,1.87900000,1.87940000,1.87120000,1.87420000,828219.20000000,1767122099999999,1553174.84513000,8773,354639.20000000,664878.56258000,0
1767122100000000,1.87420000,1.87860000,1.87400000,1.87850000,421662.40000000,1767122999999999,791153.57227000,6237,246452.70000000,462427.80473000,0
1767123000000000,1.87840000,1.88040000,1.87660000,1.87700000,291182.10000000,1767123899999999,547156.97359000,3539,165016.20000000,310067.26794000,0
1767123900000000,1.87710000,1.87740000,1.87350000,1.87650000,261220.90000000,1767124799999999,489951.05284000,3334,103790.40000000,194706.05300000,0
1767124800000000,1.87640000,1.87670000,1.87390000,1.87570000,439668.80000000,1767125699999999,824402.94901000,3714,203616.50000000,381795.68415000,0
1767125700000000,1.87580000,1.87670000,1.87150000,1.87170000,534896.00000000,1767126599999999,1002492.40899000,3590,237672.70000000,445402.05657000,0
1767126600000000,1.87170000,1.87260000,1.86850000,1.87020000,1271187.50000000,1767127499999999,2377883.30775000,5174,501758.80000000,938364.77916000,0
1767127500000000,1.87010000,1.87150000,1.86610000,1.86910000,843455.70000000,1767128399999999,1576522.18602000,4466,391603.60000000,731804.43219000,0
1767128400000000,1.86920000,1.87300000,1.86820000,1.87100000,434291.50000000,1767129299999999,812391.03121000,3820,119847.50000000,224149.76083000,0
1767129300000000,1.87100000,1.87300000,1.86980000,1.87120000,264211.80000000,1767130199999999,494428.14898000,2906,137099.20000000,256574.59355000,0
1767130200000000,1.87110000,1.87230000,1.86960000,1.87180000,270745.30000000,1767131099999999,506657.02351000,2488,183664.00000000,343686.78234000,0
1767131100000000,1.87190000,1.87360000,1.87070000,1.87330000,363026.90000000,1767131999999999,679784.80577000,2354,253190.50000000,474109.63224000,0
1767132000000000,1.87340000,1.87870000,1.87330000,1.87770000,570577.00000000,1767132899999999,1070712.35505000,3682,369322.20000000,693025.55809000,0
1767132900000000,1.87760000,1.87830000,1.87340000,1.87780000,626992.80000000,1767133799999999,1176371.41204000,3525,448276.70000000,841186.33596000,0
1767133800000000,1.87790000,1.87850000,1.87240000,1.87280000,464509.70000000,1767134699999999,871033.96943000,3767,310167.60000000,581626.83376000,0
1767134700000000,1.87280000,1.87390000,1.87180000,1.87210000,223047.40000000,1767135599999999,417639.17967000,2154,131776.20000000,246738.35850000,0
1767135600000000,1.87200000,1.87450000,1.87110000,1.87320000,336902.00000000,1767136499999999,631138.45958000,4627,198599.30000000,372042.94811000,0
1767136500000000,1.87310000,1.87760000,1.87310000,1.87760000,375483.40000000,1767137399999999,704428.51326000,2845,204796.60000000,384187.51571000,0
1767137400000000,1.87750000,1.87830000,1.87660000,1.87740000,336645.00000000,1767138299999999,632042.32872000,1924,245916.00000000,461690.05915000,0
1767138300000000,1.87740000,1.87820000,1.87640000,1.87760000,205884.00000000,1767139199999999,386493.48234000,1373,120475.60000000,226150.63507000,0
1767139200000000,1.87760000,1.87760000,1.87350000,1.87380000,446799.20000000,1767140099999999,837948.84834000,3756,192305.90000000,360696.33049000,0
1767140100000000,1.87390000,1.87560000,1.87190000,1.87500000,293773.30000000,1767140999999999,550328.76137000,3057,165008.80000000,309072.25549000,0
1767141000000000,1.87500000,1.87700000,1.87280000,1.87690000,395043.80000000,1767141899999999,740915.50593000,2896,240394.50000000,450817.49861000,0
1767141900000000,1.87690000,1.87690000,1.87360000,1.87400000,380246.40000000,1767142799999999,713195.18938000,2443,108158.00000000,202861.71925000,0
1767142800000000,1.87400000,1.87520000,1.87190000,1.87420000,372080.50000000,1767143699999999,697044.72130000,3715,220022.10000000,412186.36783000,0
1767143700000000,1.87420000,1.88140000,1.87380000,1.88060000,718686.60000000,1767144599999999,1349910.37510000,6183,348620.40000000,654880.39443000,0
1767144600000000,1.88070000,1.88390000,1.88050000,1.88190000,791590.20000000,1767145499999999,1489687.38587000,3475,501280.50000000,943173.20250000,0
1767145500000000,1.88190000,1.88290000,1.87890000,1.87950000,332236.00000000,1767146399999999,624723.65480000,2741,229909.00000000,432301.17442000,0
1767146400000000,1.87950000,1.87970000,1.87610000,1.87910000,449654.90000000,1767147299999999,844325.45480000,3347,263185.60000000,494146.88035000,0
1767147300000000,1.87910000,1.88000000,1.87650000,1.87660000,308091.20000000,1767148199999999,578718.24611000,2840,220795.60000000,414745.88995000,0
1767148200000000,1.87660000,1.87940000,1.87650000,1.87850000,521498.60000000,1767149099999999,979190.91607000,3483,329337.10000000,618339.90198000,0
1767149100000000,1.87840000,1.87930000,1.87610000,1.87930000,383837.30000000,1767149999999999,720828.81380000,3480,297982.60000000,559578.22175000,0
1767150000000000,1.87930000,1.87970000,1.87500000,1.87500000,333985.10000000,1767150899999999,627160.58439000,3270,196546.20000000,369107.59028000,0
1767150900000000,1.87500000,1.87500000,1.87160000,1.87250000,373835.80000000,1767151799999999,700105.37683000,1990,223523.30000000,418581.27903000,0
1767151800000000,1.87240000,1.87320000,1.86970000,1.87060000,343059.10000000,1767152699999999,641824.76834000,2658,117407.00000000,219645.77457000,0
1767152700000000,1.87070000,1.87220000,1.87020000,1.87200000,201819.70000000,1767153599999999,377631.66769000,1705,114513.20000000,214280.33515000,0
1767153600000000,1.87210000,1.87240000,1.86980000,1.86980000,273055.30000000,1767154499999999,510708.84629000,2318,99237.40000000,185606.70185000,0
1767154500000000,1.86970000,1.87100000,1.86720000,1.86780000,342062.20000000,1767155399999999,639370.71302000,3442,139989.20000000,261736.48495000,0
1767155400000000,1.86780000,1.86980000,1.86780000,1.86930000,282771.70000000,1767156299999999,528508.58652000,2387,83334.60000000,155737.45540000,0
1767156300000000,1.86930000,1.87020000,1.86840000,1.86840000,257691.70000000,1767157199999999,481735.08973000,1801,103502.20000000,193497.02699000,0
1767157200000000,1.86840000,1.87120000,1.86810000,1.87010000,331684.30000000,1767158099999999,620291.83023000,2725,156785.00000000,293208.01452000,0
1767158100000000,1.87010000,1.87150000,1.86850000,1.87140000,345719.30000000,1767158999999999,646622.49899000,2662,195300.90000000,365299.09789000,0
1767159000000000,1.87140000,1.87210000,1.87040000,1.87170000,288286.80000000,1767159899999999,539434.00946000,2439,198724.90000000,371845.20217000,0
1767159900000000,1.87170000,1.87290000,1.87140000,1.87230000,233964.80000000,1767160799999999,438049.82472000,1911,125794.50000000,235531.32030000,0
1767160800000000,1.87230000,1.87320000,1.87050000,1.87310000,226532.20000000,1767161699999999,424081.87353000,2328,147546.30000000,276231.44020000,0
1767161700000000,1.87320000,1.87550000,1.87310000,1.87540000,294353.90000000,1767162599999999,551785.56853000,2022,166135.50000000,311422.23100000,0
1767162600000000,1.87540000,1.87570000,1.87300000,1.87390000,210181.70000000,1767163499999999,393932.20658000,1910,55592.70000000,104195.68268000,0
1767163500000000,1.87400000,1.87500000,1.87300000,1.87310000,176868.20000000,1767164399999999,331510.71398000,1389,53000.10000000,99320.43931000,0
1767164400000000,1.87310000,1.87310000,1.87070000,1.87170000,164155.50000000,1767165299999999,307245.98669000,2166,60827.70000000,113845.38631000,0
1767165300000000,1.87160000,1.87220000,1.86850000,1.87130000,303022.60000000,1767166199999999,566837.06724000,2676,202594.60000000,379006.97475000,0
1767166200000000,1.87130000,1.87240000,1.87050000,1.87090000,172053.40000000,1767167099999999,321988.11436000,1956,79539.10000000,148853.20642000,0
1767167100000000,1.87090000,1.87270000,1.87010000,1.87270000,207388.10000000,1767167999999999,388031.83800000,1890,150742.70000000,282040.33395000,0
1767168000000000,1.87270000,1.87500000,1.87260000,1.87360000,384484.60000000,1767168899999999,720552.75689000,2864,218650.00000000,409785.58717000,0
1767168900000000,1.87360000,1.87370000,1.87220000,1.87240000,237313.90000000,1767169799999999,444466.08497000,2062,96394.30000000,180524.69357000,0
1767169800000000,1.87240000,1.87240000,1.86650000,1.86700000,286491.50000000,1767170699999999,535151.72609000,3363,134331.00000000,250897.13529000,0
1767170700000000,1.86700000,1.86860000,1.86550000,1.86740000,501259.90000000,1767171599999999,935714.96144000,3145,300370.10000000,560672.27888000,0
1767171600000000,1.86740000,1.87190000,1.86740000,1.86960000,380035.30000000,1767172499999999,710831.34176000,3160,162445.80000000,303818.95493000,0
1767172500000000,1.86970000,1.87120000,1.86960000,1.86970000,184825.00000000,1767173399999999,345745.01845000,1630,49473.80000000,92536.07117000,0
1767173400000000,1.86970000,1.87100000,1.86870000,1.86920000,140713.90000000,1767174299999999,263076.36349000,1769,49168.40000000,91927.76435000,0
1767174300000000,1.86930000,1.87140000,1.86930000,1.87090000,165519.40000000,1767175199999999,309613.41225000,1712,73676.80000000,137817.58634000,0
1767175200000000,1.87090000,1.87250000,1.87000000,1.87210000,235308.20000000,1767176099999999,440407.47592000,1764,120764.90000000,226041.22799000,0
1767176100000000,1.87200000,1.87370000,1.87000000,1.87080000,465438.80000000,1767176999999999,871031.95948000,2853,288678.20000000,540194.59451000,0
1767177000000000,1.87080000,1.87180000,1.86980000,1.87170000,342537.70000000,1767177899999999,640803.77628000,2863,256024.70000000,478971.65901000,0
1767177900000000,1.87160000,1.87240000,1.86990000,1.87220000,374888.40000000,1767178799999999,701470.59013000,3227,255896.40000000,478810.65343000,0
1767178800000000,1.87230000,1.87530000,1.87200000,1.87450000,276006.60000000,1767179699999999,517130.68673000,4231,160727.50000000,301126.18169000,0
1767179700000000,1.87440000,1.87600000,1.87350000,1.87560000,205918.10000000,1767180599999999,386012.80788000,2656,87264.10000000,163576.33064000,0
1767180600000000,1.87560000,1.88300000,1.87490000,1.88010000,1979070.20000000,1767181499999999,3719777.49861000,6717,916341.80000000,1721899.09654000,0
1767181500000000,1.88010000,1.88010000,1.87790000,1.87900000,621732.40000000,1767182399999999,1168202.55761000,3549,242661.30000000,455935.20077000,0
1767182400000000,1.87890000,1.87900000,1.87700000,1.87700000,467065.50000000,1767183299999999,877266.04477000,2854,272273.00000000,511397.91928000,0
1767183300000000,1.87700000,1.87920000,1.87600000,1.87650000,306843.50000000,1767184199999999,576061.81945000,2526,165177.70000000,310062.78407000,0
1767184200000000,1.87640000,1.87800000,1.87430000,1.87470000,333156.40000000,1767185099999999,625035.29070000,3295,158859.60000000,297984.18942000,0
1767185100000000,1.87470000,1.87690000,1.87330000,1.87610000,313593.70000000,1767185999999999,587953.01251000,3139,178232.20000000,334171.24033000,0
1767186000000000,1.87620000,1.87800000,1.87600000,1.87760000,361815.80000000,1767186899999999,679223.71988000,2687,111383.10000000,209069.17923000,0
1767186900000000,1.87770000,1.87830000,1.87600000,1.87640000,428741.10000000,1767187799999999,805027.13365000,2735,164352.40000000,308603.72896000,0
1767187800000000,1.87640000,1.87640000,1.87310000,1.87360000,352883.50000000,1767188699999999,661406.13728000,2784,138923.30000000,260353.79366000,0
1767188700000000,1.87360000,1.87830000,1.87280000,1.87610000,497306.70000000,1767189599999999,932661.32977000,3592,171377.00000000,321361.22849000,0
1767189600000000,1.87620000,1.88300000,1.87570000,1.87820000,898397.90000000,1767190499999999,1688062.32657000,5904,339942.10000000,638801.33029000,0
1767190500000000,1.87810000,1.87920000,1.87240000,1.87280000,578137.10000000,1767191399999999,1083988.14213000,3811,251769.10000000,472033.54712000,0
1767191400000000,1.87280000,1.87340000,1.86710000,1.86830000,809165.90000000,1767192299999999,1512784.39637000,11080,338519.20000000,632871.69764000,0
1767192300000000,1.86830000,1.86940000,1.86400000,1.86650000,1246383.00000000,1767193199999999,2326168.85938000,11311,434894.50000000,811825.03958000,0
1767193200000000,1.86650000,1.86770000,1.85640000,1.86200000,1265451.30000000,1767194099999999,2357161.14194000,13435,498759.70000000,928909.66428000,0
1767194100000000,1.86190000,1.86230000,1.85700000,1.85810000,1256777.30000000,1767194999999999,2336583.99943000,9112,435378.90000000,809659.73974000,0
1767195000000000,1.85800000,1.85930000,1.85340000,1.85760000,769808.20000000,1767195899999999,1428419.47753000,8635,365996.60000000,679210.15844000,0
1767195900000000,1.85760000,1.86080000,1.85720000,1.85940000,675014.20000000,1767196799999999,1255103.91592000,5445,372209.30000000,692066.88337000,0
1767196800000000,1.85940000,1.86000000,1.85570000,1.85650000,446222.00000000,1767197699999999,828882.85473000,6093,238152.30000000,442337.35803000,0
1767197700000000,1.85640000,1.85890000,1.85230000,1.85550000,901382.90000000,1767198599999999,1673443.26593000,7252,531170.40000000,986297.33804000,0
1767198600000000,1.85550000,1.85560000,1.84060000,1.84630000,2673531.00000000,1767199499999999,4935307.69436000,16494,1293483.20000000,2387028.91527000,0
1767199500000000,1.84630000,1.84710000,1.84390000,1.84420000,2226634.20000000,1767200399999999,4109064.74441000,10218,1082768.00000000,1998221.88174000,0
1767200400000000,1.84420000,1.84470000,1.83750000,1.83820000,1629997.50000000,1767201299999999,3000033.05162000,7948,664189.00000000,1222892.54915000,0
1767201300000000,1.83820000,1.84580000,1.83640000,1.84220000,1619070.00000000,1767202199999999,2980425.83781000,8542,1000353.40000000,1841649.64864000,0
1767202200000000,1.84220000,1.84340000,1.83810000,1.84030000,517263.30000000,1767203099999999,952422.44892000,4553,331901.00000000,611206.75704000,0
1767203100000000,1.84040000,1.84090000,1.83370000,1.83480000,759805.50000000,1767203999999999,1395972.01787000,5675,424484.30000000,779995.36602000,0
1767204000000000,1.83480000,1.84150000,1.83240000,1.83860000,1159060.90000000,1767204899999999,2129428.61242000,7810,785046.90000000,1442630.40300000,0
1767204900000000,1.83860000,1.84160000,1.83770000,1.83970000,523053.80000000,1767205799999999,962096.64823000,4468,311419.70000000,572802.55679000,0
1767205800000000,1.83970000,1.84000000,1.83670000,1.83750000,422380.10000000,1767206699999999,776710.84514000,3227,228930.00000000,420981.59173000,0
1767206700000000,1.83760000,1.83810000,1.83440000,1.83460000,468769.40000000,1767207599999999,860585.72821000,4264,186443.70000000,342354.24194000,0
1767207600000000,1.83460000,1.83880000,1.83460000,1.83700000,404838.00000000,1767208499999999,743691.75830000,3365,262180.80000000,481614.50449000,0
1767208500000000,1.83700000,1.83740000,1.82700000,1.83010000,2312366.70000000,1767209399999999,4235798.18872000,7724,1066399.60000000,1954645.10647000,0
1767209400000000,1.83000000,1.83120000,1.82640000,1.82820000,1075301.50000000,1767210299999999,1967091.65091000,6221,679398.60000000,1242794.57026000,0
1767210300000000,1.82810000,1.83150000,1.82750000,1.82870000,464094.50000000,1767211199999999,849189.95485000,4056,277340.90000000,507444.20211000,0
1767211200000000,1.82870000,1.82890000,1.81420000,1.81720000,2592204.00000000,1767212099999999,4718537.70306000,19683,952947.00000000,1734291.48874000,0
1767212100000000,1.81730000,1.82170000,1.81230000,1.81880000,2265033.30000000,1767212999999999,4114207.04841000,12828,1239623.70000000,2252637.10511000,0
1767213000000000,1.81870000,1.82360000,1.81700000,1.82020000,811955.70000000,1767213899999999,1477072.11744000,8154,391998.20000000,713190.64539000,0
1767213900000000,1.82020000,1.83500000,1.81930000,1.83010000,952617.70000000,1767214799999999,1742346.51984000,10815,547455.80000000,1001227.80742000,0
1767214800000000,1.83020000,1.83360000,1.82770000,1.83330000,579106.90000000,1767215699999999,1060258.83537000,6905,282197.90000000,516719.19090000,0
1767215700000000,1.83330000,1.83510000,1.83220000,1.83370000,701997.30000000,1767216599999999,1287380.98945000,3308,216061.20000000,396208.88779000,0
1767216600000000,1.83380000,1.84250000,1.83380000,1.84200000,574829.70000000,1767217499999999,1057389.39049000,5285,340289.00000000,625905.16936000,0
1767217500000000,1.84200000,1.84330000,1.83890000,1.84150000,503527.30000000,1767218399999999,927345.05444000,5643,298805.40000000,550311.00640000,0
1767218400000000,1.84150000,1.84440000,1.83980000,1.84320000,434414.50000000,1767219299999999,800286.88271000,4643,257423.90000000,474189.23134000,0
1767219300000000,1.84320000,1.84810000,1.84200000,1.84530000,474680.60000000,1767220199999999,875852.96166000,4867,292531.70000000,539733.89417000,0
1767220200000000,1.84520000,1.84530000,1.83980000,1.83990000,734959.60000000,1767221099999999,1353903.26908000,5337,366147.50000000,674482.74378000,0
1767221100000000,1.83990000,1.84140000,1.83730000,1.84120000,480582.10000000,1767221999999999,883818.30763000,4000,280911.20000000,516643.40273000,0
1767222000000000,1.84110000,1.84300000,1.83940000,1.84270000,287943.50000000,1767222899999999,530145.87693000,4301,162659.60000000,299476.73939000,0
1767222900000000,1.84270000,1.84410000,1.84060000,1.84340000,436854.70000000,1767223799999999,804763.21216000,3619,200145.50000000,368689.44897000,0
1767223800000000,1.84340000,1.84480000,1.84260000,1.84290000,511500.70000000,1767224699999999,943004.03731000,3361,266688.80000000,491693.10450000,0
1767224700000000,1.84300000,1.84350000,1.84100000,1.84230000,290800.50000000,1767225599999999,535660.80214000,2853,119419.20000000,219979.02796000,0
