1751328000000000,2.23620000,2.24960000,2.23280000,2.24510000,3615645.10000000,1751328899999999,8110236.03632000,15901,2000171.90000000,4488907.25835000,0
1751328900000000,2.24500000,2.25220000,2.23910000,2.23920000,1613542.10000000,1751329799999999,3625517.67837000,15073,576448.50000000,1295291.39239000,0
1751329800000000,2.23920000,2.24310000,2.23270000,2.23970000,1543234.30000000,1751330699999999,3454386.92369000,13780,584273.10000000,1307660.91388000,0
1751330700000000,2.23960000,2.24320000,2.23690000,2.23830000,1132216.20000000,1751331599999999,2535590.08024000,9371,523618.10000000,1172495.78774000,0
1751331600000000,2.23840000,2.24780000,2.23700000,2.24690000,958963.20000000,1751332499999999,2149078.56021000,9501,601420.30000000,1347749.25347000,0
1751332500000000,2.24680000,2.25370000,2.24590000,2.24830000,1175963.80000000,1751333399999999,2644990.41172000,8787,772359.70000000,1737180.10841000,0
1751333400000000,2.24840000,2.25190000,2.24020000,2.24180000,1204957.60000000,1751334299999999,2709286.21152000,6895,576706.80000000,1296448.33259000,0
1751334300000000,2.24170000,2.24310000,2.22770000,2.23050000,1290126.30000000,1751335199999999,2881492.30434000,9649,619189.30000000,1383290.62571000,0
1751335200000000,2.23060000,2.23360000,2.22650000,2.23050000,934947.10000000,1751336099999999,2085414.48464000,8388,564479.70000000,1259136.32486000,0
1751336100000000,2.23060000,2.23520000,2.23000000,2.23220000,664962.10000000,1751336999999999,1484656.34859000,7050,385059.60000000,859715.35797000,0
1751337000000000,2.23230000,2.23600000,2.22760000,2.22850000,854373.00000000,1751337899999999,1905819.93219000,8078,340578.20000000,759846.72720000,0
1751337900000000,2.22860000,2.22900000,2.22390000,2.22770000,947766.00000000,1751338799999999,2110079.40486000,8989,505802.50000000,1126194.11882000,0
1751338800000000,2.22770000,2.23080000,2.22400000,2.22620000,1014663.00000000,1751339699999999,2260359.30948000,8407,572252.90000000,1274745.88357000,0
1751339700000000,2.22630000,2.23390000,2.22560000,2.23290000,1041325.80000000,1751340599999999,2322307.44076000,6632,545660.70000000,1216711.40888000,0
1751340600000000,2.23290000,2.23630000,2.23290000,2.23350000,768148.40000000,1751341499999999,1716346.69737000,4598,429455.20000000,959549.03351000,0
1751341500000000,2.23340000,2.23730000,2.23110000,2.23730000,725377.10000000,1751342399999999,1621539.15732000,4233,368545.10000000,823734.03218000,0
1751342400000000,2.23730000,2.23730000,2.23240000,2.23440000,741209.40000000,1751343299999999,1656533.21024000,4849,309038.30000000,690515.62565000,0
1751343300000000,2.23440000,2.23520000,2.22770000,2.22780000,621324.80000000,1751344199999999,1386156.46468000,6813,271476.50000000,605763.61326000,0
1751344200000000,2.22780000,2.23140000,2.22540000,2.22550000,731429.40000000,1751345099999999,1629749.01393000,5856,339783.30000000,757176.64664000,0
1751345100000000,2.22550000,2.22630000,2.22010000,2.22240000,1206639.30000000,1751345999999999,2681812.79770000,9617,551362.20000000,1225461.61465000,0
1751346000000000,2.22250000,2.22590000,2.21810000,2.21810000,1509655.80000000,1751346899999999,3352549.51634000,7909,594798.60000000,1320972.40808000,0
1751346900000000,2.21820000,2.22160000,2.21500000,2.21620000,1377061.90000000,1751347799999999,3053899.19966000,9952,608003.20000000,1348376.05859000,0
1751347800000000,2.21610000,2.22080000,2.21360000,2.21980000,1112268.60000000,1751348699999999,2467002.62592000,9681,648481.90000000,1438391.21810000,0
1751348700000000,2.21980000,2.22290000,2.21440000,2.21520000,1503935.60000000,1751349599999999,3337593.51876000,7241,644755.80000000,1430918.74965000,0
1751349600000000,2.21510000,2.21550000,2.20900000,2.21050000,1916350.60000000,1751350499999999,4238748.38421000,9913,879384.00000000,1945382.02131000,0
1751350500000000,2.21050000,2.21820000,2.21030000,2.21540000,986585.40000000,1751351399999999,2184807.21520000,6463,622574.60000000,1378652.56433000,0
1751351400000000,2.21550000,2.21970000,2.21510000,2.21960000,1070678.70000000,1751352299999999,2373758.54047000,5190,773012.60000000,1713783.42195000,0
1751352300000000,2.21960000,2.22140000,2.21890000,2.22130000,810827.20000000,1751353199999999,1800226.62264000,4981,459466.80000000,1020163.55725000,0
1751353200000000,2.22130000,2.22400000,2.22000000,2.22080000,1534969.30000000,1751354099999999,3410678.71625000,5893,852899.50000000,1895162.99355000,0
1751354100000000,2.22090000,2.22190000,2.20580000,2.21590000,2949434.70000000,1751354999999999,6529202.36800000,16309,1056156.10000000,2337165.17932000,0
1751355000000000,2.21580000,2.21850000,2.21020000,2.21770000,1380254.40000000,1751355899999999,3055787.45198000,10616,863552.50000000,1911555.96032000,0
1751355900000000,2.21760000,2.22520000,2.21680000,2.22420000,1083974.20000000,1751356799999999,2409391.80302000,6832,636695.80000000,1415214.42467000,0
1751356800000000,2.22410000,2.22710000,2.21810000,2.21920000,820844.20000000,1751357699999999,1824856.89625000,5911,386194.60000000,858475.49369000,0
1751357700000000,2.21920000,2.22140000,2.21540000,2.21610000,817223.70000000,1751358599999999,1812909.36313000,6238,326799.20000000,724962.83906000,0
1751358600000000,2.21600000,2.21700000,2.20830000,2.20980000,1037468.90000000,1751359499999999,2293511.30307000,6322,345869.40000000,764711.44382000,0
1751359500000000,2.20980000,2.21570000,2.20600000,2.20890000,2281812.20000000,1751360399999999,5042357.93334000,8679,663144.20000000,1466248.92258000,0
1751360400000000,2.20880000,2.21200000,2.20740000,2.20810000,557448.90000000,1751361299999999,1231943.15757000,6279,347879.80000000,768723.52171000,0
1751361300000000,2.20810000,2.21210000,2.20540000,2.20780000,596005.50000000,1751362199999999,1316604.42823000,7290,379460.40000000,838441.34286000,0
1751362200000000,2.20790000,2.20810000,2.19970000,2.20060000,1340435.80000000,1751363099999999,2951974.44744000,7800,249232.50000000,549084.97052000,0
1751363100000000,2.20060000,2.20640000,2.19890000,2.20520000,584122.40000000,1751363999999999,1286479.08027000,5544,287140.50000000,632492.89961000,0
1751364000000000,2.20510000,2.20830000,2.20130000,2.20220000,705875.30000000,1751364899999999,1556522.43962000,6292,449679.50000000,991650.45274000,0
1751364900000000,2.20220000,2.20600000,2.19770000,2.19780000,730571.00000000,1751365799999999,1607958.20870000,5404,263623.70000000,580164.28201000,0
1751365800000000,2.19780000,2.20300000,2.19610000,2.19920000,602867.80000000,1751366699999999,1325373.52056000,6719,280804.40000000,617407.93718000,0
1751366700000000,2.19920000,2.20430000,2.19750000,2.20340000,597610.30000000,1751367599999999,1315311.29928000,5103,369553.30000000,813487.75922000,0
1751367600000000,2.20340000,2.20460000,2.19420000,2.19480000,922484.70000000,1751368499999999,2029253.63509000,6762,359388.40000000,790819.10439000,0
1751368500000000,2.19490000,2.19920000,2.19370000,2.19810000,617362.00000000,1751369399999999,1355964.78452000,5210,200882.30000000,441262.31849000,0
1751369400000000,2.19810000,2.20070000,2.19240000,2.19440000,910939.60000000,1751370299999999,2000690.29050000,6130,285641.30000000,627421.30315000,0
1751370300000000,2.19450000,2.20390000,2.19350000,2.20200000,999831.40000000,1751371199999999,2198710.49294000,5704,560578.60000000,1232914.24467000,0
1751371200000000,2.20210000,2.20400000,2.19970000,2.20050000,1198465.50000000,1751372099999999,2638767.26113000,8021,668726.50000000,1472430.84829000,0
1751372100000000,2.20050000,2.20060000,2.19480000,2.19630000,644296.70000000,1751372999999999,1415890.13231000,7444,289878.60000000,637165.92126000,0
1751373000000000,2.19630000,2.19910000,2.19250000,2.19250000,648654.20000000,1751373899999999,1424413.10034000,6648,375114.90000000,823732.34879000,0
1751373900000000,2.19240000,2.19890000,2.19180000,2.19590000,1038194.20000000,1751374799999999,2280439.87259000,6734,554456.40000000,1217826.29824000,0
1751374800000000,2.19580000,2.21040000,2.18550000,2.18690000,5073907.60000000,1751375699999999,11151156.82510000,27670,2576855.70000000,5665186.69416000,0
1751375700000000,2.18690000,2.18990000,2.18290000,2.18980000,3577093.80000000,1751376599999999,7819758.74781000,14916,2067660.70000000,4520450.19078000,0
1751376600000000,2.18980000,2.19830000,2.18120000,2.18620000,1970491.00000000,1751377499999999,4314539.18821000,19069,914902.70000000,2003342.35646000,0
1751377500000000,2.18610000,2.19990000,2.18480000,2.19590000,1210356.00000000,1751378399999999,2657704.24022000,16762,557416.60000000,1224149.47114000,0
1751378400000000,2.19600000,2.20470000,2.19410000,2.20410000,1569503.80000000,1751379299999999,3452635.43036000,14671,833429.10000000,1833626.11037000,0
1751379300000000,2.20410000,2.20790000,2.18420000,2.18690000,1750904.30000000,1751380199999999,3846425.10381000,18324,640349.00000000,1407914.08593000,0
1751380200000000,2.18700000,2.19840000,2.17930000,2.18230000,2723483.20000000,1751381099999999,5958063.88251000,23743,1085599.10000000,2376852.03592000,0
1751381100000000,2.18230000,2.18530000,2.17540000,2.18520000,2429895.20000000,1751381999999999,5297211.75070000,24806,1192241.20000000,2599702.27171000,0
1751382000000000,2.18510000,2.18990000,2.17710000,2.18090000,2097098.70000000,1751382899999999,4578437.50357000,18738,790199.50000000,1725711.78829000,0
1751382900000000,2.18090000,2.18990000,2.18090000,2.18770000,2075289.40000000,1751383799999999,4536713.32118000,16521,1327058.80000000,2900703.05492000,0
1751383800000000,2.18780000,2.20000000,2.18610000,2.18790000,1386972.10000000,1751384699999999,3043150.54051000,14499,739019.60000000,1621568.34195000,0
1751384700000000,2.18790000,2.19210000,2.18710000,2.18850000,553750.70000000,1751385599999999,1212331.11442000,8247,290773.40000000,636585.71565000,0
1751385600000000,2.18840000,2.19840000,2.18750000,2.19670000,1123885.00000000,1751386499999999,2464810.55114000,11143,470851.40000000,1032529.27465000,0
1751386500000000,2.19670000,2.19680000,2.18730000,2.18870000,900488.20000000,1751387399999999,1972686.78033000,8599,412557.90000000,903883.69930000,0
1751387400000000,2.18870000,2.19270000,2.18410000,2.19170000,904005.30000000,1751388299999999,1979159.07429000,6958,493169.40000000,1079696.19260000,0
1751388300000000,2.19170000,2.20460000,2.18640000,2.19870000,2441720.40000000,1751389199999999,5363598.96916000,16062,1453120.80000000,3191283.27540000,0
1751389200000000,2.19870000,2.20150000,2.18520000,2.19370000,1414850.10000000,1751390099999999,3101394.66786000,18754,569361.30000000,1247977.24372000,0
1751390100000000,2.19360000,2.19580000,2.19050000,2.19050000,801081.00000000,1751390999999999,1757637.14753000,7253,404659.80000000,887840.25182000,0
1751391000000000,2.19050000,2.19120000,2.18540000,2.18880000,645598.00000000,1751391899999999,1412818.50503000,6066,334353.20000000,731706.63657000,0
1751391900000000,2.18890000,2.19150000,2.18690000,2.18950000,452991.90000000,1751392799999999,991617.87168000,5746,209522.80000000,458609.61761000,0
1751392800000000,2.18950000,2.18960000,2.18450000,2.18590000,569755.80000000,1751393699999999,1245700.77148000,5039,273735.50000000,598480.44475000,0
1751393700000000,2.18590000,2.18600000,2.17710000,2.17780000,1959987.30000000,1751394599999999,4273483.05081000,8593,536016.80000000,1168287.46210000,0
1751394600000000,2.17790000,2.18080000,2.17370000,2.17590000,1688827.90000000,1751395499999999,3676083.23227000,9123,650797.10000000,1417027.95293000,0
1751395500000000,2.17590000,2.17640000,2.16290000,2.16730000,3869375.10000000,1751396399999999,8395525.23149000,15600,1471636.10000000,3192584.44261000,0
1751396400000000,2.16720000,2.17470000,2.16320000,2.17200000,1524134.80000000,1751397299999999,3306230.39285000,17463,849535.50000000,1843145.96273000,0
1751397300000000,2.17190000,2.17420000,2.16840000,2.17200000,923703.80000000,1751398199999999,2005376.74646000,8045,492855.70000000,1069957.44705000,0
1751398200000000,2.17200000,2.17210000,2.16080000,2.16640000,1396230.40000000,1751399099999999,3024064.33871000,11133,603348.40000000,1306886.86539000,0
1751399100000000,2.16640000,2.17100000,2.15620000,2.15740000,1923926.80000000,1751399999999999,4159536.89685000,15666,883308.30000000,1909299.13525000,0
1751400000000000,2.15730000,2.15920000,2.14750000,2.15050000,4121361.50000000,1751400899999999,8866981.97041000,29523,1664420.10000000,3580991.32459000,0
1751400900000000,2.15050000,2.16210000,2.14930000,2.16130000,1605240.10000000,1751401799999999,3462749.70877000,12325,958804.20000000,2068017.72591000,0
1751401800000000,2.16130000,2.16850000,2.16100000,2.16680000,1532307.70000000,1751402699999999,3318207.60859000,7839,1063587.90000000,2303192.88103000,0
1751402700000000,2.16670000,2.17740000,2.16670000,2.17120000,1749726.50000000,1751403599999999,3804183.68856000,11095,863265.50000000,1876572.49464000,0
1751403600000000,2.17110000,2.17150000,2.16570000,2.16880000,1069465.10000000,1751404499999999,2319169.86776000,8561,482940.10000000,1047219.85308000,0
1751404500000000,2.16880000,2.18170000,2.16810000,2.18010000,1545676.60000000,1751405399999999,3364427.67327000,9720,895711.60000000,1949728.51723000,0
1751405400000000,2.18020000,2.18020000,2.17420000,2.17670000,708679.40000000,1751406299999999,1543184.70107000,6720,307079.50000000,668530.12180000,0
1751406300000000,2.17670000,2.17790000,2.17280000,2.17640000,532295.50000000,1751407199999999,1158247.34018000,5006,244716.40000000,532398.45179000,0
1751407200000000,2.17640000,2.17640000,2.16690000,2.17390000,799557.20000000,1751408099999999,1735657.86451000,11754,364897.70000000,792152.81227000,0
1751408100000000,2.17390000,2.17580000,2.17180000,2.17310000,526738.00000000,1751408999999999,1145085.61927000,5817,226658.90000000,492676.97221000,0
1751409000000000,2.17310000,2.17800000,2.17190000,2.17720000,413484.00000000,1751409899999999,899755.42594000,4194,205336.70000000,446810.14508000,0
1751409900000000,2.17730000,2.17840000,2.17210000,2.17370000,482997.00000000,1751410799999999,1050633.38782000,3939,205054.60000000,445969.77383000,0
1751410800000000,2.17370000,2.17370000,2.16810000,2.16910000,612526.20000000,1751411699999999,1329501.82635000,7461,171675.50000000,372570.37308000,0
1751411700000000,2.16920000,2.17110000,2.16820000,2.17060000,455872.70000000,1751412599999999,989095.07984000,4555,255895.30000000,555230.08866000,0
1751412600000000,2.17060000,2.17250000,2.16920000,2.17220000,426216.60000000,1751413499999999,925033.84259000,3727,162952.50000000,353683.77056000,0
1751413500000000,2.17230000,2.17270000,2.17040000,2.17200000,341913.70000000,1751414399999999,742503.88774000,3276,162966.20000000,353881.62793000,0
1751414400000000,2.17190000,2.17630000,2.16910000,2.17520000,545516.10000000,1751415299999999,1185759.04229000,5890,300273.20000000,652653.65595000,0
1751415300000000,2.17520000,2.17730000,2.17220000,2.17260000,554320.80000000,1751416199999999,1205671.80484000,4588,297082.40000000,646140.19625000,0
1751416200000000,2.17270000,2.17500000,2.16980000,2.17390000,612043.30000000,1751417099999999,1330033.55898000,4574,308240.40000000,669756.50666000,0
1751417100000000,2.17380000,2.17390000,2.16480000,2.16520000,691808.00000000,1751417999999999,1499464.18744000,5097,357552.20000000,774908.50068000,0
1751418000000000,2.16530000,2.16950000,2.16520000,2.16680000,496105.00000000,1751418899999999,1075174.71795000,4725,206702.50000000,447947.78782000,0
1751418900000000,2.16680000,2.17780000,2.15700000,2.17360000,1755553.90000000,1751419799999999,3801758.08419000,12543,769683.10000000,1667617.28503000,0
1751419800000000,2.17350000,2.18000000,2.17130000,2.17870000,624413.30000000,1751420699999999,1358510.56052000,4953,328469.10000000,714719.25297000,0
1751420700000000,2.17880000,2.18090000,2.17590000,2.18040000,992517.70000000,1751421599999999,2162091.23909000,3881,752258.60000000,1638753.13216000,0
1751421600000000,2.18050000,2.18330000,2.17550000,2.17590000,579800.10000000,1751422499999999,1263874.26282000,5089,321652.60000000,701272.00212000,0
1751422500000000,2.17580000,2.17590000,2.17170000,2.17520000,786204.80000000,1751423399999999,1708745.28836000,3716,211347.50000000,459431.12997000,0
1751423400000000,2.17530000,2.17530000,2.17120000,2.17150000,423133.70000000,1751424299999999,919390.01649000,3105,222415.30000000,483219.49775000,0
1751424300000000,2.17150000,2.17650000,2.17150000,2.17620000,695236.70000000,1751425199999999,1511705.98832000,3649,465203.20000000,1011478.00165000,0
1751425200000000,2.17630000,2.17870000,2.17410000,2.17820000,646175.80000000,1751426099999999,1405984.85138000,4467,440544.50000000,958575.27040000,0
1751426100000000,2.17820000,2.18230000,2.17700000,2.18050000,886812.60000000,1751426999999999,1932955.54044000,4565,567374.00000000,1236627.66043000,0
1751427000000000,2.18050000,2.18390000,2.17820000,2.18350000,788390.30000000,1751427899999999,1719692.63959000,4295,480037.70000000,1046965.30628000,0
1751427900000000,2.18350000,2.18690000,2.18120000,2.18590000,979344.50000000,1751428799999999,2139546.17520000,5098,523129.20000000,1142711.80072000,0
1751428800000000,2.18590000,2.18700000,2.18160000,2.18500000,1087451.10000000,1751429699999999,2375706.45642000,5866,551678.70000000,1205035.68984000,0
1751429700000000,2.18490000,2.18860000,2.18190000,2.18660000,1091268.60000000,1751430599999999,2384967.30912000,5011,835107.10000000,1825382.47046000,0
1751430600000000,2.18650000,2.18660000,2.18210000,2.18360000,468741.00000000,1751431499999999,1023654.02490000,2920,205760.70000000,449337.65451000,0
1751431500000000,2.18370000,2.18610000,2.18260000,2.18570000,613690.60000000,1751432399999999,1340405.06075000,3850,327772.30000000,715872.12310000,0
1751432400000000,2.18580000,2.18630000,2.18290000,2.18350000,607142.90000000,1751433299999999,1326668.76774000,4065,284406.00000000,621453.10449000,0
1751433300000000,2.18350000,2.19000000,2.18350000,2.18710000,898569.90000000,1751434199999999,1965973.03269000,5241,454006.80000000,993178.16896000,0
1751434200000000,2.18700000,2.19010000,2.18610000,2.18980000,515665.50000000,1751435099999999,1128621.93890000,3047,290651.90000000,636100.24114000,0
1751435100000000,2.18980000,2.19090000,2.18620000,2.18700000,774813.30000000,1751435999999999,1695549.44066000,3750,345922.80000000,756984.14797000,0
1751436000000000,2.18700000,2.19180000,2.18660000,2.19050000,774443.90000000,1751436899999999,1695933.00957000,4243,553688.00000000,1212474.92609000,0
1751436900000000,2.19050000,2.19220000,2.18340000,2.18430000,1143260.10000000,1751437799999999,2501916.11000000,4836,405590.70000000,887674.03717000,0
1751437800000000,2.18430000,2.19380000,2.18430000,2.19240000,800441.70000000,1751438699999999,1752164.60048000,3927,492689.10000000,1078593.78167000,0
1751438700000000,2.19240000,2.19450000,2.18960000,2.19230000,864682.80000000,1751439599999999,1895952.96025000,4059,546376.40000000,1197862.47893000,0
1751439600000000,2.19240000,2.19250000,2.18650000,2.18680000,2364497.00000000,1751440499999999,5179887.48332000,6333,600653.30000000,1315457.44577000,0
1751440500000000,2.18670000,2.18910000,2.18460000,2.18810000,636479.10000000,1751441399999999,1391856.97938000,3477,333603.80000000,729577.40651000,0
1751441400000000,2.18800000,2.19760000,2.18600000,2.19350000,1657556.70000000,1751442299999999,3633820.86158000,7642,1020644.60000000,2236713.93187000,0
1751442300000000,2.19350000,2.19480000,2.19180000,2.19200000,495072.30000000,1751443199999999,1085709.39042000,3345,261300.70000000,573029.76907000,0
1751443200000000,2.19210000,2.19760000,2.19210000,2.19640000,814095.90000000,1751444099999999,1787126.75933000,5667,447484.00000000,982287.43043000,0
1751444100000000,2.19630000,2.19940000,2.19590000,2.19720000,818578.50000000,1751444999999999,1798917.83613000,5374,395615.60000000,869402.27410000,0
1751445000000000,2.19730000,2.20420000,2.19470000,2.19940000,1865023.50000000,1751445899999999,4102037.78226000,7626,934331.70000000,2055078.01948000,0
1751445900000000,2.19940000,2.19960000,2.19520000,2.19680000,862867.20000000,1751446799999999,1895173.09033000,3972,431010.80000000,946599.11457000,0
1751446800000000,2.19670000,2.19710000,2.19320000,2.19340000,601595.20000000,1751447699999999,1320321.79730000,5100,274979.10000000,603510.79293000,0
1751447700000000,2.19350000,2.19610000,2.19040000,2.19090000,1031318.40000000,1751448599999999,2261512.32199000,5447,544931.90000000,1194978.56818000,0
1751448600000000,2.19100000,2.19100000,2.18540000,2.18650000,2183098.30000000,1751449499999999,4775042.83801000,7708,739308.50000000,1616761.85895000,0
1751449500000000,2.18650000,2.18770000,2.18470000,2.18520000,1113232.80000000,1751450399999999,2433645.32945000,4774,522206.60000000,1141583.73361000,0
1751450400000000,2.18520000,2.18670000,2.18320000,2.18420000,728653.60000000,1751451299999999,1591880.33385000,4236,378750.00000000,827405.97437000,0
1751451300000000,2.18420000,2.18650000,2.18410000,2.18510000,561984.70000000,1751452199999999,1227999.14419000,3920,294385.30000000,643245.83676000,0
1751452200000000,2.18510000,2.18960000,2.18480000,2.18920000,797446.20000000,1751453099999999,1744623.52546000,3862,593917.20000000,1299344.54125000,0
1751453100000000,2.18930000,2.18930000,2.18580000,2.18720000,701148.50000000,1751453999999999,1533842.08631000,4332,308498.40000000,674739.17735000,0
1751454000000000,2.18720000,2.19160000,2.18600000,2.19000000,772060.80000000,1751454899999999,1690791.70076000,4964,434913.70000000,952332.80553000,0
1751454900000000,2.19010000,2.19030000,2.18390000,2.18510000,598375.70000000,1751455799999999,1308875.63087000,5121,218941.70000000,478895.74021000,0
1751455800000000,2.18510000,2.18510000,2.17890000,2.17910000,1107447.60000000,1751456699999999,2415902.29204000,6741,435923.60000000,950872.98129000,0
1751456700000000,2.17910000,2.17910000,2.17340000,2.17670000,1416392.40000000,1751457599999999,3082339.24560000,7801,650881.10000000,1416211.17415000,0
1751457600000000,2.17670000,2.17680000,2.17410000,2.17600000,549371.50000000,1751458499999999,1195333.64080000,5679,300368.80000000,653513.98363000,0
1751458500000000,2.17590000,2.17620000,2.17140000,2.17440000,1017799.80000000,1751459399999999,2212339.77389000,9338,452798.20000000,984278.57338000,0
1751459400000000,2.17440000,2.17600000,2.16850000,2.17030000,1903075.10000000,1751460299999999,4131983.85341000,10661,941756.60000000,2045153.17373000,0
1751460300000000,2.17030000,2.17560000,2.16990000,2.17530000,718092.60000000,1751461199999999,1560897.10103000,5675,443915.00000000,964920.35097000,0
1751461200000000,2.17540000,2.18210000,2.17400000,2.18210000,1190425.20000000,1751462099999999,2593470.81770000,8957,800221.30000000,1743531.55979000,0
1751462100000000,2.18210000,2.18210000,2.17510000,2.17700000,737793.00000000,1751462999999999,1607246.26098000,6182,347084.60000000,755991.38401000,0
1751463000000000,2.17710000,2.18570000,2.17520000,2.18390000,1718251.20000000,1751463899999999,3747719.07700000,13162,1129233.60000000,2462943.81657000,0
1751463900000000,2.18380000,2.18730000,2.17750000,2.18130000,821237.80000000,1751464799999999,1792445.45774000,8885,387273.20000000,845238.09480000,0
1751464800000000,2.18130000,2.19100000,2.18110000,2.19060000,979409.40000000,1751465699999999,2141002.31977000,9054,581760.00000000,1271466.82477000,0
1751465700000000,2.19060000,2.19620000,2.18590000,2.18950000,1348470.60000000,1751466599999999,2955318.05252000,11974,573036.90000000,1255770.33588000,0
1751466600000000,2.18950000,2.19310000,2.18760000,2.18840000,606762.40000000,1751467499999999,1329045.71043000,7242,275189.60000000,602767.16014000,0
1751467500000000,2.18830000,2.19840000,2.18800000,2.19710000,974424.30000000,1751468399999999,2138067.44603000,6807,579587.90000000,1271859.89899000,0
1751468400000000,2.19710000,2.20760000,2.19500000,2.20450000,3007912.30000000,1751469299999999,6627497.87216000,14814,1476315.20000000,3252096.62942000,0
1751469300000000,2.20440000,2.21040000,2.20050000,2.20300000,1636515.10000000,1751470199999999,3609473.34339000,16932,842541.70000000,1858920.03790000,0
1751470200000000,2.20290000,2.21470000,2.20000000,2.20770000,2003016.40000000,1751471099999999,4421267.13753000,15679,1253877.90000000,2768335.47069000,0
1751471100000000,2.20770000,2.21540000,2.20710000,2.21220000,1356744.80000000,1751471999999999,2999660.55122000,9758,666406.10000000,1473356.85760000,0
1751472000000000,2.21210000,2.23030000,2.20900000,2.22900000,3775713.90000000,1751472899999999,8387936.10510000,29289,1964600.10000000,4364034.05562000,0
1751472900000000,2.22900000,2.24100000,2.22640000,2.23640000,4693242.90000000,1751473799999999,10489851.30142000,32734,2420313.40000000,5410536.60414000,0
1751473800000000,2.23640000,2.29170000,2.23170000,2.27300000,16310944.90000000,1751474699999999,37008215.89880000,77251,8756695.20000000,19859856.24317000,0
1751474700000000,2.27310000,2.28180000,2.25030000,2.25580000,8676552.20000000,1751475599999999,19675187.44740000,62582,4034336.80000000,9150894.81241000,0
1751475600000000,2.25590000,2.26660000,2.24970000,2.26360000,4383453.40000000,1751476499999999,9909467.34977000,33233,2360745.60000000,5337683.10321000,0
1751476500000000,2.26370000,2.27100000,2.25750000,2.25960000,3041059.80000000,1751477399999999,6885526.52551000,21097,1431981.40000000,3242177.63115000,0
1751477400000000,2.25960000,2.26130000,2.22790000,2.24470000,5897244.40000000,1751478299999999,13226398.26007000,36095,2692956.10000000,6037526.64613000,0
1751478300000000,2.24470000,2.24570000,2.22900000,2.24290000,3729978.00000000,1751479199999999,8349748.53193000,23784,1939039.50000000,4340891.59411000,0
1751479200000000,2.24300000,2.25080000,2.24170000,2.24740000,2213231.80000000,1751480099999999,4970570.67944000,12718,1398682.10000000,3141185.67403000,0
1751480100000000,2.24740000,2.25300000,2.24600000,2.25210000,926350.10000000,1751480999999999,2083915.53879000,8130,521802.00000000,1173804.06836000,0
1751481000000000,2.25220000,2.25290000,2.24490000,2.24820000,1014648.10000000,1751481899999999,2282009.49313000,8443,377892.30000000,849901.25144000,0
1751481900000000,2.24830000,2.25250000,2.24620000,2.25250000,1063531.60000000,1751482799999999,2392766.51873000,9215,563462.00000000,1267730.91170000,0
1751482800000000,2.25260000,2.26540000,2.24780000,2.25620000,3305371.50000000,1751483699999999,7457041.86646000,23218,1698211.10000000,3832433.63716000,0
1751483700000000,2.25620000,2.26220000,2.25550000,2.26190000,1711231.00000000,1751484599999999,3866547.84052000,11430,858848.10000000,1940235.40197000,0
1751484600000000,2.26180000,2.26240000,2.25230000,2.25710000,1386340.80000000,1751485499999999,3129574.71687000,9184,469276.70000000,1059026.65139000,0
1751485500000000,2.25710000,2.26720000,2.25500000,2.26490000,1610865.50000000,1751486399999999,3645035.06309000,11442,808390.70000000,1829397.74831000,0
1751486400000000,2.26490000,2.26490000,2.25730000,2.26220000,1382864.00000000,1751487299999999,3127177.23267000,12034,668224.50000000,1511156.76447000,0
1751487300000000,2.26210000,2.26610000,2.25320000,2.26560000,2463810.60000000,1751488199999999,5563300.59509000,12029,1146058.20000000,2587517.12449000,0
1751488200000000,2.26560000,2.26670000,2.25960000,2.25980000,1170159.90000000,1751489099999999,2647413.79713000,7175,503987.40000000,1140144.03425000,0
1751489100000000,2.25990000,2.26060000,2.25280000,2.25280000,985754.60000000,1751489999999999,2223825.50581000,6632,362716.20000000,818267.69854000,0
1751490000000000,2.25280000,2.26240000,2.25220000,2.25890000,1878778.30000000,1751490899999999,4242601.54988000,10007,671649.80000000,1516779.62774000,0
1751490900000000,2.25900000,2.26080000,2.24520000,2.24630000,1667947.40000000,1751491799999999,3757618.85478000,13177,644383.70000000,1451292.50107000,0
1751491800000000,2.24620000,2.25650000,2.24600000,2.24840000,1755443.50000000,1751492699999999,3951306.82859000,11650,755148.40000000,1699769.67126000,0
1751492700000000,2.24840000,2.25910000,2.24770000,2.25610000,1944283.50000000,1751493599999999,4382048.54313000,9829,625916.60000000,1410817.03906000,0
1751493600000000,2.25610000,2.25940000,2.24870000,2.25060000,1161377.70000000,1751494499999999,2617233.82047000,12780,559679.80000000,1261370.90421000,0
1751494500000000,2.25070000,2.25120000,2.24660000,2.25010000,804974.20000000,1751495399999999,1810759.56593000,6472,402338.80000000,905034.03116000,0
1751495400000000,2.25010000,2.25740000,2.25010000,2.25170000,1146756.40000000,1751496299999999,2584793.05096000,7574,633157.80000000,1427126.11244000,0
1751496300000000,2.25180000,2.25190000,2.24770000,2.24780000,735528.50000000,1751497199999999,1654743.01971000,4994,287407.20000000,646694.04311000,0
1751497200000000,2.24780000,2.24920000,2.24080000,2.24320000,1248132.40000000,1751498099999999,2801259.02850000,8403,525925.70000000,1180684.28290000,0
1751498100000000,2.24310000,2.24390000,2.23490000,2.23760000,1593255.00000000,1751498999999999,3566892.84196000,9732,741346.50000000,1659927.53594000,0
1751499000000000,2.23760000,2.23960000,2.23040000,2.23080000,1453991.20000000,1751499899999999,3248854.35277000,9585,703523.30000000,1572041.68648000,0
1751499900000000,2.23090000,2.23700000,2.23090000,2.23360000,814204.40000000,1751500799999999,1818817.47950000,6469,379833.00000000,848508.38515000,0
1751500800000000,2.23350000,2.23800000,2.23290000,2.23440000,981292.10000000,1751501699999999,2193228.57566000,7690,532017.90000000,1188995.21122000,0
1751501700000000,2.23440000,2.23730000,2.22430000,2.23190000,1435855.60000000,1751502599999999,3202304.34377000,9957,534025.00000000,1191046.77478000,0
1751502600000000,2.23190000,2.24300000,2.22850000,2.24300000,1131017.50000000,1751503499999999,2528062.01038000,8966,637649.30000000,1425584.70861000,0
1751503500000000,2.24300000,2.24640000,2.24030000,2.24310000,899631.30000000,1751504399999999,2018588.14043000,7572,493782.70000000,1107839.38251000,0
1751504400000000,2.24310000,2.24450000,2.23700000,2.24160000,1153094.50000000,1751505299999999,2583331.82095000,8279,376934.60000000,844434.57720000,0
1751505300000000,2.24150000,2.24670000,2.23810000,2.24490000,750078.30000000,1751506199999999,1682160.96631000,7546,417178.80000000,935521.27097000,0
1751506200000000,2.24480000,2.24760000,2.24210000,2.24340000,554882.10000000,1751507099999999,1245443.62749000,8923,293316.90000000,658338.15222000,0
1751507100000000,2.24330000,2.24740000,2.24250000,2.24670000,497079.80000000,1751507999999999,1115987.08095000,7070,249201.00000000,559465.92408000,0
1751508000000000,2.24680000,2.24730000,2.23830000,2.23930000,684611.20000000,1751508899999999,1534251.25360000,7913,303820.60000000,681006.57269000,0
1751508900000000,2.23920000,2.24000000,2.23500000,2.23510000,590677.70000000,1751509799999999,1321736.93581000,7496,261454.70000000,585102.98608000,0
1751509800000000,2.23510000,2.23750000,2.23340000,2.23590000,719163.10000000,1751510699999999,1607464.49238000,6959,411971.70000000,920766.79740000,0
1751510700000000,2.23580000,2.24270000,2.23550000,2.24170000,584340.90000000,1751511599999999,1308864.47079000,5777,327723.00000000,734085.97984000,0
1751511600000000,2.24170000,2.24450000,2.23940000,2.24000000,516229.70000000,1751512499999999,1157677.51706000,4178,172439.50000000,386728.55946000,0
1751512500000000,2.24000000,2.24680000,2.23840000,2.24450000,457083.10000000,1751513399999999,1024713.69165000,4170,245362.00000000,550093.52707000,0
1751513400000000,2.24450000,2.24700000,2.24170000,2.24640000,495851.70000000,1751514299999999,1113048.04239000,4415,295794.00000000,663941.77556000,0
1751514300000000,2.24640000,2.24640000,2.24140000,2.24230000,452396.10000000,1751515199999999,1014920.17872000,4717,220432.50000000,494484.76544000,0
1751515200000000,2.24230000,2.25230000,2.24000000,2.24930000,1258811.50000000,1751516099999999,2829532.37917000,6816,868719.90000000,1953351.21754000,0
1751516100000000,2.24930000,2.25410000,2.24860000,2.25270000,701392.70000000,1751516999999999,1579255.19562000,4630,391466.80000000,881459.63615000,0
1751517000000000,2.25270000,2.25760000,2.25160000,2.25370000,1052696.40000000,1751517899999999,2372657.35980000,6045,511698.50000000,1153337.33015000,0
1751517900000000,2.25370000,2.25770000,2.25190000,2.25480000,1184076.90000000,1751518799999999,2669501.66648000,7030,703053.70000000,1584842.92650000,0
1751518800000000,2.25490000,2.26660000,2.25260000,2.26270000,1723821.50000000,1751519699999999,3898964.28539000,9242,1177557.00000000,2663555.70223000,0
1751519700000000,2.26270000,2.26600000,2.26060000,2.26380000,1177956.80000000,1751520599999999,2666199.77825000,8725,582367.30000000,1318113.98411000,0
1751520600000000,2.26390000,2.27120000,2.26380000,2.26860000,1528590.40000000,1751521499999999,3466734.03175000,12297,843515.00000000,1913152.11736000,0
1751521500000000,2.26860000,2.27660000,2.26760000,2.26980000,2708528.50000000,1751522399999999,6154578.59034000,11414,1539257.50000000,3497752.56539000,0
1751522400000000,2.26980000,2.27060000,2.26370000,2.26630000,1450035.60000000,1751523299999999,3287215.81616000,10905,598342.70000000,1356904.33944000,0
1751523300000000,2.26630000,2.27500000,2.26610000,2.27220000,1038318.30000000,1751524199999999,2358674.31829000,9295,644147.80000000,1463207.77442000,0
1751524200000000,2.27210000,2.27420000,2.26800000,2.27420000,1112006.60000000,1751525099999999,2526434.67137000,7361,665051.70000000,1511063.32751000,0
1751525100000000,2.27410000,2.27660000,2.26900000,2.27330000,1753685.30000000,1751525999999999,3986733.17784000,8212,553574.90000000,1259097.74736000,0
1751526000000000,2.27330000,2.27830000,2.26950000,2.27140000,1221717.40000000,1751526899999999,2777911.25026000,10739,506448.60000000,1151658.08236000,0
1751526900000000,2.27130000,2.27180000,2.26610000,2.27150000,1284409.10000000,1751527799999999,2914152.28840000,8808,623357.70000000,1414180.58663000,0
1751527800000000,2.27150000,2.28290000,2.27100000,2.28180000,2992193.20000000,1751528699999999,6818997.25178000,13262,1655366.80000000,3772144.70033000,0
1751528700000000,2.28180000,2.28320000,2.27880000,2.27880000,1495402.40000000,1751529599999999,3410280.61688000,7269,534507.90000000,1219062.25016000,0
1751529600000000,2.27880000,2.28740000,2.27620000,2.27750000,2235833.40000000,1751530499999999,5099845.40569000,9383,1354502.60000000,3089892.06791000,0
1751530500000000,2.27750000,2.28740000,2.27660000,2.28710000,1925787.60000000,1751531399999999,4397811.59321000,9754,1279978.00000000,2922623.57358000,0
1751531400000000,2.28710000,2.28990000,2.28240000,2.28380000,1848634.60000000,1751532299999999,4225883.15645000,13589,1031519.60000000,2357726.37624000,0
1751532300000000,2.28390000,2.28690000,2.27640000,2.27650000,1367786.10000000,1751533199999999,3121478.54950000,8166,517576.70000000,1181355.97172000,0
1751533200000000,2.27650000,2.28270000,2.27540000,2.28190000,1980636.50000000,1751534099999999,4512069.87254000,9328,853806.70000000,1945473.37536000,0
1751534100000000,2.28190000,2.28530000,2.28010000,2.28130000,1317014.40000000,1751534999999999,3006075.83376000,9147,740045.80000000,1689188.94788000,0
1751535000000000,2.28130000,2.28880000,2.28130000,2.28840000,1454731.00000000,1751535899999999,3323394.67207000,10310,868465.70000000,1984067.74863000,0
1751535900000000,2.28850000,2.29290000,2.28350000,2.29210000,3609460.90000000,1751536799999999,8265282.53913000,18406,2192080.00000000,5019730.58398000,0
1751536800000000,2.29210000,2.29560000,2.28310000,2.29010000,1931015.80000000,1751537699999999,4419208.89152000,14587,974962.80000000,2231566.26195000,0
1751537700000000,2.29010000,2.29810000,2.27830000,2.29660000,3192285.50000000,1751538599999999,7302803.61693000,15005,1642802.30000000,3758396.51311000,0
1751538600000000,2.29660000,2.30140000,2.29070000,2.29670000,3727668.60000000,1751539499999999,8560150.28014000,21196,2258074.30000000,5187159.65677000,0
1751539500000000,2.29660000,2.29990000,2.28810000,2.29970000,2269771.30000000,1751540399999999,5205672.79229000,15928,926673.30000000,2124448.63913000,0
1751540400000000,2.29970000,2.31160000,2.29430000,2.29530000,4614898.10000000,1751541299999999,10625769.79652000,26070,2027650.70000000,4670880.05786000,0
1751541300000000,2.29520000,2.29580000,2.28620000,2.28680000,2081774.60000000,1751542199999999,4768882.51809000,11655,774585.20000000,1775065.19024000,0
1751542200000000,2.28690000,2.30540000,2.28540000,2.30050000,2437887.50000000,1751543099999999,5598409.96712000,12774,1446287.60000000,3321608.30411000,0
1751543100000000,2.30060000,2.30310000,2.29470000,2.29600000,1321691.80000000,1751543999999999,3038395.07874000,9688,692154.40000000,1591138.56525000,0
1751544000000000,2.29600000,2.30070000,2.29240000,2.29790000,1833925.10000000,1751544899999999,4212788.23043000,12861,1021594.20000000,2346739.18602000,0
1751544900000000,2.29800000,2.30710000,2.29580000,2.30500000,2044596.90000000,1751545799999999,4707624.87965000,13063,884012.60000000,2035445.46865000,0
1751545800000000,2.30490000,2.31350000,2.27150000,2.28300000,7935621.70000000,1751546699999999,18178095.84192000,50083,3596328.00000000,8243690.40957000,0
1751546700000000,2.28300000,2.28350000,2.26420000,2.28250000,5019464.20000000,1751547599999999,11411336.10077000,37409,1989533.70000000,4522566.87929000,0
1751547600000000,2.28250000,2.28840000,2.27920000,2.28610000,2398569.10000000,1751548499999999,5478687.70718000,21996,1200160.20000000,2741535.37941000,0
1751548500000000,2.28620000,2.28740000,2.27630000,2.27740000,1997858.10000000,1751549399999999,4555489.80606000,14073,668241.20000000,1523551.21406000,0
1751549400000000,2.27750000,2.29550000,2.27750000,2.29330000,2621791.10000000,1751550299999999,6004025.29504000,24273,1484666.20000000,3399983.58032000,0
1751550300000000,2.29340000,2.30640000,2.28810000,2.30120000,3711030.90000000,1751551199999999,8524628.89035000,21304,1777030.20000000,4082944.30412000,0
1751551200000000,2.30130000,2.30920000,2.28630000,2.28720000,2882654.30000000,1751552099999999,6629471.12985000,26281,1349908.60000000,3105480.97049000,0
1751552100000000,2.28730000,2.29490000,2.28280000,2.28580000,2169808.40000000,1751552999999999,4968947.19558000,19421,796990.30000000,1825383.35906000,0
1751553000000000,2.28570000,2.28850000,2.27650000,2.28610000,2402234.30000000,1751553899999999,5483992.72206000,17158,961969.50000000,2195673.16525000,0
1751553900000000,2.28610000,2.28970000,2.27560000,2.28180000,1436538.70000000,1751554799999999,3278932.80405000,9828,525806.40000000,1200031.96611000,0
1751554800000000,2.28170000,2.28780000,2.26360000,2.26750000,3238012.10000000,1751555699999999,7361493.59431000,20826,1423098.30000000,3237431.49379000,0
1751555700000000,2.26750000,2.27340000,2.26410000,2.26590000,1555458.70000000,1751556599999999,3527699.68897000,13957,768215.20000000,1742347.79918000,0
1751556600000000,2.26590000,2.26720000,2.24140000,2.25330000,5026316.30000000,1751557499999999,11321154.76989000,26229,2242076.60000000,5048857.38227000,0
1751557500000000,2.25320000,2.25330000,2.23900000,2.24330000,2446409.00000000,1751558399999999,5492917.93353000,16662,1124754.00000000,2525379.07752000,0
1751558400000000,2.24340000,2.26030000,2.24290000,2.25430000,4436217.90000000,1751559299999999,9988899.70146000,18858,3149766.90000000,7092563.95333000,0
1751559300000000,2.25420000,2.25490000,2.24370000,2.24740000,1343551.60000000,1751560199999999,3020175.38813000,12849,619874.70000000,1393359.58808000,0
1751560200000000,2.24730000,2.25250000,2.24700000,2.24990000,1014137.30000000,1751561099999999,2281410.31461000,6194,432332.00000000,972629.50919000,0
1751561100000000,2.25000000,2.26120000,2.24990000,2.25930000,1611867.70000000,1751561999999999,3637178.48943000,10742,912190.10000000,2058694.70566000,0
1751562000000000,2.25930000,2.26730000,2.25890000,2.26460000,1438803.90000000,1751562899999999,3256077.90507000,7621,753067.30000000,1704118.76336000,0
1751562900000000,2.26460000,2.26470000,2.25630000,2.25630000,1153747.20000000,1751563799999999,2606788.56943000,6020,399901.20000000,903432.69108000,0
1751563800000000,2.25640000,2.26410000,2.25640000,2.26310000,584442.20000000,1751564699999999,1321645.29132000,4462,294716.20000000,666451.08861000,0
1751564700000000,2.26310000,2.26470000,2.26190000,2.26450000,452199.20000000,1751565599999999,1023561.59427000,3525,165309.80000000,374142.37823000,0
1751565600000000,2.26460000,2.27100000,2.26360000,2.26680000,679163.50000000,1751566499999999,1540716.98920000,4843,452509.90000000,1026660.32338000,0
1751566500000000,2.26670000,2.27000000,2.26160000,2.26890000,784419.00000000,1751567399999999,1776863.39962000,5529,233404.50000000,528736.82530000,0
1751567400000000,2.26890000,2.27240000,2.26690000,2.27240000,602124.90000000,1751568299999999,1366457.24590000,4748,275506.00000000,625327.43008000,0
1751568300000000,2.27240000,2.28130000,2.27240000,2.27890000,1199593.00000000,1751569199999999,2730733.24351000,7861,771175.90000000,1755468.56428000,0
1751569200000000,2.27890000,2.28280000,2.27580000,2.28050000,1001995.70000000,1751570099999999,2283962.59765000,7649,639302.80000000,1457273.21270000,0
1751570100000000,2.28060000,2.28230000,2.27730000,2.27870000,728430.50000000,1751570999999999,1660777.27460000,6657,445516.90000000,1015712.48961000,0
1751571000000000,2.27860000,2.27860000,2.27180000,2.27590000,604405.80000000,1751571899999999,1374693.62582000,5135,277959.00000000,632259.22956000,0
1751571900000000,2.27590000,2.27590000,2.26940000,2.27180000,472792.80000000,1751572799999999,1074264.29141000,4210,138273.70000000,314083.02063000,0
1751572800000000,2.27180000,2.27600000,2.27170000,2.27540000,540949.00000000,1751573699999999,1229711.74644000,3795,203004.40000000,461482.18039000,0
1751573700000000,2.27540000,2.27840000,2.27410000,2.27780000,511084.50000000,1751574599999999,1163413.41827000,4680,210204.50000000,478501.81930000,0
1751574600000000,2.27770000,2.28000000,2.27690000,2.28000000,549611.40000000,1751575499999999,1252253.75227000,3292,231632.00000000,527714.04052000,0
1751575500000000,2.28000000,2.28000000,2.27660000,2.27670000,371131.40000000,1751576399999999,845303.96180000,2894,119043.80000000,271094.87042000,0
1751576400000000,2.27660000,2.27940000,2.27250000,2.27330000,594896.20000000,1751577299999999,1353707.46381000,4608,322216.30000000,733131.52314000,0
1751577300000000,2.27330000,2.27560000,2.27110000,2.27150000,455808.00000000,1751578199999999,1035974.38086000,3207,154872.70000000,351970.90478000,0
1751578200000000,2.27150000,2.27310000,2.26810000,2.27010000,627764.20000000,1751579099999999,1425283.31524000,4553,353105.00000000,801658.93256000,0
1751579100000000,2.27020000,2.27180000,2.26770000,2.26850000,323959.20000000,1751579999999999,735385.51476000,2872,107702.70000000,244506.01539000,0
1751580000000000,2.26850000,2.27200000,2.26650000,2.26820000,777152.60000000,1751580899999999,1763726.13139000,6986,450953.40000000,1023308.14528000,0
1751580900000000,2.26830000,2.26910000,2.26370000,2.26390000,494857.80000000,1751581799999999,1121473.89364000,4043,218010.70000000,494049.19107000,0
1751581800000000,2.26390000,2.26480000,2.26130000,2.26260000,443422.10000000,1751582699999999,1003520.05180000,3503,247278.70000000,559593.98740000,0
1751582700000000,2.26270000,2.26520000,2.26070000,2.26390000,518385.70000000,1751583599999999,1173149.40314000,4373,239076.00000000,540975.01814000,0
1751583600000000,2.26380000,2.26720000,2.25760000,2.25860000,634745.90000000,1751584499999999,1435883.02717000,6343,250910.80000000,567818.29965000,0
1751584500000000,2.25860000,2.25940000,2.25340000,2.25420000,479408.30000000,1751585399999999,1081598.08387000,6506,177847.50000000,401215.19034000,0
1751585400000000,2.25420000,2.25680000,2.25370000,2.25680000,882361.60000000,1751586299999999,1989688.26357000,4026,574659.00000000,1295717.07385000,0
1751586300000000,2.25680000,2.25790000,2.25380000,2.25690000,451071.00000000,1751587199999999,1017906.14239000,3294,223152.70000000,503612.48518000,0
1751587200000000,2.25690000,2.26220000,2.25660000,2.26060000,773708.40000000,1751588099999999,1748027.17338000,5285,541624.10000000,1223602.13038000,0
1751588100000000,2.26060000,2.26330000,2.25830000,2.26140000,384335.50000000,1751588999999999,868918.55350000,4738,194283.50000000,439224.48129000,0
1751589000000000,2.26130000,2.26780000,2.26130000,2.26610000,573106.00000000,1751589899999999,1297718.43250000,4660,383295.60000000,867895.92083000,0
1751589900000000,2.26620000,2.26770000,2.25610000,2.26240000,699581.00000000,1751590799999999,1582941.98316000,4581,248652.10000000,562546.88831000,0
1751590800000000,2.26240000,2.26590000,2.26030000,2.26390000,348785.30000000,1751591699999999,789553.76916000,3895,218242.40000000,494042.47289000,0
1751591700000000,2.26400000,2.26750000,2.26260000,2.26560000,273774.50000000,1751592599999999,620067.55708000,4047,160085.50000000,362580.07368000,0
1751592600000000,2.26560000,2.26770000,2.26110000,2.26280000,273421.10000000,1751593499999999,619108.25685000,3128,145742.00000000,330055.33723000,0
1751593500000000,2.26280000,2.26280000,2.25970000,2.25970000,194683.70000000,1751594399999999,440194.86202000,2120,84870.50000000,191911.73663000,0
1751594400000000,2.25980000,2.25980000,2.25140000,2.25300000,530054.00000000,1751595299999999,1195181.25542000,4983,181255.40000000,408645.67228000,0
1751595300000000,2.25300000,2.25350000,2.24740000,2.25070000,922150.30000000,1751596199999999,2074820.93725000,5904,189140.70000000,425533.50502000,0
1751596200000000,2.25070000,2.25190000,2.24070000,2.24190000,1309764.30000000,1751597099999999,2940218.56923000,9267,498932.80000000,1119741.82243000,0
1751597100000000,2.24190000,2.24600000,2.24120000,2.24300000,854580.80000000,1751597999999999,1917232.56394000,6881,549976.40000000,1233834.02497000,0
1751598000000000,2.24300000,2.24730000,2.23990000,2.24590000,963740.10000000,1751598899999999,2162443.56211000,7402,536124.20000000,1202953.31131000,0
1751598900000000,2.24590000,2.25050000,2.24500000,2.25040000,568463.40000000,1751599799999999,1277825.81225000,3385,418507.40000000,940745.24022000,0
1751599800000000,2.25050000,2.25100000,2.24790000,2.25080000,487312.00000000,1751600699999999,1096377.49550000,2774,256606.90000000,577270.93663000,0
1751600700000000,2.25080000,2.25080000,2.24820000,2.24840000,281920.00000000,1751601599999999,634025.77181000,2646,145231.40000000,326607.98160000,0
1751601600000000,2.24840000,2.25080000,2.24800000,2.24960000,426720.90000000,1751602499999999,959815.02879000,3270,270666.70000000,608809.99864000,0
1751602500000000,2.24960000,2.25150000,2.24420000,2.24520000,576914.60000000,1751603399999999,1296765.56829000,4087,265053.90000000,595868.70750000,0
1751603400000000,2.24520000,2.24520000,2.24110000,2.24120000,404435.20000000,1751604299999999,907137.91055000,2986,262635.30000000,589111.94845000,0
1751604300000000,2.24120000,2.24220000,2.23860000,2.23980000,725487.60000000,1751605199999999,1625479.40207000,5681,405946.00000000,909495.88145000,0
1751605200000000,2.23980000,2.24460000,2.23960000,2.24260000,698386.30000000,1751606099999999,1565844.20736000,6012,358955.80000000,804766.60253000,0
1751606100000000,2.24260000,2.24360000,2.23860000,2.24300000,553785.70000000,1751606999999999,1240857.38812000,5103,312379.90000000,700044.79861000,0
1751607000000000,2.24300000,2.24990000,2.24300000,2.24740000,1575172.80000000,1751607899999999,3539691.94535000,6530,1246949.50000000,2802215.06281000,0
1751607900000000,2.24730000,2.24790000,2.24250000,2.24430000,358418.10000000,1751608799999999,804493.21184000,3477,228230.00000000,512276.79115000,0
1751608800000000,2.24430000,2.24430000,2.23070000,2.23390000,2777175.00000000,1751609699999999,6209300.83911000,10244,850472.40000000,1901817.94702000,0
1751609700000000,2.23400000,2.23560000,2.23190000,2.23450000,1241127.90000000,1751610599999999,2772876.23605000,8571,636939.40000000,1423044.18845000,0
1751610600000000,2.23450000,2.23850000,2.23420000,2.23600000,544700.60000000,1751611499999999,1218316.11309000,4249,337813.30000000,755519.74078000,0
1751611500000000,2.23590000,2.23800000,2.23460000,2.23470000,341417.30000000,1751612399999999,763624.11149000,3552,166406.70000000,372172.06189000,0
1751612400000000,2.23470000,2.23880000,2.22740000,2.22780000,1085762.20000000,1751613299999999,2423033.35464000,8458,543624.60000000,1213545.60234000,0
1751613300000000,2.22780000,2.22920000,2.22330000,2.22330000,1140947.00000000,1751614199999999,2539398.44493000,10487,507329.20000000,1129132.87539000,0
1751614200000000,2.22340000,2.22770000,2.21590000,2.22520000,3189994.10000000,1751615099999999,7085082.77444000,14807,1496893.00000000,3325017.27218000,0
1751615100000000,2.22520000,2.22630000,2.21870000,2.22090000,1208146.40000000,1751615999999999,2684196.17007000,8186,642070.40000000,1426555.33002000,0
1751616000000000,2.22090000,2.22160000,2.21220000,2.21310000,1183112.30000000,1751616899999999,2622274.37693000,11295,563792.30000000,1249657.20748000,0
1751616900000000,2.21310000,2.22220000,2.20770000,2.22120000,2075810.20000000,1751617799999999,4597099.88259000,15546,1123138.70000000,2488255.51579000,0
1751617800000000,2.22110000,2.22480000,2.21770000,2.22450000,692883.50000000,1751618699999999,1539428.73928000,7931,449911.80000000,999687.40923000,0
1751618700000000,2.22450000,2.22450000,2.22070000,2.22310000,430356.80000000,1751619599999999,956328.14175000,5404,266667.50000000,592568.16410000,0
1751619600000000,2.22310000,2.22800000,2.22180000,2.22680000,693578.90000000,1751620499999999,1543849.91999000,7157,409811.40000000,912165.65286000,0
1751620500000000,2.22690000,2.23090000,2.22560000,2.23060000,623781.00000000,1751621399999999,1390089.62548000,6240,396634.50000000,883858.69314000,0
1751621400000000,2.23060000,2.23250000,2.22920000,2.23120000,439672.30000000,1751622299999999,980810.74598000,3875,281131.30000000,627130.67103000,0
1751622300000000,2.23120000,2.23300000,2.22880000,2.23280000,394656.40000000,1751623199999999,880162.82862000,3564,181849.10000000,405551.98757000,0
1751623200000000,2.23280000,2.23430000,2.23270000,2.23380000,329525.70000000,1751624099999999,736070.73779000,3218,189898.30000000,424171.09049000,0
1751624100000000,2.23380000,2.23410000,2.22990000,2.23090000,470485.10000000,1751624999999999,1050040.82558000,2486,117136.30000000,261395.25702000,0
1751625000000000,2.23090000,2.23280000,2.22850000,2.23070000,470832.80000000,1751625899999999,1050514.13257000,4399,243622.40000000,543580.03532000,0
1751625900000000,2.23060000,2.23320000,2.23020000,2.23230000,273796.10000000,1751626799999999,611129.06765000,3896,100539.60000000,224411.57406000,0
1751626800000000,2.23230000,2.23960000,2.23150000,2.23680000,761154.80000000,1751627699999999,1702473.28242000,5570,420135.20000000,939750.66416000,0
1751627700000000,2.23680000,2.23990000,2.23650000,2.23970000,433889.60000000,1751628599999999,971164.42057000,3675,277368.70000000,620839.05297000,0
1751628600000000,2.23970000,2.24000000,2.23760000,2.23930000,444176.80000000,1751629499999999,994463.61132000,2741,175511.60000000,392974.94258000,0
1751629500000000,2.23930000,2.24030000,2.23630000,2.23840000,398505.10000000,1751630399999999,892042.26952000,3635,116100.30000000,259885.92068000,0
1751630400000000,2.23850000,2.24010000,2.23460000,2.23560000,577934.20000000,1751631299999999,1293031.92999000,4286,285389.10000000,638483.56136000,0
1751631300000000,2.23570000,2.23840000,2.23400000,2.23780000,774106.50000000,1751632199999999,1731183.49816000,5363,368107.60000000,823222.77382000,0
1751632200000000,2.23780000,2.24280000,2.23710000,2.24200000,498694.70000000,1751633099999999,1117330.50522000,4599,251695.70000000,563827.67698000,0
1751633100000000,2.24200000,2.24330000,2.23410000,2.23670000,757109.40000000,1751633999999999,1693888.63269000,5113,415871.90000000,930237.75216000,0
1751634000000000,2.23670000,2.24170000,2.23200000,2.23210000,1152634.80000000,1751634899999999,2578287.65019000,9357,630625.20000000,1410680.10504000,0
1751634900000000,2.23210000,2.23930000,2.23160000,2.23640000,654977.20000000,1751635799999999,1463385.17279000,10717,329297.10000000,735781.66598000,0
1751635800000000,2.23640000,2.23720000,2.22610000,2.22840000,1512044.30000000,1751636699999999,3375211.06244000,12677,836444.00000000,1867026.61317000,0
1751636700000000,2.22830000,2.22870000,2.21930000,2.21990000,1497504.70000000,1751637599999999,3330453.85044000,14611,560268.10000000,1246209.39438000,0
1751637600000000,2.21990000,2.22280000,2.20870000,2.21330000,2813853.10000000,1751638499999999,6231442.87754000,19508,1103303.40000000,2442710.63867000,0
1751638500000000,2.21330000,2.22450000,2.20320000,2.22410000,2430355.10000000,1751639399999999,5379486.05613000,19734,1060412.70000000,2349333.43405000,0
1751639400000000,2.22410000,2.22690000,2.21770000,2.22310000,1456232.70000000,1751640299999999,3236254.51063000,10778,583819.10000000,1297880.92557000,0
1751640300000000,2.22310000,2.22430000,2.21890000,2.22220000,672277.80000000,1751641199999999,1493458.45034000,9583,251232.80000000,558125.33639000,0
1751641200000000,2.22220000,2.22500000,2.21740000,2.21800000,771943.30000000,1751642099999999,1714201.39694000,10878,245032.00000000,544272.90915000,0
1751642100000000,2.21810000,2.21910000,2.21050000,2.21320000,1205324.50000000,1751642999999999,2669738.91875000,11177,397880.60000000,881199.09161000,0
1751643000000000,2.21320000,2.21580000,2.20710000,2.21350000,713540.50000000,1751643899999999,1577901.04726000,10942,290099.90000000,641614.98411000,0
1751643900000000,2.21350000,2.21680000,2.21000000,2.21460000,643019.00000000,1751644799999999,1423309.03725000,7072,258359.60000000,571724.06794000,0
1751644800000000,2.21460000,2.21780000,2.20350000,2.20520000,1552282.90000000,1751645699999999,3430705.72059000,19752,718705.90000000,1588463.85911000,0
1751645700000000,2.20510000,2.20880000,2.19910000,2.20450000,2205158.30000000,1751646599999999,4858360.23195000,21581,1003684.20000000,2211951.91016000,0
1751646600000000,2.20440000,2.21260000,2.19600000,2.20600000,1092817.50000000,1751647499999999,2407483.30054000,15626,422104.10000000,929816.35231000,0
1751647500000000,2.20590000,2.21280000,2.20530000,2.20960000,763052.80000000,1751648399999999,1685713.41998000,8869,382637.80000000,845222.79861000,0
1751648400000000,2.20970000,2.22030000,2.20910000,2.21490000,1313948.20000000,1751649299999999,2910857.19680000,14042,706653.40000000,1565604.82758000,0
1751649300000000,2.21490000,2.22140000,2.21460000,2.22030000,905550.20000000,1751650199999999,2009180.77633000,10483,555307.10000000,1232101.57875000,0
1751650200000000,2.22040000,2.22200000,2.21730000,2.21780000,746006.30000000,1751651099999999,1656273.01661000,8180,263567.50000000,585069.53543000,0
1751651100000000,2.21790000,2.22520000,2.21680000,2.22510000,611935.20000000,1751651999999999,1359389.34657000,5174,327848.10000000,728122.12681000,0
1751652000000000,2.22510000,2.22510000,2.21960000,2.21960000,582612.10000000,1751652899999999,1295040.99280000,6760,180019.60000000,400108.98756000,0
1751652900000000,2.21950000,2.21950000,2.21200000,2.21470000,556413.50000000,1751653799999999,1233089.53393000,5254,213786.30000000,473743.95007000,0
1751653800000000,2.21480000,2.21680000,2.21300000,2.21480000,253971.80000000,1751654699999999,562538.91550000,2971,126474.40000000,280103.25307000,0
1751654700000000,2.21480000,2.21830000,2.20730000,2.20730000,542464.00000000,1751655599999999,1200113.03095000,5034,216659.80000000,479493.77720000,0
1751655600000000,2.20740000,2.21510000,2.20710000,2.21500000,631651.20000000,1751656499999999,1396118.59037000,4499,367379.00000000,812119.02896000,0
1751656500000000,2.21510000,2.21590000,2.20680000,2.20690000,369988.70000000,1751657399999999,817902.00695000,4804,176558.10000000,390391.21499000,0
1751657400000000,2.20690000,2.21310000,2.20670000,2.21140000,391488.10000000,1751658299999999,865640.50978000,3451,145433.80000000,321422.57376000,0
1751658300000000,2.21140000,2.21320000,2.20960000,2.21040000,232989.00000000,1751659199999999,515243.10793000,2780,82246.80000000,181855.14844000,0
1751659200000000,2.21030000,2.21650000,2.20790000,2.21650000,349551.50000000,1751660099999999,773214.92767000,4165,226170.70000000,500329.40850000,0
1751660100000000,2.21640000,2.21800000,2.21570000,2.21710000,260785.40000000,1751660999999999,578114.09662000,2729,156399.20000000,346717.56273000,0
1751661000000000,2.21710000,2.22260000,2.21700000,2.22250000,309467.90000000,1751661899999999,686974.16881000,3031,171330.50000000,380306.22012000,0
1751661900000000,2.22260000,2.22310000,2.21960000,2.21990000,314892.90000000,1751662799999999,699548.85255000,2617,110281.20000000,244938.33727000,0
1751662800000000,2.21980000,2.22070000,2.21670000,2.21740000,352843.40000000,1751663699999999,782754.79337000,2911,154800.50000000,343381.27242000,0
1751663700000000,2.21740000,2.21990000,2.21680000,2.21980000,338578.00000000,1751664599999999,751097.10882000,2506,195453.70000000,433604.14531000,0
1751664600000000,2.21990000,2.21990000,2.21410000,2.21790000,334173.40000000,1751665499999999,740746.77704000,3510,134567.50000000,298310.32175000,0
1751665500000000,2.21800000,2.21920000,2.21700000,2.21810000,267142.30000000,1751666399999999,592531.11787000,2037,96050.80000000,213054.32793000,0
1751666400000000,2.21810000,2.22180000,2.21560000,2.22100000,562753.00000000,1751667299999999,1248470.35156000,8051,341764.50000000,758253.13414000,0
1751667300000000,2.22090000,2.22500000,2.21950000,2.22500000,415851.80000000,1751668199999999,924572.71461000,4982,268843.80000000,597720.43841000,0
1751668200000000,2.22510000,2.22850000,2.22450000,2.22740000,421350.30000000,1751669099999999,938261.35167000,4047,244344.70000000,544084.80350000,0
1751669100000000,2.22740000,2.22880000,2.22670000,2.22810000,181578.80000000,1751669999999999,404554.20679000,2904,111889.80000000,249291.84093000,0
1751670000000000,2.22820000,2.22820000,2.22320000,2.22470000,252412.00000000,1751670899999999,561699.13360000,2946,119554.00000000,266008.44804000,0
1751670900000000,2.22470000,2.22480000,2.22220000,2.22480000,185823.70000000,1751671799999999,413219.62443000,3194,86072.20000000,191407.31916000,0
1751671800000000,2.22480000,2.22510000,2.21890000,2.21940000,209567.40000000,1751672699999999,465643.94987000,3904,100236.30000000,222742.90670000,0
1751672700000000,2.21930000,2.22130000,2.21900000,2.22050000,244356.20000000,1751673599999999,542504.00603000,2716,134850.10000000,299380.97169000,0
1751673600000000,2.22050000,2.22050000,2.21590000,2.21720000,429261.60000000,1751674499999999,951938.44045000,4478,189246.40000000,419623.12915000,0
1751674500000000,2.21730000,2.22090000,2.21720000,2.22010000,268107.80000000,1751675399999999,595007.46480000,3017,156214.20000000,346690.74076000,0
1751675400000000,2.22020000,2.22320000,2.21800000,2.22250000,299533.50000000,1751676299999999,665192.79815000,3481,190076.40000000,422117.72129000,0
1751676300000000,2.22250000,2.22480000,2.21980000,2.22340000,184209.50000000,1751677199999999,409488.08498000,2922,104838.90000000,233073.27244000,0
1751677200000000,2.22340000,2.22380000,2.21840000,2.21880000,310398.00000000,1751678099999999,689516.04094000,3474,122436.60000000,272076.98678000,0
1751678100000000,2.21870000,2.21870000,2.21440000,2.21450000,214682.20000000,1751678999999999,475724.36202000,3043,98996.40000000,219322.16960000,0
1751679000000000,2.21450000,2.21740000,2.21400000,2.21660000,181827.70000000,1751679899999999,402895.47224000,2974,70149.90000000,155433.85806000,0
1751679900000000,2.21660000,2.21750000,2.21470000,2.21740000,126451.10000000,1751680799999999,280242.32972000,1948,49606.70000000,109945.88774000,0
1751680800000000,2.21740000,2.21750000,2.21400000,2.21560000,141815.90000000,1751681699999999,314181.32558000,2942,62863.80000000,139255.97495000,0
1751681700000000,2.21550000,2.21850000,2.21490000,2.21540000,177415.60000000,1751682599999999,393337.66796000,3190,115172.50000000,255347.44254000,0
1751682600000000,2.21540000,2.22080000,2.20970000,2.22080000,439618.90000000,1751683499999999,973258.36189000,4794,219677.20000000,486466.53708000,0
1751683500000000,2.22090000,2.22370000,2.22080000,2.22230000,234986.90000000,1751684399999999,522277.89458000,2417,159522.10000000,354548.27212000,0
1751684400000000,2.22220000,2.22650000,2.22220000,2.22470000,369978.70000000,1751685299999999,822999.77335000,3345,188448.70000000,419210.50615000,0
1751685300000000,2.22460000,2.22690000,2.22440000,2.22680000,199735.80000000,1751686199999999,444580.21821000,1947,119613.90000000,266250.01097000,0
1751686200000000,2.22680000,2.22750000,2.22320000,2.22420000,275323.60000000,1751687099999999,612735.94736000,2538,84853.50000000,188810.95009000,0
1751687100000000,2.22420000,2.22620000,2.22350000,2.22560000,141187.50000000,1751687999999999,314151.21523000,1997,86751.30000000,193031.68890000,0
1751688000000000,2.22570000,2.22600000,2.21760000,2.21950000,433357.10000000,1751688899999999,962431.08829000,3127,154072.10000000,342182.16951000,0
1751688900000000,2.21960000,2.22600000,2.21880000,2.22600000,285652.20000000,1751689799999999,634839.82643000,2649,231110.60000000,513697.27177000,0
1751689800000000,2.22600000,2.22640000,2.22360000,2.22550000,293571.20000000,1751690699999999,653360.88116000,2911,183494.50000000,408405.21211000,0
1751690700000000,2.22540000,2.22580000,2.22130000,2.22130000,312863.60000000,1751691599999999,695561.74242000,2581,115146.30000000,256010.37974000,0
1751691600000000,2.22130000,2.22320000,2.22010000,2.22290000,293646.00000000,1751692499999999,652309.67085000,2952,232518.00000000,516517.48585000,0
1751692500000000,2.22290000,2.22510000,2.22040000,2.22470000,306514.60000000,1751693399999999,681468.99444000,3819,224728.60000000,499640.58643000,0
1751693400000000,2.22470000,2.22560000,2.22330000,2.22420000,325090.90000000,1751694299999999,723211.51101000,3108,229185.40000000,509856.14671000,0
1751694300000000,2.22420000,2.22870000,2.22420000,2.22820000,416417.50000000,1751695199999999,927179.52103000,3420,252870.10000000,563011.21919000,0
1751695200000000,2.22830000,2.23030000,2.22600000,2.22830000,552970.50000000,1751696099999999,1232216.61325000,4650,329601.60000000,734465.09322000,0
1751696100000000,2.22830000,2.23270000,2.22810000,2.23200000,584058.90000000,1751696999999999,1303077.32218000,5637,396601.90000000,884807.99031000,0
1751697000000000,2.23210000,2.23390000,2.22720000,2.22800000,400701.30000000,1751697899999999,894109.83751000,5722,218614.10000000,487799.34329000,0
1751697900000000,2.22790000,2.23030000,2.22760000,2.22980000,370218.80000000,1751698799999999,825193.92865000,3966,163549.40000000,364558.97173000,0
1751698800000000,2.22980000,2.23000000,2.22740000,2.22780000,195402.60000000,1751699699999999,435481.16974000,3144,97799.30000000,217958.07799000,0
1751699700000000,2.22790000,2.22790000,2.22470000,2.22720000,221721.60000000,1751700599999999,493649.29124000,3334,74975.20000000,166941.28592000,0
1751700600000000,2.22730000,2.22760000,2.22340000,2.22430000,383850.30000000,1751701499999999,854076.64049000,3033,129551.30000000,288235.96271000,0
1751701500000000,2.22430000,2.22500000,2.22280000,2.22480000,210873.50000000,1751702399999999,468935.02668000,1975,96052.80000000,213605.75064000,0
1751702400000000,2.22480000,2.22660000,2.22290000,2.22620000,418946.60000000,1751703299999999,932008.88826000,2888,247314.60000000,550256.27714000,0
1751703300000000,2.22620000,2.22650000,2.22160000,2.22160000,229131.80000000,1751704199999999,509492.32109000,3227,139584.40000000,310342.96598000,0
1751704200000000,2.22170000,2.22310000,2.21930000,2.22000000,352815.90000000,1751705099999999,783449.35188000,2952,120428.20000000,267446.73382000,0
1751705100000000,2.22010000,2.22040000,2.21680000,2.22020000,383055.20000000,1751705999999999,849846.88851000,3495,147867.50000000,328058.89978000,0
1751706000000000,2.22010000,2.22020000,2.21540000,2.21550000,371916.40000000,1751706899999999,824620.60890000,3150,116688.20000000,258687.42868000,0
1751706900000000,2.21540000,2.21570000,2.21130000,2.21330000,651700.00000000,1751707799999999,1442440.02248000,4388,243600.00000000,539247.55609000,0
1751707800000000,2.21330000,2.21650000,2.21240000,2.21550000,318826.10000000,1751708699999999,706189.15191000,2993,193597.30000000,428799.77226000,0
1751708700000000,2.21550000,2.22150000,2.21540000,2.22030000,295383.20000000,1751709599999999,655628.26067000,3502,178447.90000000,396056.62233000,0
1751709600000000,2.22030000,2.22360000,2.21960000,2.22010000,250199.20000000,1751710499999999,555912.98527000,2982,82514.50000000,183329.41793000,0
1751710500000000,2.22010000,2.22120000,2.21800000,2.22120000,128346.60000000,1751711399999999,284899.19379000,2307,63839.60000000,141707.31159000,0
1751711400000000,2.22110000,2.22270000,2.21880000,2.22070000,546850.10000000,1751712299999999,1214587.76422000,2799,212563.10000000,472001.76062000,0
1751712300000000,2.22080000,2.22290000,2.22000000,2.22010000,134770.30000000,1751713199999999,299385.00305000,2147,42788.00000000,95062.25841000,0
1751713200000000,2.22000000,2.22260000,2.22000000,2.22010000,178758.10000000,1751714099999999,397046.46710000,1820,80113.00000000,177962.18294000,0
1751714100000000,2.22020000,2.22500000,2.21970000,2.22440000,279333.10000000,1751714999999999,620946.29699000,2085,144487.50000000,321184.00558000,0
1751715000000000,2.22440000,2.22610000,2.22370000,2.22470000,298468.10000000,1751715899999999,664093.55313000,2061,179664.60000000,399792.63596000,0
1751715900000000,2.22470000,2.22570000,2.22170000,2.22170000,138169.80000000,1751716799999999,307220.24481000,1949,77036.10000000,171286.95016000,0
1751716800000000,2.22170000,2.22240000,2.21790000,2.21860000,262767.60000000,1751717699999999,583205.65916000,3460,101043.00000000,224239.51253000,0
1751717700000000,2.21870000,2.21990000,2.21620000,2.21750000,188782.80000000,1751718599999999,418641.60326000,2697,79032.90000000,175246.02845000,0
1751718600000000,2.21740000,2.22050000,2.21470000,2.22040000,282790.40000000,1751719499999999,626911.30882000,2650,160842.80000000,356534.65077000,0
1751719500000000,2.22040000,2.22180000,2.21950000,2.22110000,227474.00000000,1751720399999999,505216.94841000,2207,67352.50000000,149587.39094000,0
1751720400000000,2.22120000,2.22180000,2.21910000,2.22090000,326168.40000000,1751721299999999,724217.00317000,2363,78814.40000000,175029.89780000,0
1751721300000000,2.22090000,2.22390000,2.22040000,2.22350000,213290.60000000,1751722199999999,473959.78740000,1875,72619.60000000,161379.32787000,0
1751722200000000,2.22360000,2.22360000,2.22080000,2.22300000,199200.90000000,1751723099999999,442591.30219000,2114,109214.70000000,242638.64997000,0
1751723100000000,2.22300000,2.22340000,2.22090000,2.22190000,251798.60000000,1751723999999999,559467.91380000,2321,101047.40000000,224498.03940000,0
1751724000000000,2.22190000,2.22340000,2.21930000,2.22130000,493216.60000000,1751724899999999,1095708.87261000,3479,242404.90000000,538471.38364000,0
1751724900000000,2.22130000,2.22580000,2.22100000,2.22580000,299217.50000000,1751725799999999,665518.23204000,3228,154970.40000000,344680.71931000,0
1751725800000000,2.22580000,2.22780000,2.22340000,2.22600000,391255.10000000,1751726699999999,870901.60652000,4683,198705.90000000,442283.88971000,0
1751726700000000,2.22600000,2.23090000,2.22550000,2.22760000,452803.40000000,1751727599999999,1008876.57181000,4468,248017.50000000,552633.57793000,0
1751727600000000,2.22760000,2.23030000,2.22720000,2.22920000,342356.20000000,1751728499999999,763139.10944000,3590,150473.60000000,335431.77473000,0
1751728500000000,2.22930000,2.23000000,2.22640000,2.22790000,470077.30000000,1751729399999999,1047496.70310000,4659,223563.80000000,498207.44280000,0
1751729400000000,2.22790000,2.23000000,2.22490000,2.22560000,247587.30000000,1751730299999999,551432.47259000,3432,96567.40000000,215093.51776000,0
1751730300000000,2.22550000,2.22560000,2.22160000,2.22280000,330942.60000000,1751731199999999,735745.50442000,4636,95251.40000000,211778.87614000,0
1751731200000000,2.22280000,2.22450000,2.22190000,2.22370000,181015.60000000,1751732099999999,402477.46835000,4030,95867.00000000,213143.28587000,0
1751732100000000,2.22370000,2.22490000,2.21920000,2.22000000,298463.70000000,1751732999999999,663031.07916000,3953,87514.90000000,194436.79046000,0
1751733000000000,2.22000000,2.22050000,2.21560000,2.21700000,588437.20000000,1751733899999999,1304763.74261000,4559,285771.70000000,633628.79515000,0
1751733900000000,2.21700000,2.21850000,2.21360000,2.21800000,693367.30000000,1751734799999999,1536508.06903000,4595,169234.80000000,375024.25296000,0
1751734800000000,2.21810000,2.22050000,2.20750000,2.20950000,1030960.50000000,1751735699999999,2279629.24284000,8392,356247.60000000,787558.87608000,0
1751735700000000,2.20960000,2.21180000,2.20560000,2.21160000,618978.70000000,1751736599999999,1367126.44046000,6875,310398.60000000,685714.88428000,0
1751736600000000,2.21150000,2.21240000,2.20850000,2.21100000,322009.90000000,1751737499999999,711723.85150000,3314,176364.20000000,389801.12077000,0
1751737500000000,2.21090000,2.21410000,2.20950000,2.21330000,184317.20000000,1751738399999999,407788.22772000,2071,107524.60000000,237875.74685000,0
1751738400000000,2.21320000,2.21320000,2.20570000,2.20680000,354541.50000000,1751739299999999,783143.54136000,2755,151691.30000000,335012.92576000,0
1751739300000000,2.20690000,2.20730000,2.20220000,2.20280000,681000.70000000,1751740199999999,1501291.70289000,5794,294885.60000000,650053.29040000,0
1751740200000000,2.20280000,2.20660000,2.20220000,2.20540000,470651.90000000,1751741099999999,1037511.48427000,4412,381177.40000000,840240.34150000,0
1751741100000000,2.20540000,2.20780000,2.20320000,2.20450000,506334.20000000,1751741999999999,1116515.79917000,4428,236714.60000000,522021.50300000,0
1751742000000000,2.20450000,2.20450000,2.20160000,2.20190000,366182.40000000,1751742899999999,806569.06104000,3937,191049.90000000,420788.03815000,0
1751742900000000,2.20190000,2.20910000,2.20140000,2.20910000,225683.20000000,1751743799999999,497508.50564000,3292,146103.70000000,322113.91613000,0
1751743800000000,2.20910000,2.20970000,2.20730000,2.20810000,627949.60000000,1751744699999999,1386550.72399000,2595,500837.10000000,1105839.07080000,0
1751744700000000,2.20800000,2.21460000,2.20800000,2.21460000,464180.00000000,1751745599999999,1026655.55704000,2887,289002.30000000,639197.77471000,0
1751745600000000,2.21470000,2.21810000,2.21160000,2.21220000,1142496.20000000,1751746499999999,2531099.21228000,4425,500934.40000000,1110027.74723000,0
1751746500000000,2.21220000,2.21260000,2.20850000,2.20930000,754018.10000000,1751747399999999,1666865.75034000,2411,405775.80000000,897091.28647000,0
1751747400000000,2.20930000,2.20940000,2.20760000,2.20810000,1045829.70000000,1751748299999999,2309899.41829000,2927,558935.00000000,1234571.84990000,0
1751748300000000,2.20810000,2.21290000,2.20800000,2.21000000,1108084.40000000,1751749199999999,2448577.26732000,3468,853238.00000000,1885197.07109000,0
1751749200000000,2.21010000,2.21010000,2.20750000,2.20750000,513770.40000000,1751750099999999,1134998.78938000,3166,240078.30000000,530359.60927000,0
1751750100000000,2.20740000,2.21270000,2.20740000,2.21120000,271380.10000000,1751750999999999,599915.13198000,2523,132945.00000000,293846.80059000,0
1751751000000000,2.21120000,2.21610000,2.21120000,2.21610000,196367.60000000,1751751899999999,434647.69319000,2090,130188.40000000,288176.18703000,0
1751751900000000,2.21610000,2.21880000,2.21520000,2.21800000,321833.30000000,1751752799999999,713431.28250000,2915,147590.50000000,327172.90517000,0
1751752800000000,2.21790000,2.21790000,2.21300000,2.21360000,331069.00000000,1751753699999999,733262.92688000,6231,160899.20000000,356318.08154000,0
1751753700000000,2.21360000,2.21520000,2.21290000,2.21520000,204381.00000000,1751754599999999,452569.66938000,2762,116800.40000000,258638.73566000,0
1751754600000000,2.21510000,2.21730000,2.21280000,2.21600000,189405.20000000,1751755499999999,419476.49243000,2988,67047.90000000,148493.98197000,0
1751755500000000,2.21600000,2.21740000,2.21520000,2.21590000,109055.50000000,1751756399999999,241692.34557000,2289,52519.70000000,116386.62549000,0
1751756400000000,2.21590000,2.21960000,2.21570000,2.21940000,197669.80000000,1751757299999999,438462.88186000,1990,115640.30000000,256522.14133000,0
1751757300000000,2.21940000,2.21950000,2.21630000,2.21730000,238645.10000000,1751758199999999,529314.10229000,2604,90304.80000000,200281.14241000,0
1751758200000000,2.21730000,2.21850000,2.21470000,2.21680000,166659.10000000,1751759099999999,369377.83993000,2796,71513.60000000,158517.20994000,0
1751759100000000,2.21680000,2.21860000,2.21650000,2.21780000,115807.50000000,1751759999999999,256821.64356000,1743,40232.30000000,89223.20647000,0
1751760000000000,2.21770000,2.21780000,2.21400000,2.21490000,269085.30000000,1751760899999999,596208.58956000,3521,107528.60000000,238261.22220000,0
1751760900000000,2.21490000,2.21800000,2.21390000,2.21700000,150638.40000000,1751761799999999,333814.36612000,2338,54912.20000000,121702.61327000,0
1751761800000000,2.21700000,2.21910000,2.21410000,2.21860000,197394.50000000,1751762699999999,437603.77764000,2349,143552.20000000,318258.32547000,0
1751762700000000,2.21870000,2.22090000,2.21750000,2.22040000,245149.50000000,1751763599999999,544102.38415000,2387,137721.10000000,305684.01613000,0
1751763600000000,2.22040000,2.22240000,2.21750000,2.21760000,255724.20000000,1751764499999999,567718.01208000,3315,100188.20000000,222418.57280000,0
1751764500000000,2.21750000,2.21830000,2.21560000,2.21660000,288005.70000000,1751765399999999,638440.88669000,2088,118173.30000000,261958.41827000,0
1751765400000000,2.21660000,2.21890000,2.21600000,2.21860000,131272.10000000,1751766299999999,291051.60902000,1725,84603.90000000,187581.90791000,0
1751766300000000,2.21860000,2.21940000,2.21600000,2.21820000,143696.60000000,1751767199999999,318678.08598000,1873,73711.70000000,163468.19587000,0
1751767200000000,2.21820000,2.22000000,2.21680000,2.21970000,165194.10000000,1751768099999999,366570.72382000,2304,92414.40000000,205076.83917000,0
1751768100000000,2.21980000,2.22040000,2.21660000,2.21720000,134639.50000000,1751768999999999,298700.51204000,2252,31267.70000000,69360.87893000,0
1751769000000000,2.21710000,2.21810000,2.21550000,2.21640000,163413.30000000,1751769899999999,362242.62934000,1587,103425.70000000,229254.17096000,0
1751769900000000,2.21630000,2.21650000,2.21250000,2.21250000,163514.20000000,1751770799999999,362191.79852000,1949,64414.90000000,142695.33719000,0
1751770800000000,2.21250000,2.21280000,2.21030000,2.21180000,292480.90000000,1751771699999999,646896.45956000,2880,95005.60000000,210124.61125000,0
1751771700000000,2.21180000,2.21220000,2.20860000,2.21120000,409822.10000000,1751772599999999,905910.75440000,2134,145635.90000000,321871.75846000,0
1751772600000000,2.21120000,2.21300000,2.21020000,2.21300000,216360.80000000,1751773499999999,478390.21698000,1334,120973.40000000,267454.12193000,0
1751773500000000,2.21300000,2.21650000,2.21300000,2.21650000,123461.80000000,1751774399999999,273423.02299000,1399,75418.30000000,167024.13677000,0
1751774400000000,2.21640000,2.22080000,2.21620000,2.21950000,366626.30000000,1751775299999999,813497.85056000,2786,212819.20000000,472151.98376000,0
1751775300000000,2.21950000,2.22080000,2.21900000,2.22010000,198059.30000000,1751776199999999,439673.97738000,2187,101707.70000000,225781.59369000,0
1751776200000000,2.22010000,2.22200000,2.21900000,2.22200000,240928.70000000,1751777099999999,535058.14497000,2211,92454.80000000,205313.87007000,0
1751777100000000,2.22190000,2.22240000,2.21880000,2.22030000,229717.70000000,1751777999999999,510184.34941000,1907,110397.00000000,245195.19634000,0
1751778000000000,2.22020000,2.22150000,2.21910000,2.22090000,169506.30000000,1751778899999999,376383.79640000,2235,71026.00000000,157683.74286000,0
1751778900000000,2.22090000,2.22510000,2.22040000,2.22480000,298563.20000000,1751779799999999,663561.60652000,2687,160575.20000000,356948.69312000,0
1751779800000000,2.22480000,2.22640000,2.22200000,2.22240000,414596.30000000,1751780699999999,922291.56811000,3298,163201.50000000,363075.43742000,0
1751780700000000,2.22240000,2.22310000,2.22120000,2.22310000,192484.60000000,1751781599999999,427725.39123000,2029,83786.80000000,186190.10725000,0
1751781600000000,2.22310000,2.22890000,2.22150000,2.22850000,552544.50000000,1751782499999999,1229801.48517000,4295,233156.60000000,519087.73939000,0
1751782500000000,2.22850000,2.23500000,2.22840000,2.23040000,1042806.50000000,1751783399999999,2327550.10907000,8305,680021.10000000,1517641.22934000,0
1751783400000000,2.23040000,2.23150000,2.22840000,2.23050000,275789.20000000,1751784299999999,614992.56066000,3468,106756.40000000,238084.51401000,0
1751784300000000,2.23050000,2.23350000,2.23050000,2.23240000,791872.90000000,1751785199999999,1767632.82996000,4550,456021.20000000,1017857.79984000,0
1751785200000000,2.23250000,2.23310000,2.23110000,2.23150000,546434.70000000,1751786099999999,1219613.21922000,3914,172781.10000000,385640.20803000,0
1751786100000000,2.23160000,2.23310000,2.22920000,2.22970000,412462.90000000,1751786999999999,920173.65546000,3968,172255.40000000,384324.92237000,0
1751787000000000,2.22970000,2.22980000,2.22600000,2.22640000,341645.90000000,1751787899999999,760939.81531000,2912,164617.50000000,366639.02710000,0
1751787900000000,2.22640000,2.22800000,2.22540000,2.22760000,261260.50000000,1751788799999999,581819.47125000,2030,166387.90000000,370548.49390000,0
1751788800000000,2.22760000,2.23110000,2.22660000,2.22790000,279228.00000000,1751789699999999,622390.62752000,3121,111031.30000000,247472.22593000,0
1751789700000000,2.22790000,2.22960000,2.22690000,2.22910000,226725.70000000,1751790599999999,505252.00236000,3262,114557.00000000,255267.49285000,0
1751790600000000,2.22900000,2.24650000,2.22880000,2.24520000,2768725.60000000,1751791499999999,6200691.52217000,13095,1964145.20000000,4399120.29106000,0
1751791500000000,2.24520000,2.25430000,2.23880000,2.24260000,2588177.70000000,1751792399999999,5815239.28789000,17549,1257443.30000000,2825514.46847000,0
1751792400000000,2.24270000,2.25270000,2.23870000,2.24970000,1446687.50000000,1751793299999999,3250143.45421000,12377,869081.70000000,1952237.59148000,0
1751793300000000,2.24960000,2.25330000,2.24820000,2.24860000,805922.30000000,1751794199999999,1813821.53460000,6938,423414.20000000,952938.01151000,0
1751794200000000,2.24860000,2.25900000,2.24860000,2.25760000,1433670.70000000,1751795099999999,3233312.06567000,8711,952289.90000000,2147550.62859000,0
1751795100000000,2.25770000,2.26270000,2.25280000,2.25370000,2247434.60000000,1751795999999999,5075650.99071000,14538,1177209.50000000,2659096.71908000,0
1751796000000000,2.25380000,2.26560000,2.25210000,2.26520000,2312951.00000000,1751796899999999,5225256.97113000,13234,1536943.50000000,3472729.15215000,0
1751796900000000,2.26510000,2.27400000,2.26300000,2.27170000,2104681.10000000,1751797799999999,4775301.09987000,14234,1246250.70000000,2827977.17663000,0
1751797800000000,2.27170000,2.28410000,2.26570000,2.28410000,3297263.00000000,1751798699999999,7504071.08463000,16259,1531065.40000000,3485490.61171000,0
1751798700000000,2.28400000,2.28490000,2.27420000,2.27490000,4711891.60000000,1751799599999999,10744842.22953000,18767,1306319.20000000,2978893.06096000,0
1751799600000000,2.27490000,2.27700000,2.25930000,2.26160000,4005704.20000000,1751800499999999,9083534.34139000,20673,1744624.60000000,3955026.96325000,0
1751800500000000,2.26150000,2.26690000,2.25740000,2.26560000,1626807.90000000,1751801399999999,3680137.88151000,13952,769800.40000000,1741224.43322000,0
1751801400000000,2.26560000,2.26950000,2.26280000,2.26890000,706403.70000000,1751802299999999,1600736.29255000,7056,383541.50000000,869112.83523000,0
1751802300000000,2.26890000,2.27280000,2.26100000,2.26170000,1226485.40000000,1751803199999999,2780363.28816000,8694,544432.00000000,1234375.03863000,0
1751803200000000,2.26170000,2.26640000,2.26080000,2.26460000,867946.10000000,1751804099999999,1964570.54700000,7378,383552.50000000,868192.81004000,0
1751804100000000,2.26460000,2.27060000,2.26420000,2.26490000,1003450.50000000,1751804999999999,2275250.54742000,7009,541702.30000000,1228188.93469000,0
1751805000000000,2.26490000,2.26760000,2.26260000,2.26730000,675289.80000000,1751805899999999,1529508.45585000,7144,413784.20000000,937231.01090000,0
1751805900000000,2.26740000,2.27470000,2.26670000,2.27460000,1437487.80000000,1751806799999999,3265139.36214000,8326,848442.50000000,1927320.66439000,0
1751806800000000,2.27460000,2.28000000,2.27180000,2.27960000,1583995.50000000,1751807699999999,3606948.33146000,9977,773014.70000000,1760190.57493000,0
1751807700000000,2.27960000,2.28470000,2.27300000,2.27590000,2386002.70000000,1751808599999999,5436606.86998000,12308,1245237.00000000,2837665.68592000,0
1751808600000000,2.27600000,2.28240000,2.27260000,2.28240000,2743696.40000000,1751809499999999,6249546.50808000,16833,1509277.10000000,3437903.03240000,0
1751809500000000,2.28250000,2.29000000,2.27790000,2.28180000,3821243.90000000,1751810399999999,8728813.68205000,19324,1841301.40000000,4207349.52421000,0
1751810400000000,2.28190000,2.28460000,2.27290000,2.27340000,1468400.60000000,1751811299999999,3347501.84217000,11542,575138.40000000,1311411.87428000,0
1751811300000000,2.27330000,2.27680000,2.26950000,2.27280000,1290364.20000000,1751812199999999,2931895.63590000,8815,623495.30000000,1416781.28294000,0
1751812200000000,2.27280000,2.27980000,2.26650000,2.27050000,1617329.50000000,1751813099999999,3677880.39439000,12859,865185.50000000,1967208.48343000,0
1751813100000000,2.27050000,2.27170000,2.26520000,2.27170000,936429.40000000,1751813999999999,2124456.13556000,9672,427820.40000000,970673.69375000,0
1751814000000000,2.27170000,2.27480000,2.26860000,2.27250000,901964.50000000,1751814899999999,2049144.45067000,7846,393348.10000000,893499.09186000,0
1751814900000000,2.27250000,2.27380000,2.26710000,2.27050000,1170116.50000000,1751815799999999,2656386.35214000,8316,427902.80000000,971346.79806000,0
1751815800000000,2.27060000,2.27760000,2.26860000,2.27200000,745941.50000000,1751816699999999,1695611.23565000,8386,428288.20000000,973636.60867000,0
1751816700000000,2.27200000,2.27840000,2.27130000,2.27700000,631603.90000000,1751817599999999,1437105.15445000,5431,379466.60000000,863340.24640000,0
1751817600000000,2.27700000,2.28000000,2.26950000,2.26990000,1009112.20000000,1751818499999999,2295880.08551000,7417,287866.00000000,655304.10382000,0
1751818500000000,2.26980000,2.28270000,2.26970000,2.27320000,1095604.80000000,1751819399999999,2493280.65140000,7741,813267.70000000,1850514.94998000,0
1751819400000000,2.27320000,2.27610000,2.26980000,2.27300000,584190.70000000,1751820299999999,1327631.14224000,7578,291727.90000000,663052.90405000,0
1751820300000000,2.27300000,2.27800000,2.26990000,2.27520000,1604343.60000000,1751821199999999,3651980.19925000,7421,297933.30000000,677661.97399000,0
1751821200000000,2.27520000,2.27540000,2.26780000,2.26790000,2202190.30000000,1751822099999999,4999923.57627000,7260,1628741.90000000,3697545.60086000,0
1751822100000000,2.26800000,2.27170000,2.26570000,2.26860000,992150.20000000,1751822999999999,2250994.82756000,5655,727817.00000000,1651502.37282000,0
1751823000000000,2.26850000,2.26860000,2.26500000,2.26690000,382643.50000000,1751823899999999,867445.68433000,3286,149293.00000000,338435.64825000,0
1751823900000000,2.26700000,2.27120000,2.26680000,2.26800000,409178.70000000,1751824799999999,928140.86822000,4167,213965.50000000,485306.05801000,0
1751824800000000,2.26790000,2.26800000,2.26180000,2.26300000,595180.80000000,1751825699999999,1347419.01295000,5315,219742.00000000,497494.40522000,0
1751825700000000,2.26300000,2.26340000,2.25370000,2.25520000,1112111.20000000,1751826599999999,2511089.42362000,8077,376379.50000000,849842.87821000,0
1751826600000000,2.25520000,2.25820000,2.25130000,2.25230000,791923.40000000,1751827499999999,1785263.75355000,7314,353653.10000000,797143.26666000,0
1751827500000000,2.25220000,2.25300000,2.24620000,2.25220000,1087198.90000000,1751828399999999,2445508.70838000,9055,458256.00000000,1030678.49226000,0
1751828400000000,2.25210000,2.25560000,2.25150000,2.25460000,524508.90000000,1751829299999999,1182079.07430000,4519,290755.90000000,655239.36453000,0
1751829300000000,2.25460000,2.25720000,2.25430000,2.25580000,273438.00000000,1751830199999999,616775.47408000,3313,123880.90000000,279431.23384000,0
1751830200000000,2.25580000,2.25700000,2.25360000,2.25690000,329359.70000000,1751831099999999,742815.63894000,4369,154108.80000000,347571.34287000,0
1751831100000000,2.25680000,2.26510000,2.25450000,2.26470000,1465293.20000000,1751831999999999,3311505.90088000,5537,1177924.70000000,2662278.06367000,0
1751832000000000,2.26460000,2.26990000,2.26320000,2.26980000,704597.70000000,1751832899999999,1596483.50834000,5781,421510.40000000,955078.84311000,0
1751832900000000,2.26980000,2.27160000,2.26740000,2.26830000,566456.30000000,1751833799999999,1285716.46609000,4624,209072.40000000,474539.11295000,0
1751833800000000,2.26820000,2.27370000,2.26800000,2.27060000,616397.20000000,1751834699999999,1400057.41150000,5209,312773.50000000,710467.46438000,0
1751834700000000,2.27070000,2.27370000,2.26850000,2.26970000,357048.20000000,1751835599999999,810870.48877000,4485,184169.00000000,418312.76586000,0
1751835600000000,2.26970000,2.27540000,2.26970000,2.27330000,570906.00000000,1751836499999999,1297983.05902000,4148,310578.70000000,706067.78652000,0
1751836500000000,2.27320000,2.27940000,2.27240000,2.27790000,1040054.70000000,1751837399999999,2367105.89320000,6244,611598.30000000,1391931.26023000,0
1751837400000000,2.27780000,2.28900000,2.27650000,2.27850000,2197496.30000000,1751838299999999,5017410.00793000,17136,1206573.80000000,2754766.42873000,0
1751838300000000,2.27850000,2.28020000,2.27120000,2.27640000,1284983.60000000,1751839199999999,2924663.06783000,11350,803475.40000000,1828916.22473000,0
1751839200000000,2.27640000,2.28880000,2.27640000,2.28100000,1633578.20000000,1751840099999999,3730492.08379000,19039,787403.70000000,1797876.84151000,0
1751840100000000,2.28100000,2.28370000,2.27650000,2.27790000,516052.10000000,1751840999999999,1176466.77059000,6143,239427.60000000,545834.43290000,0
1751841000000000,2.27790000,2.27880000,2.27420000,2.27540000,574444.30000000,1751841899999999,1307362.33651000,4546,255916.30000000,582399.50051000,0
1751841900000000,2.27540000,2.27670000,2.27370000,2.27500000,294259.80000000,1751842799999999,669443.71053000,4043,152539.60000000,347005.70546000,0
1751842800000000,2.27500000,2.27560000,2.26730000,2.27130000,1252714.30000000,1751843699999999,2844150.35256000,9973,579587.60000000,1315877.26639000,0
1751843700000000,2.27120000,2.27120000,2.26560000,2.26810000,459658.50000000,1751844599999999,1042500.95793000,5264,141836.30000000,321640.91328000,0
1751844600000000,2.26810000,2.27350000,2.26740000,2.27300000,511604.60000000,1751845499999999,1161697.90870000,4431,256564.50000000,582645.87119000,0
1751845500000000,2.27290000,2.27400000,2.27090000,2.27090000,314272.30000000,1751846399999999,714164.20187000,3167,121489.10000000,276087.86550000,0
1751846400000000,2.27090000,2.27270000,2.26820000,2.27080000,462930.30000000,1751847299999999,1051076.34764000,5698,258597.20000000,587170.07680000,0
1751847300000000,2.27090000,2.27100000,2.26270000,2.26300000,435469.40000000,1751848199999999,986450.47286000,5800,161477.90000000,365772.94133000,0
1751848200000000,2.26300000,2.26560000,2.26160000,2.26270000,654990.40000000,1751849099999999,1482228.10606000,5180,194694.10000000,440650.15785000,0
1751849100000000,2.26270000,2.26550000,2.26260000,2.26450000,292293.00000000,1751849999999999,661827.28415000,3703,186158.40000000,421502.99223000,0
1751850000000000,2.26440000,2.26450000,2.25790000,2.25860000,463030.40000000,1751850899999999,1046644.36367000,5406,141297.00000000,319364.51072000,0
1751850900000000,2.25860000,2.26320000,2.25710000,2.26140000,444615.50000000,1751851799999999,1004879.17746000,4414,218578.50000000,493975.16134000,0
1751851800000000,2.26150000,2.26820000,2.26140000,2.26580000,413568.80000000,1751852699999999,936714.37018000,3024,266120.80000000,602583.86403000,0
1751852700000000,2.26590000,2.26750000,2.26390000,2.26590000,150774.50000000,1751853599999999,341580.71746000,2026,73204.90000000,165850.63705000,0
1751853600000000,2.26600000,2.27360000,2.26580000,2.27280000,488406.90000000,1751854499999999,1108953.48185000,3891,328972.10000000,746975.61224000,0
1751854500000000,2.27290000,2.27460000,2.27200000,2.27420000,554313.60000000,1751855399999999,1260112.98402000,4025,284798.20000000,647454.71029000,0
1751855400000000,2.27420000,2.27900000,2.27260000,2.27890000,844170.10000000,1751856299999999,1921700.14208000,6661,501435.80000000,1141406.36741000,0
1751856300000000,2.27890000,2.27900000,2.27260000,2.27280000,319616.70000000,1751857199999999,727266.10298000,3145,132449.30000000,301364.17937000,0
1751857200000000,2.27270000,2.27400000,2.27150000,2.27150000,255281.80000000,1751858099999999,580131.53338000,2685,104676.40000000,237892.20561000,0
1751858100000000,2.27140000,2.27850000,2.27040000,2.27610000,823591.20000000,1751858999999999,1872926.93009000,5759,484163.60000000,1101306.58774000,0
1751859000000000,2.27620000,2.27760000,2.27490000,2.27630000,424957.50000000,1751859899999999,967332.15531000,4697,243004.00000000,553128.01866000,0
1751859900000000,2.27620000,2.27670000,2.27020000,2.27030000,483687.00000000,1751860799999999,1099560.84104000,4091,193294.10000000,439440.04471000,0
1751860800000000,2.27040000,2.27360000,2.26910000,2.27170000,1501535.10000000,1751861699999999,3410538.25575000,5217,1166124.70000000,2648755.18439000,0
1751861700000000,2.27180000,2.27180000,2.26460000,2.26680000,522836.70000000,1751862599999999,1185900.74521000,3811,270732.10000000,614200.70022000,0
1751862600000000,2.26680000,2.26810000,2.26500000,2.26500000,359146.00000000,1751863499999999,814086.43125000,2424,188244.40000000,426698.16429000,0
1751863500000000,2.26510000,2.26580000,2.26260000,2.26420000,774689.20000000,1751864399999999,1754109.22725000,2469,247916.70000000,561447.96106000,0
1751864400000000,2.26420000,2.26710000,2.26410000,2.26630000,429348.40000000,1751865299999999,972871.32001000,2990,249283.80000000,564798.74201000,0
1751865300000000,2.26620000,2.26630000,2.26280000,2.26400000,343409.50000000,1751866199999999,777692.81012000,3097,182447.80000000,413174.54071000,0
1751866200000000,2.26400000,2.27150000,2.26320000,2.27020000,982433.10000000,1751867099999999,2227880.84746000,5137,673479.70000000,1527081.11378000,0
1751867100000000,2.27020000,2.27500000,2.26970000,2.27070000,655220.60000000,1751867999999999,1488645.37641000,4022,446517.90000000,1014449.39330000,0
1751868000000000,2.27070000,2.27070000,2.26180000,2.26840000,994251.90000000,1751868899999999,2253345.76995000,6216,313908.10000000,711303.41147000,0
1751868900000000,2.26840000,2.27060000,2.26830000,2.26890000,268352.60000000,1751869799999999,609070.24844000,2442,154305.40000000,350215.77694000,0
1751869800000000,2.26880000,2.26950000,2.26140000,2.26140000,436572.20000000,1751870699999999,989108.32107000,3691,155939.00000000,353431.66715000,0
1751870700000000,2.26140000,2.26260000,2.25840000,2.25860000,1037185.30000000,1751871599999999,2344097.61740000,5033,447173.80000000,1010625.03512000,0
1751871600000000,2.25870000,2.26670000,2.25520000,2.26610000,1552286.90000000,1751872499999999,3508045.36627000,8311,997385.00000000,2254148.63017000,0
1751872500000000,2.26620000,2.26890000,2.26380000,2.26710000,444614.30000000,1751873399999999,1007687.70478000,4005,224874.00000000,509621.71542000,0
1751873400000000,2.26710000,2.26960000,2.26500000,2.26950000,507665.70000000,1751874299999999,1151096.07412000,3395,228987.90000000,519328.63589000,0
1751874300000000,2.26960000,2.27250000,2.26780000,2.27240000,594205.20000000,1751875199999999,1348578.64719000,3683,352374.40000000,799772.13750000,0
1751875200000000,2.27230000,2.27370000,2.27020000,2.27060000,923757.00000000,1751876099999999,2099102.38332000,4089,415379.40000000,943855.60520000,0
1751876100000000,2.27050000,2.27050000,2.26810000,2.26950000,540728.30000000,1751876999999999,1226936.86042000,3355,219508.90000000,498056.79625000,0
1751877000000000,2.26940000,2.27340000,2.26810000,2.27150000,453248.00000000,1751877899999999,1029211.54499000,3419,269117.50000000,611052.59508000,0
1751877900000000,2.27160000,2.27670000,2.26970000,2.27470000,965206.10000000,1751878799999999,2193606.56956000,4170,411801.20000000,936244.41843000,0
1751878800000000,2.27460000,2.27460000,2.27140000,2.27210000,607943.50000000,1751879699999999,1381692.06019000,3171,274248.00000000,623258.59487000,0
1751879700000000,2.27200000,2.27350000,2.27000000,2.27340000,746646.20000000,1751880599999999,1696155.16113000,3557,321567.60000000,730566.24090000,0
1751880600000000,2.27350000,2.28080000,2.27150000,2.27810000,1110098.00000000,1751881499999999,2528612.54345000,5450,497876.10000000,1134038.63179000,0
1751881500000000,2.27800000,2.28180000,2.27670000,2.28080000,1055161.30000000,1751882399999999,2404824.44762000,5509,471520.50000000,1074689.60479000,0
1751882400000000,2.28070000,2.28850000,2.27500000,2.28570000,2346270.40000000,1751883299999999,5356869.46686000,14792,1483713.00000000,3387360.10089000,0
1751883300000000,2.28570000,2.28870000,2.28190000,2.28360000,1166833.40000000,1751884199999999,2666588.06777000,9049,551423.50000000,1260433.31039000,0
1751884200000000,2.28350000,2.29780000,2.28140000,2.29230000,3104621.80000000,1751885099999999,7117024.39942000,19693,2042027.10000000,4680849.77408000,0
1751885100000000,2.29230000,2.29580000,2.28480000,2.28510000,1220933.90000000,1751885999999999,2796793.20317000,13446,675149.40000000,1546911.49897000,0
1751886000000000,2.28520000,2.29510000,2.28350000,2.29080000,1634533.90000000,1751886899999999,3745102.40661000,12292,915148.40000000,2096767.36953000,0
1751886900000000,2.29070000,2.29200000,2.28170000,2.28510000,1284723.90000000,1751887799999999,2936551.51067000,10349,669160.40000000,1529347.80839000,0
1751887800000000,2.28500000,2.28610000,2.27740000,2.28320000,929490.60000000,1751888699999999,2120321.46263000,7571,585190.20000000,1334971.11844000,0
1751888700000000,2.28320000,2.28490000,2.27780000,2.28290000,866164.50000000,1751889599999999,1975350.15763000,6046,306856.00000000,699911.33402000,0
1751889600000000,2.28280000,2.28340000,2.27670000,2.27880000,704450.70000000,1751890499999999,1605873.28659000,7525,245968.10000000,560712.87697000,0
1751890500000000,2.27870000,2.27940000,2.27440000,2.27730000,707217.90000000,1751891399999999,1609877.04015000,8329,311165.10000000,708361.85655000,0
1751891400000000,2.27720000,2.28280000,2.27650000,2.27960000,734440.40000000,1751892299999999,1674863.47080000,7126,396160.30000000,903276.79285000,0
1751892300000000,2.27960000,2.28120000,2.27110000,2.27560000,733242.40000000,1751893199999999,1668110.34053000,9210,302204.80000000,687640.32691000,0
1751893200000000,2.27560000,2.28140000,2.27370000,2.28130000,896503.40000000,1751894099999999,2042874.79225000,7213,441938.60000000,1007020.48667000,0
1751894100000000,2.28120000,2.29390000,2.27610000,2.29160000,1783417.20000000,1751894999999999,4075513.74109000,12904,950498.80000000,2172062.18224000,0
1751895000000000,2.29160000,2.29310000,2.28410000,2.28670000,1424666.40000000,1751895899999999,3260252.13607000,13473,567560.80000000,1298805.17761000,0
1751895900000000,2.28670000,2.34970000,2.28070000,2.34360000,18519837.80000000,1751896799999999,42995219.32882000,85843,11405994.10000000,26482133.62421000,0
1751896800000000,2.34360000,2.34410000,2.31630000,2.31970000,13519543.60000000,1751897699999999,31532778.59737000,82380,6089942.00000000,14204971.99742000,0
1751897700000000,2.31980000,2.33660000,2.31800000,2.33090000,4311097.40000000,1751898599999999,10036450.89115000,36255,2295729.80000000,5344226.20707000,0
1751898600000000,2.33100000,2.33150000,2.30310000,2.31080000,4339392.10000000,1751899499999999,10041935.52563000,30895,1603606.30000000,3709509.45118000,0
1751899500000000,2.31090000,2.31840000,2.30900000,2.31240000,2531801.80000000,1751900399999999,5857654.64305000,28620,1562987.60000000,3616069.10106000,0
1751900400000000,2.31240000,2.33510000,2.31240000,2.33080000,4269819.60000000,1751901299999999,9925565.06579000,29615,2563941.80000000,5960213.06487000,0
1751901300000000,2.33080000,2.34130000,2.31790000,2.33780000,4026230.20000000,1751902199999999,9387215.52439000,23637,1829048.30000000,4263395.12668000,0
1751902200000000,2.33770000,2.34930000,2.33770000,2.34070000,4938104.00000000,1751903099999999,11571629.90223000,39546,2368144.70000000,5549627.06435000,0
1751903100000000,2.34070000,2.34800000,2.33300000,2.33890000,5531281.00000000,1751903999999999,12936795.52518000,37153,2715206.70000000,6350888.81000000,0
1751904000000000,2.33880000,2.35370000,2.33800000,2.34700000,6034114.70000000,1751904899999999,14155185.37404000,47962,3374790.70000000,7918010.13216000,0
1751904900000000,2.34700000,2.35090000,2.32180000,2.33120000,6431034.00000000,1751905799999999,15013256.66156000,60316,2743473.30000000,6408315.60302000,0
1751905800000000,2.33130000,2.34310000,2.31590000,2.33080000,5476215.20000000,1751906699999999,12765058.50785000,40582,2195864.60000000,5121738.54564000,0
1751906700000000,2.33080000,2.33330000,2.31710000,2.32030000,3139076.30000000,1751907599999999,7298854.65058000,30281,1368053.20000000,3181428.89231000,0
1751907600000000,2.32030000,2.33080000,2.31810000,2.33060000,2270533.90000000,1751908499999999,5275890.03408000,17063,1064221.10000000,2472999.21026000,0
1751908500000000,2.33070000,2.33150000,2.31310000,2.31670000,2410181.20000000,1751909399999999,5593614.79336000,15555,1121367.60000000,2601602.21327000,0
1751909400000000,2.31660000,2.32340000,2.31310000,2.31500000,2038417.90000000,1751910299999999,4725126.42041000,26367,996143.50000000,2309131.58283000,0
1751910300000000,2.31500000,2.32190000,2.30470000,2.30630000,3275739.00000000,1751911199999999,7572069.81192000,20249,1309641.80000000,3028294.30250000,0
1751911200000000,2.30630000,2.31240000,2.30400000,2.31120000,2165196.80000000,1751912099999999,4997584.47800000,13303,1071250.30000000,2472908.29865000,0
1751912100000000,2.31130000,2.31220000,2.28100000,2.28540000,4489225.00000000,1751912999999999,10295693.24257000,28374,1800605.60000000,4128381.70266000,0
1751913000000000,2.28530000,2.29340000,2.28440000,2.28980000,1965293.70000000,1751913899999999,4498277.43369000,17628,801728.80000000,1834974.29673000,0
1751913900000000,2.28990000,2.29600000,2.28990000,2.29480000,1317522.30000000,1751914799999999,3021314.97322000,9217,726054.20000000,1664902.91818000,0
1751914800000000,2.29470000,2.30510000,2.29010000,2.29520000,2854507.10000000,1751915699999999,6555770.01319000,13541,1886593.60000000,4334178.22662000,0
1751915700000000,2.29520000,2.30810000,2.29480000,2.30530000,2396346.50000000,1751916599999999,5517554.13355000,16169,1370484.00000000,3155268.78898000,0
1751916600000000,2.30530000,2.30650000,2.29870000,2.29940000,1406649.50000000,1751917499999999,3239202.43721000,10425,654433.30000000,1506955.64365000,0
1751917500000000,2.29940000,2.30700000,2.29410000,2.29930000,1398817.50000000,1751918399999999,3217235.99952000,13198,652458.40000000,1500700.33976000,0
1751918400000000,2.29930000,2.29930000,2.27610000,2.28270000,3735679.00000000,1751919299999999,8527065.29651000,28649,1500535.70000000,3424026.84213000,0
1751919300000000,2.28270000,2.28270000,2.26420000,2.26720000,3770091.80000000,1751920199999999,8558867.60322000,28414,1666488.80000000,3782864.22721000,0
1751920200000000,2.26720000,2.28190000,2.26680000,2.27720000,1094511.00000000,1751921099999999,2490802.71409000,11774,604443.50000000,1375628.61462000,0
1751921100000000,2.27730000,2.27850000,2.26540000,2.26570000,1223409.10000000,1751921999999999,2779027.08990000,15119,488175.40000000,1108654.41369000,0
1751922000000000,2.26560000,2.27320000,2.26410000,2.26480000,1293509.50000000,1751922899999999,2934158.08837000,9524,631750.70000000,1433611.98262000,0
1751922900000000,2.26470000,2.26880000,2.25910000,2.26330000,2383892.40000000,1751923799999999,5396089.96903000,14920,997497.60000000,2258968.49724000,0
1751923800000000,2.26340000,2.27900000,2.26330000,2.27510000,1326301.80000000,1751924699999999,3014767.05141000,11747,656809.30000000,1492948.15442000,0
1751924700000000,2.27510000,2.28390000,2.27500000,2.27880000,800829.40000000,1751925599999999,1825391.94509000,8042,457177.70000000,1042086.74520000,0
1751925600000000,2.27890000,2.28310000,2.27220000,2.27560000,838019.60000000,1751926499999999,1908754.08868000,10649,408798.50000000,931147.93102000,0
1751926500000000,2.27560000,2.27580000,2.26830000,2.26880000,770568.60000000,1751927399999999,1750451.11812000,6322,276610.00000000,628196.64288000,0
1751927400000000,2.26880000,2.27360000,2.26800000,2.27280000,449443.90000000,1751928299999999,1020566.62896000,5334,174803.50000000,396936.60781000,0
1751928300000000,2.27280000,2.27440000,2.27030000,2.27350000,532317.70000000,1751929199999999,1209687.53900000,4323,311468.90000000,707783.30178000,0
1751929200000000,2.27350000,2.27630000,2.27050000,2.27530000,468126.30000000,1751930099999999,1063953.79027000,5057,266706.80000000,606141.69178000,0
1751930100000000,2.27540000,2.27780000,2.27500000,2.27750000,519472.00000000,1751930999999999,1182549.38158000,4427,291538.30000000,663712.28982000,0
1751931000000000,2.27740000,2.27990000,2.27220000,2.27220000,780361.30000000,1751931899999999,1776033.67715000,7786,297689.80000000,677530.11922000,0
1751931900000000,2.27230000,2.27710000,2.27070000,2.27080000,419190.20000000,1751932799999999,953196.50869000,5608,241068.50000000,548203.05692000,0
1751932800000000,2.27070000,2.27100000,2.26530000,2.26660000,1151967.80000000,1751933699999999,2613412.10082000,8193,668799.10000000,1517066.21467000,0
1751933700000000,2.26650000,2.27170000,2.25780000,2.27130000,2100756.90000000,1751934599999999,4755849.77751000,10803,1291796.60000000,2924996.20179000,0
1751934600000000,2.27130000,2.27330000,2.26460000,2.27100000,822834.10000000,1751935499999999,1867349.97692000,7804,454099.40000000,1030377.92555000,0
1751935500000000,2.27110000,2.27200000,2.25910000,2.26510000,1936987.20000000,1751936399999999,4389785.78047000,12198,900631.20000000,2040266.51318000,0
1751936400000000,2.26500000,2.26510000,2.25680000,2.25880000,1570015.00000000,1751937299999999,3546290.10139000,9175,821051.10000000,1854233.22922000,0
1751937300000000,2.25880000,2.26160000,2.25540000,2.25840000,962718.00000000,1751938199999999,2173876.85250000,9299,406902.40000000,918977.11933000,0
1751938200000000,2.25840000,2.26260000,2.25470000,2.25660000,1251167.90000000,1751939099999999,2824906.15604000,10967,666429.80000000,1504578.52807000,0
1751939100000000,2.25670000,2.26100000,2.25580000,2.25850000,630613.90000000,1751939999999999,1424404.16237000,7507,250512.30000000,565873.47316000,0
1751940000000000,2.25850000,2.26050000,2.25070000,2.25320000,1970460.80000000,1751940899999999,4442559.07826000,10719,911134.40000000,2054252.52083000,0
1751940900000000,2.25320000,2.26220000,2.25020000,2.25950000,1614482.00000000,1751941799999999,3644385.80632000,11537,882657.90000000,1992817.85457000,0
1751941800000000,2.25960000,2.26190000,2.24950000,2.25030000,1970535.70000000,1751942699999999,4441468.41079000,9170,882072.30000000,1988584.76484000,0
1751942700000000,2.25020000,2.25250000,2.24850000,2.25160000,1033467.00000000,1751943599999999,2325547.09309000,5622,466747.90000000,1050277.04505000,0
1751943600000000,2.25170000,2.25590000,2.25100000,2.25430000,816731.00000000,1751944499999999,1840932.07594000,4760,533416.50000000,1202242.76172000,0
1751944500000000,2.25430000,2.26170000,2.25430000,2.26080000,761098.30000000,1751945399999999,1719241.25722000,3879,575140.50000000,1299158.85814000,0
1751945400000000,2.26090000,2.26290000,2.25960000,2.26190000,740058.20000000,1751946299999999,1673581.79827000,3297,400786.20000000,906306.00930000,0
1751946300000000,2.26190000,2.26440000,2.26100000,2.26290000,383898.60000000,1751947199999999,868795.67431000,2618,221639.60000000,501578.73138000,0
1751947200000000,2.26280000,2.26290000,2.25890000,2.26160000,635069.90000000,1751948099999999,1435701.05379000,4125,321501.10000000,726835.05553000,0
1751948100000000,2.26170000,2.26190000,2.25820000,2.26020000,400594.10000000,1751948999999999,905023.35773000,2887,259079.30000000,585273.13239000,0
1751949000000000,2.26020000,2.26580000,2.26020000,2.26270000,657099.30000000,1751949899999999,1487478.21568000,3631,450450.90000000,1019668.58235000,0
1751949900000000,2.26260000,2.27590000,2.26260000,2.26630000,2145598.10000000,1751950799999999,4866179.76395000,5246,1482291.80000000,3362992.91940000,0
1751950800000000,2.26630000,2.26650000,2.26330000,2.26450000,785947.70000000,1751951699999999,1780433.91210000,5308,388228.40000000,879422.90683000,0
1751951700000000,2.26450000,2.27000000,2.26430000,2.26990000,726293.80000000,1751952599999999,1646999.20773000,4858,410986.10000000,932077.45513000,0
1751952600000000,2.27000000,2.27340000,2.26880000,2.27310000,949188.40000000,1751953499999999,2155013.43915000,4745,495402.90000000,1124837.06389000,0
1751953500000000,2.27310000,2.27380000,2.26740000,2.26840000,1527327.90000000,1751954399999999,3469631.50790000,6750,759354.30000000,1724814.89709000,0
1751954400000000,2.26840000,2.27220000,2.26750000,2.26920000,1060027.70000000,1751955299999999,2405635.08959000,5843,557726.30000000,1265517.40454000,0
1751955300000000,2.26910000,2.27080000,2.26120000,2.26170000,1580779.20000000,1751956199999999,3581681.40799000,6664,683187.60000000,1547159.03367000,0
1751956200000000,2.26180000,2.26610000,2.26170000,2.26550000,897912.70000000,1751957099999999,2032667.59804000,5321,480092.00000000,1086783.97601000,0
1751957100000000,2.26550000,2.26740000,2.26400000,2.26450000,593702.80000000,1751957999999999,1345110.99624000,3952,369465.00000000,837069.16802000,0
1751958000000000,2.26440000,2.26440000,2.25700000,2.25880000,1082425.10000000,1751958899999999,2447090.59801000,4877,517762.80000000,1170651.06477000,0
1751958900000000,2.25870000,2.26070000,2.25680000,2.25890000,1190208.40000000,1751959799999999,2688488.58969000,5775,645467.10000000,1458028.90088000,0
1751959800000000,2.25880000,2.26310000,2.25740000,2.26150000,950732.50000000,1751960699999999,2149582.05666000,4453,583963.00000000,1320367.99897000,0
1751960700000000,2.26150000,2.27640000,2.26120000,2.27530000,1789096.60000000,1751961599999999,4060927.43486000,7667,1182133.70000000,2682750.34186000,0
1751961600000000,2.27530000,2.28200000,2.27290000,2.28120000,2318188.40000000,1751962499999999,5281655.85559000,11197,1218077.30000000,2774803.09145000,0
1751962500000000,2.28120000,2.28270000,2.27770000,2.27870000,1365820.60000000,1751963399999999,3114597.82196000,11948,601598.20000000,1371804.37934000,0
1751963400000000,2.27860000,2.28030000,2.27380000,2.27900000,1023348.20000000,1751964299999999,2330136.64247000,7013,605028.60000000,1377638.22541000,0
1751964300000000,2.27900000,2.28600000,2.27840000,2.27840000,1172307.80000000,1751965199999999,2675955.99300000,8564,615314.10000000,1404484.17800000,0
1751965200000000,2.27840000,2.28170000,2.27660000,2.28130000,745145.80000000,1751966099999999,1698213.87829000,6163,349371.90000000,796203.31700000,0
1751966100000000,2.28120000,2.28500000,2.27740000,2.28370000,669162.80000000,1751966999999999,1526615.47063000,6641,295838.70000000,674926.69914000,0
1751967000000000,2.28380000,2.28600000,2.28160000,2.28590000,752272.80000000,1751967899999999,1717934.57475000,5226,366274.20000000,836485.19504000,0
1751967900000000,2.28600000,2.28600000,2.28110000,2.28220000,1423120.20000000,1751968799999999,3249737.55528000,8182,599465.40000000,1368811.20843000,0
1751968800000000,2.28220000,2.29140000,2.28210000,2.29060000,1105436.10000000,1751969699999999,2528405.51007000,8255,596225.40000000,1363728.80685000,0
1751969700000000,2.29060000,2.29250000,2.28810000,2.28910000,1891159.40000000,1751970599999999,4331721.52718000,12359,836009.00000000,1915084.86002000,0
1751970600000000,2.28910000,2.29360000,2.28600000,2.29320000,1301063.40000000,1751971499999999,2978522.52122000,8595,687498.60000000,1574205.15983000,0
1751971500000000,2.29320000,2.29520000,2.29120000,2.29310000,907852.10000000,1751972399999999,2082058.32891000,8454,463138.30000000,1062164.83634000,0
1751972400000000,2.29310000,2.29960000,2.28920000,2.29070000,1783943.50000000,1751973299999999,4093175.86425000,12168,917279.40000000,2104844.35369000,0
1751973300000000,2.29060000,2.29560000,2.28780000,2.29510000,856763.20000000,1751974199999999,1963655.08569000,8389,419340.50000000,961196.12489000,0
1751974200000000,2.29500000,2.30090000,2.29290000,2.30030000,825981.50000000,1751975099999999,1897563.94534000,8310,481883.00000000,1107266.47048000,0
1751975100000000,2.30040000,2.30050000,2.29320000,2.29340000,743665.10000000,1751975999999999,1707353.80960000,6052,322534.20000000,740516.65919000,0
1751976000000000,2.29350000,2.29700000,2.29000000,2.29650000,785717.30000000,1751976899999999,1801273.64350000,7020,343794.90000000,788225.85706000,0
1751976900000000,2.29660000,2.29930000,2.28960000,2.29440000,1236775.40000000,1751977799999999,2838129.79088000,10077,631818.70000000,1449661.75036000,0
1751977800000000,2.29440000,2.30480000,2.29320000,2.29810000,1869508.30000000,1751978699999999,4298016.65253000,16136,934690.80000000,2148887.11784000,0
1751978700000000,2.29820000,2.30130000,2.29790000,2.29860000,1076087.60000000,1751979599999999,2474747.77150000,8341,507980.50000000,1168211.02519000,0
1751979600000000,2.29860000,2.29910000,2.29390000,2.29640000,1042886.20000000,1751980499999999,2394291.73837000,7604,560698.70000000,1286990.47291000,0
1751980500000000,2.29640000,2.29640000,2.29060000,2.29240000,875830.80000000,1751981399999999,2008556.91649000,6140,311451.30000000,714050.40650000,0
1751981400000000,2.29230000,2.29440000,2.28630000,2.29390000,1313607.60000000,1751982299999999,3007946.59147000,12431,426891.50000000,977455.22769000,0
1751982300000000,2.29400000,2.29990000,2.29350000,2.29540000,1552901.30000000,1751983199999999,3567238.40910000,15332,718491.70000000,1650435.36710000,0
1751983200000000,2.29530000,2.29530000,2.28490000,2.28990000,1217220.20000000,1751984099999999,2787764.01686000,14050,465538.70000000,1066270.67086000,0
1751984100000000,2.28990000,2.29240000,2.28510000,2.28990000,1434820.20000000,1751984999999999,3284300.96911000,13210,556973.90000000,1275181.05113000,0
1751985000000000,2.29000000,2.29400000,2.28830000,2.29030000,785390.30000000,1751985899999999,1799121.71285000,8437,489234.40000000,1120483.77176000,0
1751985900000000,2.29030000,2.29030000,2.27800000,2.28290000,1900309.70000000,1751986799999999,4338629.47064000,14284,666488.30000000,1522009.88888000,0
1751986800000000,2.28290000,2.29240000,2.27990000,2.29240000,1008231.80000000,1751987699999999,2305103.17733000,9315,560164.00000000,1281006.03252000,0
1751987700000000,2.29240000,2.29780000,2.28580000,2.28620000,1169162.50000000,1751988599999999,2679635.96819000,11252,587499.60000000,1346049.06997000,0
1751988600000000,2.28620000,2.28850000,2.27890000,2.28300000,1808765.50000000,1751989499999999,4129025.25776000,11657,879225.10000000,2006534.65471000,0
1751989500000000,2.28300000,2.28730000,2.28210000,2.28620000,541971.30000000,1751990399999999,1238217.82101000,7482,237252.60000000,542043.51317000,0
1751990400000000,2.28630000,2.28900000,2.28370000,2.28750000,462529.60000000,1751991299999999,1057768.19755000,8374,196650.90000000,449762.58080000,0
1751991300000000,2.28750000,2.29300000,2.28630000,2.29040000,815111.90000000,1751992199999999,1866486.43242000,9272,480042.20000000,1099131.84767000,0
1751992200000000,2.29040000,2.29240000,2.28300000,2.28880000,561413.50000000,1751993099999999,1283982.78704000,8936,174562.50000000,399352.26471000,0
1751993100000000,2.28870000,2.29280000,2.28730000,2.29080000,662317.50000000,1751993999999999,1517062.43089000,6376,264776.50000000,606429.34383000,0
1751994000000000,2.29090000,2.30440000,2.29030000,2.30200000,1439754.10000000,1751994899999999,3309233.40035000,11566,872421.60000000,2004928.39492000,0
1751994900000000,2.30200000,2.31070000,2.29880000,2.30700000,2485532.90000000,1751995799999999,5730289.69735000,17580,1395021.70000000,3216453.06557000,0
1751995800000000,2.30710000,2.30880000,2.30110000,2.30450000,1121277.50000000,1751996699999999,2583635.05218000,9212,531669.90000000,1224957.09728000,0
1751996700000000,2.30450000,2.30970000,2.29590000,2.30960000,2361230.10000000,1751997599999999,5439674.88776000,9031,787222.20000000,1814380.40671000,0
1751997600000000,2.30950000,2.31890000,2.30860000,2.31680000,2293081.30000000,1751998499999999,5308830.77488000,14321,1049841.30000000,2430092.96528000,0
1751998500000000,2.31680000,2.32150000,2.31400000,2.31760000,1381154.00000000,1751999399999999,3201917.92451000,9251,652537.50000000,1512813.99277000,0
1751999400000000,2.31760000,2.31830000,2.31260000,2.31490000,1029554.40000000,1752000299999999,2383196.82778000,9202,421959.30000000,976772.84765000,0
1752000300000000,2.31500000,2.31740000,2.31150000,2.31720000,892471.40000000,1752001199999999,2066035.72797000,5435,383163.40000000,887103.56281000,0
1752001200000000,2.31720000,2.31820000,2.31420000,2.31510000,855672.70000000,1752002099999999,1982015.60024000,5733,355015.20000000,822330.56105000,0
1752002100000000,2.31520000,2.31960000,2.31310000,2.31870000,874942.80000000,1752002999999999,2026560.94167000,6790,341191.20000000,790297.06159000,0
1752003000000000,2.31860000,2.31900000,2.31260000,2.31360000,905928.70000000,1752003899999999,2097710.71323000,6713,344725.90000000,798259.79873000,0
1752003900000000,2.31370000,2.32230000,2.31210000,2.32140000,1173096.70000000,1752004799999999,2717631.18997000,5975,380809.00000000,882460.15320000,0
1752004800000000,2.32140000,2.32190000,2.30380000,2.31370000,2574813.40000000,1752005699999999,5952783.59210000,8754,924480.60000000,2138525.03014000,0
1752005700000000,2.31370000,2.31540000,2.30620000,2.31180000,1134388.40000000,1752006599999999,2619688.05541000,8288,567636.70000000,1310673.22662000,0
1752006600000000,2.31180000,2.31190000,2.30330000,2.30680000,781584.50000000,1752007499999999,1802841.67888000,5061,253135.60000000,583883.45095000,0
1752007500000000,2.30680000,2.30690000,2.29660000,2.29660000,760493.00000000,1752008399999999,1750744.31276000,6535,197542.60000000,454592.29363000,0
1752008400000000,2.29660000,2.30680000,2.29660000,2.30510000,1163530.50000000,1752009299999999,2678646.61180000,5562,684271.70000000,1575011.59131000,0
1752009300000000,2.30510000,2.30510000,2.29880000,2.30400000,518971.10000000,1752010199999999,1194867.80177000,5097,273616.30000000,630023.55554000,0
1752010200000000,2.30400000,2.30650000,2.30130000,2.30620000,403149.60000000,1752011099999999,928655.75211000,5400,161832.40000000,372757.18838000,0
1752011100000000,2.30610000,2.30820000,2.30290000,2.30650000,433591.90000000,1752011999999999,999728.11580000,5242,177368.40000000,408952.41738000,0
1752012000000000,2.30660000,2.30960000,2.30470000,2.30690000,768940.60000000,1752012899999999,1774135.32952000,9782,374883.60000000,864904.58895000,0
1752012900000000,2.30700000,2.30730000,2.30310000,2.30410000,796936.50000000,1752013799999999,1837133.62123000,4126,345113.70000000,795533.87470000,0
1752013800000000,2.30410000,2.30520000,2.30300000,2.30430000,283243.10000000,1752014699999999,652646.20168000,2816,116893.90000000,269328.49434000,0
1752014700000000,2.30440000,2.30650000,2.30370000,2.30610000,283221.00000000,1752015599999999,652841.73289000,3188,144693.70000000,333506.82719000,0
1752015600000000,2.30610000,2.31000000,2.30470000,2.30970000,435863.70000000,1752016499999999,1005720.97850000,3553,150869.10000000,348176.95821000,0
1752016500000000,2.30980000,2.31190000,2.30410000,2.30490000,507231.50000000,1752017399999999,1171039.89029000,4259,255082.50000000,588847.39564000,0
1752017400000000,2.30500000,2.30910000,2.30470000,2.30910000,488482.10000000,1752018299999999,1126893.46321000,3780,348440.80000000,803805.71839000,0
1752018300000000,2.30900000,2.31250000,2.30900000,2.31080000,612285.10000000,1752019199999999,1414704.57150000,4279,313115.90000000,723464.31205000,0
1752019200000000,2.31090000,2.31100000,2.30510000,2.30740000,467295.30000000,1752020099999999,1078514.59838000,5412,191339.80000000,441662.86424000,0
1752020100000000,2.30750000,2.30910000,2.30040000,2.30050000,377899.70000000,1752020999999999,870958.94191000,5112,188999.50000000,435566.90803000,0
1752021000000000,2.30040000,2.30250000,2.29750000,2.30220000,457331.90000000,1752021899999999,1051791.82575000,4254,285189.40000000,655918.12605000,0
1752021900000000,2.30220000,2.30640000,2.30140000,2.30390000,536843.90000000,1752022799999999,1236773.03041000,5332,362247.30000000,834519.93857000,0
1752022800000000,2.30400000,2.31380000,2.30390000,2.31270000,1590305.30000000,1752023699999999,3674012.28512000,9080,1119574.40000000,2586299.89546000,0
1752023700000000,2.31260000,2.31260000,2.30750000,2.30800000,482800.50000000,1752024599999999,1114982.52657000,5391,222408.70000000,513603.85985000,0
1752024600000000,2.30800000,2.30800000,2.30250000,2.30400000,387373.30000000,1752025499999999,892739.02290000,5439,163365.00000000,376472.32829000,0
1752025500000000,2.30400000,2.31050000,2.30320000,2.30910000,445760.20000000,1752026399999999,1028687.97852000,3949,129297.90000000,298380.14664000,0
1752026400000000,2.30920000,2.31880000,2.30860000,2.31500000,2167811.60000000,1752027299999999,5017936.80393000,12571,965287.40000000,2234347.46259000,0
1752027300000000,2.31490000,2.31640000,2.30590000,2.30820000,716627.70000000,1752028199999999,1655048.59572000,8286,357428.50000000,825338.76280000,0
1752028200000000,2.30820000,2.31490000,2.30600000,2.31270000,939622.60000000,1752029099999999,2170202.82579000,9428,592886.70000000,1369510.75496000,0
1752029100000000,2.31270000,2.31370000,2.30940000,2.31040000,766871.20000000,1752029999999999,1772336.32873000,6229,449810.70000000,1039536.65560000,0
1752030000000000,2.31050000,2.31360000,2.30670000,2.30670000,609658.90000000,1752030899999999,1409012.13419000,4962,331882.40000000,767071.97964000,0
1752030900000000,2.30670000,2.30700000,2.30300000,2.30620000,860161.80000000,1752031799999999,1982853.97593000,6297,410984.00000000,947339.93118000,0
1752031800000000,2.30620000,2.30620000,2.30070000,2.30220000,863488.90000000,1752032699999999,1988054.73914000,5122,431511.80000000,993427.26577000,0
1752032700000000,2.30210000,2.30470000,2.30170000,2.30330000,679558.80000000,1752033599999999,1565112.68798000,5375,443659.60000000,1021779.60074000,0
1752033600000000,2.30340000,2.30630000,2.30180000,2.30180000,502853.90000000,1752034499999999,1158741.13465000,3587,284673.40000000,656019.73418000,0
1752034500000000,2.30180000,2.30510000,2.30180000,2.30460000,356071.40000000,1752035399999999,820204.83279000,2912,182126.50000000,419518.96119000,0
1752035400000000,2.30450000,2.30790000,2.30450000,2.30680000,510938.80000000,1752036299999999,1178383.34356000,3461,310393.20000000,715860.46650000,0
1752036300000000,2.30680000,2.32440000,2.30670000,2.32150000,1833448.80000000,1752037199999999,4248666.32719000,9393,1062769.90000000,2461974.54971000,0
1752037200000000,2.32150000,2.32600000,2.31710000,2.32020000,1931843.20000000,1752038099999999,4485795.35104000,12971,1240980.60000000,2881699.10397000,0
1752038100000000,2.32020000,2.32320000,2.31670000,2.31920000,964779.30000000,1752038999999999,2237523.58113000,7203,526944.80000000,1221983.49042000,0
1752039000000000,2.31910000,2.33420000,2.31770000,2.33340000,2776518.30000000,1752039899999999,6466294.04163000,16655,1766329.90000000,4112950.15728000,0
1752039900000000,2.33330000,2.33390000,2.32340000,2.32810000,1429275.90000000,1752040799999999,3326728.71750000,9986,581581.10000000,1353365.20894000,0
1752040800000000,2.32810000,2.33330000,2.32590000,2.33320000,762015.50000000,1752041699999999,1774302.20387000,7637,383515.50000000,893079.65183000,0
1752041700000000,2.33330000,2.33770000,2.32660000,2.32770000,1504648.60000000,1752042599999999,3509356.29984000,8687,691712.90000000,1613803.79980000,0
1752042600000000,2.32760000,2.32880000,2.32370000,2.32480000,706584.30000000,1752043499999999,1643826.54546000,5492,298982.40000000,695627.69088000,0
1752043500000000,2.32480000,2.32840000,2.32310000,2.32670000,798512.60000000,1752044399999999,1857163.00172000,6740,280391.10000000,652201.00760000,0
1752044400000000,2.32660000,2.32860000,2.32320000,2.32320000,923565.40000000,1752045299999999,2147219.86182000,7850,434497.60000000,1010297.83534000,0
1752045300000000,2.32320000,2.32800000,2.32320000,2.32610000,507177.90000000,1752046199999999,1179702.63920000,6074,252242.10000000,586656.66593000,0
1752046200000000,2.32610000,2.32780000,2.32330000,2.32350000,992769.10000000,1752047099999999,2308083.04469000,7609,557825.60000000,1296796.06627000,0
1752047100000000,2.32350000,2.33450000,2.32340000,2.33160000,1620812.10000000,1752047999999999,3776305.73154000,8499,1039992.20000000,2422509.75495000,0
1752048000000000,2.33150000,2.33530000,2.33090000,2.33500000,753664.20000000,1752048899999999,1758074.20026000,5454,465397.30000000,1085651.84946000,0
1752048900000000,2.33490000,2.33890000,2.33330000,2.33630000,1020821.40000000,1752049799999999,2384702.07591000,9504,612428.40000000,1430682.92704000,0
1752049800000000,2.33630000,2.34000000,2.33460000,2.33690000,795186.50000000,1752050699999999,1859042.25314000,8046,504860.20000000,1180254.42502000,0
1752050700000000,2.33690000,2.33780000,2.33220000,2.33580000,1127291.20000000,1752051599999999,2632422.72389000,9661,605307.30000000,1413687.40608000,0
1752051600000000,2.33580000,2.33870000,2.33020000,2.33210000,846837.70000000,1752052499999999,1976040.79248000,8358,306472.50000000,715109.75101000,0
1752052500000000,2.33210000,2.33630000,2.33030000,2.33530000,568723.60000000,1752053399999999,1327479.19764000,6877,282711.90000000,659848.19779000,0
1752053400000000,2.33530000,2.33780000,2.33350000,2.33600000,792656.90000000,1752054299999999,1851110.48599000,5781,391276.00000000,913862.84800000,0
1752054300000000,2.33610000,2.33970000,2.33400000,2.33720000,771973.50000000,1752055199999999,1804531.74763000,6395,422657.20000000,987942.21673000,0
1752055200000000,2.33720000,2.34940000,2.33590000,2.34640000,2345111.70000000,1752056099999999,5497366.13138000,14824,1401628.70000000,3286152.30667000,0
1752056100000000,2.34650000,2.34700000,2.34200000,2.34520000,1225257.80000000,1752056999999999,2872111.37250000,8527,547926.00000000,1284161.42459000,0
1752057000000000,2.34520000,2.34900000,2.34370000,2.34800000,2527400.30000000,1752057899999999,5929966.78950000,9307,1781797.20000000,4180559.73170000,0
1752057900000000,2.34790000,2.35990000,2.34750000,2.35740000,4587232.20000000,1752058799999999,10803407.89929000,28496,2914770.70000000,6863526.62890000,0
1752058800000000,2.35740000,2.36570000,2.35300000,2.35630000,3707975.10000000,1752059699999999,8742299.71171000,16343,2186046.60000000,5155624.77226000,0
1752059700000000,2.35630000,2.38130000,2.35590000,2.36820000,8325326.50000000,1752060599999999,19754097.63138000,51468,4273028.10000000,10141208.39939000,0
1752060600000000,2.36820000,2.38230000,2.36820000,2.38220000,3498100.60000000,1752061499999999,8319370.76178000,28816,2158377.60000000,5133039.51981000,0
1752061500000000,2.38210000,2.38840000,2.37790000,2.38150000,4140970.70000000,1752062399999999,9867488.90743000,32430,2118528.00000000,5048531.31874000,0
1752062400000000,2.38140000,2.40390000,2.37880000,2.39730000,7889245.70000000,1752063299999999,18884363.39310000,48982,4941612.20000000,11830916.30849000,0
1752063300000000,2.39730000,2.39780000,2.38650000,2.39520000,3784264.70000000,1752064199999999,9049608.66325000,33119,1887484.20000000,4513397.24208000,0
1752064200000000,2.39520000,2.39610000,2.38810000,2.39230000,3473866.20000000,1752065099999999,8311418.41301000,24488,1730556.80000000,4140471.97189000,0
1752065100000000,2.39240000,2.39260000,2.38340000,2.38410000,4434987.20000000,1752065999999999,10586176.15043000,25463,2423843.60000000,5785989.69746000,0
1752066000000000,2.38420000,2.39970000,2.38410000,2.39650000,3370360.80000000,1752066899999999,8068969.16953000,23448,1474491.60000000,3529767.80448000,0
1752066900000000,2.39640000,2.39640000,2.38530000,2.38630000,1883137.80000000,1752067799999999,4502504.43118000,15900,756539.70000000,1808815.79582000,0
1752067800000000,2.38640000,2.38930000,2.37180000,2.37490000,5017500.20000000,1752068699999999,11939257.64020000,33143,2633134.80000000,6265309.01785000,0
1752068700000000,2.37490000,2.38070000,2.36290000,2.36790000,3743198.80000000,1752069599999999,8883056.12694000,28492,1799821.90000000,4271312.55314000,0
1752069600000000,2.36800000,2.36860000,2.35850000,2.36550000,3544645.20000000,1752070499999999,8378702.77868000,22519,1593086.50000000,3765950.75612000,0
1752070500000000,2.36550000,2.37760000,2.36240000,2.36240000,2112090.30000000,1752071399999999,5007766.77758000,19522,841924.80000000,1996393.30656000,0
1752071400000000,2.36230000,2.36490000,2.35160000,2.35970000,3378646.00000000,1752072299999999,7971418.06031000,33668,1238411.90000000,2921372.16372000,0
1752072300000000,2.35960000,2.37680000,2.35400000,2.37230000,3178527.30000000,1752073199999999,7520229.06132000,23232,1553123.80000000,3676003.24815000,0
1752073200000000,2.37230000,2.37900000,2.36870000,2.36870000,1522060.30000000,1752074099999999,3614908.92021000,14383,723074.80000000,1717319.98658000,0
1752074100000000,2.36870000,2.38190000,2.36870000,2.38050000,1778204.10000000,1752074999999999,4227036.55191000,10902,1043970.50000000,2482238.71681000,0
1752075000000000,2.38050000,2.38320000,2.37370000,2.37700000,2392283.90000000,1752075899999999,5692122.98636000,14234,591561.80000000,1407657.90572000,0
1752075900000000,2.37700000,2.38250000,2.37650000,2.38180000,1170339.10000000,1752076799999999,2785232.01181000,9488,470578.70000000,1120060.13804000,0
1752076800000000,2.38180000,2.38530000,2.37660000,2.38260000,2194110.50000000,1752077699999999,5225670.40515000,16120,1127747.90000000,2685477.06850000,0
1752077700000000,2.38260000,2.38880000,2.37570000,2.37670000,1531338.60000000,1752078599999999,3648076.78464000,13115,759627.40000000,1810437.29783000,0
1752078600000000,2.37680000,2.38190000,2.37500000,2.37970000,824345.80000000,1752079499999999,1961106.41200000,9480,396563.20000000,943419.12094000,0
1752079500000000,2.37970000,2.38790000,2.37920000,2.38510000,1581436.50000000,1752080399999999,3771522.43691000,9688,1095706.80000000,2613275.99698000,0
1752080400000000,2.38510000,2.38510000,2.37630000,2.37880000,1627344.90000000,1752081299999999,3872917.20538000,12682,695553.50000000,1655291.89556000,0
1752081300000000,2.37870000,2.38030000,2.37530000,2.37900000,1226090.00000000,1752082199999999,2916049.55072000,9322,562896.80000000,1338726.77373000,0
1752082200000000,2.37890000,2.38280000,2.37660000,2.37870000,1459650.90000000,1752083099999999,3473885.75662000,7897,453427.40000000,1079305.43043000,0
1752083100000000,2.37870000,2.38460000,2.37680000,2.38020000,801474.60000000,1752083999999999,1907720.20511000,7801,325170.60000000,773924.09143000,0
1752084000000000,2.38020000,2.39360000,2.37730000,2.39190000,2499978.30000000,1752084899999999,5969146.10751000,20021,1345480.60000000,3212902.50010000,0
1752084900000000,2.39180000,2.40130000,2.38800000,2.39750000,2372098.80000000,1752085799999999,5681766.46079000,15392,1324525.10000000,3173652.64427000,0
1752085800000000,2.39750000,2.39750000,2.38360000,2.38530000,1191936.00000000,1752086699999999,2848226.56568000,11997,553814.90000000,1323007.21729000,0
1752086700000000,2.38540000,2.39160000,2.38480000,2.39020000,694066.70000000,1752087599999999,1656935.40441000,8318,439375.60000000,1048954.48027000,0
1752087600000000,2.39010000,2.39670000,2.38900000,2.39610000,1154829.00000000,1752088499999999,2764522.41772000,9624,718824.30000000,1720692.09816000,0
1752088500000000,2.39610000,2.41570000,2.39510000,2.40820000,4367390.60000000,1752089399999999,10507357.04798000,26439,2832557.50000000,6816000.54306000,0
1752089400000000,2.40820000,2.42000000,2.40340000,2.41380000,4329407.00000000,1752090299999999,10440191.87478000,35200,2353512.60000000,5676895.34632000,0
1752090300000000,2.41390000,2.42880000,2.41180000,2.42100000,6284300.10000000,1752091199999999,15211702.53150000,44898,3353919.10000000,8118422.68255000,0
1752091200000000,2.42110000,2.42220000,2.39730000,2.40100000,4890579.00000000,1752092099999999,11774569.50872000,42417,1809872.60000000,4355333.10428000,0
1752092100000000,2.40090000,2.40530000,2.38360000,2.39100000,3465126.00000000,1752092999999999,8289751.62921000,24670,1502915.30000000,3595801.99152000,0
1752093000000000,2.39090000,2.39550000,2.38580000,2.39120000,1781256.80000000,1752093899999999,4258479.96437000,23757,970938.20000000,2321368.71675000,0
1752093900000000,2.39130000,2.39970000,2.38850000,2.39360000,1582249.40000000,1752094799999999,3786773.46549000,18344,906609.70000000,2169966.12460000,0
1752094800000000,2.39360000,2.40540000,2.39140000,2.39700000,1833550.90000000,1752095699999999,4399214.16887000,18469,877143.30000000,2104580.92490000,0
1752095700000000,2.39710000,2.41000000,2.39630000,2.40870000,1769395.30000000,1752096599999999,4254310.01529000,16865,1087742.30000000,2615266.40726000,0
1752096600000000,2.40870000,2.41250000,2.40310000,2.40870000,1301874.10000000,1752097499999999,3133078.98889000,15916,641329.50000000,1543484.88838000,0
1752097500000000,2.40880000,2.41500000,2.40870000,2.41110000,1186840.30000000,1752098399999999,2862828.82013000,13730,514376.80000000,1240766.52193000,0
1752098400000000,2.41100000,2.41740000,2.40920000,2.41630000,1720511.10000000,1752099299999999,4152702.88203000,19268,945448.80000000,2282081.14805000,0
1752099300000000,2.41620000,2.41790000,2.41050000,2.41110000,955103.30000000,1752100199999999,2305770.27359000,8663,349044.40000000,842737.30465000,0
1752100200000000,2.41120000,2.41600000,2.41070000,2.41470000,997392.00000000,1752101099999999,2407299.78637000,8072,548959.00000000,1325056.68901000,0
1752101100000000,2.41470000,2.41770000,2.41220000,2.41760000,1558885.10000000,1752101999999999,3765366.80042000,10071,880079.50000000,2125666.59125000,0
1752102000000000,2.41760000,2.41860000,2.41090000,2.41180000,1213849.50000000,1752102899999999,2930711.00704000,9478,575112.00000000,1388402.57921000,0
1752102900000000,2.41170000,2.41470000,2.41170000,2.41330000,456238.50000000,1752103799999999,1101217.97947000,5512,255696.30000000,617127.93917000,0
1752103800000000,2.41340000,2.41480000,2.40580000,2.40580000,1383059.50000000,1752104699999999,3333908.11271000,10521,360128.20000000,867825.75730000,0
1752104700000000,2.40590000,2.40690000,2.40280000,2.40380000,1103576.50000000,1752105599999999,2653726.08631000,7991,340935.60000000,819848.18791000,0
1752105600000000,2.40380000,2.41500000,2.40300000,2.41250000,1006401.40000000,1752106499999999,2425075.63730000,9337,625099.60000000,1506139.84284000,0
1752106500000000,2.41240000,2.41860000,2.40870000,2.41100000,746473.70000000,1752107399999999,1802128.13039000,10596,406282.90000000,980848.95742000,0
1752107400000000,2.41110000,2.41580000,2.40020000,2.40160000,1080719.70000000,1752108299999999,2599986.57261000,11136,358276.60000000,861934.81421000,0
1752108300000000,2.40160000,2.40860000,2.39310000,2.39480000,1182374.30000000,1752109199999999,2838655.93217000,9495,359688.30000000,863524.43675000,0
1752109200000000,2.39480000,2.40930000,2.39480000,2.40860000,990280.10000000,1752110099999999,2377951.91941000,9496,487815.00000000,1171351.23202000,0
1752110100000000,2.40850000,2.41680000,2.40720000,2.41470000,994240.60000000,1752110999999999,2399364.41507000,10230,588856.10000000,1421028.94746000,0
1752111000000000,2.41480000,2.41950000,2.41480000,2.41950000,815993.30000000,1752111899999999,1972174.07206000,9940,501164.10000000,1211256.11392000,0
1752111900000000,2.41950000,2.43420000,2.41890000,2.43160000,3161455.30000000,1752112799999999,7673972.92699000,20757,2104751.50000000,5109407.33408000,0
1752112800000000,2.43160000,2.43710000,2.42900000,2.43530000,2132573.70000000,1752113699999999,5189874.56665000,20187,1252352.00000000,3047945.23522000,0
1752113700000000,2.43520000,2.43540000,2.42660000,2.42660000,1330844.10000000,1752114599999999,3233966.16306000,13205,644840.30000000,1567055.89783000,0
1752114600000000,2.42660000,2.43270000,2.42450000,2.42460000,867990.00000000,1752115499999999,2107798.36081000,8931,398218.90000000,967001.80003000,0
1752115500000000,2.42460000,2.42630000,2.42160000,2.42350000,794061.30000000,1752116399999999,1924159.00005000,6952,405881.30000000,983577.79062000,0
1752116400000000,2.42340000,2.42810000,2.42130000,2.42660000,871609.80000000,1752117299999999,2112950.41962000,6428,491254.60000000,1190736.56509000,0
1752117300000000,2.42650000,2.43040000,2.42500000,2.42830000,876652.30000000,1752118199999999,2128779.28113000,7451,406239.50000000,986399.95904000,0
1752118200000000,2.42820000,2.42830000,2.42060000,2.42170000,2223861.10000000,1752119099999999,5392082.32197000,9397,487751.90000000,1182629.63635000,0
1752119100000000,2.42170000,2.42280000,2.41560000,2.42030000,1509026.80000000,1752119999999999,3651611.86106000,7321,427462.00000000,1034669.97228000,0
1752120000000000,2.42020000,2.42020000,2.41290000,2.41310000,1009003.50000000,1752120899999999,2437563.20866000,8900,387380.70000000,935783.34017000,0
1752120900000000,2.41320000,2.42220000,2.41310000,2.42220000,962959.40000000,1752121799999999,2327606.92502000,5538,575084.50000000,1390031.33090000,0
1752121800000000,2.42220000,2.42830000,2.42220000,2.42760000,1016722.40000000,1752122699999999,2467048.74938000,7363,572827.00000000,1389950.44374000,0
1752122700000000,2.42760000,2.42970000,2.42330000,2.42470000,813828.60000000,1752123599999999,1974614.77391000,7590,378672.20000000,918893.49821000,0
1752123600000000,2.42480000,2.42490000,2.41760000,2.42030000,842590.50000000,1752124499999999,2039417.66468000,7010,353902.80000000,856485.78913000,0
1752124500000000,2.42030000,2.42690000,2.41900000,2.42570000,681594.90000000,1752125399999999,1651759.00051000,6131,420450.40000000,1018916.58772000,0
1752125400000000,2.42580000,2.42670000,2.42360000,2.42380000,563695.90000000,1752126299999999,1367022.13781000,5833,290790.50000000,705195.73365000,0
1752126300000000,2.42390000,2.42490000,2.41870000,2.41970000,1424694.80000000,1752127199999999,3450127.17099000,5923,790904.10000000,1915098.89504000,0
1752127200000000,2.41970000,2.42160000,2.41090000,2.41460000,1447605.40000000,1752128099999999,3497153.93109000,10654,682628.50000000,1649063.27188000,0
1752128100000000,2.41460000,2.42000000,2.41450000,2.41960000,800161.90000000,1752128999999999,1933890.55786000,6035,422929.10000000,1022101.92472000,0
1752129000000000,2.41960000,2.42040000,2.41440000,2.41510000,953654.70000000,1752129899999999,2305150.80792000,5973,402309.40000000,972358.23020000,0
1752129900000000,2.41520000,2.42070000,2.41450000,2.42030000,1127489.10000000,1752130799999999,2726486.55557000,6216,703205.20000000,1700529.62618000,0
1752130800000000,2.42020000,2.42880000,2.41720000,2.42790000,2107474.80000000,1752131699999999,5104489.84058000,9402,1294224.20000000,3134735.87937000,0
1752131700000000,2.42800000,2.44090000,2.42660000,2.44010000,3681567.30000000,1752132599999999,8955595.22976000,16983,2085017.50000000,5072770.86129000,0
1752132600000000,2.44010000,2.44010000,2.43130000,2.43700000,1855080.00000000,1752133499999999,4517760.43444000,13426,845568.10000000,2059084.83690000,0
1752133500000000,2.43690000,2.44250000,2.42990000,2.43700000,3305452.80000000,1752134399999999,8051652.73481000,16947,2156839.70000000,5253584.00416000,0
1752134400000000,2.43700000,2.44580000,2.43470000,2.44530000,2552585.70000000,1752135299999999,6233489.12468000,19395,1139933.50000000,2783676.64103000,0
1752135300000000,2.44530000,2.45750000,2.44530000,2.45680000,3232884.10000000,1752136199999999,7922933.07817000,18666,1981810.50000000,4856556.39958000,0
1752136200000000,2.45680000,2.45800000,2.45000000,2.45470000,2291674.40000000,1752137099999999,5623047.45473000,15367,1017873.40000000,2497629.52653000,0
1752137100000000,2.45470000,2.45720000,2.44750000,2.44980000,1498467.70000000,1752137999999999,3674607.97035000,11209,641770.80000000,1574054.35293000,0
1752138000000000,2.44980000,2.45040000,2.44390000,2.44520000,1188187.20000000,1752138899999999,2907306.14319000,11469,541863.00000000,1325886.73254000,0
1752138900000000,2.44520000,2.45620000,2.44520000,2.45570000,1352484.60000000,1752139799999999,3315907.01920000,11840,822488.80000000,2016420.00180000,0
1752139800000000,2.45570000,2.45640000,2.44650000,2.44650000,1691595.00000000,1752140699999999,4146969.09011000,13974,680712.10000000,1668709.69644000,0
1752140700000000,2.44650000,2.45580000,2.44190000,2.44410000,2074894.00000000,1752141599999999,5080442.09873000,14349,1097180.30000000,2686759.76591000,0
1752141600000000,2.44400000,2.44480000,2.42660000,2.42960000,2389694.90000000,1752142499999999,5818348.53221000,18656,976783.70000000,2377940.46703000,0
1752142500000000,2.42960000,2.43410000,2.42890000,2.42970000,1754985.40000000,1752143399999999,4267295.01376000,13350,798594.40000000,1941864.87476000,0
1752143400000000,2.42960000,2.43560000,2.42810000,2.43420000,1834475.80000000,1752144299999999,4461518.53072000,9802,1049728.80000000,2552217.41457000,0
1752144300000000,2.43430000,2.44370000,2.42790000,2.44200000,1747663.20000000,1752145199999999,4261478.09416000,13705,969575.80000000,2364769.42953000,0
1752145200000000,2.44210000,2.44430000,2.43660000,2.43990000,2146053.70000000,1752146099999999,5237607.93558000,13490,1003321.20000000,2448777.58877000,0
1752146100000000,2.43980000,2.44630000,2.43730000,2.44550000,1032154.80000000,1752146999999999,2521006.60374000,8403,476672.60000000,1164077.32079000,0
1752147000000000,2.44540000,2.46180000,2.44220000,2.45930000,3762842.10000000,1752147899999999,9229034.26208000,18602,2192416.40000000,5380186.12632000,0
1752147900000000,2.45940000,2.46160000,2.45170000,2.45250000,2266061.60000000,1752148799999999,5566610.18513000,15107,1040970.20000000,2557115.44275000,0
1752148800000000,2.45260000,2.45300000,2.44390000,2.44490000,1573012.10000000,1752149699999999,3849674.94326000,16323,681485.40000000,1667355.38873000,0
1752149700000000,2.44490000,2.45290000,2.44240000,2.45010000,2005534.10000000,1752150599999999,4909575.59747000,12977,1220950.90000000,2989176.81042000,0
1752150600000000,2.45020000,2.45210000,2.43940000,2.43970000,1790372.70000000,1752151499999999,4377496.95298000,12038,674314.30000000,1649216.21331000,0
1752151500000000,2.43970000,2.44490000,2.43880000,2.44390000,991401.60000000,1752152399999999,2420326.10890000,11203,455211.70000000,1111287.26564000,0
1752152400000000,2.44390000,2.45000000,2.44100000,2.44840000,999893.40000000,1752153299999999,2445843.52246000,11948,446086.90000000,1091158.80195000,0
1752153300000000,2.44840000,2.44940000,2.43780000,2.44620000,1514114.00000000,1752154199999999,3698901.63066000,13289,598556.00000000,1461931.48344000,0
1752154200000000,2.44620000,2.44630000,2.42820000,2.43190000,4241023.50000000,1752155099999999,10322127.01994000,25669,1841163.80000000,4480204.46552000,0
1752155100000000,2.43200000,2.43720000,2.42330000,2.42710000,2519233.00000000,1752155999999999,6118532.38084000,26063,904811.10000000,2197768.58725000,0
1752156000000000,2.42710000,2.43560000,2.41880000,2.43460000,2374822.40000000,1752156899999999,5761253.26172000,24905,1155150.10000000,2802799.35573000,0
1752156900000000,2.43460000,2.44090000,2.42380000,2.42880000,2326885.80000000,1752157799999999,5661452.47734000,19809,1044235.30000000,2540397.14882000,0
1752157800000000,2.42870000,2.44280000,2.42870000,2.43750000,1785481.20000000,1752158699999999,4352762.95144000,17346,960925.00000000,2341957.04050000,0
1752158700000000,2.43750000,2.44290000,2.43430000,2.44070000,1870764.40000000,1752159599999999,4562860.21613000,13432,859088.00000000,2095102.93072000,0
1752159600000000,2.44060000,2.44430000,2.43160000,2.43270000,1170172.30000000,1752160499999999,2854264.65185000,14364,576122.40000000,1405433.42595000,0
1752160500000000,2.43270000,2.44920000,2.43270000,2.44820000,1317730.30000000,1752161399999999,3217660.21395000,12637,673791.10000000,1645646.99628000,0
1752161400000000,2.44830000,2.45300000,2.44320000,2.45200000,2329915.00000000,1752162299999999,5706525.79186000,14957,1173429.70000000,2874347.56121000,0
1752162300000000,2.45210000,2.45970000,2.44950000,2.45420000,2882082.10000000,1752163199999999,7078109.43743000,19403,1665159.70000000,4089420.00230000,0
1752163200000000,2.45430000,2.45660000,2.44660000,2.44910000,1661157.10000000,1752164099999999,4070479.30006000,15672,802081.50000000,1965247.38788000,0
1752164100000000,2.44910000,2.47440000,2.44910000,2.46970000,4887252.90000000,1752164999999999,12052048.03492000,29017,2763033.70000000,6814514.94754000,0
1752165000000000,2.46970000,2.47840000,2.46810000,2.47190000,4311484.90000000,1752165899999999,10668473.52598000,37614,2032769.50000000,5030508.18509000,0
1752165900000000,2.47200000,2.47950000,2.46390000,2.47440000,3155826.80000000,1752166799999999,7800984.81404000,26214,1408236.10000000,3482044.97709000,0
1752166800000000,2.47440000,2.49620000,2.47270000,2.49250000,4857939.60000000,1752167699999999,12077341.06835000,36454,2864277.20000000,7120690.75995000,0
1752167700000000,2.49250000,2.49620000,2.48530000,2.49490000,2831034.70000000,1752168599999999,7050667.05941000,26063,1325622.80000000,3301427.32776000,0
1752168600000000,2.49500000,2.49840000,2.49110000,2.49450000,2656959.40000000,1752169499999999,6629236.10155000,21755,1267679.10000000,3162913.39932000,0
1752169500000000,2.49440000,2.50180000,2.48910000,2.49660000,3684772.00000000,1752170399999999,9201579.09179000,26711,2299098.40000000,5743315.73615000,0
1752170400000000,2.49660000,2.50050000,2.48850000,2.48910000,3352307.60000000,1752171299999999,8363355.94846000,26448,1788319.40000000,4462992.47275000,0
1752171300000000,2.48910000,2.51220000,2.48910000,2.49630000,4685515.60000000,1752172199999999,11719733.25882000,40100,2389192.10000000,5976431.13089000,0
1752172200000000,2.49620000,2.49900000,2.48480000,2.48650000,2630630.60000000,1752173099999999,6552910.09460000,27045,833145.60000000,2075794.35073000,0
1752173100000000,2.48660000,2.49160000,2.48190000,2.48870000,1387760.70000000,1752173999999999,3450800.58563000,16889,767796.80000000,1909210.86566000,0
1752174000000000,2.48870000,2.49910000,2.48870000,2.49900000,1599346.40000000,1752174899999999,3991142.17147000,13575,944702.30000000,2357051.88779000,0
1752174900000000,2.49910000,2.50000000,2.48950000,2.49230000,2078312.50000000,1752175799999999,5186862.56386000,16964,1274068.40000000,3179784.12757000,0
1752175800000000,2.49230000,2.50000000,2.48840000,2.49970000,1191727.10000000,1752176699999999,2971331.20853000,12560,640190.10000000,1596409.86602000,0
1752176700000000,2.49970000,2.50290000,2.49200000,2.50030000,1201219.20000000,1752177599999999,3000042.28010000,13600,628253.60000000,1568955.32296000,0
1752177600000000,2.50030000,2.51360000,2.49910000,2.50730000,3450253.30000000,1752178499999999,8652810.27283000,27658,1705979.10000000,4279228.97550000,0
1752178500000000,2.50740000,2.51170000,2.50310000,2.50650000,1173439.20000000,1752179399999999,2942207.40183000,16211,587518.00000000,1472975.37583000,0
1752179400000000,2.50650000,2.50860000,2.49840000,2.49990000,1052999.80000000,1752180299999999,2636698.69528000,13084,385383.70000000,965148.02411000,0
1752180300000000,2.49990000,2.50210000,2.49210000,2.50090000,1697171.50000000,1752181199999999,4237852.09965000,14021,802625.70000000,2003986.15394000,0
1752181200000000,2.50080000,2.50750000,2.49740000,2.50060000,1463838.40000000,1752182099999999,3663142.23624000,14432,615161.90000000,1539381.43734000,0
1752182100000000,2.50060000,2.54470000,2.49810000,2.53590000,15793304.60000000,1752182999999999,39959790.01671000,102098,8303545.90000000,21001617.61294000,0
1752183000000000,2.53590000,2.56780000,2.53170000,2.56030000,8025983.20000000,1752183899999999,20444734.83673000,63318,4033556.90000000,10277397.24358000,0
1752183900000000,2.56040000,2.56370000,2.54290000,2.54600000,6020721.80000000,1752184799999999,15357705.96450000,52072,2499075.40000000,6374963.81520000,0
1752184800000000,2.54600000,2.55420000,2.53710000,2.54880000,4203823.40000000,1752185699999999,10700608.94144000,35926,2164067.40000000,5507692.97109000,0
1752185700000000,2.54880000,2.55610000,2.52860000,2.53270000,3132977.70000000,1752186599999999,7965326.74750000,28317,1602756.10000000,4076520.09785000,0
1752186600000000,2.53260000,2.54080000,2.52930000,2.54050000,1789235.40000000,1752187499999999,4536795.14443000,18486,823328.50000000,2087801.83982000,0
1752187500000000,2.54050000,2.54840000,2.54050000,2.54640000,989532.50000000,1752188399999999,2518603.99246000,12887,553121.50000000,1407787.94996000,0
1752188400000000,2.54640000,2.55490000,2.54030000,2.55040000,1497611.00000000,1752189299999999,3815994.23007000,17676,784992.20000000,2000649.39690000,0
1752189300000000,2.55050000,2.55090000,2.53770000,2.54040000,2125833.40000000,1752190199999999,5406727.02633000,13698,819395.30000000,2082736.88725000,0
1752190200000000,2.54030000,2.54520000,2.52990000,2.54360000,1905683.40000000,1752191099999999,4834257.78944000,16680,899730.40000000,2282936.03380000,0
1752191100000000,2.54370000,2.55090000,2.54130000,2.54710000,1343553.50000000,1752191999999999,3421434.19632000,16277,607737.90000000,1547736.92053000,0
1752192000000000,2.54710000,2.54720000,2.53180000,2.53190000,1642012.60000000,1752192899999999,4170833.99001000,16046,698405.60000000,1774063.14758000,0
1752192900000000,2.53190000,2.53250000,2.51190000,2.51900000,4815471.40000000,1752193799999999,12142369.08993000,43171,2357176.10000000,5942013.58093000,0
1752193800000000,2.51890000,2.53080000,2.51390000,2.52150000,3212549.30000000,1752194699999999,8104200.25993000,29806,1141157.50000000,2878260.71182000,0
1752194700000000,2.52150000,2.53200000,2.51990000,2.52770000,1304759.10000000,1752195599999999,3296375.55520000,17184,645400.00000000,1630583.68371000,0
1752195600000000,2.52770000,2.53580000,2.52580000,2.53580000,1725395.80000000,1752196499999999,4367357.40028000,17667,605644.80000000,1532955.38114000,0
1752196500000000,2.53570000,2.54700000,2.53500000,2.54630000,2224415.00000000,1752197399999999,5658013.64000000,18274,853322.50000000,2169611.12246000,0
1752197400000000,2.54630000,2.54860000,2.54320000,2.54810000,977768.80000000,1752198299999999,2489487.33744000,13366,487655.40000000,1241553.01800000,0
1752198300000000,2.54820000,2.55390000,2.54610000,2.55340000,1608189.80000000,1752199199999999,4101669.86978000,18202,977424.80000000,2492884.26319000,0
1752199200000000,2.55350000,2.56900000,2.54830000,2.56760000,2787667.40000000,1752200099999999,7128800.40323000,24445,1417790.10000000,3627602.84255000,0
1752200100000000,2.56760000,2.58690000,2.56630000,2.58350000,5259492.00000000,1752200999999999,13557332.10947000,38036,3717390.10000000,9581172.06326000,0
1752201000000000,2.58350000,2.59250000,2.57540000,2.58210000,2847521.10000000,1752201899999999,7359044.60782000,34011,1533375.00000000,3963265.04890000,0
1752201900000000,2.58200000,2.59290000,2.57800000,2.58830000,2272477.30000000,1752202799999999,5875169.88002000,23054,1294815.10000000,3347148.03471000,0
1752202800000000,2.58840000,2.58990000,2.57840000,2.57960000,2013945.20000000,1752203699999999,5200750.43151000,24061,990782.30000000,2558770.54985000,0
1752203700000000,2.57950000,2.57970000,2.56940000,2.57260000,3039103.40000000,1752204599999999,7825371.47184000,19521,1155977.20000000,2977252.76224000,0
1752204600000000,2.57260000,2.57300000,2.56570000,2.57020000,1599609.70000000,1752205499999999,4110469.18443000,14763,820234.10000000,2107669.27759000,0
1752205500000000,2.57020000,2.57840000,2.56620000,2.57640000,1569600.60000000,1752206399999999,4038559.26979000,12716,998828.40000000,2569557.76025000,0
1752206400000000,2.57630000,2.57630000,2.55510000,2.55990000,2381485.20000000,1752207299999999,6108322.72093000,17478,978214.50000000,2509168.70644000,0
1752207300000000,2.55980000,2.56670000,2.55970000,2.56650000,1656576.00000000,1752208199999999,4245233.37848000,13448,990374.60000000,2538137.91627000,0
1752208200000000,2.56650000,2.56790000,2.55720000,2.56340000,1452281.70000000,1752209099999999,3719758.01635000,14360,838381.50000000,2147423.66609000,0
1752209100000000,2.56340000,2.57540000,2.56260000,2.57520000,1761080.60000000,1752209999999999,4527291.34921000,13241,1075128.30000000,2763790.62219000,0
1752210000000000,2.57510000,2.58540000,2.57460000,2.58060000,2285759.00000000,1752210899999999,5896391.18082000,17912,1364868.00000000,3520955.45580000,0
1752210900000000,2.58060000,2.58800000,2.57980000,2.58450000,2615329.30000000,1752211799999999,6758422.16993000,25931,1422499.40000000,3675586.03857000,0
1752211800000000,2.58460000,2.59100000,2.57720000,2.58930000,3822610.00000000,1752212699999999,9884353.92046000,35124,1833204.20000000,4739851.82530000,0
1752212700000000,2.58930000,2.59850000,2.57940000,2.58240000,4577354.30000000,1752213599999999,11854228.95330000,38900,2117827.30000000,5486908.94019000,0
1752213600000000,2.58240000,2.59380000,2.58170000,2.59090000,2219397.20000000,1752214499999999,5746083.48333000,25692,1162147.60000000,3008335.63325000,0
1752214500000000,2.59080000,2.59700000,2.58790000,2.59330000,1678190.20000000,1752215399999999,4352545.99750000,17976,906532.70000000,2351133.02703000,0
1752215400000000,2.59330000,2.59550000,2.57860000,2.58180000,2847563.50000000,1752216299999999,7369305.29889000,20884,1224305.80000000,3168916.63093000,0
1752216300000000,2.58190000,2.58190000,2.56420000,2.57110000,3979864.90000000,1752217199999999,10238326.59424000,34935,1845531.90000000,4748415.32969000,0
1752217200000000,2.57120000,2.57190000,2.55360000,2.56110000,3843215.00000000,1752218099999999,9847234.02196000,40514,1581685.00000000,4053890.75863000,0
1752218100000000,2.56110000,2.58930000,2.56030000,2.58560000,2737556.40000000,1752218999999999,7063577.56640000,26937,1495422.20000000,3858991.69560000,0
1752219000000000,2.58570000,2.59650000,2.57980000,2.59610000,2860695.30000000,1752219899999999,7407995.53515000,24902,1562463.10000000,4046538.81159000,0
1752219900000000,2.59600000,2.59700000,2.57290000,2.57920000,2814775.50000000,1752220799999999,7263580.73433000,23349,1457228.90000000,3759658.63228000,0
1752220800000000,2.57910000,2.60170000,2.57910000,2.59520000,6808952.90000000,1752221699999999,17646224.49161000,45724,3823338.60000000,9910002.21893000,0
1752221700000000,2.59510000,2.59790000,2.58500000,2.58900000,2697264.90000000,1752222599999999,6985615.62466000,24338,1171264.50000000,3033141.67861000,0
1752222600000000,2.58890000,2.59120000,2.57960000,2.58710000,2026426.30000000,1752223499999999,5240043.11447000,19780,1014090.90000000,2622306.74944000,0
1752223500000000,2.58710000,2.58820000,2.58120000,2.58700000,985264.30000000,1752224399999999,2546121.85972000,13722,447840.00000000,1157282.46885000,0
1752224400000000,2.58690000,2.58700000,2.57900000,2.58660000,1073942.50000000,1752225299999999,2773710.43842000,12863,535438.10000000,1382949.20073000,0
1752225300000000,2.58660000,2.59870000,2.58610000,2.59710000,2038244.20000000,1752226199999999,5288826.48435000,17010,931459.60000000,2416124.54280000,0
1752226200000000,2.59700000,2.61340000,2.58980000,2.60490000,4781324.10000000,1752227099999999,12446150.35785000,36263,2507654.10000000,6526493.28809000,0
1752227100000000,2.60480000,2.61410000,2.60140000,2.61320000,3112419.30000000,1752227999999999,8117526.92728000,30606,1491356.30000000,3889706.43320000,0
1752228000000000,2.61320000,2.62450000,2.60730000,2.62050000,4592720.10000000,1752228899999999,12026245.09951000,41050,2346331.80000000,6145161.08696000,0
1752228900000000,2.62050000,2.64730000,2.61840000,2.63850000,6236066.00000000,1752229799999999,16438266.77210000,60629,3412861.40000000,8997619.93512000,0
1752229800000000,2.63850000,2.65110000,2.63160000,2.64290000,4695090.00000000,1752230699999999,12403079.79461000,51172,2538607.10000000,6709965.94284000,0
1752230700000000,2.64280000,2.64950000,2.63570000,2.64720000,3494875.10000000,1752231599999999,9231738.21825000,38285,1609539.10000000,4251973.16026000,0
1752231600000000,2.64730000,2.66070000,2.63620000,2.63910000,4926222.00000000,1752232499999999,13041630.32963000,54641,2476569.20000000,6559074.89999000,0
1752232500000000,2.63910000,2.64000000,2.60660000,2.61700000,6250067.70000000,1752233399999999,16377750.77596000,57702,2908677.30000000,7615498.59175000,0
1752233400000000,2.61710000,2.63490000,2.61700000,2.61970000,3809517.00000000,1752234299999999,10006348.97080000,30527,2385491.30000000,6267666.74632000,0
1752234300000000,2.61970000,2.63400000,2.61260000,2.62870000,2123835.90000000,1752235199999999,5572878.25566000,26846,970796.60000000,2548430.74095000,0
1752235200000000,2.62870000,2.64640000,2.62500000,2.64500000,2557788.30000000,1752236099999999,6746268.63027000,27431,1401026.00000000,3695301.76109000,0
1752236100000000,2.64490000,2.64960000,2.63360000,2.63750000,3789455.60000000,1752236999999999,10006720.55333000,34993,1366025.10000000,3609754.74044000,0
1752237000000000,2.63760000,2.65430000,2.63760000,2.64390000,3804294.70000000,1752237899999999,10075229.15764000,37205,1628596.50000000,4313748.05921000,0
1752237900000000,2.64380000,2.69660000,2.64360000,2.69520000,9522395.40000000,1752238799999999,25455642.45013000,74798,5447747.20000000,14557145.16607000,0
1752238800000000,2.69530000,2.70950000,2.67840000,2.68780000,11249360.10000000,1752239699999999,30318429.34050000,113385,5829445.20000000,15715257.11159000,0
1752239700000000,2.68790000,2.69540000,2.67810000,2.69300000,5241002.80000000,1752240599999999,14083695.80262000,61460,2796773.30000000,7515705.01711000,0
1752240600000000,2.69290000,2.74980000,2.67230000,2.72750000,18374734.40000000,1752241499999999,50043723.84987000,144626,10461256.80000000,28499928.97681000,0
1752241500000000,2.72740000,2.82540000,2.71920000,2.80070000,20122795.40000000,1752242399999999,55837179.41393000,155322,10542006.60000000,29268703.70769000,0
1752242400000000,2.80070000,2.80640000,2.73960000,2.76100000,17859619.10000000,1752243299999999,49430837.02315000,134319,8924714.60000000,24700037.35205000,0
1752243300000000,2.76110000,2.81300000,2.75980000,2.80180000,13224769.70000000,1752244199999999,36897289.49048000,102033,7040236.80000000,19646329.01358000,0
1752244200000000,2.80190000,2.82530000,2.77370000,2.81980000,12939827.60000000,1752245099999999,36281803.57146000,113185,6251952.50000000,17532528.44548000,0
1752245100000000,2.81980000,2.83920000,2.79630000,2.82380000,15027923.80000000,1752245999999999,42332183.89078000,118857,5615965.20000000,15821119.30486000,0
1752246000000000,2.82370000,2.85320000,2.81570000,2.84020000,15928780.40000000,1752246899999999,45155032.63356000,127333,6854945.40000000,19438510.99194000,0
1752246900000000,2.84020000,2.97310000,2.82600000,2.97110000,32191387.00000000,1752247799999999,93142176.51894000,177647,15622966.40000000,45256083.73470000,0
1752247800000000,2.97110000,2.97500000,2.87340000,2.89160000,34152649.70000000,1752248699999999,99407566.44304000,223637,17373480.80000000,50551048.42231000,0
1752248700000000,2.89160000,2.89450000,2.75880000,2.77240000,38751720.50000000,1752249599999999,109310106.24769000,265179,17301269.30000000,48816501.00784000,0
1752249600000000,2.77240000,2.80970000,2.69190000,2.74550000,27561464.00000000,1752250499999999,75775806.54788000,219702,12700203.30000000,34933013.30806000,0
1752250500000000,2.74560000,2.78320000,2.72080000,2.78170000,14448913.20000000,1752251399999999,39826986.76453000,138596,8014172.70000000,22091679.35490000,0
1752251400000000,2.78170000,2.79290000,2.76120000,2.76740000,8773253.70000000,1752252299999999,24378921.66443000,91812,4186088.80000000,11631934.39797000,0
1752252300000000,2.76730000,2.80520000,2.74230000,2.78560000,9713530.00000000,1752253199999999,26990868.77785000,91276,4443494.60000000,12340166.57307000,0
1752253200000000,2.78560000,2.81630000,2.77950000,2.79420000,6898238.90000000,1752254099999999,19298808.75890000,72389,3861553.00000000,10805510.40194000,0
1752254100000000,2.79420000,2.80280000,2.78200000,2.79320000,4583012.50000000,1752254999999999,12793664.36047000,55747,2395183.00000000,6686309.40854000,0
1752255000000000,2.79320000,2.79500000,2.75330000,2.78530000,5800828.90000000,1752255899999999,16077846.76353000,62578,2644533.80000000,7327959.06362000,0
1752255900000000,2.78540000,2.80590000,2.78080000,2.79910000,3381613.00000000,1752256799999999,9452908.01661000,40673,1606548.80000000,4490782.07299000,0
1752256800000000,2.79900000,2.83400000,2.79700000,2.83230000,5804336.60000000,1752257699999999,16340046.76039000,58720,3170629.80000000,8930263.36098000,0
1752257700000000,2.83240000,2.84160000,2.80010000,2.80290000,4840191.10000000,1752258599999999,13653677.46110000,55019,2376600.70000000,6708494.90407000,0
1752258600000000,2.80280000,2.82550000,2.80200000,2.82020000,3429859.50000000,1752259499999999,9660544.54223000,40894,1536069.60000000,4325815.09142000,0
1752259500000000,2.82020000,2.83310000,2.80940000,2.83290000,3025310.50000000,1752260399999999,8536946.75637000,31838,1562923.80000000,4410393.33617000,0
1752260400000000,2.83290000,2.83360000,2.80370000,2.81930000,3502736.40000000,1752261299999999,9854163.26465000,60384,1911431.70000000,5375980.45120000,0
1752261300000000,2.81920000,2.83260000,2.81160000,2.81650000,3535592.70000000,1752262199999999,9984481.79251000,34444,1607829.00000000,4541812.23741000,0
1752262200000000,2.81650000,2.84690000,2.81290000,2.82730000,4596719.00000000,1752263099999999,13007721.35992000,48123,2191030.60000000,6201225.20583000,0
1752263100000000,2.82730000,2.85800000,2.82500000,2.85800000,7231413.30000000,1752263999999999,20559168.25597000,59829,3329563.40000000,9463875.38940000,0
1752264000000000,2.85800000,2.85800000,2.83400000,2.83600000,5931439.40000000,1752264899999999,16862914.31482000,52028,2496885.80000000,7098457.18354000,0
1752264900000000,2.83600000,2.84820000,2.81730000,2.82190000,4231062.30000000,1752265799999999,11983237.73840000,44247,2167704.70000000,6139996.93236000,0
1752265800000000,2.82180000,2.82370000,2.77650000,2.77990000,8757378.60000000,1752266699999999,24483333.84559000,73169,4815481.30000000,13458821.97245000,0
1752266700000000,2.77990000,2.78900000,2.75720000,2.75750000,7071881.20000000,1752267599999999,19624221.18535000,64279,3520958.30000000,9769913.84254000,0
1752267600000000,2.75750000,2.77580000,2.73040000,2.74970000,7233089.40000000,1752268499999999,19909856.80181000,64791,3100446.40000000,8530981.17026000,0
1752268500000000,2.74980000,2.76640000,2.73820000,2.76640000,5596879.80000000,1752269399999999,15378743.16282000,47928,2595611.70000000,7132315.36716000,0
1752269400000000,2.76630000,2.76650000,2.70920000,2.71250000,5856768.60000000,1752270299999999,16012123.99971000,58909,2505287.00000000,6849148.27703000,0
1752270300000000,2.71200000,2.74460000,2.70960000,2.74050000,4831211.70000000,1752271199999999,13187590.47264000,53927,2472238.10000000,6748724.04700000,0
1752271200000000,2.74040000,2.75270000,2.72730000,2.72800000,4044591.80000000,1752272099999999,11098953.81981000,46033,1591684.70000000,4369233.85672000,0
1752272100000000,2.72800000,2.73080000,2.65960000,2.68590000,16858198.40000000,1752272999999999,45391827.54660000,119267,7341501.90000000,19780014.46647000,0
1752273000000000,2.68600000,2.70020000,2.66110000,2.66670000,8997748.60000000,1752273899999999,24119940.57341000,110696,4527421.20000000,12135839.07445000,0
1752273900000000,2.66670000,2.70230000,2.66440000,2.70140000,5598208.20000000,1752274799999999,15047971.58736000,61989,2772702.20000000,7454996.63076000,0
1752274800000000,2.70140000,2.73890000,2.69710000,2.73460000,7046010.00000000,1752275699999999,19184509.98655000,59949,4319709.70000000,11761886.74938000,0
1752275700000000,2.73450000,2.74190000,2.72750000,2.73030000,3455085.30000000,1752276599999999,9447398.42498000,39367,1688833.60000000,4617703.00404000,0
1752276600000000,2.73030000,2.74040000,2.71790000,2.73450000,3470311.80000000,1752277499999999,9471767.07381000,27915,1476168.80000000,4028991.24964000,0
1752277500000000,2.73440000,2.74110000,2.72880000,2.73220000,2430506.20000000,1752278399999999,6648847.43933000,24527,1166180.10000000,3190466.86685000,0
1752278400000000,2.73230000,2.74520000,2.72520000,2.73020000,3121547.80000000,1752279299999999,8542436.28153000,33184,1418016.00000000,3881384.56458000,0
1752279300000000,2.73020000,2.73220000,2.71120000,2.72950000,3476808.00000000,1752280199999999,9455860.74206000,35168,1447882.20000000,3937341.14920000,0
1752280200000000,2.72950000,2.73080000,2.69060000,2.69160000,4717314.30000000,1752281099999999,12769909.64928000,43554,1936188.80000000,5241743.60134000,0
1752281100000000,2.69150000,2.72040000,2.68820000,2.72020000,2862180.70000000,1752281999999999,7731518.00722000,32524,1449603.90000000,3917030.96640000,0
1752282000000000,2.72020000,2.77680000,2.72020000,2.77680000,5386271.00000000,1752282899999999,14835694.40303000,55690,3217911.80000000,8866108.51248000,0
1752282900000000,2.77680000,2.80930000,2.76700000,2.80890000,6002196.50000000,1752283799999999,16742977.59379000,71235,3249059.10000000,9061514.05230000,0
1752283800000000,2.80900000,2.81500000,2.79580000,2.80310000,6757757.50000000,1752284699999999,18951771.36760000,65266,3325402.70000000,9325957.62145000,0
1752284700000000,2.80300000,2.83050000,2.78630000,2.82350000,5470117.60000000,1752285599999999,15380907.36664000,51147,3038198.80000000,8544199.18439000,0
1752285600000000,2.82350000,2.84790000,2.81430000,2.81630000,5491982.70000000,1752286499999999,15541609.47980000,51342,3114192.60000000,8809651.93071000,0
1752286500000000,2.81640000,2.82300000,2.80650000,2.81050000,4558984.70000000,1752287399999999,12835312.87194000,35434,2969603.80000000,8361307.96663000,0
1752287400000000,2.81040000,2.82270000,2.80940000,2.81010000,3650634.80000000,1752288299999999,10278235.11803000,41532,2419531.50000000,6812279.90519000,0
1752288300000000,2.81000000,2.81310000,2.79200000,2.79230000,4015514.40000000,1752289199999999,11244291.43221000,35069,2416549.30000000,6766193.14040000,0
1752289200000000,2.79230000,2.81270000,2.79230000,2.81130000,3403527.30000000,1752290099999999,9544151.19053000,31036,2375953.30000000,6663064.35750000,0
1752290100000000,2.81130000,2.81990000,2.81130000,2.81550000,3201114.60000000,1752290999999999,9014096.98807000,31830,2182602.40000000,6145794.62782000,0
1752291000000000,2.81560000,2.82220000,2.80260000,2.80340000,3169152.50000000,1752291899999999,8917727.72376000,28800,2207452.00000000,6212239.85066000,0
1752291900000000,2.80340000,2.80610000,2.78750000,2.80060000,3477205.10000000,1752292799999999,9726403.19416000,24452,2188012.20000000,6121160.73720000,0
1752292800000000,2.80060000,2.80630000,2.79530000,2.80100000,2832732.20000000,1752293699999999,7933427.78015000,23127,1945012.40000000,5446956.89634000,0
1752293700000000,2.80110000,2.80140000,2.78200000,2.79790000,3230117.20000000,1752294599999999,9011839.15302000,26062,2125565.60000000,5930884.56313000,0
1752294600000000,2.79790000,2.80220000,2.78280000,2.79190000,3162156.20000000,1752295499999999,8830423.73825000,29498,2233690.50000000,6238136.81619000,0
1752295500000000,2.79180000,2.79260000,2.76960000,2.77480000,4076860.40000000,1752296399999999,11325224.73761000,37588,2294649.30000000,6375232.61772000,0
1752296400000000,2.77490000,2.78140000,2.76270000,2.76570000,3876376.10000000,1752297299999999,10735085.92445000,37005,2423389.60000000,6711367.24591000,0
1752297300000000,2.76560000,2.78800000,2.76160000,2.78250000,4443908.30000000,1752298199999999,12357245.23351000,39705,2795649.00000000,7772774.15304000,0
1752298200000000,2.78240000,2.79900000,2.77800000,2.78670000,4099283.00000000,1752299099999999,11442672.08827000,39356,2435829.20000000,6799096.11232000,0
1752299100000000,2.78670000,2.79870000,2.78640000,2.78880000,1566255.40000000,1752299999999999,4375473.57904000,21274,777200.90000000,2171296.19828000,0
1752300000000000,2.78880000,2.79120000,2.76590000,2.77170000,1895302.60000000,1752300899999999,5259099.97439000,32016,847142.80000000,2349982.96018000,0
1752300900000000,2.77170000,2.78070000,2.76560000,2.77830000,1423330.60000000,1752301799999999,3946481.95556000,26200,680927.30000000,1887824.21457000,0
1752301800000000,2.77830000,2.79340000,2.77340000,2.78920000,1602396.80000000,1752302699999999,4465278.80084000,22559,778370.40000000,2168465.79319000,0
1752302700000000,2.78930000,2.79650000,2.78420000,2.79180000,1456105.80000000,1752303599999999,4064319.75552000,22388,774687.50000000,2162355.59281000,0
1752303600000000,2.79180000,2.79420000,2.78100000,2.78870000,1586302.40000000,1752304499999999,4421217.93130000,23305,907915.90000000,2530156.65092000,0
1752304500000000,2.78880000,2.79080000,2.77640000,2.78580000,1569401.10000000,1752305399999999,4369489.19309000,29215,836225.30000000,2328069.44225000,0
1752305400000000,2.78590000,2.78640000,2.76320000,2.76980000,2092195.50000000,1752306299999999,5795396.60775000,27856,953494.30000000,2641163.41706000,0
1752306300000000,2.76970000,2.77220000,2.75580000,2.76750000,2756461.40000000,1752307199999999,7618175.43263000,23795,1395707.80000000,3856995.55880000,0
1752307200000000,2.76750000,2.77650000,2.76580000,2.77230000,1676317.80000000,1752308099999999,4644998.94708000,24617,987866.70000000,2737298.48708000,0
1752308100000000,2.77230000,2.77560000,2.76630000,2.77480000,2050712.20000000,1752308999999999,5683240.30103000,32016,1299717.20000000,3601309.72232000,0
1752309000000000,2.77480000,2.78070000,2.76900000,2.77850000,3740607.30000000,1752309899999999,10378264.09760000,34596,2293935.40000000,6363912.93201000,0
1752309900000000,2.77840000,2.79290000,2.76810000,2.79030000,4899518.70000000,1752310799999999,13605669.38267000,43785,2625694.00000000,7290164.37289000,0
1752310800000000,2.79030000,2.80200000,2.78230000,2.79610000,3052266.10000000,1752311699999999,8527797.30652000,41808,1795561.80000000,5016388.46317000,0
1752311700000000,2.79610000,2.81470000,2.79530000,2.80750000,3798239.40000000,1752312599999999,10666119.40763000,39286,1965942.60000000,5520753.33336000,0
1752312600000000,2.80760000,2.82530000,2.80440000,2.82000000,2648199.00000000,1752313499999999,7456203.95859000,34061,1507014.00000000,4243768.45729000,0
1752313500000000,2.82000000,2.82200000,2.81040000,2.82110000,1979402.20000000,1752314399999999,5575865.47157000,27798,1072756.70000000,3021648.36901000,0
1752314400000000,2.82100000,2.83610000,2.80970000,2.81740000,3141244.60000000,1752315299999999,8864692.02732000,44452,1640984.20000000,4632268.28458000,0
1752315300000000,2.81740000,2.82670000,2.81080000,2.82670000,2395587.90000000,1752316199999999,6759853.26074000,31673,1300475.30000000,3669396.86186000,0
1752316200000000,2.82670000,2.84480000,2.82010000,2.84290000,2956182.30000000,1752317099999999,8372728.29090000,34888,1515555.00000000,4293657.72851000,0
1752317100000000,2.84300000,2.84660000,2.82810000,2.83670000,2963992.60000000,1752317999999999,8406015.79121000,36690,1386060.20000000,3931748.83247000,0
1752318000000000,2.83680000,2.84760000,2.82400000,2.84020000,3006071.80000000,1752318899999999,8529383.07120000,37290,1343838.30000000,3813324.44957000,0
1752318900000000,2.84020000,2.84510000,2.83260000,2.83510000,1873716.80000000,1752319799999999,5320055.61961000,26919,890407.70000000,2528680.39699000,0
1752319800000000,2.83510000,2.83510000,2.79740000,2.79970000,8490255.60000000,1752320699999999,23844850.87606000,47991,5002153.10000000,14037809.99893000,0
1752320700000000,2.79970000,2.80950000,2.79720000,2.80540000,4085910.90000000,1752321599999999,11454458.91816000,31892,2241106.90000000,6281264.05887000,0
1752321600000000,2.80540000,2.80870000,2.77170000,2.78950000,4084118.50000000,1752322499999999,11400284.81768000,44393,1833100.50000000,5117609.37143000,0
1752322500000000,2.78940000,2.79350000,2.77000000,2.78130000,3482195.30000000,1752323399999999,9684536.42270000,46461,1739207.30000000,4837699.51144000,0
1752323400000000,2.78120000,2.79060000,2.76310000,2.77330000,3670153.70000000,1752324299999999,10181026.98100000,52282,1566153.50000000,4345243.57955000,0
1752324300000000,2.77320000,2.78790000,2.75550000,2.78650000,6723097.00000000,1752325199999999,18635051.68704000,64341,3417791.40000000,9473373.66288000,0
1752325200000000,2.78650000,2.78750000,2.76920000,2.78370000,6761170.00000000,1752326099999999,18790294.13414000,53872,3656112.30000000,10160014.57941000,0
1752326100000000,2.78360000,2.79010000,2.75280000,2.76760000,6169227.40000000,1752326999999999,17101917.98507000,59055,3315461.60000000,9191915.57022000,0
1752327000000000,2.76750000,2.78180000,2.74850000,2.76400000,3901766.80000000,1752327899999999,10788460.73376000,45613,2194497.70000000,6071281.51351000,0
1752327900000000,2.76410000,2.77650000,2.76060000,2.77590000,2161217.70000000,1752328799999999,5986064.54178000,33330,1015376.90000000,2812389.14361000,0
1752328800000000,2.77600000,2.79820000,2.77400000,2.79210000,2533132.90000000,1752329699999999,7057431.80243000,31588,1419917.70000000,3956209.42008000,0
1752329700000000,2.79210000,2.79330000,2.78280000,2.78850000,1402510.00000000,1752330599999999,3910405.99122000,19336,696411.60000000,1941375.69169000,0
1752330600000000,2.78850000,2.79030000,2.76310000,2.77330000,1931877.20000000,1752331499999999,5360156.70334000,22619,737625.50000000,2046726.68726000,0
1752331500000000,2.77330000,2.77410000,2.75220000,2.75660000,5226829.70000000,1752332399999999,14443584.10807000,39079,2804817.30000000,7751334.79526000,0
1752332400000000,2.75660000,2.76800000,2.70500000,2.70650000,8402456.20000000,1752333299999999,22985956.66902000,76587,3634240.30000000,9943183.49962000,0
1752333300000000,2.70660000,2.71800000,2.67900000,2.69270000,15540017.50000000,1752334199999999,41935445.23969000,113787,6614044.80000000,17857797.30220000,0
1752334200000000,2.69280000,2.69930000,2.66290000,2.67450000,13135957.20000000,1752335099999999,35154780.65132000,102822,6282668.80000000,16812883.98794000,0
1752335100000000,2.67460000,2.69030000,2.67110000,2.68120000,7311530.20000000,1752335999999999,19606780.44827000,66666,3177153.70000000,8521007.52728000,0
1752336000000000,2.68130000,2.71390000,2.67010000,2.71090000,5696747.50000000,1752336899999999,15339193.81630000,53701,2576007.70000000,6938140.30933000,0
1752336900000000,2.71090000,2.72520000,2.70470000,2.70830000,4205798.30000000,1752337799999999,11419633.15957000,37908,1592448.60000000,4325101.37646000,0
1752337800000000,2.70830000,2.71880000,2.70760000,2.71240000,3161511.60000000,1752338699999999,8575658.87248000,29719,783199.80000000,2124619.92170000,0
1752338700000000,2.71250000,2.72190000,2.70310000,2.70690000,3195992.40000000,1752339599999999,8666479.26529000,31469,852967.30000000,2313935.69564000,0
1752339600000000,2.70700000,2.73170000,2.70440000,2.72710000,3459674.90000000,1752340499999999,9412570.22628000,29134,981411.70000000,2671904.48544000,0
1752340500000000,2.72710000,2.74000000,2.72690000,2.73180000,2739907.00000000,1752341399999999,7491233.93271000,26269,708150.30000000,1936300.12525000,0
1752341400000000,2.73170000,2.73530000,2.71750000,2.72460000,3896009.00000000,1752342299999999,10621266.38540000,28773,931051.20000000,2537789.43803000,0
1752342300000000,2.72460000,2.72920000,2.71860000,2.72410000,2597706.20000000,1752343199999999,7076953.03084000,23713,567430.00000000,1545869.54436000,0
1752343200000000,2.72400000,2.73400000,2.71880000,2.73170000,2989518.20000000,1752344099999999,8154882.63648000,32660,1015987.80000000,2771693.81958000,0
1752344100000000,2.73160000,2.73380000,2.72520000,2.73130000,4719710.50000000,1752344999999999,12880484.74640000,23959,819400.50000000,2236614.34654000,0
1752345000000000,2.73130000,2.74260000,2.73130000,2.73620000,2770860.30000000,1752345899999999,7586304.71874000,23316,737339.50000000,2018600.04224000,0
1752345900000000,2.73630000,2.74540000,2.73260000,2.73970000,3028725.50000000,1752346799999999,8296892.47632000,26622,952324.80000000,2609053.28362000,0
1752346800000000,2.73960000,2.75340000,2.73900000,2.74540000,3242145.00000000,1752347699999999,8906320.89162000,24748,951003.10000000,2612618.61375000,0
1752347700000000,2.74550000,2.75000000,2.72630000,2.72680000,3395210.00000000,1752348599999999,9299875.25505000,31121,1032548.90000000,2827451.32579000,0
1752348600000000,2.72680000,2.73550000,2.72650000,2.73490000,2527142.40000000,1752349499999999,6901714.41560000,26137,643903.00000000,1758282.79550000,0
1752349500000000,2.73490000,2.73890000,2.73210000,2.73700000,2730870.70000000,1752350399999999,7470794.18230000,22571,787307.50000000,2153673.60264000,0
1752350400000000,2.73700000,2.73730000,2.71900000,2.72260000,3557710.00000000,1752351299999999,9702023.87891000,30052,1295875.30000000,3533502.67028000,0
1752351300000000,2.72270000,2.72810000,2.71470000,2.72240000,3390319.90000000,1752352199999999,9227529.63178000,28066,1179288.00000000,3209262.44214000,0
1752352200000000,2.72240000,2.72300000,2.70340000,2.70710000,3726393.20000000,1752353099999999,10109218.12718000,28217,1061776.60000000,2879604.75980000,0
1752353100000000,2.70710000,2.70980000,2.68410000,2.68430000,3752238.30000000,1752353999999999,10119454.69357000,33809,1125536.80000000,3035565.38518000,0
1752354000000000,2.68420000,2.71440000,2.68370000,2.70610000,3007115.10000000,1752354899999999,8127926.63706000,30363,1311827.10000000,3546497.99502000,0
1752354900000000,2.70620000,2.72620000,2.70350000,2.72480000,1537337.30000000,1752355799999999,4174303.99926000,17398,871499.20000000,2366930.19010000,0
1752355800000000,2.72480000,2.73600000,2.71780000,2.73600000,1660149.10000000,1752356699999999,4528668.05751000,20949,979581.70000000,2672710.39833000,0
1752356700000000,2.73590000,2.73640000,2.72230000,2.72700000,1282164.70000000,1752357599999999,3498437.66305000,14281,529203.30000000,1443932.00914000,0
1752357600000000,2.72710000,2.73190000,2.71530000,2.72540000,1893718.40000000,1752358499999999,5156693.25780000,25281,732543.10000000,1995144.83118000,0
1752358500000000,2.72540000,2.72570000,2.70550000,2.72480000,957990.40000000,1752359399999999,2602646.83031000,17556,412091.00000000,1119953.48211000,0
1752359400000000,2.72470000,2.73390000,2.72110000,2.73300000,1009817.60000000,1752360299999999,2756141.95216000,15390,538763.90000000,1470484.52192000,0
1752360300000000,2.73290000,2.73800000,2.72450000,2.73790000,726137.20000000,1752361199999999,1984019.80776000,15891,356704.10000000,974689.89847000,0
1752361200000000,2.73790000,2.74380000,2.72130000,2.72490000,952597.30000000,1752362099999999,2603914.98582000,15616,497966.40000000,1361419.46719000,0
1752362100000000,2.72500000,2.74060000,2.72500000,2.73410000,969561.70000000,1752362999999999,2653230.76185000,15468,490941.10000000,1343266.94434000,0
1752363000000000,2.73400000,2.73980000,2.72550000,2.73010000,909300.80000000,1752363899999999,2485197.82025000,14366,390053.30000000,1065951.48765000,0
1752363900000000,2.73020000,2.74840000,2.72790000,2.73950000,2200094.50000000,1752364799999999,6027348.94966000,22376,1298156.80000000,3556168.75512000,0
1752364800000000,2.73950000,2.74370000,2.72320000,2.74100000,1482238.90000000,1752365699999999,4053137.98837000,26823,775496.90000000,2120917.99987000,0
1752365700000000,2.74110000,2.75590000,2.73190000,2.74810000,1959220.20000000,1752366599999999,5379772.01176000,34244,1124137.10000000,3087718.86746000,0
1752366600000000,2.74800000,2.75110000,2.72860000,2.74520000,2668989.40000000,1752367499999999,7311124.89739000,29600,1051308.90000000,2880417.14713000,0
1752367500000000,2.74520000,2.74530000,2.73370000,2.73910000,1238172.20000000,1752368399999999,3391695.99724000,20883,596917.00000000,1634989.66171000,0
1752368400000000,2.73900000,2.74970000,2.73410000,2.73920000,1444231.70000000,1752369299999999,3961235.73946000,23008,690414.20000000,1893527.36800000,0
1752369300000000,2.73930000,2.74590000,2.73390000,2.74040000,1541332.70000000,1752370199999999,4222666.69851000,24899,731762.80000000,2004524.74071000,0
1752370200000000,2.74040000,2.75380000,2.73970000,2.74990000,1277786.10000000,1752371099999999,3509476.35511000,18956,623092.00000000,1710989.77957000,0
1752371100000000,2.74990000,2.76690000,2.74890000,2.76120000,1946429.10000000,1752371999999999,5372897.68003000,24828,1029480.90000000,2841783.52410000,0
1752372000000000,2.76130000,2.77020000,2.75570000,2.75730000,1632914.10000000,1752372899999999,4511817.44226000,27244,842583.80000000,2327899.84196000,0
1752372900000000,2.75740000,2.75740000,2.74640000,2.75610000,1725163.00000000,1752373799999999,4746426.36961000,21462,851845.70000000,2343436.67319000,0
1752373800000000,2.75610000,2.76240000,2.74260000,2.76230000,1273715.70000000,1752374699999999,3505694.65407000,20048,623000.10000000,1715185.76813000,0
1752374700000000,2.76240000,2.78590000,2.76180000,2.77620000,4910232.40000000,1752375599999999,13632170.18136000,47178,2560997.80000000,7110464.23574000,0
1752375600000000,2.77630000,2.77820000,2.76230000,2.76340000,1536353.60000000,1752376499999999,4255573.45063000,20214,814431.50000000,2255964.92908000,0
1752376500000000,2.76340000,2.77700000,2.76340000,2.77000000,1413849.20000000,1752377399999999,3919008.71489000,16428,667621.40000000,1850292.62078000,0
1752377400000000,2.77010000,2.78380000,2.76310000,2.77990000,2878682.20000000,1752378299999999,7987813.70202000,23520,1363541.10000000,3783155.28107000,0
1752378300000000,2.77990000,2.77990000,2.76530000,2.76840000,1247588.70000000,1752379199999999,3455391.93080000,17367,520305.20000000,1441126.09846000,0
1752379200000000,2.76840000,2.77100000,2.75830000,2.76430000,915701.80000000,1752380099999999,2531226.94705000,18642,420008.10000000,1160976.06902000,0
1752380100000000,2.76420000,2.77160000,2.75830000,2.76090000,978733.90000000,1752380999999999,2704326.55261000,16735,378777.00000000,1046686.15103000,0
1752381000000000,2.76090000,2.77880000,2.75900000,2.77330000,1125620.60000000,1752381899999999,3120145.72484000,15600,524257.60000000,1453428.60645000,0
1752381900000000,2.77330000,2.78390000,2.77230000,2.78080000,1601470.90000000,1752382799999999,4450719.45511000,15371,858097.60000000,2384445.73631000,0
1752382800000000,2.78080000,2.78750000,2.77470000,2.78280000,2226899.50000000,1752383699999999,6192684.41502000,22613,943216.00000000,2622878.26066000,0
1752383700000000,2.78280000,2.78300000,2.77300000,2.78190000,1593589.60000000,1752384599999999,4425830.21946000,14275,608776.10000000,1690861.29691000,0
1752384600000000,2.78190000,2.78680000,2.77950000,2.78360000,1129587.00000000,1752385499999999,3143967.53228000,14380,444088.00000000,1236055.96893000,0
1752385500000000,2.78360000,2.78360000,2.77070000,2.77070000,1154951.60000000,1752386399999999,3206340.99551000,15640,562159.90000000,1560440.13097000,0
1752386400000000,2.77070000,2.78410000,2.76770000,2.78170000,1697243.70000000,1752387299999999,4716768.81585000,15181,774835.60000000,2153009.88519000,0
1752387300000000,2.78170000,2.79620000,2.78170000,2.79600000,2523379.00000000,1752388199999999,7041417.20955000,26344,1323576.20000000,3693763.48444000,0
1752388200000000,2.79600000,2.81440000,2.79300000,2.80590000,3895873.70000000,1752389099999999,10931648.97229000,37596,2137389.20000000,5996353.91578000,0
1752389100000000,2.80600000,2.80750000,2.79110000,2.79250000,1944626.70000000,1752389999999999,5439113.69236000,21342,1015036.30000000,2838576.43100000,0
1752390000000000,2.79260000,2.80160000,2.78980000,2.79860000,1566408.10000000,1752390899999999,4378826.11873000,20546,776128.30000000,2169683.20545000,0
1752390900000000,2.79850000,2.80780000,2.79190000,2.79360000,2128003.00000000,1752391799999999,5963226.76120000,18158,947080.70000000,2653726.20791000,0
1752391800000000,2.79350000,2.79820000,2.78940000,2.79220000,2092305.50000000,1752392699999999,5845147.14736000,20970,991824.80000000,2770745.85198000,0
1752392700000000,2.79220000,2.80000000,2.78580000,2.79920000,2091648.70000000,1752393599999999,5839548.83303000,16712,909559.50000000,2539410.40307000,0
1752393600000000,2.79910000,2.82020000,2.79380000,2.81190000,7491657.80000000,1752394499999999,21049254.09607000,26981,3351246.50000000,9409201.80230000,0
1752394500000000,2.81190000,2.81420000,2.79610000,2.80520000,2516044.70000000,1752395399999999,7057431.51669000,26293,1089454.90000000,3055844.69705000,0
1752395400000000,2.80520000,2.80720000,2.79320000,2.79620000,1586157.50000000,1752396299999999,4438651.57638000,16416,787158.10000000,2202768.39969000,0
1752396300000000,2.79630000,2.79730000,2.78340000,2.79400000,2493632.60000000,1752397199999999,6956259.54647000,19205,1382909.00000000,3857741.61552000,0
1752397200000000,2.79410000,2.80230000,2.78660000,2.78950000,1816960.80000000,1752398099999999,5077630.67273000,20804,810416.40000000,2264633.03899000,0
1752398100000000,2.78950000,2.79130000,2.77710000,2.78210000,1677009.80000000,1752398999999999,4666556.90417000,19990,715902.10000000,1991897.73366000,0
1752399000000000,2.78210000,2.78210000,2.77100000,2.78010000,2124490.20000000,1752399899999999,5897446.19412000,20405,859059.00000000,2384212.03485000,0
1752399900000000,2.78010000,2.78370000,2.77190000,2.77670000,1742118.20000000,1752400799999999,4840697.65506000,15469,713070.00000000,1981615.82823000,0
1752400800000000,2.77660000,2.79670000,2.77660000,2.79230000,2072180.40000000,1752401699999999,5779611.30168000,18335,914276.20000000,2549922.13049000,0
1752401700000000,2.79230000,2.79360000,2.78540000,2.79070000,1278193.10000000,1752402599999999,3565425.39065000,11176,584837.20000000,1631233.92312000,0
1752402600000000,2.79060000,2.79080000,2.78450000,2.78700000,1047498.00000000,1752403499999999,2919619.32514000,11707,436830.40000000,1217443.88664000,0
1752403500000000,2.78710000,2.78740000,2.77160000,2.77600000,1254956.70000000,1752404399999999,3484789.42190000,12964,464569.60000000,1289763.21807000,0
1752404400000000,2.77600000,2.78820000,2.77600000,2.78720000,843678.30000000,1752405299999999,2347083.50194000,11056,418228.80000000,1163647.25952000,0
1752405300000000,2.78730000,2.79190000,2.77890000,2.78930000,1150783.90000000,1752406199999999,3204960.53632000,13818,478281.30000000,1332159.63404000,0
1752406200000000,2.78930000,2.79040000,2.77890000,2.77970000,1805548.90000000,1752407099999999,5027898.22191000,15291,972747.90000000,2708395.94220000,0
1752407100000000,2.77980000,2.78990000,2.77700000,2.78890000,1763396.60000000,1752407999999999,4905750.90891000,16145,810964.70000000,2256170.87570000,0
1752408000000000,2.78880000,2.80690000,2.78250000,2.80150000,3427623.80000000,1752408899999999,9588254.31826000,32753,1440410.20000000,4029956.59084000,0
1752408900000000,2.80150000,2.80750000,2.79670000,2.79970000,2494013.80000000,1752409799999999,6988149.21664000,25444,1229590.60000000,3445200.53324000,0
1752409800000000,2.79970000,2.81870000,2.79150000,2.81580000,3098298.80000000,1752410699999999,8688672.95686000,25831,1744695.60000000,4893115.89602000,0
1752410700000000,2.81580000,2.82860000,2.80550000,2.82110000,5099868.40000000,1752411599999999,14384508.80211000,38672,2897212.60000000,8172571.86178000,0
1752411600000000,2.82110000,2.82490000,2.79880000,2.80140000,3182362.40000000,1752412499999999,8954717.65476000,36293,1548303.40000000,4357479.04018000,0
1752412500000000,2.80140000,2.81840000,2.80140000,2.81790000,2024226.80000000,1752413399999999,5694161.76580000,23268,903502.20000000,2541425.95858000,0
1752413400000000,2.81790000,2.83310000,2.81610000,2.82320000,4150830.10000000,1752414299999999,11719835.84759000,29102,2344799.80000000,6622717.88238000,0
1752414300000000,2.82320000,2.85580000,2.81140000,2.83220000,11864765.50000000,1752415199999999,33644701.48064000,61242,6135926.60000000,17410784.17498000,0
1752415200000000,2.83220000,2.85140000,2.82510000,2.84190000,4646111.30000000,1752416099999999,13198424.50968000,43995,2681738.00000000,7618278.69135000,0
1752416100000000,2.84200000,2.89490000,2.83980000,2.87240000,14827827.40000000,1752416999999999,42641387.88018000,109028,7765907.30000000,22325799.96158000,0
1752417000000000,2.87240000,2.87240000,2.84820000,2.85020000,6267790.20000000,1752417899999999,17925396.32719000,61063,3131320.20000000,8955884.38008000,0
1752417900000000,2.85030000,2.86750000,2.83220000,2.84420000,6188082.30000000,1752418799999999,17612576.06084000,60953,2826724.00000000,8046708.46108000,0
1752418800000000,2.84430000,2.87170000,2.84330000,2.86050000,5059071.90000000,1752419699999999,14468587.06557000,49956,2936763.00000000,8400480.64738000,0
1752419700000000,2.86060000,2.87340000,2.84520000,2.84970000,3744731.50000000,1752420599999999,10718551.90007000,38837,1782252.20000000,5103177.70178000,0
1752420600000000,2.84960000,2.84990000,2.80820000,2.82900000,5625492.60000000,1752421499999999,15904921.46783000,61237,2124565.50000000,6006692.42090000,0
1752421500000000,2.82890000,2.84000000,2.82270000,2.83810000,2875903.50000000,1752422399999999,8143372.02010000,35243,1513135.20000000,4285137.79576000,0
1752422400000000,2.83810000,2.85200000,2.82930000,2.83660000,3353053.60000000,1752423299999999,9529305.11682000,34576,1695745.80000000,4819977.36793000,0
1752423300000000,2.83650000,2.84760000,2.82890000,2.84000000,2358815.80000000,1752424199999999,6699811.67549000,30351,1121667.30000000,3185597.27258000,0
1752424200000000,2.84000000,2.84200000,2.83210000,2.83770000,1658875.70000000,1752425099999999,4707303.12736000,23822,759239.30000000,2154369.65156000,0
1752425100000000,2.83770000,2.83840000,2.81230000,2.82370000,2855914.20000000,1752425999999999,8064863.24531000,33671,1250039.50000000,3529624.56798000,0
1752426000000000,2.82370000,2.82890000,2.81150000,2.82080000,2933029.70000000,1752426899999999,8267905.50972000,36972,1426094.10000000,4019461.39223000,0
1752426900000000,2.82070000,2.83270000,2.81330000,2.82950000,2144661.90000000,1752427799999999,6059814.95908000,25591,1035398.10000000,2925611.53650000,0
1752427800000000,2.82950000,2.84790000,2.82780000,2.84210000,1848073.10000000,1752428699999999,5249267.54644000,21557,864824.70000000,2456394.11135000,0
1752428700000000,2.84220000,2.86280000,2.84080000,2.86030000,3263065.40000000,1752429599999999,9308913.43730000,28308,1718922.60000000,4904570.97188000,0
1752429600000000,2.86040000,2.86480000,2.84590000,2.85660000,3803039.10000000,1752430499999999,10860754.75677000,37100,1332271.60000000,3806818.52224000,0
1752430500000000,2.85650000,2.86610000,2.84720000,2.86560000,2195189.20000000,1752431399999999,6277158.35825000,24330,1121514.10000000,3207297.15202000,0
1752431400000000,2.86560000,2.87610000,2.86050000,2.87290000,3044816.20000000,1752432299999999,8737009.07309000,30338,1631023.70000000,4680171.43558000,0
1752432300000000,2.87300000,2.88170000,2.86000000,2.86000000,3396784.70000000,1752433199999999,9753469.81223000,33412,1545473.40000000,4439066.59271000,0
1752433200000000,2.86010000,2.86670000,2.85190000,2.86410000,2074775.50000000,1752434099999999,5931127.15826000,24217,1073155.10000000,3068039.32162000,0
1752434100000000,2.86410000,2.86530000,2.85460000,2.86390000,2739862.20000000,1752434999999999,7838892.79389000,21942,1528824.60000000,4374291.34000000,0
1752435000000000,2.86390000,2.88000000,2.85320000,2.85530000,3642523.70000000,1752435899999999,10443992.60956000,28660,2271747.00000000,6517514.17955000,0
1752435900000000,2.85530000,2.85890000,2.84410000,2.84560000,1433137.70000000,1752436799999999,4089606.75741000,16705,620876.50000000,1772289.48086000,0
1752436800000000,2.84560000,2.84850000,2.83290000,2.84360000,2896819.80000000,1752437699999999,8226391.99902000,23910,1147103.80000000,3257892.02577000,0
1752437700000000,2.84360000,2.85910000,2.84360000,2.85810000,1530857.40000000,1752438599999999,4367254.92413000,15601,768059.70000000,2191173.82961000,0
1752438600000000,2.85810000,2.86480000,2.85000000,2.85400000,2031970.60000000,1752439499999999,5806664.16932000,19578,957012.90000000,2734924.15797000,0
1752439500000000,2.85400000,2.85830000,2.84820000,2.84870000,1040364.50000000,1752440399999999,2967308.84172000,15264,464656.30000000,1325270.73762000,0
1752440400000000,2.84870000,2.84950000,2.83120000,2.83330000,1617256.50000000,1752441299999999,4596168.73501000,17567,771323.40000000,2192256.42324000,0
1752441300000000,2.83320000,2.84310000,2.83160000,2.84280000,1237186.90000000,1752442199999999,3511772.45785000,14306,710381.00000000,2016468.60780000,0
1752442200000000,2.84290000,2.84340000,2.76370000,2.80070000,11224024.90000000,1752443099999999,31398386.23808000,67213,4601290.90000000,12860106.68977000,0
1752443100000000,2.80070000,2.81470000,2.79730000,2.80180000,3162143.90000000,1752443999999999,8872070.98814000,30639,1281316.30000000,3595877.86872000,0
1752444000000000,2.80170000,2.81610000,2.78830000,2.80890000,2897194.40000000,1752444899999999,8116024.30795000,43186,1419238.60000000,3975819.85728000,0
1752444900000000,2.80900000,2.81690000,2.79150000,2.79950000,3241563.50000000,1752445799999999,9083152.93642000,40710,1726370.10000000,4838457.76836000,0
1752445800000000,2.79950000,2.82490000,2.79900000,2.82330000,2062267.00000000,1752446699999999,5806445.87366000,23954,1150777.30000000,3240136.58152000,0
1752446700000000,2.82340000,2.82520000,2.81420000,2.81510000,1076349.50000000,1752447599999999,3035533.12677000,17610,532698.10000000,1502313.00221000,0
1752447600000000,2.81500000,2.83130000,2.81250000,2.82770000,1799430.80000000,1752448499999999,5080041.74973000,25293,859662.80000000,2426901.28965000,0
1752448500000000,2.82760000,2.84240000,2.81890000,2.82650000,2924224.10000000,1752449399999999,8280953.68835000,32667,1530183.50000000,4334508.62357000,0
1752449400000000,2.82660000,2.83800000,2.82590000,2.83330000,1492949.60000000,1752450299999999,4229614.23029000,19882,814866.60000000,2308229.85502000,0
1752450300000000,2.83330000,2.84230000,2.83140000,2.83610000,1578035.10000000,1752451199999999,4475935.17105000,16657,841241.00000000,2386195.79987000,0
1752451200000000,2.83610000,2.84170000,2.82070000,2.83620000,3072967.70000000,1752452099999999,8701850.09603000,33683,1194320.00000000,3381671.36258000,0
1752452100000000,2.83620000,2.84810000,2.82850000,2.83880000,3138163.90000000,1752452999999999,8906880.43967000,31029,1481266.30000000,4204304.14437000,0
1752453000000000,2.83880000,2.84170000,2.82800000,2.83920000,1905645.60000000,1752453899999999,5401016.16434000,26707,884714.70000000,2507580.01935000,0
1752453900000000,2.83910000,2.84860000,2.83550000,2.84640000,1676881.90000000,1752454799999999,4767241.68110000,19315,719413.00000000,2044930.66011000,0
1752454800000000,2.84630000,2.86410000,2.83860000,2.85400000,3307135.70000000,1752455699999999,9445558.28085000,34947,1526453.10000000,4358825.68212000,0
1752455700000000,2.85390000,2.87670000,2.85390000,2.87020000,4665312.10000000,1752456599999999,13376640.49613000,49983,2219938.80000000,6364701.11018000,0
1752456600000000,2.87010000,2.87360000,2.85660000,2.86090000,2472087.90000000,1752457499999999,7079094.58265000,41713,1156754.40000000,3312383.40742000,0
1752457500000000,2.86080000,2.86400000,2.85060000,2.85540000,1952712.80000000,1752458399999999,5580648.99847000,28179,930143.50000000,2658307.50944000,0
1752458400000000,2.85540000,2.87120000,2.84990000,2.86930000,2512568.50000000,1752459299999999,7187292.26481000,25074,1495668.30000000,4278679.09338000,0
1752459300000000,2.86930000,2.88560000,2.86150000,2.88330000,3890460.40000000,1752460199999999,11184739.01863000,37042,2144748.80000000,6167822.53631000,0
1752460200000000,2.88320000,2.89450000,2.87800000,2.88240000,3798711.50000000,1752461099999999,10964696.92515000,39161,2246046.90000000,6483934.30335000,0
1752461100000000,2.88240000,2.89670000,2.88000000,2.88710000,2757005.80000000,1752461999999999,7963920.43503000,29172,1100171.10000000,3178458.02683000,0
1752462000000000,2.88710000,2.92270000,2.88550000,2.92070000,7558675.40000000,1752462899999999,21977645.37677000,54868,4329364.70000000,12585512.71146000,0
1752462900000000,2.92070000,2.93000000,2.91300000,2.92520000,4440380.00000000,1752463799999999,12974519.54756000,44546,2314936.50000000,6766811.44706000,0
1752463800000000,2.92530000,2.94720000,2.91500000,2.94340000,7636877.70000000,1752464699999999,22389922.66212000,55946,4495249.40000000,13181450.04370000,0
1752464700000000,2.94350000,2.94580000,2.91250000,2.92670000,6034038.70000000,1752465599999999,17678178.17068000,58052,2694458.50000000,7893767.43866000,0
1752465600000000,2.92670000,2.93850000,2.91930000,2.93250000,3526063.80000000,1752466499999999,10329210.09933000,37150,1781750.90000000,5219587.48113000,0
1752466500000000,2.93250000,2.94160000,2.92560000,2.93550000,3775254.70000000,1752467399999999,11079564.91612000,28887,1765277.00000000,5181720.31783000,0
1752467400000000,2.93560000,2.93740000,2.92470000,2.93040000,2758587.30000000,1752468299999999,8085134.19855000,28043,1377127.20000000,4036560.13447000,0
1752468300000000,2.93040000,2.94100000,2.92790000,2.93980000,2469107.70000000,1752469199999999,7247940.52788000,26164,1270712.90000000,3729861.66600000,0
1752469200000000,2.93980000,2.94550000,2.93270000,2.93620000,2841809.70000000,1752470099999999,8350672.87896000,29407,1401861.90000000,4119538.06703000,0
1752470100000000,2.93630000,2.95660000,2.93080000,2.95580000,5049805.10000000,1752470999999999,14864822.42725000,44538,2708060.00000000,7972672.90844000,0
1752471000000000,2.95580000,2.97960000,2.94250000,2.94720000,9861338.70000000,1752471899999999,29193174.97042000,73281,5634265.40000000,16683732.78227000,0
1752471900000000,2.94720000,2.94800000,2.87550000,2.93170000,13177285.20000000,1752472799999999,38440449.62207000,108558,6792829.10000000,19823903.78684000,0
1752472800000000,2.93170000,2.93180000,2.89150000,2.90430000,6856668.40000000,1752473699999999,19953708.50626000,68860,3114732.60000000,9062391.33824000,0
1752473700000000,2.90420000,2.93250000,2.90350000,2.92760000,8082173.20000000,1752474599999999,23623345.31448000,46741,4556385.80000000,13317803.12157000,0
1752474600000000,2.92760000,2.92790000,2.91280000,2.92120000,3401863.80000000,1752475499999999,9936346.14754000,35930,1518403.90000000,4434156.57140000,0
1752475500000000,2.92130000,2.93450000,2.91750000,2.92630000,2630047.60000000,1752476399999999,7696102.80453000,30348,1194852.50000000,3495764.95038000,0
1752476400000000,2.92630000,2.95500000,2.92450000,2.94550000,4092897.30000000,1752477299999999,12041413.91294000,40067,2240976.20000000,6593493.08555000,0
1752477300000000,2.94550000,2.96220000,2.94470000,2.95920000,3754457.50000000,1752478199999999,11084157.56338000,37955,2156578.60000000,6367325.81230000,0
1752478200000000,2.95920000,2.97990000,2.95760000,2.95790000,7059471.80000000,1752479099999999,20955403.43140000,61208,3593904.70000000,10670148.22086000,0
1752479100000000,2.95790000,2.96430000,2.93660000,2.95690000,4758875.70000000,1752479999999999,14056822.13262000,39244,2285674.90000000,6751906.34410000,0
1752480000000000,2.95700000,2.96150000,2.93000000,2.93760000,7381539.40000000,1752480899999999,21733635.34168000,40333,2419800.90000000,7128347.37066000,0
1752480900000000,2.93750000,2.94740000,2.92760000,2.94160000,3608318.70000000,1752481799999999,10592864.67636000,46906,1965910.60000000,5771284.87890000,0
1752481800000000,2.94170000,2.98630000,2.94100000,2.98590000,7571919.20000000,1752482699999999,22455090.10301000,58577,4097038.70000000,12156786.88014000,0
1752482700000000,2.98590000,3.00670000,2.95870000,2.97840000,16013527.30000000,1752483599999999,47792752.65648000,149175,9993179.20000000,29846699.61066000,0
1752483600000000,2.97840000,2.99220000,2.96320000,2.97050000,7378175.00000000,1752484499999999,21957976.29402000,69834,3554641.70000000,10579638.75185000,0
1752484500000000,2.97050000,2.99080000,2.96410000,2.97960000,5779666.70000000,1752485399999999,17193437.83941000,49868,2499222.30000000,7439771.63066000,0
1752485400000000,2.97960000,3.02220000,2.97500000,3.01070000,8277503.10000000,1752486299999999,24879445.03687000,70286,4421304.00000000,13289043.48460000,0
1752486300000000,3.01080000,3.01740000,2.97000000,2.98310000,12674764.20000000,1752487199999999,37919756.02973000,78368,5660243.70000000,16922317.22007000,0
1752487200000000,2.98300000,2.98450000,2.94640000,2.97230000,5851120.20000000,1752488099999999,17352962.74416000,56603,2468960.00000000,7323336.58509000,0
1752488100000000,2.97230000,2.98660000,2.96160000,2.97890000,3030056.50000000,1752488999999999,9012359.93082000,32972,1629046.60000000,4845769.17007000,0
1752489000000000,2.97880000,3.00200000,2.96740000,2.98720000,4236717.50000000,1752489899999999,12648625.41460000,37829,2257804.00000000,6745044.28755000,0
1752489900000000,2.98730000,3.01340000,2.98210000,3.00950000,4528896.20000000,1752490799999999,13574720.04111000,40291,2456693.50000000,7363985.03162000,0
1752490800000000,3.00940000,3.00980000,2.99090000,3.00090000,4720033.30000000,1752491699999999,14166090.74193000,45461,2206302.80000000,6621313.76742000,0
1752491700000000,3.00090000,3.00200000,2.97310000,2.98520000,3997434.70000000,1752492599999999,11936087.79488000,42005,1631572.00000000,4870938.39582000,0
1752492600000000,2.98520000,2.99850000,2.96910000,2.99660000,4041643.90000000,1752493499999999,12058032.24634000,36739,1997050.80000000,5959162.64880000,0
1752493500000000,2.99660000,3.01110000,2.97720000,2.97720000,4758043.40000000,1752494399999999,14250425.84255000,45806,2372210.00000000,7105500.81772000,0
1752494400000000,2.97720000,2.98500000,2.96500000,2.98140000,3512821.40000000,1752495299999999,10452341.66515000,33997,1893429.60000000,5634300.47922000,0
1752495300000000,2.98140000,2.99800000,2.94750000,2.96210000,10061343.40000000,1752496199999999,29837690.41031000,60613,5988391.80000000,17756939.72818000,0
1752496200000000,2.96220000,2.96240000,2.94200000,2.94940000,4480034.30000000,1752497099999999,13221217.82201000,43775,2162980.80000000,6382834.31097000,0
1752497100000000,2.94930000,2.96180000,2.94370000,2.96140000,4104663.00000000,1752497999999999,12115104.78788000,36046,1733799.30000000,5116758.85844000,0
1752498000000000,2.96140000,2.96950000,2.94950000,2.95320000,2760069.00000000,1752498899999999,8170427.61961000,23988,1521181.10000000,4504038.06597000,0
1752498900000000,2.95310000,2.96960000,2.94230000,2.96950000,3697845.60000000,1752499799999999,10916226.80124000,30456,1877048.60000000,5542959.48483000,0
1752499800000000,2.96950000,2.99950000,2.96570000,2.99210000,10547418.10000000,1752500699999999,31500244.14385000,76370,5546575.50000000,16559175.02063000,0
1752500700000000,2.99200000,3.03500000,2.98720000,3.00350000,14769088.20000000,1752501599999999,44527891.06796000,108333,7871331.50000000,23731849.04283000,0
1752501600000000,3.00350000,3.02240000,3.00110000,3.01090000,4353556.20000000,1752502499999999,13121436.09068000,51797,2128504.00000000,6415250.81084000,0
1752502500000000,3.01090000,3.03090000,2.97380000,2.99960000,8345238.80000000,1752503399999999,25062989.92127000,73466,4159395.10000000,12487521.65960000,0
1752503400000000,2.99970000,3.00030000,2.96970000,2.98550000,6907898.00000000,1752504299999999,20578438.52920000,74381,3251115.90000000,9683967.55398000,0
1752504300000000,2.98550000,3.01520000,2.97140000,3.01180000,5479855.70000000,1752505199999999,16411998.29842000,60661,2914879.30000000,8729777.65272000,0
1752505200000000,3.01180000,3.02160000,2.97140000,2.98610000,5530660.80000000,1752506099999999,16559522.53385000,56330,2538432.10000000,7604791.18634000,0
1752506100000000,2.98620000,3.01090000,2.97840000,3.00570000,5314578.60000000,1752506999999999,15915269.55146000,52042,2034956.00000000,6093343.56035000,0
1752507000000000,3.00570000,3.01090000,2.96740000,2.96940000,6526259.80000000,1752507899999999,19503160.43247000,55466,2392506.50000000,7147379.27273000,0
1752507900000000,2.96940000,2.96940000,2.90930000,2.94690000,14611671.90000000,1752508799999999,42870363.48480000,106763,7329129.50000000,21507005.37471000,0
1752508800000000,2.94680000,2.95190000,2.91780000,2.92420000,5949049.10000000,1752509699999999,17435413.64922000,61238,2844715.40000000,8340020.77837000,0
1752509700000000,2.92410000,2.96450000,2.92070000,2.96390000,4773018.10000000,1752510599999999,14067918.13229000,54841,2774676.00000000,8178014.25391000,0
1752510600000000,2.96390000,2.98750000,2.95180000,2.97900000,3957304.70000000,1752511499999999,11763116.33031000,40819,2243341.60000000,6667063.82123000,0
1752511500000000,2.97890000,3.00220000,2.96910000,2.99350000,5121960.90000000,1752512399999999,15328999.14646000,40821,2732775.80000000,8178355.80407000,0
1752512400000000,2.99360000,2.99570000,2.96700000,2.97110000,3960189.80000000,1752513299999999,11788018.73825000,34517,1246042.80000000,3710317.22097000,0
1752513300000000,2.97120000,2.97140000,2.95240000,2.95740000,3642327.10000000,1752514199999999,10782776.35675000,30471,1541280.30000000,4563769.11262000,0
1752514200000000,2.95740000,2.96630000,2.93630000,2.94060000,3337294.80000000,1752515099999999,9842228.07243000,36479,1492959.20000000,4403770.48873000,0
1752515100000000,2.94050000,2.95190000,2.93720000,2.95190000,2150260.20000000,1752515999999999,6334862.11655000,24216,1295750.30000000,3817689.23328000,0
1752516000000000,2.95180000,2.95780000,2.93920000,2.94510000,2313549.00000000,1752516899999999,6819166.97128000,24351,955844.90000000,2817689.11351000,0
1752516900000000,2.94500000,2.95950000,2.94140000,2.95490000,1373219.40000000,1752517799999999,4050981.92483000,25567,700361.30000000,2066294.66936000,0
1752517800000000,2.95480000,2.95940000,2.92280000,2.93690000,2634863.90000000,1752518699999999,7736313.21575000,28365,1259544.60000000,3698578.63793000,0
1752518700000000,2.93690000,2.93710000,2.91010000,2.91570000,3745605.50000000,1752519599999999,10940398.50551000,32153,1713700.30000000,5005947.57239000,0
1752519600000000,2.91540000,2.94280000,2.91190000,2.92630000,3164414.80000000,1752520499999999,9267248.92775000,29103,1766775.20000000,5172728.24788000,0
1752520500000000,2.92630000,2.93210000,2.91750000,2.92630000,1445409.60000000,1752521399999999,4226177.95820000,23794,674112.10000000,1970771.33079000,0
1752521400000000,2.92640000,2.93340000,2.92030000,2.92680000,1616520.80000000,1752522299999999,4729867.95119000,23015,732986.40000000,2144681.49582000,0
1752522300000000,2.92670000,2.93070000,2.91010000,2.93000000,2311666.80000000,1752523199999999,6744682.51728000,23693,1027046.40000000,2997039.67550000,0
1752523200000000,2.93000000,2.93070000,2.89010000,2.89290000,4691376.00000000,1752524099999999,13613653.16289000,44048,1792860.00000000,5201348.46676000,0
1752524100000000,2.89280000,2.90400000,2.87620000,2.90350000,5136039.30000000,1752524999999999,14837953.23835000,51853,2438428.60000000,7048671.27232000,0
1752525000000000,2.90350000,2.92080000,2.89940000,2.91760000,2292115.80000000,1752525899999999,6670778.89085000,23228,1284883.20000000,3739537.07119000,0
1752525900000000,2.91760000,2.93670000,2.91500000,2.92370000,2069198.20000000,1752526799999999,6057093.63865000,23714,1211852.60000000,3547467.58676000,0
1752526800000000,2.92360000,2.92860000,2.91690000,2.91980000,1600698.30000000,1752527699999999,4679357.77809000,20475,787165.10000000,2300617.65822000,0
1752527700000000,2.91970000,2.93590000,2.91810000,2.93120000,1402958.00000000,1752528599999999,4112077.44425000,18833,693005.80000000,2030865.33171000,0
1752528600000000,2.93110000,2.94780000,2.92190000,2.94030000,2989901.90000000,1752529499999999,8784763.34791000,22057,1231359.70000000,3617830.54466000,0
1752529500000000,2.94030000,2.94970000,2.93700000,2.94230000,1054642.50000000,1752530399999999,3105132.28507000,10394,569529.80000000,1676579.58422000,0
1752530400000000,2.94240000,2.94640000,2.93020000,2.94640000,1479386.10000000,1752531299999999,4346354.10947000,18456,747190.10000000,2194779.57779000,0
1752531300000000,2.94640000,2.94880000,2.94000000,2.94330000,1344798.10000000,1752532199999999,3958908.83185000,10548,515906.40000000,1518747.47304000,0
1752532200000000,2.94320000,2.94920000,2.93640000,2.94910000,995808.20000000,1752533099999999,2931473.71758000,14599,425151.50000000,1251574.09023000,0
1752533100000000,2.94910000,2.95600000,2.94690000,2.95070000,1294328.70000000,1752533999999999,3821203.69246000,14783,628705.60000000,1856101.54530000,0
1752534000000000,2.95060000,2.95460000,2.94250000,2.95100000,981027.40000000,1752534899999999,2892473.00085000,14605,587196.50000000,1731310.30613000,0
1752534900000000,2.95100000,2.95100000,2.93570000,2.94420000,1316751.60000000,1752535799999999,3875028.27554000,16297,534040.10000000,1571296.60315000,0
1752535800000000,2.94430000,2.95860000,2.94420000,2.95470000,1332354.50000000,1752536699999999,3935424.51010000,15325,463245.60000000,1368548.27229000,0
1752536700000000,2.95460000,2.96370000,2.94930000,2.95820000,1292074.90000000,1752537599999999,3821066.26884000,17689,600058.50000000,1774577.42023000,0
1752537600000000,2.95820000,2.95820000,2.93350000,2.93390000,2185183.60000000,1752538499999999,6433110.72255000,21616,627894.00000000,1848356.31529000,0
1752538500000000,2.93390000,2.95600000,2.93370000,2.95020000,2044493.60000000,1752539399999999,6022287.69067000,22356,1014678.90000000,2990315.74349000,0
1752539400000000,2.95020000,2.95020000,2.91570000,2.92240000,2653850.10000000,1752540299999999,7776644.96671000,27838,1171874.60000000,3433730.06638000,0
1752540300000000,2.92250000,2.92560000,2.90310000,2.90790000,2683893.80000000,1752541199999999,7820395.59283000,34441,1288268.10000000,3754290.81210000,0
1752541200000000,2.90800000,2.91100000,2.87420000,2.88760000,5400980.40000000,1752542099999999,15603743.45085000,50941,2051572.60000000,5931136.66832000,0
1752542100000000,2.88770000,2.90020000,2.86460000,2.88740000,4600326.80000000,1752542999999999,13259396.80176000,47042,2333738.40000000,6730851.32777000,0
1752543000000000,2.88730000,2.91320000,2.88190000,2.91020000,3262204.20000000,1752543899999999,9458129.31103000,34423,1977019.20000000,5733073.05054000,0
1752543900000000,2.91030000,2.92140000,2.88210000,2.88900000,2654882.90000000,1752544799999999,7718638.34276000,32283,1339444.10000000,3894107.57555000,0
1752544800000000,2.88890000,2.90040000,2.86690000,2.88270000,5197597.50000000,1752545699999999,15001220.97889000,66073,1933578.50000000,5583364.11515000,0
1752545700000000,2.88280000,2.88590000,2.85000000,2.85710000,7003125.40000000,1752546599999999,20027864.53977000,68837,3146787.30000000,9001239.07369000,0
1752546600000000,2.85710000,2.88340000,2.85330000,2.87840000,5221687.60000000,1752547499999999,14986731.16838000,51160,3154175.20000000,9053539.52495000,0
1752547500000000,2.87850000,2.88580000,2.86810000,2.87160000,2327248.70000000,1752548399999999,6694358.22734000,29830,1153785.10000000,3319290.07633000,0
1752548400000000,2.87150000,2.87460000,2.82000000,2.83590000,9597976.90000000,1752549299999999,27283387.38206000,75734,3730826.60000000,10598468.14158000,0
1752549300000000,2.83590000,2.84000000,2.80380000,2.83690000,8613549.10000000,1752550199999999,24292928.59839000,74068,4414734.40000000,12457109.17312000,0
1752550200000000,2.83690000,2.83960000,2.81150000,2.83790000,5080296.80000000,1752551099999999,14359766.86118000,53078,2323055.00000000,6567191.05335000,0
1752551100000000,2.83790000,2.85530000,2.83660000,2.84970000,3608086.80000000,1752551999999999,10275746.65827000,27969,1847819.80000000,5263592.71723000,0
1752552000000000,2.84960000,2.85240000,2.82150000,2.85200000,4313728.90000000,1752552899999999,12232987.68315000,39173,1992483.30000000,5651148.19763000,0
1752552900000000,2.85210000,2.87500000,2.85210000,2.86880000,3915454.90000000,1752553799999999,11221150.46915000,33284,2123094.30000000,6083849.87404000,0
1752553800000000,2.86890000,2.87870000,2.85400000,2.87250000,2920248.20000000,1752554699999999,8372077.60519000,21979,1470744.20000000,4216677.39114000,0
1752554700000000,2.87250000,2.88150000,2.86530000,2.86850000,2789393.10000000,1752555599999999,8011825.44940000,23938,1448408.10000000,4160751.86055000,0
1752555600000000,2.86850000,2.88690000,2.86820000,2.88190000,3103560.70000000,1752556499999999,8937826.43766000,20674,1759803.10000000,5067244.59564000,0
1752556500000000,2.88180000,2.88240000,2.87330000,2.87770000,2103124.80000000,1752557399999999,6054097.04509000,17750,1206031.10000000,3471565.87513000,0
1752557400000000,2.87770000,2.87770000,2.86380000,2.87390000,2009874.30000000,1752558299999999,5768838.06409000,24222,839232.60000000,2408989.74770000,0
1752558300000000,2.87390000,2.87660000,2.86240000,2.87590000,2904422.70000000,1752559199999999,8337913.27694000,21758,1216424.50000000,3492397.42500000,0
1752559200000000,2.87590000,2.88500000,2.86380000,2.86980000,3308723.10000000,1752560099999999,9505470.84703000,31094,1610603.80000000,4627491.68778000,0
1752560100000000,2.86980000,2.87680000,2.86350000,2.86990000,1903006.30000000,1752560999999999,5459845.24880000,17512,1023159.10000000,2935695.00650000,0
1752561000000000,2.87000000,2.87400000,2.85520000,2.85850000,1816885.00000000,1752561899999999,5200563.60693000,19618,922460.40000000,2640219.40771000,0
1752561900000000,2.85840000,2.86220000,2.84930000,2.85930000,2208732.20000000,1752562799999999,6305501.48446000,24216,946593.40000000,2702538.95954000,0
1752562800000000,2.85940000,2.87300000,2.85400000,2.85440000,3139657.00000000,1752563699999999,8987959.57708000,26299,1658825.60000000,4749165.32719000,0
1752563700000000,2.85450000,2.86400000,2.85070000,2.86160000,1875972.30000000,1752564599999999,5358769.86285000,16286,1001986.10000000,2862024.86452000,0
1752564600000000,2.86160000,2.87110000,2.85460000,2.86250000,3069277.30000000,1752565499999999,8787040.84918000,21238,1681422.00000000,4814026.47291000,0
1752565500000000,2.86250000,2.86510000,2.84830000,2.85240000,3380402.00000000,1752566399999999,9650988.57958000,22992,1217320.40000000,3476925.01081000,0
1752566400000000,2.85230000,2.85330000,2.83830000,2.84100000,3808287.70000000,1752567299999999,10833612.67087000,24813,1557981.20000000,4432097.35028000,0
1752567300000000,2.84100000,2.84950000,2.81940000,2.84890000,6454410.00000000,1752568199999999,18282760.75600000,36582,2616654.90000000,7418272.77461000,0
1752568200000000,2.84890000,2.86000000,2.84820000,2.85490000,3968022.40000000,1752569099999999,11324451.80692000,20826,1792407.90000000,5117392.24301000,0
1752569100000000,2.85490000,2.85820000,2.84720000,2.85010000,1669823.50000000,1752569999999999,4762883.99673000,15358,801930.00000000,2287731.40265000,0
1752570000000000,2.85010000,2.88040000,2.84850000,2.87990000,5388706.30000000,1752570899999999,15445184.43818000,23460,3934734.60000000,11274900.35242000,0
1752570900000000,2.88000000,2.88870000,2.87080000,2.88380000,3825415.50000000,1752571799999999,11021197.05742000,30378,2266200.60000000,6528175.74056000,0
1752571800000000,2.88370000,2.89600000,2.88130000,2.88960000,2570845.60000000,1752572699999999,7431085.11940000,23498,1157705.60000000,3345964.12310000,0
1752572700000000,2.88960000,2.89380000,2.87700000,2.88000000,2208746.50000000,1752573599999999,6375992.92661000,21370,1100646.10000000,3177516.57596000,0
1752573600000000,2.88010000,2.89790000,2.87820000,2.88800000,2311903.90000000,1752574499999999,6675582.29451000,23136,1154470.60000000,3333449.00324000,0
1752574500000000,2.88800000,2.92230000,2.88730000,2.91330000,5133213.80000000,1752575399999999,14933546.47015000,45899,3081108.10000000,8961920.45100000,0
1752575400000000,2.91320000,2.91480000,2.89990000,2.90670000,2199793.60000000,1752576299999999,6389421.69467000,22641,1170215.90000000,3399179.34377000,0
1752576300000000,2.90680000,2.91760000,2.90220000,2.91460000,2006854.50000000,1752577199999999,5846374.25517000,21094,1081209.40000000,3149763.13360000,0
1752577200000000,2.91460000,2.92870000,2.91180000,2.91320000,2707210.10000000,1752578099999999,7907773.69149000,24020,1457589.90000000,4257856.18322000,0
1752578100000000,2.91320000,2.91350000,2.88660000,2.89570000,3273232.60000000,1752578999999999,9484578.90923000,30934,1089320.80000000,3155792.05853000,0
1752579000000000,2.89570000,2.90240000,2.89220000,2.90100000,1994302.90000000,1752579899999999,5777356.82969000,18214,956274.60000000,2770006.51575000,0
1752579900000000,2.90100000,2.90590000,2.89620000,2.90490000,1575170.70000000,1752580799999999,4570267.98908000,16014,919964.10000000,2669187.82586000,0
1752580800000000,2.90490000,2.90630000,2.89210000,2.89390000,1929905.10000000,1752581699999999,5594727.50657000,25228,883035.60000000,2560371.54405000,0
1752581700000000,2.89400000,2.89940000,2.88360000,2.88690000,1723158.20000000,1752582599999999,4981177.04696000,18375,644759.60000000,1863626.75679000,0
1752582600000000,2.88690000,2.93280000,2.85140000,2.86480000,11856219.50000000,1752583499999999,34273797.40634000,72728,5311688.30000000,15395877.89805000,0
1752583500000000,2.86470000,2.90180000,2.86390000,2.89650000,4590388.30000000,1752584399999999,13252819.86283000,39231,2556967.20000000,7383207.61025000,0
1752584400000000,2.89650000,2.92660000,2.89260000,2.91860000,3786948.30000000,1752585299999999,11035308.10308000,41132,1893308.40000000,5516569.82039000,0
1752585300000000,2.91870000,2.91950000,2.90260000,2.91150000,2193665.80000000,1752586199999999,6385326.89356000,24930,993094.40000000,2890687.38928000,0
1752586200000000,2.91140000,2.92230000,2.89880000,2.91450000,3348231.30000000,1752587099999999,9749249.44061000,37154,1569031.30000000,4568939.25354000,0
1752587100000000,2.91460000,2.93420000,2.91150000,2.92240000,4418536.70000000,1752587999999999,12918901.08942000,31498,2293378.10000000,6706408.61099000,0
1752588000000000,2.92250000,2.93080000,2.91160000,2.92970000,2687908.00000000,1752588899999999,7856165.88021000,23438,1393449.70000000,4071073.55711000,0
1752588900000000,2.92980000,2.93080000,2.90300000,2.90620000,3282707.00000000,1752589799999999,9563592.35714000,24113,1425285.90000000,4150903.13731000,0
1752589800000000,2.90610000,2.90990000,2.86660000,2.87640000,5025473.90000000,1752590699999999,14509239.00899000,40318,2474305.00000000,7142985.80221000,0
1752590700000000,2.87630000,2.88210000,2.84070000,2.85480000,10237076.30000000,1752591599999999,29295699.60686000,52944,5124554.60000000,14670026.04798000,0
1752591600000000,2.85480000,2.87630000,2.84290000,2.87190000,4555096.60000000,1752592499999999,13041195.43902000,44391,1989971.50000000,5695586.66867000,0
1752592500000000,2.87190000,2.88360000,2.86310000,2.87310000,2238613.70000000,1752593399999999,6430391.50393000,26654,1225766.40000000,3520700.22531000,0
1752593400000000,2.87310000,2.89060000,2.86730000,2.88260000,1850408.20000000,1752594299999999,5327012.11480000,23936,988371.10000000,2845797.87998000,0
1752594300000000,2.88270000,2.90340000,2.88270000,2.89030000,4008987.80000000,1752595199999999,11596730.03874000,23207,2165576.70000000,6262522.48894000,0
1752595200000000,2.89020000,2.90840000,2.88370000,2.89870000,3102970.10000000,1752596099999999,9002030.63614000,19752,1459188.30000000,4232851.33420000,0
1752596100000000,2.89860000,2.90750000,2.89210000,2.90000000,1868206.90000000,1752596999999999,5418110.79253000,17983,759030.10000000,2201540.25669000,0
1752597000000000,2.90000000,2.91920000,2.89500000,2.91870000,2480738.60000000,1752597899999999,7217947.39298000,19413,1175928.10000000,3420924.97491000,0
1752597900000000,2.91870000,2.91940000,2.89880000,2.90520000,2646840.30000000,1752598799999999,7705790.09089000,19200,1276408.10000000,3715842.02252000,0
1752598800000000,2.90510000,2.91930000,2.90470000,2.91810000,1372331.50000000,1752599699999999,3999452.70896000,14357,584868.70000000,1704554.39415000,0
1752599700000000,2.91800000,2.93230000,2.91340000,2.92970000,2787740.40000000,1752600599999999,8149330.50934000,16656,1561075.00000000,4563612.35058000,0
1752600600000000,2.92960000,2.93200000,2.92090000,2.92930000,2332122.10000000,1752601499999999,6823695.03934000,19660,1203975.80000000,3523082.43104000,0
1752601500000000,2.92940000,2.93860000,2.92740000,2.93860000,2199233.10000000,1752602399999999,6451436.28898000,21555,964889.30000000,2830359.97709000,0
1752602400000000,2.93850000,2.94020000,2.92630000,2.93220000,2446304.80000000,1752603299999999,7177346.54749000,22891,824587.50000000,2420275.69263000,0
1752603300000000,2.93220000,2.94620000,2.91660000,2.91850000,3698720.50000000,1752604199999999,10854877.85896000,24613,1589898.50000000,4666753.23959000,0
1752604200000000,2.91840000,2.91920000,2.88190000,2.89680000,4769013.70000000,1752605099999999,13813652.09864000,45874,2238718.60000000,6481993.50944000,0
1752605100000000,2.89690000,2.91120000,2.89350000,2.90310000,1814436.70000000,1752605999999999,5270480.31927000,24893,1015254.70000000,2948904.23189000,0
1752606000000000,2.90310000,2.92280000,2.89910000,2.91530000,2386077.30000000,1752606899999999,6952707.20586000,26382,1304386.20000000,3800767.81854000,0
1752606900000000,2.91530000,2.92070000,2.90140000,2.90150000,2242211.20000000,1752607799999999,6528840.15007000,22596,1066379.90000000,3105686.95875000,0
1752607800000000,2.90150000,2.90440000,2.87280000,2.87420000,2584379.20000000,1752608699999999,7461880.67406000,24988,838317.40000000,2420203.02644000,0
1752608700000000,2.87420000,2.87580000,2.85750000,2.86310000,4574777.80000000,1752609599999999,13106925.86623000,45566,2151942.10000000,6164966.18544000,0
1752609600000000,2.86300000,2.87730000,2.85400000,2.87490000,3291650.90000000,1752610499999999,9419608.22136000,36975,1571558.00000000,4498533.33490000,0
1752610500000000,2.87490000,2.87990000,2.85930000,2.87940000,2254894.50000000,1752611399999999,6474218.00119000,21558,1153163.20000000,3311795.30423000,0
1752611400000000,2.87940000,2.88340000,2.86980000,2.87790000,1285227.70000000,1752612299999999,3698219.50160000,19036,639586.60000000,1840440.10658000,0
1752612300000000,2.87790000,2.88220000,2.86530000,2.86530000,1572024.70000000,1752613199999999,4521600.53817000,16964,774361.60000000,2227427.57177000,0
1752613200000000,2.86540000,2.88950000,2.85810000,2.88780000,1817557.20000000,1752614099999999,5217918.43058000,20163,1183235.40000000,3395932.32862000,0
1752614100000000,2.88770000,2.89560000,2.88360000,2.89380000,885558.20000000,1752614999999999,2558646.07534000,10870,530620.70000000,1532913.83414000,0
1752615000000000,2.89370000,2.91110000,2.88860000,2.90790000,1588670.40000000,1752615899999999,4607916.63663000,12292,937817.30000000,2720780.00318000,0
1752615900000000,2.90790000,2.91140000,2.89620000,2.90070000,793748.90000000,1752616799999999,2303680.43155000,8265,380839.20000000,1105280.07068000,0
1752616800000000,2.90070000,2.90450000,2.88250000,2.89710000,1386046.30000000,1752617699999999,4010687.24876000,23054,606507.00000000,1754868.30663000,0
1752617700000000,2.89710000,2.90150000,2.89580000,2.89850000,563945.90000000,1752618599999999,1634418.10822000,11277,309496.60000000,896934.21411000,0
1752618600000000,2.89840000,2.90690000,2.89100000,2.90490000,1498480.70000000,1752619499999999,4342818.81084000,13466,906159.70000000,2626336.75157000,0
1752619500000000,2.90490000,2.91140000,2.90430000,2.90950000,889477.10000000,1752620399999999,2586088.55418000,8291,545026.30000000,1584475.47155000,0
1752620400000000,2.90940000,2.92860000,2.90890000,2.91890000,3430376.90000000,1752621299999999,10019790.43114000,26450,1731036.60000000,5054751.31450000,0
1752621300000000,2.91890000,2.92350000,2.91500000,2.91580000,1239423.20000000,1752622199999999,3618421.56636000,16740,481788.20000000,1406491.64626000,0
1752622200000000,2.91590000,2.92310000,2.91080000,2.92220000,1317898.50000000,1752623099999999,3846176.00123000,11251,615765.40000000,1797511.83139000,0
1752623100000000,2.92210000,2.92250000,2.91500000,2.91900000,1117084.10000000,1752623999999999,3259949.62606000,9346,475949.30000000,1388923.40156000,0
1752624000000000,2.91890000,2.91980000,2.90180000,2.90290000,1715578.80000000,1752624899999999,4989312.43117000,13409,440829.00000000,1282146.02944000,0
1752624900000000,2.90290000,2.91590000,2.90260000,2.91270000,903357.00000000,1752625799999999,2629545.74111000,9424,408503.00000000,1188968.60892000,0
1752625800000000,2.91280000,2.93260000,2.91280000,2.92830000,2492501.60000000,1752626699999999,7294142.92238000,17415,1373483.90000000,4019687.29859000,0
1752626700000000,2.92820000,2.93500000,2.92420000,2.93150000,1575841.30000000,1752627599999999,4618230.95005000,12566,887748.00000000,2601605.75649000,0
1752627600000000,2.93160000,2.93650000,2.92570000,2.92740000,1756632.10000000,1752628499999999,5149659.03716000,14202,861728.20000000,2526478.12027000,0
1752628500000000,2.92730000,2.93400000,2.92610000,2.92740000,1448354.70000000,1752629399999999,4242803.37128000,16232,759410.20000000,2224415.67326000,0
1752629400000000,2.92750000,2.92750000,2.91870000,2.92160000,1043007.20000000,1752630299999999,3047399.91283000,12387,444951.30000000,1299937.88078000,0
1752630300000000,2.92160000,2.92260000,2.91530000,2.91940000,1043354.80000000,1752631199999999,3045927.20862000,9937,444102.70000000,1296509.13819000,0
1752631200000000,2.91930000,2.92000000,2.90370000,2.90940000,1673710.40000000,1752632099999999,4870329.77210000,16110,765943.30000000,2228651.21457000,0
1752632100000000,2.90950000,2.90960000,2.88900000,2.89520000,2505547.00000000,1752632999999999,7258095.58295000,16265,1171395.50000000,3392542.10095000,0
1752633000000000,2.89530000,2.89640000,2.87740000,2.88490000,2237102.50000000,1752633899999999,6457524.57530000,16216,1174296.90000000,3390022.88891000,0
1752633900000000,2.88490000,2.89940000,2.88430000,2.89770000,994902.90000000,1752634799999999,2879556.42420000,8762,545295.10000000,1578136.29946000,0
1752634800000000,2.89770000,2.90300000,2.89120000,2.89210000,1129521.50000000,1752635699999999,3272867.33630000,9260,674853.40000000,1955698.33528000,0
1752635700000000,2.89210000,2.90150000,2.89210000,2.89870000,1219290.20000000,1752636599999999,3533334.73860000,9576,652951.80000000,1891999.10105000,0
1752636600000000,2.89860000,2.90770000,2.89810000,2.90660000,1802872.90000000,1752637499999999,5234711.73683000,9836,1381982.30000000,4012767.53141000,0
1752637500000000,2.90670000,2.90670000,2.90060000,2.90440000,875025.00000000,1752638399999999,2540438.04717000,8508,443309.10000000,1286923.90653000,0
1752638400000000,2.90440000,2.90510000,2.89120000,2.89180000,1387145.80000000,1752639299999999,4021099.09217000,10791,598997.20000000,1736408.71232000,0
1752639300000000,2.89190000,2.90380000,2.89190000,2.90370000,973983.60000000,1752640199999999,2824234.55800000,8453,451192.30000000,1308109.44679000,0
1752640200000000,2.90370000,2.91590000,2.90180000,2.91190000,1282399.10000000,1752641099999999,3733864.68624000,9460,661289.40000000,1925253.79524000,0
1752641100000000,2.91190000,2.91480000,2.90600000,2.91100000,1152578.80000000,1752641999999999,3353989.27147000,8606,509787.50000000,1483462.52597000,0
1752642000000000,2.91110000,2.92470000,2.90910000,2.92250000,2062544.70000000,1752642899999999,6018686.86648000,13124,959921.10000000,2800048.60918000,0
1752642900000000,2.92240000,2.92780000,2.91820000,2.92200000,1540227.70000000,1752643799999999,4500888.35919000,11577,615670.00000000,1799184.10526000,0
1752643800000000,2.92200000,2.92990000,2.91810000,2.92670000,1218809.00000000,1752644699999999,3565310.74117000,8584,550198.10000000,1609515.35243000,0
1752644700000000,2.92680000,2.92740000,2.91400000,2.91740000,1077273.70000000,1752645599999999,3145206.46529000,7842,399620.70000000,1166573.41907000,0
1752645600000000,2.91750000,2.92560000,2.91130000,2.92240000,1526352.80000000,1752646499999999,4458405.99619000,16294,855435.50000000,2498238.10526000,0
1752646500000000,2.92240000,2.93050000,2.91800000,2.92210000,1817883.20000000,1752647399999999,5318681.94505000,13061,711103.70000000,2080927.69892000,0
1752647400000000,2.92220000,2.93410000,2.91980000,2.93390000,2737292.30000000,1752648299999999,8019056.30649000,13110,1321582.80000000,3871619.27955000,0
1752648300000000,2.93390000,2.93650000,2.93020000,2.93510000,2329533.60000000,1752649199999999,6833776.69646000,14640,1317969.90000000,3866035.11572000,0
1752649200000000,2.93510000,2.93910000,2.92770000,2.92910000,1770000.80000000,1752650099999999,5194317.16020000,16253,782506.20000000,2297009.26442000,0
1752650100000000,2.92910000,2.93480000,2.92790000,2.93070000,1113796.00000000,1752650999999999,3264961.46423000,11312,354656.10000000,1039566.18026000,0
1752651000000000,2.93070000,2.93450000,2.92830000,2.93010000,1814012.60000000,1752651899999999,5317913.32835000,9353,644475.70000000,1889021.82165000,0
1752651900000000,2.93010000,2.93390000,2.92820000,2.92930000,1439967.60000000,1752652799999999,4220554.49935000,6795,370847.10000000,1086848.72909000,0
1752652800000000,2.92930000,2.93200000,2.92280000,2.92280000,1096518.00000000,1752653699999999,3211729.62896000,9137,474799.40000000,1390654.78587000,0
1752653700000000,2.92270000,2.93790000,2.92030000,2.93780000,2284262.90000000,1752654599999999,6697407.59161000,15915,1146371.80000000,3360674.54487000,0
1752654600000000,2.93770000,2.95740000,2.93750000,2.95640000,2855717.60000000,1752655499999999,8416159.09088000,22276,1699932.90000000,5009746.63560000,0
1752655500000000,2.95650000,2.96110000,2.94860000,2.95670000,2471357.10000000,1752656399999999,7304191.95393000,19077,1388162.30000000,4102686.25889000,0
1752656400000000,2.95670000,2.96140000,2.95140000,2.95990000,1672229.40000000,1752657299999999,4945091.92357000,16782,907419.80000000,2683243.51029000,0
1752657300000000,2.95990000,2.96370000,2.95330000,2.95870000,1983788.40000000,1752658199999999,5868295.83982000,15657,1056712.40000000,3126233.51131000,0
1752658200000000,2.95880000,2.96310000,2.94480000,2.94960000,1517299.60000000,1752659099999999,4484355.04040000,19844,509184.40000000,1505263.57050000,0
1752659100000000,2.94960000,2.95890000,2.94720000,2.95200000,1367383.90000000,1752659999999999,4037021.20735000,12390,629266.40000000,1857612.76437000,0
1752660000000000,2.95200000,2.96150000,2.94900000,2.95780000,1019482.70000000,1752660899999999,3013224.17749000,9323,466573.10000000,1378868.73399000,0
1752660900000000,2.95780000,2.96200000,2.95320000,2.95320000,1035268.10000000,1752661799999999,3061017.49913000,10935,466329.20000000,1378666.26466000,0
1752661800000000,2.95320000,2.95440000,2.94270000,2.94370000,1752459.70000000,1752662699999999,5169029.67990000,12283,583665.80000000,1721759.31821000,0
1752662700000000,2.94380000,2.94990000,2.94360000,2.94410000,1401595.00000000,1752663599999999,4129590.01732000,10983,730078.60000000,2150898.80372000,0
1752663600000000,2.94420000,2.95580000,2.94420000,2.95340000,1398862.30000000,1752664499999999,4128462.80429000,16675,697947.90000000,2059685.73741000,0
1752664500000000,2.95340000,2.95340000,2.94420000,2.95110000,807763.90000000,1752665399999999,2381603.87869000,11837,363037.90000000,1070485.50967000,0
1752665400000000,2.95120000,2.95120000,2.94450000,2.94810000,818583.10000000,1752666299999999,2412182.91236000,12410,303657.50000000,894730.98230000,0
1752666300000000,2.94800000,2.95330000,2.94450000,2.95130000,1282074.90000000,1752667199999999,3781521.28948000,14533,534419.30000000,1576360.13563000,0
1752667200000000,2.95130000,2.95600000,2.94600000,2.94870000,1310112.50000000,1752668099999999,3866664.88922000,14171,577247.50000000,1704081.05162000,0
1752668100000000,2.94880000,2.95650000,2.94820000,2.95640000,1509216.00000000,1752668999999999,4454973.12416000,9180,824084.40000000,2432081.78591000,0
1752669000000000,2.95650000,2.97260000,2.95020000,2.95700000,3590957.30000000,1752669899999999,10637299.03201000,30488,1711141.10000000,5069913.38150000,0
1752669900000000,2.95700000,2.97360000,2.95370000,2.96440000,2968868.70000000,1752670799999999,8796735.42568000,20078,1559477.10000000,4620955.45867000,0
1752670800000000,2.96440000,2.97060000,2.95700000,2.96750000,2354185.30000000,1752671699999999,6974826.86445000,20895,1082432.60000000,3207274.68553000,0
1752671700000000,2.96740000,2.99500000,2.96740000,2.98880000,6582657.20000000,1752672599999999,19641868.11358000,46898,3473111.50000000,10363464.47225000,0
1752672600000000,2.98880000,2.99340000,2.97800000,2.98740000,4234240.20000000,1752673499999999,12647088.43462000,33019,1754314.40000000,5239431.17633000,0
1752673500000000,2.98740000,2.98980000,2.97210000,2.97870000,3247869.70000000,1752674399999999,9684002.13134000,31857,1606187.10000000,4788935.97022000,0
1752674400000000,2.97870000,2.98460000,2.96040000,2.96080000,2847797.80000000,1752675299999999,8465654.67461000,33703,1108778.70000000,3295719.63543000,0
1752675300000000,2.96070000,2.96600000,2.95280000,2.96600000,5514684.20000000,1752676199999999,16311280.18617000,33782,3023011.00000000,8939927.01887000,0
1752676200000000,2.96590000,2.97920000,2.95670000,2.97490000,3951470.60000000,1752677099999999,11732498.33217000,35289,1915389.20000000,5688068.72233000,0
1752677100000000,2.97490000,2.99450000,2.97300000,2.99040000,5502677.40000000,1752677999999999,16438094.23554000,41418,2624021.10000000,7838474.91152000,0
1752678000000000,2.99050000,3.00710000,2.97640000,2.98140000,8538812.40000000,1752678899999999,25587717.73643000,50016,3935058.20000000,11795222.80652000,0
1752678900000000,2.98140000,2.98620000,2.96570000,2.98390000,4356660.50000000,1752679799999999,12965581.13856000,53425,2143899.90000000,6380511.69318000,0
1752679800000000,2.98390000,2.98440000,2.95410000,2.97080000,4866860.30000000,1752680699999999,14441335.08554000,53471,2150932.40000000,6381015.21486000,0
1752680700000000,2.97090000,2.97900000,2.96620000,2.97640000,2061795.80000000,1752681599999999,6129782.46715000,27447,931990.60000000,2770811.24043000,0
1752681600000000,2.97640000,2.98700000,2.96770000,2.97990000,2596037.40000000,1752682499999999,7731984.94730000,33147,1092965.60000000,3256127.58079000,0
1752682500000000,2.98000000,2.99800000,2.97750000,2.99620000,2926686.50000000,1752683399999999,8749121.75122000,23626,1205117.40000000,3601518.50366000,0
1752683400000000,2.99630000,3.00390000,2.98440000,2.98520000,3426396.80000000,1752684299999999,10259098.45063000,24781,1603881.30000000,4803512.72677000,0
1752684300000000,2.98520000,2.99190000,2.97960000,2.99130000,1908423.10000000,1752685199999999,5696274.32333000,22202,738662.30000000,2205300.69932000,0
1752685200000000,2.99120000,3.00020000,2.98710000,2.99990000,2387774.00000000,1752686099999999,7149644.60500000,21408,925687.60000000,2772011.59337000,0
1752686100000000,2.99990000,3.04740000,2.99400000,3.02680000,12016309.00000000,1752686999999999,36313467.01342000,101747,5814809.70000000,17573377.00867000,0
1752687000000000,3.02690000,3.03040000,3.01480000,3.02650000,3666157.80000000,1752687899999999,11081353.10943000,46619,1549049.60000000,4681930.52816000,0
1752687900000000,3.02660000,3.04090000,3.01430000,3.02340000,5860535.60000000,1752688799999999,17749743.25405000,39844,2175560.10000000,6590809.37071000,0
1752688800000000,3.02340000,3.03370000,3.01240000,3.02850000,2791697.10000000,1752689699999999,8441636.27727000,32791,1293133.20000000,3910867.24095000,0
1752689700000000,3.02850000,3.04770000,3.02210000,3.04260000,3827108.40000000,1752690599999999,11628548.73994000,34379,1754224.90000000,5329851.91237000,0
1752690600000000,3.04270000,3.07800000,3.04270000,3.06720000,9693720.20000000,1752691499999999,29697067.50198000,79584,5184519.40000000,15881767.05259000,0
1752691500000000,3.06730000,3.07000000,3.03520000,3.05230000,5494492.60000000,1752692399999999,16764947.05999000,43410,2589468.80000000,7901337.65839000,0
1752692400000000,3.05240000,3.06260000,3.03200000,3.04260000,5812841.90000000,1752693299999999,17707332.89814000,38483,2129905.10000000,6489989.66106000,0
1752693300000000,3.04260000,3.06210000,3.04140000,3.05840000,3552106.20000000,1752694199999999,10845589.94424000,30566,1967624.20000000,6008410.34382000,0
1752694200000000,3.05850000,3.05850000,3.03330000,3.04550000,3701230.30000000,1752695099999999,11261077.91972000,39087,1924658.30000000,5855570.50396000,0
1752695100000000,3.04540000,3.06330000,3.03580000,3.05920000,5350411.70000000,1752695999999999,16292523.74514000,39106,3503857.00000000,10671293.90192000,0
1752696000000000,3.05910000,3.06650000,3.05070000,3.06240000,3521305.50000000,1752696899999999,10775647.46390000,40125,1498066.30000000,4583949.35030000,0
1752696900000000,3.06250000,3.09740000,3.06110000,3.09670000,6382287.90000000,1752697799999999,19653752.92425000,49902,3118254.60000000,9604773.41055000,0
1752697800000000,3.09670000,3.10000000,3.06860000,3.07700000,8532275.80000000,1752698699999999,26362617.70931000,68847,4370282.00000000,13510462.41229000,0
1752698700000000,3.07700000,3.07880000,3.04260000,3.06260000,5910811.30000000,1752699599999999,18082851.69316000,50274,2914941.60000000,8916659.35919000,0
1752699600000000,3.06260000,3.08030000,3.05320000,3.07350000,3119488.90000000,1752700499999999,9558690.59335000,35761,1767621.80000000,5416726.68402000,0
1752700500000000,3.07350000,3.09360000,3.06730000,3.08330000,4472315.60000000,1752701399999999,13788747.76314000,35473,2006611.50000000,6185380.03732000,0
1752701400000000,3.08320000,3.08580000,3.05380000,3.06170000,3037382.60000000,1752702299999999,9325131.82897000,30194,1432227.00000000,4398959.36075000,0
1752702300000000,3.06170000,3.07720000,3.06080000,3.06540000,1639995.30000000,1752703199999999,5033452.98534000,14063,868064.80000000,2663366.04943000,0
1752703200000000,3.06530000,3.08750000,3.06530000,3.08480000,2941332.20000000,1752704099999999,9051141.22420000,33964,1601707.60000000,4928900.62484000,0
1752704100000000,3.08480000,3.08900000,3.06500000,3.06570000,3064735.90000000,1752704999999999,9438555.22743000,28623,1239952.50000000,3819197.75001000,0
1752705000000000,3.06570000,3.07080000,3.05410000,3.06960000,3774534.30000000,1752705899999999,11553549.78216000,29354,1884181.60000000,5765740.17618000,0
1752705900000000,3.06960000,3.07490000,3.04370000,3.05230000,2893114.90000000,1752706799999999,8829133.04530000,36050,1185017.90000000,3616037.30949000,0
1752706800000000,3.05220000,3.05610000,3.03590000,3.04580000,2506535.80000000,1752707699999999,7629545.06256000,31933,990413.20000000,3015110.95705000,0
1752707700000000,3.04580000,3.04680000,3.01890000,3.03730000,3926912.40000000,1752708599999999,11898611.59317000,40766,1562218.90000000,4735729.71042000,0
1752708600000000,3.03740000,3.04430000,3.02510000,3.04050000,2091961.30000000,1752709499999999,6347253.08097000,28537,1126165.30000000,3417400.94769000,0
1752709500000000,3.04050000,3.04630000,3.03400000,3.03800000,1593786.20000000,1752710399999999,4846385.81700000,23162,781428.70000000,2376098.66776000,0
1752710400000000,3.03800000,3.04610000,3.03320000,3.04030000,1845411.10000000,1752711299999999,5608964.14858000,23985,846496.90000000,2573137.56208000,0
1752711300000000,3.04030000,3.06830000,3.04030000,3.05610000,2629306.00000000,1752712199999999,8037453.75935000,22382,1433140.30000000,4377982.07431000,0
1752712200000000,3.05610000,3.07940000,3.05210000,3.07740000,2560284.40000000,1752713099999999,7856195.65742000,27620,1398465.20000000,4291321.50989000,0
1752713100000000,3.07740000,3.07740000,3.05330000,3.05450000,2074304.00000000,1752713999999999,6362180.12123000,24767,782343.10000000,2398789.69544000,0
1752714000000000,3.05450000,3.06960000,3.05170000,3.06390000,1645105.60000000,1752714899999999,5036344.76931000,24728,891850.50000000,2729949.97571000,0
1752714900000000,3.06400000,3.06440000,3.03860000,3.05080000,2201708.00000000,1752715799999999,6711580.32593000,24331,1335674.10000000,4070985.73886000,0
1752715800000000,3.05080000,3.05140000,3.02590000,3.03410000,2796849.60000000,1752716699999999,8487241.96366000,33910,1480746.90000000,4494047.54581000,0
1752716700000000,3.03410000,3.03480000,2.98730000,3.02120000,7151677.00000000,1752717599999999,21500227.96850000,62329,3371957.40000000,10137919.65972000,0
1752717600000000,3.02130000,3.03450000,3.01210000,3.03220000,1594434.40000000,1752718499999999,4823180.23263000,23612,938376.90000000,2839099.45636000,0
1752718500000000,3.03210000,3.04270000,3.03080000,3.03580000,1327542.60000000,1752719399999999,4032044.79706000,16467,737812.00000000,2240622.48323000,0
1752719400000000,3.03580000,3.04320000,3.03420000,3.03990000,1038299.30000000,1752720299999999,3155197.47869000,13928,470824.00000000,1430771.81420000,0
1752720300000000,3.03990000,3.05360000,3.02540000,3.04960000,1853873.30000000,1752721199999999,5640728.76388000,22448,1281118.90000000,3898865.07899000,0
1752721200000000,3.04970000,3.05270000,3.02790000,3.02930000,2221377.20000000,1752722099999999,6761056.97136000,30297,1278896.50000000,3893649.88694000,0
1752722100000000,3.02940000,3.03860000,3.00620000,3.01100000,1960901.70000000,1752722999999999,5925404.26473000,24838,1013808.80000000,3063141.51900000,0
1752723000000000,3.01090000,3.02160000,2.99680000,3.01140000,2747541.30000000,1752723899999999,8260495.42526000,32257,1448808.30000000,4355821.04850000,0
1752723900000000,3.01130000,3.02770000,3.01000000,3.02500000,1087158.30000000,1752724799999999,3285598.19604000,18946,632557.70000000,1911812.56060000,0
1752724800000000,3.02490000,3.04030000,3.01490000,3.03800000,2532212.80000000,1752725699999999,7662749.37289000,23430,1300217.90000000,3938151.48967000,0
1752725700000000,3.03790000,3.05510000,3.03620000,3.05430000,3198102.60000000,1752726599999999,9748049.10192000,26777,1759771.80000000,5363242.40704000,0
1752726600000000,3.05440000,3.05900000,3.04920000,3.04970000,2702624.00000000,1752727499999999,8255485.39435000,21143,1320762.20000000,4033941.80555000,0
1752727500000000,3.04980000,3.07540000,3.04980000,3.07420000,3802901.80000000,1752728399999999,11653620.09410000,23336,1948773.80000000,5972203.87623000,0
1752728400000000,3.07410000,3.07820000,3.06430000,3.07230000,3473196.30000000,1752729299999999,10665332.86763000,32585,1820674.60000000,5590171.54035000,0
1752729300000000,3.07230000,3.11610000,3.07230000,3.11600000,7860812.00000000,1752730199999999,24316793.54104000,47585,4797363.80000000,14846656.17969000,0
1752730200000000,3.11590000,3.14890000,3.10660000,3.13540000,12763650.20000000,1752731099999999,39963132.61488000,107158,5887831.20000000,18431535.84254000,0
1752731100000000,3.13530000,3.14700000,3.12410000,3.14190000,7686346.70000000,1752731999999999,24099887.92007000,50752,4640206.70000000,14542303.54698000,0
1752732000000000,3.14190000,3.17280000,3.13920000,3.16290000,10760855.50000000,1752732899999999,33993107.08703000,82235,5607057.10000000,17713241.15419000,0
1752732900000000,3.16280000,3.16360000,3.14540000,3.15000000,5419707.20000000,1752733799999999,17096151.08375000,55738,2872837.90000000,9061651.40944000,0
1752733800000000,3.15000000,3.16550000,3.14000000,3.15760000,4774019.60000000,1752734699999999,15046470.37097000,50707,2490201.60000000,7848967.11973000,0
1752734700000000,3.15760000,3.16700000,3.15020000,3.15400000,3881345.60000000,1752735599999999,12255779.17218000,40615,2219981.40000000,7009599.30813000,0
1752735600000000,3.15410000,3.15580000,3.12600000,3.13580000,5204009.20000000,1752736499999999,16333559.70259000,54036,2440128.50000000,7657467.92800000,0
1752736500000000,3.13590000,3.14960000,3.13370000,3.14090000,2795470.30000000,1752737399999999,8782245.82663000,29828,1382708.00000000,4343043.57936000,0
1752737400000000,3.14100000,3.16150000,3.14000000,3.16140000,6386125.80000000,1752738299999999,20125090.73617000,33998,4501685.30000000,14184989.04614000,0
1752738300000000,3.16140000,3.16250000,3.15060000,3.15530000,3259859.50000000,1752739199999999,10291549.64614000,23498,1342048.80000000,4236938.38795000,0
1752739200000000,3.15530000,3.15900000,3.13950000,3.15520000,3554646.60000000,1752740099999999,11192890.65366000,32895,1639519.90000000,5160768.09382000,0
1752740100000000,3.15510000,3.19320000,3.15200000,3.19270000,12454791.50000000,1752740999999999,39636855.85720000,68745,6317767.00000000,20095842.13232000,0
1752741000000000,3.19270000,3.19990000,3.18440000,3.19470000,7082977.00000000,1752741899999999,22620219.78086000,48385,4431711.70000000,14154299.96814000,0
1752741900000000,3.19470000,3.23860000,3.18500000,3.23580000,11436940.30000000,1752742799999999,36704989.25586000,65961,7968954.90000000,25560856.35826000,0
1752742800000000,3.23580000,3.26440000,3.21890000,3.24710000,14172417.60000000,1752743699999999,46031891.30908000,110195,7476213.00000000,24276856.81411000,0
1752743700000000,3.24720000,3.27980000,3.24500000,3.26500000,10102880.70000000,1752744599999999,32993649.01782000,81333,5892577.60000000,19242369.32762000,0
1752744600000000,3.26500000,3.27400000,3.24950000,3.27210000,6750790.70000000,1752745499999999,22010439.97477000,50271,3041775.50000000,9919751.77959000,0
1752745500000000,3.27200000,3.27700000,3.25640000,3.26310000,5813714.00000000,1752746399999999,19001053.56557000,50620,2743391.80000000,8967286.50146000,0
1752746400000000,3.26310000,3.27640000,3.22060000,3.24640000,11512094.00000000,1752747299999999,37404046.11636000,95303,5068530.90000000,16470037.88787000,0
1752747300000000,3.24640000,3.25600000,3.23480000,3.24280000,3723177.10000000,1752748199999999,12079358.99766000,45360,1474177.00000000,4783486.03466000,0
1752748200000000,3.24280000,3.26040000,3.23700000,3.24080000,3968073.60000000,1752749099999999,12900299.82126000,44510,1715276.20000000,5576295.81144000,0
1752749100000000,3.24090000,3.27380000,3.23950000,3.27380000,4452133.10000000,1752749999999999,14529831.00655000,43799,2330994.20000000,7608839.34091000,0
1752750000000000,3.27370000,3.29390000,3.25560000,3.29120000,8163863.20000000,1752750899999999,26741412.27784000,78581,4044440.50000000,13256181.55228000,0
1752750900000000,3.29110000,3.29860000,3.26660000,3.27570000,9775235.40000000,1752751799999999,32124527.24249000,85842,4505238.90000000,14805641.99965000,0
1752751800000000,3.27580000,3.27610000,3.24800000,3.25890000,6071684.70000000,1752752699999999,19777574.16797000,56082,2851723.40000000,9288816.57377000,0
1752752700000000,3.25890000,3.28410000,3.25440000,3.26230000,5224561.30000000,1752753599999999,17072785.99692000,51895,2645676.30000000,8645122.79339000,0
1752753600000000,3.26240000,3.27120000,3.23300000,3.25110000,7167465.70000000,1752754499999999,23298530.12321000,68969,2881861.20000000,9373133.27391000,0
1752754500000000,3.25120000,3.26810000,3.23800000,3.23900000,5443926.20000000,1752755399999999,17710124.19642000,53337,2829493.30000000,9206240.38338000,0
1752755400000000,3.23900000,3.26500000,3.23900000,3.26140000,5379634.90000000,1752756299999999,17512422.53953000,56305,2386073.90000000,7767675.66994000,0
1752756300000000,3.26140000,3.27500000,3.25510000,3.25930000,4197397.90000000,1752757199999999,13713736.91385000,41685,2067383.50000000,6754257.69545000,0
1752757200000000,3.25920000,3.27170000,3.23840000,3.24160000,5673913.70000000,1752758099999999,18446090.05716000,48192,3005028.10000000,9768768.31904000,0
1752758100000000,3.24160000,3.24160000,3.20300000,3.21890000,9190561.30000000,1752758999999999,29614335.68639000,64374,3967375.70000000,12784447.90454000,0
1752759000000000,3.21890000,3.22770000,3.18240000,3.19410000,10581915.30000000,1752759899999999,33899545.34299000,96895,4565969.00000000,14629471.35228000,0
1752759900000000,3.19400000,3.25000000,3.16750000,3.22740000,14476127.30000000,1752760799999999,46440529.73252000,108796,7112075.10000000,22846281.97247000,0
1752760800000000,3.22740000,3.24600000,3.22710000,3.24320000,3884523.80000000,1752761699999999,12576514.20963000,53215,2053331.20000000,6648545.09742000,0
1752761700000000,3.24320000,3.24570000,3.23070000,3.24340000,2948750.40000000,1752762599999999,9550397.86487000,35857,1430076.20000000,4631509.23586000,0
1752762600000000,3.24350000,3.25580000,3.24110000,3.24510000,4642264.80000000,1752763499999999,15085220.10431000,39968,2056653.70000000,6682373.27111000,0
1752763500000000,3.24510000,3.25600000,3.23260000,3.23340000,3301660.90000000,1752764399999999,10723275.40419000,29033,1351552.10000000,4389898.37576000,0
1752764400000000,3.23340000,3.24210000,3.16900000,3.20110000,9415756.60000000,1752765299999999,30228864.15954000,70128,3734007.00000000,11982940.16447000,0
1752765300000000,3.20110000,3.23710000,3.19670000,3.22830000,5122020.10000000,1752766199999999,16482732.67234000,47015,2318840.30000000,7465320.12055000,0
1752766200000000,3.22840000,3.25250000,3.22550000,3.25020000,3683317.70000000,1752767099999999,11936480.43064000,39372,1668442.70000000,5407473.33534000,0
1752767100000000,3.25020000,3.26300000,3.24230000,3.25340000,4533655.40000000,1752767999999999,14752202.11313000,44082,2346572.10000000,7635498.85586000,0
1752768000000000,3.25330000,3.26490000,3.24560000,3.25290000,4524793.50000000,1752768899999999,14736594.48866000,53239,2030355.20000000,6614377.11687000,0
1752768900000000,3.25290000,3.27200000,3.23790000,3.25490000,6040521.60000000,1752769799999999,19674472.03295000,61161,2859991.10000000,9317056.08261000,0
1752769800000000,3.25490000,3.25870000,3.22210000,3.25420000,6283223.60000000,1752770699999999,20354016.35047000,78348,2652280.50000000,8592592.17247000,0
1752770700000000,3.25410000,3.26570000,3.24220000,3.26520000,5246443.50000000,1752771599999999,17095157.36051000,48622,3117334.20000000,10160790.93780000,0
1752771600000000,3.26520000,3.28100000,3.25500000,3.26750000,4543299.40000000,1752772499999999,14851546.80108000,51738,2131206.70000000,6968573.56603000,0
1752772500000000,3.26750000,3.30290000,3.25900000,3.28860000,9091760.30000000,1752773399999999,29896461.46341000,67316,5619910.10000000,18495469.70305000,0
1752773400000000,3.28870000,3.29290000,3.26300000,3.26660000,4436371.70000000,1752774299999999,14530888.87450000,48577,2143242.30000000,7019426.54189000,0
1752774300000000,3.26650000,3.31820000,3.26300000,3.31430000,10509083.90000000,1752775199999999,34676754.90513000,70920,6192173.70000000,20430044.94998000,0
1752775200000000,3.31420000,3.33460000,3.30150000,3.33080000,9146663.00000000,1752776099999999,30392772.87460000,83258,4522678.70000000,15030079.35626000,0
1752776100000000,3.33080000,3.33430000,3.30310000,3.31000000,5827752.10000000,1752776999999999,19351962.60239000,45911,2760430.70000000,9168942.07629000,0
1752777000000000,3.31010000,3.34800000,3.30660000,3.33480000,7410312.60000000,1752777899999999,24697171.94301000,63018,3324000.50000000,11077178.03381000,0
1752777900000000,3.33490000,3.36110000,3.33490000,3.35370000,13631674.90000000,1752778799999999,45655376.28075000,82022,8642898.70000000,28949050.78232000,0
1752778800000000,3.35370000,3.36760000,3.34460000,3.35840000,7111980.50000000,1752779699999999,23878926.19615000,56153,3240909.60000000,10880787.43555000,0
1752779700000000,3.35850000,3.38100000,3.35480000,3.38100000,6798279.00000000,1752780599999999,22915468.07600000,70533,3897998.00000000,13138910.99626000,0
1752780600000000,3.38100000,3.39930000,3.34320000,3.36320000,15774983.40000000,1752781499999999,53244763.89259000,117914,8473306.50000000,28620773.91858000,0
1752781500000000,3.36320000,3.36330000,3.30220000,3.30570000,10914957.70000000,1752782399999999,36376027.32782000,110919,4548277.00000000,15153768.59807000,0
1752782400000000,3.30570000,3.34500000,3.28420000,3.33420000,10629115.40000000,1752783299999999,35218508.14711000,128484,5035182.30000000,16691161.45610000,0
1752783300000000,3.33420000,3.36100000,3.31030000,3.34490000,9051572.30000000,1752784199999999,30197178.69238000,99641,4257345.10000000,14203799.27493000,0
1752784200000000,3.34490000,3.36860000,3.34410000,3.35290000,6442583.80000000,1752785099999999,21635947.07712000,59049,2848326.50000000,9564873.58775000,0
1752785100000000,3.35300000,3.37620000,3.34900000,3.35990000,5591656.10000000,1752785999999999,18813413.15284000,59277,2678083.90000000,9009935.21588000,0
1752786000000000,3.36000000,3.45860000,3.35340000,3.44520000,27987379.23000000,1752786899999999,95574743.23870600,177558,16402611.63000000,55969989.18794600,0
1752786900000000,3.44520000,3.48750000,3.43490000,3.47360000,15611344.40000000,1752787799999999,54069000.73261000,124284,7771972.60000000,26921455.47702000,0
1752787800000000,3.47360000,3.47440000,3.39820000,3.46640000,12571367.60000000,1752788699999999,43204636.77765000,90901,5789869.40000000,19897741.44711000,0
1752788700000000,3.46650000,3.54950000,3.42660000,3.51200000,21921642.76000000,1752789599999999,76769960.01268800,156202,12678472.46000000,44450914.39276800,0
1752789600000000,3.51200000,3.52960000,3.46290000,3.49310000,12955452.50000000,1752790499999999,45230337.06209000,151696,6609944.70000000,23076679.07442000,0
1752790500000000,3.49300000,3.50200000,3.45310000,3.46940000,5823830.50000000,1752791399999999,20238840.09444000,74617,2810767.90000000,9767579.11480000,0
1752791400000000,3.46950000,3.49580000,3.46260000,3.48850000,4003054.20000000,1752792299999999,13944316.36043000,52395,2141368.30000000,7460000.46637000,0
1752792300000000,3.48850000,3.49470000,3.44240000,3.47290000,5608559.70000000,1752793199999999,19453995.87963000,71986,2572626.80000000,8923015.39246000,0
1752793200000000,3.47300000,3.53490000,3.47040000,3.51180000,10188984.70000000,1752794099999999,35710506.05867000,104118,5285429.60000000,18522263.72981000,0
1752794100000000,3.51170000,3.53860000,3.51080000,3.53110000,6932743.30000000,1752794999999999,24460642.99184000,83861,3296979.80000000,11631825.95726000,0
1752795000000000,3.53110000,3.53450000,3.50700000,3.52560000,6250025.90000000,1752795899999999,22013630.11565000,78110,3505600.40000000,12351071.63569000,0
1752795900000000,3.52550000,3.54870000,3.47420000,3.48140000,12337546.40000000,1752796799999999,43328255.57616000,100996,6688964.40000000,23517616.57761000,0
1752796800000000,3.48130000,3.53000000,3.46210000,3.48580000,8912241.60000000,1752797699999999,31150229.03536000,103070,4734482.80000000,16560195.46581000,0
1752797700000000,3.48570000,3.57740000,3.48530000,3.55420000,13105073.47000000,1752798599999999,46387194.72596800,132832,7637095.27000000,27034678.70148800,0
1752798600000000,3.55430000,3.61430000,3.55060000,3.61240000,14049925.94000000,1752799499999999,50401223.53610500,125437,7923995.34000000,28424842.26102500,0
1752799500000000,3.61250000,3.65500000,3.60170000,3.65350000,19416708.80000000,1752800399999999,70608170.32528000,173807,9985267.80000000,36305609.98815000,0
1752800400000000,3.65340000,3.65380000,3.62270000,3.63430000,14643707.50000000,1752801299999999,53292383.18569000,119183,7835302.20000000,28515390.77926000,0
1752801300000000,3.63440000,3.66070000,3.58310000,3.60250000,14094637.90000000,1752802199999999,51131483.45418000,117146,5487022.80000000,19902689.64478000,0
1752802200000000,3.60250000,3.62940000,3.59270000,3.60280000,9738733.50000000,1752803099999999,35150725.55195000,85623,4843897.90000000,17492601.85454000,0
1752803100000000,3.60290000,3.61840000,3.57560000,3.59570000,6814472.90000000,1752803999999999,24516005.99961000,62227,2913544.30000000,10483020.36998000,0
1752804000000000,3.59570000,3.59660000,3.54240000,3.58890000,8426501.10000000,1752804899999999,30102273.84920000,74695,3503157.40000000,12518132.39181000,0
1752804900000000,3.58880000,3.60280000,3.56850000,3.59540000,8050544.70000000,1752805799999999,28898013.64716000,64619,4696718.90000000,16852299.00347000,0
1752805800000000,3.59550000,3.59550000,3.56900000,3.58980000,5853715.90000000,1752806699999999,20958412.48371000,35387,3341150.60000000,11962427.26862000,0
1752806700000000,3.58970000,3.59720000,3.57290000,3.59340000,4715852.10000000,1752807599999999,16921683.76052000,44165,2339069.70000000,8391175.11945000,0
1752807600000000,3.59340000,3.62500000,3.58900000,3.61760000,6411565.00000000,1752808499999999,23133516.94090000,60701,3406441.60000000,12289360.95849000,0
1752808500000000,3.61760000,3.63580000,3.61180000,3.63230000,6033580.90000000,1752809399999999,21859882.90790000,53620,3126199.40000000,11325931.76146000,0
1752809400000000,3.63220000,3.65310000,3.62510000,3.63270000,10333767.00000000,1752810299999999,37623163.61413000,65345,4380182.70000000,15946827.61826000,0
1752810300000000,3.63260000,3.63420000,3.59990000,3.60540000,8982045.10000000,1752811199999999,32446824.48692000,50842,4232837.40000000,15287626.19911000,0
1752811200000000,3.60540000,3.61120000,3.57900000,3.59090000,6030710.20000000,1752812099999999,21669453.27304000,49023,2696743.00000000,9686540.22237000,0
1752812100000000,3.59090000,3.59530000,3.57550000,3.59130000,4884772.70000000,1752812999999999,17520613.57222000,42496,2330020.90000000,8356968.51016000,0
1752813000000000,3.59130000,3.60650000,3.58880000,3.60320000,3499425.30000000,1752813899999999,12593971.95057000,29157,1719523.40000000,6187909.82008000,0
1752813900000000,3.60320000,3.61050000,3.59080000,3.59080000,3315848.90000000,1752814799999999,11939627.83757000,31625,1553937.60000000,5595209.22964000,0
1752814800000000,3.59090000,3.63490000,3.58500000,3.62870000,7995197.00000000,1752815699999999,28860945.75289000,67718,4083928.80000000,14744160.21380000,0
1752815700000000,3.62870000,3.63840000,3.61330000,3.62080000,6916603.20000000,1752816599999999,25086996.17261000,66594,2645419.70000000,9596239.27080000,0
1752816600000000,3.62090000,3.63010000,3.60990000,3.61740000,5125661.10000000,1752817499999999,18556059.45618000,46857,2259007.90000000,8178510.22428000,0
1752817500000000,3.61730000,3.63440000,3.61350000,3.61850000,4387796.30000000,1752818399999999,15900314.26303000,43226,1944919.20000000,7048901.50461000,0
1752818400000000,3.61860000,3.61970000,3.55170000,3.57730000,10538362.50000000,1752819299999999,37726151.13714000,95101,4392046.00000000,15716845.18580000,0
1752819300000000,3.57730000,3.57790000,3.53370000,3.54440000,6566626.50000000,1752820199999999,23370625.84042000,75063,2404247.10000000,8557038.13560000,0
1752820200000000,3.54430000,3.56690000,3.54110000,3.56390000,5236775.70000000,1752821099999999,18613284.25867000,62709,2553724.70000000,9078187.71273000,0
1752821100000000,3.56390000,3.57440000,3.55970000,3.56540000,3130276.30000000,1752821999999999,11164411.27382000,44748,1540222.10000000,5493281.68718000,0
1752822000000000,3.56530000,3.57000000,3.53060000,3.53200000,5560269.20000000,1752822899999999,19732278.32692000,70254,2317968.90000000,8230529.57093000,0
1752822900000000,3.53200000,3.54080000,3.50810000,3.53000000,9005586.20000000,1752823799999999,31716974.59857000,115273,4105706.80000000,14462506.25231000,0
1752823800000000,3.52990000,3.53640000,3.48580000,3.51740000,12373899.60000000,1752824699999999,43388424.89382000,101220,6487015.20000000,22740669.56541000,0
1752824700000000,3.51740000,3.51750000,3.43810000,3.45030000,16016672.80000000,1752825599999999,55637993.63972000,141187,6819920.60000000,23685501.25314000,0
1752825600000000,3.45030000,3.51010000,3.44870000,3.48350000,14568138.50000000,1752826499999999,50799977.33101000,131301,7163915.70000000,24967142.38273000,0
1752826500000000,3.48360000,3.50990000,3.47910000,3.49280000,6531535.50000000,1752827399999999,22842555.22470000,76373,3408736.00000000,11923118.66202000,0
1752827400000000,3.49290000,3.49350000,3.42080000,3.43460000,14281131.40000000,1752828299999999,49281846.95651000,148690,7044886.70000000,24316920.93205000,0
1752828300000000,3.43460000,3.46330000,3.42600000,3.44390000,7632345.30000000,1752829199999999,26314853.29956000,90609,3881783.20000000,13384079.47127000,0
1752829200000000,3.44390000,3.44730000,3.40050000,3.43380000,10613155.30000000,1752830099999999,36292594.78417000,129741,4945363.00000000,16913565.33805000,0
1752830100000000,3.43380000,3.45400000,3.40740000,3.42890000,9887372.50000000,1752830999999999,33868145.17052000,97623,5879228.40000000,20149793.24618000,0
1752831000000000,3.42890000,3.45700000,3.42650000,3.44990000,5822138.20000000,1752831899999999,20033446.01314000,67777,3914303.50000000,13468198.58185000,0
1752831900000000,3.44990000,3.46200000,3.43660000,3.45010000,5371874.90000000,1752832799999999,18554423.72419000,48532,3168553.90000000,10944629.93432000,0
1752832800000000,3.45000000,3.45440000,3.42860000,3.43490000,3946760.50000000,1752833699999999,13583303.90637000,54725,2105782.40000000,7248183.36238000,0
1752833700000000,3.43500000,3.44060000,3.40550000,3.43760000,5311030.90000000,1752834599999999,18185547.86167000,61537,2855920.50000000,9779856.53070000,0
1752834600000000,3.43760000,3.45560000,3.43760000,3.45050000,5066631.20000000,1752835499999999,17476818.71755000,59556,2697203.70000000,9303105.53614000,0
1752835500000000,3.45050000,3.48840000,3.44500000,3.47100000,6574228.90000000,1752836399999999,22809978.12258000,64201,3863201.20000000,13405727.08124000,0
1752836400000000,3.47100000,3.47920000,3.45360000,3.45770000,4212313.60000000,1752837299999999,14605430.58065000,42138,2264864.20000000,7854590.72594000,0
1752837300000000,3.45780000,3.46210000,3.42710000,3.44970000,5687447.50000000,1752838199999999,19579045.81663000,58096,2450015.80000000,8433011.68121000,0
1752838200000000,3.44960000,3.49400000,3.44370000,3.49300000,4487937.30000000,1752839099999999,15579518.48552000,49141,2195440.60000000,7624362.13240000,0
1752839100000000,3.49300000,3.49960000,3.47520000,3.49000000,5096135.90000000,1752839999999999,17779885.62293000,50883,2111929.50000000,7367848.10531000,0
1752840000000000,3.48990000,3.49000000,3.47010000,3.47750000,3554948.70000000,1752840899999999,12373818.33680000,37086,1591682.50000000,5539582.68905000,0
1752840900000000,3.47740000,3.50830000,3.47560000,3.50310000,3654776.00000000,1752841799999999,12760159.62847000,35053,2141804.20000000,7477224.26053000,0
1752841800000000,3.50310000,3.52400000,3.49500000,3.51200000,8156391.30000000,1752842699999999,28636104.68649000,57546,3990269.70000000,14007823.02018000,0
1752842700000000,3.51200000,3.52920000,3.49560000,3.50050000,8979426.20000000,1752843599999999,31560974.75440000,58022,3819370.80000000,13425075.48866000,0
1752843600000000,3.50050000,3.50210000,3.47400000,3.48060000,9830317.70000000,1752844499999999,34275711.34159000,51803,5687167.20000000,19824808.01734000,0
1752844500000000,3.48060000,3.49190000,3.46510000,3.48920000,5061472.00000000,1752845399999999,17605768.00057000,57386,2507868.10000000,8723918.23817000,0
1752845400000000,3.48910000,3.54500000,3.48720000,3.51240000,10045142.30000000,1752846299999999,35372997.23074000,111967,5226441.80000000,18399827.76180000,0
1752846300000000,3.51230000,3.52340000,3.49940000,3.50810000,4691578.60000000,1752847199999999,16472479.31550000,57192,2272109.10000000,7979603.53899000,0
1752847200000000,3.50800000,3.52510000,3.48530000,3.49310000,6014489.30000000,1752848099999999,21075622.41455000,62178,2983785.40000000,10462725.57187000,0
1752848100000000,3.49320000,3.49570000,3.41550000,3.43960000,13178832.20000000,1752848999999999,45493702.93539000,114385,5208842.90000000,17972547.39039000,0
1752849000000000,3.43960000,3.44880000,3.40800000,3.44310000,8247180.50000000,1752849899999999,28274518.53417000,84937,3569619.80000000,12235751.00075000,0
1752849900000000,3.44310000,3.47130000,3.44300000,3.45410000,5014143.40000000,1752850799999999,17343879.37390000,54651,2475987.10000000,8564110.06839000,0
1752850800000000,3.45420000,3.45890000,3.41630000,3.41700000,3810768.80000000,1752851699999999,13099988.20445000,55652,1608321.80000000,5529511.97422000,0
1752851700000000,3.41710000,3.42990000,3.34390000,3.37690000,19009566.40000000,1752852599999999,64133459.19644000,155600,8257413.90000000,27847371.43628000,0
1752852600000000,3.37690000,3.39150000,3.34870000,3.36730000,6388090.90000000,1752853499999999,21551803.00782000,82425,2669460.10000000,9008759.99116000,0
1752853500000000,3.36730000,3.39360000,3.35750000,3.37360000,3844114.30000000,1752854399999999,12993239.82931000,41420,1918764.00000000,6487885.91671000,0
1752854400000000,3.37360000,3.39760000,3.36340000,3.38910000,3191399.50000000,1752855299999999,10796637.90631000,55237,1572652.20000000,5320705.86128000,0
1752855300000000,3.38900000,3.41760000,3.37510000,3.41510000,4331395.80000000,1752856199999999,14735370.07342000,54773,2189291.30000000,7450115.89350000,0
1752856200000000,3.41510000,3.43690000,3.41280000,3.42690000,3723948.90000000,1752857099999999,12760702.14192000,41834,2022040.00000000,6928554.74137000,0
1752857100000000,3.42680000,3.43810000,3.41510000,3.43810000,2068095.70000000,1752857999999999,7090177.01507000,25619,892422.70000000,3059498.83449000,0
1752858000000000,3.43810000,3.44440000,3.42180000,3.42730000,2912926.90000000,1752858899999999,10001252.70527000,31680,1145400.30000000,3933445.10410000,0
1752858900000000,3.42730000,3.45320000,3.42700000,3.44910000,2622881.80000000,1752859799999999,9029211.59435000,27875,1455504.40000000,5011298.79443000,0
1752859800000000,3.44920000,3.46600000,3.44240000,3.45600000,6464160.40000000,1752860699999999,22326803.85038000,37757,2827010.20000000,9763188.47022000,0
1752860700000000,3.45600000,3.46000000,3.44700000,3.44870000,2100295.40000000,1752861599999999,7254662.04368000,27627,1033395.30000000,3568830.64208000,0
1752861600000000,3.44870000,3.45130000,3.42330000,3.43170000,2185034.20000000,1752862499999999,7513262.98192000,27940,731725.80000000,2516752.90614000,0
1752862500000000,3.43170000,3.44760000,3.40130000,3.44730000,4917878.40000000,1752863399999999,16873825.19272000,36049,1631636.20000000,5605331.77219000,0
1752863400000000,3.44720000,3.46370000,3.44720000,3.45960000,2462769.60000000,1752864299999999,8511962.38400000,28585,1175708.10000000,4062813.81007000,0
1752864300000000,3.45960000,3.46480000,3.43630000,3.43960000,1860258.60000000,1752865199999999,6422354.59828000,25203,815085.20000000,2814105.90747000,0
1752865200000000,3.43950000,3.44430000,3.40280000,3.41990000,4214167.20000000,1752866099999999,14417440.28656000,45839,1489710.00000000,5096513.89988000,0
1752866100000000,3.41980000,3.47890000,3.41980000,3.46540000,4622995.40000000,1752866999999999,15998299.42786000,46040,2289344.50000000,7920578.46641000,0
1752867000000000,3.46540000,3.46540000,3.43530000,3.43850000,3602072.20000000,1752867899999999,12420002.50774000,36952,1419504.60000000,4896606.42861000,0
1752867900000000,3.43840000,3.45280000,3.42030000,3.43400000,3116117.10000000,1752868799999999,10702061.18650000,39331,1464678.80000000,5030041.59996000,0
1752868800000000,3.43390000,3.44880000,3.41610000,3.42820000,3038667.00000000,1752869699999999,10421763.59969000,45600,1414893.70000000,4851864.83867000,0
1752869700000000,3.42830000,3.43490000,3.36400000,3.36580000,7500797.70000000,1752870599999999,25440223.65384000,70540,3465630.70000000,11752252.01816000,0
1752870600000000,3.36580000,3.40000000,3.35760000,3.39620000,7331336.70000000,1752871499999999,24748228.84865000,69344,4145769.20000000,13999753.25573000,0
1752871500000000,3.39620000,3.43150000,3.39360000,3.41190000,3477153.70000000,1752872399999999,11887188.30083000,35430,1888762.50000000,6456490.78122000,0
1752872400000000,3.41190000,3.43040000,3.40950000,3.42540000,2095085.90000000,1752873299999999,7169352.39017000,22674,1306653.70000000,4471543.50943000,0
1752873300000000,3.42550000,3.44810000,3.41540000,3.44130000,2491773.70000000,1752874199999999,8562508.64970000,22308,1164242.20000000,4000698.88776000,0
1752874200000000,3.44130000,3.45000000,3.43990000,3.44400000,1502785.60000000,1752875099999999,5179241.79917000,11763,635875.90000000,2191314.43763000,0
1752875100000000,3.44400000,3.45170000,3.40280000,3.41320000,2466674.70000000,1752875999999999,8453091.08751000,27213,1065637.50000000,3649903.42877000,0
1752876000000000,3.41320000,3.41830000,3.39570000,3.41010000,2047119.40000000,1752876899999999,6970963.58190000,33079,1077816.30000000,3670472.00461000,0
1752876900000000,3.41020000,3.43150000,3.40460000,3.42400000,3057462.00000000,1752877799999999,10446233.10285000,22591,1729126.00000000,5907159.78552000,0
1752877800000000,3.42400000,3.43050000,3.40490000,3.40490000,1458023.40000000,1752878699999999,4983478.90303000,15629,695732.00000000,2378114.17051000,0
1752878700000000,3.40490000,3.41240000,3.37790000,3.39160000,2940411.60000000,1752879599999999,9980168.94280000,28618,1278621.30000000,4339536.25275000,0
1752879600000000,3.39160000,3.39590000,3.36240000,3.37900000,2947361.30000000,1752880499999999,9951675.98565000,30778,1466652.90000000,4951989.28179000,0
1752880500000000,3.37900000,3.40490000,3.37410000,3.40120000,2594714.80000000,1752881399999999,8810521.48809000,25553,1603737.20000000,5446517.85458000,0
1752881400000000,3.40110000,3.41440000,3.40070000,3.40650000,2322891.20000000,1752882299999999,7920216.61239000,23834,1372720.60000000,4680329.18504000,0
1752882300000000,3.40660000,3.42140000,3.40430000,3.41350000,2315262.00000000,1752883199999999,7908126.93711000,22208,1537338.00000000,5250705.76225000,0
1752883200000000,3.41360000,3.45610000,3.41150000,3.45110000,4011570.30000000,1752884099999999,13791949.94702000,57580,2594031.80000000,8916194.70389000,0
1752884100000000,3.45110000,3.45670000,3.43950000,3.45260000,3655527.20000000,1752884999999999,12606335.73710000,47258,2109583.50000000,7274456.67922000,0
1752885000000000,3.45260000,3.46650000,3.44450000,3.45190000,4051946.30000000,1752885899999999,14005005.28183000,39808,2441963.80000000,8440384.57503000,0
1752885900000000,3.45200000,3.45840000,3.43030000,3.43120000,3117166.80000000,1752886799999999,10732123.78836000,39138,1688307.30000000,5814493.29659000,0
1752886800000000,3.43120000,3.44280000,3.39710000,3.44110000,5124904.30000000,1752887699999999,17521618.10353000,73021,2464007.10000000,8424463.30261000,0
1752887700000000,3.44120000,3.46310000,3.43200000,3.45360000,4936030.70000000,1752888599999999,17035639.68728000,46813,3137759.40000000,10830016.68080000,0
1752888600000000,3.45370000,3.45580000,3.44240000,3.45050000,2128390.70000000,1752889499999999,7340598.90101000,32120,1318044.80000000,4545719.20066000,0
1752889500000000,3.45050000,3.45120000,3.43850000,3.44240000,2154180.10000000,1752890399999999,7421074.32332000,28191,1436069.50000000,4947042.68513000,0
1752890400000000,3.44250000,3.44850000,3.41710000,3.43590000,3028690.20000000,1752891299999999,10383985.18081000,39996,1713328.30000000,5875211.41653000,0
1752891300000000,3.43580000,3.44940000,3.41990000,3.43300000,2395882.20000000,1752892199999999,8235016.40654000,31695,1564070.50000000,5376838.81187000,0
1752892200000000,3.43300000,3.45380000,3.43240000,3.45030000,2121783.20000000,1752893099999999,7312646.57412000,27535,1431401.80000000,4933443.15025000,0
1752893100000000,3.45030000,3.46190000,3.44830000,3.44900000,2616262.80000000,1752893999999999,9038515.82528000,20530,1741291.30000000,6015627.52408000,0
1752894000000000,3.44900000,3.45420000,3.43990000,3.44440000,2637991.90000000,1752894899999999,9090887.43836000,18677,1474681.80000000,5082565.12752000,0
1752894900000000,3.44440000,3.45100000,3.43650000,3.44580000,2134892.30000000,1752895799999999,7353344.78828000,21481,1422174.50000000,4897741.02385000,0
1752895800000000,3.44580000,3.47920000,3.44570000,3.47130000,3977371.80000000,1752896699999999,13795496.69057000,34835,2416763.80000000,8380158.37314000,0
1752896700000000,3.47130000,3.47130000,3.44490000,3.44940000,2935544.60000000,1752897599999999,10144139.65806000,26185,1645561.10000000,5687137.72902000,0
1752897600000000,3.44940000,3.46840000,3.44140000,3.46710000,3738898.70000000,1752898499999999,12917881.23705000,30897,2267940.40000000,7835225.86830000,0
1752898500000000,3.46710000,3.46950000,3.45890000,3.46670000,2377105.60000000,1752899399999999,8236995.94536000,21884,1348965.40000000,4674221.50055000,0
1752899400000000,3.46660000,3.48550000,3.46400000,3.47770000,2864588.00000000,1752900299999999,9956574.44113000,33001,1720058.70000000,5978170.04656000,0
1752900300000000,3.47760000,3.47990000,3.45920000,3.46140000,2280670.00000000,1752901199999999,7909863.57413000,21002,1446043.10000000,5014562.73642000,0
1752901200000000,3.46150000,3.46440000,3.43800000,3.44310000,3481565.50000000,1752902099999999,12009494.42265000,22591,1888401.70000000,6514185.13308000,0
1752902100000000,3.44310000,3.45070000,3.43330000,3.44870000,2498977.40000000,1752902999999999,8602800.54364000,19264,1589028.90000000,5470273.10153000,0
1752903000000000,3.44870000,3.46100000,3.44630000,3.45450000,1992566.40000000,1752903899999999,6881706.42477000,16855,1290083.10000000,4456015.85122000,0
1752903900000000,3.45450000,3.45960000,3.44050000,3.45810000,1901434.10000000,1752904799999999,6559349.80108000,17081,1107227.70000000,3819329.69562000,0
1752904800000000,3.45800000,3.46770000,3.45800000,3.46200000,2583826.40000000,1752905699999999,8950741.50921000,19553,1591957.60000000,5514557.43612000,0
1752905700000000,3.46210000,3.46790000,3.43080000,3.43130000,3367238.20000000,1752906599999999,11617525.65073000,28819,1797034.20000000,6201470.23372000,0
1752906600000000,3.43130000,3.44130000,3.41660000,3.42620000,2492866.70000000,1752907499999999,8548647.10744000,23071,1380163.30000000,4732728.04115000,0
1752907500000000,3.42620000,3.44550000,3.42620000,3.44540000,1363970.10000000,1752908399999999,4688319.48010000,17015,812952.50000000,2793852.90752000,0
1752908400000000,3.44530000,3.45330000,3.43920000,3.44100000,1935569.70000000,1752909299999999,6672318.30855000,20824,1274706.80000000,4394800.58163000,0
1752909300000000,3.44100000,3.46480000,3.43380000,3.46280000,2342123.30000000,1752910199999999,8089947.33694000,25505,1276332.90000000,4408073.67284000,0
1752910200000000,3.46280000,3.46820000,3.45430000,3.46660000,3548184.90000000,1752911099999999,12283387.32156000,35654,1565501.60000000,5418879.28050000,0
1752911100000000,3.46670000,3.48250000,3.46200000,3.46510000,4531519.60000000,1752911999999999,15725901.55531000,26266,3005675.40000000,10432313.08092000,0
1752912000000000,3.46510000,3.47350000,3.44620000,3.45130000,2745337.80000000,1752912899999999,9505128.51614000,30736,1220102.40000000,4223714.94190000,0
1752912900000000,3.45140000,3.45840000,3.43850000,3.44670000,2057565.50000000,1752913799999999,7090817.32510000,30585,1011743.60000000,3487132.28572000,0
1752913800000000,3.44660000,3.44770000,3.43070000,3.43400000,1617070.50000000,1752914699999999,5556542.75451000,18317,1041912.60000000,3579929.78897000,0
1752914700000000,3.43390000,3.44130000,3.42760000,3.43770000,2236650.60000000,1752915599999999,7677843.33044000,23990,973596.00000000,3342127.44225000,0
1752915600000000,3.43770000,3.44030000,3.42710000,3.42850000,1528177.70000000,1752916499999999,5245919.25735000,23736,840684.60000000,2886305.04699000,0
1752916500000000,3.42860000,3.43660000,3.42760000,3.43550000,887684.50000000,1752917399999999,3046557.12248000,17171,438654.00000000,1505441.80395000,0
1752917400000000,3.43550000,3.46190000,3.43050000,3.45820000,2735613.30000000,1752918299999999,9445506.82848000,26543,1983963.30000000,6849478.53489000,0
1752918300000000,3.45810000,3.46500000,3.43850000,3.45390000,2075911.80000000,1752919199999999,7172963.10324000,26061,1025242.60000000,3541984.31220000,0
1752919200000000,3.45400000,3.45580000,3.43410000,3.43520000,1867931.70000000,1752920099999999,6431438.77532000,17815,966806.10000000,3328190.70704000,0
1752920100000000,3.43520000,3.43740000,3.42050000,3.43010000,2513296.60000000,1752920999999999,8615662.91223000,24058,1494085.70000000,5121113.14002000,0
1752921000000000,3.43010000,3.44710000,3.42690000,3.44070000,1238172.50000000,1752921899999999,4256228.16480000,19115,803359.60000000,2761429.02340000,0
1752921900000000,3.44080000,3.44290000,3.42100000,3.42850000,1503516.60000000,1752922799999999,5153806.88568000,16468,753022.50000000,2581047.71794000,0
1752922800000000,3.42850000,3.43040000,3.40220000,3.40340000,2633660.90000000,1752923699999999,8994972.94789000,20201,1117974.10000000,3820784.54589000,0
1752923700000000,3.40330000,3.42140000,3.39780000,3.41900000,2712433.30000000,1752924599999999,9243955.09870000,31708,1610833.70000000,5490577.71325000,0
1752924600000000,3.41900000,3.42090000,3.40210000,3.40730000,1234568.90000000,1752925499999999,4211903.94838000,16704,661552.40000000,2256978.36579000,0
1752925500000000,3.40720000,3.41060000,3.38800000,3.39250000,2688933.30000000,1752926399999999,9133240.75588000,30945,1170423.00000000,3975808.97599000,0
1752926400000000,3.39260000,3.40650000,3.38110000,3.38220000,3805304.00000000,1752927299999999,12896549.55202000,30549,2397652.20000000,8123141.93744000,0
1752927300000000,3.38210000,3.40470000,3.38110000,3.39810000,2641393.70000000,1752928199999999,8954735.17211000,21777,1557896.50000000,5279285.11894000,0
1752928200000000,3.39800000,3.41000000,3.39460000,3.40510000,1574465.20000000,1752929099999999,5359481.85810000,26442,666481.50000000,2268405.91789000,0
1752929100000000,3.40510000,3.41800000,3.40230000,3.41550000,1423613.70000000,1752929999999999,4859583.98115000,14495,857075.00000000,2925751.15020000,0
1752930000000000,3.41540000,3.41670000,3.39490000,3.40570000,1678903.00000000,1752930899999999,5715979.28318000,20519,901754.70000000,3069919.76013000,0
1752930900000000,3.40570000,3.43120000,3.40220000,3.42300000,1775405.60000000,1752931799999999,6067718.93065000,24696,1200698.60000000,4104458.58645000,0
1752931800000000,3.42290000,3.42520000,3.41680000,3.41880000,1165918.60000000,1752932699999999,3989511.18876000,14322,708734.00000000,2425122.10852000,0
1752932700000000,3.41880000,3.42090000,3.40210000,3.41040000,2136636.80000000,1752933599999999,7283691.08136000,18431,973083.80000000,3317775.18205000,0
1752933600000000,3.41040000,3.41360000,3.38390000,3.38500000,2389453.80000000,1752934499999999,8114517.13913000,27214,1209692.50000000,4107626.44873000,0
1752934500000000,3.38500000,3.40190000,3.37640000,3.38290000,3075434.50000000,1752935399999999,10417032.46520000,36743,1517902.00000000,5142772.01295000,0
1752935400000000,3.38290000,3.39110000,3.36660000,3.37370000,3564223.80000000,1752936299999999,12037828.83562000,38772,1489512.80000000,5032940.68311000,0
1752936300000000,3.37380000,3.37780000,3.35470000,3.36080000,3648857.10000000,1752937199999999,12276318.15190000,45967,1445092.60000000,4862054.60216000,0
1752937200000000,3.36080000,3.39250000,3.35700000,3.38670000,3135447.80000000,1752938099999999,10595976.57331000,32177,1471181.70000000,4971300.44789000,0
1752938100000000,3.38680000,3.41840000,3.38670000,3.41440000,2803476.40000000,1752938999999999,9552120.65703000,31919,1580171.30000000,5383751.02536000,0
1752939000000000,3.41440000,3.42280000,3.40360000,3.42270000,1773032.70000000,1752939899999999,6050375.12184000,25487,832185.20000000,2840606.12406000,0
1752939900000000,3.42270000,3.42280000,3.40700000,3.40980000,1179429.10000000,1752940799999999,4027150.55443000,17620,526433.20000000,1797077.07914000,0
1752940800000000,3.40980000,3.42610000,3.40420000,3.41540000,1863776.40000000,1752941699999999,6369865.40908000,33172,1163564.60000000,3977905.07510000,0
1752941700000000,3.41540000,3.43790000,3.41380000,3.43250000,2173641.80000000,1752942599999999,7458245.33972000,27724,1236305.20000000,4242255.47497000,0
1752942600000000,3.43250000,3.43880000,3.42960000,3.43760000,1223290.30000000,1752943499999999,4200197.68568000,17175,728007.00000000,2499599.50329000,0
1752943500000000,3.43750000,3.45940000,3.43140000,3.44390000,2877450.90000000,1752944399999999,9923348.04115000,36425,1682256.00000000,5801349.69327000,0
1752944400000000,3.44390000,3.45110000,3.43390000,3.43710000,1602500.60000000,1752945299999999,5516208.65639000,19977,753769.60000000,2594583.72619000,0
1752945300000000,3.43710000,3.44200000,3.43170000,3.44190000,675837.60000000,1752946199999999,2322903.67333000,12507,304091.10000000,1045158.76548000,0
1752946200000000,3.44190000,3.44290000,3.42980000,3.43060000,2014278.50000000,1752947099999999,6921485.94028000,18593,638830.20000000,2195829.09817000,0
1752947100000000,3.43060000,3.43640000,3.41900000,3.42420000,1954729.80000000,1752947999999999,6700979.71462000,18354,1170022.40000000,4011479.26741000,0
1752948000000000,3.42430000,3.43100000,3.41070000,3.42660000,1388191.30000000,1752948899999999,4748070.78385000,19476,900927.80000000,3081208.52980000,0
1752948900000000,3.42660000,3.42820000,3.41280000,3.42060000,708626.10000000,1752949799999999,2424154.84070000,12329,405512.50000000,1387081.28605000,0
1752949800000000,3.42070000,3.43770000,3.41790000,3.43240000,702761.70000000,1752950699999999,2410056.57444000,12289,389531.90000000,1335877.41867000,0
1752950700000000,3.43240000,3.43630000,3.41860000,3.42020000,575351.30000000,1752951599999999,1971568.58829000,11876,289194.40000000,990826.96647000,0
1752951600000000,3.42020000,3.42500000,3.41080000,3.42020000,1154927.90000000,1752952499999999,3945361.56069000,13751,617884.00000000,2110663.57769000,0
1752952500000000,3.42010000,3.42980000,3.41860000,3.42740000,842992.10000000,1752953399999999,2888231.50883000,12395,492477.60000000,1687140.60951000,0
1752953400000000,3.42740000,3.43120000,3.41920000,3.43010000,805517.40000000,1752954299999999,2759754.75129000,12213,423381.40000000,1450619.51627000,0
1752954300000000,3.43010000,3.43200000,3.42210000,3.43170000,856451.20000000,1752955199999999,2935438.27919000,11127,397979.50000000,1364108.02578000,0
1752955200000000,3.43170000,3.43760000,3.42460000,3.43400000,958181.40000000,1752956099999999,3287945.53027000,12539,541013.30000000,1856208.65249000,0
1752956100000000,3.43410000,3.43410000,3.41920000,3.42780000,1664923.20000000,1752956999999999,5704246.24157000,10641,419283.80000000,1437339.65840000,0
1752957000000000,3.42780000,3.43860000,3.42720000,3.43690000,825530.30000000,1752957899999999,2834487.05797000,13082,463819.10000000,1592427.82511000,0
1752957900000000,3.43690000,3.44450000,3.41610000,3.41610000,2130153.80000000,1752958799999999,7316319.58163000,13913,828408.60000000,2846090.83683000,0
1752958800000000,3.41610000,3.42370000,3.39150000,3.39560000,3559839.20000000,1752959699999999,12126225.82177000,31990,1366549.70000000,4655553.94729000,0
1752959700000000,3.39560000,3.40040000,3.38000000,3.39740000,2527134.70000000,1752960599999999,8563477.01548000,24807,1283644.10000000,4350571.73808000,0
1752960600000000,3.39730000,3.39740000,3.38450000,3.39140000,1128783.00000000,1752961499999999,3827509.07234000,11143,591304.90000000,2004846.27422000,0
1752961500000000,3.39150000,3.40720000,3.39080000,3.40380000,776854.00000000,1752962399999999,2641475.10692000,10843,472496.50000000,1606515.66092000,0
1752962400000000,3.40380000,3.41120000,3.39330000,3.41120000,855829.60000000,1752963299999999,2912542.58961000,14001,452187.30000000,1538929.10890000,0
1752963300000000,3.41120000,3.41710000,3.40940000,3.41480000,748428.20000000,1752964199999999,2555140.72014000,7560,442165.30000000,1509534.41262000,0
1752964200000000,3.41470000,3.42650000,3.41020000,3.42650000,737453.30000000,1752965099999999,2520884.58613000,10013,374998.60000000,1282040.86400000,0
1752965100000000,3.42660000,3.42790000,3.42140000,3.42150000,599767.60000000,1752965999999999,2054005.13605000,8477,191440.00000000,655549.16853000,0
1752966000000000,3.42150000,3.42510000,3.41370000,3.42380000,686019.70000000,1752966899999999,2345414.93576000,8347,276738.20000000,946196.36249000,0
1752966900000000,3.42370000,3.42540000,3.41500000,3.42260000,714153.30000000,1752967799999999,2441965.12444000,8038,226619.90000000,775223.32286000,0
1752967800000000,3.42270000,3.43300000,3.42100000,3.43100000,658979.80000000,1752968699999999,2260085.48804000,8557,286123.40000000,981289.98184000,0
1752968700000000,3.43090000,3.43290000,3.42330000,3.42440000,531917.20000000,1752969599999999,1823834.39592000,8532,186896.20000000,640775.74334000,0
1752969600000000,3.42430000,3.42610000,3.40720000,3.41410000,1386213.60000000,1752970499999999,4732737.29598000,19699,754025.40000000,2573627.92448000,0
1752970500000000,3.41410000,3.42070000,3.41010000,3.41470000,1367568.90000000,1752971399999999,4670257.01843000,22092,571009.80000000,1949894.32116000,0
1752971400000000,3.41480000,3.42900000,3.41310000,3.41750000,920599.60000000,1752972299999999,3149877.53477000,20186,373596.30000000,1278048.58230000,0
1752972300000000,3.41750000,3.43190000,3.41570000,3.42720000,967955.50000000,1752973199999999,3315220.50561000,12676,555147.90000000,1901421.44981000,0
1752973200000000,3.42720000,3.44360000,3.42260000,3.43920000,2575303.20000000,1752974099999999,8853940.18695000,25012,1333733.00000000,4584949.98148000,0
1752974100000000,3.43930000,3.45130000,3.43520000,3.43520000,2747495.90000000,1752974999999999,9471128.46446000,26004,1318494.80000000,4545180.90214000,0
1752975000000000,3.43520000,3.44530000,3.43280000,3.44060000,996412.50000000,1752975899999999,3426730.77695000,18873,460015.10000000,1582162.85744000,0
1752975900000000,3.44070000,3.44300000,3.42080000,3.42290000,1219336.60000000,1752976799999999,4185373.88992000,14265,499862.80000000,1716598.14670000,0
1752976800000000,3.42290000,3.42420000,3.40490000,3.41020000,2735527.60000000,1752977699999999,9337448.55723000,25521,1478724.20000000,5047897.37302000,0
1752977700000000,3.41030000,3.41180000,3.39230000,3.39260000,4870795.30000000,1752978599999999,16563336.45002000,26842,2602349.80000000,8848700.89453000,0
1752978600000000,3.39250000,3.40200000,3.38600000,3.39040000,5043824.40000000,1752979499999999,17112043.16735000,32695,2880892.80000000,9773324.64181000,0
1752979500000000,3.39040000,3.40700000,3.38560000,3.40530000,2776217.90000000,1752980399999999,9438116.53472000,22482,1214092.50000000,4126325.79664000,0
1752980400000000,3.40530000,3.41410000,3.40260000,3.41350000,1558676.10000000,1752981299999999,5313900.31434000,15160,504950.80000000,1721394.16626000,0
1752981300000000,3.41350000,3.41770000,3.40950000,3.41560000,1913038.50000000,1752982199999999,6530507.08885000,16168,669633.00000000,2285672.52724000,0
1752982200000000,3.41570000,3.44000000,3.41450000,3.42930000,4405268.90000000,1752983099999999,15127032.26402000,30308,1571040.30000000,5393810.21569000,0
1752983100000000,3.42920000,3.43900000,3.42750000,3.43450000,2605592.70000000,1752983999999999,8949706.98882000,16609,885982.20000000,3043404.49840000,0
1752984000000000,3.43450000,3.44380000,3.42680000,3.43170000,3410039.10000000,1752984899999999,11721608.49631000,20922,1347123.50000000,4631521.85347000,0
1752984900000000,3.43160000,3.43540000,3.42260000,3.42850000,2079891.60000000,1752985799999999,7128665.13621000,18369,739447.00000000,2534288.67050000,0
1752985800000000,3.42850000,3.43670000,3.41520000,3.41710000,2120286.70000000,1752986699999999,7263899.10624000,18768,522173.60000000,1789423.85679000,0
1752986700000000,3.41710000,3.42380000,3.41200000,3.42290000,1792961.20000000,1752987599999999,6131428.22197000,19788,653632.20000000,2235268.10755000,0
1752987600000000,3.42300000,3.42420000,3.41000000,3.41440000,1872472.30000000,1752988499999999,6395773.03137000,19606,784224.90000000,2678340.09180000,0
1752988500000000,3.41440000,3.41660000,3.40640000,3.40740000,1586832.90000000,1752989399999999,5411388.61053000,12878,500989.00000000,1708289.89033000,0
1752989400000000,3.40750000,3.41140000,3.40220000,3.41090000,1661665.00000000,1752990299999999,5660140.89900000,14349,608772.00000000,2073750.46977000,0
1752990300000000,3.41090000,3.42400000,3.41040000,3.41860000,1956898.90000000,1752991199999999,6690164.79379000,13702,757663.30000000,2590006.33532000,0
1752991200000000,3.41860000,3.41860000,3.40520000,3.40690000,2488220.30000000,1752992099999999,8483475.17930000,12153,681416.10000000,2323437.86157000,0
1752992100000000,3.40690000,3.40950000,3.40230000,3.40840000,1486271.10000000,1752992999999999,5062084.72075000,11087,842634.30000000,2869807.55710000,0
1752993000000000,3.40850000,3.41520000,3.40710000,3.41440000,763046.00000000,1752993899999999,2602744.51505000,9208,413330.00000000,1409731.33014000,0
1752993900000000,3.41440000,3.42210000,3.41410000,3.41690000,913395.70000000,1752994799999999,3122426.51513000,7200,507509.30000000,1734972.92440000,0
1752994800000000,3.41680000,3.44000000,3.41640000,3.43180000,2777090.30000000,1752995699999999,9526660.94820000,22469,1402456.30000000,4811034.43046000,0
1752995700000000,3.43180000,3.45340000,3.43180000,3.45250000,3506569.10000000,1752996599999999,12074656.89894000,20995,2310066.90000000,7956996.46009000,0
1752996600000000,3.45260000,3.45840000,3.44510000,3.45000000,3526466.50000000,1752997499999999,12177566.75934000,22917,1808692.50000000,6245735.86102000,0
1752997500000000,3.44990000,3.45410000,3.43100000,3.44190000,1669413.40000000,1752998399999999,5746375.46234000,14482,611234.50000000,2104219.76982000,0
1752998400000000,3.44200000,3.45300000,3.44190000,3.44960000,1717821.40000000,1752999299999999,5925644.57095000,14560,932660.60000000,3217221.65700000,0
1752999300000000,3.44960000,3.46140000,3.44890000,3.45760000,2687342.50000000,1753000199999999,9287930.48946000,21972,1148270.20000000,3968976.16715000,0
1753000200000000,3.45750000,3.46940000,3.44940000,3.46880000,3624442.00000000,1753001099999999,12530973.16208000,21377,1825481.80000000,6311922.34520000,0
1753001100000000,3.46880000,3.50000000,3.46450000,3.49860000,6048879.40000000,1753001999999999,21056958.07858000,48711,3444834.00000000,11993145.92823000,0
1753002000000000,3.49860000,3.53520000,3.49620000,3.51140000,15201246.40000000,1753002899999999,53461188.12399000,100804,9481469.80000000,33333893.14017000,0
1753002900000000,3.51150000,3.51860000,3.47560000,3.48170000,5110194.20000000,1753003799999999,17858227.92740000,67457,2073450.30000000,7245090.30343000,0
1753003800000000,3.48160000,3.50140000,3.47970000,3.49950000,3142117.90000000,1753004699999999,10979180.75472000,39721,1577721.00000000,5512418.53352000,0
1753004700000000,3.49940000,3.51070000,3.48610000,3.48790000,3190710.10000000,1753005599999999,11173991.75018000,33619,1324071.10000000,4638355.21920000,0
1753005600000000,3.48800000,3.51460000,3.48560000,3.49750000,4192982.10000000,1753006499999999,14675156.27364000,32610,2239073.30000000,7835194.04724000,0
1753006500000000,3.49740000,3.50290000,3.48870000,3.50110000,3050247.40000000,1753007399999999,10659753.33316000,25872,1452856.10000000,5077615.41527000,0
1753007400000000,3.50120000,3.51540000,3.49860000,3.51120000,2465324.40000000,1753008299999999,8648607.23062000,22624,911026.10000000,3195546.04158000,0
1753008300000000,3.51120000,3.52470000,3.50610000,3.50950000,4039422.40000000,1753009199999999,14192405.68636000,32408,1729175.20000000,6076911.12633000,0
1753009200000000,3.50940000,3.51090000,3.49040000,3.49240000,3709963.10000000,1753010099999999,12987044.27500000,32184,1349603.20000000,4722563.30373000,0
1753010100000000,3.49240000,3.50590000,3.48420000,3.49510000,3718754.20000000,1753010999999999,12991610.95851000,32558,1481939.90000000,5177961.54328000,0
1753011000000000,3.49520000,3.50620000,3.48950000,3.50050000,2570116.30000000,1753011899999999,8992549.32041000,27408,1036171.50000000,3625696.06698000,0
1753011900000000,3.50050000,3.51270000,3.49270000,3.49870000,2675611.00000000,1753012799999999,9372043.21515000,27375,1316348.10000000,4610803.28380000,0
1753012800000000,3.49880000,3.49880000,3.47820000,3.48920000,2693493.40000000,1753013699999999,9389160.25184000,25854,1278646.00000000,4457542.95663000,0
1753013700000000,3.48920000,3.50350000,3.48350000,3.48390000,1716566.10000000,1753014599999999,5996497.42114000,28524,854735.20000000,2986323.96055000,0
1753014600000000,3.48390000,3.49430000,3.47900000,3.48540000,1141822.40000000,1753015499999999,3982372.84094000,22260,611245.40000000,2132046.39836000,0
1753015500000000,3.48550000,3.49620000,3.47770000,3.49030000,1394280.00000000,1753016399999999,4861793.99898000,20442,777789.90000000,2712540.68421000,0
1753016400000000,3.49030000,3.51080000,3.48670000,3.50830000,2081045.90000000,1753017299999999,7289021.82293000,22837,1070784.10000000,3750524.88886000,0
1753017300000000,3.50830000,3.51630000,3.49780000,3.49790000,2192743.60000000,1753018199999999,7691742.01399000,26586,1143618.70000000,4011704.14546000,0
1753018200000000,3.49780000,3.52160000,3.49700000,3.52000000,2407872.10000000,1753019099999999,8458561.54331000,24621,1424473.80000000,5004463.08194000,0
1753019100000000,3.52010000,3.52500000,3.50940000,3.52310000,2438145.40000000,1753019999999999,8580655.00707000,26836,1250182.50000000,4399021.68829000,0
1753020000000000,3.52300000,3.52500000,3.49070000,3.50390000,4237485.10000000,1753020899999999,14871351.14069000,37645,1621506.30000000,5691674.95628000,0
1753020900000000,3.50390000,3.52820000,3.49690000,3.51400000,4014411.50000000,1753021799999999,14102738.55175000,39703,2323166.40000000,8160866.98513000,0
1753021800000000,3.51390000,3.54660000,3.51220000,3.53750000,7165900.80000000,1753022699999999,25339952.06496000,72285,3584585.60000000,12675257.52464000,0
1753022700000000,3.53760000,3.54390000,3.52620000,3.53850000,3673657.70000000,1753023599999999,12991012.88737000,41722,1935012.10000000,6842456.32061000,0
1753023600000000,3.53860000,3.54030000,3.52610000,3.52880000,2531908.10000000,1753024499999999,8944319.04346000,33269,1107902.40000000,3913435.06250000,0
1753024500000000,3.52880000,3.53460000,3.51060000,3.51950000,3657528.40000000,1753025399999999,12871278.99047000,33213,1606062.10000000,5653917.88995000,0
1753025400000000,3.51960000,3.52510000,3.51340000,3.52190000,2077415.80000000,1753026299999999,7313791.85574000,28705,980626.20000000,3452277.22522000,0
1753026300000000,3.52190000,3.53230000,3.51660000,3.51830000,1778747.10000000,1753027199999999,6267236.59638000,23968,963966.90000000,3396348.87771000,0
1753027200000000,3.51820000,3.53500000,3.51380000,3.52510000,3935947.80000000,1753028099999999,13877340.60831000,48448,1594937.60000000,5622737.19276000,0
1753028100000000,3.52520000,3.53000000,3.50100000,3.51800000,4024099.30000000,1753028999999999,14141961.83632000,45029,1850579.80000000,6504532.07094000,0
1753029000000000,3.51800000,3.53670000,3.51500000,3.53280000,2945772.30000000,1753029899999999,10385420.15485000,44685,1724391.50000000,6079255.79681000,0
1753029900000000,3.53290000,3.53580000,3.51180000,3.51640000,2732941.90000000,1753030799999999,9630857.85226000,31620,1011392.80000000,3563837.85784000,0
1753030800000000,3.51640000,3.51640000,3.48300000,3.50170000,5091963.00000000,1753031699999999,17803625.93763000,59395,2407921.30000000,8417099.90965000,0
1753031700000000,3.50180000,3.51190000,3.49000000,3.50910000,1638071.50000000,1753032599999999,5737610.37842000,27595,940244.10000000,3293697.66793000,0
1753032600000000,3.50910000,3.52480000,3.50280000,3.51060000,2963111.00000000,1753033499999999,10416429.18850000,38869,1493526.90000000,5249794.21232000,0
1753033500000000,3.51060000,3.51520000,3.49380000,3.49980000,2161629.90000000,1753034399999999,7573262.44156000,34459,935887.00000000,3278991.62543000,0
1753034400000000,3.49990000,3.51960000,3.49560000,3.50820000,2485310.70000000,1753035299999999,8721910.36722000,23848,1190962.30000000,4179631.72374000,0
1753035300000000,3.50810000,3.52480000,3.49870000,3.52150000,2446497.70000000,1753036199999999,8592448.46044000,32216,1390936.70000000,4885274.16483000,0
1753036200000000,3.52160000,3.52720000,3.50770000,3.51420000,2912785.00000000,1753037099999999,10250253.06613000,27589,1313403.10000000,4621641.00555000,0
1753037100000000,3.51430000,3.53490000,3.51430000,3.53430000,2560536.40000000,1753037999999999,9032020.18979000,22720,1535787.60000000,5417189.62893000,0
1753038000000000,3.53430000,3.55260000,3.53350000,3.54740000,5235287.60000000,1753038899999999,18557562.00645000,39592,3397312.70000000,12044874.08774000,0
1753038900000000,3.54740000,3.55600000,3.53130000,3.55150000,2668485.60000000,1753039799999999,9457558.11180000,34773,1477670.00000000,5238320.07796000,0
1753039800000000,3.55160000,3.55790000,3.53370000,3.53370000,2734703.70000000,1753040699999999,9709750.82050000,30387,995866.20000000,3536468.93731000,0
1753040700000000,3.53380000,3.54500000,3.52060000,3.52340000,1674206.70000000,1753041599999999,5912429.93806000,24568,608722.40000000,2150078.72034000,0
1753041600000000,3.52350000,3.52580000,3.49060000,3.50400000,5824294.80000000,1753042499999999,20406401.88535000,50897,2453754.90000000,8596080.54063000,0
1753042500000000,3.50410000,3.51320000,3.50160000,3.50710000,1313718.70000000,1753043399999999,4608235.57211000,21603,700275.40000000,2456178.42680000,0
1753043400000000,3.50700000,3.51750000,3.50500000,3.51390000,1318990.40000000,1753044299999999,4634231.72527000,15660,788222.40000000,2769127.18825000,0
1753044300000000,3.51380000,3.52550000,3.50250000,3.50880000,1234163.00000000,1753045199999999,4337947.21933000,19309,553947.20000000,1947686.68138000,0
1753045200000000,3.50870000,3.51350000,3.48420000,3.49520000,3503100.30000000,1753046099999999,12244745.41487000,31403,1688820.20000000,5902408.70822000,0
1753046100000000,3.49510000,3.50500000,3.48720000,3.50410000,1273013.00000000,1753046999999999,4449561.45895000,23358,730485.40000000,2553276.61334000,0
1753047000000000,3.50420000,3.50770000,3.48840000,3.49660000,1617924.00000000,1753047899999999,5661669.54109000,13586,835659.70000000,2924650.09691000,0
1753047900000000,3.49650000,3.50710000,3.49650000,3.50520000,802222.80000000,1753048799999999,2809950.13706000,9172,424606.10000000,1487220.26598000,0
1753048800000000,3.50510000,3.50780000,3.43650000,3.44980000,8698583.40000000,1753049699999999,30160897.47093000,77890,3839215.70000000,13314954.13333000,0
1753049700000000,3.44970000,3.45750000,3.40380000,3.44840000,11787492.80000000,1753050599999999,40417358.82415000,103250,6018555.30000000,20637574.68848000,0
1753050600000000,3.44840000,3.46610000,3.43340000,3.46460000,3036874.80000000,1753051499999999,10483097.11475000,46507,1530281.00000000,5283557.88043000,0
1753051500000000,3.46450000,3.46760000,3.44690000,3.45480000,2435614.90000000,1753052399999999,8420857.93281000,30626,1234481.50000000,4268481.07124000,0
1753052400000000,3.45470000,3.45500000,3.43080000,3.44290000,2618757.80000000,1753053299999999,9011494.02279000,41144,1204802.60000000,4146368.23481000,0
1753053300000000,3.44290000,3.45650000,3.43970000,3.44580000,1637784.40000000,1753054199999999,5650062.43202000,31449,796873.40000000,2748996.73333000,0
1753054200000000,3.44580000,3.46330000,3.43610000,3.45670000,1557978.00000000,1753055099999999,5372757.61182000,27242,786030.80000000,2711065.36391000,0
1753055100000000,3.45660000,3.46450000,3.45010000,3.45400000,953075.60000000,1753055999999999,3295714.40653000,17572,558881.90000000,1932782.61397000,0
1753056000000000,3.45410000,3.45800000,3.42150000,3.42210000,3441574.50000000,1753056899999999,11828544.51579000,32685,1690716.00000000,5810949.67242000,0
1753056900000000,3.42210000,3.44000000,3.40760000,3.43240000,3730849.40000000,1753057799999999,12762875.49829000,37478,2028320.80000000,6938399.89938000,0
1753057800000000,3.43230000,3.44800000,3.42310000,3.43270000,2274083.90000000,1753058699999999,7813063.03620000,29726,1502530.00000000,5163785.24599000,0
1753058700000000,3.43260000,3.45090000,3.42630000,3.45090000,2094718.30000000,1753059599999999,7200874.36766000,29236,1252850.60000000,4307895.31877000,0
1753059600000000,3.45090000,3.46150000,3.44300000,3.44390000,2726108.00000000,1753060499999999,9413985.35454000,31573,1490990.40000000,5148855.76899000,0
1753060500000000,3.44390000,3.44900000,3.42950000,3.43650000,1708710.10000000,1753061399999999,5875256.48430000,23388,998910.70000000,3434847.31010000,0
1753061400000000,3.43660000,3.44950000,3.42540000,3.44800000,1815048.30000000,1753062299999999,6238242.84198000,27477,987710.50000000,3395194.81625000,0
1753062300000000,3.44790000,3.47680000,3.44470000,3.46460000,3898483.60000000,1753063199999999,13499723.35161000,26004,2155153.00000000,7462072.96678000,0
1753063200000000,3.46460000,3.48700000,3.46460000,3.48110000,3256295.00000000,1753064099999999,11330915.94890000,31375,1731867.70000000,6026152.17673000,0
1753064100000000,3.48110000,3.48420000,3.47120000,3.47560000,2299514.10000000,1753064999999999,7994215.28676000,24153,1117249.80000000,3883571.17503000,0
1753065000000000,3.47560000,3.48340000,3.46770000,3.47470000,1656798.60000000,1753065899999999,5755600.85827000,14087,883357.60000000,3068406.85223000,0
1753065900000000,3.47460000,3.48450000,3.47010000,3.48450000,1686897.40000000,1753066799999999,5862300.04135000,14100,899593.30000000,3126641.15133000,0
1753066800000000,3.48450000,3.48970000,3.47380000,3.47680000,2099017.40000000,1753067699999999,7310753.89190000,15450,1180487.10000000,4111915.65217000,0
1753067700000000,3.47690000,3.48600000,3.47610000,3.48570000,1260389.20000000,1753068599999999,4387109.73856000,12836,880679.40000000,3065239.61007000,0
1753068600000000,3.48570000,3.48820000,3.48020000,3.48160000,1708570.40000000,1753069499999999,5954027.49549000,12933,809077.10000000,2819756.34002000,0
1753069500000000,3.48160000,3.48360000,3.47600000,3.47850000,1678342.00000000,1753070399999999,5840161.69743000,13609,890501.90000000,3098513.22903000,0
1753070400000000,3.47840000,3.47910000,3.47160000,3.47500000,1572394.80000000,1753071299999999,5464731.23242000,17468,917930.30000000,3190076.13083000,0
1753071300000000,3.47500000,3.50400000,3.47370000,3.50080000,2554674.80000000,1753072199999999,8926484.55202000,24695,1379004.70000000,4817744.46728000,0
1753072200000000,3.50090000,3.50620000,3.49510000,3.50100000,2050422.90000000,1753073099999999,7178114.27816000,16776,968196.00000000,3389622.26448000,0
1753073100000000,3.50110000,3.50770000,3.49890000,3.50440000,1712838.00000000,1753073999999999,6000612.75954000,11284,864068.10000000,3026987.10636000,0
1753074000000000,3.50450000,3.50510000,3.49420000,3.49880000,1659731.80000000,1753074899999999,5806303.50507000,10755,869586.80000000,3041690.22836000,0
1753074900000000,3.49870000,3.49970000,3.48800000,3.49260000,1238796.50000000,1753075799999999,4328530.98471000,10058,424125.30000000,1482048.58285000,0
1753075800000000,3.49260000,3.50250000,3.49020000,3.50180000,663721.70000000,1753076699999999,2321441.26421000,10196,288274.30000000,1008265.91181000,0
1753076700000000,3.50190000,3.51150000,3.49640000,3.51140000,1306745.30000000,1753077599999999,4579591.21789000,11793,728890.60000000,2554696.05087000,0
1753077600000000,3.51140000,3.52600000,3.51010000,3.52320000,3880238.80000000,1753078499999999,13652731.88158000,22243,1930922.50000000,6793502.49887000,0
1753078500000000,3.52320000,3.56940000,3.52310000,3.56930000,10944890.90000000,1753079399999999,38809681.88717000,57511,7117837.60000000,25243220.98942000,0
1753079400000000,3.56930000,3.56930000,3.54100000,3.54460000,4973602.10000000,1753080299999999,17679443.11216000,54937,2184202.30000000,7763196.08428000,0
1753080300000000,3.54470000,3.56440000,3.54110000,3.55930000,3457570.20000000,1753081199999999,12286662.13764000,30956,1677828.00000000,5962497.95394000,0
1753081200000000,3.55930000,3.56400000,3.55000000,3.56000000,4531907.00000000,1753082099999999,16129644.99629000,27774,2747712.00000000,9781013.47122000,0
1753082100000000,3.55990000,3.57500000,3.55500000,3.56780000,2651879.20000000,1753082999999999,9460886.30300000,28262,1330290.40000000,4745942.75502000,0
1753083000000000,3.56780000,3.58090000,3.55730000,3.56550000,2788259.90000000,1753083899999999,9947174.84013000,24533,1110862.60000000,3964536.93509000,0
1753083900000000,3.56550000,3.57840000,3.56400000,3.56630000,2100288.00000000,1753084799999999,7499432.79617000,19472,1117410.20000000,3990231.23499000,0
1753084800000000,3.56640000,3.57230000,3.55880000,3.56470000,2241892.60000000,1753085699999999,7995076.79022000,21722,882795.70000000,3148201.51028000,0
1753085700000000,3.56480000,3.57930000,3.56450000,3.57750000,1850369.30000000,1753086599999999,6610393.35081000,22378,1034008.80000000,3693655.21056000,0
1753086600000000,3.57750000,3.57970000,3.56360000,3.57030000,1357463.20000000,1753087499999999,4849825.33783000,22696,597823.80000000,2136194.39683000,0
1753087500000000,3.57030000,3.57240000,3.55020000,3.55810000,2616665.00000000,1753088399999999,9312960.25701000,28701,1054059.50000000,3751518.55505000,0
1753088400000000,3.55820000,3.57600000,3.55810000,3.56340000,1822160.00000000,1753089299999999,6499324.57911000,19385,965234.40000000,3443202.83932000,0
1753089300000000,3.56350000,3.56480000,3.52090000,3.54410000,4371171.80000000,1753090199999999,15486897.71775000,25333,1118498.10000000,3966458.45354000,0
1753090200000000,3.54410000,3.55030000,3.52820000,3.53700000,1991051.00000000,1753091099999999,7044351.85383000,23151,774565.10000000,2741053.94432000,0
1753091100000000,3.53700000,3.55080000,3.53110000,3.54570000,1629806.10000000,1753091999999999,5778119.66981000,19630,727194.70000000,2578802.88770000,0
1753092000000000,3.54570000,3.55000000,3.53690000,3.54900000,1629166.20000000,1753092899999999,5773741.09640000,15198,988998.90000000,3505221.71446000,0
1753092900000000,3.54900000,3.55000000,3.53000000,3.53170000,1611470.20000000,1753093799999999,5702693.56277000,14748,711806.60000000,2519666.63394000,0
1753093800000000,3.53170000,3.53700000,3.52710000,3.53530000,1651490.30000000,1753094699999999,5834016.66479000,16423,802651.80000000,2835643.63381000,0
1753094700000000,3.53530000,3.55350000,3.53480000,3.55210000,1839623.10000000,1753095599999999,6523818.42658000,14904,1125583.30000000,3991363.45401000,0
1753095600000000,3.55200000,3.55860000,3.54510000,3.55420000,2086958.60000000,1753096499999999,7409899.81882000,15254,1116374.40000000,3963984.72070000,0
1753096500000000,3.55420000,3.55860000,3.54510000,3.55080000,1434919.10000000,1753097399999999,5094879.74667000,13311,806215.90000000,2862453.08679000,0
1753097400000000,3.55080000,3.55560000,3.53690000,3.53700000,1830397.80000000,1753098299999999,6495427.29099000,16492,745667.30000000,2646285.35986000,0
1753098300000000,3.53690000,3.54530000,3.53230000,3.53290000,1743698.00000000,1753099199999999,6172023.72476000,22530,887301.80000000,3140437.16766000,0
1753099200000000,3.53290000,3.53470000,3.49960000,3.52010000,6598320.30000000,1753100099999999,23183560.14269000,63462,2594564.90000000,9116678.19470000,0
1753100100000000,3.52020000,3.53820000,3.51990000,3.53710000,1650959.80000000,1753100999999999,5826463.66594000,20672,1030334.90000000,3635766.78542000,0
1753101000000000,3.53710000,3.54030000,3.52550000,3.53640000,2021804.40000000,1753101899999999,7144769.30675000,26639,1116541.20000000,3945942.45299000,0
1753101900000000,3.53630000,3.54830000,3.53410000,3.53780000,1175179.60000000,1753102799999999,4160187.72702000,22673,562855.80000000,1992705.05741000,0
1753102800000000,3.53780000,3.54290000,3.51580000,3.52930000,2676013.30000000,1753103699999999,9438824.40880000,36783,1162479.30000000,4100249.33367000,0
1753103700000000,3.52940000,3.54140000,3.52010000,3.52550000,1631492.30000000,1753104599999999,5762026.95922000,23334,592130.30000000,2091133.95526000,0
1753104600000000,3.52560000,3.55790000,3.52410000,3.55610000,2912997.30000000,1753105499999999,10324215.22426000,31068,1478391.30000000,5239695.44765000,0
1753105500000000,3.55600000,3.57450000,3.55600000,3.57400000,4452595.10000000,1753106399999999,15878150.93770000,32820,2645577.60000000,9431989.08720000,0
1753106400000000,3.57400000,3.61500000,3.57300000,3.59870000,11517315.10000000,1753107299999999,41395015.65707000,106081,7062100.20000000,25380040.12888000,0
1753107300000000,3.59870000,3.62750000,3.59100000,3.62610000,6232195.10000000,1753108199999999,22531895.05611000,68577,3094351.00000000,11187067.23638000,0
1753108200000000,3.62610000,3.62880000,3.60490000,3.61490000,5347673.00000000,1753109099999999,19347566.21319000,59659,2228841.20000000,8065148.18955000,0
1753109100000000,3.61480000,3.64950000,3.61460000,3.64000000,6036275.90000000,1753109999999999,21957904.37462000,82370,3032730.50000000,11029494.56315000,0
1753110000000000,3.63990000,3.64870000,3.61160000,3.62170000,5535008.80000000,1753110899999999,20110483.22698000,72740,2094488.10000000,7609912.27626000,0
1753110900000000,3.62170000,3.64330000,3.62020000,3.63070000,3552153.10000000,1753111799999999,12909156.80100000,40556,1627833.10000000,5916394.80905000,0
1753111800000000,3.63060000,3.63290000,3.60560000,3.62370000,4151090.70000000,1753112699999999,15007721.93952000,49245,1579124.80000000,5710037.77476000,0
1753112700000000,3.62370000,3.62940000,3.60030000,3.60400000,2741876.60000000,1753113599999999,9911061.67839000,38624,1022014.30000000,3694906.75310000,0
1753113600000000,3.60400000,3.62080000,3.58010000,3.59280000,4988712.40000000,1753114499999999,17958507.70156000,71308,2133764.20000000,7680704.21224000,0
1753114500000000,3.59270000,3.59660000,3.54190000,3.57650000,8125383.80000000,1753115399999999,28965637.52376000,96448,4070767.20000000,14513426.04293000,0
1753115400000000,3.57660000,3.59210000,3.56480000,3.58560000,3065314.00000000,1753116299999999,10983641.16077000,39216,1872579.30000000,6711284.82264000,0
1753116300000000,3.58570000,3.59810000,3.56800000,3.59120000,3261091.00000000,1753117199999999,11693961.07585000,50843,1824003.80000000,6542534.36235000,0
1753117200000000,3.59110000,3.62390000,3.58730000,3.61470000,3585625.00000000,1753118099999999,12942016.83830000,47294,1878448.90000000,6776915.01132000,0
1753118100000000,3.61470000,3.61660000,3.59010000,3.59090000,1750393.20000000,1753118999999999,6314856.56368000,43840,729601.40000000,2633111.00762000,0
1753119000000000,3.59080000,3.60950000,3.58000000,3.58390000,1667676.30000000,1753119899999999,5993015.68042000,35779,649487.50000000,2334340.11740000,0
1753119900000000,3.58380000,3.60920000,3.57250000,3.60300000,1904012.30000000,1753120799999999,6836577.23091000,39613,1067000.30000000,3831810.02280000,0
1753120800000000,3.60310000,3.61610000,3.60270000,3.61300000,1773327.20000000,1753121699999999,6402508.66562000,26633,803069.30000000,2899115.29936000,0
1753121700000000,3.61290000,3.62000000,3.59990000,3.60060000,2250861.90000000,1753122599999999,8126322.70945000,26767,954302.90000000,3446490.03206000,0
1753122600000000,3.60060000,3.60280000,3.56940000,3.57540000,3341362.50000000,1753123499999999,11970866.92256000,38756,1309841.30000000,4691842.68399000,0
1753123500000000,3.57540000,3.57810000,3.54920000,3.55310000,4768702.50000000,1753124399999999,16976485.84518000,51965,1602012.10000000,5704851.96724000,0
1753124400000000,3.55310000,3.58060000,3.55000000,3.57990000,2626180.00000000,1753125299999999,9367285.09009000,38427,1352494.30000000,4824288.03911000,0
1753125300000000,3.57990000,3.58310000,3.54600000,3.54830000,2002859.80000000,1753126199999999,7134549.96085000,25843,644017.40000000,2294264.21657000,0
1753126200000000,3.54830000,3.55330000,3.52900000,3.53910000,4374944.10000000,1753127099999999,15488592.67026000,52239,1543476.50000000,5465188.76302000,0
1753127100000000,3.53910000,3.54760000,3.52700000,3.54650000,2222104.40000000,1753127999999999,7859626.28055000,38300,847504.80000000,2997767.33617000,0
1753128000000000,3.54650000,3.55410000,3.53370000,3.54920000,2236962.80000000,1753128899999999,7928427.68214000,38439,1057698.10000000,3748552.80568000,0
1753128900000000,3.54930000,3.55440000,3.53920000,3.54840000,2232812.90000000,1753129799999999,7919188.55597000,25610,1136203.90000000,4029631.41469000,0
1753129800000000,3.54840000,3.55960000,3.53650000,3.54430000,1909759.60000000,1753130699999999,6780420.76102000,28010,943456.30000000,3350108.21436000,0
1753130700000000,3.54430000,3.55480000,3.52140000,3.52230000,1691286.80000000,1753131599999999,5980258.62597000,23415,755896.20000000,2672536.65044000,0
1753131600000000,3.52220000,3.53970000,3.51170000,3.52520000,3362839.50000000,1753132499999999,11850773.24081000,38032,1433932.30000000,5056710.03425000,0
1753132500000000,3.52510000,3.54390000,3.52510000,3.54190000,1313893.20000000,1753133399999999,4648432.67626000,15132,610377.10000000,2159356.38492000,0
1753133400000000,3.54190000,3.55630000,3.53190000,3.55510000,1109559.10000000,1753134299999999,3933046.75121000,11617,572053.00000000,2027500.11815000,0
1753134300000000,3.55500000,3.55510000,3.54200000,3.55160000,833368.80000000,1753135199999999,2958100.26521000,10229,448649.80000000,1592386.50476000,0
1753135200000000,3.55160000,3.56220000,3.54980000,3.56150000,1471937.90000000,1753136099999999,5236116.21084000,26682,881404.30000000,3135399.34465000,0
1753136100000000,3.56150000,3.56650000,3.55220000,3.56640000,787747.30000000,1753136999999999,2804495.57175000,12487,485322.10000000,1727895.88217000,0
1753137000000000,3.56650000,3.57500000,3.56650000,3.57390000,1446062.20000000,1753137899999999,5163540.41572000,13933,847139.30000000,3025010.85747000,0
1753137900000000,3.57390000,3.57400000,3.56260000,3.56580000,787538.40000000,1753138799999999,2810515.04971000,9417,336966.60000000,1202662.44511000,0
1753138800000000,3.56570000,3.56730000,3.55260000,3.55320000,1135526.60000000,1753139699999999,4040221.28566000,9566,548924.80000000,1952910.65326000,0
1753139700000000,3.55310000,3.55410000,3.54270000,3.55180000,857505.70000000,1753140599999999,3042162.59282000,14189,394738.30000000,1400335.68169000,0
1753140600000000,3.55190000,3.55980000,3.54490000,3.54520000,679426.70000000,1753141499999999,2415823.74758000,10550,358767.20000000,1275771.27786000,0
1753141500000000,3.54510000,3.56130000,3.54450000,3.54950000,801188.90000000,1753142399999999,2846860.59523000,12666,340337.70000000,1209468.26459000,0
1753142400000000,3.54940000,3.55750000,3.53670000,3.55490000,1674412.10000000,1753143299999999,5941733.26004000,21783,766412.40000000,2720106.15103000,0
1753143300000000,3.55480000,3.57120000,3.55420000,3.56610000,1863266.40000000,1753144199999999,6641818.18067000,17543,1182626.10000000,4215605.57248000,0
1753144200000000,3.56620000,3.56620000,3.53080000,3.53690000,2858966.80000000,1753145099999999,10132096.43437000,22504,1477349.60000000,5234438.61565000,0
1753145100000000,3.53700000,3.55450000,3.52500000,3.52990000,1873888.30000000,1753145999999999,6630971.09160000,26377,1079956.60000000,3822113.26430000,0
1753146000000000,3.52990000,3.53240000,3.49600000,3.49850000,6253693.60000000,1753146899999999,21944385.40878000,46782,2689061.60000000,9437563.98536000,0
1753146900000000,3.49850000,3.52010000,3.46180000,3.51670000,10086688.00000000,1753147799999999,35155221.89165000,96372,4797236.00000000,16731523.23584000,0
1753147800000000,3.51670000,3.54990000,3.51110000,3.53960000,3883099.40000000,1753148699999999,13718577.94777000,43326,2212433.70000000,7818096.16780000,0
1753148700000000,3.53950000,3.56080000,3.53440000,3.54940000,2973614.40000000,1753149599999999,10556157.71336000,32341,1598156.80000000,5672524.60460000,0
1753149600000000,3.54950000,3.55800000,3.53150000,3.54090000,2594615.20000000,1753150499999999,9202077.64719000,25871,1316626.50000000,4670176.92373000,0
1753150500000000,3.54090000,3.57440000,3.53120000,3.56130000,4849437.50000000,1753151399999999,17238998.00310000,40827,2660679.90000000,9455824.94015000,0
1753151400000000,3.56130000,3.56920000,3.53790000,3.54220000,2692178.50000000,1753152299999999,9564561.45903000,27430,1353837.20000000,4810542.24992000,0
1753152300000000,3.54220000,3.54420000,3.50670000,3.51620000,3704203.40000000,1753153199999999,13040889.74806000,51921,1625346.70000000,5722701.58904000,0
1753153200000000,3.51620000,3.51870000,3.50040000,3.50740000,3016114.10000000,1753154099999999,10582555.18888000,45390,1471861.50000000,5164611.65990000,0
1753154100000000,3.50730000,3.50870000,3.48350000,3.50200000,4421095.30000000,1753154999999999,15458061.42418000,51824,2041642.70000000,7138829.71833000,0
1753155000000000,3.50210000,3.51060000,3.47320000,3.48400000,4176600.40000000,1753155899999999,14574748.28546000,52981,1990470.40000000,6945623.66376000,0
1753155900000000,3.48390000,3.50250000,3.47540000,3.50070000,2909735.60000000,1753156799999999,10162504.87125000,35555,1576440.70000000,5506918.39111000,0
1753156800000000,3.50060000,3.50340000,3.48400000,3.48730000,2673935.10000000,1753157699999999,9343011.37381000,37720,1544660.70000000,5397572.10844000,0
1753157700000000,3.48730000,3.49170000,3.46420000,3.47620000,4412799.20000000,1753158599999999,15338742.48555000,50462,2503719.70000000,8701863.38225000,0
1753158600000000,3.47620000,3.49400000,3.46600000,3.46880000,4170521.00000000,1753159499999999,14515430.63053000,45144,2610516.30000000,9088452.37180000,0
1753159500000000,3.46870000,3.47630000,3.42180000,3.42290000,10834964.50000000,1753160399999999,37314304.45647000,93080,4331209.20000000,14918272.94820000,0
1753160400000000,3.42290000,3.47430000,3.42220000,3.46820000,5178410.10000000,1753161299999999,17865331.22208000,57749,3121320.90000000,10771224.06545000,0
1753161300000000,3.46810000,3.48570000,3.46470000,3.46740000,2557178.90000000,1753162199999999,8888354.04890000,30625,1408731.70000000,4896439.30057000,0
1753162200000000,3.46740000,3.47590000,3.45320000,3.45740000,2594658.30000000,1753163099999999,8986001.98960000,45573,1414549.10000000,4898779.53856000,0
1753163100000000,3.45730000,3.46810000,3.44550000,3.46010000,2423344.10000000,1753163999999999,8376990.23809000,33069,1413804.50000000,4887110.88248000,0
1753164000000000,3.46010000,3.47920000,3.44950000,3.47680000,1959600.80000000,1753164899999999,6790231.45564000,22501,1212235.00000000,4201153.12207000,0
1753164900000000,3.47670000,3.48360000,3.46460000,3.47070000,2672006.20000000,1753165799999999,9284300.26644000,19704,1636265.90000000,5685624.86447000,0
1753165800000000,3.47070000,3.48200000,3.46270000,3.46310000,1506965.80000000,1753166699999999,5231890.49830000,16241,998566.60000000,3467077.33384000,0
1753166700000000,3.46300000,3.46940000,3.45690000,3.46470000,1680871.60000000,1753167599999999,5820850.95268000,21690,1017283.70000000,3522739.51698000,0
1753167600000000,3.46480000,3.48830000,3.46360000,3.48800000,2672947.30000000,1753168499999999,9297371.59506000,27316,1686869.50000000,5867253.42836000,0
1753168500000000,3.48800000,3.49940000,3.48070000,3.49590000,2316644.70000000,1753169399999999,8085497.05946000,24673,1340050.40000000,4676891.53579000,0
1753169400000000,3.49580000,3.49660000,3.48420000,3.48850000,1783556.20000000,1753170299999999,6223349.34565000,20130,1066345.60000000,3720813.08976000,0
1753170300000000,3.48850000,3.49020000,3.46470000,3.47620000,1574362.40000000,1753171199999999,5475599.61353000,23567,753610.10000000,2619708.56029000,0
1753171200000000,3.47610000,3.47610000,3.43660000,3.43780000,4113525.20000000,1753172099999999,14201308.17352000,50305,2003764.30000000,6913158.02251000,0
1753172100000000,3.43780000,3.45180000,3.42610000,3.43230000,4480385.50000000,1753172999999999,15402521.39434000,45307,2443566.60000000,8405088.36374000,0
1753173000000000,3.43230000,3.45520000,3.42820000,3.45440000,2730769.50000000,1753173899999999,9411754.93511000,35484,1517875.00000000,5231400.89206000,0
1753173900000000,3.45440000,3.47300000,3.44670000,3.46810000,1747275.20000000,1753174799999999,6048119.71041000,29292,893219.20000000,3091645.79515000,0
1753174800000000,3.46810000,3.47090000,3.43850000,3.44210000,2269433.40000000,1753175699999999,7830860.17647000,34066,868521.20000000,2995494.21844000,0
1753175700000000,3.44220000,3.45660000,3.42970000,3.44940000,2882903.90000000,1753176599999999,9919878.27341000,37790,1532425.50000000,5274162.91974000,0
1753176600000000,3.44940000,3.47760000,3.44910000,3.47650000,1832334.50000000,1753177499999999,6350145.91102000,26825,1010619.50000000,3502572.89176000,0
1753177500000000,3.47650000,3.48260000,3.46770000,3.47270000,1912523.20000000,1753178399999999,6646058.14886000,28717,1008297.80000000,3503663.79914000,0
1753178400000000,3.47260000,3.48320000,3.46800000,3.48100000,1332160.80000000,1753179299999999,4631232.17307000,24352,681613.40000000,2369777.85637000,0
1753179300000000,3.48090000,3.48360000,3.46840000,3.48290000,1024460.60000000,1753180199999999,3562437.61593000,17640,515497.30000000,1792862.95397000,0
1753180200000000,3.48300000,3.49410000,3.48110000,3.49130000,1583404.40000000,1753181099999999,5522877.04211000,17145,837290.60000000,2920634.50540000,0
1753181100000000,3.49120000,3.49790000,3.48740000,3.49790000,1127029.00000000,1753181999999999,3936530.48088000,15396,543036.30000000,1896935.20648000,0
1753182000000000,3.49790000,3.50160000,3.48690000,3.48810000,1825126.20000000,1753182899999999,6377640.36589000,20641,1097018.00000000,3833959.26419000,0
1753182900000000,3.48810000,3.50210000,3.48810000,3.50200000,1229913.40000000,1753183799999999,4297749.58738000,16890,593314.80000000,2073595.61955000,0
1753183800000000,3.50200000,3.50970000,3.49130000,3.50710000,1482148.10000000,1753184699999999,5190139.59028000,23447,712675.90000000,2496199.68847000,0
1753184700000000,3.50710000,3.52250000,3.50380000,3.51980000,2376195.60000000,1753185599999999,8349575.60791000,25588,1139830.90000000,4004913.67594000,0
1753185600000000,3.51980000,3.52500000,3.51150000,3.51920000,1697925.40000000,1753186499999999,5974755.24247000,20442,877199.40000000,3086681.72469000,0
1753186500000000,3.51920000,3.51980000,3.50770000,3.51190000,1826725.50000000,1753187399999999,6418190.82530000,20036,821414.30000000,2885486.24533000,0
1753187400000000,3.51190000,3.52060000,3.49780000,3.52060000,2386521.90000000,1753188299999999,8375422.34112000,21075,1314075.10000000,4612013.85455000,0
1753188300000000,3.52050000,3.52170000,3.49930000,3.51230000,4529502.60000000,1753189199999999,15879859.80298000,30902,2566764.30000000,8993796.96491000,0
1753189200000000,3.51220000,3.52750000,3.50760000,3.52750000,2066322.50000000,1753190099999999,7266152.97156000,29389,1207426.90000000,4247297.79185000,0
1753190100000000,3.52750000,3.53710000,3.51240000,3.52110000,2697278.10000000,1753190999999999,9507586.54782000,31785,1180799.10000000,4164605.38084000,0
1753191000000000,3.52100000,3.53390000,3.49520000,3.52950000,3934066.80000000,1753191899999999,13839588.07339000,60702,1763821.40000000,6206338.06469000,0
1753191900000000,3.52940000,3.52940000,3.47080000,3.47770000,6159624.10000000,1753192799999999,21495402.14493000,75899,2795837.00000000,9752830.03875000,0
1753192800000000,3.47770000,3.48950000,3.44010000,3.48870000,6809285.40000000,1753193699999999,23575759.83300000,77605,2940860.70000000,10183643.35005000,0
1753193700000000,3.48860000,3.49500000,3.46900000,3.49230000,2086271.20000000,1753194599999999,7267583.16888000,31719,926127.60000000,3225575.63110000,0
1753194600000000,3.49220000,3.51000000,3.48760000,3.49470000,4117928.20000000,1753195499999999,14411741.98955000,33664,2378259.00000000,8323712.01937000,0
1753195500000000,3.49480000,3.52200000,3.48300000,3.51970000,4427210.50000000,1753196399999999,15502802.35275000,41481,2645017.00000000,9261914.57995000,0
1753196400000000,3.51960000,3.52440000,3.50890000,3.52200000,1759667.10000000,1753197299999999,6190128.92992000,25656,878549.80000000,3090739.84358000,0
1753197300000000,3.52200000,3.52800000,3.51280000,3.51870000,1515149.60000000,1753198199999999,5334191.70375000,27152,576677.20000000,2030584.39798000,0
1753198200000000,3.51870000,3.52470000,3.50230000,3.50990000,1590107.40000000,1753199099999999,5584270.05007000,30223,639729.70000000,2247353.27370000,0
1753199100000000,3.51000000,3.51720000,3.50400000,3.50760000,1331820.60000000,1753199999999999,4673910.85845000,24027,688474.10000000,2416169.04850000,0
1753200000000000,3.50760000,3.52000000,3.49160000,3.52000000,1629196.40000000,1753200899999999,5714141.21661000,25818,1004341.20000000,3523381.33970000,0
1753200900000000,3.51990000,3.53130000,3.50030000,3.51360000,2122031.00000000,1753201799999999,7465927.69236000,31207,1176340.90000000,4140901.93829000,0
1753201800000000,3.51360000,3.52600000,3.50950000,3.51860000,1401419.50000000,1753202699999999,4930275.22270000,21447,496001.10000000,1744537.27109000,0
1753202700000000,3.51850000,3.52820000,3.51520000,3.52720000,1248506.90000000,1753203599999999,4398839.56427000,15834,680940.40000000,2399155.70193000,0
1753203600000000,3.52720000,3.53380000,3.50750000,3.52200000,2361382.20000000,1753204499999999,8311750.30671000,32842,1291273.20000000,4544531.92035000,0
1753204500000000,3.52200000,3.52850000,3.50900000,3.52370000,2236788.60000000,1753205399999999,7866269.76797000,32855,765905.90000000,2695158.94984000,0
1753205400000000,3.52370000,3.56830000,3.51730000,3.56570000,6079697.30000000,1753206299999999,21567177.43911000,47565,3565932.50000000,12649677.20072000,0
1753206300000000,3.56570000,3.57200000,3.55360000,3.55470000,3811344.60000000,1753207199999999,13586821.25493000,45144,1976164.90000000,7045481.33471000,0
1753207200000000,3.55470000,3.56880000,3.54750000,3.55980000,2555757.00000000,1753208099999999,9093210.51122000,35239,1322644.00000000,4705565.35058000,0
1753208100000000,3.55990000,3.57070000,3.54910000,3.56760000,2429904.50000000,1753208999999999,8652786.78899000,38040,1106373.00000000,3940006.64777000,0
1753209000000000,3.56760000,3.57870000,3.55020000,3.55140000,1823018.00000000,1753209899999999,6505056.51036000,30015,833887.20000000,2976509.34920000,0
1753209900000000,3.55130000,3.57100000,3.54820000,3.55950000,2473592.90000000,1753210799999999,8809331.39007000,31096,1296711.70000000,4618685.31076000,0
1753210800000000,3.55940000,3.57070000,3.55340000,3.56450000,1972543.00000000,1753211699999999,7024260.34077000,21374,1083744.80000000,3859290.68044000,0
1753211700000000,3.56450000,3.56870000,3.55300000,3.56310000,1558257.00000000,1753212599999999,5549785.45458000,23865,664225.40000000,2365295.19129000,0
1753212600000000,3.56310000,3.56310000,3.54870000,3.55440000,1457443.60000000,1753213499999999,5180079.10254000,19481,522775.40000000,1858130.65187000,0
1753213500000000,3.55430000,3.55500000,3.51770000,3.51770000,3083447.10000000,1753214399999999,10909079.32623000,43881,1122149.90000000,3971582.34791000,0
1753214400000000,3.51770000,3.54900000,3.51760000,3.54160000,1904850.70000000,1753215299999999,6735610.23309000,29948,1100412.10000000,3891407.50387000,0
1753215300000000,3.54150000,3.54410000,3.52850000,3.54100000,1036380.80000000,1753216199999999,3663264.19578000,14303,432802.70000000,1529869.63561000,0
1753216200000000,3.54110000,3.55220000,3.53580000,3.55210000,1030968.40000000,1753217099999999,3653266.59243000,12961,568788.80000000,2015688.24728000,0
1753217100000000,3.55210000,3.55300000,3.53500000,3.54080000,917523.60000000,1753217999999999,3252273.73219000,10845,487351.40000000,1727803.00211000,0
1753218000000000,3.54080000,3.54490000,3.52450000,3.53060000,814229.10000000,1753218899999999,2875134.82940000,13238,425485.80000000,1502112.52271000,0
1753218900000000,3.53060000,3.53300000,3.52510000,3.52690000,686901.60000000,1753219799999999,2424438.26389000,9043,378476.60000000,1335813.15768000,0
1753219800000000,3.52690000,3.52830000,3.51300000,3.51780000,831230.50000000,1753220699999999,2927420.92475000,9587,353318.80000000,1244355.62740000,0
1753220700000000,3.51770000,3.53250000,3.51530000,3.52670000,829421.40000000,1753221599999999,2924542.64787000,8312,287903.70000000,1015292.48972000,0
1753221600000000,3.52670000,3.53800000,3.52670000,3.53370000,950755.50000000,1753222499999999,3360287.14853000,13877,515441.80000000,1821541.49071000,0
1753222500000000,3.53370000,3.54380000,3.53230000,3.54290000,827480.50000000,1753223399999999,2928223.22076000,8740,418411.90000000,1480495.60750000,0
1753223400000000,3.54280000,3.54500000,3.53190000,3.53430000,977378.20000000,1753224299999999,3457797.33842000,10387,444826.50000000,1573600.53942000,0
1753224300000000,3.53430000,3.53530000,3.52370000,3.52660000,844576.00000000,1753225199999999,2980053.51681000,8611,325930.00000000,1149995.93670000,0
1753225200000000,3.52660000,3.54000000,3.52520000,3.54000000,968494.50000000,1753226099999999,3421955.22229000,8127,618725.70000000,2186216.89049000,0
1753226100000000,3.54000000,3.55200000,3.53990000,3.54860000,1680538.90000000,1753226999999999,5961601.26025000,12849,852887.00000000,3024924.98081000,0
1753227000000000,3.54870000,3.55200000,3.54620000,3.54940000,952883.00000000,1753227899999999,3381916.28256000,10452,500203.10000000,1775334.68513000,0
1753227900000000,3.54930000,3.55410000,3.54810000,3.55040000,1437299.80000000,1753228799999999,5103735.74896000,11367,823969.00000000,2925631.65780000,0
1753228800000000,3.55040000,3.55190000,3.52580000,3.53110000,1733477.30000000,1753229699999999,6128798.35444000,17687,855391.00000000,3024225.66249000,0
1753229700000000,3.53100000,3.54740000,3.52440000,3.52540000,1780659.80000000,1753230599999999,6295121.75266000,24351,924661.30000000,3269424.58321000,0
1753230600000000,3.52540000,3.53300000,3.51990000,3.52490000,2550094.30000000,1753231499999999,8990123.35466000,20389,1187118.10000000,4184910.86194000,0
1753231500000000,3.52490000,3.53130000,3.51180000,3.51690000,2031635.30000000,1753232399999999,7150342.82637000,13849,808216.60000000,2846297.30335000,0
1753232400000000,3.51690000,3.51730000,3.50000000,3.50530000,2767342.00000000,1753233299999999,9701815.54779000,23097,1318458.10000000,4622693.14079000,0
1753233300000000,3.50530000,3.51600000,3.50530000,3.50940000,1485977.10000000,1753234199999999,5218021.37355000,12954,961342.50000000,3375672.46663000,0
1753234200000000,3.50940000,3.52440000,3.50810000,3.52030000,1373944.80000000,1753235099999999,4834498.58889000,10508,813301.70000000,2861553.88761000,0
1753235100000000,3.52040000,3.52690000,3.51480000,3.51680000,1155611.00000000,1753235999999999,4067823.39982000,10921,612161.80000000,2154468.15486000,0
1753236000000000,3.51680000,3.51770000,3.50290000,3.50300000,1677791.50000000,1753236899999999,5888060.24538000,12637,852351.90000000,2991127.19978000,0
1753236900000000,3.50300000,3.51300000,3.50130000,3.51230000,1454331.30000000,1753237799999999,5101446.07432000,15441,918419.20000000,3221407.00415000,0
1753237800000000,3.51230000,3.51860000,3.50160000,3.50160000,1598031.00000000,1753238699999999,5610550.24224000,16158,908174.40000000,3188728.19959000,0
1753238700000000,3.50160000,3.50700000,3.49480000,3.50600000,2978539.30000000,1753239599999999,10424216.63371000,19667,1465296.80000000,5128075.79219000,0
1753239600000000,3.50600000,3.50800000,3.49920000,3.50670000,1599761.50000000,1753240499999999,5603610.22357000,12632,794321.50000000,2782336.60558000,0
1753240500000000,3.50680000,3.50760000,3.49540000,3.50200000,1285451.50000000,1753241399999999,4498455.81689000,12230,763441.30000000,2671406.71532000,0
1753241400000000,3.50200000,3.50620000,3.49640000,3.49750000,1289056.60000000,1753242299999999,4512910.89196000,11624,794888.70000000,2782751.99170000,0
1753242300000000,3.49740000,3.49810000,3.48800000,3.49150000,1926952.60000000,1753243199999999,6728797.22190000,15090,992886.80000000,3466879.16479000,0
1753243200000000,3.49150000,3.49730000,3.48720000,3.49090000,1696370.40000000,1753244099999999,5921410.45937000,13035,982142.90000000,3427913.44076000,0
1753244100000000,3.49100000,3.50060000,3.48200000,3.49930000,1957159.50000000,1753244999999999,6832734.02473000,16565,1106070.10000000,3862523.88375000,0
1753245000000000,3.49930000,3.50760000,3.49820000,3.50310000,1193376.90000000,1753245899999999,4181216.33408000,13039,801588.40000000,2808402.23383000,0
1753245900000000,3.50310000,3.51070000,3.49710000,3.51020000,1328048.90000000,1753246799999999,4652997.24992000,11997,899030.50000000,3149630.58990000,0
1753246800000000,3.51010000,3.51020000,3.49610000,3.50270000,2642714.00000000,1753247699999999,9253340.10143000,17616,1872716.10000000,6556813.03930000,0
1753247700000000,3.50260000,3.50440000,3.49410000,3.50010000,1970340.40000000,1753248599999999,6895282.33718000,13757,1186071.00000000,4150900.97494000,0
1753248600000000,3.50010000,3.50750000,3.49570000,3.49700000,1930552.00000000,1753249499999999,6758446.43633000,11658,1234735.70000000,4322011.42823000,0
1753249500000000,3.49700000,3.50120000,3.48950000,3.49230000,1842447.70000000,1753250399999999,6437873.85102000,10328,1052672.10000000,3678049.06960000,0
1753250400000000,3.49230000,3.49230000,3.47900000,3.48080000,1889844.70000000,1753251299999999,6586928.11055000,11625,969017.90000000,3377389.05818000,0
1753251300000000,3.48080000,3.48340000,3.47000000,3.48320000,2146189.90000000,1753252199999999,7461465.13524000,14881,1182615.20000000,4112146.98196000,0
1753252200000000,3.48310000,3.48430000,3.46870000,3.47150000,1977384.80000000,1753253099999999,6871637.52319000,11764,1213501.40000000,4217396.06552000,0
1753253100000000,3.47140000,3.48280000,3.47000000,3.48240000,1402898.30000000,1753253999999999,4878325.68402000,12365,878741.60000000,3055568.83332000,0
1753254000000000,3.48250000,3.48370000,3.47360000,3.47910000,1313687.30000000,1753254899999999,4571177.39714000,15842,806131.10000000,2805144.21380000,0
1753254900000000,3.47910000,3.48240000,3.47370000,3.48040000,1295963.40000000,1753255799999999,4508646.08162000,13850,636881.90000000,2215535.20945000,0
1753255800000000,3.48040000,3.48340000,3.46330000,3.47070000,2103741.90000000,1753256699999999,7304091.43785000,17212,819349.20000000,2844365.88730000,0
1753256700000000,3.47070000,3.47560000,3.46070000,3.46780000,1382847.10000000,1753257599999999,4792337.23240000,16143,657272.20000000,2277488.21780000,0
1753257600000000,3.46770000,3.47350000,3.46270000,3.47340000,1073057.10000000,1753258499999999,3721215.32178000,14680,631239.70000000,2189293.97280000,0
1753258500000000,3.47350000,3.47350000,3.46400000,3.46700000,1095509.70000000,1753259399999999,3800574.36072000,13865,735386.60000000,2551011.12971000,0
1753259400000000,3.46710000,3.46820000,3.45650000,3.46290000,1368789.00000000,1753260299999999,4737855.47675000,15400,506939.90000000,1754570.48165000,0
1753260300000000,3.46300000,3.47400000,3.46150000,3.47400000,945824.90000000,1753261199999999,3279925.63857000,12467,475236.10000000,1647922.43542000,0
1753261200000000,3.47390000,3.47550000,3.46200000,3.46300000,2237293.60000000,1753262099999999,7758754.46005000,10965,702487.70000000,2436992.75322000,0
1753262100000000,3.46300000,3.46300000,3.44650000,3.44750000,2666005.00000000,1753262999999999,9204620.20029000,20027,1153253.90000000,3981980.72906000,0
1753263000000000,3.44760000,3.45560000,3.44160000,3.45050000,2592229.80000000,1753263899999999,8937776.40730000,25800,1264999.40000000,4361765.33613000,0
1753263900000000,3.45040000,3.45790000,3.44800000,3.44910000,1219390.30000000,1753264799999999,4211090.24075000,18285,501288.80000000,1731392.06363000,0
1753264800000000,3.44910000,3.44920000,3.43040000,3.43150000,4492474.80000000,1753265699999999,15446151.44057000,39657,1737909.20000000,5975422.37094000,0
1753265700000000,3.43150000,3.44640000,3.43070000,3.44250000,2431175.30000000,1753266599999999,8361163.89596000,32753,1159629.50000000,3988008.84166000,0
1753266600000000,3.44250000,3.45060000,3.43550000,3.44310000,2574422.00000000,1753267499999999,8864299.96170000,20907,1489719.90000000,5130955.55501000,0
1753267500000000,3.44300000,3.45430000,3.44300000,3.45060000,1842172.90000000,1753268399999999,6354700.68027000,16650,866960.40000000,2990092.46059000,0
1753268400000000,3.45050000,3.45120000,3.43670000,3.43710000,2072602.50000000,1753269299999999,7138452.59752000,18326,959341.90000000,3304426.52251000,0
1753269300000000,3.43710000,3.45670000,3.43670000,3.45500000,1654294.10000000,1753270199999999,5705925.35366000,15073,916949.50000000,3163222.88343000,0
1753270200000000,3.45500000,3.45560000,3.44710000,3.45050000,1439428.90000000,1753271099999999,4966811.54475000,12489,592234.40000000,2043253.24294000,0
1753271100000000,3.45050000,3.45200000,3.44420000,3.45040000,1113900.60000000,1753271999999999,3840720.14092000,12342,446077.10000000,1537946.10618000,0
1753272000000000,3.45040000,3.45040000,3.43420000,3.44820000,2591594.00000000,1753272899999999,8919805.13147000,17188,911658.20000000,3137507.85748000,0
1753272900000000,3.44810000,3.44820000,3.43530000,3.44180000,1303797.60000000,1753273799999999,4485872.77366000,14206,668339.60000000,2299296.37108000,0
1753273800000000,3.44180000,3.44710000,3.40610000,3.41140000,5528327.30000000,1753274699999999,18915519.42403000,42805,1868213.30000000,6391025.28866000,0
1753274700000000,3.41140000,3.42120000,3.30690000,3.34590000,23285053.30000000,1753275599999999,78071922.87267000,154151,10660176.80000000,35729964.33650000,0
1753275600000000,3.34600000,3.36380000,3.31470000,3.35860000,10862256.90000000,1753276499999999,36370957.03468000,115200,5304969.90000000,17760015.48477000,0
1753276500000000,3.35870000,3.36960000,3.32570000,3.36910000,6924929.60000000,1753277399999999,23178264.95337000,84866,3159076.60000000,10571079.06863000,0
1753277400000000,3.36900000,3.36900000,3.26100000,3.28050000,19892576.70000000,1753278299999999,65642730.03361000,134761,7636799.90000000,25217594.43513000,0
1753278300000000,3.28040000,3.29860000,3.22040000,3.26340000,24848969.60000000,1753279199999999,80988768.40761000,205092,12325091.00000000,40188577.66483000,0
1753279200000000,3.26340000,3.30440000,3.24990000,3.26520000,8757018.90000000,1753280099999999,28767346.11134000,99728,4531386.60000000,14889465.69095000,0
1753280100000000,3.26520000,3.34490000,3.26500000,3.31570000,10071331.30000000,1753280999999999,33252753.07507000,80534,5870288.40000000,19398059.57843000,0
1753281000000000,3.31580000,3.31830000,3.29340000,3.30070000,4905799.30000000,1753281899999999,16218498.27877000,71988,1982928.80000000,6555764.28642000,0
1753281900000000,3.30080000,3.30380000,3.28500000,3.30380000,3090126.80000000,1753282799999999,10177454.37033000,51512,1511346.20000000,4978146.70803000,0
1753282800000000,3.30380000,3.31210000,3.26560000,3.26910000,5047161.80000000,1753283699999999,16605848.33617000,67651,2328740.70000000,7662968.18233000,0
1753283700000000,3.26910000,3.29320000,3.26490000,3.28560000,4300960.90000000,1753284599999999,14098613.27178000,47063,2187399.40000000,7170534.25549000,0
1753284600000000,3.28550000,3.31450000,3.28000000,3.31440000,3378726.80000000,1753285499999999,11156919.61256000,34988,1486808.10000000,4909013.71577000,0
1753285500000000,3.31430000,3.33110000,3.29900000,3.32240000,4810781.70000000,1753286399999999,15946283.12139000,54713,2128432.40000000,7056161.36518000,0
1753286400000000,3.32240000,3.32240000,3.28300000,3.28490000,4797099.50000000,1753287299999999,15851540.34796000,49811,2222839.00000000,7350780.37504000,0
1753287300000000,3.28500000,3.29590000,3.26730000,3.28180000,3298882.30000000,1753288199999999,10816018.59847000,47015,1231904.00000000,4040048.31186000,0
1753288200000000,3.28180000,3.28240000,3.24500000,3.25950000,5199666.90000000,1753289099999999,16943437.03048000,64006,2447208.30000000,7972329.84079000,0
1753289100000000,3.25940000,3.26570000,3.22690000,3.22960000,6696577.90000000,1753289999999999,21734004.17880000,73579,3849291.40000000,12499716.00481000,0
1753290000000000,3.22970000,3.24730000,3.20260000,3.21130000,15755147.30000000,1753290899999999,50685418.42619000,117511,5700494.20000000,18348764.00890000,0
1753290900000000,3.21130000,3.22900000,3.15970000,3.19380000,16487539.20000000,1753291799999999,52603117.69844000,159796,7960514.80000000,25401821.81387000,0
1753291800000000,3.19390000,3.23070000,3.17270000,3.22680000,7286881.40000000,1753292699999999,23369077.73577000,87556,4166329.00000000,13365564.36521000,0
1753292700000000,3.22680000,3.24650000,3.22140000,3.24030000,3618698.90000000,1753293599999999,11709731.39106000,57704,2126504.40000000,6881325.77192000,0
1753293600000000,3.24040000,3.26350000,3.23410000,3.24660000,3514306.30000000,1753294499999999,11417260.04779000,52107,1786323.20000000,5804449.74390000,0
1753294500000000,3.24660000,3.25610000,3.23360000,3.23840000,2020904.20000000,1753295399999999,6554818.20082000,35084,998006.50000000,3236930.30002000,0
1753295400000000,3.23840000,3.24990000,3.23270000,3.23270000,2172131.20000000,1753296299999999,7040878.89383000,32774,1101886.20000000,3572009.53208000,0
1753296300000000,3.23270000,3.25340000,3.23250000,3.25080000,2078310.10000000,1753297199999999,6746025.61248000,30932,963378.40000000,3126798.38881000,0
1753297200000000,3.25080000,3.25330000,3.23540000,3.23540000,2160931.60000000,1753298099999999,7013356.85143000,37096,1076408.30000000,3494103.72611000,0
1753298100000000,3.23530000,3.24470000,3.22430000,3.22560000,5061240.70000000,1753298999999999,16353581.20230000,39558,1437963.30000000,4647015.96606000,0
1753299000000000,3.22550000,3.22570000,3.20700000,3.21220000,3404670.80000000,1753299899999999,10943169.46580000,44448,1588516.60000000,5105210.70037000,0
1753299900000000,3.21230000,3.23270000,3.18160000,3.18380000,3461392.80000000,1753300799999999,11115146.97067000,56673,1749539.20000000,5621379.93672000,0
1753300800000000,3.18380000,3.21610000,3.17550000,3.19230000,5564511.30000000,1753301699999999,17759016.76819000,85650,2494888.30000000,7964169.38502000,0
1753301700000000,3.19220000,3.19220000,3.12500000,3.14250000,11133727.70000000,1753302599999999,35149609.88343000,108035,5344947.40000000,16886830.59280000,0
1753302600000000,3.14260000,3.14690000,3.02000000,3.12600000,26730554.50000000,1753303499999999,82841579.91912000,219157,10889809.20000000,33763439.77743000,0
1753303500000000,3.12600000,3.15190000,3.09970000,3.14670000,10070857.10000000,1753304399999999,31491292.17122000,100558,5602592.50000000,17526468.80526000,0
1753304400000000,3.14680000,3.17600000,3.13500000,3.14850000,6226785.70000000,1753305299999999,19672256.87921000,63119,3352820.20000000,10595623.69583000,0
1753305300000000,3.14850000,3.15350000,3.05590000,3.10320000,9958795.20000000,1753306199999999,30847765.08321000,102741,4579543.20000000,14177854.60641000,0
1753306200000000,3.10320000,3.13370000,3.04870000,3.12230000,12210010.90000000,1753307099999999,37838856.15883000,106830,5104778.70000000,15817496.15923000,0
1753307100000000,3.12230000,3.15340000,3.11820000,3.13690000,3711907.90000000,1753307999999999,11657807.64107000,48607,1854924.80000000,5827109.30806000,0
1753308000000000,3.13690000,3.15260000,3.10000000,3.14820000,4594014.00000000,1753308899999999,14361779.59914000,72360,2249083.30000000,7033772.66469000,0
1753308900000000,3.14820000,3.17650000,3.13550000,3.17650000,6625541.10000000,1753309799999999,20958804.46698000,49519,4018060.90000000,12710258.60687000,0
1753309800000000,3.17650000,3.18460000,3.16440000,3.17550000,4981293.20000000,1753310699999999,15810160.79313000,37691,3176452.90000000,10081262.57562000,0
1753310700000000,3.17540000,3.19890000,3.16650000,3.17470000,8843610.90000000,1753311599999999,28180948.55915000,60093,4756084.30000000,15159323.34136000,0
1753311600000000,3.17470000,3.20140000,3.17170000,3.19450000,4658109.20000000,1753312499999999,14858936.02178000,37845,2688367.90000000,8577220.67617000,0
1753312500000000,3.19460000,3.20370000,3.18590000,3.19690000,3732068.90000000,1753313399999999,11923048.27730000,36316,1965013.30000000,6278179.92101000,0
1753313400000000,3.19680000,3.19940000,3.17910000,3.18160000,6985933.00000000,1753314299999999,22279720.29436000,37196,3659546.10000000,11672517.93396000,0
1753314300000000,3.18170000,3.18680000,3.17260000,3.18380000,4174352.50000000,1753315199999999,13267868.12112000,33531,2227320.30000000,7079515.44694000,0
1753315200000000,3.18390000,3.18400000,3.15000000,3.17510000,5569134.40000000,1753316099999999,17638808.09940000,48781,2291711.90000000,7259652.60569000,0
1753316100000000,3.17500000,3.23020000,3.16760000,3.21290000,8818847.70000000,1753316999999999,28288268.81680000,75905,5443323.80000000,17487073.87528000,0
1753317000000000,3.21290000,3.22890000,3.20140000,3.21560000,5072765.10000000,1753317899999999,16328807.69243000,61265,2776306.60000000,8936752.80981000,0
1753317900000000,3.21560000,3.22480000,3.20760000,3.22310000,2390329.30000000,1753318799999999,7694036.59884000,37777,1317349.20000000,4240668.75937000,0
1753318800000000,3.22310000,3.22310000,3.20290000,3.21120000,3158112.30000000,1753319699999999,10141021.04902000,38517,1775428.80000000,5701231.50743000,0
1753319700000000,3.21130000,3.22260000,3.20330000,3.20760000,1959458.60000000,1753320599999999,6295913.69774000,36140,1031289.70000000,3314430.93895000,0
1753320600000000,3.20760000,3.21110000,3.18420000,3.20000000,2355592.90000000,1753321499999999,7530714.99806000,37181,986628.10000000,3154690.35628000,0
1753321500000000,3.20010000,3.23220000,3.19940000,3.23110000,2666499.60000000,1753322399999999,8585454.31435000,31130,1314826.20000000,4231638.10276000,0
1753322400000000,3.23110000,3.23730000,3.21690000,3.21890000,2006621.30000000,1753323299999999,6478183.05790000,27391,1087746.80000000,3511840.33761000,0
1753323300000000,3.21890000,3.21990000,3.20040000,3.20210000,1774615.70000000,1753324199999999,5689767.11344000,23372,935578.30000000,2998632.72607000,0
1753324200000000,3.20210000,3.21690000,3.19800000,3.21460000,2303966.60000000,1753325099999999,7391383.57600000,30512,1233224.70000000,3956637.09912000,0
1753325100000000,3.21460000,3.22670000,3.19380000,3.19770000,2732317.00000000,1753325999999999,8782665.55572000,25424,1209620.40000000,3887738.45942000,0
1753326000000000,3.19770000,3.20330000,3.18960000,3.20010000,2203246.40000000,1753326899999999,7041682.71390000,24110,1071086.10000000,3423884.88669000,0
1753326900000000,3.20010000,3.22580000,3.19400000,3.22520000,1990432.40000000,1753327799999999,6394756.98278000,22327,1212509.50000000,3894547.74072000,0
1753327800000000,3.22520000,3.23030000,3.21110000,3.22660000,2218963.10000000,1753328699999999,7154654.23109000,21984,1093457.80000000,3525500.53739000,0
1753328700000000,3.22660000,3.22880000,3.18510000,3.19200000,1994649.50000000,1753329599999999,6386241.63222000,29977,919815.40000000,2944704.80160000,0
1753329600000000,3.19200000,3.19650000,3.16620000,3.19200000,3025831.90000000,1753330499999999,9629144.70264000,37362,1527248.40000000,4861616.99301000,0
1753330500000000,3.19190000,3.19190000,3.15820000,3.16420000,5569982.60000000,1753331399999999,17646668.47406000,32741,3068452.80000000,9722056.98825000,0
1753331400000000,3.16420000,3.16910000,3.12850000,3.13080000,7222839.00000000,1753332299999999,22742189.89947000,60094,3577146.70000000,11264082.70139000,0
1753332300000000,3.13070000,3.14570000,3.11610000,3.12530000,6967478.10000000,1753333199999999,21834587.13512000,59486,2959152.80000000,9273302.50705000,0
1753333200000000,3.12530000,3.13080000,3.08330000,3.08400000,8182707.00000000,1753334099999999,25413462.96862000,81809,3180642.10000000,9875005.58997000,0
1753334100000000,3.08390000,3.10730000,3.06780000,3.07490000,8965699.60000000,1753334999999999,27677307.45915000,86647,4324740.60000000,13356369.76636000,0
1753335000000000,3.07500000,3.11720000,3.06890000,3.10700000,6507224.80000000,1753335899999999,20122481.11096000,62949,3161084.70000000,9779020.56332000,0
1753335900000000,3.10700000,3.10790000,3.03180000,3.03600000,9093578.30000000,1753336799999999,27797921.43381000,94277,3663579.30000000,11202762.73541000,0
1753336800000000,3.03610000,3.08820000,3.03200000,3.08210000,5662980.00000000,1753337699999999,17324946.70061000,79126,2904187.70000000,8887183.26889000,0
1753337700000000,3.08210000,3.10280000,3.04580000,3.09690000,5607680.40000000,1753338599999999,17268290.70974000,76173,2650711.10000000,8162588.61419000,0
1753338600000000,3.09690000,3.10170000,3.00970000,3.01660000,7712307.60000000,1753339499999999,23470352.66578000,91413,2813351.10000000,8569624.18007000,0
1753339500000000,3.01650000,3.03350000,2.95550000,3.01260000,14830345.30000000,1753340399999999,44524324.86695000,144266,5794167.30000000,17396011.11425000,0
1753340400000000,3.01250000,3.04620000,2.96550000,3.04620000,11929277.90000000,1753341299999999,35871940.73807000,136010,5859488.30000000,17640901.08986000,0
1753341300000000,3.04620000,3.06230000,3.03960000,3.05070000,5281852.40000000,1753342199999999,16111852.54036000,69375,3014595.20000000,9196223.70118000,0
1753342200000000,3.05060000,3.05870000,3.02620000,3.05600000,3717378.70000000,1753343099999999,11304936.85253000,43161,2029350.40000000,6174263.41953000,0
1753343100000000,3.05600000,3.08000000,3.03500000,3.07500000,4233306.00000000,1753343999999999,12943862.34589000,36903,2559413.30000000,7830416.36278000,0
1753344000000000,3.07500000,3.10870000,3.05500000,3.10720000,4994002.30000000,1753344899999999,15404310.20656000,49980,2955753.70000000,9120199.87369000,0
1753344900000000,3.10710000,3.10740000,3.08520000,3.08840000,3909625.70000000,1753345799999999,12092078.75385000,44102,1914555.60000000,5920983.28596000,0
1753345800000000,3.08850000,3.10520000,3.08580000,3.09680000,2906726.10000000,1753346699999999,9001746.07524000,40206,1565864.50000000,4849099.23716000,0
1753346700000000,3.09680000,3.11000000,3.09570000,3.10130000,2166702.60000000,1753347599999999,6723519.48701000,22828,1120783.20000000,3477586.33513000,0
1753347600000000,3.10140000,3.11630000,3.09770000,3.10100000,2641645.20000000,1753348499999999,8209170.55948000,34636,1481975.60000000,4605749.86363000,0
1753348500000000,3.10100000,3.10750000,3.08930000,3.10750000,2443003.60000000,1753349399999999,7571037.03608000,31729,1044045.70000000,3235161.86712000,0
1753349400000000,3.10750000,3.11510000,3.09740000,3.11460000,2871445.50000000,1753350299999999,8918127.87660000,33184,1378386.10000000,4281891.13417000,0
1753350300000000,3.11460000,3.11980000,3.08750000,3.11550000,3018595.20000000,1753351199999999,9372975.07308000,36582,1442603.80000000,4481431.80239000,0
1753351200000000,3.11550000,3.13120000,3.10000000,3.10840000,4127380.90000000,1753352099999999,12854211.52690000,39861,2295019.60000000,7147299.48240000,0
1753352100000000,3.10830000,3.11620000,3.08380000,3.08600000,3092341.30000000,1753352999999999,9577364.16169000,40197,1288088.30000000,3990533.55764000,0
1753353000000000,3.08610000,3.09000000,3.06520000,3.08010000,4324776.40000000,1753353899999999,13306948.63601000,52821,1842990.90000000,5671087.26462000,0
1753353900000000,3.08010000,3.10880000,3.06900000,3.10370000,2967951.40000000,1753354799999999,9186898.30449000,38317,1712573.10000000,5298563.38656000,0
1753354800000000,3.10380000,3.13220000,3.09590000,3.12930000,4178907.30000000,1753355699999999,13003058.26832000,44854,2465599.00000000,7669607.55789000,0
1753355700000000,3.12920000,3.15940000,3.12590000,3.15510000,7800173.40000000,1753356599999999,24523496.19923000,64115,4372514.40000000,13743471.45401000,0
1753356600000000,3.15520000,3.17790000,3.14580000,3.17300000,10027372.70000000,1753357499999999,31755628.48186000,71126,4916621.50000000,15570613.20096000,0
1753357500000000,3.17290000,3.17880000,3.16010000,3.16850000,3261892.40000000,1753358399999999,10342616.40900000,45419,1767337.10000000,5603978.73761000,0
1753358400000000,3.16840000,3.18020000,3.14830000,3.16900000,2868813.20000000,1753359299999999,9080846.63725000,33933,1433159.20000000,4536864.22050000,0
1753359300000000,3.16900000,3.17550000,3.15200000,3.16560000,2104841.10000000,1753360199999999,6662366.10618000,51855,1063378.70000000,3366192.36663000,0
1753360200000000,3.16550000,3.16630000,3.13750000,3.15170000,3673006.90000000,1753361099999999,11573065.70440000,53921,1597443.60000000,5031820.38444000,0
1753361100000000,3.15180000,3.17060000,3.14440000,3.16140000,1495639.60000000,1753361999999999,4721287.99012000,40379,823484.70000000,2600378.92940000,0
1753362000000000,3.16150000,3.16550000,3.14850000,3.15960000,1909425.60000000,1753362899999999,6027604.84330000,39048,1126735.80000000,3556540.69511000,0
1753362900000000,3.15960000,3.18350000,3.15690000,3.17840000,2846277.80000000,1753363799999999,9023371.97722000,46957,1619927.30000000,5135648.43280000,0
1753363800000000,3.17840000,3.19250000,3.15450000,3.15890000,4494371.50000000,1753364699999999,14247027.90903000,94938,2214710.60000000,7020096.29765000,0
1753364700000000,3.15900000,3.17440000,3.13170000,3.13480000,4603756.90000000,1753365599999999,14507633.61066000,62396,1902945.80000000,5997048.80758000,0
1753365600000000,3.13480000,3.15600000,3.11850000,3.12840000,4071661.60000000,1753366499999999,12766060.01970000,59584,1924780.40000000,6033720.70376000,0
1753366500000000,3.12830000,3.15880000,3.12280000,3.15490000,3157298.90000000,1753367399999999,9920227.20399000,51560,1382460.20000000,4344681.82030000,0
1753367400000000,3.15490000,3.21920000,3.15370000,3.20910000,7057000.70000000,1753368299999999,22570407.28423000,82693,3753832.30000000,12002101.49173000,0
1753368300000000,3.20910000,3.24880000,3.20390000,3.24300000,8250660.00000000,1753369199999999,26614629.46818000,70709,4379842.10000000,14122615.25914000,0
1753369200000000,3.24300000,3.26510000,3.23250000,3.26470000,8555497.80000000,1753370099999999,27803983.65720000,94753,4371063.00000000,14206392.55445000,0
1753370100000000,3.26480000,3.26480000,3.22870000,3.23030000,5720458.50000000,1753370999999999,18555397.47989000,83205,2482198.90000000,8051449.36064000,0
1753371000000000,3.23030000,3.23490000,3.21000000,3.22340000,4906447.90000000,1753371899999999,15809470.91634000,69210,2216145.60000000,7142936.89231000,0
1753371900000000,3.22330000,3.23740000,3.21330000,3.22610000,1813362.10000000,1753372799999999,5852522.74973000,35191,812399.40000000,2621763.20228000,0
1753372800000000,3.22610000,3.23170000,3.20040000,3.20690000,2797119.50000000,1753373699999999,9004381.94419000,42192,1167159.20000000,3757932.49509000,0
1753373700000000,3.20680000,3.21980000,3.18540000,3.18630000,4435478.40000000,1753374599999999,14205697.62463000,57586,2254239.20000000,7220853.82539000,0
1753374600000000,3.18630000,3.19900000,3.17000000,3.17370000,4089822.60000000,1753375499999999,13010499.30987000,60559,1593874.30000000,5070708.63719000,0
1753375500000000,3.17380000,3.20640000,3.16860000,3.19580000,2607750.70000000,1753376399999999,8325970.23892000,40477,1128394.40000000,3602995.07957000,0
1753376400000000,3.19580000,3.21850000,3.19230000,3.21500000,2518140.50000000,1753377299999999,8078966.16730000,28849,1245591.10000000,3996083.86907000,0
1753377300000000,3.21480000,3.22920000,3.20570000,3.22120000,2161462.70000000,1753378199999999,6958297.87749000,26893,1105054.70000000,3557927.94568000,0
1753378200000000,3.22130000,3.23610000,3.22130000,3.23480000,1750677.60000000,1753379099999999,5655172.28259000,24787,820475.80000000,2650369.21037000,0
1753379100000000,3.23490000,3.24300000,3.22310000,3.22770000,1452313.20000000,1753379999999999,4696061.85445000,22423,598110.60000000,1934084.40397000,0
1753380000000000,3.22760000,3.24870000,3.21560000,3.24840000,2798547.50000000,1753380899999999,9048312.26536000,30473,1411629.60000000,4565504.84947000,0
1753380900000000,3.24840000,3.25210000,3.23730000,3.24460000,2048288.40000000,1753381799999999,6647348.64696000,26719,796252.00000000,2584448.47232000,0
1753381800000000,3.24460000,3.24830000,3.22850000,3.23660000,1800216.30000000,1753382699999999,5828700.09731000,32306,646382.40000000,2092773.84560000,0
1753382700000000,3.23680000,3.25060000,3.23390000,3.23770000,1770117.00000000,1753383599999999,5740084.98384000,25017,721322.90000000,2339224.73992000,0
1753383600000000,3.23770000,3.26030000,3.23600000,3.24990000,3104074.80000000,1753384499999999,10090061.93429000,21731,1348993.80000000,4382939.93956000,0
1753384500000000,3.25000000,3.25890000,3.24000000,3.24960000,1573556.50000000,1753385399999999,5113065.46090000,19856,689547.50000000,2241069.45133000,0
1753385400000000,3.24960000,3.25020000,3.22040000,3.22830000,2106108.20000000,1753386299999999,6805803.62498000,22409,970097.90000000,3134332.98210000,0
1753386300000000,3.22840000,3.24430000,3.20870000,3.20870000,1900486.10000000,1753387199999999,6138958.55498000,26189,782475.90000000,2528523.02320000,0
1753387200000000,3.20870000,3.22710000,3.20820000,3.22610000,2122673.90000000,1753388099999999,6830384.68388000,26261,1070220.50000000,3444120.09218000,0
1753388100000000,3.22620000,3.22930000,3.21450000,3.22520000,1305673.20000000,1753388999999999,4205995.79754000,15441,582944.90000000,1878006.98490000,0
1753389000000000,3.22530000,3.23470000,3.21570000,3.22600000,1890521.80000000,1753389899999999,6091887.10299000,17848,759692.10000000,2447975.51585000,0
1753389900000000,3.22600000,3.24260000,3.22500000,3.22870000,2595419.40000000,1753390799999999,8397244.44416000,17968,962335.30000000,3112292.92613000,0
1753390800000000,3.22880000,3.23060000,3.21000000,3.21200000,1785688.90000000,1753391699999999,5757246.78488000,18696,869944.20000000,2805183.05873000,0
1753391700000000,3.21210000,3.21550000,3.19650000,3.20160000,2627974.60000000,1753392599999999,8419238.00881000,20671,1162972.10000000,3725808.75002000,0
1753392600000000,3.20160000,3.20300000,3.18350000,3.19600000,2165868.60000000,1753393499999999,6913850.60314000,15736,978094.70000000,3122524.49487000,0
1753393500000000,3.19600000,3.20050000,3.18300000,3.18320000,1097567.20000000,1753394399999999,3501925.24537000,8581,412344.40000000,1316127.15696000,0
1753394400000000,3.18330000,3.19660000,3.17160000,3.17250000,2667017.90000000,1753395299999999,8492603.48727000,27289,1159414.20000000,3692257.55843000,0
1753395300000000,3.17240000,3.19020000,3.17150000,3.18980000,1129923.60000000,1753396199999999,3594543.80247000,17803,514026.10000000,1635420.68460000,0
1753396200000000,3.18980000,3.19480000,3.18030000,3.19300000,1102386.00000000,1753397099999999,3514824.55829000,15252,451257.20000000,1438828.40456000,0
1753397100000000,3.19310000,3.19310000,3.17570000,3.17750000,1221292.50000000,1753397999999999,3886048.57967000,13375,515111.90000000,1638629.32309000,0
1753398000000000,3.17750000,3.17750000,3.14390000,3.14510000,3217606.80000000,1753398899999999,10162091.75628000,33371,1138589.70000000,3595900.28879000,0
1753398900000000,3.14510000,3.15600000,3.13640000,3.14200000,2273867.80000000,1753399799999999,7156137.06583000,20652,1165632.10000000,3669402.08922000,0
1753399800000000,3.14210000,3.14550000,3.12600000,3.13640000,2476717.70000000,1753400699999999,7770199.18394000,24068,1036955.90000000,3253506.32617000,0
1753400700000000,3.13630000,3.14800000,3.13450000,3.14530000,1875019.90000000,1753401599999999,5890859.04880000,20413,719412.00000000,2259828.82349000,0
1753401600000000,3.14540000,3.15660000,3.11380000,3.12140000,3586913.50000000,1753402499999999,11223669.06545000,42715,1624368.50000000,5082323.73070000,0
1753402500000000,3.12150000,3.13480000,3.10690000,3.13190000,2250277.00000000,1753403399999999,7027163.81738000,35602,1268737.40000000,3963204.53924000,0
1753403400000000,3.13180000,3.13200000,3.09200000,3.11810000,3070614.70000000,1753404299999999,9530148.86401000,39315,1368944.90000000,4247414.75899000,0
1753404300000000,3.11810000,3.12910000,3.10480000,3.10650000,1807575.30000000,1753405199999999,5632042.49842000,26837,830526.10000000,2588861.94875000,0
1753405200000000,3.10650000,3.13060000,3.10470000,3.11550000,1529262.50000000,1753406099999999,4765191.39503000,32962,773882.80000000,2412063.59664000,0
1753406100000000,3.11550000,3.12980000,3.09920000,3.12390000,1287326.30000000,1753406999999999,4012071.38167000,32452,669599.70000000,2087833.37378000,0
1753407000000000,3.12380000,3.14270000,3.11200000,3.13090000,1329547.00000000,1753407899999999,4162155.59810000,32944,741611.00000000,2321844.60054000,0
1753407900000000,3.13090000,3.16180000,3.12590000,3.14900000,1835995.20000000,1753408799999999,5771797.34124000,31372,1063736.30000000,3343525.62390000,0
1753408800000000,3.14900000,3.15530000,3.13680000,3.14060000,1850601.90000000,1753409699999999,5820803.69186000,27307,1138821.40000000,3582508.79181000,0
1753409700000000,3.14070000,3.14210000,3.12430000,3.13150000,1344615.20000000,1753410599999999,4211180.27317000,21433,802288.60000000,2512325.88899000,0
1753410600000000,3.13160000,3.13410000,3.07660000,3.08390000,4822116.90000000,1753411499999999,14908458.54598000,40656,2150396.70000000,6648718.47789000,0
1753411500000000,3.08390000,3.09330000,3.06760000,3.07560000,3031593.20000000,1753412399999999,9347086.15499000,48466,1455903.90000000,4488657.33723000,0
1753412400000000,3.07560000,3.09760000,3.06060000,3.09550000,3593003.60000000,1753413299999999,11069560.03576000,56591,1858479.50000000,5726987.55157000,0
1753413300000000,3.09560000,3.10710000,3.08350000,3.08860000,2859181.80000000,1753414199999999,8847189.06911000,33662,1647758.20000000,5098623.11074000,0
1753414200000000,3.08860000,3.08860000,3.04470000,3.05440000,6506801.10000000,1753415099999999,19898537.13595000,77529,3196885.40000000,9774260.57483000,0
1753415100000000,3.05440000,3.07550000,3.04890000,3.06890000,3203666.10000000,1753415999999999,9818792.35921000,43307,1917812.80000000,5878351.11790000,0
1753416000000000,3.06890000,3.08520000,3.04840000,3.05460000,3031369.70000000,1753416899999999,9302090.65502000,56023,1615018.50000000,4956044.25099000,0
1753416900000000,3.05460000,3.08080000,3.04670000,3.07630000,2550308.10000000,1753417799999999,7806678.53825000,41401,1463997.40000000,4480854.96557000,0
1753417800000000,3.07630000,3.10610000,3.07470000,3.08960000,2699746.90000000,1753418699999999,8359016.81583000,37301,1766968.00000000,5470903.53354000,0
1753418700000000,3.08960000,3.11870000,3.08960000,3.11430000,2353240.00000000,1753419599999999,7309542.67022000,32925,1463300.50000000,4545420.88586000,0
1753419600000000,3.11440000,3.11660000,3.08900000,3.09420000,2740062.00000000,1753420499999999,8492311.26881000,29920,1317127.80000000,4081547.13087000,0
1753420500000000,3.09420000,3.11800000,3.09420000,3.10160000,2186275.10000000,1753421399999999,6793957.67958000,24997,1087639.50000000,3379509.46803000,0
1753421400000000,3.10160000,3.10160000,3.07770000,3.07970000,1822449.20000000,1753422299999999,5625760.58534000,19701,831618.00000000,2567804.11042000,0
1753422300000000,3.07960000,3.08320000,3.07050000,3.07610000,2635733.60000000,1753423199999999,8106737.59776000,25460,1121314.20000000,3449147.37719000,0
1753423200000000,3.07620000,3.07930000,3.04500000,3.06870000,3254660.20000000,1753424099999999,9959719.94453000,34049,1717228.60000000,5255166.94962000,0
1753424100000000,3.06870000,3.07610000,3.05830000,3.06830000,2403744.50000000,1753424999999999,7374875.20543000,24910,1572544.30000000,4824506.26290000,0
1753425000000000,3.06830000,3.08900000,3.06040000,3.08240000,1782025.60000000,1753425899999999,5484092.38417000,24623,977155.50000000,3006961.11242000,0
1753425900000000,3.08240000,3.08970000,3.07040000,3.07330000,2287870.30000000,1753426799999999,7049944.16300000,24832,1076003.40000000,3316392.89534000,0
1753426800000000,3.07320000,3.07840000,3.05560000,3.07660000,3285277.50000000,1753427699999999,10060597.20654000,42734,1521881.50000000,4660002.20015000,0
1753427700000000,3.07670000,3.10450000,3.07560000,3.07800000,3464170.90000000,1753428599999999,10716556.07222000,53887,1726028.50000000,5339112.43771000,0
1753428600000000,3.07790000,3.09120000,3.05820000,3.06070000,2895498.80000000,1753429499999999,8892913.77731000,37913,964218.90000000,2961374.00009000,0
1753429500000000,3.06060000,3.07970000,3.03530000,3.07450000,4344086.90000000,1753430399999999,13268932.20847000,53045,1557874.20000000,4761141.61514000,0
1753430400000000,3.07450000,3.08960000,3.06620000,3.08420000,2465829.80000000,1753431299999999,7589975.62618000,52547,1153062.70000000,3549485.64702000,0
1753431300000000,3.08420000,3.10950000,3.07900000,3.09930000,3211500.50000000,1753432199999999,9949766.86601000,41613,1550502.50000000,4803234.42882000,0
1753432200000000,3.09930000,3.10040000,3.06630000,3.06820000,1848319.90000000,1753433099999999,5695395.84422000,37404,648818.30000000,1998702.54954000,0
1753433100000000,3.06820000,3.08880000,3.06320000,3.08040000,1849283.00000000,1753433999999999,5694238.99488000,41564,1013631.60000000,3121193.81207000,0
1753434000000000,3.08050000,3.08300000,3.06580000,3.08150000,1751003.00000000,1753434899999999,5381599.03271000,40786,837033.50000000,2572904.96017000,0
1753434900000000,3.08150000,3.11370000,3.07180000,3.11370000,2464529.80000000,1753435799999999,7633952.39142000,36495,1432258.30000000,4436683.90350000,0
1753435800000000,3.11370000,3.14330000,3.11010000,3.11320000,4099482.30000000,1753436699999999,12822109.08927000,59960,2015290.80000000,6305760.03285000,0
1753436700000000,3.11320000,3.13540000,3.10330000,3.13510000,2814828.70000000,1753437599999999,8776661.08128000,46104,1532801.30000000,4780945.53870000,0
1753437600000000,3.13510000,3.14500000,3.11930000,3.12660000,3790452.10000000,1753438499999999,11872426.06281000,45758,2044352.10000000,6402346.08591000,0
1753438500000000,3.12660000,3.12670000,3.10950000,3.11310000,1636706.00000000,1753439399999999,5103903.93990000,20133,687083.90000000,2142704.32747000,0
1753439400000000,3.11310000,3.13340000,3.11230000,3.13060000,1766744.00000000,1753440299999999,5520602.19205000,21566,1003228.20000000,3134088.41681000,0
1753440300000000,3.13060000,3.13490000,3.11910000,3.12860000,1399512.30000000,1753441199999999,4376325.15203000,23479,663574.00000000,2074439.67769000,0
1753441200000000,3.12870000,3.14150000,3.12850000,3.13490000,1839212.90000000,1753442099999999,5767729.28629000,25078,962756.50000000,3018734.91302000,0
1753442100000000,3.13490000,3.15340000,3.13330000,3.14970000,1603246.30000000,1753442999999999,5041053.68009000,19422,898984.90000000,2827258.78398000,0
1753443000000000,3.14960000,3.15300000,3.12790000,3.12840000,1641175.60000000,1753443899999999,5156202.86119000,26888,774665.20000000,2434315.50611000,0
1753443900000000,3.12830000,3.14010000,3.12620000,3.13460000,969164.10000000,1753444799999999,3036993.32965000,20228,497864.90000000,1559705.47774000,0
1753444800000000,3.13460000,3.15230000,3.13100000,3.13910000,1833250.70000000,1753445699999999,5757099.31072000,37139,781507.90000000,2453713.70387000,0
1753445700000000,3.13920000,3.14280000,3.10430000,3.10550000,2200703.10000000,1753446599999999,6857991.89967000,45005,849714.30000000,2648073.23335000,0
1753446600000000,3.10560000,3.13100000,3.09710000,3.12770000,2466529.30000000,1753447499999999,7675979.83930000,44269,1022925.70000000,3184442.76580000,0
1753447500000000,3.12760000,3.13000000,3.11450000,3.12310000,1957173.10000000,1753448399999999,6110009.10256000,29054,780900.50000000,2437343.52846000,0
1753448400000000,3.12310000,3.12720000,3.11220000,3.11780000,1442205.00000000,1753449299999999,4499186.08724000,28992,628050.10000000,1959370.75309000,0
1753449300000000,3.11770000,3.13000000,3.11510000,3.12160000,979988.70000000,1753450199999999,3060934.92747000,21425,466354.10000000,1456657.30520000,0
1753450200000000,3.12160000,3.13830000,3.09470000,3.10550000,3586071.10000000,1753451099999999,11167354.60312000,68924,1547224.60000000,4821523.12191000,0
1753451100000000,3.10550000,3.12490000,3.10440000,3.11960000,1544147.50000000,1753451999999999,4807553.69718000,37178,686683.50000000,2137741.38096000,0
1753452000000000,3.11970000,3.12200000,3.07060000,3.07190000,3988095.90000000,1753452899999999,12338353.46625000,53879,1756953.10000000,5437420.49898000,0
1753452900000000,3.07190000,3.07610000,3.04840000,3.06190000,5576669.50000000,1753453799999999,17065071.78805000,74757,2965620.70000000,9075252.88687000,0
1753453800000000,3.06190000,3.06660000,3.01880000,3.02430000,9140812.30000000,1753454699999999,27739288.22805000,104830,4567129.20000000,13857112.54001000,0
1753454700000000,3.02440000,3.03870000,3.00000000,3.00570000,8875774.40000000,1753455599999999,26815399.78164000,95255,3663291.70000000,11072571.51884000,0
1753455600000000,3.00570000,3.03240000,2.99810000,3.02930000,6879602.70000000,1753456499999999,20765297.81729000,69080,3485437.60000000,10529084.07108000,0
1753456500000000,3.02940000,3.04610000,3.02680000,3.03580000,5220894.00000000,1753457399999999,15854334.79162000,50072,2715363.40000000,8245695.01122000,0
1753457400000000,3.03570000,3.04340000,3.00830000,3.02110000,5155380.70000000,1753458299999999,15586795.71784000,70231,2111393.10000000,6386648.82169000,0
1753458300000000,3.02120000,3.04500000,3.02070000,3.03750000,2982295.30000000,1753459199999999,9042064.06531000,50640,1582732.50000000,4798379.40474000,0
1753459200000000,3.03750000,3.05220000,3.03380000,3.04090000,2244087.00000000,1753460099999999,6832200.27236000,39901,1277691.20000000,3890368.58033000,0
1753460100000000,3.04090000,3.04870000,3.02610000,3.03850000,2311577.70000000,1753460999999999,7023578.16702000,41637,949348.70000000,2883783.63732000,0
1753461000000000,3.03840000,3.05180000,3.02540000,3.04020000,1807650.10000000,1753461899999999,5490052.96935000,43648,822573.10000000,2498153.89577000,0
1753461900000000,3.04010000,3.06340000,3.03740000,3.05870000,1462025.00000000,1753462799999999,4462161.62727000,31343,712818.30000000,2174934.79275000,0
1753462800000000,3.05860000,3.06830000,3.05490000,3.06510000,1724095.30000000,1753463699999999,5279819.48648000,26083,808420.10000000,2475603.81811000,0
1753463700000000,3.06500000,3.07160000,3.04960000,3.06270000,1464665.80000000,1753464599999999,4485361.05638000,28368,651886.20000000,1997398.49690000,0
1753464600000000,3.06280000,3.06990000,3.04870000,3.06720000,1234209.20000000,1753465499999999,3773883.76822000,26331,735737.70000000,2249505.02761000,0
1753465500000000,3.06720000,3.06950000,3.05970000,3.06030000,971377.40000000,1753466399999999,2977584.95314000,27612,501365.80000000,1536943.98339000,0
1753466400000000,3.06020000,3.07740000,3.05540000,3.06670000,2215127.70000000,1753467299999999,6791814.59045000,22733,1248473.80000000,3830781.89780000,0
1753467300000000,3.06680000,3.06990000,3.05670000,3.06330000,936133.50000000,1753468199999999,2868282.17131000,21678,528762.30000000,1620392.80547000,0
1753468200000000,3.06340000,3.07450000,3.05550000,3.07400000,1056308.60000000,1753469099999999,3235710.44960000,15640,534561.80000000,1637445.18798000,0
1753469100000000,3.07410000,3.07730000,3.06670000,3.07090000,798857.10000000,1753469999999999,2454460.10552000,17991,367211.20000000,1128126.97395000,0
1753470000000000,3.07100000,3.07930000,3.06540000,3.07790000,1009172.20000000,1753470899999999,3101972.73226000,18678,568221.20000000,1746513.68494000,0
1753470900000000,3.07790000,3.08140000,3.07040000,3.07090000,1107551.40000000,1753471799999999,3407328.56987000,18314,601253.80000000,1849631.50857000,0
1753471800000000,3.07090000,3.09480000,3.07090000,3.09470000,1348271.90000000,1753472699999999,4164778.45102000,16181,652148.20000000,2014052.01171000,0
1753472700000000,3.09460000,3.09760000,3.07040000,3.07070000,1647556.90000000,1753473599999999,5083696.99105000,25426,720689.90000000,2224986.36379000,0
1753473600000000,3.07080000,3.08430000,3.07080000,3.08310000,841765.80000000,1753474499999999,2592168.70710000,18380,387419.50000000,1193054.95920000,0
1753474500000000,3.08320000,3.11020000,3.08310000,3.10940000,2014603.20000000,1753475399999999,6246873.07084000,18007,1144176.00000000,3547056.84153000,0
1753475400000000,3.10940000,3.12580000,3.10530000,3.12460000,2251109.60000000,1753476299999999,7011651.71714000,25887,1038227.50000000,3234700.66065000,0
1753476300000000,3.12460000,3.13300000,3.11810000,3.12180000,2665685.40000000,1753477199999999,8334134.84807000,28695,1134893.90000000,3548460.60407000,0
1753477200000000,3.12180000,3.13950000,3.12180000,3.13880000,1897374.50000000,1753478099999999,5940250.22261000,21089,1089594.20000000,3411707.71083000,0
1753478100000000,3.13880000,3.14900000,3.13420000,3.14250000,2174961.40000000,1753478999999999,6837126.52507000,20550,1111334.00000000,3493419.59172000,0
1753479000000000,3.14250000,3.14600000,3.12860000,3.13200000,2300750.20000000,1753479899999999,7213814.70785000,20225,1137680.10000000,3566649.91669000,0
1753479900000000,3.13200000,3.14420000,3.13170000,3.13980000,1257989.30000000,1753480799999999,3948394.76472000,11632,527860.80000000,1656406.23049000,0
1753480800000000,3.13990000,3.14600000,3.13740000,3.14070000,1823194.50000000,1753481699999999,5727746.03086000,15904,867863.20000000,2726402.36869000,0
1753481700000000,3.14080000,3.14540000,3.13450000,3.14360000,1206958.10000000,1753482599999999,3790349.03919000,10353,492939.90000000,1548102.57546000,0
1753482600000000,3.14360000,3.15070000,3.14080000,3.14790000,1227212.40000000,1753483499999999,3862751.72491000,9466,629005.70000000,1980159.51971000,0
1753483500000000,3.14800000,3.14860000,3.13920000,3.14440000,1050470.70000000,1753484399999999,3302153.01978000,8875,558784.60000000,1756592.07818000,0
1753484400000000,3.14440000,3.14500000,3.13640000,3.13710000,658131.30000000,1753485299999999,2066706.88089000,7995,328517.30000000,1031687.00083000,0
1753485300000000,3.13710000,3.14430000,3.13700000,3.13920000,1060477.70000000,1753486199999999,3330324.33329000,7802,472713.40000000,1484846.90736000,0
1753486200000000,3.13920000,3.14030000,3.13210000,3.13210000,1071649.70000000,1753487099999999,3362355.22253000,8817,496201.20000000,1556959.40280000,0
1753487100000000,3.13210000,3.14250000,3.13210000,3.14230000,813627.10000000,1753487999999999,2553794.81255000,6769,368154.20000000,1155235.44069000,0
1753488000000000,3.14220000,3.14230000,3.12430000,3.12800000,1879580.10000000,1753488899999999,5885423.03667000,14894,640497.50000000,2005346.43798000,0
1753488900000000,3.12800000,3.14340000,3.12650000,3.13950000,1215298.60000000,1753489799999999,3810311.81386000,11004,624176.30000000,1958198.64242000,0
1753489800000000,3.13950000,3.14430000,3.13590000,3.13810000,880537.00000000,1753490699999999,2765138.63711000,9719,408888.70000000,1284174.06007000,0
1753490700000000,3.13800000,3.13890000,3.12870000,3.13500000,604766.70000000,1753491599999999,1894632.67763000,6360,292845.60000000,917363.57808000,0
1753491600000000,3.13500000,3.13940000,3.12880000,3.13870000,670758.20000000,1753492499999999,2101802.81551000,7609,333490.90000000,1045207.28415000,0
1753492500000000,3.13870000,3.13960000,3.12800000,3.13150000,769415.80000000,1753493399999999,2409930.32657000,7085,344453.00000000,1079213.09562000,0
1753493400000000,3.13150000,3.13400000,3.11890000,3.11940000,854043.30000000,1753494299999999,2670352.75399000,8472,416050.00000000,1301135.17329000,0
1753494300000000,3.11940000,3.12600000,3.10880000,3.11190000,2313811.00000000,1753495199999999,7209141.41908000,18110,1140164.50000000,3551383.69355000,0
1753495200000000,3.11200000,3.12350000,3.11200000,3.12340000,957225.20000000,1753496099999999,2984366.30353000,9960,616955.50000000,1923391.75779000,0
1753496100000000,3.12340000,3.14600000,3.12340000,3.14550000,1057145.40000000,1753496999999999,3315234.97862000,11025,606124.90000000,1900548.41168000,0
1753497000000000,3.14540000,3.16350000,3.14010000,3.14350000,2822932.90000000,1753497899999999,8899856.50679000,29650,1710436.00000000,5393257.69355000,0
1753497900000000,3.14350000,3.15460000,3.14230000,3.15170000,971030.80000000,1753498799999999,3058337.96822000,16673,434982.80000000,1370072.61400000,0
1753498800000000,3.15160000,3.15290000,3.13750000,3.14090000,751009.10000000,1753499699999999,2360891.23303000,11596,340322.20000000,1069906.36564000,0
1753499700000000,3.14090000,3.14770000,3.13540000,3.13620000,785541.10000000,1753500599999999,2468178.29251000,11064,360794.20000000,1133713.21781000,0
1753500600000000,3.13610000,3.14450000,3.13580000,3.14110000,583637.20000000,1753501499999999,1832662.14859000,7478,299422.50000000,940078.32633000,0
1753501500000000,3.14110000,3.14790000,3.13920000,3.14400000,344863.30000000,1753502399999999,1084646.46623000,6483,179985.40000000,566099.71540000,0
1753502400000000,3.14400000,3.14870000,3.13890000,3.14850000,946688.70000000,1753503299999999,2975239.21195000,7935,255451.20000000,802864.48197000,0
1753503300000000,3.14840000,3.14970000,3.14410000,3.14940000,839878.20000000,1753504199999999,2643564.66144000,6159,411027.80000000,1293858.64346000,0
1753504200000000,3.14930000,3.15600000,3.14790000,3.15590000,1193442.80000000,1753505099999999,3762155.86783000,8262,579534.30000000,1826772.74990000,0
1753505100000000,3.15600000,3.15760000,3.14840000,3.14850000,692105.70000000,1753505999999999,2182021.65996000,7873,237477.90000000,748683.36956000,0
1753506000000000,3.14840000,3.14870000,3.14120000,3.14270000,612532.20000000,1753506899999999,1925242.60346000,6912,248560.60000000,781251.21281000,0
1753506900000000,3.14260000,3.16090000,3.14260000,3.16090000,955274.20000000,1753507799999999,3012142.99739000,7518,515855.20000000,1626697.12347000,0
1753507800000000,3.16080000,3.17220000,3.15940000,3.16630000,2472645.00000000,1753508699999999,7826363.00980000,12580,1330239.40000000,4210276.29314000,0
1753508700000000,3.16640000,3.17660000,3.16630000,3.17190000,1295380.00000000,1753509599999999,4108965.43216000,14657,621062.60000000,1969998.85416000,0
1753509600000000,3.17190000,3.17340000,3.16020000,3.16320000,1027317.90000000,1753510499999999,3252268.69128000,11696,485661.50000000,1537470.59075000,0
1753510500000000,3.16320000,3.17150000,3.15750000,3.16190000,1364925.00000000,1753511399999999,4320725.93079000,9458,888750.80000000,2813724.22391000,0
1753511400000000,3.16200000,3.16590000,3.15690000,3.16370000,646466.00000000,1753512299999999,2044378.81695000,8554,332947.80000000,1052796.55396000,0
1753512300000000,3.16370000,3.16650000,3.15320000,3.15760000,676742.70000000,1753513199999999,2136583.45596000,9953,278053.10000000,877912.87098000,0
1753513200000000,3.15750000,3.16590000,3.15580000,3.16540000,534833.50000000,1753514099999999,1690501.05583000,7140,340638.50000000,1076833.33761000,0
1753514100000000,3.16530000,3.16620000,3.15890000,3.16080000,457127.70000000,1753514999999999,1445521.92569000,7995,230147.70000000,727768.43258000,0
1753515000000000,3.16080000,3.16300000,3.15250000,3.15630000,402467.00000000,1753515899999999,1270750.03538000,9889,184495.00000000,582568.25048000,0
1753515900000000,3.15640000,3.16020000,3.15320000,3.15510000,349704.60000000,1753516799999999,1104184.13536000,6871,152277.60000000,480830.24101000,0
1753516800000000,3.15520000,3.16090000,3.15410000,3.15500000,320723.90000000,1753517699999999,1012702.59264000,6665,147655.00000000,466296.24827000,0
1753517700000000,3.15500000,3.17120000,3.15420000,3.16850000,662167.80000000,1753518599999999,2095924.18877000,10938,324862.30000000,1028028.01554000,0
1753518600000000,3.16840000,3.17260000,3.16340000,3.17020000,727046.80000000,1753519499999999,2303768.87455000,11127,259133.30000000,821090.17497000,0
1753519500000000,3.17020000,3.17940000,3.16880000,3.17490000,1347613.60000000,1753520399999999,4279278.49785000,13530,573409.30000000,1820721.56484000,0
1753520400000000,3.17500000,3.18460000,3.17150000,3.18340000,1739817.60000000,1753521299999999,5527665.53400000,14065,1056858.60000000,3358226.15111000,0
1753521300000000,3.18350000,3.18590000,3.17820000,3.17970000,1090645.00000000,1753522199999999,3469705.65922000,12524,667118.90000000,2122267.46994000,0
1753522200000000,3.17970000,3.18750000,3.17570000,3.18710000,776117.40000000,1753523099999999,2469319.15639000,11871,400663.50000000,1274824.42632000,0
1753523100000000,3.18710000,3.19810000,3.18520000,3.19390000,2425570.70000000,1753523999999999,7744886.30085000,14412,1541812.30000000,4922954.57740000,0
1753524000000000,3.19380000,3.21030000,3.19320000,3.20660000,2130140.30000000,1753524899999999,6821287.36240000,22147,1327207.90000000,4249939.71949000,0
1753524900000000,3.20650000,3.21030000,3.19550000,3.19650000,1455392.50000000,1753525799999999,4658697.21483000,14980,724360.20000000,2318717.65018000,0
1753525800000000,3.19640000,3.21100000,3.19640000,3.21100000,2563496.40000000,1753526699999999,8212863.78861000,19901,1583034.00000000,5071260.46572000,0
1753526700000000,3.21100000,3.21110000,3.19640000,3.19990000,2248787.90000000,1753527599999999,7203765.05705000,15720,703208.70000000,2253421.79566000,0
1753527600000000,3.20000000,3.20260000,3.19490000,3.20000000,1164875.90000000,1753528499999999,3725348.10257000,10044,544769.30000000,1742320.94794000,0
1753528500000000,3.20000000,3.20040000,3.18450000,3.18880000,2085569.00000000,1753529399999999,6658416.35542000,13999,565531.50000000,1804910.77926000,0
1753529400000000,3.18880000,3.19500000,3.17850000,3.18190000,1797924.20000000,1753530299999999,5726802.13521000,15919,947450.10000000,3017547.04315000,0
1753530300000000,3.18200000,3.18590000,3.17760000,3.18550000,902035.60000000,1753531199999999,2871048.30104000,8321,394074.80000000,1254369.04007000,0
1753531200000000,3.18560000,3.18750000,3.17790000,3.18370000,947036.60000000,1753532099999999,3013331.30030000,11772,384018.30000000,1221841.83757000,0
1753532100000000,3.18370000,3.19560000,3.18370000,3.19090000,925423.10000000,1753532999999999,2953128.80548000,11881,463535.90000000,1479214.39983000,0
1753533000000000,3.19100000,3.19180000,3.18590000,3.19160000,588594.70000000,1753533899999999,1877288.14536000,8554,309972.50000000,988549.26196000,0
1753533900000000,3.19150000,3.19900000,3.18810000,3.19040000,947513.70000000,1753534799999999,3025589.38786000,8205,487783.40000000,1557658.31721000,0
1753534800000000,3.19050000,3.19050000,3.18070000,3.18320000,1074667.60000000,1753535699999999,3422903.92585000,10566,472909.40000000,1505966.92394000,0
1753535700000000,3.18310000,3.18360000,3.17820000,3.18020000,635854.20000000,1753536599999999,2022303.07748000,9261,286080.00000000,909875.79562000,0
1753536600000000,3.18030000,3.19610000,3.17820000,3.19520000,968337.70000000,1753537499999999,3086590.98080000,10609,489196.50000000,1559819.16434000,0
1753537500000000,3.19520000,3.19850000,3.18660000,3.18740000,702406.50000000,1753538399999999,2241705.32121000,10744,336129.80000000,1072574.31270000,0
1753538400000000,3.18740000,3.19750000,3.18160000,3.19060000,809383.70000000,1753539299999999,2581865.36967000,14145,336769.20000000,1074245.05253000,0
1753539300000000,3.19060000,3.19600000,3.18320000,3.18390000,778672.40000000,1753540199999999,2483504.94458000,12066,305154.20000000,973239.79729000,0
1753540200000000,3.18400000,3.18890000,3.17780000,3.18380000,839977.70000000,1753541099999999,2672579.09809000,14107,331911.10000000,1056111.21775000,0
1753541100000000,3.18380000,3.19320000,3.18100000,3.18110000,994045.20000000,1753541999999999,3168201.02960000,11771,533625.40000000,1700304.60357000,0
1753542000000000,3.18110000,3.18870000,3.17610000,3.17850000,1132641.50000000,1753542899999999,3602934.16536000,14896,434562.80000000,1382636.40396000,0
1753542900000000,3.17840000,3.18730000,3.17650000,3.18400000,1032938.00000000,1753543799999999,3286145.50123000,13003,468214.50000000,1489737.19527000,0
1753543800000000,3.18400000,3.18770000,3.17900000,3.18140000,670923.90000000,1753544699999999,2135351.49803000,10030,266454.30000000,848025.61503000,0
1753544700000000,3.18130000,3.19280000,3.18000000,3.19210000,791119.40000000,1753545599999999,2522809.50788000,8089,486980.00000000,1552756.58603000,0
1753545600000000,3.19210000,3.21080000,3.19130000,3.20350000,1969180.90000000,1753546499999999,6305844.66714000,19743,990933.10000000,3173143.54699000,0
1753546500000000,3.20350000,3.21810000,3.20120000,3.20970000,2780991.70000000,1753547399999999,8928471.41532000,28185,1068457.80000000,3431900.68220000,0
1753547400000000,3.20980000,3.21360000,3.19300000,3.19550000,1662233.90000000,1753548299999999,5323561.91315000,28571,659401.70000000,2111537.37318000,0
1753548300000000,3.19550000,3.19620000,3.18450000,3.19200000,1025404.20000000,1753549199999999,3270619.98931000,19989,544838.10000000,1737741.85885000,0
1753549200000000,3.19200000,3.19460000,3.17800000,3.18170000,1556268.00000000,1753550099999999,4953890.18662000,16270,758974.30000000,2416705.29790000,0
1753550100000000,3.18180000,3.18940000,3.17770000,3.18750000,546838.50000000,1753550999999999,1741599.46638000,10124,298139.10000000,949500.21681000,0
1753551000000000,3.18740000,3.18750000,3.16570000,3.16820000,1132683.20000000,1753551899999999,3595490.84356000,15173,405531.40000000,1287534.31880000,0
1753551900000000,3.16820000,3.17450000,3.16510000,3.17270000,807574.70000000,1753552799999999,2559519.77786000,12017,443084.60000000,1404164.16286000,0
1753552800000000,3.17270000,3.17750000,3.16810000,3.17610000,454918.20000000,1753553699999999,1443477.86157000,9913,251302.80000000,797389.60781000,0
1753553700000000,3.17620000,3.17820000,3.15840000,3.16800000,1582109.70000000,1753554599999999,5005735.85456000,15544,813170.00000000,2572420.95238000,0
1753554600000000,3.16790000,3.17590000,3.16770000,3.17250000,761780.00000000,1753555499999999,2416382.01679000,8803,404022.10000000,1281506.79013000,0
1753555500000000,3.17250000,3.18200000,3.17000000,3.17530000,1542366.50000000,1753556399999999,4903511.21520000,9616,478189.10000000,1520228.92689000,0
1753556400000000,3.17520000,3.18160000,3.17290000,3.17880000,501581.70000000,1753557299999999,1593932.27123000,10040,317119.20000000,1007667.35510000,0
1753557300000000,3.17890000,3.18350000,3.17450000,3.18340000,611432.40000000,1753558199999999,1943763.06130000,10692,386411.50000000,1228366.15436000,0
1753558200000000,3.18350000,3.18960000,3.17950000,3.18900000,381731.70000000,1753559099999999,1215234.59847000,10613,203310.10000000,647241.85118000,0
1753559100000000,3.18910000,3.19620000,3.18870000,3.19110000,597545.20000000,1753559999999999,1907834.15277000,8758,389258.30000000,1242917.18532000,0
1753560000000000,3.19110000,3.19200000,3.17830000,3.17830000,371021.30000000,1753560899999999,1180962.14287000,8143,206112.10000000,655986.59323000,0
1753560900000000,3.17830000,3.18060000,3.17050000,3.17060000,504810.90000000,1753561799999999,1603216.51470000,8674,190819.30000000,605947.21741000,0
1753561800000000,3.17060000,3.18300000,3.16840000,3.18160000,428042.70000000,1753562699999999,1359240.65392000,8158,223124.60000000,708356.41895000,0
1753562700000000,3.18170000,3.18610000,3.17430000,3.18290000,490233.20000000,1753563599999999,1559232.11984000,6596,231359.40000000,735764.12401000,0
1753563600000000,3.18280000,3.18280000,3.17270000,3.17280000,506346.10000000,1753564499999999,1609088.48224000,5681,107618.00000000,341939.23467000,0
1753564500000000,3.17270000,3.17870000,3.17180000,3.17840000,281673.00000000,1753565399999999,894488.36135000,5522,132407.60000000,420451.93641000,0
1753565400000000,3.17850000,3.18460000,3.17840000,3.18250000,435817.30000000,1753566299999999,1386765.99893000,5206,182607.10000000,581011.79360000,0
1753566300000000,3.18260000,3.19530000,3.18250000,3.19250000,448385.60000000,1753567199999999,1430434.14929000,5123,215552.90000000,687661.83015000,0
1753567200000000,3.19240000,3.20260000,3.18840000,3.19880000,974504.70000000,1753568099999999,3114475.40383000,14715,493704.20000000,1578052.37902000,0
1753568100000000,3.19890000,3.20980000,3.19180000,3.19260000,1445723.40000000,1753568999999999,4629855.73994000,17479,629166.30000000,2015320.93904000,0
1753569000000000,3.19250000,3.19640000,3.18280000,3.18840000,851674.20000000,1753569899999999,2715386.46806000,14847,549581.00000000,1752072.53612000,0
1753569900000000,3.18840000,3.19090000,3.18020000,3.18190000,502885.00000000,1753570799999999,1602109.53201000,7048,186388.70000000,593890.14614000,0
1753570800000000,3.18190000,3.18210000,3.17290000,3.17300000,630706.60000000,1753571699999999,2003742.71031000,8579,247387.70000000,785821.71682000,0
1753571700000000,3.17300000,3.18150000,3.17130000,3.17660000,521067.70000000,1753572599999999,1654944.23585000,9088,267697.00000000,850127.11295000,0
1753572600000000,3.17660000,3.17660000,3.16950000,3.17100000,485616.50000000,1753573499999999,1540893.71241000,8147,264461.80000000,839205.53679000,0
1753573500000000,3.17100000,3.17100000,3.16370000,3.16620000,831487.40000000,1753574399999999,2632806.12357000,9440,357575.50000000,1132203.47431000,0
1753574400000000,3.16620000,3.16890000,3.15640000,3.16800000,1181740.60000000,1753575299999999,3737290.06267000,14783,425088.50000000,1344556.18005000,0
1753575300000000,3.16790000,3.18330000,3.16630000,3.17610000,1710198.60000000,1753576199999999,5430556.08020000,11531,1237918.60000000,3931486.55128000,0
1753576200000000,3.17610000,3.18070000,3.16810000,3.17030000,478990.70000000,1753577099999999,1520993.24809000,7638,169204.40000000,537366.56089000,0
1753577100000000,3.17040000,3.18170000,3.16480000,3.18150000,491957.30000000,1753577999999999,1560997.33025000,8765,215816.20000000,684868.44358000,0
1753578000000000,3.18150000,3.19390000,3.17510000,3.18990000,1014534.90000000,1753578899999999,3231803.39338000,9119,637380.70000000,2030477.61876000,0
1753578900000000,3.19000000,3.19960000,3.18820000,3.19820000,1119169.80000000,1753579799999999,3576367.51225000,9187,464007.90000000,1482868.19575000,0
1753579800000000,3.19830000,3.20250000,3.19120000,3.19410000,1243844.30000000,1753580699999999,3977275.31187000,10088,587857.50000000,1880093.60212000,0
1753580700000000,3.19400000,3.19410000,3.18620000,3.18700000,666793.80000000,1753581599999999,2127546.65562000,8606,245904.30000000,784528.43593000,0
1753581600000000,3.18700000,3.18940000,3.17730000,3.18770000,483462.10000000,1753582499999999,1538722.67057000,10688,211991.30000000,674758.40820000,0
1753582500000000,3.18770000,3.19740000,3.18770000,3.19290000,437274.00000000,1753583399999999,1396864.82824000,7052,208778.20000000,666930.82893000,0
1753583400000000,3.19280000,3.20030000,3.19070000,3.19680000,605689.30000000,1753584299999999,1936644.14244000,7925,259245.80000000,829178.35282000,0
1753584300000000,3.19670000,3.20640000,3.19060000,3.19810000,734532.00000000,1753585199999999,2350879.64259000,13278,334064.80000000,1069217.04262000,0
1753585200000000,3.19820000,3.20070000,3.18710000,3.18720000,550867.20000000,1753586099999999,1758890.07158000,9092,216712.30000000,691906.75841000,0
1753586100000000,3.18720000,3.19170000,3.18250000,3.19050000,623412.60000000,1753586999999999,1986257.39427000,7133,389023.50000000,1239289.41445000,0
1753587000000000,3.19050000,3.20290000,3.18930000,3.20270000,705084.90000000,1753587899999999,2253273.99651000,8152,465723.00000000,1488535.84623000,0
1753587900000000,3.20260000,3.20490000,3.19650000,3.19940000,698572.90000000,1753588799999999,2236224.15282000,10806,281691.70000000,901619.99408000,0
1753588800000000,3.19940000,3.20690000,3.19170000,3.20100000,1048990.70000000,1753589699999999,3354960.54859000,12909,509054.40000000,1627326.60053000,0
1753589700000000,3.20100000,3.21790000,3.19910000,3.21060000,1653095.40000000,1753590599999999,5307045.48289000,12323,872355.30000000,2800858.64914000,0
1753590600000000,3.21050000,3.21950000,3.20780000,3.20980000,852818.30000000,1753591499999999,2740255.99220000,13314,378136.00000000,1215206.29774000,0
1753591500000000,3.20990000,3.21110000,3.20430000,3.20960000,461495.30000000,1753592399999999,1480494.86505000,9077,243493.70000000,781113.24995000,0
1753592400000000,3.20970000,3.21630000,3.20570000,3.21510000,604878.70000000,1753593299999999,1942031.81005000,10315,300395.50000000,964466.68198000,0
1753593300000000,3.21510000,3.23560000,3.21200000,3.23210000,3245381.30000000,1753594199999999,10471678.82884000,22918,1700001.40000000,5486253.16105000,0
1753594200000000,3.23210000,3.23870000,3.22090000,3.23000000,2106129.40000000,1753595099999999,6800365.14051000,25331,1022433.10000000,3301414.61326000,0
1753595100000000,3.23000000,3.23110000,3.21720000,3.22260000,1167586.50000000,1753595999999999,3762643.30033000,13333,561385.90000000,1808835.95727000,0
1753596000000000,3.22260000,3.22320000,3.21010000,3.21500000,705075.00000000,1753596899999999,2267455.53439000,10540,354674.00000000,1140345.19495000,0
1753596900000000,3.21490000,3.22050000,3.20320000,3.20540000,933738.90000000,1753597799999999,2999455.71814000,11162,392243.90000000,1259744.28607000,0
1753597800000000,3.20540000,3.21340000,3.20010000,3.21330000,956076.80000000,1753598699999999,3064412.10047000,12507,512588.50000000,1643083.24072000,0
1753598700000000,3.21330000,3.21390000,3.19860000,3.20160000,753337.90000000,1753599599999999,2413055.70477000,11579,323366.90000000,1035948.24152000,0
1753599600000000,3.20160000,3.20480000,3.19380000,3.20070000,984108.80000000,1753600499999999,3147701.44428000,12727,460758.40000000,1474008.29483000,0
1753600500000000,3.20080000,3.20430000,3.19770000,3.19820000,629326.40000000,1753601399999999,2014442.83599000,8702,258116.50000000,826213.51444000,0
1753601400000000,3.19810000,3.19900000,3.19020000,3.19260000,1307495.20000000,1753602299999999,4174767.65291000,10815,568807.20000000,1816139.72678000,0
1753602300000000,3.19260000,3.19570000,3.18580000,3.18970000,874509.20000000,1753603199999999,2790200.40746000,11232,418938.20000000,1336527.11278000,0
1753603200000000,3.18970000,3.19310000,3.18510000,3.18530000,673667.40000000,1753604099999999,2148423.40503000,9480,296930.00000000,947051.60449000,0
1753604100000000,3.18520000,3.18810000,3.17860000,3.17920000,1335228.80000000,1753604999999999,4250485.64993000,11864,631039.40000000,2008508.25916000,0
1753605000000000,3.17920000,3.18500000,3.17320000,3.18360000,1465619.90000000,1753605899999999,4657229.98221000,12304,722521.30000000,2295929.48468000,0
1753605900000000,3.18370000,3.18750000,3.17960000,3.18480000,1154712.20000000,1753606799999999,3677475.94793000,9672,602555.30000000,1918955.47763000,0
1753606800000000,3.18480000,3.19060000,3.17720000,3.18600000,888101.50000000,1753607699999999,2828545.49100000,13227,448744.70000000,1429087.05927000,0
1753607700000000,3.18600000,3.18630000,3.17900000,3.17960000,611531.60000000,1753608599999999,1946016.10812000,8733,236721.50000000,753182.25388000,0
1753608600000000,3.17960000,3.18490000,3.17040000,3.17350000,889020.80000000,1753609499999999,2825554.50430000,9239,460352.90000000,1462938.05225000,0
1753609500000000,3.17350000,3.17490000,3.16740000,3.17110000,1252598.10000000,1753610399999999,3971974.82834000,12471,660597.20000000,2094864.23046000,0
1753610400000000,3.17110000,3.18230000,3.17040000,3.18170000,606480.80000000,1753611299999999,1927468.02017000,9928,400157.60000000,1271609.94574000,0
1753611300000000,3.18170000,3.18800000,3.17840000,3.17840000,694649.80000000,1753612199999999,2211333.83629000,8150,217906.40000000,693749.32340000,0
1753612200000000,3.17840000,3.19510000,3.17610000,3.19360000,803374.10000000,1753613099999999,2562122.92937000,9677,490125.40000000,1563353.75029000,0
1753613100000000,3.19360000,3.21000000,3.19310000,3.20260000,1595637.60000000,1753613999999999,5112576.00021000,18650,855282.80000000,2740417.92020000,0
1753614000000000,3.20260000,3.20900000,3.19820000,3.20220000,1225723.00000000,1753614899999999,3927149.77525000,20379,583156.60000000,1868545.10312000,0
1753614900000000,3.20230000,3.21480000,3.19410000,3.19830000,2198735.60000000,1753615799999999,7042189.03350000,18000,847984.10000000,2718402.92584000,0
1753615800000000,3.19830000,3.20000000,3.18370000,3.18780000,858278.20000000,1753616699999999,2738049.90008000,14406,488764.10000000,1559252.74762000,0
1753616700000000,3.18780000,3.18820000,3.17430000,3.18020000,1255398.50000000,1753617599999999,3991236.84408000,16425,644305.50000000,2048132.84830000,0
1753617600000000,3.18020000,3.18630000,3.17210000,3.18300000,1460823.00000000,1753618499999999,4643635.56070000,22729,988178.90000000,3141258.40627000,0
1753618500000000,3.18310000,3.18540000,3.17210000,3.17350000,924536.00000000,1753619399999999,2939941.22088000,11199,535874.70000000,1703582.56320000,0
1753619400000000,3.17360000,3.17810000,3.16300000,3.17640000,2465338.20000000,1753620299999999,7815378.59802000,19991,1073386.30000000,3402568.21552000,0
1753620300000000,3.17650000,3.19770000,3.17500000,3.19470000,1693471.50000000,1753621199999999,5399953.11177000,16580,930858.10000000,2967124.42943000,0
1753621200000000,3.19470000,3.20740000,3.19070000,3.19630000,1804980.10000000,1753622099999999,5774567.45388000,21479,991784.90000000,3173395.13936000,0
1753622100000000,3.19630000,3.20730000,3.19510000,3.20720000,1291491.30000000,1753622999999999,4134497.92259000,17462,740049.30000000,2369613.08057000,0
1753623000000000,3.20730000,3.20770000,3.19270000,3.19620000,901491.40000000,1753623899999999,2884690.83400000,14578,394097.90000000,1261332.48752000,0
1753623900000000,3.19620000,3.19910000,3.18360000,3.18610000,1281507.70000000,1753624799999999,4089527.43672000,20715,407137.60000000,1298971.94109000,0
1753624800000000,3.18610000,3.19630000,3.18070000,3.19340000,1084921.30000000,1753625699999999,3460443.89477000,26477,431529.70000000,1376343.99564000,0
1753625700000000,3.19350000,3.20180000,3.18710000,3.19560000,897524.00000000,1753626599999999,2867632.02979000,17705,314361.40000000,1004254.90434000,0
1753626600000000,3.19560000,3.19900000,3.17850000,3.17850000,1189432.50000000,1753627499999999,3788382.15621000,19564,280435.00000000,893840.39856000,0
1753627500000000,3.17850000,3.18710000,3.17120000,3.18030000,1800496.90000000,1753628399999999,5718873.98765000,29315,762508.30000000,2422084.00828000,0
1753628400000000,3.18030000,3.18180000,3.16800000,3.17080000,1938695.70000000,1753629299999999,6151212.89504000,28519,707377.80000000,2244867.34356000,0
1753629300000000,3.17090000,3.18430000,3.16750000,3.17710000,1911312.70000000,1753630199999999,6073083.81852000,36561,685734.00000000,2178171.27570000,0
1753630200000000,3.17710000,3.18060000,3.17050000,3.17970000,1058080.60000000,1753631099999999,3360977.19048000,24763,332082.70000000,1054609.16484000,0
1753631100000000,3.17970000,3.18780000,3.17660000,3.18660000,1052474.10000000,1753631999999999,3350941.65130000,16594,319962.40000000,1018686.40958000,0
1753632000000000,3.18660000,3.22000000,3.18500000,3.21990000,4878904.80000000,1753632899999999,15640318.88193000,33550,3005015.00000000,9636520.80781000,0
1753632900000000,3.21990000,3.22750000,3.21170000,3.22540000,3603492.40000000,1753633799999999,11603491.80617000,30197,1452150.70000000,4677164.00439000,0
1753633800000000,3.22550000,3.22880000,3.20900000,3.20910000,2126333.70000000,1753634699999999,6851860.00384000,26150,1096107.20000000,3531781.06224000,0
1753634700000000,3.20910000,3.21980000,3.18410000,3.19600000,1909141.20000000,1753635599999999,6109868.65761000,29486,681387.40000000,2181339.43532000,0
1753635600000000,3.19610000,3.19900000,3.18060000,3.18590000,2042647.90000000,1753636499999999,6511092.28619000,32336,1024499.10000000,3265682.57557000,0
1753636500000000,3.18600000,3.19420000,3.17680000,3.19300000,2553899.80000000,1753637399999999,8127685.16956000,28866,1115892.00000000,3552460.69852000,0
1753637400000000,3.19300000,3.19680000,3.18000000,3.18820000,1458449.40000000,1753638299999999,4650669.94544000,15810,775837.50000000,2474615.23459000,0
1753638300000000,3.18820000,3.20990000,3.18710000,3.20550000,5012335.40000000,1753639199999999,16048163.31055000,18794,2462614.10000000,7884193.62893000,0
1753639200000000,3.20550000,3.20770000,3.19780000,3.20510000,1201345.80000000,1753640099999999,3848788.86580000,14348,559438.20000000,1792260.52031000,0
1753640100000000,3.20510000,3.21290000,3.19580000,3.20940000,1622574.30000000,1753640999999999,5202643.07669000,18837,887811.40000000,2846918.13839000,0
1753641000000000,3.20940000,3.21230000,3.20070000,3.20980000,935579.00000000,1753641899999999,3001196.72392000,11367,361815.90000000,1160447.57421000,0
1753641900000000,3.20970000,3.21470000,3.19960000,3.21290000,1080290.80000000,1753642799999999,3463736.69630000,12009,489104.30000000,1568488.62875000,0
1753642800000000,3.21290000,3.21700000,3.20510000,3.20820000,1222184.70000000,1753643699999999,3925248.86785000,12832,495554.50000000,1591596.83445000,0
1753643700000000,3.20810000,3.20930000,3.19900000,3.20390000,828862.90000000,1753644599999999,2655204.22913000,11746,419109.10000000,1342748.07440000,0
1753644600000000,3.20380000,3.21520000,3.20140000,3.20910000,797058.10000000,1753645499999999,2557416.35068000,9278,405736.00000000,1301945.39162000,0
1753645500000000,3.20900000,3.21730000,3.19940000,3.20880000,1826313.40000000,1753646399999999,5860982.81004000,13838,747234.50000000,2397649.35447000,0
1753646400000000,3.20890000,3.23080000,3.20780000,3.22230000,2301867.70000000,1753647299999999,7422691.40771000,15801,1040246.10000000,3353955.37727000,0
1753647300000000,3.22230000,3.23100000,3.22180000,3.22870000,1345868.20000000,1753648199999999,4343541.41149000,15555,619640.70000000,1999467.14110000,0
1753648200000000,3.22880000,3.22910000,3.21090000,3.21210000,1157332.00000000,1753649099999999,3726167.06904000,15091,396819.30000000,1277126.72549000,0
1753649100000000,3.21200000,3.21620000,3.19460000,3.20240000,1307456.10000000,1753649999999999,4189907.03748000,17208,537767.00000000,1723716.88733000,0
1753650000000000,3.20250000,3.20530000,3.19170000,3.19180000,1041388.30000000,1753650899999999,3329857.23038000,17404,510667.80000000,1633115.37154000,0
1753650900000000,3.19170000,3.20380000,3.18930000,3.20200000,1283325.70000000,1753651799999999,4099195.00452000,16766,734645.60000000,2346520.44786000,0
1753651800000000,3.20200000,3.20780000,3.19830000,3.19870000,683302.30000000,1753652699999999,2187903.92811000,12160,255128.00000000,816803.75092000,0
1753652700000000,3.19880000,3.21880000,3.19870000,3.21570000,829623.90000000,1753653599999999,2664901.17169000,11494,415677.40000000,1334737.49189000,0
1753653600000000,3.21580000,3.24740000,3.21340000,3.24650000,4468262.50000000,1753654499999999,14452341.79100000,31492,2535349.90000000,8202958.27575000,0
1753654500000000,3.24640000,3.25150000,3.23340000,3.24280000,2953757.80000000,1753655399999999,9584794.93566000,28094,1417440.60000000,4599555.26032000,0
1753655400000000,3.24280000,3.24900000,3.23460000,3.24840000,1330419.50000000,1753656299999999,4313793.30089000,16303,727896.90000000,2360382.35399000,0
1753656300000000,3.24830000,3.25030000,3.23450000,3.23460000,1364851.30000000,1753657199999999,4426786.74943000,18230,748201.20000000,2426987.61748000,0
1753657200000000,3.23450000,3.23530000,3.20720000,3.21330000,2458812.60000000,1753658099999999,7915987.74294000,34605,1147865.10000000,3695362.81478000,0
1753658100000000,3.21320000,3.23250000,3.21320000,3.23020000,1556563.20000000,1753658999999999,5016685.34225000,21845,1044700.20000000,3367324.32026000,0
1753659000000000,3.23020000,3.23330000,3.21950000,3.22920000,788727.80000000,1753659899999999,2546178.23095000,16132,447983.70000000,1446379.74339000,0
1753659900000000,3.22910000,3.24390000,3.22840000,3.23890000,1182731.90000000,1753660799999999,3828541.31994000,11756,639097.60000000,2069153.88994000,0
1753660800000000,3.23900000,3.24190000,3.22370000,3.24190000,1300060.50000000,1753661699999999,4200253.51585000,23589,581578.70000000,1879403.95911000,0
1753661700000000,3.24200000,3.28550000,3.23890000,3.28540000,5540887.30000000,1753662599999999,18078255.72814000,60201,3206110.40000000,10459926.38487000,0
1753662600000000,3.28540000,3.28640000,3.25780000,3.26410000,3301817.60000000,1753663499999999,10803313.47077000,61264,1499880.70000000,4906667.44005000,0
1753663500000000,3.26420000,3.27690000,3.25280000,3.26200000,2902290.40000000,1753664399999999,9481961.22628000,43590,1105038.10000000,3609811.42780000,0
1753664400000000,3.26210000,3.26950000,3.24760000,3.24870000,1605953.80000000,1753665299999999,5231178.62348000,35705,875011.90000000,2850561.12945000,0
1753665300000000,3.24860000,3.26280000,3.23780000,3.24330000,2180675.70000000,1753666199999999,7086721.79637000,34050,1184899.70000000,3850386.13559000,0
1753666200000000,3.24320000,3.24340000,3.22240000,3.22630000,2163753.90000000,1753667099999999,6989179.36762000,28586,1078395.20000000,3482771.79620000,0
1753667100000000,3.22630000,3.24470000,3.22610000,3.24460000,1687198.80000000,1753667999999999,5455116.23944000,22414,918239.50000000,2969290.33621000,0
1753668000000000,3.24470000,3.24940000,3.23700000,3.24820000,1736880.20000000,1753668899999999,5631982.08161000,18889,1200381.00000000,3892401.63475000,0
1753668900000000,3.24820000,3.26500000,3.24780000,3.26400000,2106953.50000000,1753669799999999,6860683.90823000,19764,1131873.50000000,3685915.68734000,0
1753669800000000,3.26400000,3.29280000,3.25950000,3.27700000,4172758.60000000,1753670699999999,13692038.04370000,47531,2406537.50000000,7896326.06369000,0
1753670700000000,3.27700000,3.28730000,3.26730000,3.26900000,2220064.30000000,1753671599999999,7274116.02740000,18772,1341737.00000000,4397108.53099000,0
1753671600000000,3.26890000,3.27890000,3.25330000,3.25400000,1816547.30000000,1753672499999999,5932276.85491000,17643,1023145.20000000,3341421.65732000,0
1753672500000000,3.25390000,3.26190000,3.24940000,3.25330000,1479923.40000000,1753673399999999,4817109.56628000,19186,835519.50000000,2719665.98059000,0
1753673400000000,3.25340000,3.27590000,3.25190000,3.27370000,1820294.00000000,1753674299999999,5945729.16772000,21992,1101297.80000000,3596866.47417000,0
1753674300000000,3.27360000,3.27980000,3.26510000,3.26930000,1172503.80000000,1753675199999999,3837035.23232000,16102,532036.00000000,1741284.35830000,0
1753675200000000,3.26930000,3.27550000,3.25730000,3.25860000,1236838.50000000,1753676099999999,4037833.85833000,22131,519514.20000000,1695617.15079000,0
1753676100000000,3.25850000,3.26590000,3.25000000,3.26410000,1655968.30000000,1753676999999999,5391944.87129000,20662,681142.70000000,2218213.76448000,0
1753677000000000,3.26400000,3.27540000,3.25650000,3.27250000,1495571.30000000,1753677899999999,4884222.58660000,21530,831738.10000000,2716256.56651000,0
1753677900000000,3.27250000,3.27360000,3.26570000,3.27240000,755398.70000000,1753678799999999,2470198.33698000,17465,339766.20000000,1111006.05662000,0
1753678800000000,3.27250000,3.27860000,3.26450000,3.27800000,1290229.60000000,1753679699999999,4223433.39159000,16417,593212.50000000,1941638.03885000,0
1753679700000000,3.27810000,3.29680000,3.27690000,3.29160000,3154384.70000000,1753680599999999,10373426.88511000,29542,1822620.40000000,5992321.23003000,0
1753680600000000,3.29160000,3.30560000,3.27930000,3.30560000,3542930.40000000,1753681499999999,11673613.21888000,31976,1947844.70000000,6421841.04252000,0
1753681500000000,3.30550000,3.33080000,3.29720000,3.31920000,5898561.20000000,1753682399999999,19565740.58901000,51592,2990922.10000000,9920256.47882000,0
1753682400000000,3.31920000,3.32550000,3.30780000,3.31390000,1968526.90000000,1753683299999999,6527193.54861000,30624,1015219.90000000,3365908.82145000,0
1753683300000000,3.31390000,3.31550000,3.29580000,3.29660000,2427761.80000000,1753684199999999,8021877.06753000,21971,1283950.60000000,4241964.85063000,0
1753684200000000,3.29670000,3.30510000,3.28740000,3.28750000,2689967.40000000,1753685099999999,8864814.92576000,19170,1307726.20000000,4309650.12496000,0
1753685100000000,3.28750000,3.29400000,3.28460000,3.28980000,2450172.00000000,1753685999999999,8056055.02157000,15993,1520710.20000000,4999356.49083000,0
1753686000000000,3.28980000,3.29420000,3.25960000,3.26920000,4716142.90000000,1753686899999999,15433460.92759000,39662,2546675.60000000,8331828.64447000,0
1753686900000000,3.26920000,3.28640000,3.26260000,3.28350000,2410084.50000000,1753687799999999,7891026.93033000,30844,1372266.10000000,4494427.01927000,0
1753687800000000,3.28340000,3.28340000,3.26600000,3.27110000,2181239.80000000,1753688699999999,7140393.86318000,31437,1053777.20000000,3449378.33620000,0
1753688700000000,3.27110000,3.27820000,3.27070000,3.27370000,1412761.80000000,1753689599999999,4626429.14554000,13495,736242.00000000,2410615.79966000,0
1753689600000000,3.27360000,3.27770000,3.25640000,3.26000000,2285645.90000000,1753690499999999,7467085.62960000,18658,1204371.50000000,3933845.28869000,0
1753690500000000,3.26010000,3.27060000,3.25700000,3.26420000,2240878.90000000,1753691399999999,7312341.04967000,24047,1116328.20000000,3643140.95373000,0
1753691400000000,3.26410000,3.26540000,3.25000000,3.25650000,2531889.10000000,1753692299999999,8242019.57548000,20033,1125425.10000000,3664112.91060000,0
1753692300000000,3.25640000,3.26570000,3.25270000,3.26370000,1438006.40000000,1753693199999999,4686055.79286000,13807,822386.60000000,2679726.31570000,0
1753693200000000,3.26380000,3.26420000,3.25180000,3.25240000,1638302.00000000,1753694099999999,5337916.41620000,15185,832688.90000000,2712714.94691000,0
1753694100000000,3.25250000,3.26300000,3.24810000,3.25710000,2142377.90000000,1753694999999999,6976764.27099000,20836,1144147.90000000,3726068.31202000,0
1753695000000000,3.25710000,3.25800000,3.24170000,3.24350000,2624785.10000000,1753695899999999,8530993.52792000,21794,1279660.70000000,4158084.36039000,0
1753695900000000,3.24340000,3.26120000,3.23880000,3.25330000,2161823.40000000,1753696799999999,7023061.14833000,26615,1233161.30000000,4005223.64136000,0
1753696800000000,3.25330000,3.25500000,3.24380000,3.24480000,958194.50000000,1753697699999999,3112665.69896000,15417,469426.20000000,1524804.14456000,0
1753697700000000,3.24480000,3.25770000,3.24110000,3.25270000,1144776.10000000,1753698599999999,3721587.38604000,18495,467043.10000000,1518242.73531000,0
1753698600000000,3.25270000,3.25270000,3.23260000,3.23530000,2183454.00000000,1753699499999999,7069906.81810000,29979,930197.90000000,3011953.67783000,0
1753699500000000,3.23530000,3.24150000,3.23190000,3.23890000,1239954.20000000,1753700399999999,4013616.21309000,21244,569652.30000000,1843595.07614000,0
1753700400000000,3.23890000,3.23930000,3.22890000,3.22980000,1173811.90000000,1753701299999999,3795309.18450000,19296,469090.80000000,1516902.92349000,0
1753701300000000,3.22970000,3.23080000,3.22430000,3.22500000,1384898.00000000,1753702199999999,4469444.55253000,18565,585054.10000000,1888074.19554000,0
1753702200000000,3.22500000,3.24300000,3.22410000,3.23970000,2164303.30000000,1753703099999999,6998304.63581000,18418,1059913.30000000,3428055.81796000,0
1753703100000000,3.23970000,3.24970000,3.23970000,3.24480000,1687907.80000000,1753703999999999,5480675.15952000,18614,734858.60000000,2385893.33855000,0
1753704000000000,3.24490000,3.24650000,3.23160000,3.24060000,1473261.30000000,1753704899999999,4772608.67435000,27827,578304.40000000,1873356.21911000,0
1753704900000000,3.24050000,3.24950000,3.23790000,3.24140000,2415573.60000000,1753705799999999,7837685.03972000,27721,967528.80000000,3139603.99278000,0
1753705800000000,3.24140000,3.24660000,3.23290000,3.24020000,2132235.70000000,1753706699999999,6908125.18520000,25865,859591.70000000,2784939.78461000,0
1753706700000000,3.24020000,3.24140000,3.22530000,3.23000000,2007734.20000000,1753707599999999,6488189.26462000,34908,609186.60000000,1968648.02155000,0
1753707600000000,3.23000000,3.23090000,3.20300000,3.20460000,4267954.50000000,1753708499999999,13722346.15842000,58878,1809692.70000000,5817648.51152000,0
1753708500000000,3.20470000,3.21170000,3.17890000,3.18940000,6172665.60000000,1753709399999999,19702044.63760000,78970,2179167.70000000,6957732.38261000,0
1753709400000000,3.18940000,3.20870000,3.17280000,3.19350000,4667512.80000000,1753710299999999,14889483.88237000,74256,2269369.70000000,7238237.62292000,0
1753710300000000,3.19350000,3.20040000,3.18020000,3.19140000,2485449.10000000,1753711199999999,7928031.22662000,51378,725308.70000000,2313119.87362000,0
1753711200000000,3.19140000,3.20110000,3.18230000,3.18860000,2383021.20000000,1753712099999999,7605965.22365000,48654,585008.50000000,1867014.27871000,0
1753712100000000,3.18860000,3.19280000,3.14250000,3.15440000,8010878.40000000,1753712999999999,25354845.86222000,96693,2789914.00000000,8829784.53277000,0
1753713000000000,3.15450000,3.16900000,3.14050000,3.16820000,3715724.20000000,1753713899999999,11726678.85176000,59400,1852279.50000000,5846094.86637000,0
1753713900000000,3.16830000,3.16900000,3.14810000,3.15560000,1793987.10000000,1753714799999999,5664283.92869000,36125,903532.40000000,2853312.98138000,0
1753714800000000,3.15560000,3.16790000,3.15420000,3.16670000,1625683.30000000,1753715699999999,5139508.92679000,27431,787069.90000000,2487976.82597000,0
1753715700000000,3.16680000,3.17720000,3.16560000,3.17580000,3619276.40000000,1753716599999999,11479980.98049000,31894,1525241.00000000,4837719.30132000,0
1753716600000000,3.17580000,3.18070000,3.16230000,3.16290000,2383818.80000000,1753717499999999,7558611.40311000,36603,798672.70000000,2532901.57094000,0
1753717500000000,3.16290000,3.17210000,3.14600000,3.16010000,2700065.00000000,1753718399999999,8527385.53821000,36890,841728.20000000,2658386.64814000,0
1753718400000000,3.16010000,3.16270000,3.14660000,3.15540000,2155976.90000000,1753719299999999,6802071.63694000,47416,1002417.80000000,3162630.73749000,0
1753719300000000,3.15550000,3.17050000,3.15160000,3.16650000,2438669.80000000,1753720199999999,7711887.40023000,30361,1442919.10000000,4562717.51921000,0
1753720200000000,3.16650000,3.17900000,3.15930000,3.17900000,2213711.80000000,1753721099999999,7019529.76730000,28932,1152348.40000000,3653772.10107000,0
1753721100000000,3.17900000,3.18560000,3.16810000,3.17040000,2332364.50000000,1753721999999999,7406661.96490000,21382,1011596.10000000,3212387.11368000,0
1753722000000000,3.17050000,3.17840000,3.16440000,3.16480000,1231524.30000000,1753722899999999,3907819.13094000,25511,568824.40000000,1804958.32312000,0
1753722900000000,3.16480000,3.17900000,3.15700000,3.17770000,1989348.40000000,1753723799999999,6299057.05393000,36077,1025039.90000000,3245339.42544000,0
1753723800000000,3.17770000,3.18180000,3.15720000,3.16170000,1281912.80000000,1753724699999999,4061324.87374000,22578,719789.00000000,2280388.81961000,0
1753724700000000,3.16180000,3.16610000,3.15430000,3.15770000,1091314.60000000,1753725599999999,3446995.62193000,20442,539278.40000000,1703078.21799000,0
1753725600000000,3.15770000,3.16080000,3.12220000,3.15090000,5401671.30000000,1753726499999999,16946321.94733000,57177,2370182.80000000,7431972.29340000,0
1753726500000000,3.15080000,3.15180000,3.12400000,3.13580000,3795184.70000000,1753727399999999,11904022.43389000,32136,1930818.80000000,6057831.17895000,0
1753727400000000,3.13580000,3.14970000,3.11410000,3.14880000,4341857.10000000,1753728299999999,13586096.09530000,48243,2113537.60000000,6614365.24187000,0
1753728300000000,3.14880000,3.14980000,3.13630000,3.14270000,1811127.70000000,1753729199999999,5690170.95763000,23285,730596.10000000,2295148.21349000,0
1753729200000000,3.14260000,3.16250000,3.14220000,3.15670000,2579949.70000000,1753730099999999,8140912.94883000,24878,1551172.50000000,4894247.29309000,0
1753730100000000,3.15660000,3.16320000,3.15130000,3.16030000,1124081.90000000,1753730999999999,3549499.62969000,17160,593241.60000000,1873155.73908000,0
1753731000000000,3.16030000,3.16050000,3.14060000,3.14210000,1389390.10000000,1753731899999999,4380446.74556000,18034,531013.20000000,1673802.23551000,0
1753731900000000,3.14210000,3.16070000,3.13140000,3.16070000,2381689.00000000,1753732799999999,7489620.09676000,24643,1458129.30000000,4587540.48107000,0
1753732800000000,3.16070000,3.16400000,3.13200000,3.13400000,1954485.10000000,1753733699999999,6150213.46523000,27906,797033.90000000,2508033.37503000,0
1753733700000000,3.13410000,3.14290000,3.11110000,3.11510000,3425405.70000000,1753734599999999,10718168.45445000,29812,1841876.90000000,5762167.07466000,0
1753734600000000,3.11520000,3.13990000,3.11420000,3.13400000,2580851.70000000,1753735499999999,8077932.97557000,33166,1104010.50000000,3455834.77226000,0
1753735500000000,3.13410000,3.15120000,3.13010000,3.14160000,1253395.00000000,1753736399999999,3935548.16201000,25586,708953.50000000,2226196.66299000,0
1753736400000000,3.14160000,3.15340000,3.13490000,3.13780000,1374527.40000000,1753737299999999,4320111.44694000,20430,650949.80000000,2046223.62859000,0
1753737300000000,3.13780000,3.14780000,3.13070000,3.14550000,2419141.80000000,1753738199999999,7601184.50370000,23215,1021630.70000000,3208815.60968000,0
1753738200000000,3.14540000,3.16240000,3.14210000,3.16110000,2050575.10000000,1753739099999999,6471072.49635000,15175,1016094.60000000,3206025.88896000,0
1753739100000000,3.16110000,3.16150000,3.13270000,3.14370000,1157936.60000000,1753739999999999,3639338.91595000,10304,513569.10000000,1613672.09389000,0
1753740000000000,3.14360000,3.15830000,3.13070000,3.14210000,2071847.60000000,1753740899999999,6522034.92749000,23960,1020878.60000000,3214412.99345000,0
1753740900000000,3.14210000,3.15080000,3.13210000,3.13730000,1161560.50000000,1753741799999999,3647919.27791000,19188,623112.40000000,1956830.26920000,0
1753741800000000,3.13740000,3.14180000,3.10760000,3.12000000,2427111.80000000,1753742699999999,7574858.80569000,30619,1085242.70000000,3386431.75431000,0
1753742700000000,3.11990000,3.13530000,3.11800000,3.13290000,801082.10000000,1753743599999999,2504900.51192000,21045,359457.80000000,1123875.05537000,0
1753743600000000,3.13300000,3.14020000,3.12380000,3.13340000,836396.50000000,1753744499999999,2619022.60725000,22768,334151.00000000,1046476.89118000,0
1753744500000000,3.13350000,3.14590000,3.11960000,3.12210000,1462298.60000000,1753745399999999,4581754.74715000,22459,681057.70000000,2135652.04865000,0
1753745400000000,3.12210000,3.13180000,3.11540000,3.11550000,751858.60000000,1753746299999999,2348735.63567000,19209,388998.90000000,1214991.86860000,0
1753746300000000,3.11540000,3.12850000,3.10730000,3.12350000,1184411.00000000,1753747199999999,3691848.27311000,22503,560343.90000000,1747226.12540000,0
1753747200000000,3.12350000,3.14240000,3.11720000,3.14180000,1041048.70000000,1753748099999999,3261465.20374000,24254,508721.40000000,1594302.94019000,0
1753748100000000,3.14170000,3.14820000,3.12790000,3.12840000,1046778.30000000,1753748999999999,3287722.41497000,21810,564302.20000000,1772926.27100000,0
1753749000000000,3.12840000,3.13810000,3.07880000,3.09390000,5318742.30000000,1753749899999999,16499404.99707000,69918,1980773.20000000,6143543.96738000,0
1753749900000000,3.09390000,3.12850000,3.09060000,3.12530000,1781803.50000000,1753750799999999,5551576.30493000,40451,742235.80000000,2311714.56568000,0
1753750800000000,3.12530000,3.13570000,3.11530000,3.13110000,1471744.80000000,1753751699999999,4603575.94815000,22219,840610.30000000,2630942.68184000,0
1753751700000000,3.13110000,3.14180000,3.13110000,3.13570000,566499.40000000,1753752599999999,1777000.53730000,12138,345223.20000000,1082939.42606000,0
1753752600000000,3.13560000,3.14200000,3.13060000,3.13060000,507905.30000000,1753753499999999,1593574.86729000,15461,245222.80000000,769398.85648000,0
1753753500000000,3.13060000,3.13080000,3.11430000,3.11620000,869315.90000000,1753754399999999,2714123.22591000,24110,348741.60000000,1088816.75342000,0
1753754400000000,3.11620000,3.13460000,3.11340000,3.13190000,2547956.20000000,1753755299999999,7960585.35182000,35983,1296913.40000000,4052917.83428000,0
1753755300000000,3.13200000,3.13200000,3.09480000,3.12520000,2004975.70000000,1753756199999999,6233468.80504000,42949,839868.60000000,2612287.60299000,0
1753756200000000,3.12520000,3.12540000,3.10040000,3.11300000,1354998.30000000,1753757099999999,4216578.88817000,22561,615910.00000000,1916999.48744000,0
1753757100000000,3.11310000,3.11880000,3.09840000,3.10980000,1716942.20000000,1753757999999999,5336844.71790000,30980,892949.00000000,2775437.46915000,0
1753758000000000,3.10980000,3.13500000,3.10940000,3.13500000,1469174.30000000,1753758899999999,4590803.18155000,19692,849900.60000000,2655397.21562000,0
1753758900000000,3.13490000,3.13490000,3.12040000,3.12240000,936271.40000000,1753759799999999,2926636.31685000,16147,544500.80000000,1701769.32854000,0
1753759800000000,3.12230000,3.13370000,3.11560000,3.13370000,1230388.40000000,1753760699999999,3843213.12707000,19303,580450.60000000,1813574.88113000,0
1753760700000000,3.13370000,3.14370000,3.13050000,3.14060000,1269637.10000000,1753761599999999,3983616.95730000,14762,692455.30000000,2172919.69786000,0
1753761600000000,3.14070000,3.14690000,3.13730000,3.14680000,903653.60000000,1753762499999999,2839429.47876000,12917,504742.50000000,1585991.92851000,0
1753762500000000,3.14680000,3.14680000,3.13750000,3.14110000,1059857.60000000,1753763399999999,3329860.54171000,13949,495821.60000000,1557680.82053000,0
1753763400000000,3.14110000,3.14420000,3.13000000,3.13110000,952244.50000000,1753764299999999,2986219.50459000,13850,540823.30000000,1695747.76696000,0
1753764300000000,3.13120000,3.13510000,3.12220000,3.12530000,1053084.50000000,1753765199999999,3294373.81264000,12458,566071.50000000,1770847.37406000,0
1753765200000000,3.12520000,3.14010000,3.12360000,3.13220000,702720.10000000,1753766099999999,2202475.74768000,11947,406275.20000000,1273231.24174000,0
1753766100000000,3.13220000,3.13850000,3.12340000,3.13840000,727037.00000000,1753766999999999,2276778.92277000,12877,455243.00000000,1425556.03510000,0
1753767000000000,3.13840000,3.14530000,3.13400000,3.14420000,740425.10000000,1753767899999999,2326016.81657000,7976,421993.40000000,1325640.06601000,0
1753767900000000,3.14420000,3.14830000,3.14260000,3.14640000,837788.10000000,1753768799999999,2634981.35674000,7230,525134.00000000,1651647.79320000,0
1753768800000000,3.14630000,3.14690000,3.13750000,3.14430000,1237089.30000000,1753769699999999,3885477.92450000,9188,574116.20000000,1802918.05631000,0
1753769700000000,3.14430000,3.15760000,3.14390000,3.15390000,1500551.30000000,1753770599999999,4729706.64480000,11232,961240.30000000,3029505.37024000,0
1753770600000000,3.15380000,3.16270000,3.15000000,3.16210000,2319680.40000000,1753771499999999,7324856.12414000,17173,1198499.50000000,3784150.40119000,0
1753771500000000,3.16200000,3.16360000,3.15310000,3.15390000,2158263.40000000,1753772399999999,6815100.21217000,19351,1037141.80000000,3274710.19031000,0
1753772400000000,3.15400000,3.16420000,3.15390000,3.15640000,1660806.90000000,1753773299999999,5246983.70994000,14348,730278.70000000,2306897.09591000,0
1753773300000000,3.15630000,3.16300000,3.15280000,3.15760000,1177956.60000000,1753774199999999,3719372.41539000,11523,539336.10000000,1702852.15716000,0
1753774200000000,3.15770000,3.17500000,3.15700000,3.17470000,1808258.40000000,1753775099999999,5723532.30613000,15094,1148783.80000000,3636187.82232000,0
1753775100000000,3.17480000,3.18230000,3.17160000,3.17530000,2158749.70000000,1753775999999999,6859926.07982000,17513,1031982.80000000,3279296.83827000,0
1753776000000000,3.17540000,3.18390000,3.16760000,3.17490000,1396373.00000000,1753776899999999,4434299.42388000,16659,714547.10000000,2269136.64508000,0
1753776900000000,3.17490000,3.18480000,3.16580000,3.16680000,1171804.40000000,1753777799999999,3724020.67632000,17135,564448.90000000,1793800.99656000,0
1753777800000000,3.16670000,3.17980000,3.16670000,3.17790000,1114944.60000000,1753778699999999,3538522.38880000,15542,555539.70000000,1763113.77318000,0
1753778700000000,3.17780000,3.18560000,3.17110000,3.17480000,997883.60000000,1753779599999999,3171052.81733000,12118,462168.70000000,1468601.56528000,0
1753779600000000,3.17480000,3.17600000,3.16070000,3.16080000,1763004.60000000,1753780499999999,5588013.41444000,17138,693733.10000000,2198672.95364000,0
1753780500000000,3.16070000,3.16740000,3.15030000,3.16410000,1576056.00000000,1753781399999999,4979231.24364000,15267,658723.30000000,2080901.23248000,0
1753781400000000,3.16400000,3.16400000,3.14920000,3.16000000,1746795.00000000,1753782299999999,5512794.64437000,12647,723389.80000000,2283531.94902000,0
1753782300000000,3.16000000,3.16660000,3.15320000,3.16050000,2443499.00000000,1753783199999999,7719833.12927000,15773,999491.60000000,3157861.32634000,0
1753783200000000,3.16050000,3.16270000,3.14110000,3.14240000,1613006.90000000,1753784099999999,5082820.65162000,17214,692493.30000000,2182154.64384000,0
1753784100000000,3.14230000,3.14910000,3.13410000,3.14230000,1676129.90000000,1753784999999999,5264189.52556000,22658,793258.90000000,2491877.98284000,0
1753785000000000,3.14240000,3.15090000,3.12930000,3.13110000,1583603.90000000,1753785899999999,4972620.93039000,20414,827641.30000000,2600126.75551000,0
1753785900000000,3.13110000,3.13220000,3.11330000,3.11820000,2110384.80000000,1753786799999999,6588880.79448000,20091,1026083.40000000,3203854.22879000,0
1753786800000000,3.11810000,3.12920000,3.11340000,3.12920000,1336604.30000000,1753787699999999,4171259.92912000,23625,742619.20000000,2317586.53028000,0
1753787700000000,3.12930000,3.13610000,3.12270000,3.13400000,1086646.60000000,1753788599999999,3402170.58386000,14796,694314.00000000,2173670.14039000,0
1753788600000000,3.13390000,3.14150000,3.12660000,3.12920000,844481.20000000,1753789499999999,2645591.68404000,14098,446381.90000000,1398762.24226000,0
1753789500000000,3.12940000,3.13870000,3.12850000,3.13760000,602844.70000000,1753790399999999,1889645.38145000,8683,319797.30000000,1002285.71225000,0
1753790400000000,3.13760000,3.14960000,3.13560000,3.14590000,1365902.50000000,1753791299999999,4293388.44938000,14244,615292.80000000,1933907.57019000,0
1753791300000000,3.14600000,3.15820000,3.14600000,3.15330000,1515220.70000000,1753792199999999,4777247.76703000,17335,840505.20000000,2650213.87568000,0
1753792200000000,3.15330000,3.16780000,3.14330000,3.16620000,2495940.50000000,1753793099999999,7885147.10651000,18691,1443175.20000000,4559784.68560000,0
1753793100000000,3.16610000,3.17030000,3.15480000,3.16250000,1905375.70000000,1753793999999999,6025799.11098000,18942,789139.70000000,2496031.18158000,0
1753794000000000,3.16260000,3.16660000,3.15300000,3.16340000,1127601.80000000,1753794899999999,3562995.68914000,17135,451241.70000000,1425852.68737000,0
1753794900000000,3.16340000,3.17490000,3.15800000,3.16940000,1698640.10000000,1753795799999999,5378642.76904000,16131,1023858.10000000,3241580.20488000,0
1753795800000000,3.16940000,3.17100000,3.15260000,3.15990000,931717.80000000,1753796699999999,2946879.43768000,22790,430059.80000000,1360589.46281000,0
1753796700000000,3.16000000,3.16410000,3.13290000,3.14000000,1911656.40000000,1753797599999999,6015110.99971000,32867,855274.00000000,2690944.60342000,0
1753797600000000,3.14010000,3.14140000,3.10100000,3.11440000,6853722.60000000,1753798499999999,21344088.87924000,60548,3278236.00000000,10209379.50983000,0
1753798500000000,3.11440000,3.12820000,3.10800000,3.12680000,1961885.10000000,1753799399999999,6115981.02619000,33805,920410.00000000,2868899.20992000,0
1753799400000000,3.12680000,3.13070000,3.11560000,3.12430000,1269784.20000000,1753800299999999,3967155.79514000,27308,559830.70000000,1748966.95076000,0
1753800300000000,3.12440000,3.12760000,3.08670000,3.10380000,3684509.90000000,1753801199999999,11423752.58548000,44032,1451900.20000000,4501776.51739000,0
1753801200000000,3.10370000,3.11690000,3.09240000,3.10470000,3254175.60000000,1753802099999999,10093680.12719000,46018,1574899.60000000,4884561.83719000,0
1753802100000000,3.10480000,3.11050000,3.09250000,3.09310000,2635223.60000000,1753802999999999,8177548.99106000,36759,1112056.30000000,3450725.44890000,0
1753803000000000,3.09320000,3.09780000,3.07680000,3.09380000,4998838.10000000,1753803899999999,15429351.03805000,52043,1874219.00000000,5785542.51224000,0
1753803900000000,3.09370000,3.11120000,3.09090000,3.09870000,3447878.30000000,1753804799999999,10701914.12590000,30449,1155742.00000000,3586701.66244000,0
1753804800000000,3.09870000,3.10320000,3.06660000,3.08080000,4231758.20000000,1753805699999999,13046441.08091000,44653,1868318.10000000,5755657.72572000,0
1753805700000000,3.08080000,3.08520000,3.06300000,3.07630000,3082467.20000000,1753806599999999,9477299.05313000,41862,1327543.20000000,4079935.30622000,0
1753806600000000,3.07630000,3.08120000,3.05330000,3.08110000,4178000.40000000,1753807499999999,12804676.60804000,46368,1824708.70000000,5594485.10912000,0
1753807500000000,3.08120000,3.10790000,3.07550000,3.10720000,2948518.10000000,1753808399999999,9125161.59738000,27350,1572336.00000000,4864608.55928000,0
1753808400000000,3.10720000,3.14020000,3.10560000,3.14000000,3191181.40000000,1753809299999999,9955860.27456000,26385,1598928.10000000,4986918.84845000,0
1753809300000000,3.14000000,3.15140000,3.12730000,3.15000000,2666623.70000000,1753810199999999,8376145.44243000,30028,1445849.00000000,4541954.38582000,0
1753810200000000,3.14990000,3.15100000,3.13490000,3.13710000,1543768.10000000,1753811099999999,4849792.27512000,19780,768399.60000000,2413729.36627000,0
1753811100000000,3.13710000,3.15230000,3.13600000,3.14700000,1260381.30000000,1753811999999999,3965054.92310000,18155,638700.80000000,2008904.81159000,0
1753812000000000,3.14710000,3.15350000,3.13570000,3.14520000,1719286.90000000,1753812899999999,5407030.98305000,19945,632232.10000000,1987572.26253000,0
1753812900000000,3.14520000,3.15850000,3.14350000,3.15840000,1517741.90000000,1753813799999999,4783103.15619000,17132,800873.50000000,2523806.55334000,0
1753813800000000,3.15840000,3.16240000,3.14250000,3.14260000,893106.10000000,1753814699999999,2818679.81993000,16679,378232.10000000,1193997.41612000,0
1753814700000000,3.14260000,3.14950000,3.13410000,3.14060000,865150.90000000,1753815599999999,2717778.03850000,12174,336834.80000000,1058366.58453000,0
1753815600000000,3.14060000,3.14500000,3.13230000,3.14000000,724221.60000000,1753816499999999,2272225.76165000,10997,326236.40000000,1023891.24253000,0
1753816500000000,3.14000000,3.14880000,3.11520000,3.12070000,1829605.50000000,1753817399999999,5730631.61900000,20446,737982.40000000,2312683.86758000,0
1753817400000000,3.12070000,3.13380000,3.11630000,3.12690000,556135.60000000,1753818299999999,1738851.12586000,13857,328303.40000000,1026686.54477000,0
1753818300000000,3.12690000,3.13120000,3.11830000,3.12000000,798858.50000000,1753819199999999,2496271.18012000,13303,391158.30000000,1222483.67200000,0
1753819200000000,3.12010000,3.12220000,3.09860000,3.10260000,1914926.30000000,1753820099999999,5953910.45448000,26205,724934.40000000,2254402.55386000,0
1753820100000000,3.10260000,3.13070000,3.09520000,3.11190000,2078216.10000000,1753820999999999,6477274.23547000,33020,991049.80000000,3087099.55478000,0
1753821000000000,3.11190000,3.11520000,3.09400000,3.10230000,1336035.80000000,1753821899999999,4143507.77475000,28956,686938.90000000,2130556.84670000,0
1753821900000000,3.10240000,3.11740000,3.09710000,3.11730000,990719.50000000,1753822799999999,3077277.90933000,22608,502093.80000000,1559661.09986000,0
1753822800000000,3.11740000,3.11870000,3.10200000,3.10960000,1008938.80000000,1753823699999999,3136957.06464000,16317,596375.80000000,1853935.68173000,0
1753823700000000,3.10960000,3.11040000,3.09720000,3.10470000,899590.60000000,1753824599999999,2791745.00551000,14636,427765.90000000,1327469.46956000,0
1753824600000000,3.10460000,3.11670000,3.10310000,3.11150000,572973.30000000,1753825499999999,1782969.82053000,7615,231116.40000000,719227.15648000,0
1753825500000000,3.11160000,3.13360000,3.11100000,3.12490000,589993.60000000,1753826399999999,1843056.59154000,8929,323878.80000000,1011681.19860000,0
1753826400000000,3.12500000,3.12760000,3.10630000,3.10750000,1070730.80000000,1753827299999999,3338022.10387000,19527,445662.00000000,1389037.64243000,0
1753827300000000,3.10750000,3.12240000,3.10750000,3.12200000,557709.40000000,1753828199999999,1737897.50710000,8433,296678.70000000,924465.70724000,0
1753828200000000,3.12190000,3.12450000,3.11700000,3.11890000,494499.30000000,1753829099999999,1543035.26417000,9646,247389.10000000,771855.38166000,0
1753829100000000,3.11890000,3.12800000,3.11800000,3.12520000,510379.20000000,1753829999999999,1594832.47149000,5768,227449.10000000,710605.58829000,0
1753830000000000,3.12530000,3.13120000,3.12110000,3.12570000,574979.20000000,1753830899999999,1797593.15986000,8469,333986.90000000,1044176.04914000,0
1753830900000000,3.12580000,3.13520000,3.12410000,3.13290000,1073767.90000000,1753831799999999,3361852.72875000,7650,664202.50000000,2079731.06694000,0
1753831800000000,3.13280000,3.13740000,3.12560000,3.12600000,789703.70000000,1753832699999999,2473226.11667000,8969,240901.70000000,754571.40778000,0
1753832700000000,3.12590000,3.13090000,3.12260000,3.12800000,706517.30000000,1753833599999999,2209587.39831000,5979,228249.30000000,713916.66271000,0
1753833600000000,3.12810000,3.13170000,3.12010000,3.12850000,583577.40000000,1753834499999999,1824319.48316000,7977,243563.10000000,761415.08137000,0
1753834500000000,3.12860000,3.13210000,3.11360000,3.11530000,730911.00000000,1753835399999999,2279855.27580000,13585,342141.40000000,1067355.19115000,0
1753835400000000,3.11520000,3.12170000,3.10810000,3.11220000,857952.30000000,1753836299999999,2670382.65344000,18784,537100.80000000,1671619.17017000,0
1753836300000000,3.11230000,3.12280000,3.10300000,3.12190000,697037.30000000,1753837199999999,2168917.84163000,13693,410538.40000000,1277644.49952000,0
1753837200000000,3.12180000,3.12370000,3.11280000,3.11970000,471632.30000000,1753838099999999,1471628.23097000,10893,258957.80000000,808137.79620000,0
1753838100000000,3.11980000,3.12080000,3.09320000,3.10270000,1601165.20000000,1753838999999999,4964208.78683000,24781,596422.70000000,1848801.61271000,0
1753839000000000,3.10270000,3.13520000,3.09940000,3.13490000,760442.30000000,1753839899999999,2374436.14439000,16548,369934.10000000,1154437.14740000,0
1753839900000000,3.13490000,3.14500000,3.12910000,3.13200000,1268508.90000000,1753840799999999,3981241.55449000,14157,731769.50000000,2296860.81718000,0
1753840800000000,3.13190000,3.14290000,3.12210000,3.14150000,603821.10000000,1753841699999999,1890398.34553000,14368,301262.90000000,943034.27967000,0
1753841700000000,3.14140000,3.14540000,3.12720000,3.13070000,1230020.30000000,1753842599999999,3858013.12555000,14599,440675.90000000,1382349.94819000,0
1753842600000000,3.13060000,3.14160000,3.12410000,3.13780000,743755.90000000,1753843499999999,2329444.02187000,12929,430680.20000000,1349005.93205000,0
1753843500000000,3.13780000,3.14620000,3.13450000,3.14030000,683015.70000000,1753844399999999,2145978.63680000,8939,188553.30000000,592289.69740000,0
1753844400000000,3.14030000,3.14110000,3.13010000,3.13950000,526070.80000000,1753845299999999,1649849.09141000,11089,223621.30000000,701168.60405000,0
1753845300000000,3.13950000,3.14530000,3.13530000,3.14340000,532216.70000000,1753846199999999,1671615.21926000,12686,232693.00000000,730811.52009000,0
1753846200000000,3.14350000,3.15000000,3.14230000,3.14810000,665700.10000000,1753847099999999,2094524.90321000,6454,283935.40000000,893437.31438000,0
1753847100000000,3.14810000,3.14890000,3.13710000,3.13820000,570181.40000000,1753847999999999,1792868.72732000,8390,248151.10000000,780339.51534000,0
1753848000000000,3.13810000,3.14700000,3.13620000,3.14260000,487547.70000000,1753848899999999,1532253.85263000,8053,245595.90000000,771837.66149000,0
1753848900000000,3.14270000,3.14420000,3.13910000,3.13990000,442165.00000000,1753849799999999,1388983.33723000,9034,226119.10000000,710336.01151000,0
1753849800000000,3.13990000,3.13990000,3.11590000,3.12330000,1223356.30000000,1753850699999999,3821463.22402000,16613,571350.70000000,1784130.72525000,0
1753850700000000,3.12330000,3.12390000,3.11290000,3.11950000,729183.20000000,1753851599999999,2273972.99103000,10583,300399.10000000,936761.00096000,0
1753851600000000,3.11950000,3.12420000,3.10460000,3.10650000,696282.00000000,1753852499999999,2166430.23910000,11867,347614.00000000,1081570.33216000,0
1753852500000000,3.10650000,3.12140000,3.10420000,3.12060000,983689.10000000,1753853399999999,3060708.94586000,13727,516648.40000000,1608010.80127000,0
1753853400000000,3.12070000,3.12380000,3.11560000,3.12160000,431487.60000000,1753854299999999,1346310.34914000,8776,152749.30000000,476609.41708000,0
1753854300000000,3.12160000,3.13390000,3.11640000,3.13380000,598214.20000000,1753855199999999,1870416.66420000,8862,324578.80000000,1015226.56490000,0
1753855200000000,3.13380000,3.14320000,3.13340000,3.14000000,1232312.60000000,1753856099999999,3869555.64387000,9257,471608.70000000,1480936.62932000,0
1753856100000000,3.13990000,3.14200000,3.13310000,3.13880000,1476329.00000000,1753856999999999,4633536.49958000,9230,522201.90000000,1638776.54067000,0
1753857000000000,3.13880000,3.14170000,3.12950000,3.13830000,605512.30000000,1753857899999999,1898924.85997000,11695,318012.80000000,997344.55282000,0
1753857900000000,3.13840000,3.14280000,3.13370000,3.13890000,1086960.70000000,1753858799999999,3413228.09490000,11126,417773.70000000,1311816.45485000,0
1753858800000000,3.13880000,3.14530000,3.12950000,3.13360000,1617053.30000000,1753859699999999,5073011.67743000,10523,706044.70000000,2216026.36137000,0
1753859700000000,3.13370000,3.13550000,3.11940000,3.12900000,940349.10000000,1753860599999999,2940008.43443000,15415,374869.20000000,1171800.62872000,0
1753860600000000,3.12910000,3.13330000,3.11520000,3.12210000,1309332.20000000,1753861499999999,4089644.45366000,16531,679245.00000000,2121490.46341000,0
1753861500000000,3.12210000,3.12230000,3.11000000,3.12020000,1369040.70000000,1753862399999999,4265922.11595000,12090,852345.30000000,2655610.83265000,0
1753862400000000,3.12010000,3.13360000,3.11430000,3.11430000,814841.50000000,1753863299999999,2544396.78583000,15253,463372.90000000,1446541.27404000,0
1753863300000000,3.11420000,3.11940000,3.10900000,3.11940000,2610384.60000000,1753864199999999,8127351.52221000,20341,1533300.60000000,4773698.63582000,0
1753864200000000,3.11930000,3.13920000,3.11000000,3.13760000,2010434.10000000,1753865099999999,6280247.66095000,18566,856528.40000000,2673845.32933000,0
1753865100000000,3.13750000,3.14080000,3.12600000,3.12610000,1402408.30000000,1753865999999999,4399909.86758000,11773,444779.30000000,1395584.45663000,0
1753866000000000,3.12620000,3.12890000,3.11300000,3.11420000,1481578.30000000,1753866899999999,4620399.06609000,21866,581894.80000000,1814292.39814000,0
1753866900000000,3.11420000,3.11910000,3.10420000,3.10570000,1673343.40000000,1753867799999999,5202985.60209000,17581,1082648.20000000,3366138.06582000,0
1753867800000000,3.10580000,3.10620000,3.09130000,3.09530000,2583057.00000000,1753868699999999,8000082.87596000,28263,1544532.50000000,4783169.62046000,0
1753868700000000,3.09540000,3.10370000,3.09440000,3.09820000,1221807.10000000,1753869599999999,3787805.06151000,17167,657094.80000000,2036970.46004000,0
1753869600000000,3.09820000,3.11070000,3.09800000,3.10800000,621217.70000000,1753870499999999,1929590.29146000,12740,326441.00000000,1013788.62883000,0
1753870500000000,3.10810000,3.11540000,3.10100000,3.11190000,695429.80000000,1753871399999999,2162716.62779000,11938,257545.40000000,800813.00586000,0
1753871400000000,3.11190000,3.11960000,3.10570000,3.11450000,803860.90000000,1753872299999999,2503336.78429000,12612,353873.60000000,1101980.67899000,0
1753872300000000,3.11460000,3.11860000,3.08500000,3.08990000,1529008.50000000,1753873199999999,4732464.79085000,18439,628497.20000000,1944205.91692000,0
1753873200000000,3.08990000,3.10240000,3.08760000,3.09680000,1068267.60000000,1753874099999999,3307326.46430000,15476,364775.60000000,1129010.39563000,0
1753874100000000,3.09680000,3.09860000,3.06120000,3.06560000,3834565.10000000,1753874999999999,11787208.90652000,49518,1739617.60000000,5346724.28448000,0
1753875000000000,3.06560000,3.07540000,3.05610000,3.05650000,2635497.50000000,1753875899999999,8084076.67734000,32024,1520400.40000000,4664432.89814000,0
1753875900000000,3.05640000,3.06470000,3.04360000,3.05180000,4511140.70000000,1753876799999999,13761154.01519000,44621,1728137.50000000,5270590.14530000,0
1753876800000000,3.05170000,3.05540000,3.04360000,3.05190000,1971190.60000000,1753877699999999,6011465.86639000,34312,823170.60000000,2510587.91105000,0
1753877700000000,3.05190000,3.08100000,3.04030000,3.07510000,4306925.90000000,1753878599999999,13185994.41300000,44472,1797123.90000000,5504977.57506000,0
1753878600000000,3.07510000,3.07910000,3.05840000,3.06190000,3040045.20000000,1753879499999999,9327193.19445000,53409,1283399.10000000,3937381.06133000,0
1753879500000000,3.06180000,3.08400000,3.05700000,3.07770000,1788265.00000000,1753880399999999,5490811.10276000,31961,780729.50000000,2396997.65329000,0
1753880400000000,3.07760000,3.09870000,3.07020000,3.08950000,2990404.60000000,1753881299999999,9227060.93680000,40492,1366800.00000000,4218054.72487000,0
1753881300000000,3.08960000,3.09960000,3.07190000,3.07490000,2563470.60000000,1753882199999999,7908137.95684000,42714,1095589.50000000,3379526.31422000,0
1753882200000000,3.07490000,3.09460000,3.07260000,3.08540000,2571655.30000000,1753883099999999,7933390.10321000,44180,1151369.40000000,3551785.70583000,0
1753883100000000,3.08540000,3.09470000,3.07500000,3.08730000,2333973.20000000,1753883999999999,7201815.93375000,36000,1278046.50000000,3943067.34825000,0
1753884000000000,3.08730000,3.08880000,3.07730000,3.08610000,1300753.10000000,1753884899999999,4010690.12905000,27856,567418.90000000,1749294.64682000,0
1753884900000000,3.08600000,3.10060000,3.08010000,3.09030000,1514230.70000000,1753885799999999,4682526.37984000,23401,792204.70000000,2450132.37177000,0
1753885800000000,3.09040000,3.10560000,3.08800000,3.10010000,1416050.30000000,1753886699999999,4385102.56620000,25367,757713.00000000,2346520.71325000,0
1753886700000000,3.10000000,3.14960000,3.09600000,3.14880000,4249470.60000000,1753887599999999,13311610.07397000,40958,2511861.10000000,7867333.71888000,0
1753887600000000,3.14880000,3.15370000,3.12520000,3.12870000,3314325.10000000,1753888499999999,10401304.84718000,43055,1631771.60000000,5120569.80948000,0
1753888500000000,3.12870000,3.14370000,3.12720000,3.13360000,2015129.20000000,1753889399999999,6316724.17543000,31099,1030061.80000000,3228762.57061000,0
1753889400000000,3.13350000,3.15290000,3.12570000,3.13340000,2497000.10000000,1753890299999999,7847976.24950000,27207,1643527.70000000,5167542.82655000,0
1753890300000000,3.13330000,3.14880000,3.12900000,3.14350000,1670742.30000000,1753891199999999,5246068.81390000,23814,770386.80000000,2418618.29705000,0
1753891200000000,3.14360000,3.15140000,3.13220000,3.14930000,2160719.00000000,1753892099999999,6786477.26238000,23798,1214498.00000000,3816191.63514000,0
1753892100000000,3.14930000,3.16210000,3.14100000,3.14150000,2535079.70000000,1753892999999999,7991632.91624000,25887,1360388.50000000,4289563.87822000,0
1753893000000000,3.14140000,3.14500000,3.13180000,3.13860000,1676465.30000000,1753893899999999,5260128.94825000,16490,696102.60000000,2184548.19852000,0
1753893900000000,3.13870000,3.13980000,3.12930000,3.13710000,1429730.10000000,1753894799999999,4481940.57551000,14387,597978.90000000,1874608.33761000,0
1753894800000000,3.13710000,3.15030000,3.13630000,3.14470000,1161190.00000000,1753895699999999,3650456.51553000,11893,616162.20000000,1937089.10879000,0
1753895700000000,3.14460000,3.14950000,3.13490000,3.13510000,901338.50000000,1753896599999999,2831457.51241000,17111,453757.90000000,1425496.12570000,0
1753896600000000,3.13510000,3.13960000,3.13230000,3.13610000,577837.50000000,1753897499999999,1812110.32804000,13201,318634.50000000,999223.09814000,0
1753897500000000,3.13610000,3.13620000,3.12250000,3.13140000,1392810.70000000,1753898399999999,4357096.66559000,13481,525029.60000000,1642137.45072000,0
1753898400000000,3.13150000,3.14780000,3.10860000,3.12610000,3935417.60000000,1753899299999999,12292898.97703000,65525,1823713.90000000,5699885.76009000,0
1753899300000000,3.12610000,3.13650000,3.11460000,3.11990000,1352001.10000000,1753900199999999,4224180.85375000,32588,697175.30000000,2178351.02160000,0
1753900200000000,3.12000000,3.12460000,3.09380000,3.10290000,3712440.50000000,1753901099999999,11534201.81717000,58299,1510113.20000000,4693756.92867000,0
1753901100000000,3.10290000,3.10620000,3.04910000,3.05040000,6532965.40000000,1753901999999999,20060483.29403000,66592,2845334.80000000,8732845.15397000,0
1753902000000000,3.05040000,3.05040000,3.00100000,3.04240000,14196012.40000000,1753902899999999,42874998.36279000,116855,6336048.30000000,19133392.36490000,0
1753902900000000,3.04240000,3.07860000,3.03890000,3.07270000,10120789.90000000,1753903799999999,30929032.74076000,87950,4871019.30000000,14896788.17778000,0
1753903800000000,3.07260000,3.08700000,3.05790000,3.08510000,5006019.90000000,1753904699999999,15378845.87158000,46076,1642522.10000000,5047776.80783000,0
1753904700000000,3.08520000,3.11760000,3.08340000,3.09780000,3126757.40000000,1753905599999999,9706811.87002000,40590,1362475.90000000,4229589.44755000,0
1753905600000000,3.09790000,3.11620000,3.09720000,3.11370000,2283856.90000000,1753906499999999,7100102.48100000,37961,1312503.90000000,4080856.05193000,0
1753906500000000,3.11370000,3.11680000,3.10140000,3.10270000,1320267.70000000,1753907399999999,4103358.18998000,21720,681523.80000000,2118417.94061000,0
1753907400000000,3.10270000,3.10760000,3.09050000,3.10200000,1308478.90000000,1753908299999999,4055104.60366000,17496,588279.50000000,1822965.87006000,0
1753908300000000,3.10190000,3.10380000,3.09000000,3.09230000,1070189.30000000,1753909199999999,3313866.43857000,15875,498972.60000000,1544970.79588000,0
1753909200000000,3.09230000,3.09970000,3.08950000,3.09000000,1266272.60000000,1753910099999999,3917981.06990000,18892,463419.90000000,1433952.87298000,0
1753910100000000,3.09000000,3.09690000,3.07090000,3.07420000,1506090.20000000,1753910999999999,4644547.42751000,16729,596281.30000000,1837943.45531000,0
1753911000000000,3.07420000,3.08390000,3.06250000,3.06540000,974515.80000000,1753911899999999,2992307.46746000,13019,428887.80000000,1316634.13437000,0
1753911900000000,3.06550000,3.08400000,3.06430000,3.07880000,643350.50000000,1753912799999999,1977879.46575000,11198,318474.50000000,979131.94457000,0
1753912800000000,3.07880000,3.08920000,3.07230000,3.07780000,707149.40000000,1753913699999999,2177159.98687000,21811,299356.00000000,921482.78566000,0
1753913700000000,3.07770000,3.08140000,3.06680000,3.06970000,793331.30000000,1753914599999999,2437877.59472000,11719,414043.20000000,1272471.89967000,0
1753914600000000,3.06970000,3.07500000,3.06620000,3.07290000,708975.70000000,1753915499999999,2176993.49823000,16852,425644.90000000,1306905.46852000,0
1753915500000000,3.07290000,3.08460000,3.07230000,3.08300000,524385.10000000,1753916399999999,1613827.19476000,14991,345767.50000000,1063960.75635000,0
1753916400000000,3.08290000,3.09300000,3.08120000,3.09190000,739171.30000000,1753917299999999,2282466.15305000,13402,412495.00000000,1273432.45910000,0
1753917300000000,3.09180000,3.09450000,3.08590000,3.09300000,483320.30000000,1753918199999999,1494211.57754000,10233,257819.10000000,797224.87184000,0
1753918200000000,3.09300000,3.10040000,3.09260000,3.09870000,1990998.60000000,1753919099999999,6167514.10066000,12040,1535007.20000000,4754920.72332000,0
1753919100000000,3.09880000,3.10380000,3.09460000,3.09660000,710109.20000000,1753919999999999,2200437.22049000,10998,300768.00000000,932060.28855000,0
1753920000000000,3.09670000,3.09740000,3.08720000,3.09720000,1224444.40000000,1753920899999999,3787746.08967000,14006,701500.30000000,2170015.08946000,0
1753920900000000,3.09720000,3.11730000,3.09620000,3.11720000,834071.20000000,1753921799999999,2590941.39928000,13831,591853.70000000,1838501.02094000,0
1753921800000000,3.11720000,3.12490000,3.11050000,3.12310000,1313345.50000000,1753922699999999,4096100.07628000,17016,647920.30000000,2020519.94114000,0
1753922700000000,3.12320000,3.12730000,3.11450000,3.12700000,999920.80000000,1753923599999999,3121192.31680000,17249,483920.10000000,1510622.43357000,0
1753923600000000,3.12700000,3.12850000,3.11660000,3.12490000,978624.10000000,1753924499999999,3055294.04053000,13039,379288.90000000,1184062.65639000,0
1753924500000000,3.12500000,3.12740000,3.11580000,3.12730000,701424.60000000,1753925399999999,2188607.48635000,9366,310309.10000000,968381.62935000,0
1753925400000000,3.12740000,3.13650000,3.12370000,3.12770000,907504.50000000,1753926299999999,2840414.24962000,13145,444817.10000000,1392549.56928000,0
1753926300000000,3.12760000,3.12940000,3.12190000,3.12820000,593821.90000000,1753927199999999,1856069.61987000,9793,234651.70000000,733295.54677000,0
1753927200000000,3.12810000,3.13030000,3.12260000,3.12740000,949721.60000000,1753928099999999,2970000.49552000,9660,444549.10000000,1390295.37955000,0
1753928100000000,3.12730000,3.12870000,3.12170000,3.12750000,569062.50000000,1753928999999999,1778530.40368000,8758,194897.10000000,609157.62108000,0
1753929000000000,3.12750000,3.13650000,3.12520000,3.13620000,896881.10000000,1753929899999999,2807903.38638000,9861,482676.30000000,1510810.52095000,0
1753929900000000,3.13630000,3.13760000,3.13130000,3.13620000,796292.30000000,1753930799999999,2495841.90420000,10567,337794.90000000,1058786.32217000,0
1753930800000000,3.13630000,3.13960000,3.13090000,3.13830000,1587820.70000000,1753931699999999,4979909.16669000,9601,587150.00000000,1841369.14749000,0
1753931700000000,3.13830000,3.13950000,3.13540000,3.13780000,751703.90000000,1753932599999999,2358292.37646000,6168,333109.40000000,1045007.01285000,0
1753932600000000,3.13780000,3.14220000,3.13400000,3.14220000,1105848.80000000,1753933499999999,3469995.39769000,7831,695617.70000000,2182841.83489000,0
1753933500000000,3.14220000,3.14660000,3.13770000,3.13980000,1403507.40000000,1753934399999999,4410228.40895000,10256,669717.50000000,2104400.75766000,0
1753934400000000,3.13990000,3.14090000,3.13540000,3.13640000,442604.70000000,1753935299999999,1388675.32696000,5307,198648.90000000,623240.78724000,0
1753935300000000,3.13630000,3.13630000,3.13060000,3.13170000,691962.70000000,1753936199999999,2167618.69405000,5957,252348.10000000,790564.73061000,0
1753936200000000,3.13170000,3.14300000,3.13170000,3.13940000,841358.00000000,1753937099999999,2640011.85399000,7281,370829.20000000,1163817.17948000,0
1753937100000000,3.13940000,3.14380000,3.13920000,3.14020000,542311.10000000,1753937999999999,1703582.45561000,6321,295492.90000000,928248.83093000,0
1753938000000000,3.14020000,3.14120000,3.13630000,3.14000000,593127.40000000,1753938899999999,1862141.88473000,6221,354277.60000000,1112311.74714000,0
1753938900000000,3.14000000,3.14870000,3.14000000,3.14870000,884028.90000000,1753939799999999,2780918.84233000,5313,440755.80000000,1386525.88514000,0
1753939800000000,3.14860000,3.14970000,3.14450000,3.14670000,773715.30000000,1753940699999999,2434942.87915000,4787,331498.40000000,1043272.01971000,0
1753940700000000,3.14670000,3.14670000,3.14050000,3.14220000,803124.70000000,1753941599999999,2523671.98379000,4631,341715.30000000,1073712.09191000,0
1753941600000000,3.14220000,3.14480000,3.13580000,3.13600000,1287364.30000000,1753942499999999,4042983.56901000,7910,483227.80000000,1517514.58639000,0
1753942500000000,3.13600000,3.13900000,3.13330000,3.13820000,1026671.90000000,1753943399999999,3220203.32929000,5945,435761.90000000,1366813.01241000,0
1753943400000000,3.13820000,3.14560000,3.13590000,3.14400000,844245.80000000,1753944299999999,2651201.35233000,6617,451967.70000000,1419412.37962000,0
1753944300000000,3.14400000,3.14800000,3.14400000,3.14740000,1168866.50000000,1753945199999999,3678043.56872000,6831,363971.10000000,1145249.63873000,0
1753945200000000,3.14750000,3.14830000,3.14120000,3.14400000,958856.50000000,1753946099999999,3014903.91184000,6520,402594.30000000,1265582.17498000,0
1753946100000000,3.14400000,3.15230000,3.14390000,3.14890000,2061629.00000000,1753946999999999,6493743.37631000,12288,1033486.00000000,3255385.76758000,0
1753947000000000,3.14880000,3.15050000,3.14640000,3.14770000,926397.70000000,1753947899999999,2916598.77657000,6717,279729.80000000,880704.59425000,0
1753947900000000,3.14780000,3.15500000,3.14760000,3.15490000,1033459.50000000,1753948799999999,3256808.10010000,6587,672776.40000000,2120101.78003000,0
1753948800000000,3.15490000,3.16000000,3.15430000,3.15900000,947522.50000000,1753949699999999,2991573.30580000,7792,485343.90000000,1532501.17181000,0
1753949700000000,3.15900000,3.16050000,3.15450000,3.15800000,1193203.80000000,1753950599999999,3766709.29936000,7807,610206.30000000,1926342.83866000,0
1753950600000000,3.15800000,3.16890000,3.15510000,3.16890000,887174.00000000,1753951499999999,2806343.84161000,11346,558471.00000000,1766814.97550000,0
1753951500000000,3.16890000,3.17200000,3.16000000,3.16000000,1250112.40000000,1753952399999999,3959860.31702000,11127,583944.90000000,1849863.89817000,0
1753952400000000,3.16010000,3.16500000,3.15650000,3.16370000,680996.80000000,1753953299999999,2152155.58574000,9061,304658.00000000,962663.44857000,0
1753953300000000,3.16370000,3.16970000,3.16310000,3.16740000,668270.00000000,1753954199999999,2116799.55400000,7813,282844.50000000,895825.29259000,0
1753954200000000,3.16730000,3.16980000,3.16340000,3.16810000,615529.20000000,1753955099999999,1949117.08378000,7939,322487.10000000,1021137.94026000,0
1753955100000000,3.16820000,3.17840000,3.16560000,3.16950000,2217921.90000000,1753955999999999,7035308.76009000,11184,1222276.70000000,3877262.68653000,0
1753956000000000,3.16960000,3.17080000,3.16230000,3.16350000,1253361.20000000,1753956899999999,3967895.22176000,8286,591646.60000000,1873156.79619000,0
1753956900000000,3.16350000,3.16530000,3.16020000,3.16270000,1009210.00000000,1753957799999999,3192491.32716000,6833,362811.10000000,1147724.04921000,0
1753957800000000,3.16270000,3.17300000,3.16270000,3.17300000,731936.80000000,1753958699999999,2318457.87578000,5937,387364.80000000,1227113.68040000,0
1753958700000000,3.17290000,3.17720000,3.17030000,3.17130000,931520.90000000,1753959599999999,2956683.57228000,7736,368869.70000000,1170893.30460000,0
1753959600000000,3.17120000,3.17540000,3.16690000,3.16910000,820601.00000000,1753960499999999,2602089.47159000,9536,357860.00000000,1134823.43071000,0
1753960500000000,3.16900000,3.16920000,3.15370000,3.15450000,1461183.70000000,1753961399999999,4619410.39446000,9344,404890.50000000,1280350.81884000,0
1753961400000000,3.15450000,3.16540000,3.15450000,3.15660000,1021442.20000000,1753962299999999,3227381.97225000,8573,397097.60000000,1254998.49411000,0
1753962300000000,3.15670000,3.15880000,3.14800000,3.15150000,1769080.90000000,1753963199999999,5576266.05578000,9681,1052648.20000000,3317283.23107000,0
1753963200000000,3.15160000,3.15250000,3.13620000,3.13630000,1400989.20000000,1753964099999999,4402422.92251000,9838,505225.20000000,1587207.36684000,0
1753964100000000,3.13630000,3.13900000,3.12120000,3.13530000,2887498.30000000,1753964999999999,9034481.15615000,20948,1408042.80000000,4405145.29234000,0
1753965000000000,3.13540000,3.13650000,3.12180000,3.12650000,1317481.50000000,1753965899999999,4121843.45296000,27218,639380.20000000,2000166.86470000,0
1753965900000000,3.12650000,3.13900000,3.12300000,3.13460000,1477616.00000000,1753966799999999,4629166.90573000,17873,545541.80000000,1708541.94455000,0
1753966800000000,3.13450000,3.13510000,3.10810000,3.10930000,1861883.40000000,1753967699999999,5806819.79121000,24540,704548.10000000,2198354.60877000,0
1753967700000000,3.10940000,3.11770000,3.09650000,3.10620000,2303645.60000000,1753968599999999,7154080.94427000,30661,1077271.00000000,3346672.27744000,0
1753968600000000,3.10620000,3.11570000,3.08400000,3.10380000,2428599.10000000,1753969499999999,7527865.67564000,48060,1154688.10000000,3579615.80868000,0
1753969500000000,3.10370000,3.12230000,3.10070000,3.11290000,2243536.30000000,1753970399999999,6986478.00828000,32673,1257661.80000000,3916801.13445000,0
1753970400000000,3.11290000,3.12490000,3.09960000,3.10860000,1830316.50000000,1753971299999999,5698275.20464000,36020,728738.30000000,2268667.69476000,0
1753971300000000,3.10850000,3.10890000,3.08390000,3.08670000,2270357.10000000,1753972199999999,7026433.79141000,42149,1080414.20000000,3343389.47922000,0
1753972200000000,3.08660000,3.10360000,3.08440000,3.09000000,1540665.70000000,1753973099999999,4763242.20036000,28852,743063.80000000,2297384.83114000,0
1753973100000000,3.09000000,3.10090000,3.08090000,3.08110000,1530218.50000000,1753973999999999,4730842.69513000,23533,779516.10000000,2410045.28815000,0
1753974000000000,3.08100000,3.09340000,3.07630000,3.08750000,1903178.50000000,1753974899999999,5872246.02375000,34207,844949.80000000,2607498.90157000,0
1753974900000000,3.08750000,3.10000000,3.08570000,3.09410000,1026414.40000000,1753975799999999,3175828.63543000,20414,512069.00000000,1584356.55199000,0
1753975800000000,3.09410000,3.10230000,3.09320000,3.09890000,1105732.20000000,1753976699999999,3426763.26334000,15928,540011.50000000,1673471.30139000,0
1753976700000000,3.09890000,3.10290000,3.09030000,3.10110000,1217620.10000000,1753977599999999,3773459.56734000,20980,444150.60000000,1376635.60171000,0
1753977600000000,3.10110000,3.11200000,3.09630000,3.10670000,1676300.70000000,1753978499999999,5205461.26923000,26167,924485.10000000,2870765.60056000,0
1753978500000000,3.10670000,3.12230000,3.10670000,3.12010000,1689622.10000000,1753979399999999,5261968.60362000,17719,760948.60000000,2369802.26649000,0
1753979400000000,3.12010000,3.13660000,3.12010000,3.12960000,1768632.20000000,1753980299999999,5536924.79994000,23962,977416.50000000,3059454.81628000,0
1753980300000000,3.12970000,3.13200000,3.11390000,3.12180000,738928.30000000,1753981199999999,2306633.11060000,16291,326544.20000000,1019308.81772000,0
1753981200000000,3.12180000,3.12250000,3.10180000,3.10440000,997979.10000000,1753982099999999,3101686.71256000,23798,350097.40000000,1088139.99762000,0
1753982100000000,3.10440000,3.11040000,3.08830000,3.09410000,1181202.50000000,1753982999999999,3656219.24286000,28265,565180.80000000,1749287.43405000,0
1753983000000000,3.09410000,3.10320000,3.08950000,3.09590000,1059868.40000000,1753983899999999,3280637.07071000,19031,712786.40000000,2206235.12435000,0
1753983900000000,3.09590000,3.10060000,3.08000000,3.08600000,1292037.10000000,1753984799999999,3986713.98574000,21166,629438.70000000,1941662.59718000,0
1753984800000000,3.08600000,3.08990000,3.06880000,3.07740000,2149637.00000000,1753985699999999,6614036.75027000,22437,1217703.00000000,3746662.75872000,0
1753985700000000,3.07730000,3.09530000,3.07210000,3.09400000,1881100.40000000,1753986599999999,5799674.67320000,19656,1118722.30000000,3447979.38972000,0
1753986600000000,3.09400000,3.09800000,3.08990000,3.09610000,910884.80000000,1753987499999999,2819016.73071000,12280,567677.00000000,1756830.41823000,0
1753987500000000,3.09600000,3.10010000,3.07800000,3.08450000,1390512.20000000,1753988399999999,4296584.04877000,17943,798284.90000000,2466893.31054000,0
1753988400000000,3.08460000,3.09010000,3.06740000,3.06970000,1490795.20000000,1753989299999999,4587194.86581000,27428,730006.60000000,2246839.36948000,0
1753989300000000,3.06960000,3.07730000,3.06750000,3.06830000,1209480.80000000,1753990199999999,3714559.90494000,15690,728801.80000000,2238217.72160000,0
1753990200000000,3.06840000,3.07060000,3.05800000,3.06450000,1873373.50000000,1753991099999999,5740836.28910000,25021,1098063.40000000,3365188.36302000,0
1753991100000000,3.06440000,3.06820000,3.05250000,3.05790000,1879735.10000000,1753991999999999,5747953.42528000,25265,886553.30000000,2711278.43880000,0
1753992000000000,3.05780000,3.06410000,3.04440000,3.04980000,3893838.10000000,1753992899999999,11884397.94095000,35688,1720261.00000000,5250460.62109000,0
1753992900000000,3.04980000,3.06730000,3.04610000,3.05860000,1479328.70000000,1753993799999999,4522536.87839000,23028,801013.30000000,2447933.11086000,0
1753993800000000,3.05860000,3.06460000,3.04650000,3.05640000,1855614.40000000,1753994699999999,5668468.99459000,26175,834915.90000000,2550318.28858000,0
1753994700000000,3.05630000,3.06110000,3.05010000,3.05140000,1145587.80000000,1753995599999999,3500334.69428000,14837,708114.80000000,2163573.31219000,0
1753995600000000,3.05140000,3.06000000,3.04850000,3.05070000,1327848.90000000,1753996499999999,4054159.07451000,15565,626517.30000000,1912813.73513000,0
1753996500000000,3.05070000,3.05900000,3.04190000,3.05780000,2061013.40000000,1753997399999999,6285509.50497000,19268,880803.80000000,2685517.40717000,0
1753997400000000,3.05770000,3.06750000,3.05220000,3.05230000,1685456.50000000,1753998299999999,5159482.40584000,15108,952008.20000000,2914389.41098000,0
1753998300000000,3.05220000,3.05770000,3.02900000,3.04930000,5024678.70000000,1753999199999999,15276941.15207000,38751,2235299.80000000,6802846.38925000,0
1753999200000000,3.04930000,3.04950000,3.02620000,3.03320000,3267975.00000000,1754000099999999,9914800.95922000,37759,1364834.50000000,4142452.80685000,0
1754000100000000,3.03320000,3.04070000,3.02250000,3.03350000,2535910.40000000,1754000999999999,7687298.13277000,21572,1204531.00000000,3651153.26268000,0
1754001000000000,3.03350000,3.03410000,3.01610000,3.02540000,3066223.00000000,1754001899999999,9266577.23454000,29061,1301492.30000000,3933146.49591000,0
1754001900000000,3.02540000,3.02970000,3.01850000,3.02700000,2245489.60000000,1754002799999999,6787061.84239000,19677,651986.90000000,1971121.69092000,0
1754002800000000,3.02700000,3.04330000,3.02620000,3.04000000,1907819.20000000,1754003699999999,5795352.28075000,18849,893531.60000000,2714096.08843000,0
1754003700000000,3.04010000,3.04010000,3.02960000,3.02970000,1154756.60000000,1754004599999999,3505142.20927000,19019,485489.70000000,1473513.93579000,0
1754004600000000,3.02970000,3.03010000,3.01080000,3.02500000,2300020.50000000,1754005499999999,6946128.21234000,30933,1018594.50000000,3076221.13456000,0
1754005500000000,3.02510000,3.02900000,3.01580000,3.02240000,1072111.10000000,1754006399999999,3240330.08425000,14356,490948.10000000,1483866.06534000,0
