1746057600000000,2.19070000,2.19660000,2.18680000,2.19370000,709088.80000000,1746058499999999,1554524.71882000,7895,272383.80000000,597238.66817000,0
1746058500000000,2.19370000,2.19580000,2.19080000,2.19370000,533727.60000000,1746059399999999,1170429.18313000,7275,296528.10000000,650281.09622000,0
1746059400000000,2.19360000,2.19360000,2.18810000,2.19090000,457559.10000000,1746060299999999,1002522.36827000,5398,134335.20000000,294285.27062000,0
1746060300000000,2.19100000,2.19720000,2.19090000,2.19660000,642199.60000000,1746061199999999,1409867.76987000,4692,280130.80000000,615034.98914000,0
1746061200000000,2.19660000,2.20270000,2.19580000,2.19910000,702191.50000000,1746062099999999,1545004.53565000,7119,304887.10000000,670802.61978000,0
1746062100000000,2.19920000,2.20360000,2.19910000,2.20040000,506005.00000000,1746062999999999,1114008.42831000,6916,280266.70000000,617018.79012000,0
1746063000000000,2.20030000,2.20470000,2.19730000,2.20020000,712382.40000000,1746063899999999,1567964.48060000,7955,313570.30000000,690307.96276000,0
1746063900000000,2.20010000,2.20230000,2.19590000,2.20170000,412089.50000000,1746064799999999,906217.55714000,6065,234033.90000000,514661.10897000,0
1746064800000000,2.20170000,2.21080000,2.20110000,2.20730000,1007449.00000000,1746065699999999,2224343.84544000,8846,579747.50000000,1280274.73488000,0
1746065700000000,2.20730000,2.21990000,2.20730000,2.21980000,1089212.40000000,1746066599999999,2411960.28664000,9914,598866.00000000,1326158.07425000,0
1746066600000000,2.21980000,2.22040000,2.21140000,2.21270000,890651.10000000,1746067499999999,1973193.03594000,9675,441356.60000000,977859.89678000,0
1746067500000000,2.21280000,2.21530000,2.20260000,2.20350000,815281.50000000,1746068399999999,1800208.22917000,7603,337066.10000000,744553.44401000,0
1746068400000000,2.20360000,2.21500000,2.20300000,2.20900000,592094.90000000,1746069299999999,1307985.60395000,7275,290042.00000000,640605.29401000,0
1746069300000000,2.20900000,2.21040000,2.20470000,2.20930000,431221.70000000,1746070199999999,952352.45290000,5408,170791.40000000,377185.09696000,0
1746070200000000,2.20930000,2.21430000,2.20740000,2.20900000,722676.40000000,1746071099999999,1597269.45554000,7234,363182.50000000,802704.63150000,0
1746071100000000,2.20890000,2.20890000,2.20340000,2.20400000,624288.10000000,1746071999999999,1376459.65063000,4983,305467.40000000,673518.60843000,0
1746072000000000,2.20390000,2.20860000,2.20250000,2.20670000,611786.80000000,1746072899999999,1349325.02320000,5405,351773.30000000,775800.24997000,0
1746072900000000,2.20670000,2.20670000,2.19890000,2.19890000,549089.60000000,1746073799999999,1209219.16903000,4433,265673.30000000,584984.72080000,0
1746073800000000,2.19890000,2.20310000,2.19710000,2.20210000,615658.80000000,1746074699999999,1353879.92560000,4431,354920.50000000,780509.03747000,0
1746074700000000,2.20220000,2.20680000,2.19950000,2.20670000,761550.60000000,1746075599999999,1677986.07358000,4483,568414.40000000,1252526.69015000,0
1746075600000000,2.20680000,2.21090000,2.20420000,2.21040000,918248.00000000,1746076499999999,2027658.71943000,5039,495526.00000000,1094067.29500000,0
1746076500000000,2.21050000,2.21380000,2.20900000,2.21050000,616449.80000000,1746077399999999,1363193.67872000,4081,239597.90000000,529779.47907000,0
1746077400000000,2.21050000,2.21530000,2.20840000,2.21240000,724068.10000000,1746078299999999,1602263.06441000,6250,343799.60000000,760823.21033000,0
1746078300000000,2.21250000,2.21500000,2.21040000,2.21170000,471377.20000000,1746079199999999,1042772.32573000,5187,231541.20000000,512262.81456000,0
1746079200000000,2.21170000,2.21480000,2.20230000,2.20290000,1804578.10000000,1746080099999999,3983125.72721000,10299,585449.00000000,1291474.93273000,0
1746080100000000,2.20290000,2.20670000,2.20010000,2.20540000,645889.30000000,1746080999999999,1422780.08191000,6138,229422.00000000,505434.53433000,0
1746081000000000,2.20550000,2.20600000,2.19820000,2.19900000,750254.30000000,1746081899999999,1652136.46872000,6030,283449.00000000,624323.31703000,0
1746081900000000,2.19890000,2.20000000,2.19600000,2.19680000,713438.30000000,1746082799999999,1567737.49376000,5500,279474.50000000,614104.75867000,0
1746082800000000,2.19670000,2.19920000,2.19320000,2.19800000,880686.30000000,1746083699999999,1933426.57323000,6809,453335.70000000,995325.47224000,0
1746083700000000,2.19790000,2.20050000,2.19620000,2.19960000,551406.90000000,1746084599999999,1212389.50601000,4761,283921.60000000,624412.66607000,0
1746084600000000,2.19950000,2.20160000,2.19650000,2.19690000,709295.80000000,1746085499999999,1559846.41796000,5105,379442.80000000,834420.63593000,0
1746085500000000,2.19700000,2.20590000,2.19500000,2.20010000,2049909.70000000,1746086399999999,4510947.02321000,7613,977795.20000000,2151318.95714000,0
1746086400000000,2.20010000,2.20290000,2.19790000,2.20200000,590426.70000000,1746087299999999,1298970.63020000,6267,370567.40000000,815299.50719000,0
1746087300000000,2.20200000,2.20930000,2.20200000,2.20800000,1051684.40000000,1746088199999999,2320694.46392000,7874,588301.70000000,1298004.68286000,0
1746088200000000,2.20810000,2.21150000,2.20580000,2.20660000,775257.10000000,1746089099999999,1712440.94751000,6388,419217.20000000,925974.66221000,0
1746089100000000,2.20660000,2.21140000,2.20500000,2.21090000,467058.90000000,1746089999999999,1031400.10682000,5185,265998.10000000,587464.61791000,0
1746090000000000,2.21090000,2.21150000,2.20370000,2.20490000,542957.50000000,1746090899999999,1198549.29855000,5532,206226.50000000,455151.25191000,0
1746090900000000,2.20490000,2.20960000,2.20380000,2.20950000,439723.80000000,1746091799999999,970562.79553000,6948,214004.00000000,472404.76678000,0
1746091800000000,2.20940000,2.21390000,2.20770000,2.21390000,908450.20000000,1746092699999999,2008779.93467000,7863,385821.90000000,853218.37964000,0
1746092700000000,2.21380000,2.21880000,2.21370000,2.21490000,1140019.50000000,1746093599999999,2526626.59535000,10758,518511.60000000,1149074.18741000,0
1746093600000000,2.21490000,2.21870000,2.21440000,2.21810000,939251.00000000,1746094499999999,2082091.27356000,7960,539451.40000000,1195835.19751000,0
1746094500000000,2.21820000,2.24220000,2.21820000,2.23990000,5212469.80000000,1746095399999999,11639151.77304000,31416,3236982.20000000,7226303.82935000,0
1746095400000000,2.23990000,2.24670000,2.22980000,2.23250000,2602231.80000000,1746096299999999,5820228.14218000,18906,1051099.50000000,2352148.25236000,0
1746096300000000,2.23250000,2.23770000,2.22900000,2.23600000,1181782.90000000,1746097199999999,2639451.67003000,8553,600944.20000000,1342200.65271000,0
1746097200000000,2.23600000,2.24050000,2.23270000,2.23610000,1820509.30000000,1746098099999999,4072166.35951000,10553,676100.50000000,1512372.68023000,0
1746098100000000,2.23620000,2.23740000,2.22980000,2.23180000,1677097.90000000,1746098999999999,3745538.83710000,8112,824602.60000000,1841447.68657000,0
1746099000000000,2.23180000,2.23960000,2.23170000,2.23770000,851348.50000000,1746099899999999,1904767.41739000,6162,330226.90000000,738709.09345000,0
1746099900000000,2.23780000,2.23950000,2.23520000,2.23760000,638388.10000000,1746100799999999,1428439.93568000,5947,376737.10000000,843004.44891000,0
1746100800000000,2.23760000,2.24540000,2.23540000,2.24260000,2238138.40000000,1746101699999999,5012773.68880000,10661,1296920.90000000,2904936.69948000,0
1746101700000000,2.24250000,2.24320000,2.23550000,2.23560000,1328207.40000000,1746102599999999,2973312.04639000,8462,564810.60000000,1264459.15570000,0
1746102600000000,2.23550000,2.24050000,2.23250000,2.23920000,1133419.30000000,1746103499999999,2534323.53184000,9714,588332.00000000,1315470.81756000,0
1746103500000000,2.23930000,2.24050000,2.23650000,2.23840000,843291.10000000,1746104399999999,1887959.52829000,7429,390332.40000000,873837.35722000,0
1746104400000000,2.23830000,2.24340000,2.23590000,2.24330000,761508.20000000,1746105299999999,1705771.81878000,7200,432830.40000000,969585.43306000,0
1746105300000000,2.24330000,2.24370000,2.23840000,2.24070000,925823.80000000,1746106199999999,2074484.23882000,8130,481318.50000000,1078496.67504000,0
1746106200000000,2.24070000,2.24160000,2.22210000,2.23070000,2548728.20000000,1746107099999999,5684951.40984000,26257,1136329.50000000,2535721.04536000,0
1746107100000000,2.23080000,2.23160000,2.21570000,2.21640000,2210696.80000000,1746107999999999,4914617.82401000,19219,992086.80000000,2204988.42664000,0
1746108000000000,2.21650000,2.23280000,2.21650000,2.22890000,3196656.10000000,1746108899999999,7116123.15443000,23960,1956928.40000000,4355602.96716000,0
1746108900000000,2.22890000,2.23300000,2.22580000,2.23020000,1628626.30000000,1746109799999999,3630533.76459000,13292,795668.60000000,1773472.95363000,0
1746109800000000,2.23020000,2.23550000,2.22530000,2.22890000,1793793.70000000,1746110699999999,4002435.61311000,13054,986374.40000000,2200878.27319000,0
1746110700000000,2.22890000,2.24410000,2.22780000,2.24390000,1619867.10000000,1746111599999999,3621798.06033000,12807,1035759.50000000,2315732.80119000,0
1746111600000000,2.24380000,2.25500000,2.23810000,2.25410000,3190531.80000000,1746112499999999,7168255.15003000,28186,1920513.70000000,4315669.85698000,0
1746112500000000,2.25400000,2.25670000,2.24520000,2.24750000,2572054.60000000,1746113399999999,5787313.75730000,20302,1201100.20000000,2702665.88892000,0
1746113400000000,2.24750000,2.24940000,2.24210000,2.24440000,1061134.70000000,1746114299999999,2383269.45433000,13474,459862.80000000,1032953.38733000,0
1746114300000000,2.24440000,2.24620000,2.23600000,2.23640000,1532982.10000000,1746115199999999,3434630.50851000,10760,420056.80000000,941045.53839000,0
1746115200000000,2.23640000,2.25020000,2.23640000,2.24750000,906808.80000000,1746116099999999,2035623.77906000,8683,480025.50000000,1077742.19512000,0
1746116100000000,2.24750000,2.24880000,2.24150000,2.24510000,762719.20000000,1746116999999999,1712439.56196000,7271,235470.90000000,528731.03923000,0
1746117000000000,2.24520000,2.25310000,2.24440000,2.25180000,1475363.10000000,1746117899999999,3318147.38611000,9971,885308.60000000,1990860.31334000,0
1746117900000000,2.25180000,2.25280000,2.24040000,2.24140000,1028077.20000000,1746118799999999,2307908.18644000,8464,393727.90000000,883651.90480000,0
1746118800000000,2.24140000,2.24510000,2.23930000,2.24230000,525779.90000000,1746119699999999,1179165.06972000,6581,263808.30000000,591626.99168000,0
1746119700000000,2.24240000,2.24660000,2.23510000,2.23680000,1282140.20000000,1746120599999999,2872798.75263000,7855,340334.30000000,762749.90510000,0
1746120600000000,2.23690000,2.23990000,2.22820000,2.23130000,1115066.20000000,1746121499999999,2490412.75329000,10188,397435.50000000,887417.06656000,0
1746121500000000,2.23120000,2.23550000,2.23040000,2.23460000,636452.50000000,1746122399999999,1421432.10414000,6291,302676.80000000,676066.43485000,0
1746122400000000,2.23470000,2.23560000,2.22860000,2.22880000,838247.00000000,1746123299999999,1870601.75417000,5691,258040.00000000,575956.45984000,0
1746123300000000,2.22890000,2.23030000,2.22370000,2.22400000,1143470.30000000,1746124199999999,2545921.59489000,8501,406403.40000000,904835.23572000,0
1746124200000000,2.22410000,2.23130000,2.22240000,2.23100000,601225.50000000,1746125099999999,1338684.38168000,6919,328724.00000000,732130.71182000,0
1746125100000000,2.23090000,2.23510000,2.23090000,2.23350000,803576.10000000,1746125999999999,1794471.45303000,6614,571225.50000000,1275610.21513000,0
1746126000000000,2.23360000,2.23410000,2.22550000,2.22590000,731978.40000000,1746126899999999,1632210.53251000,6779,349959.80000000,780428.97087000,0
1746126900000000,2.22590000,2.23090000,2.22460000,2.22740000,673591.80000000,1746127799999999,1500982.03462000,6899,371884.10000000,828586.95094000,0
1746127800000000,2.22740000,2.22850000,2.22100000,2.22110000,825747.70000000,1746128699999999,1836905.55743000,7091,257339.90000000,572743.07213000,0
1746128700000000,2.22110000,2.22350000,2.21650000,2.21830000,709157.50000000,1746129599999999,1574244.69441000,7602,282067.10000000,626211.82546000,0
1746129600000000,2.21830000,2.22300000,2.21230000,2.22290000,1300979.50000000,1746130499999999,2883897.40795000,14668,620948.10000000,1376676.80154000,0
1746130500000000,2.22300000,2.22530000,2.21850000,2.22310000,811397.20000000,1746131399999999,1803707.07987000,8865,283677.20000000,630640.61098000,0
1746131400000000,2.22320000,2.22470000,2.21700000,2.21740000,646903.90000000,1746132299999999,1436574.48745000,7981,293352.40000000,651730.70103000,0
1746132300000000,2.21740000,2.21750000,2.21080000,2.21530000,679348.10000000,1746133199999999,1503732.13410000,5614,341855.50000000,756584.17257000,0
1746133200000000,2.21540000,2.22520000,2.21510000,2.22480000,461487.10000000,1746134099999999,1024463.83508000,4512,266379.90000000,591411.63822000,0
1746134100000000,2.22490000,2.22570000,2.22110000,2.22170000,370645.60000000,1746134999999999,824161.53035000,2920,197160.00000000,438395.80504000,0
1746135000000000,2.22170000,2.22790000,2.21800000,2.22740000,476858.00000000,1746135899999999,1060149.13464000,5247,330513.30000000,734921.68664000,0
1746135900000000,2.22740000,2.22850000,2.22200000,2.22200000,232930.50000000,1746136799999999,518266.14664000,3635,127505.10000000,283693.79986000,0
1746136800000000,2.22200000,2.22670000,2.21890000,2.22390000,451283.60000000,1746137699999999,1002902.29827000,6836,238992.00000000,531064.55242000,0
1746137700000000,2.22380000,2.22440000,2.22020000,2.22160000,329581.80000000,1746138599999999,732493.10361000,3072,113907.20000000,253082.99927000,0
1746138600000000,2.22160000,2.22170000,2.21650000,2.21830000,410517.30000000,1746139499999999,910647.56327000,2752,246205.30000000,546114.48628000,0
1746139500000000,2.21830000,2.21920000,2.21310000,2.21550000,588874.60000000,1746140399999999,1304462.86035000,4226,169025.60000000,374534.92095000,0
1746140400000000,2.21560000,2.21670000,2.20940000,2.21490000,1000471.90000000,1746141299999999,2212917.85985000,6456,329214.00000000,728327.79457000,0
1746141300000000,2.21480000,2.21860000,2.21350000,2.21440000,297009.10000000,1746142199999999,658086.82693000,3461,187374.30000000,415183.94312000,0
1746142200000000,2.21450000,2.21450000,2.20930000,2.21190000,456472.60000000,1746143099999999,1009602.70587000,5173,180338.80000000,398901.64608000,0
1746143100000000,2.21180000,2.21450000,2.21050000,2.21230000,374525.10000000,1746143999999999,828720.51408000,4595,193967.80000000,429179.82862000,0
1746144000000000,2.21220000,2.21810000,2.20800000,2.21210000,801994.40000000,1746144899999999,1775502.56991000,9641,432992.90000000,958748.44285000,0
1746144900000000,2.21200000,2.21800000,2.20760000,2.21800000,915008.00000000,1746145799999999,2024492.49092000,8883,422265.90000000,934478.29043000,0
1746145800000000,2.21800000,2.22280000,2.21210000,2.21400000,572255.50000000,1746146699999999,1269000.74185000,8597,301006.60000000,667398.11879000,0
1746146700000000,2.21400000,2.21750000,2.21260000,2.21690000,445496.20000000,1746147599999999,986817.72901000,4668,238716.40000000,528820.13837000,0
1746147600000000,2.21680000,2.21960000,2.21530000,2.21800000,789762.70000000,1746148499999999,1751324.56207000,7834,471419.00000000,1045423.48583000,0
1746148500000000,2.21810000,2.22560000,2.21810000,2.22010000,1063062.80000000,1746149399999999,2363051.76416000,10264,759623.20000000,1688493.41183000,0
1746149400000000,2.22010000,2.22080000,2.21320000,2.21450000,694064.60000000,1746150299999999,1539398.91859000,6873,396944.50000000,880316.94681000,0
1746150300000000,2.21450000,2.21690000,2.21250000,2.21620000,514126.30000000,1746151199999999,1138611.44631000,4767,355532.10000000,787320.80579000,0
1746151200000000,2.21630000,2.21650000,2.21190000,2.21620000,662204.30000000,1746152099999999,1466358.19529000,6343,408337.80000000,904197.36206000,0
1746152100000000,2.21620000,2.22310000,2.21470000,2.22140000,958192.90000000,1746152999999999,2126877.22156000,5897,668828.60000000,1484626.64632000,0
1746153000000000,2.22140000,2.22790000,2.22130000,2.22370000,1019875.70000000,1746153899999999,2268921.47969000,6374,489861.20000000,1089601.00578000,0
1746153900000000,2.22360000,2.23060000,2.22320000,2.22750000,1028605.30000000,1746154799999999,2292074.09482000,5220,718882.30000000,1601782.87207000,0
1746154800000000,2.22760000,2.23350000,2.22690000,2.23300000,805042.40000000,1746155699999999,1795120.89118000,6582,504347.70000000,1124546.86488000,0
1746155700000000,2.23310000,2.23360000,2.22400000,2.22470000,491237.30000000,1746156599999999,1093851.56430000,5352,304903.50000000,678876.49283000,0
1746156600000000,2.22460000,2.22800000,2.22410000,2.22660000,569144.80000000,1746157499999999,1267069.78588000,5914,270675.50000000,602571.17973000,0
1746157500000000,2.22660000,2.22890000,2.22410000,2.22440000,729752.20000000,1746158399999999,1624393.68289000,5939,233071.90000000,518767.61648000,0
1746158400000000,2.22450000,2.23050000,2.22450000,2.22730000,611286.10000000,1746159299999999,1362353.74490000,8022,298195.30000000,664485.12571000,0
1746159300000000,2.22730000,2.23290000,2.22610000,2.23090000,484987.80000000,1746160199999999,1081576.83340000,6709,161349.30000000,359760.22796000,0
1746160200000000,2.23090000,2.23090000,2.22380000,2.22430000,650611.50000000,1746161099999999,1448586.47502000,7570,205481.50000000,457455.04001000,0
1746161100000000,2.22420000,2.22760000,2.22130000,2.22430000,472477.20000000,1746161999999999,1050882.18292000,6347,158388.10000000,352257.45136000,0
1746162000000000,2.22430000,2.23100000,2.22320000,2.22730000,748207.50000000,1746162899999999,1666780.40292000,6869,468231.10000000,1043124.10209000,0
1746162900000000,2.22730000,2.22730000,2.21780000,2.22090000,757695.20000000,1746163799999999,1682354.05386000,7100,303315.50000000,673469.24304000,0
1746163800000000,2.22090000,2.22280000,2.21720000,2.21830000,408886.20000000,1746164699999999,907397.85107000,5562,149923.50000000,332739.95677000,0
1746164700000000,2.21830000,2.21840000,2.20940000,2.21230000,1691104.40000000,1746165599999999,3743993.63923000,9778,554233.00000000,1226488.41437000,0
1746165600000000,2.21220000,2.21470000,2.20760000,2.21350000,821232.10000000,1746166499999999,1815409.19840000,7781,413249.80000000,913629.96894000,0
1746166500000000,2.21340000,2.21690000,2.20830000,2.21610000,1062068.10000000,1746167399999999,2348860.49052000,7897,479366.40000000,1060152.97312000,0
1746167400000000,2.21610000,2.21650000,2.21030000,2.21090000,1211940.20000000,1746168299999999,2683453.31832000,8282,513275.70000000,1136486.19965000,0
1746168300000000,2.21090000,2.21090000,2.20450000,2.21070000,1899552.50000000,1746169199999999,4194440.42712000,10011,659788.10000000,1457008.53667000,0
1746169200000000,2.21070000,2.21380000,2.20190000,2.20550000,1646356.90000000,1746170099999999,3633788.36987000,11650,736772.40000000,1625967.94274000,0
1746170100000000,2.20550000,2.20960000,2.20280000,2.20490000,933617.40000000,1746170999999999,2060482.75743000,9154,373355.70000000,824090.11365000,0
1746171000000000,2.20480000,2.20540000,2.19320000,2.19610000,1961907.90000000,1746171899999999,4311748.73466000,13734,744678.80000000,1636659.52769000,0
1746171900000000,2.19610000,2.19850000,2.19200000,2.19450000,1639219.90000000,1746172799999999,3598461.83388000,9396,815617.00000000,1790895.25447000,0
1746172800000000,2.19460000,2.20250000,2.19380000,2.20250000,610153.50000000,1746173699999999,1341371.81789000,8648,371922.30000000,817697.97352000,0
1746173700000000,2.20240000,2.21190000,2.20120000,2.21110000,1457012.50000000,1746174599999999,3216205.37355000,8654,908914.40000000,2005550.77356000,0
1746174600000000,2.21120000,2.21590000,2.20860000,2.21410000,549106.90000000,1746175499999999,1215005.80020000,5618,243917.50000000,539624.32566000,0
1746175500000000,2.21410000,2.21620000,2.21200000,2.21320000,513660.80000000,1746176399999999,1137574.14879000,5107,235242.30000000,520998.15253000,0
1746176400000000,2.21320000,2.21410000,2.20920000,2.21250000,422344.80000000,1746177299999999,934318.45726000,4532,227370.80000000,502971.47260000,0
1746177300000000,2.21250000,2.21250000,2.20710000,2.20950000,585840.50000000,1746178199999999,1294242.63806000,4214,378283.10000000,835729.18429000,0
1746178200000000,2.20940000,2.21040000,2.20490000,2.20490000,636946.10000000,1746179099999999,1405550.63126000,4697,367217.30000000,810343.39266000,0
1746179100000000,2.20500000,2.21080000,2.20460000,2.20840000,671733.60000000,1746179999999999,1483170.31190000,5017,426463.90000000,941606.15738000,0
1746180000000000,2.20840000,2.21470000,2.20800000,2.21260000,890789.20000000,1746180899999999,1969989.84079000,6346,544089.60000000,1203207.62173000,0
1746180900000000,2.21260000,2.21380000,2.20900000,2.21350000,779811.60000000,1746181799999999,1724664.74357000,5485,481751.70000000,1065425.11913000,0
1746181800000000,2.21340000,2.21620000,2.21100000,2.21250000,811384.80000000,1746182699999999,1796343.93527000,6469,524234.20000000,1160554.46730000,0
1746182700000000,2.21250000,2.21400000,2.20950000,2.21220000,402927.20000000,1746183599999999,891115.83721000,5555,222120.70000000,491207.03685000,0
1746183600000000,2.21220000,2.21600000,2.21220000,2.21490000,732154.10000000,1746184499999999,1621314.17697000,6545,435667.20000000,964730.48990000,0
1746184500000000,2.21480000,2.21720000,2.21340000,2.21350000,712737.30000000,1746185399999999,1579237.29089000,5274,404663.30000000,896718.73365000,0
1746185400000000,2.21340000,2.22000000,2.21270000,2.21850000,791382.10000000,1746186299999999,1754476.07940000,6100,467318.80000000,1036306.32570000,0
1746186300000000,2.21860000,2.22000000,2.21460000,2.21510000,616832.20000000,1746187199999999,1367179.99105000,4919,325495.50000000,721528.66552000,0
1746187200000000,2.21510000,2.21850000,2.21050000,2.21140000,835756.80000000,1746188099999999,1850893.35041000,5645,363719.00000000,805596.28836000,0
1746188100000000,2.21130000,2.21390000,2.20890000,2.20970000,773974.50000000,1746188999999999,1711079.77212000,5984,414787.30000000,916975.04702000,0
1746189000000000,2.20960000,2.22260000,2.20600000,2.21330000,3357999.00000000,1746189899999999,7436498.07212000,21836,1770504.70000000,3921024.65214000,0
1746189900000000,2.21330000,2.22240000,2.21320000,2.22230000,1080145.40000000,1746190799999999,2397305.24501000,10470,610113.20000000,1354070.14325000,0
1746190800000000,2.22230000,2.22350000,2.21350000,2.21380000,1282367.50000000,1746191699999999,2845062.81376000,11181,499199.80000000,1107354.65056000,0
1746191700000000,2.21390000,2.22070000,2.21340000,2.21750000,1377071.10000000,1746192599999999,3053666.74508000,10951,684315.00000000,1517394.19146000,0
1746192600000000,2.21750000,2.22160000,2.21140000,2.21670000,1192001.60000000,1746193499999999,2642282.88768000,17805,566116.30000000,1254938.76399000,0
1746193500000000,2.21680000,2.22010000,2.21250000,2.21790000,727664.00000000,1746194399999999,1612401.24760000,8352,345584.80000000,765692.71726000,0
1746194400000000,2.21780000,2.22730000,2.21760000,2.22210000,1070437.90000000,1746195299999999,2378901.30682000,11116,538374.40000000,1196416.86759000,0
1746195300000000,2.22210000,2.23610000,2.22020000,2.23500000,2087542.60000000,1746196199999999,4657209.13241000,16083,1107403.60000000,2470619.57941000,0
1746196200000000,2.23500000,2.24110000,2.23100000,2.23200000,1914054.90000000,1746197099999999,4279875.39962000,17365,1115343.80000000,2494252.08364000,0
1746197100000000,2.23210000,2.23750000,2.23170000,2.23420000,1283672.00000000,1746197999999999,2868680.45234000,14089,579327.20000000,1294609.73266000,0
1746198000000000,2.23430000,2.23760000,2.22700000,2.22740000,1264756.80000000,1746198899999999,2821713.56777000,12399,636605.60000000,1420258.92742000,0
1746198900000000,2.22740000,2.22980000,2.20920000,2.21260000,1871300.10000000,1746199799999999,4149728.25057000,14364,868996.00000000,1926704.58146000,0
1746199800000000,2.21270000,2.22000000,2.21020000,2.21940000,981919.00000000,1746200699999999,2175637.91665000,11061,483017.20000000,1070204.26033000,0
1746200700000000,2.21940000,2.22240000,2.21540000,2.21630000,976992.40000000,1746201599999999,2167991.95859000,8694,421122.80000000,934532.45363000,0
1746201600000000,2.21640000,2.23240000,2.21640000,2.23060000,1797301.90000000,1746202499999999,4000654.48641000,14599,1074928.40000000,2392612.52575000,0
1746202500000000,2.23070000,2.23600000,2.22960000,2.23000000,1244312.50000000,1746203399999999,2778721.77651000,11095,653371.70000000,1458833.87144000,0
1746203400000000,2.23000000,2.23430000,2.22810000,2.23240000,1190145.00000000,1746204299999999,2654598.41349000,10578,466382.70000000,1040267.41923000,0
1746204300000000,2.23230000,2.23230000,2.22380000,2.22610000,667042.60000000,1746205199999999,1485680.95194000,7737,339565.00000000,756262.73645000,0
1746205200000000,2.22600000,2.22600000,2.21700000,2.22040000,1255545.10000000,1746206099999999,2788033.86063000,10205,821187.00000000,1823517.45707000,0
1746206100000000,2.22050000,2.22270000,2.21220000,2.21540000,866423.90000000,1746206999999999,1920875.25627000,8926,352680.90000000,782035.51380000,0
1746207000000000,2.21540000,2.21690000,2.21190000,2.21250000,606511.90000000,1746207899999999,1343093.07852000,9012,282987.90000000,626670.64990000,0
1746207900000000,2.21240000,2.21690000,2.21100000,2.21470000,706535.10000000,1746208799999999,1564098.57203000,8268,446362.60000000,988156.34839000,0
1746208800000000,2.21470000,2.21740000,2.21190000,2.21650000,562404.40000000,1746209699999999,1245407.21652000,6699,281143.50000000,622589.95700000,0
1746209700000000,2.21650000,2.21880000,2.21130000,2.21160000,613675.70000000,1746210599999999,1359289.75553000,7474,299012.40000000,662570.77702000,0
1746210600000000,2.21160000,2.21780000,2.21110000,2.21680000,520649.40000000,1746211499999999,1153249.02675000,7276,281248.50000000,622915.52325000,0
1746211500000000,2.21670000,2.21880000,2.21030000,2.21290000,650259.50000000,1746212399999999,1439808.22092000,7635,316344.40000000,700533.20671000,0
1746212400000000,2.21280000,2.21280000,2.20310000,2.20530000,1493469.60000000,1746213299999999,3294964.66170000,9444,684662.00000000,1510333.78213000,0
1746213300000000,2.20540000,2.20940000,2.20260000,2.20860000,684377.70000000,1746214199999999,1510064.89785000,6761,418034.50000000,922503.17005000,0
1746214200000000,2.20860000,2.20860000,2.20270000,2.20760000,453239.20000000,1746215099999999,999833.37876000,5810,156103.30000000,344392.61767000,0
1746215100000000,2.20760000,2.20950000,2.20010000,2.20930000,869719.60000000,1746215999999999,1917354.54452000,10508,413339.40000000,911357.30677000,0
1746216000000000,2.20920000,2.20930000,2.20180000,2.20720000,1125268.10000000,1746216899999999,2481643.19851000,9645,291108.00000000,642096.60691000,0
1746216900000000,2.20730000,2.21440000,2.20570000,2.21440000,398238.70000000,1746217799999999,880290.89780000,3916,253300.90000000,559887.60479000,0
1746217800000000,2.21440000,2.21660000,2.21250000,2.21390000,704527.60000000,1746218699999999,1560659.47155000,4894,417317.60000000,924443.68109000,0
1746218700000000,2.21390000,2.21530000,2.21110000,2.21500000,581413.60000000,1746219599999999,1286909.68991000,4055,237536.20000000,525730.94301000,0
1746219600000000,2.21490000,2.21540000,2.21140000,2.21380000,345212.10000000,1746220499999999,764153.87445000,2578,99580.40000000,220405.81915000,0
1746220500000000,2.21390000,2.21450000,2.20880000,2.20950000,262917.50000000,1746221399999999,581338.88508000,2371,173757.40000000,384190.00595000,0
1746221400000000,2.20940000,2.21060000,2.20510000,2.20670000,346285.30000000,1746222299999999,764718.59056000,2747,177401.00000000,391753.27605000,0
1746222300000000,2.20660000,2.20920000,2.19780000,2.20280000,1064589.80000000,1746223199999999,2344434.65583000,7265,532918.50000000,1174494.91505000,0
1746223200000000,2.20280000,2.20490000,2.19970000,2.20130000,368191.80000000,1746224099999999,810886.77128000,6110,165777.00000000,365092.97664000,0
1746224100000000,2.20130000,2.20320000,2.19930000,2.20140000,315329.70000000,1746224999999999,693954.21664000,3665,197850.30000000,435400.80169000,0
1746225000000000,2.20140000,2.20210000,2.19510000,2.19730000,771612.40000000,1746225899999999,1695592.18019000,4895,303921.00000000,667823.92698000,0
1746225900000000,2.19730000,2.19920000,2.19520000,2.19920000,308125.60000000,1746226799999999,677104.46001000,4901,123990.70000000,272460.04918000,0
1746226800000000,2.19910000,2.20560000,2.19810000,2.20380000,721806.90000000,1746227699999999,1589626.27900000,6099,517869.70000000,1140460.93340000,0
1746227700000000,2.20370000,2.20850000,2.20290000,2.20550000,449199.80000000,1746228599999999,990700.19828000,3384,269401.00000000,594142.00780000,0
1746228600000000,2.20530000,2.20750000,2.20490000,2.20680000,230502.70000000,1746229499999999,508563.43862000,3081,144986.90000000,319873.13675000,0
1746229500000000,2.20690000,2.20990000,2.20680000,2.20930000,312191.40000000,1746230399999999,689481.88101000,2959,151597.50000000,334761.33237000,0
1746230400000000,2.20930000,2.21170000,2.20700000,2.20940000,568333.20000000,1746231299999999,1255545.04604000,6442,199333.20000000,440388.60497000,0
1746231300000000,2.20950000,2.21320000,2.20640000,2.20750000,391454.30000000,1746232199999999,864956.13247000,5978,142489.10000000,314781.02045000,0
1746232200000000,2.20750000,2.20810000,2.20340000,2.20340000,466068.60000000,1746233099999999,1028342.17529000,4566,184638.50000000,407383.04643000,0
1746233100000000,2.20350000,2.20690000,2.20110000,2.20610000,343821.70000000,1746233999999999,757618.55812000,4448,185795.20000000,409415.14367000,0
1746234000000000,2.20620000,2.20790000,2.20250000,2.20330000,358824.20000000,1746234899999999,791095.88283000,5055,156549.60000000,345078.95029000,0
1746234900000000,2.20330000,2.20440000,2.20000000,2.20140000,376252.90000000,1746235799999999,828479.45477000,5000,136019.20000000,299477.47022000,0
1746235800000000,2.20130000,2.20140000,2.19700000,2.20090000,535660.90000000,1746236699999999,1177933.13427000,5951,172107.50000000,378433.89681000,0
1746236700000000,2.20090000,2.20300000,2.19920000,2.20240000,337756.00000000,1746237599999999,743442.60581000,4628,140977.60000000,310288.06851000,0
1746237600000000,2.20240000,2.20880000,2.20210000,2.20800000,743981.80000000,1746238499999999,1641312.98704000,3396,659571.40000000,1455120.61556000,0
1746238500000000,2.20800000,2.21260000,2.20750000,2.21190000,486575.20000000,1746239399999999,1075342.13908000,4460,295369.20000000,652838.36488000,0
1746239400000000,2.21200000,2.21980000,2.21200000,2.21460000,777467.70000000,1746240299999999,1723086.49192000,5972,460667.60000000,1020732.67106000,0
1746240300000000,2.21460000,2.22000000,2.21430000,2.21860000,405620.10000000,1746241199999999,899225.99601000,3590,176956.20000000,392308.71628000,0
1746241200000000,2.21850000,2.21980000,2.21380000,2.21470000,679447.00000000,1746242099999999,1505884.21601000,5270,258365.40000000,572560.15906000,0
1746242100000000,2.21470000,2.21590000,2.21130000,2.21370000,505191.50000000,1746242999999999,1118148.61237000,4466,250951.20000000,555432.30285000,0
1746243000000000,2.21370000,2.21510000,2.21120000,2.21280000,350655.70000000,1746243899999999,775996.55493000,4207,170914.80000000,378239.52205000,0
1746243900000000,2.21280000,2.21460000,2.21100000,2.21230000,385371.80000000,1746244799999999,852741.80142000,4045,151782.00000000,335854.94067000,0
1746244800000000,2.21230000,2.21540000,2.21060000,2.21480000,307492.00000000,1746245699999999,680297.53526000,4138,143190.30000000,316757.82122000,0
1746245700000000,2.21470000,2.21550000,2.21310000,2.21390000,247119.20000000,1746246599999999,547132.87325000,4249,91719.50000000,203066.37723000,0
1746246600000000,2.21400000,2.21870000,2.21340000,2.21760000,286550.50000000,1746247499999999,635102.79436000,2720,84030.30000000,186227.01997000,0
1746247500000000,2.21760000,2.21810000,2.21630000,2.21730000,271078.80000000,1746248399999999,600926.31981000,2542,64317.60000000,142590.11852000,0
1746248400000000,2.21730000,2.21740000,2.21170000,2.21210000,205351.60000000,1746249299999999,454692.51483000,2564,91914.90000000,203472.05190000,0
1746249300000000,2.21220000,2.21500000,2.21160000,2.21310000,196902.40000000,1746250199999999,435760.82512000,2946,75950.30000000,168097.55301000,0
1746250200000000,2.21310000,2.21580000,2.21010000,2.21580000,223398.00000000,1746251099999999,494276.57686000,2680,140379.70000000,310578.61812000,0
1746251100000000,2.21570000,2.21570000,2.21120000,2.21180000,119072.70000000,1746251999999999,263471.52229000,2148,39835.60000000,88158.65563000,0
1746252000000000,2.21190000,2.21220000,2.20620000,2.20740000,318990.90000000,1746252899999999,704388.07951000,2817,104089.90000000,229850.28190000,0
1746252900000000,2.20740000,2.20740000,2.20350000,2.20420000,251908.10000000,1746253799999999,555479.08537000,3403,97863.50000000,215797.75291000,0
1746253800000000,2.20430000,2.20790000,2.20350000,2.20780000,213876.40000000,1746254699999999,471974.55737000,2958,114046.30000000,251673.22357000,0
1746254700000000,2.20780000,2.20810000,2.20340000,2.20440000,200981.20000000,1746255599999999,443201.19284000,2830,76379.50000000,168418.73127000,0
1746255600000000,2.20440000,2.20500000,2.20160000,2.20290000,316937.00000000,1746256499999999,698249.85153000,3571,158563.80000000,349348.49046000,0
1746256500000000,2.20290000,2.20420000,2.20000000,2.20170000,282944.70000000,1746257399999999,622945.18713000,3126,142582.90000000,313913.94515000,0
1746257400000000,2.20180000,2.20510000,2.20050000,2.20320000,572637.50000000,1746258299999999,1261186.39655000,4864,256991.90000000,565948.27892000,0
1746258300000000,2.20330000,2.20470000,2.20140000,2.20340000,263995.60000000,1746259199999999,581588.00558000,3295,133324.20000000,293719.00429000,0
1746259200000000,2.20350000,2.20360000,2.20000000,2.20010000,221878.10000000,1746260099999999,488427.78003000,3515,93033.20000000,204797.49821000,0
1746260100000000,2.20000000,2.20450000,2.19810000,2.20390000,1152066.00000000,1746260999999999,2534509.53921000,4797,263671.10000000,580161.31611000,0
1746261000000000,2.20390000,2.20740000,2.20340000,2.20540000,237377.70000000,1746261899999999,523606.21174000,4018,116477.80000000,256903.60381000,0
1746261900000000,2.20540000,2.20740000,2.20190000,2.20390000,243103.50000000,1746262799999999,535876.41948000,2300,90349.20000000,199154.81381000,0
1746262800000000,2.20390000,2.20410000,2.19940000,2.20150000,299165.70000000,1746263699999999,658630.41651000,3572,138394.20000000,304657.37760000,0
1746263700000000,2.20160000,2.20330000,2.20030000,2.20040000,172464.90000000,1746264599999999,379709.90543000,3664,70643.50000000,155548.01900000,0
1746264600000000,2.20030000,2.20030000,2.19730000,2.19930000,288135.90000000,1746265499999999,633592.78034000,3167,158242.30000000,347962.65242000,0
1746265500000000,2.19940000,2.20100000,2.19410000,2.19950000,657463.40000000,1746266399999999,1444680.61451000,5284,241756.10000000,531228.47604000,0
1746266400000000,2.19960000,2.19960000,2.19400000,2.19590000,369808.40000000,1746267299999999,812136.16543000,4360,178480.80000000,391999.88353000,0
1746267300000000,2.19590000,2.19930000,2.19530000,2.19610000,390272.40000000,1746268199999999,857416.57297000,5040,138772.20000000,304913.03834000,0
1746268200000000,2.19600000,2.19860000,2.18880000,2.18950000,948612.70000000,1746269099999999,2079505.97625000,8214,372072.70000000,815816.92262000,0
1746269100000000,2.18960000,2.19130000,2.18290000,2.18460000,2053749.80000000,1746269999999999,4491539.24013000,11595,776967.90000000,1700571.20921000,0
1746270000000000,2.18470000,2.19020000,2.18340000,2.19000000,694734.70000000,1746270899999999,1519443.70437000,7043,400921.10000000,876839.48198000,0
1746270900000000,2.19000000,2.19500000,2.18790000,2.19070000,810349.20000000,1746271799999999,1776712.57773000,4866,654660.80000000,1435499.46386000,0
1746271800000000,2.19060000,2.19300000,2.18760000,2.18900000,374865.30000000,1746272699999999,821222.36413000,4647,204109.50000000,447114.10055000,0
1746272700000000,2.18900000,2.19040000,2.18460000,2.18810000,1104464.90000000,1746273599999999,2415735.13512000,6176,288834.70000000,631872.04358000,0
1746273600000000,2.18810000,2.19230000,2.18790000,2.19200000,470543.40000000,1746274499999999,1030341.50711000,5389,233292.50000000,510885.27396000,0
1746274500000000,2.19200000,2.19880000,2.19190000,2.19830000,453756.80000000,1746275399999999,996523.89956000,3923,281452.10000000,618032.28108000,0
1746275400000000,2.19830000,2.19960000,2.19690000,2.19840000,396519.70000000,1746276299999999,871693.22946000,4758,205721.90000000,452221.87348000,0
1746276300000000,2.19830000,2.19930000,2.19600000,2.19700000,271231.90000000,1746277199999999,596143.92352000,3167,161006.00000000,353856.11563000,0
1746277200000000,2.19710000,2.20230000,2.19630000,2.20060000,485721.50000000,1746278099999999,1068433.48785000,3464,386034.20000000,849133.14074000,0
1746278100000000,2.20070000,2.20270000,2.20010000,2.20240000,301774.50000000,1746278999999999,664459.30699000,2792,183815.40000000,404729.10675000,0
1746279000000000,2.20250000,2.20360000,2.19880000,2.20120000,442971.10000000,1746279899999999,974994.10025000,4254,168499.60000000,370942.27007000,0
1746279900000000,2.20120000,2.20330000,2.19910000,2.20280000,477712.90000000,1746280799999999,1051755.40742000,3511,261019.80000000,574778.61959000,0
1746280800000000,2.20270000,2.20440000,2.19990000,2.20050000,583746.30000000,1746281699999999,1285266.72746000,5227,260687.10000000,573901.86331000,0
1746281700000000,2.20040000,2.20990000,2.20020000,2.20760000,1546472.60000000,1746282599999999,3411058.08589000,8131,1259092.90000000,2777273.05750000,0
1746282600000000,2.20750000,2.21160000,2.20610000,2.20890000,1477459.20000000,1746283499999999,3262949.29357000,7517,629289.20000000,1389838.53020000,0
1746283500000000,2.20900000,2.21450000,2.20890000,2.21150000,573605.30000000,1746284399999999,1268931.75834000,7089,280104.50000000,619642.85979000,0
1746284400000000,2.21150000,2.21560000,2.21050000,2.21140000,459914.60000000,1746285299999999,1018026.92922000,7393,242594.80000000,536935.02642000,0
1746285300000000,2.21140000,2.21510000,2.20930000,2.21360000,546112.20000000,1746286199999999,1208293.91736000,5626,330206.40000000,730460.07398000,0
1746286200000000,2.21350000,2.21460000,2.21040000,2.21150000,454900.40000000,1746287099999999,1006570.07792000,6019,201389.60000000,445594.65469000,0
1746287100000000,2.21160000,2.21170000,2.20650000,2.20950000,403223.50000000,1746287999999999,890752.71633000,4649,142695.70000000,315226.45188000,0
1746288000000000,2.20960000,2.21120000,2.20740000,2.20740000,593796.70000000,1746288899999999,1311747.22763000,5743,186924.80000000,413007.75572000,0
1746288900000000,2.20750000,2.20930000,2.20400000,2.20660000,552825.80000000,1746289799999999,1219793.06114000,6619,155099.30000000,342243.83485000,0
1746289800000000,2.20660000,2.20660000,2.19580000,2.19720000,721237.10000000,1746290699999999,1585807.34069000,9459,287929.90000000,633073.98569000,0
1746290700000000,2.19720000,2.20200000,2.19500000,2.20090000,325334.60000000,1746291599999999,715262.01602000,6236,184704.30000000,406070.34420000,0
1746291600000000,2.20090000,2.20090000,2.17920000,2.18400000,1869831.70000000,1746292499999999,4086201.43273000,18748,708263.90000000,1547815.38928000,0
1746292500000000,2.18400000,2.19220000,2.17600000,2.19010000,2031224.20000000,1746293399999999,4436039.42001000,14419,1256490.10000000,2745387.22682000,0
1746293400000000,2.19000000,2.19050000,2.17950000,2.18420000,640728.10000000,1746294299999999,1399389.54059000,8125,304816.90000000,665689.07361000,0
1746294300000000,2.18430000,2.19200000,2.18430000,2.19110000,407273.90000000,1746295199999999,891856.70347000,6097,215776.30000000,472470.40364000,0
1746295200000000,2.19110000,2.19250000,2.18690000,2.19200000,676664.80000000,1746296099999999,1481564.91997000,5355,245473.80000000,537587.39017000,0
1746296100000000,2.19200000,2.19690000,2.19080000,2.19220000,477671.80000000,1746296999999999,1047978.04834000,4645,277358.00000000,608404.60594000,0
1746297000000000,2.19220000,2.19220000,2.18280000,2.18340000,436601.90000000,1746297899999999,954873.76995000,5433,244537.20000000,534742.24332000,0
1746297900000000,2.18340000,2.18930000,2.18000000,2.18260000,401200.80000000,1746298799999999,875973.62816000,5199,163643.80000000,357384.16135000,0
1746298800000000,2.18260000,2.18700000,2.17940000,2.18430000,500050.90000000,1746299699999999,1091857.82082000,5967,207963.50000000,454046.64871000,0
1746299700000000,2.18430000,2.19120000,2.18430000,2.19100000,219595.60000000,1746300599999999,480557.67762000,3227,162133.90000000,354808.10607000,0
1746300600000000,2.19100000,2.19410000,2.18900000,2.19240000,322478.70000000,1746301499999999,707056.10485000,3257,148697.90000000,326037.96457000,0
1746301500000000,2.19240000,2.19570000,2.19190000,2.19360000,254693.80000000,1746302399999999,558932.86897000,3133,101910.70000000,223617.84544000,0
1746302400000000,2.19360000,2.19460000,2.19070000,2.19150000,323810.80000000,1746303299999999,709957.39374000,4834,120538.30000000,264284.50463000,0
1746303300000000,2.19150000,2.19580000,2.18910000,2.19560000,326195.50000000,1746304199999999,714827.41854000,4283,193928.90000000,424922.02402000,0
1746304200000000,2.19560000,2.19600000,2.19000000,2.19100000,229658.80000000,1746305099999999,503408.34214000,3017,86500.80000000,189597.58415000,0
1746305100000000,2.19090000,2.19230000,2.18800000,2.19230000,139754.00000000,1746305999999999,306145.95979000,3391,75274.30000000,164893.82594000,0
1746306000000000,2.19230000,2.19380000,2.18330000,2.18540000,729429.30000000,1746306899999999,1596675.54710000,3731,449403.40000000,984139.14996000,0
1746306900000000,2.18520000,2.19930000,2.18500000,2.19910000,836083.40000000,1746307799999999,1834094.17436000,4099,623327.80000000,1367844.19032000,0
1746307800000000,2.19900000,2.19900000,2.19240000,2.19360000,439122.50000000,1746308699999999,964105.67163000,3984,136683.60000000,300049.52690000,0
1746308700000000,2.19370000,2.19410000,2.19000000,2.19150000,315748.50000000,1746309599999999,692034.40523000,2977,214017.50000000,469030.36927000,0
1746309600000000,2.19150000,2.19270000,2.18690000,2.18740000,1224701.60000000,1746310499999999,2683050.75856000,6768,558584.30000000,1223324.36710000,0
1746310500000000,2.18740000,2.19100000,2.18700000,2.19040000,220980.80000000,1746311399999999,483745.13951000,2974,122010.20000000,267098.40013000,0
1746311400000000,2.19050000,2.19730000,2.19040000,2.19650000,260199.90000000,1746312299999999,570937.04709000,2697,138857.10000000,304581.04370000,0
1746312300000000,2.19660000,2.19660000,2.19390000,2.19390000,192254.00000000,1746313199999999,422027.06191000,2303,69769.70000000,153138.43898000,0
1746313200000000,2.19390000,2.19550000,2.19240000,2.19280000,238949.00000000,1746314099999999,524264.65982000,2311,95549.00000000,209658.89488000,0
1746314100000000,2.19280000,2.19590000,2.18630000,2.18640000,496376.40000000,1746314999999999,1087950.09670000,5040,252593.50000000,553650.47215000,0
1746315000000000,2.18630000,2.18950000,2.18450000,2.18880000,528639.10000000,1746315899999999,1155947.57675000,4708,210579.80000000,460455.10873000,0
1746315900000000,2.18890000,2.19090000,2.18610000,2.18720000,252356.30000000,1746316799999999,552183.12599000,3040,86622.70000000,189511.95769000,0
1746316800000000,2.18720000,2.19330000,2.18480000,2.19330000,286186.60000000,1746317699999999,626617.45021000,3143,121992.10000000,267072.44505000,0
1746317700000000,2.19330000,2.19690000,2.18960000,2.18970000,219356.90000000,1746318599999999,481297.50205000,4164,89526.00000000,196415.02159000,0
1746318600000000,2.18970000,2.19180000,2.18670000,2.18760000,308993.60000000,1746319499999999,676411.95951000,6976,170652.70000000,373518.50725000,0
1746319500000000,2.18770000,2.19050000,2.18440000,2.18780000,558786.70000000,1746320399999999,1222430.44067000,6296,321732.10000000,703852.52009000,0
1746320400000000,2.18770000,2.19640000,2.18500000,2.19570000,295336.50000000,1746321299999999,647119.21323000,6509,132458.00000000,290300.18422000,0
1746321300000000,2.19570000,2.19900000,2.19120000,2.19680000,506048.30000000,1746322199999999,1110647.62154000,5790,186485.90000000,409266.10991000,0
1746322200000000,2.19670000,2.20060000,2.19340000,2.19440000,308139.70000000,1746323099999999,677453.24052000,6351,165862.70000000,364683.03427000,0
1746323100000000,2.19430000,2.20450000,2.18900000,2.20340000,639996.60000000,1746323999999999,1407127.59894000,7595,266468.40000000,585745.40141000,0
1746324000000000,2.20350000,2.21880000,2.20350000,2.21130000,1419901.30000000,1746324899999999,3142456.13663000,13296,804259.80000000,1779573.03175000,0
1746324900000000,2.21120000,2.21380000,2.20780000,2.21060000,408502.80000000,1746325799999999,903102.16768000,7157,191354.20000000,422932.06830000,0
1746325800000000,2.21060000,2.21420000,2.19620000,2.20010000,684922.40000000,1746326699999999,1508570.14702000,9907,254436.10000000,560544.18452000,0
1746326700000000,2.20020000,2.20360000,2.19710000,2.20090000,290718.10000000,1746327599999999,639768.00562000,7539,143746.10000000,316347.11314000,0
1746327600000000,2.20090000,2.20100000,2.19150000,2.19460000,580717.10000000,1746328499999999,1274749.72889000,8547,313445.40000000,687756.49830000,0
1746328500000000,2.19460000,2.19880000,2.18950000,2.19410000,670415.90000000,1746329399999999,1469472.16243000,6506,296932.20000000,650863.01994000,0
1746329400000000,2.19410000,2.20230000,2.19410000,2.20080000,379121.10000000,1746330299999999,833836.39614000,5688,161385.80000000,354901.90256000,0
1746330300000000,2.20080000,2.20420000,2.19770000,2.19840000,559086.80000000,1746331199999999,1230493.03365000,7510,211754.20000000,465978.12415000,0
1746331200000000,2.19850000,2.20550000,2.19750000,2.20340000,427383.50000000,1746332099999999,941341.40282000,6558,197176.40000000,434298.41853000,0
1746332100000000,2.20340000,2.20570000,2.20110000,2.20240000,486775.50000000,1746332999999999,1072824.63717000,4797,124477.60000000,274333.32842000,0
1746333000000000,2.20250000,2.20280000,2.19300000,2.19480000,368586.60000000,1746333899999999,809681.84400000,5309,208215.40000000,457302.58292000,0
1746333900000000,2.19480000,2.19950000,2.19170000,2.19760000,242796.40000000,1746334799999999,532951.92205000,4135,109891.20000000,241171.58540000,0
1746334800000000,2.19760000,2.20800000,2.19650000,2.20460000,576381.10000000,1746335699999999,1270766.94712000,5410,244993.20000000,539943.21148000,0
1746335700000000,2.20470000,2.21050000,2.20000000,2.20870000,504562.90000000,1746336599999999,1112847.71142000,6590,316188.20000000,697418.30899000,0
1746336600000000,2.20870000,2.21040000,2.20650000,2.20860000,303711.80000000,1746337499999999,670828.57869000,4415,175602.30000000,387863.58036000,0
1746337500000000,2.20850000,2.21250000,2.20740000,2.20790000,730160.30000000,1746338399999999,1614340.19010000,5433,445433.90000000,984830.79624000,0
1746338400000000,2.20790000,2.21140000,2.20300000,2.20550000,436923.00000000,1746339299999999,963948.30410000,5642,161865.10000000,357125.23116000,0
1746339300000000,2.20560000,2.20760000,2.20190000,2.20350000,250827.50000000,1746340199999999,552854.15383000,4155,124617.30000000,274680.20817000,0
1746340200000000,2.20350000,2.21020000,2.20170000,2.21020000,267316.90000000,1746341099999999,589745.33045000,4104,115572.90000000,254922.87713000,0
1746341100000000,2.21010000,2.21240000,2.20840000,2.20950000,430731.50000000,1746341999999999,952180.50366000,3803,233821.50000000,516842.51660000,0
1746342000000000,2.20950000,2.21220000,2.20780000,2.21160000,321897.10000000,1746342899999999,711437.01346000,4791,159944.20000000,353456.02385000,0
1746342900000000,2.21170000,2.21210000,2.20780000,2.20870000,366872.50000000,1746343799999999,810850.84007000,5401,173665.10000000,383790.72388000,0
1746343800000000,2.20870000,2.20930000,2.20280000,2.20550000,364006.40000000,1746344699999999,802782.88546000,5285,202980.80000000,447653.39493000,0
1746344700000000,2.20540000,2.21120000,2.20540000,2.21120000,315713.70000000,1746345599999999,697198.43239000,4965,177293.50000000,391512.21202000,0
1746345600000000,2.21110000,2.21160000,2.20530000,2.20750000,341510.70000000,1746346499999999,754133.93589000,3864,108480.40000000,239512.22293000,0
1746346500000000,2.20760000,2.20790000,2.20010000,2.20360000,588245.70000000,1746347399999999,1296074.20101000,6401,186995.60000000,411943.59593000,0
1746347400000000,2.20370000,2.20390000,2.19460000,2.19490000,627185.70000000,1746348299999999,1379038.93224000,7721,227724.20000000,500785.88282000,0
1746348300000000,2.19480000,2.19830000,2.19140000,2.19190000,853312.20000000,1746349199999999,1871872.37113000,6470,267744.20000000,587567.10586000,0
1746349200000000,2.19180000,2.19190000,2.18530000,2.18660000,1018673.20000000,1746350099999999,2228979.40680000,9538,545602.70000000,1193725.22372000,0
1746350100000000,2.18650000,2.18870000,2.17970000,2.18200000,2301926.90000000,1746350999999999,5023800.58103000,10382,656391.10000000,1432534.53402000,0
1746351000000000,2.18200000,2.18400000,2.17870000,2.18120000,1079701.90000000,1746351899999999,2354483.15597000,8386,691309.50000000,1507495.88126000,0
1746351900000000,2.18120000,2.18210000,2.17810000,2.18010000,667568.80000000,1746352799999999,1455047.72479000,6735,398190.80000000,867916.57522000,0
1746352800000000,2.18010000,2.18500000,2.17930000,2.18400000,866943.90000000,1746353699999999,1891581.17506000,5857,563983.20000000,1230616.38342000,0
1746353700000000,2.18390000,2.18890000,2.18030000,2.18840000,533719.90000000,1746354599999999,1165700.86567000,5167,361091.80000000,788714.83632000,0
1746354600000000,2.18840000,2.19040000,2.18590000,2.18920000,361556.50000000,1746355499999999,791386.93501000,4352,229962.90000000,503350.84848000,0
1746355500000000,2.18920000,2.18970000,2.18430000,2.18600000,356762.20000000,1746356399999999,780071.10296000,3580,163541.30000000,357551.88137000,0
1746356400000000,2.18590000,2.18790000,2.18190000,2.18420000,559502.50000000,1746357299999999,1222261.29128000,5420,238503.40000000,520931.38384000,0
1746357300000000,2.18420000,2.19170000,2.18320000,2.19000000,744064.40000000,1746358199999999,1629139.89646000,4552,303022.50000000,663438.01597000,0
1746358200000000,2.19000000,2.19190000,2.18700000,2.18950000,381451.60000000,1746359099999999,835211.77426000,3729,197838.10000000,433194.04642000,0
1746359100000000,2.18950000,2.19090000,2.18710000,2.18910000,212576.50000000,1746359999999999,465452.59216000,3154,82182.60000000,179948.03319000,0
1746360000000000,2.18920000,2.19170000,2.18580000,2.19120000,593432.00000000,1746360899999999,1298837.58720000,3607,164649.90000000,360547.79957000,0
1746360900000000,2.19130000,2.19250000,2.18420000,2.18620000,454986.80000000,1746361799999999,995916.66081000,4233,260381.40000000,570202.71131000,0
1746361800000000,2.18620000,2.19160000,2.18570000,2.19160000,295554.90000000,1746362699999999,646650.41259000,3994,177550.70000000,388447.07852000,0
1746362700000000,2.19160000,2.19300000,2.18790000,2.18860000,338661.70000000,1746363599999999,742118.69008000,3537,199828.10000000,437970.10009000,0
1746363600000000,2.18870000,2.19270000,2.18730000,2.18780000,326434.80000000,1746364499999999,714939.83656000,3873,167527.50000000,366873.80301000,0
1746364500000000,2.18780000,2.18780000,2.17900000,2.18210000,770429.00000000,1746365399999999,1681315.31491000,6621,327209.30000000,713852.40543000,0
1746365400000000,2.18210000,2.18270000,2.17680000,2.17720000,1083276.40000000,1746366299999999,2359902.57512000,9938,418686.40000000,912141.28605000,0
1746366300000000,2.17720000,2.18180000,2.17200000,2.18010000,732407.50000000,1746367199999999,1594176.53775000,8835,365103.60000000,794773.94263000,0
1746367200000000,2.18010000,2.18610000,2.17830000,2.18450000,471255.00000000,1746368099999999,1028766.37166000,4388,308649.10000000,673687.76794000,0
1746368100000000,2.18450000,2.18930000,2.18410000,2.18900000,315818.10000000,1746368999999999,690897.24210000,4058,150047.40000000,328204.76783000,0
1746369000000000,2.18900000,2.19050000,2.18740000,2.18930000,315317.80000000,1746369899999999,690294.31985000,4317,154858.50000000,339022.74912000,0
1746369900000000,2.18930000,2.19120000,2.18660000,2.19050000,648140.60000000,1746370799999999,1418686.55810000,3747,199525.50000000,436767.62636000,0
1746370800000000,2.19050000,2.20000000,2.18970000,2.19930000,1215125.70000000,1746371699999999,2667652.02354000,7386,816514.20000000,1792803.13441000,0
1746371700000000,2.19940000,2.20540000,2.19390000,2.19710000,960422.30000000,1746372599999999,2112558.27868000,8865,460169.70000000,1012236.33124000,0
1746372600000000,2.19710000,2.19850000,2.19190000,2.19330000,288944.60000000,1746373499999999,634111.87547000,4489,161658.60000000,354713.17734000,0
1746373500000000,2.19340000,2.19970000,2.19040000,2.19690000,436514.90000000,1746374399999999,958699.09153000,5135,217296.20000000,477218.21601000,0
1746374400000000,2.19700000,2.19950000,2.19100000,2.19220000,640084.90000000,1746375299999999,1404851.58021000,7203,355859.20000000,780762.64245000,0
1746375300000000,2.19220000,2.19350000,2.18700000,2.19080000,393025.90000000,1746376199999999,860800.17433000,5573,202999.90000000,444530.67768000,0
1746376200000000,2.19090000,2.19210000,2.18240000,2.18360000,381892.50000000,1746377099999999,834577.01853000,5496,207288.50000000,452964.30768000,0
1746377100000000,2.18360000,2.18550000,2.18080000,2.18340000,518503.50000000,1746377999999999,1131746.61673000,4582,214606.30000000,468464.03477000,0
1746378000000000,2.18340000,2.18660000,2.18020000,2.18420000,496404.90000000,1746378899999999,1083194.35416000,5353,218688.60000000,477198.43561000,0
1746378900000000,2.18420000,2.18560000,2.17880000,2.17920000,388659.40000000,1746379799999999,847527.91699000,5035,170349.80000000,371466.79853000,0
1746379800000000,2.17920000,2.17970000,2.16910000,2.17370000,1209802.40000000,1746380699999999,2629096.09740000,11687,581645.60000000,1264064.07529000,0
1746380700000000,2.17370000,2.17860000,2.17330000,2.17570000,440801.80000000,1746381599999999,959479.88849000,4330,239450.10000000,521229.29537000,0
1746381600000000,2.17580000,2.18360000,2.17050000,2.17100000,491410.30000000,1746382499999999,1069887.37461000,4806,219790.40000000,478739.83734000,0
1746382500000000,2.17110000,2.17650000,2.17040000,2.17350000,725173.90000000,1746383399999999,1576124.84574000,5665,401743.00000000,873081.31750000,0
1746383400000000,2.17350000,2.17720000,2.16940000,2.17260000,1605341.40000000,1746384299999999,3487662.76759000,6338,1002181.60000000,2177082.18455000,0
1746384300000000,2.17270000,2.17540000,2.16770000,2.16950000,1535365.60000000,1746385199999999,3334530.87002000,6861,986564.80000000,2142910.15455000,0
1746385200000000,2.16960000,2.17130000,2.16420000,2.16650000,1687016.80000000,1746386099999999,3655965.36537000,9331,765722.20000000,1660000.25118000,0
1746386100000000,2.16640000,2.17190000,2.16620000,2.17090000,502634.80000000,1746386999999999,1089887.35721000,5550,264334.10000000,573189.96126000,0
1746387000000000,2.17090000,2.17840000,2.17020000,2.17780000,551905.80000000,1746387899999999,1200824.66688000,5101,309835.40000000,674168.19291000,0
1746387900000000,2.17780000,2.17950000,2.17430000,2.17580000,405461.70000000,1746388799999999,882696.16612000,3662,266055.80000000,579266.14649000,0
1746388800000000,2.17580000,2.17690000,2.17260000,2.17430000,391522.90000000,1746389699999999,851637.02534000,4021,164905.60000000,358709.77460000,0
1746389700000000,2.17430000,2.18280000,2.17230000,2.18210000,584152.70000000,1746390599999999,1273045.79112000,6084,294991.20000000,642841.14946000,0
1746390600000000,2.18200000,2.18410000,2.18010000,2.18240000,1263817.10000000,1746391499999999,2758179.66165000,6446,764778.40000000,1669281.34221000,0
1746391500000000,2.18240000,2.18440000,2.18010000,2.18440000,267921.70000000,1746392399999999,584681.08334000,3289,126092.80000000,275202.70871000,0
1746392400000000,2.18440000,2.18450000,2.17540000,2.17570000,426143.90000000,1746393299999999,928973.58518000,4520,201815.20000000,439987.32437000,0
1746393300000000,2.17560000,2.17960000,2.17540000,2.17950000,432627.40000000,1746394199999999,941950.05381000,2939,291064.60000000,633703.51165000,0
1746394200000000,2.17960000,2.18320000,2.17860000,2.18280000,281813.50000000,1746395099999999,614527.31536000,2628,144618.70000000,315324.33725000,0
1746395100000000,2.18280000,2.18580000,2.18270000,2.18460000,171890.90000000,1746395999999999,375494.99835000,2381,94772.30000000,207016.58909000,0
1746396000000000,2.18460000,2.18460000,2.16620000,2.16840000,1333324.80000000,1746396899999999,2896000.90879000,13536,527908.50000000,1146876.58738000,0
1746396900000000,2.16830000,2.17220000,2.16010000,2.16240000,1073903.90000000,1746397799999999,2324945.79054000,11038,354780.10000000,768163.54066000,0
1746397800000000,2.16240000,2.16280000,2.15490000,2.16060000,1384773.00000000,1746398699999999,2989867.76692000,14901,514504.10000000,1111088.95854000,0
1746398700000000,2.16060000,2.16400000,2.15650000,2.16240000,627379.80000000,1746399599999999,1355280.13026000,6384,276953.10000000,598404.29094000,0
1746399600000000,2.16230000,2.16490000,2.15610000,2.16120000,948292.30000000,1746400499999999,2048271.98155000,9205,432969.10000000,935312.76738000,0
1746400500000000,2.16140000,2.16140000,2.15230000,2.15380000,743245.60000000,1746401399999999,1602384.19912000,7661,282727.60000000,609502.47781000,0
1746401400000000,2.15380000,2.16000000,2.15100000,2.15370000,1133908.30000000,1746402299999999,2442660.79652000,10046,434268.70000000,935617.59314000,0
1746402300000000,2.15380000,2.16000000,2.15380000,2.15600000,468365.40000000,1746403199999999,1010298.10507000,6081,258805.90000000,558289.67597000,0
1746403200000000,2.15610000,2.16180000,2.15480000,2.16120000,640757.20000000,1746404099999999,1383393.79535000,8224,364812.30000000,787601.03847000,0
1746404100000000,2.16120000,2.16820000,2.16050000,2.16770000,880230.90000000,1746404999999999,1904878.30370000,6683,582701.10000000,1261008.64350000,0
1746405000000000,2.16780000,2.16950000,2.16520000,2.16570000,468560.80000000,1746405899999999,1015514.95469000,5765,217400.50000000,471173.98363000,0
1746405900000000,2.16570000,2.17040000,2.16450000,2.16750000,470684.90000000,1746406799999999,1020478.42033000,5496,283803.10000000,615323.18574000,0
1746406800000000,2.16750000,2.16860000,2.16100000,2.16450000,459586.90000000,1746407699999999,994293.13318000,6571,164940.50000000,356834.94117000,0
1746407700000000,2.16460000,2.16610000,2.15260000,2.15270000,1446672.90000000,1746408599999999,3122908.95724000,10252,707756.40000000,1527653.34267000,0
1746408600000000,2.15270000,2.15360000,2.13350000,2.14120000,5907436.30000000,1746409499999999,12668504.36812000,34957,1684552.60000000,3608065.70177000,0
1746409500000000,2.14120000,2.14690000,2.13560000,2.14490000,1871355.30000000,1746410399999999,4008032.99966000,10251,1118255.30000000,2395243.03132000,0
1746410400000000,2.14480000,2.14680000,2.13180000,2.14580000,2238984.90000000,1746411299999999,4791415.75747000,18170,1086498.00000000,2325436.22149000,0
1746411300000000,2.14580000,2.15730000,2.14580000,2.15590000,1761935.40000000,1746412199999999,3792591.59404000,13962,882218.10000000,1899372.48489000,0
1746412200000000,2.15590000,2.16260000,2.15590000,2.15830000,1220092.70000000,1746413099999999,2634800.65948000,9280,759818.50000000,1640651.73717000,0
1746413100000000,2.15830000,2.16560000,2.15750000,2.16010000,1084218.60000000,1746413999999999,2344454.51306000,6614,760944.20000000,1645473.65911000,0
1746414000000000,2.16000000,2.16100000,2.15240000,2.15260000,832586.10000000,1746414899999999,1795681.35478000,5663,347323.20000000,749089.93466000,0
1746414900000000,2.15260000,2.15490000,2.14790000,2.14860000,928201.10000000,1746415799999999,1996537.52579000,5957,426996.50000000,918554.40806000,0
1746415800000000,2.14860000,2.15330000,2.14860000,2.15310000,1158706.80000000,1746416699999999,2491962.26540000,5399,743206.80000000,1598483.84297000,0
1746416700000000,2.15320000,2.15320000,2.14710000,2.14730000,664665.00000000,1746417599999999,1428545.34999000,5013,321246.60000000,690508.92602000,0
1746417600000000,2.14720000,2.15450000,2.14640000,2.15190000,1571674.30000000,1746418499999999,3379920.32992000,7688,1054925.70000000,2269000.01104000,0
1746418500000000,2.15200000,2.15810000,2.15190000,2.15770000,809698.60000000,1746419399999999,1744947.43895000,6224,574146.50000000,1237275.97476000,0
1746419400000000,2.15770000,2.16420000,2.15710000,2.16300000,591095.90000000,1746420299999999,1277336.83139000,4663,386463.20000000,835158.60191000,0
1746420300000000,2.16300000,2.16550000,2.16120000,2.16510000,601043.20000000,1746421199999999,1300380.02006000,4390,344950.10000000,746385.86333000,0
1746421200000000,2.16500000,2.16800000,2.16210000,2.16370000,691816.90000000,1746422099999999,1497767.20516000,5012,358459.30000000,776042.84968000,0
1746422100000000,2.16360000,2.16780000,2.16280000,2.16750000,459535.60000000,1746422999999999,995327.19918000,3933,297178.10000000,643638.61393000,0
1746423000000000,2.16740000,2.17170000,2.16580000,2.16750000,820550.80000000,1746423899999999,1779672.66452000,6881,518564.40000000,1124778.40722000,0
1746423900000000,2.16750000,2.17880000,2.16750000,2.17830000,1165835.60000000,1746424799999999,2533354.14480000,7621,830680.40000000,1804936.96902000,0
1746424800000000,2.17830000,2.18580000,2.17210000,2.17360000,2792051.60000000,1746425699999999,6085504.26739000,14750,1327987.30000000,2895678.36892000,0
1746425700000000,2.17360000,2.17750000,2.17240000,2.17280000,699564.90000000,1746426599999999,1521077.95979000,6647,429315.80000000,933518.26068000,0
1746426600000000,2.17280000,2.17880000,2.17230000,2.17490000,553400.60000000,1746427499999999,1203963.58221000,5397,303641.90000000,660577.55448000,0
1746427500000000,2.17490000,2.17590000,2.17260000,2.17400000,759844.60000000,1746428399999999,1651984.85783000,4986,424617.00000000,923115.46088000,0
1746428400000000,2.17390000,2.17410000,2.17050000,2.17310000,646265.90000000,1746429299999999,1403758.88957000,6120,422997.40000000,918809.83652000,0
1746429300000000,2.17310000,2.17770000,2.17150000,2.17500000,582724.40000000,1746430199999999,1267157.15909000,6461,307857.40000000,669340.62572000,0
1746430200000000,2.17490000,2.17740000,2.17180000,2.17710000,582657.50000000,1746431099999999,1266708.94528000,5303,312222.30000000,678719.12560000,0
1746431100000000,2.17710000,2.17770000,2.17440000,2.17690000,491212.40000000,1746431999999999,1068912.89377000,4558,235571.70000000,512594.45733000,0
1746432000000000,2.17700000,2.18160000,2.17460000,2.17930000,747549.90000000,1746432899999999,1629137.88356000,6580,372060.40000000,810781.27800000,0
1746432900000000,2.17930000,2.18250000,2.17590000,2.17590000,549448.60000000,1746433799999999,1197502.48275000,4983,284290.40000000,619728.15717000,0
1746433800000000,2.17600000,2.18090000,2.17470000,2.17920000,657714.70000000,1746434699999999,1432506.42096000,5491,335961.40000000,731853.36224000,0
1746434700000000,2.17930000,2.18440000,2.17520000,2.18400000,1810439.10000000,1746435599999999,3945777.73815000,7933,1111941.10000000,2422575.04466000,0
1746435600000000,2.18410000,2.20000000,2.18270000,2.18700000,1726763.50000000,1746436499999999,3780931.05097000,15256,1004530.40000000,2199313.25956000,0
1746436500000000,2.18700000,2.19050000,2.18510000,2.18950000,1130840.50000000,1746437399999999,2474371.99146000,8610,543582.70000000,1189302.05496000,0
1746437400000000,2.18950000,2.19110000,2.18270000,2.18430000,3205265.20000000,1746438299999999,7012617.22363000,10134,1617202.00000000,3537274.97850000,0
1746438300000000,2.18430000,2.18550000,2.17660000,2.17830000,1762277.20000000,1746439199999999,3843367.80392000,6959,739821.00000000,1613846.42062000,0
1746439200000000,2.17840000,2.17950000,2.17250000,2.17380000,2048494.50000000,1746440099999999,4457022.88417000,8843,980254.30000000,2132492.04900000,0
1746440100000000,2.17380000,2.17480000,2.16330000,2.16380000,2363813.70000000,1746440999999999,5127915.46492000,11046,1225325.70000000,2658660.01670000,0
1746441000000000,2.16380000,2.16800000,2.15540000,2.15870000,2000022.30000000,1746441899999999,4321731.02077000,17275,860407.70000000,1859349.53189000,0
1746441900000000,2.15860000,2.15970000,2.14690000,2.15430000,2527437.70000000,1746442799999999,5440500.74519000,15682,1489872.40000000,3207899.51078000,0
1746442800000000,2.15430000,2.16140000,2.15340000,2.16090000,1225955.60000000,1746443699999999,2646020.44406000,9046,760591.90000000,1641522.64450000,0
1746443700000000,2.16090000,2.16440000,2.14710000,2.14900000,2494195.80000000,1746444599999999,5376831.93953000,10885,1009035.90000000,2177164.80650000,0
1746444600000000,2.14900000,2.15190000,2.13850000,2.14050000,2505960.70000000,1746445499999999,5373774.41048000,14422,1203515.60000000,2581569.73588000,0
1746445500000000,2.14050000,2.14730000,2.14030000,2.14270000,1604703.00000000,1746446399999999,3441581.98661000,8141,1125139.00000000,2413073.68426000,0
1746446400000000,2.14270000,2.15080000,2.13330000,2.15070000,2346043.80000000,1746447299999999,5024174.98467000,16765,1541828.60000000,3302263.78817000,0
1746447300000000,2.15080000,2.15370000,2.14650000,2.15130000,1662854.20000000,1746448199999999,3575945.58401000,9395,1000128.90000000,2150838.35993000,0
1746448200000000,2.15140000,2.15400000,2.14920000,2.15080000,1035182.20000000,1746449099999999,2227024.42853000,5597,608196.40000000,1308500.39131000,0
1746449100000000,2.15070000,2.15070000,2.14300000,2.14880000,2022696.40000000,1746449999999999,4341535.29836000,7858,1156433.10000000,2482456.62931000,0
1746450000000000,2.14870000,2.15380000,2.14030000,2.14190000,1774955.30000000,1746450899999999,3808904.10491000,10125,862795.00000000,1851844.21535000,0
1746450900000000,2.14190000,2.15060000,2.13880000,2.13980000,1941079.60000000,1746451799999999,4162309.25933000,10663,1011810.30000000,2169926.65487000,0
1746451800000000,2.13970000,2.14460000,2.12230000,2.12880000,5718540.50000000,1746452699999999,12192256.52612000,40481,2684319.20000000,5725219.37476000,0
1746452700000000,2.12880000,2.14240000,2.12400000,2.14090000,3007099.50000000,1746453599999999,6410051.57379000,23166,1679265.00000000,3579451.61194000,0
1746453600000000,2.14100000,2.15190000,2.13360000,2.13500000,3207752.40000000,1746454499999999,6876317.98528000,24579,1728791.50000000,3704437.51791000,0
1746454500000000,2.13500000,2.14100000,2.13050000,2.13570000,1392472.70000000,1746455399999999,2972788.55929000,12710,726079.40000000,1549889.62197000,0
1746455400000000,2.13570000,2.13910000,2.12670000,2.13550000,1401220.00000000,1746456299999999,2988044.34099000,13001,721990.50000000,1539476.64944000,0
1746456300000000,2.13560000,2.13960000,2.13180000,2.13340000,951836.70000000,1746457199999999,2032327.06815000,10184,464237.70000000,991403.17010000,0
1746457200000000,2.13330000,2.13950000,2.12710000,2.13270000,2467078.30000000,1746458099999999,5263540.79309000,17590,1080982.10000000,2306003.74348000,0
1746458100000000,2.13260000,2.13440000,2.12400000,2.12840000,1290269.40000000,1746458999999999,2747252.34571000,14942,719804.60000000,1532338.07868000,0
1746459000000000,2.12840000,2.13120000,2.11160000,2.11320000,3541977.40000000,1746459899999999,7507289.36846000,23088,1385137.80000000,2935289.11009000,0
1746459900000000,2.11310000,2.11690000,2.10670000,2.11510000,2660768.60000000,1746460799999999,5618500.70455000,21639,1090077.10000000,2301380.86410000,0
1746460800000000,2.11500000,2.12370000,2.11400000,2.11970000,1602927.10000000,1746461699999999,3396192.12688000,12848,1007305.90000000,2134298.00759000,0
1746461700000000,2.11960000,2.13640000,2.11960000,2.13300000,1260642.80000000,1746462599999999,2686831.88037000,11273,770365.40000000,1641257.28294000,0
1746462600000000,2.13310000,2.13980000,2.13210000,2.13950000,709787.40000000,1746463499999999,1516373.14663000,12214,403097.70000000,861072.26526000,0
1746463500000000,2.13950000,2.14080000,2.13070000,2.13280000,816376.30000000,1746464399999999,1743312.92338000,6915,394680.70000000,842737.25142000,0
1746464400000000,2.13290000,2.13410000,2.12510000,2.12600000,994464.10000000,1746465299999999,2118060.99196000,12059,522899.60000000,1113653.00011000,0
1746465300000000,2.12600000,2.14290000,2.12560000,2.14140000,828831.20000000,1746466199999999,1770634.31112000,7852,585504.80000000,1250785.16449000,0
1746466200000000,2.14130000,2.14960000,2.14060000,2.14420000,1128861.60000000,1746467099999999,2421769.72812000,11709,621221.00000000,1332529.17403000,0
1746467100000000,2.14410000,2.14630000,2.14190000,2.14430000,581364.80000000,1746467999999999,1246477.95026000,8401,309281.50000000,663110.37265000,0
1746468000000000,2.14440000,2.14920000,2.14020000,2.14850000,520418.50000000,1746468899999999,1116454.73391000,8404,282104.60000000,605153.27751000,0
1746468900000000,2.14860000,2.14990000,2.14640000,2.14970000,352985.70000000,1746469799999999,758361.98518000,5764,195080.30000000,419113.49507000,0
1746469800000000,2.14970000,2.16050000,2.14840000,2.15870000,1173346.30000000,1746470699999999,2529202.84275000,10794,742103.80000000,1599567.49785000,0
1746470700000000,2.15860000,2.16200000,2.15430000,2.15560000,1044298.00000000,1746471599999999,2253199.66060000,7926,473117.60000000,1020800.90686000,0
1746471600000000,2.15560000,2.16200000,2.15130000,2.15790000,1069099.60000000,1746472499999999,2307311.89677000,7634,538028.00000000,1161494.99276000,0
1746472500000000,2.15790000,2.16110000,2.15400000,2.15470000,1223649.20000000,1746473399999999,2639474.54459000,7790,500389.90000000,1079324.90274000,0
1746473400000000,2.15470000,2.15610000,2.14630000,2.14810000,1221664.40000000,1746474299999999,2626067.46882000,7988,402657.80000000,865594.78599000,0
1746474300000000,2.14820000,2.14840000,2.13960000,2.14140000,585492.90000000,1746475199999999,1255349.24375000,7318,234740.70000000,503260.76278000,0
1746475200000000,2.14140000,2.14180000,2.13380000,2.13600000,915598.70000000,1746476099999999,1956652.01590000,6943,487694.40000000,1041999.86499000,0
1746476100000000,2.13590000,2.14330000,2.13300000,2.13410000,1124541.00000000,1746476999999999,2405205.24915000,7344,787490.30000000,1684770.28804000,0
1746477000000000,2.13410000,2.13410000,2.11600000,2.12000000,1288578.70000000,1746477899999999,2734244.58500000,12743,600307.80000000,1273677.93195000,0
1746477900000000,2.12000000,2.12650000,2.11530000,2.12550000,794739.40000000,1746478799999999,1685736.95805000,6337,532388.60000000,1129359.31734000,0
1746478800000000,2.12560000,2.13720000,2.12410000,2.13560000,1047093.90000000,1746479699999999,2231186.73053000,7820,519530.70000000,1106801.62811000,0
1746479700000000,2.13570000,2.14040000,2.13430000,2.13510000,971059.00000000,1746480599999999,2074393.70964000,7196,381998.60000000,816036.97256000,0
1746480600000000,2.13500000,2.13510000,2.11940000,2.12680000,870194.80000000,1746481499999999,1850281.88897000,7968,365382.70000000,776619.75272000,0
1746481500000000,2.12670000,2.13930000,2.12630000,2.13490000,484170.30000000,1746482399999999,1033814.13701000,6749,298512.50000000,637291.66157000,0
1746482400000000,2.13480000,2.14110000,2.13430000,2.14000000,513179.00000000,1746483299999999,1097373.61136000,6535,262507.10000000,561245.92653000,0
1746483300000000,2.13990000,2.14380000,2.13930000,2.14060000,483204.10000000,1746484199999999,1034745.89541000,5248,294900.30000000,631507.50587000,0
1746484200000000,2.14070000,2.15050000,2.14070000,2.15010000,929313.50000000,1746485099999999,1995935.25967000,7063,481296.10000000,1033479.63934000,0
1746485100000000,2.15020000,2.15020000,2.14240000,2.14550000,1203854.80000000,1746485999999999,2582889.16853000,5531,462937.90000000,993685.96914000,0
1746486000000000,2.14540000,2.14780000,2.14350000,2.14420000,977192.80000000,1746486899999999,2095522.31510000,4827,353470.90000000,758046.53960000,0
1746486900000000,2.14430000,2.14790000,2.14000000,2.14030000,573902.80000000,1746487799999999,1229931.53943000,5018,278357.30000000,596599.40272000,0
1746487800000000,2.14040000,2.14180000,2.13580000,2.14000000,717229.30000000,1746488699999999,1533853.46711000,5836,367377.90000000,785582.46844000,0
1746488700000000,2.13990000,2.14060000,2.13060000,2.13060000,705976.70000000,1746489599999999,1507461.88102000,5056,179801.60000000,384007.83608000,0
1746489600000000,2.13060000,2.13220000,2.12630000,2.12840000,949605.70000000,1746490499999999,2022246.91243000,9126,441983.30000000,941308.60906000,0
1746490500000000,2.12840000,2.13530000,2.12610000,2.13530000,948685.30000000,1746491399999999,2019765.90368000,7416,540303.30000000,1150281.78624000,0
1746491400000000,2.13520000,2.13550000,2.12260000,2.12370000,906892.10000000,1746492299999999,1928611.69877000,8952,285770.00000000,607851.38074000,0
1746492300000000,2.12380000,2.12870000,2.12340000,2.12870000,645736.00000000,1746493199999999,1372589.19136000,5731,298622.70000000,634789.95246000,0
1746493200000000,2.12880000,2.13370000,2.12280000,2.13140000,725317.80000000,1746494099999999,1542910.96310000,8461,508972.70000000,1082486.11841000,0
1746494100000000,2.13140000,2.14060000,2.13130000,2.13630000,1062866.60000000,1746494999999999,2271636.76557000,8950,622495.80000000,1330669.35992000,0
1746495000000000,2.13620000,2.13690000,2.11820000,2.11870000,1489556.80000000,1746495899999999,3166300.50752000,12902,771827.60000000,1640520.46078000,0
1746495900000000,2.11870000,2.12000000,2.11150000,2.11270000,1654889.40000000,1746496799999999,3501221.62840000,11195,813361.70000000,1720516.99157000,0
1746496800000000,2.11270000,2.11470000,2.10180000,2.10650000,2045016.90000000,1746497699999999,4310309.61460000,13919,1176916.20000000,2480425.47136000,0
1746497700000000,2.10640000,2.10640000,2.09390000,2.10020000,3764578.20000000,1746498599999999,7901685.38081000,20094,1981939.20000000,4159146.67681000,0
1746498600000000,2.10010000,2.10660000,2.09660000,2.10420000,1783073.20000000,1746499499999999,3749425.17622000,11540,1279898.00000000,2691720.93747000,0
1746499500000000,2.10430000,2.11470000,2.10370000,2.11300000,1004125.60000000,1746500399999999,2120507.17914000,6179,777377.60000000,1641631.32088000,0
1746500400000000,2.11300000,2.11470000,2.10590000,2.10620000,668740.50000000,1746501299999999,1411629.56132000,5713,453548.60000000,957302.91475000,0
1746501300000000,2.10610000,2.11570000,2.10580000,2.11460000,868611.30000000,1746502199999999,1832939.24968000,5675,547816.20000000,1155569.96066000,0
1746502200000000,2.11460000,2.12030000,2.11390000,2.11990000,1365407.30000000,1746503099999999,2890494.25233000,5672,767483.70000000,1624685.74114000,0
1746503100000000,2.11990000,2.12100000,2.11680000,2.11850000,1037424.30000000,1746503999999999,2198259.36279000,6203,413774.20000000,876834.74358000,0
1746504000000000,2.11860000,2.11960000,2.11410000,2.11600000,690373.30000000,1746504899999999,1461719.96453000,5777,433090.40000000,916933.16927000,0
1746504900000000,2.11610000,2.12330000,2.11570000,2.12270000,607218.50000000,1746505799999999,1287486.95995000,5042,381226.10000000,808234.38569000,0
1746505800000000,2.12270000,2.12470000,2.12000000,2.12150000,884367.30000000,1746506699999999,1876831.40105000,5402,479263.70000000,1017043.24958000,0
1746506700000000,2.12150000,2.12370000,2.12140000,2.12280000,446678.30000000,1746507599999999,948057.14306000,3862,277313.60000000,588560.06276000,0
1746507600000000,2.12270000,2.12430000,2.12000000,2.12210000,785283.20000000,1746508499999999,1666414.76037000,4578,333528.10000000,707693.55416000,0
1746508500000000,2.12220000,2.12300000,2.11480000,2.11630000,511464.00000000,1746509399999999,1083022.60454000,4180,223767.40000000,473872.05109000,0
1746509400000000,2.11620000,2.11720000,2.11370000,2.11420000,435106.00000000,1746510299999999,920449.87654000,4360,236646.60000000,500609.89252000,0
1746510300000000,2.11430000,2.11550000,2.10550000,2.10630000,1644201.50000000,1746511199999999,3469607.56869000,7096,407937.60000000,860741.94145000,0
1746511200000000,2.10640000,2.11350000,2.10560000,2.11290000,600325.60000000,1746512099999999,1267748.65618000,5753,282036.60000000,595620.12531000,0
1746512100000000,2.11290000,2.11550000,2.10790000,2.10870000,1251094.90000000,1746512999999999,2642992.75268000,6673,648884.60000000,1370742.71397000,0
1746513000000000,2.10860000,2.10940000,2.10420000,2.10760000,1172693.30000000,1746513899999999,2470307.70689000,7356,598818.50000000,1261308.97675000,0
1746513900000000,2.10750000,2.10800000,2.10190000,2.10710000,1213535.30000000,1746514799999999,2553900.22767000,6326,639981.20000000,1346712.00659000,0
1746514800000000,2.10710000,2.11450000,2.10710000,2.10910000,1084366.50000000,1746515699999999,2288728.37171000,7424,639322.30000000,1349351.55612000,0
1746515700000000,2.10900000,2.10900000,2.09690000,2.09740000,2003782.10000000,1746516599999999,4209645.99148000,11415,1194680.20000000,2509660.61843000,0
1746516600000000,2.09740000,2.10510000,2.09290000,2.10230000,1932020.60000000,1746517499999999,4054226.34977000,15388,1027053.30000000,2154998.55697000,0
1746517500000000,2.10230000,2.10300000,2.09670000,2.09900000,1310467.60000000,1746518399999999,2752254.15913000,10530,529641.90000000,1112327.93328000,0
1746518400000000,2.09890000,2.10340000,2.09170000,2.09440000,1803682.40000000,1746519299999999,3781954.96414000,12503,1169815.50000000,2452414.05850000,0
1746519300000000,2.09430000,2.09430000,2.08030000,2.08710000,3678083.90000000,1746520199999999,7671219.27738000,23338,1398401.80000000,2916621.88320000,0
1746520200000000,2.08710000,2.09590000,2.08710000,2.09330000,1495871.90000000,1746521099999999,3127785.72623000,9291,871485.80000000,1822017.43754000,0
1746521100000000,2.09340000,2.09830000,2.09280000,2.09700000,644375.90000000,1746521999999999,1350194.65074000,6360,420818.70000000,881699.77362000,0
1746522000000000,2.09700000,2.10000000,2.09370000,2.09630000,585921.00000000,1746522899999999,1228846.18835000,7644,320165.70000000,671455.40867000,0
1746522900000000,2.09620000,2.10120000,2.09550000,2.10040000,413352.40000000,1746523799999999,867245.59345000,8311,263381.70000000,552547.89221000,0
1746523800000000,2.10050000,2.10300000,2.09570000,2.09700000,741916.50000000,1746524699999999,1558060.23313000,8816,294474.60000000,618567.29145000,0
1746524700000000,2.09710000,2.10870000,2.09320000,2.10650000,1003927.50000000,1746525599999999,2108880.49507000,10163,540660.20000000,1135725.84406000,0
1746525600000000,2.10650000,2.10750000,2.09960000,2.10070000,761988.00000000,1746526499999999,1602543.07441000,9629,451238.70000000,948895.52608000,0
1746526500000000,2.10060000,2.10510000,2.09700000,2.09920000,544934.10000000,1746527399999999,1145000.90716000,8426,279507.30000000,587226.69347000,0
1746527400000000,2.09920000,2.10350000,2.09390000,2.09450000,772614.70000000,1746528299999999,1621077.94197000,8783,335304.80000000,703567.69236000,0
1746528300000000,2.09450000,2.09580000,2.08760000,2.09260000,1434388.60000000,1746529199999999,3001366.27522000,14724,526398.70000000,1101438.99612000,0
1746529200000000,2.09260000,2.10100000,2.09250000,2.09910000,507727.80000000,1746530099999999,1065153.00197000,7615,277586.10000000,582274.13772000,0
1746530100000000,2.09900000,2.10460000,2.09560000,2.09590000,1089127.40000000,1746530999999999,2288206.01189000,8792,433678.00000000,911319.65409000,0
1746531000000000,2.09600000,2.09810000,2.08940000,2.09500000,965780.80000000,1746531899999999,2022167.98146000,12667,529031.10000000,1107666.00174000,0
1746531900000000,2.09500000,2.09710000,2.08300000,2.09030000,2053993.90000000,1746532799999999,4286992.54142000,14669,1147588.50000000,2395315.38721000,0
1746532800000000,2.09030000,2.09600000,2.08640000,2.09230000,670476.30000000,1746533699999999,1402622.13679000,9154,251630.80000000,526392.35295000,0
1746533700000000,2.09230000,2.09490000,2.08780000,2.09070000,773660.10000000,1746534599999999,1617459.13137000,11623,372334.00000000,778426.59519000,0
1746534600000000,2.09080000,2.09890000,2.09040000,2.09810000,885233.50000000,1746535499999999,1855137.87039000,11587,376230.00000000,788418.60709000,0
1746535500000000,2.09800000,2.10350000,2.09620000,2.10130000,883616.20000000,1746536399999999,1856032.18638000,9152,282309.00000000,593070.20541000,0
1746536400000000,2.10130000,2.10330000,2.09240000,2.09320000,1328242.40000000,1746537299999999,2784342.37733000,11981,592822.50000000,1242183.69322000,0
1746537300000000,2.09320000,2.09720000,2.08560000,2.08570000,824930.10000000,1746538199999999,1724669.26596000,10926,392681.10000000,821292.05743000,0
1746538200000000,2.08560000,2.10040000,2.08510000,2.09870000,1954636.80000000,1746539099999999,4090266.05647000,23940,1039390.60000000,2175393.69678000,0
1746539100000000,2.09880000,2.10120000,2.07770000,2.08540000,2709830.00000000,1746539999999999,5653742.86288000,23092,1042762.10000000,2176044.71739000,0
1746540000000000,2.08540000,2.10690000,2.08400000,2.10310000,2746304.60000000,1746540899999999,5762174.86778000,21573,1372065.60000000,2879616.84976000,0
1746540900000000,2.10310000,2.12290000,2.10310000,2.11330000,3027121.80000000,1746541799999999,6401585.07325000,21979,1868293.50000000,3951236.33147000,0
1746541800000000,2.11330000,2.11950000,2.10810000,2.10850000,1302124.50000000,1746542699999999,2751743.13669000,11358,501443.10000000,1059946.50352000,0
1746542700000000,2.10860000,2.11250000,2.10320000,2.10560000,1118828.60000000,1746543599999999,2357631.74978000,11464,492308.60000000,1037544.55142000,0
1746543600000000,2.10550000,2.11090000,2.10160000,2.11080000,967060.50000000,1746544499999999,2037658.59971000,13410,504637.20000000,1063231.72585000,0
1746544500000000,2.11080000,2.11770000,2.10630000,2.11670000,921519.50000000,1746545399999999,1948566.60922000,7432,457967.10000000,968539.45212000,0
1746545400000000,2.11660000,2.12100000,2.11330000,2.11420000,1156731.20000000,1746546299999999,2450008.05098000,10179,432801.60000000,916798.62042000,0
1746546300000000,2.11420000,2.11540000,2.10720000,2.11090000,679576.40000000,1746547199999999,1434624.25231000,8951,261930.90000000,552939.52767000,0
1746547200000000,2.11100000,2.12000000,2.10350000,2.11910000,910687.60000000,1746548099999999,1922265.69998000,10353,472036.60000000,996503.78157000,0
1746548100000000,2.11920000,2.12030000,2.11190000,2.11560000,952914.70000000,1746548999999999,2016802.52440000,9314,373068.80000000,789880.03416000,0
1746549000000000,2.11560000,2.12750000,2.11470000,2.11640000,1501661.30000000,1746549899999999,3186826.14475000,11393,706625.60000000,1499348.67237000,0
1746549900000000,2.11650000,2.11880000,2.11030000,2.11110000,754420.50000000,1746550799999999,1595400.74290000,7753,333155.70000000,704559.93114000,0
1746550800000000,2.11110000,2.12500000,2.11110000,2.12260000,1085518.20000000,1746551699999999,2300208.52281000,12804,494386.20000000,1047275.53216000,0
1746551700000000,2.12260000,2.12730000,2.12020000,2.12640000,789370.30000000,1746552599999999,1676983.39493000,9422,422644.50000000,897984.85907000,0
1746552600000000,2.12630000,2.12870000,2.12020000,2.12050000,796985.90000000,1746553499999999,1693664.78267000,10077,294637.70000000,626094.90508000,0
1746553500000000,2.12050000,2.12200000,2.11790000,2.12130000,574979.60000000,1746554399999999,1218977.38142000,6591,283245.00000000,600506.84600000,0
1746554400000000,2.12130000,2.12770000,2.12130000,2.12690000,510290.10000000,1746555299999999,1084271.18667000,7197,194582.90000000,413433.65488000,0
1746555300000000,2.12690000,2.13850000,2.12660000,2.13800000,995929.00000000,1746556199999999,2124716.74080000,8150,591014.30000000,1260194.62132000,0
1746556200000000,2.13790000,2.13860000,2.13100000,2.13210000,555317.20000000,1746557099999999,1185421.72413000,8704,225257.40000000,480949.84576000,0
1746557100000000,2.13210000,2.14220000,2.13080000,2.14150000,1288267.50000000,1746557999999999,2751127.32314000,8301,522155.30000000,1115803.05676000,0
1746558000000000,2.14150000,2.14660000,2.13440000,2.13590000,1642028.50000000,1746558899999999,3512500.41527000,11949,573237.30000000,1226193.26916000,0
1746558900000000,2.13590000,2.14680000,2.13490000,2.14270000,789851.10000000,1746559799999999,1690771.55910000,9488,515786.20000000,1103999.60369000,0
1746559800000000,2.14270000,2.14600000,2.14060000,2.14320000,559193.20000000,1746560699999999,1198446.20281000,8934,312999.90000000,670816.81026000,0
1746560700000000,2.14320000,2.14430000,2.13460000,2.13670000,702718.50000000,1746561599999999,1502534.67830000,7075,284642.60000000,608804.70950000,0
1746561600000000,2.13660000,2.14070000,2.13600000,2.13670000,565189.80000000,1746562499999999,1208645.96973000,6091,233003.80000000,498279.10697000,0
1746562500000000,2.13670000,2.13750000,2.12730000,2.12760000,876937.40000000,1746563399999999,1870339.32277000,6954,256773.90000000,547491.23174000,0
1746563400000000,2.12770000,2.12960000,2.12160000,2.12500000,822742.10000000,1746564299999999,1748576.08207000,7542,279926.40000000,594803.98645000,0
1746564300000000,2.12500000,2.12850000,2.12160000,2.12750000,1260116.50000000,1746565199999999,2679201.93962000,7826,805195.80000000,1712042.75429000,0
1746565200000000,2.12750000,2.13270000,2.12280000,2.12300000,779060.40000000,1746566099999999,1657843.53836000,6094,321041.70000000,683430.41369000,0
1746566100000000,2.12300000,2.12540000,2.11300000,2.11300000,822186.90000000,1746566999999999,1743421.06796000,6313,316533.20000000,671287.30873000,0
1746567000000000,2.11300000,2.12280000,2.11120000,2.12100000,834279.50000000,1746567899999999,1765693.01496000,7621,338623.80000000,716248.96908000,0
1746567900000000,2.12090000,2.12470000,2.11700000,2.11890000,532690.00000000,1746568799999999,1129363.57502000,4785,196849.50000000,417500.41946000,0
1746568800000000,2.11880000,2.14690000,2.11840000,2.13900000,2355753.20000000,1746569699999999,5039772.33980000,30310,1247309.60000000,2667981.84538000,0
1746569700000000,2.13900000,2.14660000,2.13750000,2.14640000,1331145.10000000,1746570599999999,2852601.48746000,12971,709707.60000000,1520823.23732000,0
1746570600000000,2.14640000,2.15090000,2.13950000,2.14600000,1249948.30000000,1746571499999999,2682368.15771000,15212,733140.70000000,1573483.15383000,0
1746571500000000,2.14610000,2.15170000,2.14490000,2.14910000,1008585.40000000,1746572399999999,2167027.13982000,10451,659876.30000000,1417811.54184000,0
1746572400000000,2.14900000,2.15120000,2.14100000,2.14360000,1152131.70000000,1746573299999999,2471353.15453000,12399,559346.30000000,1199515.16298000,0
1746573300000000,2.14360000,2.15300000,2.14290000,2.15030000,1659839.20000000,1746574199999999,3568104.71134000,8830,1254893.40000000,2697870.96496000,0
1746574200000000,2.15020000,2.15670000,2.14770000,2.15640000,1465949.10000000,1746575099999999,3153702.70748000,7548,889987.40000000,1915149.92173000,0
1746575100000000,2.15640000,2.15950000,2.15380000,2.15500000,953441.90000000,1746575999999999,2055718.91619000,8995,454510.10000000,979980.71801000,0
1746576000000000,2.15500000,2.15620000,2.14890000,2.15420000,1177762.00000000,1746576899999999,2534484.78425000,13866,520198.60000000,1119489.93952000,0
1746576900000000,2.15420000,2.17060000,2.15250000,2.16530000,2120129.60000000,1746577799999999,4583365.92694000,21601,1089420.20000000,2355322.41662000,0
1746577800000000,2.16540000,2.16880000,2.16210000,2.16440000,953585.30000000,1746578699999999,2064512.19787000,15678,619011.00000000,1340212.21798000,0
1746578700000000,2.16440000,2.16810000,2.16130000,2.16700000,1025812.70000000,1746579599999999,2220769.68199000,10106,436561.50000000,944843.18976000,0
1746579600000000,2.16700000,2.17160000,2.16080000,2.16320000,854041.70000000,1746580499999999,1850174.50282000,12143,458590.60000000,993524.51404000,0
1746580500000000,2.16320000,2.16850000,2.16070000,2.16440000,1019073.80000000,1746581399999999,2205967.66016000,9024,659173.50000000,1426929.86136000,0
1746581400000000,2.16440000,2.16480000,2.15850000,2.15990000,1067164.00000000,1746582299999999,2306611.33897000,9038,529432.50000000,1144164.88747000,0
1746582300000000,2.15990000,2.16220000,2.15630000,2.15800000,724274.10000000,1746583199999999,1564228.76261000,8618,315016.60000000,680341.62344000,0
1746583200000000,2.15800000,2.15910000,2.15080000,2.15250000,900231.40000000,1746584099999999,1939201.94124000,10003,400049.60000000,861739.81174000,0
1746584100000000,2.15250000,2.15320000,2.14770000,2.14830000,992809.30000000,1746584999999999,2135213.54836000,6715,366868.80000000,788991.27602000,0
1746585000000000,2.14830000,2.14850000,2.14520000,2.14550000,956392.50000000,1746585899999999,2053361.48790000,6813,536746.40000000,1152357.97033000,0
1746585900000000,2.14550000,2.14820000,2.14290000,2.14770000,727153.40000000,1746586799999999,1560426.96951000,6001,453839.70000000,973927.72878000,0
1746586800000000,2.14760000,2.14880000,2.14300000,2.14300000,1012779.50000000,1746587699999999,2172872.25681000,6725,604360.50000000,1296670.63953000,0
1746587700000000,2.14310000,2.14410000,2.13770000,2.14370000,1369260.70000000,1746588599999999,2930768.18794000,8555,690886.80000000,1478795.42511000,0
1746588600000000,2.14360000,2.14690000,2.14270000,2.14680000,558249.70000000,1746589499999999,1197418.13410000,5595,406075.70000000,870987.73473000,0
1746589500000000,2.14690000,2.14920000,2.14400000,2.14800000,453277.10000000,1746590399999999,973210.66887000,4614,284304.20000000,610374.36394000,0
1746590400000000,2.14790000,2.15450000,2.14790000,2.15450000,704642.60000000,1746591299999999,1516028.27280000,4978,450471.10000000,969185.39143000,0
1746591300000000,2.15450000,2.15450000,2.14930000,2.14960000,648449.90000000,1746592199999999,1395072.54092000,4342,229512.60000000,493736.20425000,0
1746592200000000,2.14970000,2.14980000,2.14630000,2.14690000,516521.00000000,1746593099999999,1109246.17982000,4495,339047.50000000,728116.06153000,0
1746593100000000,2.14690000,2.14730000,2.14300000,2.14650000,613746.00000000,1746593999999999,1316693.42147000,4864,361230.10000000,774944.47403000,0
1746594000000000,2.14660000,2.14660000,2.14310000,2.14340000,823598.40000000,1746594899999999,1766609.16060000,5909,372959.50000000,799988.36261000,0
1746594900000000,2.14330000,2.14580000,2.13880000,2.13900000,816688.90000000,1746595799999999,1748713.71801000,4799,362043.10000000,775289.30413000,0
1746595800000000,2.13900000,2.14280000,2.13640000,2.13650000,1042519.50000000,1746596699999999,2229815.21951000,6249,605948.80000000,1296216.18117000,0
1746596700000000,2.13650000,2.13890000,2.13110000,2.13330000,1750891.30000000,1746597599999999,3737276.56315000,6671,679950.50000000,1451406.84801000,0
1746597600000000,2.13330000,2.13910000,2.13300000,2.13850000,741244.60000000,1746598499999999,1583860.35385000,5516,511489.00000000,1092926.92662000,0
1746598500000000,2.13850000,2.13850000,2.13270000,2.13430000,750802.40000000,1746599399999999,1603239.58213000,5652,480797.40000000,1026712.80726000,0
1746599400000000,2.13430000,2.13450000,2.13040000,2.13140000,968422.90000000,1746600299999999,2064987.43920000,6815,595763.90000000,1270374.43164000,0
1746600300000000,2.13140000,2.13300000,2.12840000,2.13240000,1334400.50000000,1746601199999999,2843096.14361000,7369,805288.40000000,1716009.63765000,0
1746601200000000,2.13250000,2.13770000,2.13050000,2.13270000,1945304.70000000,1746602099999999,4149820.73166000,9980,1188591.70000000,2535761.03972000,0
1746602100000000,2.13260000,2.13880000,2.13150000,2.13710000,1181849.30000000,1746602999999999,2523530.52727000,7920,811382.30000000,1732433.37447000,0
1746603000000000,2.13710000,2.14040000,2.13580000,2.13990000,1068492.70000000,1746603899999999,2284621.65258000,6945,666412.60000000,1425050.61382000,0
1746603900000000,2.14000000,2.14180000,2.13880000,2.14120000,914602.50000000,1746604799999999,1957222.88690000,6055,382341.70000000,818271.91375000,0
1746604800000000,2.14110000,2.14180000,2.13650000,2.13790000,1172464.90000000,1746605699999999,2507826.20018000,7165,679996.60000000,1454552.81722000,0
1746605700000000,2.13790000,2.14000000,2.13660000,2.13880000,403492.30000000,1746606599999999,862941.55579000,4766,283437.30000000,606198.50345000,0
1746606600000000,2.13890000,2.14730000,2.13830000,2.14580000,1456438.70000000,1746607499999999,3122002.41496000,7189,912591.50000000,1956001.12243000,0
1746607500000000,2.14580000,2.14920000,2.14570000,2.14790000,736697.90000000,1746608399999999,1582419.27861000,4744,517190.10000000,1110912.00353000,0
1746608400000000,2.14780000,2.15140000,2.14600000,2.14610000,778893.60000000,1746609299999999,1673667.42964000,5350,373837.70000000,803460.19132000,0
1746609300000000,2.14620000,2.14660000,2.14280000,2.14360000,348469.50000000,1746610199999999,747137.38669000,4020,201707.10000000,432440.01241000,0
1746610200000000,2.14360000,2.14590000,2.14130000,2.14580000,759082.20000000,1746611099999999,1627471.73455000,4667,314783.40000000,674727.72748000,0
1746611100000000,2.14580000,2.14860000,2.14460000,2.14510000,525233.10000000,1746611999999999,1127623.81188000,3698,285871.10000000,613759.84237000,0
1746612000000000,2.14510000,2.14560000,2.14040000,2.14200000,560516.70000000,1746612899999999,1200620.16235000,5209,226929.50000000,486112.65439000,0
1746612900000000,2.14210000,2.14240000,2.13740000,2.13790000,752157.40000000,1746613799999999,1609204.79202000,4477,305817.30000000,654179.86837000,0
1746613800000000,2.13790000,2.14380000,2.13590000,2.14370000,777643.30000000,1746614699999999,1663096.58208000,5284,528450.40000000,1129845.76246000,0
1746614700000000,2.14380000,2.14490000,2.14030000,2.14310000,470880.50000000,1746615599999999,1009191.85314000,4445,199085.30000000,426733.56282000,0
1746615600000000,2.14300000,2.14360000,2.13980000,2.14040000,540956.80000000,1746616499999999,1158291.99629000,4164,200803.70000000,429937.08170000,0
1746616500000000,2.14040000,2.14100000,2.13810000,2.13850000,577890.50000000,1746617399999999,1236402.83045000,2993,370812.20000000,793309.36934000,0
1746617400000000,2.13850000,2.14230000,2.13840000,2.14170000,498530.90000000,1746618299999999,1067014.78537000,4105,237351.50000000,507985.92868000,0
1746618300000000,2.14180000,2.14290000,2.14010000,2.14280000,519256.40000000,1746619199999999,1112169.26486000,3976,293416.00000000,628420.69519000,0
1746619200000000,2.14290000,2.14380000,2.13700000,2.13700000,792716.80000000,1746620099999999,1696197.18813000,5944,297341.60000000,636314.33710000,0
1746620100000000,2.13710000,2.14150000,2.13560000,2.13830000,844335.90000000,1746620999999999,1805959.58879000,6492,448852.50000000,960004.89532000,0
1746621000000000,2.13840000,2.13840000,2.13090000,2.13210000,1588045.40000000,1746621899999999,3389321.24166000,6222,725267.60000000,1547647.82079000,0
1746621900000000,2.13200000,2.13470000,2.13040000,2.13430000,868020.40000000,1746622799999999,1850967.25617000,4765,558943.10000000,1191869.60862000,0
1746622800000000,2.13430000,2.13430000,2.12730000,2.12730000,975089.80000000,1746623699999999,2077133.43249000,6119,365965.10000000,779503.99029000,0
1746623700000000,2.12730000,2.12920000,2.12500000,2.12590000,852621.30000000,1746624599999999,1813114.75383000,6903,407731.20000000,867039.94843000,0
1746624600000000,2.12600000,2.13940000,2.12570000,2.13840000,929821.70000000,1746625499999999,1982332.07490000,15285,475042.90000000,1012891.41092000,0
1746625500000000,2.13840000,2.13840000,2.12960000,2.13510000,1315783.80000000,1746626399999999,2809111.79662000,10562,657472.40000000,1403547.26164000,0
1746626400000000,2.13510000,2.14270000,2.13360000,2.14140000,939869.80000000,1746627299999999,2010859.90785000,11254,489706.70000000,1047726.86439000,0
1746627300000000,2.14150000,2.14490000,2.13880000,2.14400000,702762.80000000,1746628199999999,1505204.86543000,8028,269887.80000000,578215.22516000,0
1746628200000000,2.14400000,2.14500000,2.13530000,2.13690000,1113328.40000000,1746629099999999,2381284.73638000,7450,254723.00000000,545345.08580000,0
1746629100000000,2.13680000,2.13680000,2.12200000,2.12880000,1358403.20000000,1746629999999999,2890414.22016000,13990,658289.70000000,1400508.29165000,0
1746630000000000,2.12880000,2.12910000,2.12160000,2.12400000,1176173.90000000,1746630899999999,2499010.89928000,13340,578976.70000000,1229692.29577000,0
1746630900000000,2.12400000,2.13000000,2.12330000,2.12900000,895305.30000000,1746631799999999,1905013.35217000,8598,309629.00000000,658698.83796000,0
1746631800000000,2.12890000,2.13330000,2.12610000,2.13170000,1310265.60000000,1746632699999999,2790347.22410000,10696,534124.80000000,1137587.61666000,0
1746632700000000,2.13170000,2.13220000,2.12420000,2.12680000,630856.70000000,1746633599999999,1341734.11825000,8208,302190.40000000,642709.23512000,0
1746633600000000,2.12680000,2.12750000,2.11960000,2.12190000,1366093.40000000,1746634499999999,2899674.22113000,11614,529558.90000000,1124187.61889000,0
1746634500000000,2.12190000,2.12190000,2.11310000,2.11320000,1362659.00000000,1746635399999999,2884056.78948000,11714,585370.20000000,1238938.82212000,0
1746635400000000,2.11330000,2.12040000,2.11250000,2.12040000,957818.20000000,1746636299999999,2027262.17534000,12900,462626.30000000,979137.86075000,0
1746636300000000,2.12030000,2.12500000,2.11920000,2.12320000,785486.20000000,1746637199999999,1667141.49666000,7900,329774.60000000,699986.44900000,0
1746637200000000,2.12310000,2.12420000,2.11900000,2.12220000,837913.20000000,1746638099999999,1777371.29348000,7139,513177.60000000,1088493.90622000,0
1746638100000000,2.12230000,2.12590000,2.11850000,2.12090000,511937.50000000,1746638999999999,1085679.04796000,8350,317697.20000000,673729.93553000,0
1746639000000000,2.12100000,2.12410000,2.11830000,2.12010000,684739.00000000,1746639899999999,1452645.37366000,9680,292291.80000000,620079.12044000,0
1746639900000000,2.12010000,2.12500000,2.10870000,2.11440000,1742684.90000000,1746640799999999,3686150.61883000,19260,825405.20000000,1745457.60368000,0
1746640800000000,2.11440000,2.12730000,2.10510000,2.11240000,4804409.80000000,1746641699999999,10163594.54922000,45690,2341811.70000000,4956321.20363000,0
1746641700000000,2.11230000,2.12680000,2.10910000,2.12310000,1231897.30000000,1746642599999999,2611335.23566000,14423,665866.10000000,1411127.41213000,0
1746642600000000,2.12300000,2.13460000,2.11640000,2.11770000,2037308.70000000,1746643499999999,4329945.32443000,20228,818573.20000000,1741828.12889000,0
1746643500000000,2.11770000,2.12470000,2.10390000,2.12350000,2232647.30000000,1746644399999999,4716329.56228000,19967,1135044.80000000,2398269.34195000,0
1746644400000000,2.12360000,2.12430000,2.11510000,2.11740000,835111.50000000,1746645299999999,1769719.01364000,13890,389765.50000000,826112.98386000,0
1746645300000000,2.11740000,2.12430000,2.10740000,2.11010000,2057694.20000000,1746646199999999,4357862.01742000,13703,1016978.60000000,2154430.26009000,0
1746646200000000,2.11000000,2.12450000,2.10550000,2.12110000,1413832.20000000,1746647099999999,2988890.29168000,16783,786635.00000000,1662440.27866000,0
1746647100000000,2.12120000,2.12280000,2.11030000,2.11240000,719520.50000000,1746647999999999,1522596.73969000,10899,280568.30000000,593779.20919000,0
1746648000000000,2.11250000,2.11870000,2.10990000,2.11800000,513820.10000000,1746648899999999,1086128.41548000,7186,295772.80000000,625147.90221000,0
1746648900000000,2.11800000,2.11910000,2.10870000,2.11100000,572700.00000000,1746649799999999,1209328.59964000,5410,278545.30000000,588247.66760000,0
1746649800000000,2.11100000,2.11310000,2.10700000,2.11010000,504758.00000000,1746650699999999,1065109.78689000,7785,250910.70000000,529443.50434000,0
1746650700000000,2.11010000,2.11710000,2.10810000,2.11710000,532313.50000000,1746651599999999,1124755.87069000,8976,365755.20000000,772863.92874000,0
1746651600000000,2.11720000,2.12230000,2.11710000,2.11860000,822837.10000000,1746652499999999,1744064.75210000,6520,521432.30000000,1105132.21281000,0
1746652500000000,2.11860000,2.13130000,2.11860000,2.13070000,427034.70000000,1746653399999999,907463.24516000,5271,286978.00000000,609847.31911000,0
1746653400000000,2.13070000,2.13470000,2.12410000,2.13130000,870683.00000000,1746654299999999,1854492.03393000,8616,436720.60000000,930044.08822000,0
1746654300000000,2.13130000,2.13440000,2.12690000,2.13010000,435787.50000000,1746655199999999,929147.82463000,5568,297060.20000000,633411.85985000,0
1746655200000000,2.13010000,2.13680000,2.12760000,2.13410000,983443.20000000,1746656099999999,2098036.12506000,11845,559280.90000000,1193078.18649000,0
1746656100000000,2.13410000,2.13440000,2.12920000,2.12940000,550573.30000000,1746656999999999,1173377.66001000,4514,190725.00000000,406467.37997000,0
1746657000000000,2.12950000,2.13330000,2.12890000,2.13080000,422699.40000000,1746657899999999,900951.31597000,4611,242908.20000000,517775.04628000,0
1746657900000000,2.13080000,2.13090000,2.12690000,2.12760000,520373.10000000,1746658799999999,1107651.88419000,3877,348865.60000000,742555.32279000,0
1746658800000000,2.12750000,2.13640000,2.12620000,2.13520000,681718.60000000,1746659699999999,1453751.86805000,6826,456915.30000000,974300.66043000,0
1746659700000000,2.13520000,2.13560000,2.12990000,2.13080000,616953.70000000,1746660599999999,1315615.77562000,5502,286794.10000000,611525.99035000,0
1746660600000000,2.13080000,2.13170000,2.12580000,2.12810000,444751.30000000,1746661499999999,946537.70815000,5419,233270.60000000,496398.48091000,0
1746661500000000,2.12800000,2.12880000,2.12400000,2.12650000,371139.70000000,1746662399999999,789297.85538000,5369,163473.10000000,347662.20053000,0
1746662400000000,2.12640000,2.12780000,2.12210000,2.12430000,915712.30000000,1746663299999999,1946156.85617000,8443,479873.30000000,1019842.28672000,0
1746663300000000,2.12430000,2.12950000,2.12360000,2.12820000,682856.00000000,1746664199999999,1452127.99714000,7053,465132.00000000,989076.59429000,0
1746664200000000,2.12830000,2.12880000,2.11850000,2.11880000,728448.00000000,1746665099999999,1546471.77775000,6572,387934.90000000,823655.48488000,0
1746665100000000,2.11890000,2.13620000,2.11760000,2.13520000,1245741.20000000,1746665999999999,2649249.00616000,10716,828833.10000000,1762995.49385000,0
1746666000000000,2.13520000,2.14780000,2.13390000,2.13680000,2331557.00000000,1746666899999999,4991998.70810000,26762,1343452.10000000,2876273.41746000,0
1746666900000000,2.13670000,2.14620000,2.13090000,2.14430000,1501495.70000000,1746667799999999,3214239.49342000,11495,862020.50000000,1845306.97563000,0
1746667800000000,2.14420000,2.14510000,2.13710000,2.13920000,1590897.20000000,1746668699999999,3405345.53781000,11850,597600.50000000,1279529.04994000,0
1746668700000000,2.13930000,2.14340000,2.13550000,2.13810000,1383294.90000000,1746669599999999,2958870.97891000,9223,943652.60000000,2018523.97214000,0
1746669600000000,2.13820000,2.14750000,2.13820000,2.14590000,1483128.30000000,1746670499999999,3180693.88054000,10937,931325.20000000,1997133.62867000,0
1746670500000000,2.14590000,2.16360000,2.14460000,2.16120000,3247001.30000000,1746671399999999,6991620.13238000,17807,2212870.60000000,4764352.38107000,0
1746671400000000,2.16120000,2.16890000,2.16040000,2.16440000,3197118.50000000,1746672299999999,6920439.14518000,24035,1717939.40000000,3718736.69756000,0
1746672300000000,2.16450000,2.17140000,2.16440000,2.17040000,2306234.20000000,1746673199999999,5001884.29416000,14865,1440325.60000000,3123608.91646000,0
1746673200000000,2.17040000,2.17490000,2.16640000,2.17030000,2942838.30000000,1746674099999999,6388075.03415000,21531,1356787.60000000,2945498.02855000,0
1746674100000000,2.17020000,2.17800000,2.16770000,2.17430000,2279109.70000000,1746674999999999,4952471.07038000,15094,1103658.00000000,2399568.02500000,0
1746675000000000,2.17440000,2.18000000,2.16860000,2.17990000,1682035.80000000,1746675899999999,3656454.84573000,16506,924759.30000000,2010896.28035000,0
1746675900000000,2.18000000,2.18570000,2.17410000,2.18570000,2263334.60000000,1746676799999999,4933375.37940000,17833,1169154.90000000,2548532.60575000,0
1746676800000000,2.18560000,2.20680000,2.18560000,2.19830000,4202874.50000000,1746677699999999,9241974.22922000,35214,2329368.40000000,5120881.56308000,0
1746677700000000,2.19820000,2.20410000,2.19160000,2.19760000,3219301.10000000,1746678599999999,7077576.11481000,22416,1195051.90000000,2627350.55861000,0
1746678600000000,2.19750000,2.19750000,2.18780000,2.18780000,2356355.80000000,1746679499999999,5164627.20043000,17259,1131567.50000000,2480169.76537000,0
1746679500000000,2.18780000,2.19080000,2.18190000,2.18220000,2717646.90000000,1746680399999999,5940441.36726000,16236,1147671.70000000,2508137.57404000,0
1746680400000000,2.18230000,2.19050000,2.18230000,2.18660000,1548788.40000000,1746681299999999,3387952.38596000,11490,786279.60000000,1719847.43753000,0
1746681300000000,2.18660000,2.18720000,2.17990000,2.18130000,1294591.80000000,1746682199999999,2825697.77650000,7756,675416.40000000,1474115.63409000,0
1746682200000000,2.18120000,2.18230000,2.17620000,2.17720000,1620876.50000000,1746683099999999,3531518.01247000,9306,865486.60000000,1885693.71541000,0
1746683100000000,2.17710000,2.17900000,2.17350000,2.17490000,1531177.50000000,1746683999999999,3331816.68908000,7024,786049.70000000,1710338.79671000,0
1746684000000000,2.17490000,2.18150000,2.17420000,2.17680000,2006074.20000000,1746684899999999,4368343.05230000,7342,919619.40000000,2002200.60793000,0
1746684900000000,2.17680000,2.17820000,2.17260000,2.17310000,1048905.20000000,1746685799999999,2282034.34248000,6144,508180.50000000,1105632.96414000,0
1746685800000000,2.17320000,2.17460000,2.16920000,2.17070000,2012146.90000000,1746686699999999,4369686.07351000,9264,1056759.80000000,2294818.31136000,0
1746686700000000,2.17070000,2.17690000,2.16840000,2.17670000,1355551.30000000,1746687599999999,2945042.18962000,8452,704278.40000000,1530120.40576000,0
1746687600000000,2.17660000,2.18420000,2.17660000,2.18260000,1156733.80000000,1746688499999999,2523473.49109000,8277,650887.80000000,1419826.07585000,0
1746688500000000,2.18270000,2.19200000,2.18130000,2.19060000,2028690.10000000,1746689399999999,4433780.63006000,13056,893065.20000000,1951936.48898000,0
1746689400000000,2.19060000,2.19800000,2.18710000,2.19500000,2094606.30000000,1746690299999999,4592017.71646000,22061,1093471.60000000,2397107.08926000,0
1746690300000000,2.19500000,2.19510000,2.18630000,2.18890000,772975.40000000,1746691199999999,1692857.63657000,6628,272993.60000000,597816.85277000,0
1746691200000000,2.18900000,2.19710000,2.18820000,2.19320000,922539.80000000,1746692099999999,2023790.88164000,10548,512235.40000000,1123711.46624000,0
1746692100000000,2.19320000,2.20920000,2.19290000,2.20810000,3182078.90000000,1746692999999999,7011192.31769000,16165,1956157.70000000,4308727.59215000,0
1746693000000000,2.20810000,2.20880000,2.20200000,2.20810000,1147035.20000000,1746693899999999,2530039.22132000,12911,527689.20000000,1164027.93696000,0
1746693900000000,2.20810000,2.21880000,2.20720000,2.21170000,2831655.50000000,1746694799999999,6269748.36129000,20972,1595801.40000000,3532993.13302000,0
1746694800000000,2.21170000,2.21580000,2.20730000,2.20740000,1265428.90000000,1746695699999999,2797872.82757000,12645,728529.90000000,1610709.61812000,0
1746695700000000,2.20740000,2.21070000,2.20330000,2.20510000,1516604.20000000,1746696599999999,3347258.16529000,11216,909063.70000000,2006259.75230000,0
1746696600000000,2.20510000,2.20800000,2.20160000,2.20710000,975829.30000000,1746697499999999,2150850.34258000,9669,547227.90000000,1206190.04588000,0
1746697500000000,2.20700000,2.21140000,2.20680000,2.20990000,1100443.80000000,1746698399999999,2430988.81863000,9272,629206.10000000,1389971.14936000,0
1746698400000000,2.21000000,2.21720000,2.20910000,2.21230000,1696647.40000000,1746699299999999,3755055.45431000,18175,837891.00000000,1854310.43137000,0
1746699300000000,2.21240000,2.21560000,2.20800000,2.21070000,1002008.70000000,1746700199999999,2216218.92516000,11194,544363.60000000,1204045.42636000,0
1746700200000000,2.21070000,2.21340000,2.20630000,2.20860000,1224668.10000000,1746701099999999,2705035.40822000,10921,591464.40000000,1306553.06165000,0
1746701100000000,2.20860000,2.21680000,2.20860000,2.21500000,1295492.80000000,1746701999999999,2867750.85105000,12339,578979.70000000,1281730.22742000,0
1746702000000000,2.21500000,2.21540000,2.20770000,2.20870000,1583142.30000000,1746702899999999,3501706.24872000,13048,721202.00000000,1595194.31306000,0
1746702900000000,2.20870000,2.21000000,2.20470000,2.20610000,1097854.50000000,1746703799999999,2422656.44440000,10026,515031.00000000,1136582.99709000,0
1746703800000000,2.20610000,2.20720000,2.20300000,2.20530000,1010477.40000000,1746704699999999,2228360.72667000,7560,417880.30000000,921567.69970000,0
1746704700000000,2.20540000,2.20970000,2.20470000,2.20820000,939210.90000000,1746705599999999,2072542.91305000,7167,519677.20000000,1146718.43437000,0
1746705600000000,2.20820000,2.21850000,2.20820000,2.21300000,2090779.10000000,1746706499999999,4629956.51732000,13203,1170634.00000000,2592025.55973000,0
1746706500000000,2.21290000,2.22160000,2.21290000,2.21670000,1919445.10000000,1746707399999999,4256726.50924000,13743,1143702.80000000,2536552.79236000,0
1746707400000000,2.21680000,2.22000000,2.20500000,2.20840000,2443119.00000000,1746708299999999,5399631.29658000,20205,1024067.90000000,2263578.94667000,0
1746708300000000,2.20850000,2.21500000,2.20600000,2.20810000,1630689.00000000,1746709199999999,3604736.70729000,11092,879468.60000000,1944821.63264000,0
1746709200000000,2.20810000,2.21340000,2.20770000,2.21080000,1772980.40000000,1746710099999999,3919695.62071000,11203,1042931.00000000,2305674.85057000,0
1746710100000000,2.21070000,2.21520000,2.21020000,2.21400000,1973022.70000000,1746710999999999,4366000.49144000,11301,981158.20000000,2171370.94228000,0
1746711000000000,2.21400000,2.21900000,2.20800000,2.21020000,2306538.40000000,1746711899999999,5105791.29853000,22358,1256944.40000000,2782374.04516000,0
1746711900000000,2.21030000,2.21290000,2.20250000,2.20900000,1209789.90000000,1746712799999999,2670922.44930000,13735,567044.20000000,1251934.43687000,0
1746712800000000,2.20900000,2.21350000,2.20280000,2.20350000,1443729.30000000,1746713699999999,3187972.39044000,12753,660875.30000000,1459283.87038000,0
1746713700000000,2.20360000,2.21270000,2.20350000,2.21210000,1085485.30000000,1746714599999999,2397111.85995000,9565,599852.70000000,1325076.72617000,0
1746714600000000,2.21220000,2.21960000,2.20990000,2.21400000,2258627.10000000,1746715499999999,5002482.34574000,15732,878027.00000000,1944842.43668000,0
1746715500000000,2.21390000,2.23920000,2.21160000,2.22270000,5061869.10000000,1746716399999999,11273723.91744000,40383,2714082.40000000,6041209.65252000,0
1746716400000000,2.22260000,2.23700000,2.22250000,2.23670000,2472470.10000000,1746717299999999,5518073.99264000,29102,1304193.60000000,2911181.50511000,0
1746717300000000,2.23660000,2.26890000,2.23230000,2.25280000,6670424.00000000,1746718199999999,14997930.41767000,47323,4350209.20000000,9784344.99983000,0
1746718200000000,2.25290000,2.27500000,2.24400000,2.26600000,6509208.10000000,1746719099999999,14699165.99406000,56230,3516818.70000000,7943626.80632000,0
1746719100000000,2.26600000,2.27450000,2.24270000,2.24370000,7080931.30000000,1746719999999999,15988322.00691000,57450,3307961.90000000,7467878.14678000,0
1746720000000000,2.24370000,2.25270000,2.23670000,2.25090000,3850387.00000000,1746720899999999,8638486.44018000,32070,2151079.00000000,4827549.25119000,0
1746720900000000,2.25100000,2.25540000,2.24010000,2.24050000,2654562.90000000,1746721799999999,5967569.72328000,25516,1260462.20000000,2833907.04546000,0
1746721800000000,2.24050000,2.24830000,2.23570000,2.24500000,2078114.20000000,1746722699999999,4661460.18378000,20118,1119733.70000000,2512102.91077000,0
1746722700000000,2.24510000,2.26180000,2.24290000,2.25190000,2982292.60000000,1746723599999999,6721465.48370000,16516,1785932.80000000,4024570.64203000,0
1746723600000000,2.25190000,2.25240000,2.24080000,2.24190000,2129824.90000000,1746724499999999,4784478.47879000,17177,1172658.80000000,2634345.32590000,0
1746724500000000,2.24190000,2.25260000,2.24180000,2.24710000,2021507.50000000,1746725399999999,4540885.30977000,15444,1353561.90000000,3040602.12255000,0
1746725400000000,2.24710000,2.24890000,2.23290000,2.23580000,2313683.40000000,1746726299999999,5179539.06536000,16369,637549.60000000,1427592.58393000,0
1746726300000000,2.23590000,2.23810000,2.22720000,2.23250000,2369254.90000000,1746727199999999,5288357.53666000,15680,836678.80000000,1867594.93520000,0
1746727200000000,2.23260000,2.23990000,2.23210000,2.23790000,873954.80000000,1746728099999999,1954330.41812000,12423,389671.60000000,871352.19100000,0
1746728100000000,2.23780000,2.24480000,2.23690000,2.23970000,1375758.10000000,1746728999999999,3083915.82424000,9850,835159.20000000,1872375.51136000,0
1746729000000000,2.23970000,2.24780000,2.23880000,2.24630000,1156574.50000000,1746729899999999,2595253.96364000,10457,698428.80000000,1567260.80255000,0
1746729900000000,2.24620000,2.25350000,2.24530000,2.24870000,1293589.60000000,1746730799999999,2910594.49634000,10863,767539.90000000,1727114.05563000,0
1746730800000000,2.24870000,2.25070000,2.24190000,2.24380000,975596.40000000,1746731699999999,2191504.34762000,10601,494602.40000000,1111209.15432000,0
1746731700000000,2.24370000,2.25860000,2.24200000,2.25110000,2281478.10000000,1746732599999999,5136400.68112000,15780,1451302.80000000,3266501.74463000,0
1746732600000000,2.25110000,2.25720000,2.24700000,2.25250000,1368740.80000000,1746733499999999,3083869.09879000,12857,623004.40000000,1403610.21515000,0
1746733500000000,2.25260000,2.27500000,2.25150000,2.27400000,3649763.50000000,1746734399999999,8271731.73708000,32118,2300620.30000000,5214097.77457000,0
1746734400000000,2.27400000,2.27780000,2.26000000,2.26040000,3866945.40000000,1746735299999999,8783067.34113000,26607,1766139.30000000,4011609.20203000,0
1746735300000000,2.26050000,2.27500000,2.25830000,2.27410000,2137070.90000000,1746736199999999,4843377.26245000,14096,1283216.20000000,2908936.43186000,0
1746736200000000,2.27400000,2.28900000,2.27390000,2.28730000,4167291.20000000,1746737099999999,9504896.02556000,26509,2372080.20000000,5410528.04420000,0
1746737100000000,2.28730000,2.31990000,2.28480000,2.31180000,8586649.40000000,1746737999999999,19772338.46743000,50743,5983652.20000000,13777437.18324000,0
1746738000000000,2.31180000,2.31660000,2.28810000,2.30310000,5663485.80000000,1746738899999999,13029432.25729000,47859,2620861.60000000,6028724.61506000,0
1746738900000000,2.30310000,2.32970000,2.30290000,2.30810000,5501783.70000000,1746739799999999,12747375.09549000,43235,2969195.30000000,6879351.99610000,0
1746739800000000,2.30820000,2.32080000,2.29550000,2.29790000,4660625.10000000,1746740699999999,10770474.68973000,29615,1846214.00000000,4268391.48615000,0
1746740700000000,2.29800000,2.31210000,2.29150000,2.30230000,2862929.00000000,1746741599999999,6590734.90913000,24305,1135877.20000000,2615258.71034000,0
1746741600000000,2.30240000,2.30650000,2.29030000,2.29460000,2580936.70000000,1746742499999999,5933751.84462000,20600,884124.10000000,2032674.84699000,0
1746742500000000,2.29470000,2.30350000,2.28960000,2.29220000,2081918.50000000,1746743399999999,4779782.95644000,12490,660164.80000000,1515314.25411000,0
1746743400000000,2.29210000,2.30070000,2.28120000,2.29990000,2858354.50000000,1746744299999999,6545866.20544000,20985,1510479.20000000,3462015.62548000,0
1746744300000000,2.30000000,2.30170000,2.29060000,2.29470000,1394288.10000000,1746745199999999,3200054.39949000,14385,555841.90000000,1275797.48957000,0
1746745200000000,2.29460000,2.30120000,2.28880000,2.30020000,1756685.60000000,1746746099999999,4032639.87567000,15885,942495.20000000,2163937.68161000,0
1746746100000000,2.30030000,2.31080000,2.29840000,2.30900000,2026116.60000000,1746746999999999,4672961.30400000,13487,975165.80000000,2248979.82860000,0
1746747000000000,2.30900000,2.32130000,2.30710000,2.32040000,2361424.30000000,1746747899999999,5468738.54279000,17206,1395910.10000000,3232374.75651000,0
1746747900000000,2.32040000,2.32840000,2.31560000,2.32720000,3104406.50000000,1746748799999999,7213285.55541000,19830,1832950.80000000,4258946.51830000,0
1746748800000000,2.32720000,2.33300000,2.31030000,2.31290000,4883707.00000000,1746749699999999,11346501.67006000,36028,2430643.00000000,5649047.16036000,0
1746749700000000,2.31290000,2.31690000,2.30390000,2.30490000,2547829.80000000,1746750599999999,5883000.00178000,19734,975049.20000000,2252231.97414000,0
1746750600000000,2.30500000,2.31320000,2.30220000,2.31320000,2490134.20000000,1746751499999999,5746896.76626000,18741,1101095.10000000,2541645.05989000,0
1746751500000000,2.31320000,2.32190000,2.31200000,2.31710000,2383473.00000000,1746752399999999,5522754.32896000,18913,983613.40000000,2278916.73186000,0
1746752400000000,2.31700000,2.32180000,2.31180000,2.31990000,2889660.70000000,1746753299999999,6693266.27965000,20314,1250216.30000000,2895561.84847000,0
1746753300000000,2.31990000,2.32900000,2.30750000,2.31280000,2476294.00000000,1746754199999999,5739041.20444000,19418,1290299.30000000,2988022.96245000,0
1746754200000000,2.31270000,2.31490000,2.30200000,2.30820000,1907998.60000000,1746755099999999,4401309.68567000,14936,864552.20000000,1994056.43192000,0
1746755100000000,2.30820000,2.31860000,2.30250000,2.31810000,1601483.70000000,1746755999999999,3700791.95287000,12568,964010.20000000,2227602.30672000,0
1746756000000000,2.31810000,2.32050000,2.30700000,2.30940000,1660579.00000000,1746756899999999,3840852.16366000,14714,705728.50000000,1632630.03033000,0
1746756900000000,2.30930000,2.31520000,2.30220000,2.30360000,2935656.20000000,1746757799999999,6774407.47943000,17460,1025732.80000000,2366439.60733000,0
1746757800000000,2.30360000,2.30870000,2.30230000,2.30540000,1965255.70000000,1746758699999999,4531140.89179000,12793,793206.20000000,1828607.09772000,0
1746758700000000,2.30530000,2.31270000,2.30400000,2.30890000,1694898.90000000,1746759599999999,3912555.66886000,11205,832979.30000000,1922725.17480000,0
1746759600000000,2.30890000,2.32640000,2.30820000,2.32310000,3207069.20000000,1746760499999999,7433417.47215000,15126,1286976.00000000,2982520.30860000,0
1746760500000000,2.32320000,2.33100000,2.31630000,2.32700000,3021764.10000000,1746761399999999,7026509.78857000,17447,1375059.70000000,3198485.18090000,0
1746761400000000,2.32710000,2.32710000,2.30880000,2.31000000,2328945.70000000,1746762299999999,5395043.41355000,18229,847651.90000000,1963389.29407000,0
1746762300000000,2.31000000,2.31880000,2.29170000,2.29450000,3275629.60000000,1746763199999999,7544897.89362000,23805,1097796.40000000,2530095.05817000,0
1746763200000000,2.29450000,2.30840000,2.29310000,2.30670000,2100192.80000000,1746764099999999,4829530.87541000,22110,1032222.00000000,2374028.93859000,0
1746764100000000,2.30680000,2.31170000,2.30280000,2.30700000,1976937.00000000,1746764999999999,4562994.92690000,14876,1324170.10000000,3056769.09421000,0
1746765000000000,2.30700000,2.30750000,2.29560000,2.30210000,1276550.20000000,1746765899999999,2937215.73257000,12354,610916.50000000,1405564.61685000,0
1746765900000000,2.30210000,2.30350000,2.29760000,2.30180000,1384908.90000000,1746766799999999,3186250.26025000,10968,545819.30000000,1255692.79723000,0
1746766800000000,2.30180000,2.30360000,2.28450000,2.29570000,3409173.90000000,1746767699999999,7815776.98664000,19216,1172618.90000000,2688462.58549000,0
1746767700000000,2.29560000,2.29880000,2.28720000,2.29210000,1244889.70000000,1746768599999999,2855473.81730000,11730,368641.50000000,845648.77353000,0
1746768600000000,2.29220000,2.29860000,2.29010000,2.29190000,1822629.50000000,1746769499999999,4180540.48633000,10315,628137.40000000,1440112.92145000,0
1746769500000000,2.29200000,2.29700000,2.28900000,2.29650000,1400331.70000000,1746770399999999,3209167.14247000,9638,719075.00000000,1647942.05549000,0
1746770400000000,2.29660000,2.30090000,2.29430000,2.29560000,1048352.30000000,1746771299999999,2408741.92314000,12695,510441.00000000,1172997.88807000,0
1746771300000000,2.29560000,2.31060000,2.29560000,2.30830000,2094053.50000000,1746772199999999,4828394.01928000,14516,1265324.30000000,2917819.55226000,0
1746772200000000,2.30820000,2.31140000,2.30300000,2.30690000,1190934.70000000,1746773099999999,2747271.51327000,15411,552905.10000000,1275574.77164000,0
1746773100000000,2.30690000,2.31350000,2.30520000,2.31140000,1094265.70000000,1746773999999999,2528253.13456000,9283,540159.60000000,1248028.01844000,0
1746774000000000,2.31150000,2.32700000,2.31000000,2.32680000,2733950.30000000,1746774899999999,6344311.66886000,20240,1344041.70000000,3118887.47531000,0
1746774900000000,2.32690000,2.34790000,2.32350000,2.34680000,6469073.70000000,1746775799999999,15128176.54530000,45531,3792465.40000000,8870520.39183000,0
1746775800000000,2.34680000,2.35400000,2.33340000,2.34400000,4725600.80000000,1746776699999999,11074596.71338000,41237,2567830.70000000,6019696.78124000,0
1746776700000000,2.34390000,2.35670000,2.33130000,2.33840000,4421766.60000000,1746777599999999,10369048.27080000,35889,2201968.70000000,5164149.72134000,0
1746777600000000,2.33840000,2.35130000,2.33580000,2.35020000,3564174.00000000,1746778499999999,8356334.67816000,27484,1844037.10000000,4323050.91633000,0
1746778500000000,2.35030000,2.42500000,2.34920000,2.40750000,14898024.10000000,1746779399999999,35629632.46181000,93693,8818086.70000000,21080441.18370000,0
1746779400000000,2.40750000,2.42730000,2.33470000,2.34530000,16973326.20000000,1746780299999999,40370845.05729000,116960,7625863.80000000,18152639.70775000,0
1746780300000000,2.34520000,2.38150000,2.34330000,2.36790000,6883539.00000000,1746781199999999,16300155.71563000,69768,3640346.50000000,8619906.50379000,0
1746781200000000,2.36790000,2.39100000,2.33990000,2.35260000,8206134.20000000,1746782099999999,19404922.53196000,73453,3551542.40000000,8398115.40304000,0
1746782100000000,2.35270000,2.36330000,2.33440000,2.34450000,3953672.80000000,1746782999999999,9292870.12635000,46376,1623189.90000000,3816452.75501000,0
1746783000000000,2.34450000,2.36760000,2.34300000,2.35980000,2941712.70000000,1746783899999999,6936243.94187000,34422,1375275.50000000,3241736.45848000,0
1746783900000000,2.35980000,2.36530000,2.34560000,2.35760000,2323527.80000000,1746784799999999,5471522.57795000,20160,964734.50000000,2271689.62326000,0
1746784800000000,2.35760000,2.37520000,2.35200000,2.37080000,3477282.30000000,1746785699999999,8221298.92343000,29683,1712027.60000000,4048247.63022000,0
1746785700000000,2.37080000,2.37260000,2.35970000,2.37140000,1797522.90000000,1746786599999999,4254527.06514000,22439,840622.50000000,1990025.63751000,0
1746786600000000,2.37140000,2.40060000,2.36850000,2.40000000,5645885.90000000,1746787499999999,13458810.58070000,36819,3233534.60000000,7709307.75535000,0
1746787500000000,2.39990000,2.41520000,2.39650000,2.40390000,6419722.00000000,1746788399999999,15441375.66084000,49041,2661284.40000000,6402890.39812000,0
1746788400000000,2.40380000,2.42460000,2.38650000,2.40920000,6825755.10000000,1746789299999999,16425142.46315000,52759,3409817.50000000,8208178.45610000,0
1746789300000000,2.40930000,2.42910000,2.37770000,2.39750000,11301958.00000000,1746790199999999,27225310.63900000,72580,5256908.60000000,12661788.04967000,0
1746790200000000,2.39750000,2.40950000,2.38500000,2.40680000,4132996.10000000,1746791099999999,9906412.64390000,55582,2006305.70000000,4809620.14089000,0
1746791100000000,2.40670000,2.41070000,2.39200000,2.39500000,2212149.60000000,1746791999999999,5313242.83622000,31230,925194.30000000,2221985.57696000,0
1746792000000000,2.39490000,2.39860000,2.37230000,2.37900000,3624757.80000000,1746792899999999,8642574.65288000,45571,1670327.00000000,3982585.80051000,0
1746792900000000,2.37910000,2.39730000,2.37480000,2.39020000,2213558.40000000,1746793799999999,5286791.25904000,25774,1120285.10000000,2675266.93422000,0
1746793800000000,2.39010000,2.39660000,2.38110000,2.38240000,2026075.90000000,1746794699999999,4838805.52211000,22614,882980.40000000,2108998.23506000,0
1746794700000000,2.38250000,2.39140000,2.38040000,2.38190000,1614089.60000000,1746795599999999,3849040.43205000,20469,787913.10000000,1878588.13109000,0
1746795600000000,2.38190000,2.39460000,2.38000000,2.39180000,1879214.00000000,1746796499999999,4488830.44422000,20488,1007903.70000000,2407720.66691000,0
1746796500000000,2.39190000,2.39520000,2.37150000,2.37860000,3485754.20000000,1746797399999999,8292560.00203000,29876,1255009.60000000,2985840.48666000,0
1746797400000000,2.37860000,2.39620000,2.36820000,2.39300000,4253056.00000000,1746798299999999,10151322.51178000,40883,2124577.20000000,5074097.37028000,0
1746798300000000,2.39290000,2.40640000,2.38560000,2.38980000,4705617.00000000,1746799199999999,11274128.89690000,37155,2387073.70000000,5719391.96149000,0
1746799200000000,2.38970000,2.38980000,2.37680000,2.38970000,2434795.80000000,1746800099999999,5802976.67747000,33151,1208631.10000000,2880503.58691000,0
1746800100000000,2.38970000,2.39310000,2.35270000,2.35410000,5617165.20000000,1746800999999999,13303048.46608000,54600,2188779.00000000,5184754.54695000,0
1746801000000000,2.35410000,2.36750000,2.33440000,2.35480000,5968650.10000000,1746801899999999,14011202.28180000,67777,2870724.00000000,6738909.00011000,0
1746801900000000,2.35480000,2.35770000,2.33750000,2.35490000,3545393.60000000,1746802799999999,8330554.85605000,36371,2113514.10000000,4965671.47856000,0
1746802800000000,2.35500000,2.35980000,2.34960000,2.35830000,2159793.70000000,1746803699999999,5087826.30353000,28463,1179597.50000000,2778830.03331000,0
1746803700000000,2.35820000,2.36150000,2.33590000,2.34490000,3391729.20000000,1746804599999999,7962702.69611000,30529,1100966.80000000,2582284.59428000,0
1746804600000000,2.34490000,2.34850000,2.33340000,2.34540000,2599243.00000000,1746805499999999,6086358.74830000,34529,1095455.10000000,2564440.29892000,0
1746805500000000,2.34540000,2.35170000,2.33110000,2.34950000,2372610.30000000,1746806399999999,5560386.78595000,26662,1147355.10000000,2688199.22134000,0
1746806400000000,2.34960000,2.35050000,2.32470000,2.33840000,3516923.00000000,1746807299999999,8202828.12276000,33305,1736356.50000000,4049818.52351000,0
1746807300000000,2.33830000,2.34630000,2.33160000,2.34180000,2236891.40000000,1746808199999999,5234811.30386000,21962,884836.50000000,2070834.56741000,0
1746808200000000,2.34190000,2.34700000,2.33710000,2.34190000,1504367.50000000,1746809099999999,3524282.55209000,15228,684597.50000000,1603921.70959000,0
1746809100000000,2.34200000,2.34560000,2.32240000,2.32680000,2536202.10000000,1746809999999999,5914193.03482000,21364,1074977.40000000,2507226.00269000,0
1746810000000000,2.32680000,2.34280000,2.32350000,2.33860000,2217246.90000000,1746810899999999,5175371.50159000,24070,1141487.00000000,2663983.48875000,0
1746810900000000,2.33860000,2.35530000,2.33860000,2.35480000,2186258.80000000,1746811799999999,5140105.47960000,24765,1240244.80000000,2915652.87611000,0
1746811800000000,2.35480000,2.36160000,2.35070000,2.35930000,1370127.00000000,1746812699999999,3229448.34378000,15342,787521.40000000,1856091.27582000,0
1746812700000000,2.35920000,2.36790000,2.35870000,2.36420000,2056056.50000000,1746813599999999,4858932.68250000,14697,1248658.70000000,2951139.83103000,0
1746813600000000,2.36410000,2.36480000,2.35100000,2.35350000,1065838.80000000,1746814499999999,2511042.19930000,12544,450460.60000000,1061418.72394000,0
1746814500000000,2.35350000,2.35770000,2.34680000,2.35300000,885865.70000000,1746815399999999,2083873.28656000,10261,381922.50000000,898396.58556000,0
1746815400000000,2.35310000,2.36140000,2.35270000,2.35960000,1109599.90000000,1746816299999999,2615392.09603000,11784,575364.60000000,1355785.37495000,0
1746816300000000,2.35970000,2.36710000,2.35790000,2.35980000,1805130.20000000,1746817199999999,4267349.01858000,12408,1015267.50000000,2400284.91748000,0
1746817200000000,2.35990000,2.36130000,2.35640000,2.35670000,583827.80000000,1746818099999999,1377213.71591000,12101,228379.10000000,538717.52000000,0
1746818100000000,2.35670000,2.35700000,2.34220000,2.35140000,2172860.50000000,1746818999999999,5104429.62335000,16001,807827.50000000,1897371.07834000,0
1746819000000000,2.35150000,2.35440000,2.34840000,2.35230000,519290.40000000,1746819899999999,1221167.78528000,7100,188642.70000000,443601.52283000,0
1746819900000000,2.35230000,2.35800000,2.34560000,2.35800000,760365.20000000,1746820799999999,1787298.55889000,9807,374887.00000000,881267.34718000,0
1746820800000000,2.35800000,2.36080000,2.35470000,2.35630000,582635.90000000,1746821699999999,1373511.18041000,8133,255600.30000000,602584.40695000,0
1746821700000000,2.35640000,2.36140000,2.35630000,2.36090000,640056.00000000,1746822599999999,1510270.39470000,6278,339998.10000000,802199.05814000,0
1746822600000000,2.36080000,2.36150000,2.35130000,2.35320000,492870.90000000,1746823499999999,1161210.64701000,7536,181689.40000000,428164.85291000,0
1746823500000000,2.35330000,2.35950000,2.34800000,2.35920000,765667.90000000,1746824399999999,1801522.01119000,6838,314281.90000000,739575.22879000,0
1746824400000000,2.35910000,2.36290000,2.35610000,2.35980000,646596.60000000,1746825299999999,1525799.97348000,6700,289120.20000000,682340.21141000,0
1746825300000000,2.35990000,2.36140000,2.34200000,2.35350000,893608.70000000,1746826199999999,2100123.13554000,7860,375777.10000000,883293.32568000,0
1746826200000000,2.35360000,2.35710000,2.34550000,2.34550000,601274.10000000,1746827099999999,1414229.18414000,6407,196315.40000000,461824.65082000,0
1746827100000000,2.34540000,2.35240000,2.34510000,2.35040000,597525.30000000,1746827999999999,1403893.50846000,6165,374098.40000000,878939.06214000,0
1746828000000000,2.35040000,2.35460000,2.34760000,2.35000000,576870.20000000,1746828899999999,1355355.69631000,10561,262730.20000000,617218.83611000,0
1746828900000000,2.35000000,2.35240000,2.34490000,2.35240000,530880.60000000,1746829799999999,1247157.33947000,5480,215860.20000000,507107.27737000,0
1746829800000000,2.35240000,2.35430000,2.34520000,2.34790000,702525.90000000,1746830699999999,1651428.91709000,5265,313188.30000000,735936.12028000,0
1746830700000000,2.34780000,2.34980000,2.33910000,2.33980000,675783.80000000,1746831599999999,1583634.28891000,7168,291185.20000000,682494.70700000,0
1746831600000000,2.33980000,2.34150000,2.33150000,2.34020000,987215.20000000,1746832499999999,2305969.42984000,7609,421344.30000000,984245.75040000,0
1746832500000000,2.34010000,2.34750000,2.33940000,2.34560000,596434.60000000,1746833399999999,1398021.71100000,6241,249018.40000000,583691.54939000,0
1746833400000000,2.34570000,2.34700000,2.33910000,2.34030000,901038.40000000,1746834299999999,2111710.39208000,8212,522743.30000000,1225220.03642000,0
1746834300000000,2.34040000,2.34670000,2.33970000,2.34390000,654710.50000000,1746835199999999,1533820.18336000,5385,233697.30000000,547433.59303000,0
1746835200000000,2.34380000,2.36120000,2.34350000,2.36020000,2231214.90000000,1746836099999999,5257220.64628000,13968,1227472.70000000,2893547.56870000,0
1746836100000000,2.36020000,2.37440000,2.35990000,2.36290000,3355126.00000000,1746836999999999,7947658.11344000,28580,1553218.10000000,3678444.63616000,0
1746837000000000,2.36290000,2.36380000,2.34930000,2.35770000,1383901.60000000,1746837899999999,3262505.89758000,18948,506996.80000000,1195646.78742000,0
1746837900000000,2.35770000,2.35770000,2.33590000,2.34080000,1690818.90000000,1746838799999999,3963587.25651000,22484,683684.00000000,1602720.87470000,0
1746838800000000,2.34080000,2.35380000,2.34020000,2.35190000,724741.80000000,1746839699999999,1701164.96618000,12176,376301.20000000,883177.54856000,0
1746839700000000,2.35170000,2.36300000,2.35130000,2.36110000,1366122.50000000,1746840599999999,3223245.07778000,12780,718788.40000000,1695177.83257000,0
1746840600000000,2.36110000,2.36280000,2.35620000,2.35630000,718299.30000000,1746841499999999,1695176.06445000,11554,246173.80000000,580955.23532000,0
1746841500000000,2.35630000,2.36050000,2.34330000,2.34960000,680719.60000000,1746842399999999,1600222.22570000,11109,290550.20000000,682988.71802000,0
1746842400000000,2.34970000,2.35700000,2.34500000,2.35640000,517238.60000000,1746843299999999,1216159.93453000,9021,236946.80000000,557240.77659000,0
1746843300000000,2.35630000,2.36150000,2.34910000,2.36090000,614982.10000000,1746844199999999,1449383.11005000,10579,289842.70000000,683118.16538000,0
1746844200000000,2.36100000,2.37990000,2.35930000,2.37230000,3511593.00000000,1746845099999999,8325912.19526000,24816,2305328.40000000,5464338.42296000,0
1746845100000000,2.37230000,2.37420000,2.36630000,2.37190000,1242944.90000000,1746845999999999,2945203.57958000,9128,482459.00000000,1143339.45774000,0
1746846000000000,2.37190000,2.37460000,2.36440000,2.36560000,726392.80000000,1746846899999999,1721209.79626000,11222,315173.60000000,747058.72226000,0
1746846900000000,2.36550000,2.36800000,2.36140000,2.36470000,585420.40000000,1746847799999999,1384515.13163000,6463,208488.00000000,493027.24733000,0
1746847800000000,2.36470000,2.36520000,2.35900000,2.36350000,593184.30000000,1746848699999999,1401121.07232000,6745,272960.40000000,644682.94293000,0
1746848700000000,2.36350000,2.37140000,2.36300000,2.36720000,657159.80000000,1746849599999999,1555873.38438000,9488,338702.10000000,801835.36684000,0
1746849600000000,2.36720000,2.36730000,2.35000000,2.35750000,1963700.00000000,1746850499999999,4626383.72424000,14031,546160.80000000,1287171.67877000,0
1746850500000000,2.35750000,2.36440000,2.35160000,2.35980000,812562.00000000,1746851399999999,1918215.89640000,10678,375421.10000000,886322.51080000,0
1746851400000000,2.35970000,2.36160000,2.35610000,2.35960000,392470.00000000,1746852299999999,925722.66747000,8590,162897.90000000,384239.55200000,0
1746852300000000,2.35970000,2.36620000,2.35820000,2.36560000,373035.00000000,1746853199999999,881502.34419000,5945,169381.90000000,400236.22633000,0
1746853200000000,2.36560000,2.36730000,2.35770000,2.35900000,572560.10000000,1746854099999999,1352547.60839000,6770,250110.40000000,590943.37192000,0
1746854100000000,2.35910000,2.36260000,2.35490000,2.35580000,667273.60000000,1746854999999999,1573866.48834000,9850,268131.60000000,632437.80320000,0
1746855000000000,2.35590000,2.36190000,2.35260000,2.36090000,503382.10000000,1746855899999999,1186564.52167000,10527,256229.10000000,603944.00435000,0
1746855900000000,2.36090000,2.37330000,2.35570000,2.37290000,1767068.80000000,1746856799999999,4180359.05669000,13613,882586.70000000,2090150.53040000,0
1746856800000000,2.37290000,2.38390000,2.37270000,2.37690000,2948828.00000000,1746857699999999,7015920.17016000,27819,1260207.10000000,2998555.90230000,0
1746857700000000,2.37680000,2.39070000,2.37430000,2.38710000,2612908.00000000,1746858599999999,6229405.33372000,19256,1791036.90000000,4270574.03994000,0
1746858600000000,2.38720000,2.38840000,2.37900000,2.38070000,1007289.70000000,1746859499999999,2400423.51245000,15130,511607.50000000,1219101.42831000,0
1746859500000000,2.38070000,2.39510000,2.37670000,2.39420000,2119735.80000000,1746860399999999,5055799.74926000,19811,1140084.00000000,2720261.34132000,0
1746860400000000,2.39420000,2.39500000,2.38210000,2.38420000,1801946.10000000,1746861299999999,4305283.45084000,21218,709259.10000000,1694948.42190000,0
1746861300000000,2.38420000,2.38960000,2.37470000,2.37770000,1671437.40000000,1746862199999999,3977833.74235000,13159,567300.60000000,1350621.48325000,0
1746862200000000,2.37770000,2.38400000,2.37570000,2.37810000,1107401.70000000,1746863099999999,2634754.99508000,11687,500568.50000000,1190871.35998000,0
1746863100000000,2.37810000,2.39640000,2.37650000,2.38970000,2741171.10000000,1746863999999999,6548615.77875000,19887,1530100.60000000,3655204.19944000,0
1746864000000000,2.38980000,2.40090000,2.38830000,2.39610000,2605247.50000000,1746864899999999,6242627.46079000,26767,1412960.80000000,3386337.60929000,0
1746864900000000,2.39610000,2.40450000,2.39210000,2.40130000,2190982.50000000,1746865799999999,5256660.70047000,16910,1191491.20000000,2859243.21894000,0
1746865800000000,2.40130000,2.40130000,2.39050000,2.39390000,928149.70000000,1746866699999999,2222900.61796000,11277,425383.70000000,1018782.17190000,0
1746866700000000,2.39390000,2.39560000,2.37160000,2.38070000,2806515.30000000,1746867599999999,6677081.52413000,26856,895462.90000000,2130576.83839000,0
1746867600000000,2.38080000,2.38160000,2.36800000,2.37440000,1840831.50000000,1746868499999999,4368019.22051000,21835,668498.60000000,1586105.75872000,0
1746868500000000,2.37430000,2.38270000,2.37310000,2.37960000,958034.20000000,1746869399999999,2277992.62652000,10770,483746.60000000,1150491.97561000,0
1746869400000000,2.37960000,2.39360000,2.37690000,2.38940000,952345.60000000,1746870299999999,2272164.55230000,12117,504574.70000000,1203682.61339000,0
1746870300000000,2.38950000,2.39500000,2.38870000,2.38980000,1813909.50000000,1746871199999999,4340118.15309000,11371,782064.70000000,1871361.45611000,0
1746871200000000,2.38980000,2.44000000,2.38790000,2.41640000,11119693.10000000,1746872099999999,26877446.79155000,61329,6272694.90000000,15168629.07426000,0
1746872100000000,2.41640000,2.42900000,2.40510000,2.40600000,4915859.20000000,1746872999999999,11871100.27740000,41380,2064515.10000000,4986686.43620000,0
1746873000000000,2.40600000,2.41840000,2.40420000,2.41060000,1907104.20000000,1746873899999999,4597647.79825000,20820,936705.50000000,2258533.01031000,0
1746873900000000,2.41060000,2.42200000,2.39100000,2.39190000,2498599.10000000,1746874799999999,6018436.02472000,26423,964330.30000000,2324430.52709000,0
1746874800000000,2.39190000,2.40800000,2.38710000,2.40200000,1647055.10000000,1746875699999999,3949936.99655000,28016,747568.10000000,1792897.27613000,0
1746875700000000,2.40200000,2.40340000,2.38140000,2.38520000,2007736.80000000,1746876599999999,4801701.08145000,21278,924849.30000000,2211740.82259000,0
1746876600000000,2.38520000,2.38540000,2.36980000,2.37370000,3900777.30000000,1746877499999999,9274657.24865000,33691,1480870.90000000,3522222.58800000,0
1746877500000000,2.37380000,2.38250000,2.37380000,2.37990000,2004182.50000000,1746878399999999,4767903.28649000,23695,836836.80000000,1990526.53019000,0
1746878400000000,2.37980000,2.39490000,2.37980000,2.39350000,1592243.60000000,1746879299999999,3804875.37549000,16942,739049.80000000,1766072.33196000,0
1746879300000000,2.39350000,2.40410000,2.38850000,2.40130000,1401220.20000000,1746880199999999,3359461.47844000,13640,809515.40000000,1941197.55541000,0
1746880200000000,2.40140000,2.40380000,2.39110000,2.39220000,1203644.40000000,1746881099999999,2886145.54650000,13873,567380.40000000,1360704.05907000,0
1746881100000000,2.39220000,2.40190000,2.39070000,2.39970000,878175.60000000,1746881999999999,2106167.50599000,10693,478646.60000000,1147995.48812000,0
1746882000000000,2.39960000,2.40670000,2.39920000,2.40420000,1234077.60000000,1746882899999999,2967310.23972000,11221,698850.30000000,1680342.02266000,0
1746882900000000,2.40410000,2.41290000,2.39810000,2.41230000,1555739.00000000,1746883799999999,3741787.79730000,11428,839361.60000000,2019373.83353000,0
1746883800000000,2.41230000,2.41400000,2.40450000,2.40960000,1674321.50000000,1746884699999999,4036284.81676000,15013,911121.00000000,2196959.67144000,0
1746884700000000,2.40960000,2.41400000,2.40650000,2.40830000,1487771.50000000,1746885599999999,3586186.29429000,17120,582572.00000000,1404250.21245000,0
1746885600000000,2.40830000,2.42080000,2.40500000,2.41700000,2499616.80000000,1746886499999999,6035177.83822000,20553,1132396.10000000,2734946.02378000,0
1746886500000000,2.41710000,2.41830000,2.40300000,2.40710000,1416990.30000000,1746887399999999,3414046.45786000,14101,523160.20000000,1260377.73168000,0
1746887400000000,2.40700000,2.40940000,2.40140000,2.40470000,1111192.40000000,1746888299999999,2672281.58138000,10051,501408.90000000,1205692.15502000,0
1746888300000000,2.40470000,2.41300000,2.40400000,2.41300000,1291021.70000000,1746889199999999,3111186.42366000,14165,525104.40000000,1265307.14575000,0
1746889200000000,2.41300000,2.41470000,2.40160000,2.40390000,1276455.60000000,1746890099999999,3074078.23084000,14799,659559.40000000,1588054.62448000,0
1746890100000000,2.40400000,2.40580000,2.39450000,2.40260000,1707021.60000000,1746890999999999,4098440.81618000,17080,442218.80000000,1062008.66001000,0
1746891000000000,2.40250000,2.40590000,2.39110000,2.39840000,1468349.20000000,1746891899999999,3521170.02896000,15041,507660.10000000,1217708.37245000,0
1746891900000000,2.39840000,2.40220000,2.39520000,2.39730000,1477665.60000000,1746892799999999,3544658.84027000,15734,620487.20000000,1488433.91497000,0
1746892800000000,2.39740000,2.40450000,2.39460000,2.40130000,1427666.70000000,1746893699999999,3425451.04410000,17136,523030.70000000,1255246.02161000,0
1746893700000000,2.40140000,2.42050000,2.40110000,2.41390000,2589786.20000000,1746894599999999,6252367.68255000,27135,1528973.70000000,3691642.81461000,0
1746894600000000,2.41390000,2.42220000,2.40810000,2.41680000,1833512.50000000,1746895499999999,4432486.36725000,17159,870221.60000000,2104220.05875000,0
1746895500000000,2.41670000,2.42480000,2.41620000,2.42180000,1810610.40000000,1746896399999999,4385909.60677000,14502,974879.90000000,2361698.38251000,0
1746896400000000,2.42180000,2.43650000,2.42030000,2.42730000,3317242.10000000,1746897299999999,8064039.90437000,30016,1456312.40000000,3538855.54559000,0
1746897300000000,2.42730000,2.44520000,2.42500000,2.43800000,5381958.10000000,1746898199999999,13119882.33712000,40002,2937203.50000000,7161920.84175000,0
1746898200000000,2.43790000,2.44960000,2.43150000,2.43440000,4422067.00000000,1746899099999999,10800064.53534000,38532,1930001.50000000,4714451.90648000,0
1746899100000000,2.43440000,2.44130000,2.41270000,2.42040000,4817614.00000000,1746899999999999,11684442.16333000,45980,1840711.80000000,4465837.73196000,0
1746900000000000,2.42030000,2.43880000,2.41790000,2.43880000,1694695.50000000,1746900899999999,4117376.63483000,19859,815432.80000000,1981603.52864000,0
1746900900000000,2.43880000,2.44080000,2.42100000,2.42500000,1522361.10000000,1746901799999999,3700974.38027000,14324,468745.40000000,1139117.30653000,0
1746901800000000,2.42500000,2.42660000,2.41400000,2.41900000,1496950.30000000,1746902699999999,3620726.41420000,16578,482762.30000000,1167728.94005000,0
1746902700000000,2.41890000,2.42860000,2.41020000,2.42450000,1457610.60000000,1746903599999999,3526529.74810000,17570,711582.50000000,1721737.37522000,0
1746903600000000,2.42440000,2.42800000,2.41440000,2.41540000,935428.60000000,1746904499999999,2263280.00166000,14216,412667.00000000,998432.92403000,0
1746904500000000,2.41540000,2.42070000,2.41130000,2.41150000,785843.50000000,1746905399999999,1898294.08867000,9440,356167.60000000,860286.76530000,0
1746905400000000,2.41150000,2.41980000,2.40910000,2.41910000,591474.90000000,1746906299999999,1428504.45245000,8926,258642.50000000,624827.40063000,0
1746906300000000,2.41910000,2.42380000,2.41770000,2.41960000,784891.00000000,1746907199999999,1899639.83381000,9187,265079.90000000,641600.65470000,0
1746907200000000,2.41970000,2.42030000,2.40420000,2.41190000,1180787.60000000,1746908099999999,2846730.46606000,15426,437595.60000000,1054903.68796000,0
1746908100000000,2.41190000,2.41490000,2.40600000,2.41030000,1209881.90000000,1746908999999999,2914745.65943000,12484,480777.20000000,1158258.31887000,0
1746909000000000,2.41040000,2.41850000,2.40980000,2.41690000,534750.90000000,1746909899999999,1290874.83844000,8518,260239.00000000,628152.74062000,0
1746909900000000,2.41690000,2.42460000,2.41640000,2.42390000,622718.00000000,1746910799999999,1507188.35517000,9029,294727.90000000,713220.72653000,0
1746910800000000,2.42400000,2.43170000,2.42010000,2.43010000,1221980.70000000,1746911699999999,2964044.69927000,16761,594501.70000000,1442461.63767000,0
1746911700000000,2.43010000,2.43170000,2.42140000,2.42280000,1200388.60000000,1746912599999999,2913175.21183000,8687,484230.00000000,1175010.73811000,0
1746912600000000,2.42290000,2.42570000,2.41800000,2.42500000,764577.50000000,1746913499999999,1852434.08881000,6007,359851.90000000,871876.62492000,0
1746913500000000,2.42500000,2.44300000,2.42490000,2.43920000,1696359.10000000,1746914399999999,4130707.35524000,17302,977239.00000000,2379578.40222000,0
1746914400000000,2.43920000,2.44070000,2.42790000,2.43270000,1132635.60000000,1746915299999999,2757046.36320000,23350,456065.10000000,1110137.90670000,0
1746915300000000,2.43270000,2.44330000,2.42810000,2.43370000,1359573.30000000,1746916199999999,3312591.35525000,13594,680648.40000000,1658128.59606000,0
1746916200000000,2.43380000,2.44800000,2.43330000,2.44680000,1821707.00000000,1746917099999999,4448467.32297000,15695,855520.90000000,2089191.15173000,0
1746917100000000,2.44690000,2.44970000,2.43950000,2.44870000,1540368.00000000,1746917999999999,3765668.22601000,14344,813277.30000000,1988581.75503000,0
1746918000000000,2.44870000,2.45940000,2.44570000,2.45890000,3455804.40000000,1746918899999999,8474948.78303000,29159,2260419.20000000,5543415.60591000,0
1746918900000000,2.45890000,2.47380000,2.45460000,2.46870000,5451687.30000000,1746919799999999,13437950.04817000,49791,3524684.40000000,8688022.47270000,0
1746919800000000,2.46860000,2.47050000,2.45190000,2.46270000,2272529.20000000,1746920699999999,5596862.29768000,27574,1031330.20000000,2540634.22406000,0
1746920700000000,2.46270000,2.47700000,2.45830000,2.47110000,2213924.90000000,1746921599999999,5466386.88194000,19548,1259269.10000000,3109506.41473000,0
1746921600000000,2.47110000,2.48440000,2.45900000,2.46230000,5391513.10000000,1746922499999999,13330519.09605000,60865,2669523.20000000,6600804.93423000,0
1746922500000000,2.46240000,2.46310000,2.40180000,2.40520000,9386059.70000000,1746923399999999,22825596.36103000,78652,3899712.80000000,9481585.63903000,0
1746923400000000,2.40520000,2.42990000,2.40510000,2.42690000,5562336.20000000,1746924299999999,13457444.53388000,42912,2940722.80000000,7115942.02845000,0
1746924300000000,2.42700000,2.43600000,2.42070000,2.42690000,3076842.70000000,1746925199999999,7471334.85551000,25317,1512502.30000000,3673159.49710000,0
1746925200000000,2.42690000,2.44060000,2.41300000,2.43410000,2158375.10000000,1746926099999999,5236908.79081000,21609,1183026.50000000,2871512.40406000,0
1746926100000000,2.43400000,2.43780000,2.41920000,2.42840000,2060683.90000000,1746926999999999,5005217.46684000,20482,697620.10000000,1693601.92974000,0
1746927000000000,2.42840000,2.43650000,2.42060000,2.42650000,1232901.20000000,1746927899999999,2994174.11889000,19109,629522.20000000,1529075.94885000,0
1746927900000000,2.42650000,2.42650000,2.39490000,2.40670000,5013144.90000000,1746928799999999,12064828.66647000,38476,1657856.00000000,3989716.17890000,0
1746928800000000,2.40660000,2.41000000,2.39520000,2.40740000,1932483.90000000,1746929699999999,4642063.51494000,38283,1010154.90000000,2426723.11281000,0
1746929700000000,2.40750000,2.41670000,2.40730000,2.41200000,1112335.00000000,1746930599999999,2684149.58229000,13022,694591.00000000,1676075.83791000,0
1746930600000000,2.41200000,2.42010000,2.40400000,2.41160000,2092864.80000000,1746931499999999,5047456.33897000,20333,909718.00000000,2194081.66776000,0
1746931500000000,2.41150000,2.41150000,2.38290000,2.39470000,4487793.90000000,1746932399999999,10740979.61511000,44033,1882737.80000000,4505731.70445000,0
1746932400000000,2.39460000,2.40120000,2.38340000,2.40090000,1691384.70000000,1746933299999999,4044855.64803000,22492,761308.50000000,1820769.64037000,0
1746933300000000,2.40100000,2.40790000,2.39720000,2.40720000,877294.00000000,1746934199999999,2109262.77600000,12300,513377.90000000,1234399.24789000,0
1746934200000000,2.40730000,2.41270000,2.39730000,2.41130000,1536484.90000000,1746935099999999,3697519.66524000,16665,819187.00000000,1972050.18533000,0
1746935100000000,2.41140000,2.41290000,2.40220000,2.40220000,1383081.60000000,1746935999999999,3328869.40736000,16858,590087.70000000,1420393.14662000,0
1746936000000000,2.40230000,2.41400000,2.40130000,2.41150000,1849616.10000000,1746936899999999,4456511.40162000,16559,1140177.40000000,2747656.41429000,0
1746936900000000,2.41140000,2.41660000,2.41020000,2.41310000,1037576.40000000,1746937799999999,2504589.65780000,11154,564337.40000000,1362149.17119000,0
1746937800000000,2.41310000,2.41440000,2.40340000,2.41040000,1012186.50000000,1746938699999999,2438143.63404000,15026,360024.10000000,867181.83643000,0
1746938700000000,2.41040000,2.41760000,2.40860000,2.41750000,1128673.90000000,1746939599999999,2724411.87519000,9276,670568.20000000,1619191.25672000,0
1746939600000000,2.41750000,2.41800000,2.40800000,2.41570000,917831.20000000,1746940499999999,2214824.52307000,8948,304691.20000000,735316.56715000,0
1746940500000000,2.41560000,2.41570000,2.40830000,2.41090000,778929.70000000,1746941399999999,1878615.29921000,9773,282431.10000000,681227.70194000,0
1746941400000000,2.41080000,2.41530000,2.40810000,2.41470000,582196.50000000,1746942299999999,1404536.56614000,10260,232120.00000000,559943.17440000,0
1746942300000000,2.41470000,2.41600000,2.40410000,2.40500000,690326.40000000,1746943199999999,1662893.50095000,9385,291482.00000000,702225.10836000,0
1746943200000000,2.40500000,2.40550000,2.38700000,2.39150000,2683497.50000000,1746944099999999,6425560.03188000,22481,818715.30000000,1960139.19755000,0
1746944100000000,2.39160000,2.40230000,2.39150000,2.40040000,848796.40000000,1746944999999999,2036994.56096000,7785,443433.00000000,1064131.42193000,0
1746945000000000,2.40040000,2.40040000,2.37460000,2.38240000,3543308.50000000,1746945899999999,8454152.83234000,25360,1271060.40000000,3032446.48305000,0
1746945900000000,2.38230000,2.38820000,2.37180000,2.38610000,2111834.50000000,1746946799999999,5024600.61943000,23978,1258251.60000000,2994415.16648000,0
1746946800000000,2.38600000,2.38600000,2.35840000,2.37360000,5468593.40000000,1746947699999999,12951950.33882000,51914,2163096.80000000,5123439.32242000,0
1746947700000000,2.37360000,2.37650000,2.36170000,2.36390000,2272981.30000000,1746948599999999,5383823.57945000,30841,892599.10000000,2114528.33542000,0
1746948600000000,2.36400000,2.37160000,2.34230000,2.34230000,4183642.40000000,1746949499999999,9847770.40480000,42647,1714566.30000000,4037786.44063000,0
1746949500000000,2.34220000,2.35880000,2.34160000,2.35490000,2049112.00000000,1746950399999999,4817646.16131000,23141,934395.50000000,2197237.37214000,0
1746950400000000,2.35490000,2.36790000,2.35400000,2.36680000,1673755.90000000,1746951299999999,3954429.82946000,16217,1025283.00000000,2422215.51066000,0
1746951300000000,2.36690000,2.37180000,2.35990000,2.35990000,1269747.20000000,1746952199999999,3005659.56505000,15044,547724.50000000,1296893.79124000,0
1746952200000000,2.36000000,2.36450000,2.34870000,2.36360000,1768738.50000000,1746953099999999,4166110.47230000,23373,1095418.70000000,2579984.01788000,0
1746953100000000,2.36370000,2.36440000,2.35360000,2.35620000,1231083.00000000,1746953999999999,2902456.02946000,14689,539615.60000000,1272316.21805000,0
1746954000000000,2.35630000,2.36890000,2.35190000,2.36880000,1014337.90000000,1746954899999999,2393966.34674000,10775,604267.90000000,1426509.42567000,0
1746954900000000,2.36880000,2.37240000,2.36330000,2.37100000,1210736.80000000,1746955799999999,2868172.16944000,10516,777389.40000000,1841695.91034000,0
1746955800000000,2.37100000,2.37440000,2.36900000,2.37290000,1363865.70000000,1746956699999999,3234985.51252000,11448,768725.60000000,1823435.66060000,0
1746956700000000,2.37280000,2.37680000,2.37050000,2.37150000,1003113.30000000,1746957599999999,2381295.26166000,9680,457054.60000000,1085246.77019000,0
1746957600000000,2.37150000,2.37530000,2.36810000,2.36960000,1130004.80000000,1746958499999999,2681009.85187000,9257,391893.80000000,929688.31397000,0
1746958500000000,2.36960000,2.37680000,2.36280000,2.37650000,1055819.30000000,1746959399999999,2502847.71932000,10313,534428.60000000,1267037.23449000,0
1746959400000000,2.37660000,2.37790000,2.36670000,2.36670000,1137411.70000000,1746960299999999,2696864.23435000,10453,453509.80000000,1075352.84553000,0
1746960300000000,2.36670000,2.37650000,2.36650000,2.37600000,753081.50000000,1746961199999999,1787272.58420000,9220,424596.70000000,1007534.48782000,0
1746961200000000,2.37610000,2.38130000,2.37450000,2.37530000,1413849.80000000,1746962099999999,3362047.48947000,12313,713328.30000000,1696394.19598000,0
1746962100000000,2.37520000,2.37800000,2.36970000,2.37670000,2785677.50000000,1746962999999999,6607856.74411000,10015,1593053.10000000,3777405.44659000,0
1746963000000000,2.37670000,2.38600000,2.37370000,2.38250000,1054637.50000000,1746963899999999,2508947.89198000,8948,736677.20000000,1752988.87300000,0
1746963900000000,2.38240000,2.38730000,2.37670000,2.38630000,1603338.80000000,1746964799999999,3820153.24109000,11442,871497.00000000,2077494.69297000,0
1746964800000000,2.38640000,2.38920000,2.38180000,2.38540000,1508348.10000000,1746965699999999,3598175.72228000,13069,795756.70000000,1898358.22428000,0
1746965700000000,2.38540000,2.38540000,2.37420000,2.37760000,973533.40000000,1746966599999999,2316739.49197000,10522,422783.40000000,1006057.97492000,0
1746966600000000,2.37770000,2.38160000,2.37220000,2.37500000,1277199.50000000,1746967499999999,3035100.98544000,10923,441445.10000000,1049456.57799000,0
1746967500000000,2.37500000,2.38170000,2.37260000,2.37800000,1276288.30000000,1746968399999999,3036301.51308000,9716,701661.30000000,1669066.35215000,0
1746968400000000,2.37800000,2.38750000,2.37740000,2.38580000,708561.00000000,1746969299999999,1688675.90148000,11861,351829.10000000,838525.26234000,0
1746969300000000,2.38580000,2.38840000,2.36660000,2.36930000,2220627.10000000,1746970199999999,5278929.68309000,14633,864197.90000000,2056876.73844000,0
1746970200000000,2.36940000,2.37250000,2.35640000,2.36270000,2387438.00000000,1746971099999999,5644969.52848000,24071,922979.60000000,2181980.91301000,0
1746971100000000,2.36260000,2.36640000,2.34550000,2.34670000,3050539.80000000,1746971999999999,7180504.89713000,30464,1244445.20000000,2929487.63888000,0
1746972000000000,2.34670000,2.35870000,2.34560000,2.35450000,1247789.90000000,1746972899999999,2936590.42660000,19333,655277.90000000,1542244.70796000,0
1746972900000000,2.35450000,2.36200000,2.34720000,2.35640000,1272305.50000000,1746973799999999,2996221.47045000,17827,808537.80000000,1904642.85269000,0
1746973800000000,2.35640000,2.36490000,2.35410000,2.36380000,1120749.40000000,1746974699999999,2646659.68518000,11644,557795.60000000,1317202.79816000,0
1746974700000000,2.36390000,2.36670000,2.35680000,2.36030000,666051.60000000,1746975599999999,1573429.52536000,9732,296495.90000000,700388.85429000,0
1746975600000000,2.36030000,2.37310000,2.35870000,2.37190000,1062468.80000000,1746976499999999,2515121.00996000,10805,557844.50000000,1321134.26038000,0
1746976500000000,2.37190000,2.37410000,2.36230000,2.36470000,879155.70000000,1746977399999999,2083140.99720000,10995,423921.90000000,1004191.03933000,0
1746977400000000,2.36460000,2.36660000,2.35500000,2.35700000,1606837.40000000,1746978299999999,3793392.48126000,14126,473147.10000000,1116962.98021000,0
1746978300000000,2.35690000,2.36040000,2.33150000,2.34730000,4580105.20000000,1746979199999999,10731133.59783000,34510,1917921.70000000,4495673.33936000,0
1746979200000000,2.34730000,2.35170000,2.32830000,2.33950000,4273950.00000000,1746980099999999,9988478.18649000,41655,2145850.20000000,5014648.36083000,0
1746980100000000,2.33950000,2.35520000,2.32870000,2.35370000,1682221.40000000,1746980999999999,3940529.71071000,24358,1040732.30000000,2438878.88631000,0
1746981000000000,2.35370000,2.35630000,2.34580000,2.34980000,1016429.70000000,1746981899999999,2388312.63533000,12907,420581.30000000,988477.48286000,0
1746981900000000,2.34990000,2.34990000,2.33620000,2.34830000,1971164.90000000,1746982799999999,4618585.29053000,18308,872601.50000000,2044645.77750000,0
1746982800000000,2.34840000,2.35350000,2.34110000,2.35320000,1595204.90000000,1746983699999999,3744562.66318000,17209,699696.20000000,1642690.20957000,0
1746983700000000,2.35320000,2.36000000,2.35020000,2.35580000,1187538.90000000,1746984599999999,2797204.14553000,16449,697061.60000000,1642016.41907000,0
1746984600000000,2.35570000,2.36830000,2.35490000,2.36550000,2502364.00000000,1746985499999999,5913107.83095000,15691,1503120.30000000,3553362.02198000,0
1746985500000000,2.36550000,2.36900000,2.36070000,2.36750000,949262.60000000,1746986399999999,2245231.92291000,12382,407951.00000000,964836.29625000,0
1746986400000000,2.36760000,2.36830000,2.35850000,2.35990000,806958.90000000,1746987299999999,1907172.20803000,13694,375543.80000000,887667.19074000,0
1746987300000000,2.36000000,2.36570000,2.35760000,2.36040000,425373.70000000,1746988199999999,1005037.41696000,9178,222507.80000000,525756.32561000,0
1746988200000000,2.36030000,2.37680000,2.35340000,2.37200000,1128593.70000000,1746989099999999,2672256.83838000,16686,541269.10000000,1282123.34555000,0
1746989100000000,2.37200000,2.38110000,2.37200000,2.37450000,1427991.30000000,1746989999999999,3394799.74743000,12311,806996.30000000,1918263.62324000,0
1746990000000000,2.37460000,2.37940000,2.37090000,2.37680000,954877.20000000,1746990899999999,2267777.76901000,13094,427716.10000000,1015864.86625000,0
1746990900000000,2.37690000,2.37910000,2.37220000,2.37900000,737575.40000000,1746991799999999,1752644.60923000,8930,389492.00000000,925723.02033000,0
1746991800000000,2.37900000,2.38410000,2.37220000,2.37230000,1489583.50000000,1746992699999999,3544406.14799000,11074,902070.20000000,2146135.37303000,0
1746992700000000,2.37230000,2.37660000,2.37030000,2.37150000,657441.80000000,1746993599999999,1560086.38567000,7742,345697.70000000,820359.87196000,0
1746993600000000,2.37160000,2.37350000,2.36230000,2.37260000,942012.40000000,1746994499999999,2230280.89237000,12449,342694.00000000,811620.30757000,0
1746994500000000,2.37260000,2.37370000,2.36790000,2.36840000,427437.40000000,1746995399999999,1013352.50882000,7661,210517.40000000,499104.12996000,0
1746995400000000,2.36840000,2.37900000,2.36490000,2.37040000,1451302.10000000,1746996299999999,3442245.88668000,14038,981332.10000000,2326644.68687000,0
1746996300000000,2.37040000,2.37380000,2.36650000,2.37080000,435276.80000000,1746997199999999,1031823.21274000,7027,221810.80000000,525736.17623000,0
1746997200000000,2.37070000,2.37100000,2.36100000,2.36620000,1111405.00000000,1746998099999999,2629385.67363000,8601,546967.90000000,1293870.82380000,0
1746998100000000,2.36620000,2.37260000,2.36560000,2.36670000,522140.20000000,1746998999999999,1237277.10163000,5433,283060.20000000,670773.53492000,0
1746999000000000,2.36680000,2.36840000,2.36030000,2.36290000,501587.90000000,1746999899999999,1185697.48238000,4866,171157.20000000,404739.45885000,0
1746999900000000,2.36290000,2.37250000,2.36200000,2.37090000,405973.90000000,1747000799999999,961217.08713000,6230,211029.20000000,499540.43321000,0
1747000800000000,2.37090000,2.38020000,2.36170000,2.37020000,1492554.20000000,1747001699999999,3538602.47557000,24483,772589.00000000,1831926.63127000,0
1747001700000000,2.37020000,2.37460000,2.36340000,2.36550000,667332.10000000,1747002599999999,1580253.52862000,11155,220741.90000000,522839.39230000,0
1747002600000000,2.36540000,2.36890000,2.35640000,2.35670000,994577.10000000,1747003499999999,2348420.89536000,11693,396481.30000000,936482.21482000,0
1747003500000000,2.35680000,2.36720000,2.35600000,2.36680000,540159.20000000,1747004399999999,1276332.64381000,5995,283686.80000000,670145.64098000,0
1747004400000000,2.36680000,2.37310000,2.36610000,2.37110000,919647.90000000,1747005299999999,2180578.42420000,8558,510549.20000000,1210734.89459000,0
1747005300000000,2.37110000,2.37500000,2.36710000,2.37020000,665064.30000000,1747006199999999,1577346.39169000,8085,416172.70000000,987080.82690000,0
1747006200000000,2.37030000,2.37050000,2.36220000,2.36800000,873513.70000000,1747007099999999,2066059.99205000,9130,337324.60000000,797789.60548000,0
1747007100000000,2.36810000,2.36940000,2.36260000,2.36700000,364083.20000000,1747007999999999,861600.18123000,6384,155513.60000000,367959.57248000,0
1747008000000000,2.36710000,2.37900000,2.36350000,2.37740000,2528364.60000000,1747008899999999,5996768.73822000,17657,1372106.50000000,3256290.96312000,0
1747008900000000,2.37730000,2.38410000,2.37200000,2.38370000,2161061.20000000,1747009799999999,5140800.73132000,20678,1141462.40000000,2716883.80854000,0
1747009800000000,2.38360000,2.39580000,2.38350000,2.38640000,2701266.40000000,1747010699999999,6458680.79486000,27501,1765909.90000000,4222291.90879000,0
1747010700000000,2.38650000,2.39600000,2.38210000,2.39580000,1221533.80000000,1747011599999999,2921191.76289000,11208,568937.60000000,1360916.42321000,0
1747011600000000,2.39570000,2.40820000,2.39110000,2.39940000,3270289.30000000,1747012499999999,7856829.22590000,24331,1745572.10000000,4193382.98164000,0
1747012500000000,2.39950000,2.40310000,2.37450000,2.37970000,4050791.90000000,1747013399999999,9687603.50961000,21378,1202756.80000000,2877404.90252000,0
1747013400000000,2.37980000,2.38010000,2.35150000,2.37010000,3158180.00000000,1747014299999999,7462884.12219000,30309,1568228.00000000,3705701.11142000,0
1747014300000000,2.37010000,2.37640000,2.36490000,2.37310000,1358991.30000000,1747015199999999,3221896.61722000,12434,828504.40000000,1964277.34590000,0
1747015200000000,2.37320000,2.38970000,2.37290000,2.38250000,1512942.90000000,1747016099999999,3606676.24990000,18532,775528.10000000,1849017.49264000,0
1747016100000000,2.38260000,2.39490000,2.37790000,2.38780000,2443816.40000000,1747016999999999,5841149.85754000,21317,1596921.60000000,3817653.65436000,0
1747017000000000,2.38780000,2.39800000,2.38780000,2.39640000,2029096.90000000,1747017899999999,4858073.55620000,24049,1201961.80000000,2877489.75198000,0
1747017900000000,2.39630000,2.39980000,2.38160000,2.39310000,3140488.10000000,1747018799999999,7504993.56154000,24676,1594436.70000000,3810439.69074000,0
1747018800000000,2.39310000,2.39440000,2.37870000,2.38750000,2137167.40000000,1747019699999999,5099105.41081000,19539,983476.90000000,2347187.89088000,0
1747019700000000,2.38750000,2.40300000,2.38380000,2.39350000,2791848.80000000,1747020599999999,6687112.57931000,14747,1759847.40000000,4214761.36479000,0
1747020600000000,2.39360000,2.39990000,2.38820000,2.39380000,1195899.20000000,1747021499999999,2863833.47567000,12730,616969.50000000,1477272.35008000,0
1747021500000000,2.39370000,2.39740000,2.39020000,2.39610000,1181059.40000000,1747022399999999,2827573.43063000,10310,699557.90000000,1674708.74969000,0
1747022400000000,2.39610000,2.40710000,2.39520000,2.40440000,2861926.70000000,1747023299999999,6870080.60160000,21135,1508392.40000000,3620683.80890000,0
1747023300000000,2.40440000,2.41500000,2.39200000,2.39550000,2992536.40000000,1747024199999999,7201332.43556000,25192,1422633.80000000,3423748.69575000,0
1747024200000000,2.39550000,2.40830000,2.39020000,2.40630000,2268434.30000000,1747025099999999,5440363.38643000,19938,1141465.50000000,2738975.71839000,0
1747025100000000,2.40630000,2.40870000,2.40060000,2.40180000,1516702.70000000,1747025999999999,3647136.33004000,13495,827726.30000000,1990372.05961000,0
1747026000000000,2.40190000,2.40560000,2.39060000,2.39700000,1557074.30000000,1747026899999999,3736318.56285000,12149,770488.00000000,1848770.41715000,0
1747026900000000,2.39700000,2.39940000,2.38480000,2.38730000,1563676.70000000,1747027799999999,3737002.48229000,15643,662960.20000000,1584544.55079000,0
1747027800000000,2.38730000,2.39190000,2.37450000,2.39080000,2527453.40000000,1747028699999999,6023472.92758000,19472,1060787.10000000,2529476.20131000,0
1747028700000000,2.39080000,2.39390000,2.38280000,2.38710000,1223950.80000000,1747029599999999,2923335.64194000,11182,499222.00000000,1192749.31435000,0
1747029600000000,2.38720000,2.40200000,2.38070000,2.39220000,3019391.90000000,1747030499999999,7231575.89332000,14517,1369197.70000000,3279173.72885000,0
1747030500000000,2.39220000,2.40100000,2.38400000,2.39970000,3078206.70000000,1747031399999999,7372907.06140000,15285,1827963.80000000,4379736.82575000,0
1747031400000000,2.39970000,2.40140000,2.39570000,2.40060000,1441540.00000000,1747032299999999,3458310.60835000,14723,831577.30000000,1994924.00955000,0
1747032300000000,2.40050000,2.40340000,2.39670000,2.39770000,1709444.10000000,1747033199999999,4102361.67948000,11520,959197.40000000,2301828.19256000,0
1747033200000000,2.39770000,2.43940000,2.39770000,2.42980000,13999681.90000000,1747034099999999,33911979.91341000,91837,8180613.70000000,19820145.79701000,0
1747034100000000,2.42980000,2.44690000,2.42000000,2.44450000,5823819.50000000,1747034999999999,14180082.32798000,45380,3402086.50000000,8288373.13896000,0
1747035000000000,2.44460000,2.45500000,2.41500000,2.42270000,11330610.70000000,1747035899999999,27594236.73824000,81532,5325638.30000000,12977119.86801000,0
1747035900000000,2.42270000,2.42320000,2.39140000,2.41360000,6507854.80000000,1747036799999999,15658996.54220000,49651,3020717.20000000,7269400.81190000,0
1747036800000000,2.41360000,2.41500000,2.39110000,2.40220000,3257998.20000000,1747037699999999,7823785.37861000,35788,1306801.80000000,3140331.45438000,0
1747037700000000,2.40230000,2.41050000,2.39750000,2.40350000,3740836.00000000,1747038599999999,8998493.39650000,31345,1831480.10000000,4405710.01033000,0
1747038600000000,2.40360000,2.42320000,2.39800000,2.42160000,3952056.20000000,1747039499999999,9540173.29166000,25014,2164045.90000000,5221574.23028000,0
1747039500000000,2.42160000,2.42960000,2.41910000,2.42450000,3397138.40000000,1747040399999999,8240691.06569000,22643,1646958.90000000,3995287.48070000,0
1747040400000000,2.42450000,2.43170000,2.42320000,2.42370000,2958596.90000000,1747041299999999,7185088.94583000,26939,1585323.70000000,3850291.07011000,0
1747041300000000,2.42380000,2.43300000,2.42270000,2.42910000,3231892.00000000,1747042199999999,7849349.85007000,27380,1474978.00000000,3582299.94311000,0
1747042200000000,2.42910000,2.42980000,2.42040000,2.42860000,1288382.70000000,1747043099999999,3124287.47120000,19953,719195.10000000,1744014.98115000,0
1747043100000000,2.42860000,2.43000000,2.41710000,2.42070000,1091662.70000000,1747043999999999,2643841.98258000,15795,523932.30000000,1269200.58609000,0
1747044000000000,2.42070000,2.42990000,2.41220000,2.42190000,3494941.80000000,1747044899999999,8465084.46312000,40764,1836529.20000000,4449002.32710000,0
1747044900000000,2.42180000,2.42960000,2.41560000,2.41880000,2327023.30000000,1747045799999999,5636959.29905000,20148,997964.90000000,2418364.53252000,0
1747045800000000,2.41880000,2.42950000,2.41610000,2.42490000,1594317.20000000,1747046699999999,3864580.82761000,16832,945747.40000000,2292290.63564000,0
1747046700000000,2.42480000,2.43570000,2.42010000,2.43460000,1739110.20000000,1747047599999999,4225584.76767000,13992,868686.30000000,2110869.02775000,0
1747047600000000,2.43450000,2.46280000,2.43040000,2.46160000,8344795.60000000,1747048499999999,20422376.48565000,51040,4037484.10000000,9883533.15016000,0
1747048500000000,2.46160000,2.47550000,2.44050000,2.47080000,6065480.90000000,1747049399999999,14914655.29689000,59481,3420619.20000000,8415091.97654000,0
1747049400000000,2.47090000,2.48320000,2.45780000,2.46900000,7681825.80000000,1747050299999999,18989281.73101000,73143,4141562.90000000,10240464.49418000,0
1747050300000000,2.46900000,2.48490000,2.44040000,2.44900000,10462685.80000000,1747051199999999,25740039.36098000,76380,4739916.10000000,11669901.96195000,0
1747051200000000,2.44890000,2.50490000,2.44790000,2.49390000,13666390.50000000,1747052099999999,33958332.04065000,84536,8139739.50000000,20229032.31310000,0
1747052100000000,2.49390000,2.55590000,2.48430000,2.54630000,19438583.80000000,1747052999999999,49127289.59887000,124058,10957796.00000000,27695065.90475000,0
1747053000000000,2.54630000,2.59500000,2.52360000,2.58480000,20875326.70000000,1747053899999999,53577831.18655000,134058,12289141.80000000,31546857.60677000,0
1747053900000000,2.58470000,2.58530000,2.55720000,2.56100000,10857119.70000000,1747054799999999,27902463.15955000,79056,5182832.90000000,13323890.65780000,0
1747054800000000,2.56110000,2.62920000,2.55650000,2.62920000,16188030.00000000,1747055699999999,41980826.06427000,105997,9770272.60000000,25339454.47795000,0
1747055700000000,2.62910000,2.65490000,2.60810000,2.60850000,16819312.30000000,1747056599999999,44271298.70894000,126297,8234858.30000000,21684040.15511000,0
1747056600000000,2.60850000,2.62700000,2.55980000,2.57910000,18195486.40000000,1747057499999999,47102772.54067000,122958,7955725.50000000,20599538.74423000,0
1747057500000000,2.57910000,2.61210000,2.56600000,2.60370000,11068348.60000000,1747058399999999,28685780.96003000,79682,6157654.40000000,15967672.81565000,0
1747058400000000,2.60370000,2.61970000,2.59190000,2.59590000,8075560.60000000,1747059299999999,21059243.01111000,70561,3877436.10000000,10112704.20060000,0
1747059300000000,2.59590000,2.61000000,2.52890000,2.54290000,18073953.70000000,1747060199999999,46335799.44537000,115594,8191712.10000000,21008721.76810000,0
1747060200000000,2.54290000,2.59490000,2.52480000,2.58450000,15511218.00000000,1747061099999999,39692253.31005000,111527,8615566.90000000,22058595.46110000,0
1747061100000000,2.58450000,2.58500000,2.54170000,2.54430000,7498154.60000000,1747061999999999,19189840.27919000,68983,3476512.10000000,8897428.15668000,0
1747062000000000,2.54430000,2.57340000,2.52100000,2.56030000,18011736.30000000,1747062899999999,45874293.21660000,117871,9585479.90000000,24414852.94281000,0
1747062900000000,2.56030000,2.58260000,2.55140000,2.56900000,7067308.80000000,1747063799999999,18173710.08322000,60820,4055934.30000000,10432584.11882000,0
1747063800000000,2.56890000,2.59360000,2.55830000,2.56870000,7539432.10000000,1747064699999999,19427772.03727000,69071,3685672.40000000,9499838.20081000,0
1747064700000000,2.56880000,2.60260000,2.56340000,2.59290000,7444183.60000000,1747065599999999,19261282.54035000,70098,4420211.40000000,11438177.11480000,0
1747065600000000,2.59290000,2.60780000,2.55440000,2.57260000,7088120.60000000,1747066499999999,18300695.34262000,87347,3637946.10000000,9398514.58214000,0
1747066500000000,2.57250000,2.59340000,2.56670000,2.58420000,3138178.80000000,1747067399999999,8105497.90478000,46538,1558556.60000000,4024613.68825000,0
1747067400000000,2.58410000,2.61330000,2.58330000,2.60580000,5442596.40000000,1747068299999999,14155346.63481000,51674,3304344.30000000,8593339.45094000,0
1747068300000000,2.60580000,2.61380000,2.58850000,2.59030000,3388938.10000000,1747069199999999,8822083.95013000,40988,1734094.80000000,4515931.98329000,0
1747069200000000,2.59030000,2.61130000,2.58760000,2.60170000,3160127.70000000,1747070099999999,8220606.52179000,36209,1745550.70000000,4540038.72913000,0
1747070100000000,2.60180000,2.61040000,2.57600000,2.59900000,4075243.80000000,1747070999999999,10558323.56837000,44975,2024223.30000000,5245045.39309000,0
1747071000000000,2.59900000,2.61440000,2.58510000,2.58560000,4370685.00000000,1747071899999999,11374914.83336000,54429,2254982.10000000,5869917.30345000,0
1747071900000000,2.58560000,2.59250000,2.55780000,2.56330000,6143895.20000000,1747072799999999,15795712.12286000,55709,2404066.10000000,6180827.30806000,0
1747072800000000,2.56320000,2.58090000,2.54090000,2.54940000,6340572.40000000,1747073699999999,16202656.01221000,64421,2617893.80000000,6691679.35768000,0
1747073700000000,2.54950000,2.56230000,2.51210000,2.51730000,5760455.90000000,1747074599999999,14610041.09706000,56237,2329363.30000000,5913505.96887000,0
1747074600000000,2.51730000,2.53120000,2.49130000,2.49590000,9248289.50000000,1747075499999999,23224424.71596000,85879,4406451.80000000,11072417.38342000,0
1747075500000000,2.49580000,2.50400000,2.43000000,2.46780000,19559261.80000000,1747076399999999,48240472.57747000,128656,8428884.00000000,20796295.81789000,0
1747076400000000,2.46780000,2.49830000,2.45830000,2.48370000,6157062.80000000,1747077299999999,15300346.74709000,62347,3687170.00000000,9164269.35883000,0
1747077300000000,2.48380000,2.49680000,2.47140000,2.47870000,3213357.60000000,1747078199999999,7985922.55405000,32941,1861020.60000000,4627358.63365000,0
1747078200000000,2.47880000,2.49350000,2.47500000,2.47850000,3191251.30000000,1747079099999999,7929707.56631000,34011,1426989.60000000,3545840.09287000,0
1747079100000000,2.47860000,2.53430000,2.47860000,2.53290000,4676797.20000000,1747079999999999,11716492.34170000,38352,2816802.60000000,7058719.61188000,0
1747080000000000,2.53290000,2.53320000,2.50220000,2.50850000,3821594.20000000,1747080899999999,9616831.62591000,42599,1436906.30000000,3616858.50950000,0
1747080900000000,2.50860000,2.53020000,2.50580000,2.52580000,2786698.70000000,1747081799999999,7018164.62416000,27145,1418366.00000000,3572274.68817000,0
1747081800000000,2.52580000,2.54870000,2.52070000,2.53410000,3659006.10000000,1747082699999999,9280331.99644000,35460,1776121.20000000,4505722.89546000,0
1747082700000000,2.53410000,2.54660000,2.52760000,2.52990000,2605832.30000000,1747083599999999,6605356.13944000,24754,1184620.50000000,3003265.11434000,0
1747083600000000,2.52990000,2.53250000,2.52090000,2.52440000,2206106.30000000,1747084499999999,5574311.20097000,20643,796190.30000000,2011744.50424000,0
1747084500000000,2.52440000,2.53720000,2.52230000,2.52630000,1596391.50000000,1747085399999999,4039587.18736000,16109,803481.90000000,2033485.04040000,0
1747085400000000,2.52640000,2.54420000,2.52150000,2.54310000,1779461.70000000,1747086299999999,4513406.84745000,17324,794083.20000000,2013632.04547000,0
1747086300000000,2.54320000,2.54440000,2.52920000,2.53690000,1454895.80000000,1747087199999999,3692125.29097000,14694,514402.20000000,1304754.91305000,0
1747087200000000,2.53690000,2.54060000,2.52640000,2.53150000,1280229.30000000,1747088099999999,3243913.33970000,18109,567351.90000000,1437798.27711000,0
1747088100000000,2.53140000,2.54400000,2.53080000,2.53960000,1773523.80000000,1747088999999999,4503375.78764000,11034,649434.30000000,1648993.41514000,0
1747089000000000,2.53960000,2.55630000,2.53820000,2.54700000,2368058.60000000,1747089899999999,6037697.18487000,22162,1368040.20000000,3488293.21808000,0
1747089900000000,2.54690000,2.54920000,2.52850000,2.52980000,1550512.40000000,1747090799999999,3939959.67509000,20528,665412.00000000,1690956.02221000,0
1747090800000000,2.52990000,2.53510000,2.52470000,2.52480000,1498613.20000000,1747091699999999,3791620.07780000,12406,679159.40000000,1718605.28567000,0
1747091700000000,2.52470000,2.54000000,2.52420000,2.53890000,910244.60000000,1747092599999999,2305174.73364000,10871,622621.10000000,1576569.17207000,0
1747092600000000,2.53880000,2.54000000,2.52430000,2.53930000,1041989.70000000,1747093499999999,2638347.56563000,10691,539617.70000000,1366241.02088000,0
1747093500000000,2.53920000,2.54900000,2.53870000,2.54390000,1398838.20000000,1747094399999999,3558689.99068000,15049,769347.50000000,1957397.92004000,0
1747094400000000,2.54400000,2.54590000,2.50570000,2.51430000,3987566.60000000,1747095299999999,10059345.37548000,44429,1475995.60000000,3725254.95835000,0
1747095300000000,2.51420000,2.52150000,2.50310000,2.51270000,1902782.10000000,1747096199999999,4779137.42297000,34275,916452.10000000,2302261.87439000,0
1747096200000000,2.51270000,2.51350000,2.49720000,2.50020000,2305828.30000000,1747097099999999,5773422.23870000,31146,1096457.40000000,2745216.93469000,0
1747097100000000,2.50020000,2.50700000,2.49040000,2.49330000,2681210.20000000,1747097999999999,6701113.52272000,23996,984244.00000000,2460475.08437000,0
1747098000000000,2.49320000,2.50600000,2.48230000,2.49040000,2280910.80000000,1747098899999999,5689148.20387000,30953,1285215.70000000,3206767.91438000,0
1747098900000000,2.49030000,2.49570000,2.48000000,2.48090000,1807565.70000000,1747099799999999,4496052.53674000,26767,764344.70000000,1901480.14516000,0
1747099800000000,2.48090000,2.48500000,2.45220000,2.46230000,5227627.50000000,1747100699999999,12897749.10436000,56427,2072197.30000000,5111369.03925000,0
1747100700000000,2.46220000,2.47870000,2.45590000,2.47010000,1880437.90000000,1747101599999999,4640822.03448000,23954,1058408.60000000,2611932.50505000,0
1747101600000000,2.47000000,2.48040000,2.44220000,2.44640000,6943330.10000000,1747102499999999,17094502.38420000,59505,3389254.70000000,8350659.47748000,0
1747102500000000,2.44640000,2.45730000,2.42670000,2.45710000,5125487.10000000,1747103399999999,12514122.50476000,59903,2669860.70000000,6522490.39203000,0
1747103400000000,2.45720000,2.45840000,2.43700000,2.43750000,2501192.80000000,1747104299999999,6115840.06555000,38877,1098950.80000000,2687149.72673000,0
1747104300000000,2.43750000,2.45390000,2.43160000,2.45130000,2853802.50000000,1747105199999999,6973589.74841000,30763,1717691.50000000,4197669.79616000,0
1747105200000000,2.45120000,2.46200000,2.44210000,2.46120000,2396599.00000000,1747106099999999,5876611.99582000,31803,1357790.40000000,3329347.17276000,0
1747106100000000,2.46120000,2.46340000,2.42990000,2.43620000,2210099.40000000,1747106999999999,5408691.97146000,31369,1114982.20000000,2729613.15529000,0
1747107000000000,2.43630000,2.44760000,2.43260000,2.44630000,2379952.60000000,1747107899999999,5806644.97468000,27429,1377913.10000000,3361771.07392000,0
1747107900000000,2.44630000,2.44740000,2.42900000,2.43000000,2865020.70000000,1747108799999999,6978583.59324000,21020,1274215.60000000,3104918.50566000,0
1747108800000000,2.42990000,2.44380000,2.42150000,2.43870000,2793345.00000000,1747109699999999,6794100.65971000,35646,1568743.30000000,3816507.43757000,0
1747109700000000,2.43880000,2.46140000,2.43610000,2.46020000,3804141.30000000,1747110599999999,9328295.90777000,28205,2530774.80000000,6206254.97651000,0
1747110600000000,2.46030000,2.48750000,2.45950000,2.48250000,3647885.00000000,1747111499999999,9013354.16611000,26406,2207310.10000000,5453427.20303000,0
1747111500000000,2.48250000,2.48660000,2.47460000,2.48520000,2256017.60000000,1747112399999999,5599138.74053000,26248,1244124.10000000,3087704.32383000,0
1747112400000000,2.48520000,2.48570000,2.47710000,2.48220000,1926938.80000000,1747113299999999,4780341.34245000,23781,1129751.80000000,2802958.15466000,0
1747113300000000,2.48210000,2.49090000,2.47890000,2.49010000,1496444.10000000,1747114199999999,3716018.43866000,17775,864258.70000000,2146367.30572000,0
1747114200000000,2.49010000,2.49040000,2.46760000,2.47350000,2477224.40000000,1747115099999999,6131214.63688000,24902,864043.50000000,2137547.86334000,0
1747115100000000,2.47350000,2.48560000,2.47270000,2.48510000,1012231.30000000,1747115999999999,2510007.86302000,10645,561015.80000000,1391127.92880000,0
1747116000000000,2.48520000,2.51030000,2.48520000,2.50880000,4093534.40000000,1747116899999999,10230366.31525000,30805,2361341.70000000,5899480.96911000,0
1747116900000000,2.50880000,2.50890000,2.48840000,2.49380000,2407145.90000000,1747117799999999,6013393.27351000,28344,996047.30000000,2487652.71245000,0
1747117800000000,2.49370000,2.50870000,2.49210000,2.50760000,1539847.00000000,1747118699999999,3853744.63914000,17204,966297.90000000,2418139.10806000,0
1747118700000000,2.50760000,2.50860000,2.49670000,2.49910000,1383560.60000000,1747119599999999,3461611.78682000,14842,654500.60000000,1637671.44786000,0
1747119600000000,2.49900000,2.50670000,2.49560000,2.50460000,1793818.60000000,1747120499999999,4489528.54620000,18388,906821.80000000,2269368.05938000,0
1747120500000000,2.50460000,2.51560000,2.49790000,2.50050000,2151413.50000000,1747121399999999,5390959.05428000,24611,1097011.70000000,2748842.26255000,0
1747121400000000,2.50040000,2.50620000,2.49190000,2.49510000,1759867.30000000,1747122299999999,4394901.64092000,20993,826786.80000000,2064662.50829000,0
1747122300000000,2.49510000,2.50340000,2.49300000,2.49870000,2024256.90000000,1747123199999999,5056276.90086000,16018,906965.20000000,2265914.20903000,0
1747123200000000,2.49880000,2.50900000,2.49850000,2.50370000,1111413.40000000,1747124099999999,2783181.63975000,18362,535667.50000000,1341406.38958000,0
1747124100000000,2.50360000,2.50540000,2.48880000,2.49110000,2015257.80000000,1747124999999999,5027871.72891000,14775,985120.10000000,2458139.44781000,0
1747125000000000,2.49110000,2.50980000,2.48640000,2.50240000,2063650.60000000,1747125899999999,5155836.08444000,19669,1041531.50000000,2603299.24950000,0
1747125900000000,2.50240000,2.50850000,2.49840000,2.49990000,1121913.90000000,1747126799999999,2806668.22885000,19196,558164.70000000,1396275.51057000,0
1747126800000000,2.49990000,2.50850000,2.49800000,2.50640000,847844.40000000,1747127699999999,2123682.68487000,16928,380034.50000000,951818.53253000,0
1747127700000000,2.50650000,2.54900000,2.50550000,2.54260000,4050283.10000000,1747128599999999,10248848.57356000,43064,2482732.40000000,6281354.44589000,0
1747128600000000,2.54260000,2.56500000,2.53370000,2.53840000,5227647.60000000,1747129499999999,13329844.35162000,47950,2977710.10000000,7594983.57705000,0
1747129500000000,2.53840000,2.55410000,2.53330000,2.54570000,4730120.80000000,1747130399999999,12037622.36446000,30525,3046708.50000000,7758091.76963000,0
1747130400000000,2.54580000,2.55110000,2.52930000,2.54050000,2997450.50000000,1747131299999999,7609248.13455000,31097,1588531.50000000,4033065.83636000,0
1747131300000000,2.54050000,2.55650000,2.53730000,2.55080000,2367624.50000000,1747132199999999,6035349.56053000,30151,1167398.40000000,2975349.79410000,0
1747132200000000,2.55090000,2.56760000,2.54460000,2.55510000,2655351.70000000,1747133099999999,6781990.81766000,38782,1279357.30000000,3268379.72685000,0
1747133100000000,2.55500000,2.56470000,2.55010000,2.55280000,2312805.60000000,1747133999999999,5915049.78771000,23308,1197326.40000000,3062102.38132000,0
1747134000000000,2.55270000,2.55420000,2.54040000,2.54810000,1876093.50000000,1747134899999999,4777059.91580000,23068,681375.20000000,1735111.72918000,0
1747134900000000,2.54800000,2.55780000,2.54320000,2.54580000,1975360.00000000,1747135799999999,5042315.07615000,23508,604621.20000000,1542801.83037000,0
1747135800000000,2.54580000,2.55190000,2.53840000,2.53910000,2393770.30000000,1747136699999999,6090438.20072000,23048,992810.80000000,2526628.18083000,0
1747136700000000,2.53910000,2.54110000,2.52600000,2.53440000,2748681.50000000,1747137599999999,6962961.65790000,28866,1121005.30000000,2840104.28441000,0
1747137600000000,2.53450000,2.54110000,2.52030000,2.52660000,1677959.30000000,1747138499999999,4247008.58068000,25674,654792.20000000,1657991.12668000,0
1747138500000000,2.52660000,2.53520000,2.51590000,2.52650000,2723131.40000000,1747139399999999,6872678.48189000,20255,1143170.10000000,2884860.33526000,0
1747139400000000,2.52650000,2.56300000,2.51860000,2.54550000,8266143.40000000,1747140299999999,21045952.86305000,71298,4299695.80000000,10946656.16655000,0
1747140300000000,2.54540000,2.54970000,2.53680000,2.54400000,2005077.60000000,1747141199999999,5098782.13722000,27209,792071.60000000,2014589.19197000,0
1747141200000000,2.54400000,2.54990000,2.53220000,2.53550000,1207533.60000000,1747142099999999,3066986.55487000,21054,529230.00000000,1344542.40488000,0
1747142100000000,2.53550000,2.55500000,2.53490000,2.55010000,1666648.30000000,1747142999999999,4242369.68321000,20819,919999.70000000,2341485.38108000,0
1747143000000000,2.55020000,2.55900000,2.53840000,2.53840000,2171428.30000000,1747143899999999,5535300.82457000,34043,959945.10000000,2446781.87252000,0
1747143900000000,2.53840000,2.54390000,2.52840000,2.53980000,2219835.10000000,1747144799999999,5631210.18978000,23391,991602.50000000,2516079.10014000,0
1747144800000000,2.53990000,2.54120000,2.51120000,2.51880000,3588234.20000000,1747145699999999,9051130.98167000,40293,1575574.30000000,3974321.48329000,0
1747145700000000,2.51890000,2.53310000,2.50610000,2.53140000,2453112.80000000,1747146599999999,6174543.77385000,30431,1179689.70000000,2970544.64094000,0
1747146600000000,2.53140000,2.53470000,2.52000000,2.52050000,1492211.10000000,1747147499999999,3771167.32865000,17653,562630.40000000,1422126.12487000,0
1747147500000000,2.52050000,2.52800000,2.50470000,2.52240000,2065270.60000000,1747148399999999,5194159.44463000,22380,937215.60000000,2357931.79434000,0
1747148400000000,2.52240000,2.55200000,2.51860000,2.54080000,3131465.90000000,1747149299999999,7947914.90353000,28420,2006958.10000000,5092504.11778000,0
1747149300000000,2.54080000,2.54630000,2.53380000,2.54150000,1574871.20000000,1747150199999999,3998450.64868000,20264,874047.50000000,2218827.97828000,0
1747150200000000,2.54150000,2.54580000,2.53120000,2.54070000,1478104.60000000,1747151099999999,3753093.07415000,17535,771223.30000000,1958631.40301000,0
1747151100000000,2.54070000,2.54590000,2.52960000,2.54330000,2184763.80000000,1747151999999999,5543228.17495000,19307,742871.50000000,1885438.07163000,0
1747152000000000,2.54330000,2.57530000,2.54090000,2.57210000,4425594.60000000,1747152899999999,11328945.59911000,39430,2771352.00000000,7092889.22669000,0
1747152900000000,2.57220000,2.57330000,2.55370000,2.56000000,3333933.20000000,1747153799999999,8544138.81175000,38015,1878681.70000000,4815665.03118000,0
1747153800000000,2.56000000,2.56530000,2.55060000,2.55850000,2218692.70000000,1747154699999999,5676678.53428000,24111,1274952.40000000,3262779.06380000,0
1747154700000000,2.55860000,2.56250000,2.54880000,2.55160000,1445854.20000000,1747155599999999,3692197.80184000,17000,599587.30000000,1531686.47847000,0
1747155600000000,2.55160000,2.56600000,2.55040000,2.55360000,2587318.80000000,1747156499999999,6621904.13463000,22468,1495638.20000000,3829217.79619000,0
1747156500000000,2.55360000,2.56980000,2.55200000,2.55360000,1689613.90000000,1747157399999999,4327521.49262000,17643,787091.00000000,2015687.85252000,0
1747157400000000,2.55350000,2.55400000,2.53500000,2.55010000,2341493.70000000,1747158299999999,5956920.88621000,23008,1016562.10000000,2586104.87639000,0
1747158300000000,2.55010000,2.55610000,2.54790000,2.55530000,1186768.50000000,1747159199999999,3030495.36746000,15258,645077.40000000,1647312.27726000,0
1747159200000000,2.55530000,2.56280000,2.55390000,2.56240000,1441619.70000000,1747160099999999,3690006.40472000,15667,734936.90000000,1881105.51399000,0
1747160100000000,2.56240000,2.56900000,2.55720000,2.56140000,2015198.90000000,1747160999999999,5165570.22725000,24426,1030768.00000000,2642738.84056000,0
1747161000000000,2.56130000,2.56990000,2.55700000,2.55710000,1024474.40000000,1747161899999999,2625679.98871000,20726,455911.40000000,1168795.54835000,0
1747161900000000,2.55720000,2.57300000,2.55720000,2.57230000,1292323.10000000,1747162799999999,3317570.81777000,14186,663120.50000000,1702754.52531000,0
1747162800000000,2.57230000,2.57260000,2.56010000,2.56800000,937196.90000000,1747163699999999,2405077.18444000,13822,332645.80000000,853664.86525000,0
1747163700000000,2.56790000,2.58790000,2.56740000,2.58540000,2598023.20000000,1747164599999999,6697259.48499000,28654,1427644.60000000,3681737.20351000,0
1747164600000000,2.58530000,2.60530000,2.58500000,2.60200000,4550552.00000000,1747165499999999,11812776.02997000,37124,2609872.30000000,6775871.48595000,0
1747165500000000,2.60200000,2.60220000,2.56360000,2.58110000,5344994.70000000,1747166399999999,13802711.71517000,62939,2360205.70000000,6093555.51162000,0
1747166400000000,2.58100000,2.58280000,2.55860000,2.56940000,3326852.80000000,1747167299999999,8548889.17961000,35067,1636525.00000000,4206098.05826000,0
1747167300000000,2.56930000,2.58550000,2.56420000,2.58490000,1484583.50000000,1747168199999999,3823522.13485000,20392,599770.60000000,1544379.02346000,0
1747168200000000,2.58490000,2.59430000,2.58040000,2.58120000,1566044.60000000,1747169099999999,4052568.00077000,17581,658253.60000000,1703645.17414000,0
1747169100000000,2.58110000,2.59340000,2.58010000,2.58260000,1679709.40000000,1747169999999999,4343134.29400000,17263,937680.90000000,2425144.94311000,0
1747170000000000,2.58250000,2.58400000,2.56890000,2.57060000,1170698.80000000,1747170899999999,3016489.49734000,14505,495861.20000000,1277465.63887000,0
1747170900000000,2.57060000,2.57810000,2.56350000,2.57400000,2649129.00000000,1747171799999999,6811090.07098000,18290,882641.60000000,2270019.58692000,0
1747171800000000,2.57400000,2.58170000,2.56850000,2.56920000,960405.80000000,1747172699999999,2472184.76566000,14825,513998.80000000,1323061.47962000,0
1747172700000000,2.56910000,2.57750000,2.56810000,2.57640000,412594.20000000,1747173599999999,1061452.59492000,9345,223667.50000000,575559.80027000,0
1747173600000000,2.57630000,2.57820000,2.56540000,2.56680000,1050795.30000000,1747174499999999,2701019.06413000,19756,461269.40000000,1185869.66487000,0
1747174500000000,2.56670000,2.57270000,2.56230000,2.56710000,911394.10000000,1747175399999999,2339785.01056000,15943,365756.20000000,939221.00524000,0
1747175400000000,2.56710000,2.57810000,2.56470000,2.57690000,1003240.50000000,1747176299999999,2579729.64550000,11883,485281.80000000,1247776.56186000,0
1747176300000000,2.57680000,2.58550000,2.57580000,2.57960000,1392302.20000000,1747177199999999,3592316.92137000,15055,642225.60000000,1657135.73967000,0
1747177200000000,2.57960000,2.58520000,2.56390000,2.58340000,1531069.10000000,1747178099999999,3944609.82913000,26453,744164.70000000,1917152.77238000,0
1747178100000000,2.58350000,2.59840000,2.58350000,2.58980000,2598803.40000000,1747178999999999,6737644.38624000,21213,1354751.20000000,3511552.19312000,0
1747179000000000,2.58980000,2.60200000,2.58660000,2.59860000,2958995.50000000,1747179899999999,7686381.77732000,21743,1434906.60000000,3727146.29611000,0
1747179900000000,2.59860000,2.59890000,2.58180000,2.58290000,1402622.80000000,1747180799999999,3631769.70810000,14872,445309.50000000,1153089.02275000,0
1747180800000000,2.58280000,2.58820000,2.56970000,2.57240000,2063705.90000000,1747181699999999,5320238.20078000,22750,1077334.10000000,2777547.20330000,0
1747181700000000,2.57250000,2.58430000,2.56850000,2.57320000,1898769.50000000,1747182599999999,4886527.50414000,19287,1098811.50000000,2828037.58525000,0
1747182600000000,2.57330000,2.57680000,2.56250000,2.56460000,1662940.50000000,1747183499999999,4271278.66188000,15624,884070.70000000,2270867.20550000,0
1747183500000000,2.56460000,2.57300000,2.55920000,2.56800000,1492308.70000000,1747184399999999,3827451.92859000,14814,568954.80000000,1459861.89840000,0
1747184400000000,2.56810000,2.58160000,2.56310000,2.58160000,1719128.40000000,1747185299999999,4420202.40788000,23970,838334.80000000,2156313.13558000,0
1747185300000000,2.58160000,2.59200000,2.57480000,2.57820000,2424630.50000000,1747186199999999,6262141.07210000,23524,1122468.90000000,2900064.27940000,0
1747186200000000,2.57830000,2.59710000,2.57740000,2.59210000,2724009.80000000,1747187099999999,7057755.56588000,23634,1447689.50000000,3750947.62023000,0
1747187100000000,2.59200000,2.59200000,2.56120000,2.56430000,2709460.40000000,1747187999999999,6970192.54385000,28100,1151178.10000000,2958834.45852000,0
1747188000000000,2.56430000,2.56970000,2.54060000,2.55550000,4191959.90000000,1747188899999999,10705313.13957000,37842,1821056.50000000,4649702.17803000,0
1747188900000000,2.55540000,2.55850000,2.54440000,2.54590000,1566679.90000000,1747189799999999,4000012.07365000,12074,780654.30000000,1993247.25487000,0
1747189800000000,2.54600000,2.56390000,2.54300000,2.56330000,1602930.10000000,1747190699999999,4094316.34788000,11194,1022176.20000000,2610947.90546000,0
1747190700000000,2.56310000,2.56310000,2.55150000,2.55500000,830976.20000000,1747191599999999,2124290.05094000,7435,502986.70000000,1285666.34218000,0
1747191600000000,2.55510000,2.55700000,2.54150000,2.54960000,1748972.90000000,1747192499999999,4459791.45250000,15735,892612.20000000,2276156.85664000,0
1747192500000000,2.54950000,2.55420000,2.54250000,2.54630000,2126102.50000000,1747193399999999,5413536.11327000,16500,982191.30000000,2500653.28591000,0
1747193400000000,2.54620000,2.55740000,2.54310000,2.55720000,1409033.30000000,1747194299999999,3592409.62452000,13105,777657.40000000,1982676.44616000,0
1747194300000000,2.55710000,2.55770000,2.55230000,2.55710000,775807.90000000,1747195199999999,1982046.41281000,7247,414866.30000000,1059834.52822000,0
1747195200000000,2.55700000,2.55750000,2.54910000,2.55260000,1301900.90000000,1747196099999999,3324614.22355000,10807,657703.60000000,1679421.30641000,0
1747196100000000,2.55260000,2.56960000,2.54720000,2.56900000,1947836.20000000,1747196999999999,4989739.53328000,11531,1308331.50000000,3352085.26215000,0
1747197000000000,2.56890000,2.58000000,2.56520000,2.57730000,1471978.10000000,1747197899999999,3787289.95341000,11541,869085.70000000,2235956.62099000,0
1747197900000000,2.57730000,2.57800000,2.57100000,2.57690000,1238627.70000000,1747198799999999,3188719.74734000,9740,678753.00000000,1747284.05937000,0
1747198800000000,2.57700000,2.58380000,2.57060000,2.57070000,1200479.90000000,1747199699999999,3094477.79023000,11738,581902.60000000,1500074.59761000,0
1747199700000000,2.57060000,2.57520000,2.57010000,2.57380000,672126.00000000,1747200599999999,1729736.43400000,6713,383121.80000000,985973.70301000,0
1747200600000000,2.57370000,2.58000000,2.57240000,2.57850000,1208580.90000000,1747201499999999,3115108.82628000,8767,732813.90000000,1888587.28444000,0
1747201500000000,2.57850000,2.58900000,2.57800000,2.58640000,2043644.60000000,1747202399999999,5282648.82030000,13118,1284042.60000000,3318951.46271000,0
1747202400000000,2.58630000,2.59040000,2.58210000,2.58740000,1837888.40000000,1747203299999999,4754801.24299000,13850,866417.60000000,2241326.67414000,0
1747203300000000,2.58740000,2.59860000,2.58480000,2.58870000,2450328.20000000,1747204199999999,6349935.69259000,18846,1259668.50000000,3265216.80384000,0
1747204200000000,2.58860000,2.59180000,2.58140000,2.58440000,1288192.10000000,1747205099999999,3329967.83700000,11835,614643.20000000,1588715.80491000,0
1747205100000000,2.58430000,2.59270000,2.58020000,2.59130000,1634898.50000000,1747205999999999,4229654.41531000,10488,992719.30000000,2568211.41132000,0
1747206000000000,2.59130000,2.59490000,2.58390000,2.58410000,2553096.70000000,1747206899999999,6608617.09867000,16396,1144585.20000000,2962669.12497000,0
1747206900000000,2.58410000,2.58520000,2.56500000,2.56840000,2479255.70000000,1747207799999999,6380192.20274000,23507,1070995.20000000,2756011.59260000,0
1747207800000000,2.56850000,2.58440000,2.56210000,2.58300000,1801866.80000000,1747208699999999,4638464.66637000,19833,742620.30000000,1911965.40816000,0
1747208700000000,2.58290000,2.63580000,2.57950000,2.61910000,9458051.00000000,1747209599999999,24721726.87577000,61346,5975639.00000000,15625495.81780000,0
1747209600000000,2.61920000,2.64000000,2.60250000,2.60790000,12467079.30000000,1747210499999999,32688870.81485000,91492,6682357.10000000,17514728.86741000,0
1747210500000000,2.60790000,2.63000000,2.59670000,2.60870000,5114825.70000000,1747211399999999,13345914.79231000,50552,2419711.80000000,6313305.16371000,0
1747211400000000,2.60870000,2.61250000,2.59180000,2.60820000,3900133.70000000,1747212299999999,10145826.26467000,36831,2155832.10000000,5608398.83688000,0
1747212300000000,2.60820000,2.61800000,2.56710000,2.56970000,7159623.30000000,1747213199999999,18527253.41028000,63560,3205401.00000000,8296351.46635000,0
1747213200000000,2.56980000,2.58570000,2.56180000,2.58240000,4684635.80000000,1747214099999999,12059515.81909000,45126,2147208.90000000,5528518.92053000,0
1747214100000000,2.58240000,2.59450000,2.57270000,2.59310000,2757295.60000000,1747214999999999,7120298.99779000,27068,1575753.30000000,4068415.03065000,0
1747215000000000,2.59300000,2.64260000,2.58940000,2.63040000,7062551.90000000,1747215899999999,18505203.16397000,56263,4418485.50000000,11578264.05450000,0
1747215900000000,2.63040000,2.65160000,2.61610000,2.62820000,10136044.60000000,1747216799999999,26741878.92648000,82529,5491576.90000000,14494796.31541000,0
1747216800000000,2.62820000,2.63980000,2.61440000,2.62400000,3498957.30000000,1747217699999999,9191456.50809000,35767,1480724.60000000,3889931.99034000,0
1747217700000000,2.62400000,2.62690000,2.60940000,2.62190000,2457144.90000000,1747218599999999,6440435.25359000,24062,1186812.20000000,3111272.66503000,0
1747218600000000,2.62200000,2.62350000,2.60840000,2.60970000,1589675.20000000,1747219499999999,4156166.70626000,17410,505939.10000000,1322590.30214000,0
1747219500000000,2.60970000,2.61090000,2.59750000,2.60310000,2573578.80000000,1747220399999999,6702937.87962000,19790,925233.50000000,2408779.66925000,0
1747220400000000,2.60320000,2.61450000,2.60320000,2.60970000,1281018.10000000,1747221299999999,3344277.70205000,12877,578262.40000000,1509666.26376000,0
1747221300000000,2.60970000,2.61710000,2.60130000,2.61710000,1848969.90000000,1747222199999999,4821242.02468000,13023,807413.20000000,2106790.94144000,0
1747222200000000,2.61710000,2.62300000,2.61340000,2.61800000,1771619.00000000,1747223099999999,4639126.33241000,20290,815416.90000000,2134737.98211000,0
1747223100000000,2.61800000,2.61900000,2.60830000,2.61420000,1286015.60000000,1747223999999999,3360087.27207000,8980,677239.60000000,1769297.74284000,0
1747224000000000,2.61430000,2.61800000,2.60700000,2.61780000,1046214.20000000,1747224899999999,2733299.47568000,11372,487378.60000000,1273588.03892000,0
1747224900000000,2.61780000,2.62540000,2.61710000,2.61890000,1871435.30000000,1747225799999999,4904617.35960000,15550,864918.60000000,2266982.92483000,0
1747225800000000,2.61880000,2.62620000,2.61450000,2.61580000,1487710.90000000,1747226699999999,3897774.94787000,15228,599020.10000000,1569479.57410000,0
1747226700000000,2.61580000,2.61610000,2.58500000,2.59260000,3388511.20000000,1747227599999999,8802359.12779000,27879,1284666.70000000,3338286.03008000,0
1747227600000000,2.59260000,2.59410000,2.57740000,2.59200000,3039434.60000000,1747228499999999,7857041.34347000,32324,1326273.40000000,3428892.06068000,0
1747228500000000,2.59190000,2.59420000,2.58030000,2.58840000,1882174.30000000,1747229399999999,4868706.06167000,19982,753020.30000000,1947762.41971000,0
1747229400000000,2.58840000,2.59980000,2.56120000,2.56490000,5630029.40000000,1747230299999999,14511916.17204000,46903,2472748.00000000,6376585.08719000,0
1747230300000000,2.56490000,2.57880000,2.55350000,2.57830000,5617924.70000000,1747231199999999,14418616.91634000,51173,2715358.90000000,6974259.04682000,0
1747231200000000,2.57840000,2.58100000,2.56140000,2.56220000,2667672.00000000,1747232099999999,6859344.67447000,27585,939044.00000000,2414990.72774000,0
1747232100000000,2.56220000,2.56820000,2.54620000,2.56090000,4707705.60000000,1747232999999999,12041288.71836000,39713,2391043.20000000,6118986.95919000,0
1747233000000000,2.56090000,2.57240000,2.55130000,2.57050000,2473007.00000000,1747233899999999,6333559.46588000,24350,1052861.10000000,2697458.92559000,0
1747233900000000,2.57060000,2.57550000,2.56410000,2.56740000,1612175.90000000,1747234799999999,4143106.83936000,15516,726172.10000000,1866399.09570000,0
1747234800000000,2.56750000,2.57000000,2.55150000,2.56980000,1907133.70000000,1747235699999999,4881537.59256000,20299,740631.20000000,1896346.64043000,0
1747235700000000,2.56970000,2.57460000,2.55490000,2.55870000,1345492.50000000,1747236599999999,3448566.57046000,17519,666532.60000000,1707554.83571000,0
1747236600000000,2.55860000,2.56620000,2.54970000,2.56000000,1334317.50000000,1747237499999999,3412954.13596000,16624,676280.10000000,1730424.85765000,0
1747237500000000,2.55990000,2.56200000,2.55250000,2.56160000,1264983.90000000,1747238399999999,3234661.16238000,13392,546659.70000000,1397896.90160000,0
1747238400000000,2.56150000,2.57090000,2.55900000,2.56480000,1775377.30000000,1747239299999999,4554227.52363000,18447,902928.00000000,2316163.10863000,0
1747239300000000,2.56480000,2.56530000,2.54830000,2.55240000,2328674.50000000,1747240199999999,5946764.63681000,20629,922847.70000000,2356340.30077000,0
1747240200000000,2.55240000,2.56120000,2.54770000,2.55100000,1784340.60000000,1747241099999999,4557346.41313000,25724,974307.10000000,2488439.44895000,0
1747241100000000,2.55110000,2.55650000,2.53250000,2.54860000,2996535.20000000,1747241999999999,7620354.62064000,34738,1296046.50000000,3295284.66553000,0
1747242000000000,2.54870000,2.55200000,2.53220000,2.53640000,2121463.60000000,1747242899999999,5390859.84668000,29090,1018788.40000000,2588940.60816000,0
1747242900000000,2.53640000,2.53770000,2.51940000,2.53480000,4066585.80000000,1747243799999999,10279913.40568000,31884,1895343.60000000,4791608.13015000,0
1747243800000000,2.53490000,2.54650000,2.53140000,2.54520000,1386663.70000000,1747244699999999,3518439.18511000,16797,794370.10000000,2015769.63358000,0
1747244700000000,2.54520000,2.55240000,2.54310000,2.55220000,737658.80000000,1747245599999999,1879047.01096000,10264,384165.00000000,978685.97501000,0
1747245600000000,2.55230000,2.55690000,2.54630000,2.54640000,1147852.90000000,1747246499999999,2928622.23174000,12975,530058.80000000,1352379.74582000,0
1747246500000000,2.54630000,2.56270000,2.54320000,2.54920000,1125453.80000000,1747247399999999,2874175.60993000,16124,593157.30000000,1514951.24858000,0
1747247400000000,2.54930000,2.55570000,2.54840000,2.55370000,722187.50000000,1747248299999999,1843339.17439000,10822,434814.20000000,1109857.64286000,0
1747248300000000,2.55380000,2.56320000,2.55200000,2.56260000,1273235.30000000,1747249199999999,3255264.82222000,11488,434522.70000000,1111277.69715000,0
1747249200000000,2.56270000,2.56640000,2.55910000,2.56220000,730305.50000000,1747250099999999,1871689.11069000,11646,278017.50000000,712658.14532000,0
1747250100000000,2.56220000,2.56800000,2.56000000,2.56010000,630280.60000000,1747250999999999,1616759.03781000,10116,322266.50000000,826798.04580000,0
1747251000000000,2.56000000,2.56230000,2.55750000,2.55920000,502188.30000000,1747251899999999,1285275.55350000,11780,244960.50000000,626891.67804000,0
1747251900000000,2.55910000,2.56930000,2.55610000,2.56690000,1277498.20000000,1747252799999999,3275796.78741000,10572,896542.90000000,2299508.88908000,0
1747252800000000,2.56690000,2.56760000,2.55610000,2.55940000,1111214.60000000,1747253699999999,2845557.42650000,9072,343110.80000000,879302.05461000,0
1747253700000000,2.55940000,2.56420000,2.55900000,2.56360000,403922.10000000,1747254599999999,1034987.82798000,6652,112733.30000000,288844.21659000,0
1747254600000000,2.56350000,2.56560000,2.55850000,2.56250000,664426.60000000,1747255499999999,1702111.26081000,10705,316795.80000000,811564.23866000,0
1747255500000000,2.56240000,2.57210000,2.56090000,2.56110000,1407907.10000000,1747256399999999,3615382.42064000,11363,852195.70000000,2188452.55198000,0
1747256400000000,2.56100000,2.56160000,2.54620000,2.54830000,1537820.70000000,1747257299999999,3926619.63696000,12579,761445.20000000,1944663.85085000,0
1747257300000000,2.54830000,2.55410000,2.54760000,2.55410000,551508.20000000,1747258199999999,1406551.67854000,7015,278900.10000000,711259.46221000,0
1747258200000000,2.55410000,2.55800000,2.55080000,2.55230000,904055.70000000,1747259099999999,2309276.51368000,6470,638737.00000000,1631769.43256000,0
1747259100000000,2.55230000,2.56420000,2.55220000,2.56260000,540686.90000000,1747259999999999,1384294.33625000,7370,256976.40000000,657836.04246000,0
1747260000000000,2.56250000,2.56560000,2.55710000,2.56000000,904256.70000000,1747260899999999,2316373.12716000,14547,353711.80000000,906007.10611000,0
1747260900000000,2.56000000,2.56210000,2.55580000,2.55820000,434061.30000000,1747261799999999,1110259.79849000,7401,223445.90000000,571456.85644000,0
1747261800000000,2.55810000,2.55840000,2.55210000,2.55220000,265665.80000000,1747262699999999,678718.03709000,6106,100155.70000000,255820.99151000,0
1747262700000000,2.55210000,2.55280000,2.54660000,2.54910000,746421.30000000,1747263599999999,1902337.21153000,7040,398814.80000000,1016402.20734000,0
1747263600000000,2.54920000,2.55350000,2.54410000,2.55080000,636813.80000000,1747264499999999,1623086.87173000,9280,292522.80000000,745411.08069000,0
1747264500000000,2.55070000,2.55070000,2.53650000,2.55000000,1204298.20000000,1747265399999999,3062153.46801000,16492,716908.00000000,1822891.46696000,0
1747265400000000,2.54990000,2.55500000,2.54960000,2.55170000,658991.80000000,1747266299999999,1682123.64109000,5365,346727.50000000,885021.95642000,0
1747266300000000,2.55180000,2.55380000,2.54970000,2.55030000,620115.50000000,1747267199999999,1582464.95054000,4507,415000.40000000,1059063.05812000,0
1747267200000000,2.55040000,2.56300000,2.54850000,2.56210000,1825891.30000000,1747268099999999,4668679.42961000,9896,1374396.60000000,3514980.85062000,0
1747268100000000,2.56210000,2.56890000,2.56200000,2.56580000,1338604.80000000,1747268999999999,3435045.82715000,9246,907194.80000000,2327890.81624000,0
1747269000000000,2.56580000,2.56920000,2.55900000,2.56500000,677820.70000000,1747269899999999,1737595.86502000,9328,329632.00000000,845052.14090000,0
1747269900000000,2.56500000,2.57190000,2.56500000,2.56730000,767359.70000000,1747270799999999,1971239.15127000,8464,468613.40000000,1204038.77507000,0
1747270800000000,2.56730000,2.56770000,2.55000000,2.55300000,1692274.20000000,1747271699999999,4325077.12133000,11178,448107.30000000,1145456.30465000,0
1747271700000000,2.55290000,2.55790000,2.54490000,2.54720000,1494439.00000000,1747272599999999,3811700.55790000,13474,665122.30000000,1697480.51088000,0
1747272600000000,2.54720000,2.54930000,2.52840000,2.53200000,1952688.60000000,1747273499999999,4953555.88731000,25691,927407.20000000,2352640.38007000,0
1747273500000000,2.53210000,2.53260000,2.51170000,2.52430000,3574045.20000000,1747274399999999,9010369.08384000,29695,1851079.20000000,4666582.79555000,0
1747274400000000,2.52430000,2.53670000,2.51950000,2.53420000,1744407.00000000,1747275299999999,4412064.93521000,19687,989312.70000000,2502612.04975000,0
1747275300000000,2.53420000,2.54260000,2.52780000,2.53780000,688583.20000000,1747276199999999,1745486.84943000,8797,452369.20000000,1146777.89854000,0
1747276200000000,2.53770000,2.53870000,2.52860000,2.53010000,874633.90000000,1747277099999999,2216035.77471000,8629,513534.70000000,1301273.14297000,0
1747277100000000,2.53000000,2.54200000,2.52860000,2.53800000,767816.00000000,1747277999999999,1947455.84702000,7878,486165.80000000,1233264.08574000,0
1747278000000000,2.53800000,2.55000000,2.53700000,2.54030000,2311736.00000000,1747278899999999,5882279.46150000,15389,1720586.40000000,4378551.83644000,0
1747278900000000,2.54020000,2.54180000,2.53040000,2.54050000,1102170.40000000,1747279799999999,2795026.79171000,10933,599863.80000000,1521633.16941000,0
1747279800000000,2.54050000,2.54260000,2.53540000,2.53680000,990281.10000000,1747280699999999,2513876.61057000,11631,507979.50000000,1289646.24669000,0
1747280700000000,2.53680000,2.53680000,2.51990000,2.52250000,1781504.60000000,1747281599999999,4499019.77354000,17024,762238.20000000,1925001.75243000,0
1747281600000000,2.52240000,2.53290000,2.51960000,2.52290000,1521360.20000000,1747282499999999,3842318.15454000,17157,843169.10000000,2129504.89135000,0
1747282500000000,2.52300000,2.53280000,2.52230000,2.52790000,822440.40000000,1747283399999999,2079011.42802000,10384,527210.20000000,1332631.44353000,0
1747283400000000,2.52800000,2.53440000,2.52570000,2.52710000,776289.80000000,1747284299999999,1964023.01934000,8371,478188.60000000,1209644.54970000,0
1747284300000000,2.52710000,2.53160000,2.52250000,2.52910000,687530.80000000,1747285199999999,1736971.45758000,7781,420285.90000000,1061858.67634000,0
1747285200000000,2.52900000,2.53160000,2.51500000,2.51540000,1268021.40000000,1747286099999999,3197268.33732000,12020,669433.90000000,1688462.32563000,0
1747286100000000,2.51540000,2.51730000,2.50810000,2.51670000,1362205.50000000,1747286999999999,3422045.42759000,12116,661233.20000000,1661198.95232000,0
1747287000000000,2.51670000,2.52090000,2.50380000,2.50890000,2008172.00000000,1747287899999999,5039704.52042000,14528,1172157.90000000,2941478.00394000,0
1747287900000000,2.50900000,2.51010000,2.49340000,2.49800000,3403542.80000000,1747288799999999,8508870.91684000,32677,1168155.60000000,2919903.91747000,0
1747288800000000,2.49810000,2.50950000,2.49460000,2.50450000,1602281.80000000,1747289699999999,4008573.62096000,28024,883153.80000000,2209477.45306000,0
1747289700000000,2.50450000,2.51240000,2.50000000,2.50820000,833137.10000000,1747290599999999,2088038.18774000,11230,448943.10000000,1125214.98440000,0
1747290600000000,2.50820000,2.51070000,2.48680000,2.48770000,1807679.10000000,1747291499999999,4506945.45922000,17782,587888.40000000,1465725.22264000,0
1747291500000000,2.48760000,2.49780000,2.48740000,2.49630000,1467898.20000000,1747292399999999,3659132.72042000,11762,742958.30000000,1852098.96665000,0
1747292400000000,2.49620000,2.50200000,2.48010000,2.48050000,1903787.20000000,1747293299999999,4742689.82211000,26238,886748.00000000,2209885.73067000,0
1747293300000000,2.48050000,2.48580000,2.46320000,2.46690000,3400159.40000000,1747294199999999,8413677.80616000,34263,1519678.00000000,3761411.51754000,0
1747294200000000,2.46690000,2.47150000,2.45700000,2.46360000,3871227.60000000,1747295099999999,9534185.19128000,46511,2162679.20000000,5327235.23089000,0
1747295100000000,2.46360000,2.47030000,2.44830000,2.46060000,3310243.10000000,1747295999999999,8135234.09976000,29933,1437976.80000000,3535559.95438000,0
1747296000000000,2.46050000,2.47840000,2.45980000,2.47790000,2196314.10000000,1747296899999999,5432479.26639000,20521,1221993.70000000,3021754.16571000,0
1747296900000000,2.47790000,2.48630000,2.47610000,2.48600000,1330695.50000000,1747297799999999,3301425.26237000,15610,701887.90000000,1741300.80047000,0
1747297800000000,2.48600000,2.50060000,2.48260000,2.48860000,2342407.70000000,1747298699999999,5839506.33711000,28239,1391093.60000000,3467282.42909000,0
1747298700000000,2.48860000,2.50150000,2.48850000,2.49790000,1292927.90000000,1747299599999999,3227240.36225000,13355,731329.00000000,1825040.84979000,0
1747299600000000,2.49780000,2.49780000,2.48130000,2.48130000,1303275.10000000,1747300499999999,3245755.39110000,11347,586773.30000000,1461139.42682000,0
1747300500000000,2.48120000,2.48380000,2.47410000,2.47980000,1144110.20000000,1747301399999999,2837297.26903000,12643,574427.10000000,1424585.87565000,0
1747301400000000,2.47980000,2.48180000,2.45900000,2.46500000,4551814.10000000,1747302299999999,11219133.80096000,30276,1802047.80000000,4442335.83050000,0
1747302300000000,2.46490000,2.47820000,2.45820000,2.47390000,1887609.50000000,1747303199999999,4658038.55662000,18432,1040368.30000000,2568384.66433000,0
1747303200000000,2.47390000,2.47670000,2.45800000,2.46240000,1353645.00000000,1747304099999999,3336886.56140000,15668,471877.80000000,1163206.08459000,0
1747304100000000,2.46240000,2.47650000,2.46140000,2.47190000,1260075.00000000,1747304999999999,3110991.13677000,17431,666922.00000000,1646340.30098000,0
1747305000000000,2.47200000,2.47280000,2.45180000,2.45500000,2498690.40000000,1747305899999999,6143026.02309000,29029,1125511.20000000,2767031.02754000,0
1747305900000000,2.45490000,2.46390000,2.44790000,2.46200000,2023392.00000000,1747306799999999,4967974.50413000,30716,724390.70000000,1778832.72778000,0
1747306800000000,2.46210000,2.47170000,2.46090000,2.46360000,1485809.00000000,1747307699999999,3665094.02864000,27840,743517.50000000,1834061.81187000,0
1747307700000000,2.46360000,2.47560000,2.46010000,2.47150000,1465952.80000000,1747308599999999,3621878.11094000,20050,642216.50000000,1586379.52219000,0
1747308600000000,2.47150000,2.47970000,2.47060000,2.47320000,1566125.10000000,1747309499999999,3875623.89448000,19306,885974.10000000,2192649.35907000,0
1747309500000000,2.47320000,2.47850000,2.46900000,2.47780000,1234068.80000000,1747310399999999,3052543.47963000,14904,665403.00000000,1646224.44240000,0
1747310400000000,2.47770000,2.48030000,2.46340000,2.46500000,1370231.70000000,1747311299999999,3386382.20642000,30927,678475.60000000,1676568.67371000,0
1747311300000000,2.46500000,2.47560000,2.45960000,2.46910000,1500225.90000000,1747312199999999,3703500.06175000,24067,701953.50000000,1733186.77632000,0
1747312200000000,2.46900000,2.48940000,2.46540000,2.48640000,5340836.60000000,1747313099999999,13248273.63971000,35976,3116283.30000000,7730082.76268000,0
1747313100000000,2.48650000,2.48730000,2.44960000,2.46310000,7597526.40000000,1747313999999999,18686791.85901000,25530,4301355.30000000,10571887.82827000,0
1747314000000000,2.46310000,2.47640000,2.45880000,2.47410000,1614606.10000000,1747314899999999,3987272.71490000,17134,918648.00000000,2269469.93872000,0
1747314900000000,2.47410000,2.47730000,2.46530000,2.46610000,864359.70000000,1747315799999999,2134154.15191000,14822,337691.70000000,833676.60032000,0
1747315800000000,2.46620000,2.47260000,2.43910000,2.44930000,4154267.20000000,1747316699999999,10187690.25212000,49965,1769496.40000000,4340574.59278000,0
1747316700000000,2.44930000,2.44980000,2.42700000,2.44800000,4189038.10000000,1747317599999999,10207036.66073000,41154,2125160.80000000,5179583.34774000,0
1747317600000000,2.44800000,2.45500000,2.42830000,2.43540000,2025240.30000000,1747318499999999,4947406.55560000,37710,925154.60000000,2260239.04639000,0
1747318500000000,2.43550000,2.44480000,2.41600000,2.42850000,3117609.20000000,1747319399999999,7575643.23873000,46177,1370237.80000000,3330437.42564000,0
1747319400000000,2.42850000,2.43230000,2.40580000,2.41520000,3679536.00000000,1747320299999999,8892094.93730000,50985,1580549.70000000,3821009.23352000,0
1747320300000000,2.41520000,2.43170000,2.40410000,2.42610000,2892881.90000000,1747321199999999,6992974.91893000,39362,1517668.40000000,3670047.97452000,0
1747321200000000,2.42610000,2.43580000,2.42390000,2.43110000,2127546.00000000,1747322099999999,5170690.25582000,34819,1185165.80000000,2880041.64045000,0
1747322100000000,2.43100000,2.44850000,2.43010000,2.44800000,2179724.00000000,1747322999999999,5312582.33841000,25034,1439735.40000000,3508600.65543000,0
1747323000000000,2.44810000,2.46000000,2.44430000,2.45890000,2153796.20000000,1747323899999999,5276465.56376000,23012,1356011.40000000,3322166.16388000,0
1747323900000000,2.45890000,2.46910000,2.45800000,2.46640000,2500285.40000000,1747324799999999,6159923.08890000,28179,1491782.50000000,3675346.77126000,0
1747324800000000,2.46630000,2.46860000,2.45240000,2.45290000,2055229.30000000,1747325699999999,5052105.41602000,28310,939972.20000000,2310800.17333000,0
1747325700000000,2.45300000,2.46410000,2.45260000,2.45930000,1290845.40000000,1747326599999999,3172878.50587000,24803,683721.30000000,1680397.50565000,0
1747326600000000,2.45930000,2.47400000,2.45150000,2.47310000,1884534.30000000,1747327499999999,4646719.66640000,20810,1068937.40000000,2637274.11949000,0
1747327500000000,2.47300000,2.49040000,2.47270000,2.48960000,3020746.20000000,1747328399999999,7493537.62174000,36495,1532469.30000000,3801551.98150000,0
1747328400000000,2.48960000,2.49020000,2.47900000,2.48590000,1741339.70000000,1747329299999999,4326256.78596000,27684,692139.10000000,1719439.00558000,0
1747329300000000,2.48600000,2.50170000,2.48600000,2.50130000,1928120.60000000,1747330199999999,4812110.00836000,25720,1087253.30000000,2714276.57217000,0
1747330200000000,2.50120000,2.50200000,2.49360000,2.50050000,1678455.10000000,1747331099999999,4192400.25751000,22594,651653.10000000,1627702.83705000,0
1747331100000000,2.50050000,2.50560000,2.47230000,2.48270000,4444156.20000000,1747331999999999,11051959.64488000,33696,1864596.20000000,4636760.72751000,0
1747332000000000,2.48260000,2.49240000,2.47360000,2.48410000,1963176.90000000,1747332899999999,4875676.82968000,25223,922664.40000000,2292198.69814000,0
1747332900000000,2.48400000,2.48410000,2.46000000,2.46140000,1688165.10000000,1747333799999999,4170142.72313000,21853,624003.30000000,1541578.56486000,0
1747333800000000,2.46140000,2.46840000,2.44170000,2.45290000,1923531.20000000,1747334699999999,4718281.49173000,37709,837633.20000000,2054318.48980000,0
1747334700000000,2.45300000,2.45460000,2.42970000,2.43220000,3148052.60000000,1747335599999999,7670557.34703000,38733,1331896.30000000,3245632.46570000,0
1747335600000000,2.43220000,2.45420000,2.43000000,2.45100000,1888375.40000000,1747336499999999,4614348.62110000,23649,857101.70000000,2094496.74100000,0
1747336500000000,2.45100000,2.45540000,2.42010000,2.43160000,2383427.70000000,1747337399999999,5812205.68675000,24394,850952.30000000,2072853.38531000,0
1747337400000000,2.43160000,2.44540000,2.43150000,2.44170000,1406334.60000000,1747338299999999,3431438.97907000,28900,802741.10000000,1958185.07740000,0
1747338300000000,2.44160000,2.45000000,2.43430000,2.44870000,1411737.60000000,1747339199999999,3449084.68344000,26687,702777.50000000,1717307.72666000,0
1747339200000000,2.44880000,2.45950000,2.43060000,2.43070000,3155278.80000000,1747340099999999,7720172.23067000,29217,1379386.20000000,3376987.53416000,0
1747340100000000,2.43060000,2.45280000,2.42240000,2.44970000,2931826.20000000,1747340999999999,7154374.90593000,29323,1769325.80000000,4318378.24567000,0
1747341000000000,2.44960000,2.45320000,2.43330000,2.44180000,2104642.00000000,1747341899999999,5143291.60694000,24013,1087737.40000000,2658306.84780000,0
1747341900000000,2.44170000,2.44270000,2.43410000,2.43570000,672316.20000000,1747342799999999,1639482.64895000,12476,255600.10000000,623364.43938000,0
1747342800000000,2.43560000,2.43740000,2.42000000,2.42020000,1927159.90000000,1747343699999999,4676966.47353000,22505,724138.20000000,1757409.05277000,0
1747343700000000,2.42030000,2.42060000,2.39500000,2.41270000,4283001.30000000,1747344599999999,10299834.64067000,28967,1487338.10000000,3579845.87545000,0
1747344600000000,2.41270000,2.42300000,2.39670000,2.42230000,1809790.10000000,1747345499999999,4369425.18775000,29786,945626.70000000,2283840.22257000,0
1747345500000000,2.42230000,2.42950000,2.42150000,2.42650000,907214.90000000,1747346399999999,2201464.01830000,10029,474826.10000000,1152191.67998000,0
1747346400000000,2.42660000,2.43500000,2.42280000,2.43480000,1455986.00000000,1747347299999999,3537519.60710000,19687,868661.40000000,2110598.27462000,0
1747347300000000,2.43480000,2.44090000,2.43020000,2.43020000,861718.70000000,1747348199999999,2098805.19249000,10513,439770.40000000,1071226.01396000,0
1747348200000000,2.43020000,2.43030000,2.41590000,2.41640000,1898513.50000000,1747349099999999,4599325.22801000,16771,678408.50000000,1643364.16334000,0
1747349100000000,2.41640000,2.41670000,2.38130000,2.38320000,5725908.40000000,1747349999999999,13704940.93779000,45005,2237119.00000000,5351604.28971000,0
1747350000000000,2.38320000,2.38510000,2.35910000,2.36670000,8019758.90000000,1747350899999999,19017558.64422000,68495,3738880.30000000,8867518.33060000,0
1747350900000000,2.36670000,2.37360000,2.35250000,2.35820000,5174510.90000000,1747351799999999,12210295.49764000,66733,1911516.20000000,4510587.25430000,0
1747351800000000,2.35820000,2.38510000,2.35810000,2.37550000,2933752.00000000,1747352699999999,6964721.02350000,30870,1401735.90000000,3326472.22357000,0
1747352700000000,2.37550000,2.38600000,2.37130000,2.38560000,1727617.60000000,1747353599999999,4108316.47227000,29655,1123934.20000000,2672774.58881000,0
1747353600000000,2.38560000,2.39540000,2.37570000,2.39290000,3875901.00000000,1747354499999999,9246715.59350000,48559,2160017.40000000,5155492.83050000,0
1747354500000000,2.39300000,2.40240000,2.37690000,2.37690000,3885167.40000000,1747355399999999,9299839.55328000,40430,2217494.20000000,5309049.76453000,0
1747355400000000,2.37700000,2.39980000,2.37560000,2.39450000,1709923.90000000,1747356299999999,4085853.01816000,33641,907695.90000000,2169550.10894000,0
1747356300000000,2.39440000,2.39600000,2.37400000,2.37890000,2330629.50000000,1747357199999999,5554075.73699000,32557,1185041.70000000,2824054.04387000,0
1747357200000000,2.37900000,2.37940000,2.35650000,2.35770000,3619285.40000000,1747358099999999,8571985.68857000,45120,2114621.40000000,5010251.75717000,0
1747358100000000,2.35770000,2.36990000,2.34710000,2.36910000,3750825.40000000,1747358999999999,8834334.63334000,43526,1466301.80000000,3454662.48252000,0
1747359000000000,2.36920000,2.38280000,2.36640000,2.37930000,2051350.80000000,1747359899999999,4873258.47173000,28416,1117256.80000000,2654390.78423000,0
1747359900000000,2.37940000,2.38150000,2.36200000,2.37500000,3735183.20000000,1747360799999999,8856945.42632000,35286,1232517.30000000,2923432.55503000,0
1747360800000000,2.37500000,2.39970000,2.37490000,2.39600000,2858069.90000000,1747361699999999,6831501.85610000,30756,1681518.40000000,4017569.90391000,0
1747361700000000,2.39600000,2.39960000,2.37180000,2.39480000,3994774.90000000,1747362599999999,9534823.98280000,29777,2099296.30000000,5011361.74461000,0
1747362600000000,2.39470000,2.40070000,2.39120000,2.39160000,1821741.70000000,1747363499999999,4364827.39572000,19532,942146.90000000,2257585.79267000,0
1747363500000000,2.39160000,2.40000000,2.39010000,2.39850000,1070675.00000000,1747364399999999,2563583.35978000,13524,637823.90000000,1527200.16633000,0
1747364400000000,2.39850000,2.40430000,2.39500000,2.39770000,1422495.90000000,1747365299999999,3413273.63985000,15441,848247.50000000,2035239.06116000,0
1747365300000000,2.39770000,2.41190000,2.39180000,2.41030000,1966234.50000000,1747366199999999,4728462.00217000,17943,1124464.20000000,2703948.66529000,0
1747366200000000,2.41030000,2.41500000,2.40580000,2.41010000,2304217.80000000,1747367099999999,5554070.46139000,23933,1229682.70000000,2964187.45193000,0
1747367100000000,2.41010000,2.41780000,2.41000000,2.41260000,1577368.50000000,1747367999999999,3808586.87703000,16056,832668.50000000,2010430.22029000,0
1747368000000000,2.41260000,2.42090000,2.40960000,2.41790000,1795771.40000000,1747368899999999,4339940.43771000,17485,948754.20000000,2292968.74283000,0
1747368900000000,2.41790000,2.41910000,2.40510000,2.40920000,1329158.60000000,1747369799999999,3205888.06754000,13232,649098.10000000,1565213.45165000,0
1747369800000000,2.40920000,2.41180000,2.40090000,2.40460000,1328730.00000000,1747370699999999,3197878.57569000,15313,760861.10000000,1831293.11395000,0
1747370700000000,2.40470000,2.41420000,2.40040000,2.41140000,806135.60000000,1747371599999999,1941262.01398000,12770,539945.50000000,1300127.38452000,0
1747371600000000,2.41140000,2.41920000,2.41100000,2.41900000,1629244.10000000,1747372499999999,3935885.30447000,18976,826370.70000000,1996502.01673000,0
1747372500000000,2.41900000,2.42790000,2.41710000,2.42540000,1380238.00000000,1747373399999999,3344794.91230000,16144,609200.10000000,1476099.89907000,0
1747373400000000,2.42540000,2.42840000,2.42090000,2.42590000,1243715.00000000,1747374299999999,3015123.26299000,16800,600122.80000000,1454865.42568000,0
1747374300000000,2.42600000,2.42850000,2.42050000,2.42080000,1110765.20000000,1747375199999999,2693039.15983000,15604,413597.40000000,1002779.35138000,0
1747375200000000,2.42080000,2.42700000,2.41470000,2.42080000,1072892.90000000,1747376099999999,2597021.97670000,24265,362044.00000000,876389.13635000,0
1747376100000000,2.42080000,2.42940000,2.42080000,2.42230000,723696.30000000,1747376999999999,1755105.26354000,16221,331724.30000000,804534.29378000,0
1747377000000000,2.42220000,2.42840000,2.41430000,2.41740000,1466390.00000000,1747377899999999,3548983.66789000,16348,467798.40000000,1131784.92371000,0
1747377900000000,2.41740000,2.42370000,2.41530000,2.41870000,666311.00000000,1747378799999999,1612101.46068000,8571,315659.00000000,763737.30498000,0
1747378800000000,2.41880000,2.41920000,2.40430000,2.40950000,1674104.30000000,1747379699999999,4033264.11463000,17912,579824.50000000,1396442.00898000,0
1747379700000000,2.40940000,2.42430000,2.40570000,2.41930000,1254417.50000000,1747380599999999,3031721.19822000,16186,653027.50000000,1578188.71776000,0
1747380600000000,2.41930000,2.42010000,2.40290000,2.40370000,1416587.60000000,1747381499999999,3412746.56018000,11346,607590.00000000,1463313.86038000,0
1747381500000000,2.40370000,2.41130000,2.40330000,2.40720000,969941.00000000,1747382399999999,2335590.62607000,7893,386824.70000000,931362.64294000,0
1747382400000000,2.40730000,2.41650000,2.40170000,2.40600000,1501181.50000000,1747383299999999,3616225.58537000,14806,657481.10000000,1583919.97673000,0
1747383300000000,2.40600000,2.40630000,2.37970000,2.38720000,3059825.00000000,1747384199999999,7306243.25822000,29354,1154029.40000000,2754653.65450000,0
1747384200000000,2.38720000,2.38800000,2.37180000,2.38630000,2315521.40000000,1747385099999999,5514931.42372000,26425,1317252.70000000,3137281.13367000,0
1747385100000000,2.38620000,2.39900000,2.37770000,2.39280000,920908.00000000,1747385999999999,2200866.66613000,18561,509764.50000000,1218502.74275000,0
1747386000000000,2.39280000,2.40790000,2.39110000,2.40420000,1357057.90000000,1747386899999999,3258188.46068000,18037,859744.40000000,2063772.81425000,0
1747386900000000,2.40420000,2.40970000,2.40000000,2.40680000,982614.40000000,1747387799999999,2362186.52703000,14765,403186.20000000,969513.20189000,0
1747387800000000,2.40680000,2.41330000,2.40240000,2.41100000,1223704.80000000,1747388699999999,2946305.96903000,15423,614696.40000000,1480072.75751000,0
1747388700000000,2.41110000,2.42640000,2.41070000,2.42540000,1898370.70000000,1747389599999999,4591673.40024000,16978,1015666.10000000,2456451.75122000,0
1747389600000000,2.42540000,2.42870000,2.41620000,2.42180000,1399046.10000000,1747390499999999,3388308.77602000,20607,627042.40000000,1518561.03304000,0
1747390500000000,2.42170000,2.42440000,2.41580000,2.41880000,900854.30000000,1747391399999999,2180805.82917000,10550,424410.00000000,1027475.20760000,0
1747391400000000,2.41890000,2.42760000,2.41860000,2.42490000,863621.00000000,1747392299999999,2093602.10518000,12359,413087.00000000,1001166.48595000,0
1747392300000000,2.42490000,2.43140000,2.42330000,2.43010000,1472297.30000000,1747393199999999,3574459.48164000,12776,796112.90000000,1933113.79106000,0
1747393200000000,2.43000000,2.43610000,2.42880000,2.43200000,1698510.50000000,1747394099999999,4131926.96338000,18103,856020.10000000,2082417.03197000,0
1747394100000000,2.43200000,2.43990000,2.42550000,2.42690000,1578565.20000000,1747394999999999,3837133.77882000,24277,689858.50000000,1677191.82587000,0
1747395000000000,2.42690000,2.43510000,2.42100000,2.42100000,1297495.00000000,1747395899999999,3150493.67034000,16247,530260.80000000,1288032.15793000,0
1747395900000000,2.42100000,2.42580000,2.42000000,2.42540000,1238333.60000000,1747396799999999,2999168.22834000,14696,510418.30000000,1236302.08551000,0
1747396800000000,2.42540000,2.43000000,2.42110000,2.42930000,789389.70000000,1747397699999999,1915606.94796000,14184,415539.30000000,1008508.27530000,0
1747397700000000,2.42920000,2.42920000,2.41490000,2.41960000,1102473.30000000,1747398599999999,2668990.17651000,14227,495161.90000000,1198528.28277000,0
1747398600000000,2.41960000,2.42790000,2.41890000,2.42280000,897168.20000000,1747399499999999,2174184.61847000,13508,413586.40000000,1002187.90422000,0
1747399500000000,2.42280000,2.42860000,2.42050000,2.42100000,718429.80000000,1747400399999999,1742107.61559000,10055,332912.40000000,807230.88906000,0
1747400400000000,2.42100000,2.42990000,2.41810000,2.42990000,792276.10000000,1747401299999999,1921915.66901000,8414,416517.60000000,1010323.96036000,0
1747401300000000,2.42990000,2.43270000,2.42300000,2.42410000,923488.10000000,1747402199999999,2243009.75321000,12849,453050.90000000,1100200.06480000,0
1747402200000000,2.42420000,2.43740000,2.42030000,2.43010000,1129190.60000000,1747403099999999,2743025.69821000,20367,532157.80000000,1292932.62173000,0
1747403100000000,2.43020000,2.43920000,2.43020000,2.43610000,1006231.40000000,1747403999999999,2449650.19229000,15146,492046.30000000,1197928.27364000,0
1747404000000000,2.43600000,2.43600000,2.42000000,2.42630000,2416207.90000000,1747404899999999,5868035.15595000,25976,903886.30000000,2194577.43494000,0
1747404900000000,2.42640000,2.43770000,2.42410000,2.43210000,1734510.30000000,1747405799999999,4215303.81075000,15858,988017.70000000,2400522.29683000,0
1747405800000000,2.43210000,2.43210000,2.41000000,2.41010000,2152116.10000000,1747406699999999,5211737.50619000,23139,694105.30000000,1680621.50946000,0
1747406700000000,2.41000000,2.41820000,2.40490000,2.41560000,1897710.10000000,1747407599999999,4575515.29485000,24017,803017.00000000,1935950.42587000,0
1747407600000000,2.41560000,2.43460000,2.41520000,2.42890000,1881280.50000000,1747408499999999,4567204.62700000,18641,1048577.60000000,2545119.43100000,0
1747408500000000,2.42880000,2.43080000,2.41100000,2.41560000,1329040.40000000,1747409399999999,3215747.75927000,18855,672897.20000000,1627498.43768000,0
1747409400000000,2.41570000,2.42160000,2.40980000,2.41880000,1813209.00000000,1747410299999999,4378675.14023000,26511,1051551.90000000,2539666.90594000,0
1747410300000000,2.41890000,2.42360000,2.41580000,2.42290000,922149.30000000,1747411199999999,2231839.73787000,12287,430180.10000000,1041049.40250000,0
1747411200000000,2.42280000,2.43090000,2.41740000,2.41740000,1259084.70000000,1747412099999999,3054261.30620000,15577,515542.10000000,1250567.73826000,0
1747412100000000,2.41740000,2.42170000,2.40510000,2.40990000,1796660.70000000,1747412999999999,4333141.95049000,20179,897163.30000000,2164007.75445000,0
1747413000000000,2.41000000,2.41280000,2.39450000,2.39970000,2209996.10000000,1747413899999999,5305791.74194000,20398,767445.20000000,1841903.05444000,0
1747413900000000,2.39970000,2.41420000,2.39650000,2.41120000,851117.30000000,1747414799999999,2049228.23036000,12916,447311.20000000,1077084.80986000,0
1747414800000000,2.41110000,2.41550000,2.40370000,2.40660000,575288.90000000,1747415699999999,1386289.66007000,10663,285432.50000000,688073.29313000,0
1747415700000000,2.40650000,2.41870000,2.40600000,2.41410000,600295.10000000,1747416599999999,1448649.58118000,7221,250454.90000000,604302.20626000,0
1747416600000000,2.41410000,2.41720000,2.40120000,2.40640000,548239.90000000,1747417499999999,1320109.91791000,10937,249140.80000000,600176.26197000,0
1747417500000000,2.40630000,2.41050000,2.39400000,2.39890000,878528.40000000,1747418399999999,2109014.53728000,13336,350457.90000000,841615.16960000,0
1747418400000000,2.39880000,2.41000000,2.39510000,2.40780000,1090141.30000000,1747419299999999,2616940.92819000,14074,339658.20000000,816085.55914000,0
1747419300000000,2.40780000,2.41140000,2.40040000,2.40300000,545832.50000000,1747420199999999,1312761.95190000,13401,265690.90000000,639178.03114000,0
1747420200000000,2.40290000,2.41490000,2.40000000,2.40460000,664958.00000000,1747421099999999,1603016.88083000,5783,371408.50000000,895546.75312000,0
1747421100000000,2.40460000,2.41140000,2.40190000,2.40730000,432223.30000000,1747421999999999,1040313.06421000,7775,228124.40000000,549024.38772000,0
1747422000000000,2.40720000,2.41640000,2.40570000,2.41480000,493779.80000000,1747422899999999,1191077.36514000,8416,215549.20000000,519868.65405000,0
1747422900000000,2.41500000,2.41730000,2.40460000,2.41320000,592177.30000000,1747423799999999,1427355.67333000,8810,291766.00000000,703323.53746000,0
1747423800000000,2.41320000,2.41650000,2.41150000,2.41250000,365264.10000000,1747424699999999,881815.32987000,7857,138323.20000000,333944.06506000,0
1747424700000000,2.41250000,2.41950000,2.40610000,2.41810000,628795.90000000,1747425599999999,1517372.34080000,9376,388305.80000000,936856.35072000,0
1747425600000000,2.41810000,2.42290000,2.41460000,2.42250000,693839.70000000,1747426499999999,1678971.25890000,8416,291996.10000000,706538.84306000,0
1747426500000000,2.42250000,2.42270000,2.41500000,2.41600000,260529.90000000,1747427399999999,629912.91035000,5796,124253.00000000,300414.28187000,0
1747427400000000,2.41600000,2.41640000,2.38880000,2.39050000,1816545.60000000,1747428299999999,4358019.02688000,18421,763795.90000000,1831477.06398000,0
1747428300000000,2.39060000,2.40730000,2.38450000,2.40580000,1647286.30000000,1747429199999999,3943119.79164000,16440,801438.00000000,1919679.40077000,0
1747429200000000,2.40570000,2.40890000,2.40240000,2.40800000,592782.00000000,1747430099999999,1425678.76848000,8551,276229.20000000,664344.49442000,0
1747430100000000,2.40800000,2.40800000,2.39510000,2.39520000,425573.50000000,1747430999999999,1021587.01070000,5789,167531.20000000,402100.40535000,0
1747431000000000,2.39520000,2.40450000,2.38820000,2.40110000,735661.90000000,1747431899999999,1763607.27458000,13624,449274.90000000,1077044.69749000,0
1747431900000000,2.40100000,2.40300000,2.39480000,2.39750000,348536.10000000,1747432799999999,836239.79741000,6624,134782.60000000,323342.89133000,0
1747432800000000,2.39750000,2.39880000,2.38300000,2.38420000,747930.30000000,1747433699999999,1786361.82484000,19504,325005.20000000,776169.78542000,0
1747433700000000,2.38430000,2.39250000,2.38010000,2.38170000,776240.20000000,1747434599999999,1851616.78955000,17509,302265.40000000,721098.30843000,0
1747434600000000,2.38170000,2.38600000,2.38070000,2.38130000,558932.80000000,1747435499999999,1332343.13899000,10796,277330.70000000,660988.39682000,0
1747435500000000,2.38120000,2.38350000,2.36160000,2.37160000,4336948.80000000,1747436399999999,10281882.04598000,38602,1735865.00000000,4116162.52958000,0
1747436400000000,2.37150000,2.38470000,2.37120000,2.38470000,1012782.90000000,1747437299999999,2408982.71847000,17216,516210.60000000,1227598.18272000,0
1747437300000000,2.38470000,2.39000000,2.37460000,2.38820000,917880.10000000,1747438199999999,2185374.12715000,14833,327582.70000000,779961.83037000,0
1747438200000000,2.38810000,2.39300000,2.38600000,2.38730000,631766.10000000,1747439099999999,1509637.37256000,9162,309571.70000000,739817.30961000,0
1747439100000000,2.38730000,2.38790000,2.37750000,2.37980000,852880.90000000,1747439999999999,2031382.09155000,12533,354194.30000000,843430.16328000,0
1747440000000000,2.37970000,2.38290000,2.36670000,2.38210000,1725654.90000000,1747440899999999,4100637.74815000,29483,757619.70000000,1800431.70349000,0
1747440900000000,2.38210000,2.38220000,2.35650000,2.35710000,2143674.50000000,1747441799999999,5072917.65973000,33103,937412.40000000,2218185.87316000,0
1747441800000000,2.35720000,2.36310000,2.33970000,2.35060000,3969381.60000000,1747442699999999,9329393.51027000,40940,1595021.10000000,3750054.58384000,0
1747442700000000,2.35050000,2.36180000,2.34650000,2.35690000,1606829.90000000,1747443599999999,3781020.00748000,28568,906060.30000000,2131705.61238000,0
1747443600000000,2.35680000,2.35680000,2.33850000,2.33940000,2054857.90000000,1747444499999999,4822275.84921000,25437,701038.70000000,1645940.50050000,0
1747444500000000,2.33940000,2.34910000,2.31760000,2.33630000,4796025.80000000,1747445399999999,11187946.98291000,48136,1609099.50000000,3756105.30980000,0
1747445400000000,2.33640000,2.33920000,2.32340000,2.33160000,2344912.80000000,1747446299999999,5462577.76503000,30760,1160413.40000000,2703024.19566000,0
1747446300000000,2.33160000,2.33180000,2.31260000,2.32900000,3359388.80000000,1747447199999999,7793040.76927000,38850,1688825.60000000,3918864.79289000,0
1747447200000000,2.32910000,2.33630000,2.31890000,2.31890000,1705377.70000000,1747448099999999,3970143.91955000,33304,923149.10000000,2148905.50942000,0
1747448100000000,2.31890000,2.34480000,2.31760000,2.34190000,1551259.80000000,1747448999999999,3621000.00157000,20806,742054.30000000,1732786.71145000,0
1747449000000000,2.34190000,2.34730000,2.34150000,2.34730000,1066313.50000000,1747449899999999,2500283.01652000,15543,661789.10000000,1551910.36356000,0
1747449900000000,2.34730000,2.35210000,2.34270000,2.34690000,952922.90000000,1747450799999999,2236609.36734000,13152,416757.50000000,978298.44309000,0
1747450800000000,2.34690000,2.35240000,2.34260000,2.34470000,628409.50000000,1747451699999999,1474804.51185000,10398,257758.50000000,605053.12752000,0
1747451700000000,2.34470000,2.35550000,2.33780000,2.35490000,894998.40000000,1747452599999999,2097757.65809000,15693,552401.70000000,1294977.32784000,0
1747452600000000,2.35480000,2.36090000,2.34960000,2.35830000,708807.50000000,1747453499999999,1669233.63001000,14652,404601.50000000,953044.76882000,0
1747453500000000,2.35820000,2.37300000,2.35720000,2.37050000,1074007.10000000,1747454399999999,2542036.37330000,12350,671452.80000000,1589355.44059000,0
1747454400000000,2.37040000,2.37410000,2.36420000,2.36810000,708695.00000000,1747455299999999,1678176.99632000,16844,324959.40000000,769507.06062000,0
1747455300000000,2.36820000,2.37740000,2.36720000,2.37700000,655180.50000000,1747456199999999,1554964.45474000,12822,376366.30000000,893310.33374000,0
1747456200000000,2.37700000,2.38170000,2.37540000,2.38000000,755409.10000000,1747457099999999,1796710.35645000,10958,412621.20000000,981482.36735000,0
1747457100000000,2.38000000,2.38000000,2.37050000,2.37370000,749945.50000000,1747457999999999,1780448.56382000,9239,243236.30000000,577479.52800000,0
1747458000000000,2.37370000,2.37700000,2.37170000,2.37400000,725076.70000000,1747458899999999,1721738.04545000,10244,326783.20000000,775946.60001000,0
1747458900000000,2.37400000,2.37770000,2.36690000,2.37230000,602612.40000000,1747459799999999,1429182.62314000,10209,273311.70000000,648316.19730000,0
1747459800000000,2.37230000,2.37530000,2.36830000,2.37010000,443460.10000000,1747460699999999,1051912.71976000,10416,193288.60000000,458482.54626000,0
1747460700000000,2.37010000,2.37010000,2.36300000,2.36420000,674227.80000000,1747461599999999,1595228.14198000,7745,250618.60000000,592849.17887000,0
1747461600000000,2.36430000,2.37590000,2.36430000,2.37570000,641416.80000000,1747462499999999,1520623.31838000,6263,257559.30000000,610692.08153000,0
1747462500000000,2.37580000,2.37600000,2.36490000,2.36490000,961021.20000000,1747463399999999,2278341.76274000,9706,303158.30000000,718690.42614000,0
1747463400000000,2.36500000,2.37280000,2.36310000,2.37260000,380684.90000000,1747464299999999,901335.18729000,10202,170499.50000000,403614.47736000,0
1747464300000000,2.37250000,2.37640000,2.37040000,2.37490000,485325.20000000,1747465199999999,1151888.28592000,5385,253694.50000000,602211.49692000,0
1747465200000000,2.37490000,2.38920000,2.37330000,2.38700000,1190229.00000000,1747466099999999,2837769.40743000,12656,627198.50000000,1495245.14304000,0
1747466100000000,2.38710000,2.38920000,2.38200000,2.38800000,774273.40000000,1747466999999999,1847243.12646000,10679,315372.30000000,752638.54603000,0
1747467000000000,2.38800000,2.38910000,2.37550000,2.37580000,613467.60000000,1747467899999999,1460862.10234000,8664,249113.60000000,593222.06992000,0
1747467900000000,2.37570000,2.38060000,2.37010000,2.38060000,622152.40000000,1747468799999999,1477117.45398000,9867,304115.90000000,722145.55929000,0
1747468800000000,2.38050000,2.38130000,2.36870000,2.37360000,775214.00000000,1747469699999999,1841462.05043000,14879,297398.80000000,706551.35263000,0
1747469700000000,2.37360000,2.37910000,2.36510000,2.37890000,1181654.30000000,1747470599999999,2801623.94837000,18741,630648.60000000,1495072.37867000,0
1747470600000000,2.37900000,2.38260000,2.36900000,2.37100000,627892.10000000,1747471499999999,1492248.47400000,15182,256876.90000000,610264.71124000,0
1747471500000000,2.37100000,2.37430000,2.36610000,2.36760000,382331.20000000,1747472399999999,905922.62357000,9698,143337.10000000,339625.01323000,0
1747472400000000,2.36770000,2.37260000,2.35720000,2.36660000,1328831.70000000,1747473299999999,3143935.58242000,23397,604033.80000000,1429339.23340000,0
1747473300000000,2.36670000,2.36720000,2.35300000,2.35730000,1094541.90000000,1747474199999999,2581620.10114000,13388,433282.50000000,1022233.70561000,0
1747474200000000,2.35740000,2.36750000,2.35660000,2.36110000,537751.00000000,1747475099999999,1270782.29993000,9400,199667.00000000,471928.54426000,0
1747475100000000,2.36100000,2.36740000,2.35740000,2.36140000,495385.80000000,1747475999999999,1169767.57746000,8542,192824.90000000,455279.46400000,0
1747476000000000,2.36130000,2.36760000,2.35710000,2.36630000,478356.00000000,1747476899999999,1129663.21103000,12664,221256.00000000,522533.85327000,0
1747476900000000,2.36620000,2.37590000,2.36170000,2.37340000,850564.00000000,1747477799999999,2014501.60007000,9999,516443.20000000,1223345.91034000,0
1747477800000000,2.37330000,2.37390000,2.35530000,2.35620000,816282.50000000,1747478699999999,1931563.61617000,11752,337709.90000000,799169.92824000,0
1747478700000000,2.35620000,2.36390000,2.35220000,2.35630000,1062714.40000000,1747479599999999,2503990.36531000,15281,430878.90000000,1015129.57711000,0
1747479600000000,2.35630000,2.35680000,2.34830000,2.35070000,1216871.10000000,1747480499999999,2861512.28402000,12200,487705.20000000,1147162.18004000,0
1747480500000000,2.35070000,2.35340000,2.34090000,2.34400000,1005195.80000000,1747481399999999,2359739.04148000,15656,402183.00000000,943955.94701000,0
1747481400000000,2.34410000,2.35720000,2.34390000,2.35570000,705145.10000000,1747482299999999,1659401.79923000,10445,442465.50000000,1041113.74816000,0
1747482300000000,2.35560000,2.36140000,2.35250000,2.35320000,461069.80000000,1747483199999999,1087047.21619000,7605,231733.40000000,546397.77359000,0
1747483200000000,2.35320000,2.35580000,2.34740000,2.34800000,675551.20000000,1747484099999999,1588773.95205000,17215,261559.20000000,615074.87535000,0
1747484100000000,2.34810000,2.35440000,2.34440000,2.34770000,864949.40000000,1747484999999999,2032034.71244000,19172,394382.50000000,926571.15982000,0
1747485000000000,2.34760000,2.35100000,2.34250000,2.34550000,636079.50000000,1747485899999999,1492575.29378000,11310,341810.70000000,802000.21134000,0
1747485900000000,2.34560000,2.34570000,2.33530000,2.33880000,1106007.00000000,1747486799999999,2587295.57707000,11434,364521.20000000,852745.83986000,0
1747486800000000,2.33890000,2.34600000,2.33190000,2.34550000,1092523.20000000,1747487699999999,2553104.39465000,17025,561603.50000000,1312222.88094000,0
1747487700000000,2.34550000,2.34650000,2.33140000,2.33360000,679544.30000000,1747488599999999,1587730.47265000,11211,228385.50000000,533799.67565000,0
1747488600000000,2.33360000,2.33430000,2.32250000,2.32550000,1475858.80000000,1747489499999999,3434436.03643000,15982,810580.40000000,1885987.16665000,0
1747489500000000,2.32540000,2.32650000,2.31640000,2.32520000,1921346.90000000,1747490399999999,4458095.36214000,21517,829634.50000000,1925154.74276000,0
1747490400000000,2.32530000,2.34170000,2.32440000,2.33460000,2888579.50000000,1747491299999999,6736925.26542000,23723,1766042.60000000,4119513.11776000,0
1747491300000000,2.33470000,2.34440000,2.33260000,2.34310000,974254.20000000,1747492199999999,2276196.54296000,14053,477648.10000000,1116146.05352000,0
1747492200000000,2.34310000,2.34810000,2.33920000,2.34170000,868625.20000000,1747493099999999,2035634.41354000,11890,288327.10000000,675683.74678000,0
1747493100000000,2.34180000,2.35620000,2.34180000,2.34970000,1156976.70000000,1747493999999999,2717984.86604000,13457,648901.60000000,1524340.38415000,0
1747494000000000,2.34970000,2.35050000,2.34110000,2.34660000,837389.80000000,1747494899999999,1964160.15953000,11268,418483.90000000,981531.09312000,0
1747494900000000,2.34660000,2.34780000,2.34060000,2.34620000,472250.60000000,1747495799999999,1106843.64283000,11781,225524.20000000,528569.99078000,0
1747495800000000,2.34620000,2.34940000,2.34330000,2.34680000,494618.00000000,1747496699999999,1160569.91809000,12452,248111.30000000,582156.70154000,0
1747496700000000,2.34680000,2.34690000,2.33280000,2.33300000,929130.70000000,1747497599999999,2171032.75075000,11497,321294.60000000,750807.94544000,0
1747497600000000,2.33300000,2.33940000,2.32870000,2.33280000,1042240.70000000,1747498499999999,2431195.06258000,17108,428724.20000000,1000248.23846000,0
1747498500000000,2.33280000,2.33560000,2.32010000,2.32310000,1142613.20000000,1747499399999999,2658818.55002000,22410,688174.20000000,1601066.10952000,0
1747499400000000,2.32310000,2.32350000,2.30470000,2.30920000,4785844.60000000,1747500299999999,11056997.66565000,36203,1846699.60000000,4267372.24376000,0
1747500300000000,2.30920000,2.31580000,2.29840000,2.31560000,3440696.80000000,1747501199999999,7925496.53456000,27645,1743119.70000000,4015901.09661000,0
1747501200000000,2.31570000,2.32640000,2.31360000,2.32330000,1345335.00000000,1747502099999999,3121768.81605000,15050,723850.00000000,1679706.19820000,0
1747502100000000,2.32340000,2.33850000,2.31690000,2.33760000,1703831.20000000,1747502999999999,3962812.37188000,18218,1057272.10000000,2458737.02284000,0
1747503000000000,2.33760000,2.34220000,2.33230000,2.33270000,1138435.50000000,1747503899999999,2661056.60972000,18500,613694.70000000,1434717.49363000,0
1747503900000000,2.33260000,2.33660000,2.32290000,2.32360000,652812.90000000,1747504799999999,1521207.48287000,9430,206744.20000000,481836.92285000,0
1747504800000000,2.32360000,2.34130000,2.32220000,2.33620000,1910318.50000000,1747505699999999,4454488.22472000,27177,1050508.60000000,2449368.94108000,0
1747505700000000,2.33610000,2.34990000,2.32660000,2.34750000,1597574.40000000,1747506599999999,3741484.35755000,27259,905907.10000000,2121096.60745000,0
1747506600000000,2.34750000,2.34760000,2.33180000,2.33580000,1131270.20000000,1747507499999999,2643586.61829000,15336,488438.20000000,1141330.11922000,0
1747507500000000,2.33570000,2.33570000,2.32420000,2.32760000,501490.90000000,1747508399999999,1167381.08559000,8492,251291.50000000,584961.02197000,0
1747508400000000,2.32760000,2.33480000,2.32350000,2.33400000,614467.80000000,1747509299999999,1431479.78906000,9675,338202.20000000,787721.00765000,0
1747509300000000,2.33400000,2.34160000,2.33400000,2.33590000,399742.80000000,1747510199999999,934449.51799000,6244,141317.20000000,330298.51329000,0
1747510200000000,2.33580000,2.33800000,2.33000000,2.33760000,455194.70000000,1747511099999999,1062415.89802000,9700,214240.20000000,500002.27421000,0
1747511100000000,2.33760000,2.33960000,2.33240000,2.33470000,630346.50000000,1747511999999999,1472627.06073000,13660,356089.10000000,831684.98851000,0
1747512000000000,2.33460000,2.34400000,2.33000000,2.33040000,668430.10000000,1747512899999999,1562826.29342000,13710,290901.10000000,680227.26039000,0
1747512900000000,2.33050000,2.34290000,2.33050000,2.34280000,835130.40000000,1747513799999999,1952507.02487000,13441,519199.30000000,1213730.05911000,0
1747513800000000,2.34270000,2.34820000,2.34170000,2.34350000,641834.60000000,1747514699999999,1505046.66979000,8626,270095.10000000,633362.69859000,0
1747514700000000,2.34360000,2.36290000,2.34090000,2.35860000,1873801.10000000,1747515599999999,4416008.12857000,13351,1179849.80000000,2779624.61773000,0
1747515600000000,2.35860000,2.36200000,2.34660000,2.34800000,1178111.00000000,1747516499999999,2773264.43512000,12293,684803.00000000,1612018.06505000,0
1747516500000000,2.34800000,2.35450000,2.34330000,2.35450000,487907.60000000,1747517399999999,1145747.86660000,7727,233055.50000000,547378.04629000,0
1747517400000000,2.35440000,2.35860000,2.35050000,2.35500000,420471.90000000,1747518299999999,990284.95381000,6396,216633.60000000,510148.49371000,0
1747518300000000,2.35500000,2.36110000,2.35270000,2.35830000,561024.40000000,1747519199999999,1323028.49645000,5118,326938.50000000,771037.16182000,0
1747519200000000,2.35820000,2.35880000,2.33520000,2.33730000,1551761.40000000,1747520099999999,3642794.00513000,16110,561507.10000000,1317578.44007000,0
1747520100000000,2.33730000,2.33760000,2.32800000,2.32950000,837712.10000000,1747520999999999,1952977.71195000,11908,442568.80000000,1031678.83307000,0
1747521000000000,2.32950000,2.34310000,2.32630000,2.34170000,406078.30000000,1747521899999999,947975.19086000,6655,233944.20000000,546307.45234000,0
1747521900000000,2.34160000,2.34680000,2.33500000,2.34350000,627514.70000000,1747522799999999,1468398.58808000,6508,288663.00000000,675746.46513000,0
1747522800000000,2.34350000,2.35170000,2.33970000,2.34830000,539168.30000000,1747523699999999,1264865.70605000,8181,264045.40000000,619389.30372000,0
1747523700000000,2.34840000,2.35460000,2.34620000,2.35360000,200990.70000000,1747524599999999,472640.81705000,5414,106852.00000000,251276.90261000,0
1747524600000000,2.35350000,2.35350000,2.34820000,2.35040000,397182.50000000,1747525499999999,933814.93436000,4171,233761.80000000,549607.03772000,0
1747525500000000,2.35040000,2.35530000,2.34980000,2.35310000,355745.10000000,1747526399999999,837033.60852000,4344,222696.10000000,523963.93305000,0
1747526400000000,2.35310000,2.36340000,2.35290000,2.36330000,796088.50000000,1747527299999999,1878127.70970000,10653,480129.20000000,1132710.49234000,0
1747527300000000,2.36330000,2.36580000,2.35310000,2.35820000,622376.60000000,1747528199999999,1469419.81092000,12477,260023.10000000,613786.68907000,0
1747528200000000,2.35820000,2.36190000,2.35000000,2.35020000,584522.50000000,1747529099999999,1377544.48608000,19270,259363.60000000,611253.19823000,0
1747529100000000,2.35020000,2.36390000,2.34920000,2.35900000,805485.60000000,1747529999999999,1900659.41626000,12658,427112.60000000,1008010.69642000,0
1747530000000000,2.35900000,2.36110000,2.35620000,2.35870000,368691.70000000,1747530899999999,869563.90268000,9492,185165.10000000,436696.22818000,0
1747530900000000,2.35860000,2.36410000,2.35510000,2.35600000,362631.20000000,1747531799999999,856124.15287000,6702,175413.60000000,414192.97185000,0
1747531800000000,2.35590000,2.36000000,2.35350000,2.35710000,250817.80000000,1747532699999999,591267.20868000,6333,155172.00000000,365822.43156000,0
1747532700000000,2.35710000,2.36840000,2.35500000,2.36550000,895194.10000000,1747533599999999,2113333.96512000,9154,673391.00000000,1589746.40628000,0
1747533600000000,2.36560000,2.36890000,2.36390000,2.36760000,759268.70000000,1747534499999999,1796946.31532000,8910,510131.90000000,1207362.79955000,0
1747534500000000,2.36750000,2.36760000,2.36190000,2.36220000,242216.00000000,1747535399999999,572862.14214000,4708,116200.20000000,274816.04609000,0
1747535400000000,2.36220000,2.36480000,2.35790000,2.35830000,380664.00000000,1747536299999999,898697.39059000,6592,155753.90000000,367881.15700000,0
1747536300000000,2.35830000,2.36420000,2.35750000,2.36060000,238577.10000000,1747537199999999,563236.64646000,5378,116081.60000000,273988.48687000,0
1747537200000000,2.36050000,2.36830000,2.35650000,2.35660000,982607.40000000,1747538099999999,2320795.70169000,12890,357845.20000000,845088.12399000,0
1747538100000000,2.35660000,2.35690000,2.35100000,2.35360000,627784.10000000,1747538999999999,1477785.89250000,7952,251633.10000000,592247.66422000,0
1747539000000000,2.35370000,2.36490000,2.35340000,2.36100000,754239.20000000,1747539899999999,1780060.92300000,6960,488622.00000000,1153137.28892000,0
1747539900000000,2.36100000,2.36170000,2.35730000,2.35860000,202558.50000000,1747540799999999,477862.99101000,3794,96141.50000000,226795.56424000,0
1747540800000000,2.35860000,2.36430000,2.35860000,2.36330000,309644.30000000,1747541699999999,731395.48088000,3309,120589.20000000,284858.84020000,0
1747541700000000,2.36330000,2.36670000,2.36260000,2.36470000,381027.70000000,1747542599999999,901155.57367000,3889,196828.80000000,465518.83571000,0
1747542600000000,2.36470000,2.36940000,2.36360000,2.36830000,372373.40000000,1747543499999999,881506.35036000,4533,219541.20000000,519667.83933000,0
1747543500000000,2.36820000,2.37060000,2.36670000,2.36760000,416254.40000000,1747544399999999,985986.88864000,4594,216778.40000000,513486.02425000,0
1747544400000000,2.36760000,2.37620000,2.36760000,2.37200000,652200.30000000,1747545299999999,1548154.71726000,5561,362670.60000000,860940.48541000,0
1747545300000000,2.37200000,2.37770000,2.37200000,2.37730000,521841.60000000,1747546199999999,1239659.24455000,8696,288378.00000000,685033.33453000,0
1747546200000000,2.37720000,2.37880000,2.37300000,2.37360000,370525.90000000,1747547099999999,880168.96757000,6440,161269.20000000,383164.45988000,0
1747547100000000,2.37360000,2.38620000,2.37320000,2.38380000,678313.80000000,1747547999999999,1615354.90300000,8179,379779.70000000,904688.61568000,0
1747548000000000,2.38390000,2.38670000,2.37960000,2.38640000,1023578.70000000,1747548899999999,2439055.05629000,9136,409311.20000000,975636.84745000,0
1747548900000000,2.38630000,2.38750000,2.37850000,2.37990000,626219.20000000,1747549799999999,1492885.94709000,6776,291308.50000000,694638.39165000,0
1747549800000000,2.37990000,2.38070000,2.37350000,2.38030000,846601.80000000,1747550699999999,2012052.96250000,9208,341534.90000000,811729.73391000,0
1747550700000000,2.38040000,2.38180000,2.37650000,2.38050000,387691.90000000,1747551599999999,922425.02670000,6092,189521.80000000,450981.36277000,0
1747551600000000,2.38050000,2.38760000,2.37940000,2.38760000,506471.10000000,1747552499999999,1207867.43969000,9021,337658.40000000,805356.01059000,0
1747552500000000,2.38760000,2.39420000,2.38760000,2.39240000,947436.80000000,1747553399999999,2265963.58675000,8230,549013.80000000,1313008.73072000,0
1747553400000000,2.39230000,2.39250000,2.38680000,2.39240000,588098.40000000,1747554299999999,1405742.57810000,6711,406899.60000000,972657.59820000,0
1747554300000000,2.39230000,2.39840000,2.39050000,2.39680000,839767.10000000,1747555199999999,2010267.01188000,7819,611278.30000000,1463167.71006000,0
1747555200000000,2.39680000,2.40380000,2.39550000,2.39870000,1702694.70000000,1747556099999999,4086648.56901000,16387,793987.40000000,1905510.02251000,0
1747556100000000,2.39870000,2.40450000,2.39410000,2.40320000,1359214.10000000,1747556999999999,3261183.54367000,12461,642300.50000000,1540797.15116000,0
1747557000000000,2.40310000,2.40620000,2.39460000,2.39830000,1628380.50000000,1747557899999999,3909162.10716000,12346,758281.70000000,1821180.86208000,0
1747557900000000,2.39820000,2.40040000,2.39430000,2.39490000,498740.10000000,1747558799999999,1196102.19166000,6952,273273.20000000,655420.09358000,0
1747558800000000,2.39490000,2.39960000,2.39490000,2.39880000,547673.40000000,1747559699999999,1313052.93179000,6425,276232.20000000,662193.10410000,0
1747559700000000,2.39880000,2.39880000,2.39100000,2.39220000,747720.20000000,1747560599999999,1790112.03338000,9271,254969.40000000,610183.40693000,0
1747560600000000,2.39220000,2.39270000,2.38400000,2.38410000,674876.90000000,1747561499999999,1611919.07785000,9622,367012.40000000,876573.24346000,0
1747561500000000,2.38410000,2.39070000,2.38390000,2.39010000,521209.40000000,1747562399999999,1244438.63252000,10880,274327.50000000,654940.97134000,0
1747562400000000,2.39000000,2.39300000,2.38960000,2.39250000,430437.00000000,1747563299999999,1029366.78706000,7945,240756.70000000,575744.36206000,0
1747563300000000,2.39250000,2.39340000,2.38680000,2.38840000,497087.70000000,1747564199999999,1187731.78422000,8022,273667.90000000,653914.42298000,0
1747564200000000,2.38840000,2.39120000,2.38730000,2.38920000,342228.90000000,1747565099999999,817602.92899000,7761,146633.30000000,350289.57153000,0
1747565100000000,2.38920000,2.39250000,2.38810000,2.39190000,197592.70000000,1747565999999999,472276.86380000,5082,82261.10000000,196607.95083000,0
1747566000000000,2.39190000,2.39620000,2.39070000,2.39520000,615124.60000000,1747566899999999,1472809.24106000,5005,345425.70000000,827136.48319000,0
1747566900000000,2.39510000,2.39860000,2.39310000,2.39310000,423112.00000000,1747567799999999,1013867.73888000,5093,180057.50000000,431429.61327000,0
1747567800000000,2.39310000,2.39650000,2.38750000,2.38810000,470659.50000000,1747568699999999,1125994.73689000,6950,242173.80000000,579506.45476000,0
1747568700000000,2.38810000,2.39100000,2.38640000,2.38780000,462080.70000000,1747569599999999,1103769.57598000,5378,224017.10000000,535063.93649000,0
1747569600000000,2.38780000,2.38780000,2.38000000,2.38240000,1154368.60000000,1747570499999999,2750048.22265000,10091,320431.40000000,763646.89876000,0
1747570500000000,2.38240000,2.39060000,2.38030000,2.38890000,524917.10000000,1747571399999999,1252434.40995000,8206,278047.80000000,663325.63493000,0
1747571400000000,2.38890000,2.39060000,2.38490000,2.38540000,293462.70000000,1747572299999999,700512.93072000,5347,155916.40000000,372176.62492000,0
1747572300000000,2.38530000,2.39090000,2.38380000,2.39070000,312442.20000000,1747573199999999,746088.92648000,4900,163465.30000000,390294.38286000,0
1747573200000000,2.39070000,2.39070000,2.38540000,2.38920000,368101.90000000,1747574099999999,879144.20028000,4795,179885.80000000,429570.97943000,0
1747574100000000,2.38920000,2.39110000,2.38780000,2.39060000,408777.60000000,1747574999999999,976973.96582000,4061,280551.90000000,670559.17833000,0
1747575000000000,2.39060000,2.40880000,2.38970000,2.40130000,1642398.50000000,1747575899999999,3942286.17909000,17589,942854.80000000,2263307.62956000,0
1747575900000000,2.40130000,2.40980000,2.39690000,2.40860000,977266.00000000,1747576799999999,2346835.05773000,11940,492492.00000000,1182806.12802000,0
1747576800000000,2.40860000,2.41110000,2.40330000,2.40330000,1326305.40000000,1747577699999999,3192648.84551000,13687,689871.80000000,1660530.75998000,0
1747577700000000,2.40340000,2.41200000,2.40340000,2.40980000,1686381.70000000,1747578599999999,4062634.77089000,11448,507753.30000000,1223097.23749000,0
1747578600000000,2.40970000,2.43600000,2.40920000,2.42900000,3468957.50000000,1747579499999999,8407868.50092000,34336,2151907.40000000,5214620.95294000,0
1747579500000000,2.42890000,2.43940000,2.42290000,2.42820000,3268410.90000000,1747580399999999,7950643.43200000,33335,1511286.10000000,3677761.15948000,0
1747580400000000,2.42830000,2.43000000,2.41660000,2.42570000,1377835.50000000,1747581299999999,3337643.50046000,27852,661763.20000000,1603132.30998000,0
1747581300000000,2.42570000,2.43610000,2.42320000,2.42950000,1062462.70000000,1747582199999999,2582760.95816000,20453,517257.90000000,1257346.67775000,0
1747582200000000,2.42960000,2.43780000,2.42550000,2.43710000,828745.40000000,1747583099999999,2015506.54671000,14952,392335.80000000,954167.19151000,0
1747583100000000,2.43700000,2.44490000,2.43280000,2.43780000,1564107.90000000,1747583999999999,3815008.37356000,22508,871264.80000000,2125283.34084000,0
1747584000000000,2.43790000,2.44970000,2.43080000,2.43900000,2039350.30000000,1747584899999999,4975830.38946000,28203,877705.80000000,2141654.86739000,0
1747584900000000,2.43890000,2.44230000,2.42770000,2.43980000,2291957.30000000,1747585799999999,5581710.74403000,30893,1065088.10000000,2594030.99872000,0
1747585800000000,2.43970000,2.44290000,2.43290000,2.43790000,1474135.40000000,1747586699999999,3592703.74373000,24045,738192.50000000,1798916.62192000,0
1747586700000000,2.43800000,2.44180000,2.43050000,2.43700000,1111020.90000000,1747587599999999,2706681.91055000,19632,525700.70000000,1280649.90671000,0
1747587600000000,2.43700000,2.43720000,2.42640000,2.43070000,1043796.60000000,1747588499999999,2537782.19660000,14974,375815.50000000,913695.56055000,0
1747588500000000,2.43080000,2.43080000,2.41310000,2.41920000,1832085.90000000,1747589399999999,4434094.57100000,19298,794683.00000000,1922846.22075000,0
1747589400000000,2.41920000,2.42180000,2.40990000,2.41770000,1825664.40000000,1747590299999999,4410705.28298000,24620,926761.70000000,2239347.51744000,0
1747590300000000,2.41770000,2.41780000,2.39510000,2.39720000,3037315.50000000,1747591199999999,7307135.53178000,27116,1020546.60000000,2455758.35146000,0
1747591200000000,2.39720000,2.39930000,2.36950000,2.38040000,4057650.60000000,1747592099999999,9662211.06671000,58935,1792078.70000000,4267550.25186000,0
1747592100000000,2.38040000,2.39240000,2.36530000,2.39230000,3802400.80000000,1747592999999999,9041345.66779000,41331,2180661.90000000,5187150.79895000,0
1747593000000000,2.39230000,2.39320000,2.38350000,2.38970000,1166769.30000000,1747593899999999,2787307.97077000,25156,538363.70000000,1286024.32246000,0
1747593900000000,2.38970000,2.39920000,2.38070000,2.39820000,1557128.00000000,1747594799999999,3721202.77362000,21538,765611.20000000,1829218.45986000,0
1747594800000000,2.39820000,2.40580000,2.39390000,2.40030000,1856962.20000000,1747595699999999,4457171.80964000,21521,706820.80000000,1697145.78143000,0
1747595700000000,2.40030000,2.40910000,2.39510000,2.40390000,889885.10000000,1747596599999999,2136661.70041000,18715,438162.70000000,1052469.12249000,0
1747596600000000,2.40390000,2.40420000,2.38120000,2.38240000,1590355.70000000,1747597499999999,3800523.52460000,30140,582850.10000000,1392826.12237000,0
1747597500000000,2.38240000,2.38710000,2.36620000,2.36940000,2263723.90000000,1747598399999999,5375425.84572000,28063,1195977.10000000,2839212.82204000,0
1747598400000000,2.36940000,2.36940000,2.33200000,2.34900000,8183883.40000000,1747599299999999,19219085.86150000,82978,3779874.50000000,8877836.85716000,0
1747599300000000,2.34900000,2.37010000,2.34880000,2.35790000,3130092.90000000,1747600199999999,7379422.21117000,34808,1604882.80000000,3784599.71256000,0
1747600200000000,2.35790000,2.37400000,2.35280000,2.37400000,947685.20000000,1747601099999999,2238677.61788000,18499,480251.70000000,1134486.09103000,0
1747601100000000,2.37410000,2.37740000,2.36820000,2.37090000,967316.10000000,1747601999999999,2294676.31145000,17565,490430.90000000,1163465.38101000,0
1747602000000000,2.37100000,2.38780000,2.37090000,2.38440000,1004980.90000000,1747602899999999,2393870.06294000,15735,554867.40000000,1321400.27435000,0
1747602900000000,2.38440000,2.38950000,2.38260000,2.38870000,704844.50000000,1747603799999999,1681829.40220000,7621,318583.20000000,760188.88061000,0
1747603800000000,2.38870000,2.39400000,2.37690000,2.38540000,777317.10000000,1747604699999999,1854310.07887000,16201,399500.00000000,953002.61585000,0
1747604700000000,2.38550000,2.38820000,2.36900000,2.37430000,638220.80000000,1747605599999999,1517479.07749000,15827,258736.10000000,614779.41554000,0
1747605600000000,2.37420000,2.37720000,2.35940000,2.36800000,2008253.00000000,1747606499999999,4757906.81436000,40732,1103929.00000000,2615758.66157000,0
1747606500000000,2.36790000,2.38500000,2.36090000,2.38310000,1113547.40000000,1747607399999999,2643020.41584000,25284,538535.10000000,1278027.48480000,0
1747607400000000,2.38310000,2.39210000,2.38250000,2.39000000,1254004.20000000,1747608299999999,2994018.81028000,20494,577395.10000000,1378454.27708000,0
1747608300000000,2.39000000,2.40640000,2.38870000,2.40490000,1018709.50000000,1747609199999999,2440966.70436000,17888,540266.40000000,1294568.51005000,0
1747609200000000,2.40480000,2.41040000,2.39650000,2.40180000,1156771.10000000,1747610099999999,2778585.38353000,25843,553812.10000000,1330615.02370000,0
1747610100000000,2.40180000,2.41000000,2.39610000,2.41000000,494469.20000000,1747610999999999,1187659.41234000,10821,273522.20000000,657091.30109000,0
1747611000000000,2.40990000,2.41350000,2.40510000,2.41340000,772989.40000000,1747611899999999,1862574.48978000,18522,341388.60000000,822754.33550000,0
1747611900000000,2.41340000,2.43700000,2.41000000,2.42800000,4295714.50000000,1747612799999999,10418474.03893000,34803,2769320.30000000,6714685.69960000,0
1747612800000000,2.42800000,2.44100000,2.41530000,2.42780000,3945478.80000000,1747613699999999,9582436.32702000,48356,2043995.60000000,4965353.76930000,0
1747613700000000,2.42790000,2.43150000,2.39760000,2.41020000,5661899.30000000,1747614599999999,13664938.06624000,39362,2316136.50000000,5590462.45667000,0
1747614600000000,2.41020000,2.41210000,2.39240000,2.39720000,2322303.80000000,1747615499999999,5577747.20855000,30509,1099074.40000000,2639466.75361000,0
1747615500000000,2.39730000,2.40330000,2.38660000,2.39880000,2077390.00000000,1747616399999999,4975580.71860000,29552,965158.00000000,2311991.88240000,0
1747616400000000,2.39890000,2.40560000,2.38390000,2.39130000,2349226.70000000,1747617299999999,5626729.71013000,31667,1341365.10000000,3212670.28154000,0
1747617300000000,2.39120000,2.39360000,2.37810000,2.38890000,1761736.00000000,1747618199999999,4202619.13515000,28092,946679.80000000,2258096.20498000,0
1747618200000000,2.38900000,2.39870000,2.38450000,2.38590000,1324990.10000000,1747619099999999,3167438.55425000,19285,701878.70000000,1677973.51232000,0
1747619100000000,2.38590000,2.39430000,2.38400000,2.38990000,981801.60000000,1747619999999999,2346294.54925000,11343,586419.30000000,1401367.00113000,0
1747620000000000,2.38990000,2.39580000,2.37320000,2.37330000,2187540.10000000,1747620899999999,5216449.09155000,20438,1053710.00000000,2513427.50747000,0
1747620900000000,2.37340000,2.38590000,2.37340000,2.38490000,1637674.50000000,1747621799999999,3895635.51745000,16919,768305.80000000,1828051.68422000,0
1747621800000000,2.38490000,2.38790000,2.37750000,2.37830000,1489579.20000000,1747622699999999,3548843.82387000,16271,1116043.70000000,2658895.65102000,0
1747622700000000,2.37840000,2.38050000,2.37240000,2.37480000,778689.00000000,1747623599999999,1849759.86325000,10385,452130.10000000,1074038.47502000,0
1747623600000000,2.37470000,2.37590000,2.36200000,2.36210000,1394196.60000000,1747624499999999,3302942.77324000,14124,676364.00000000,1602593.55477000,0
1747624500000000,2.36210000,2.37040000,2.36040000,2.36480000,1093943.90000000,1747625399999999,2586433.15023000,14561,681601.50000000,1611575.49563000,0
1747625400000000,2.36470000,2.36780000,2.35350000,2.35430000,1606025.20000000,1747626299999999,3790271.37660000,15998,643705.50000000,1519694.70785000,0
1747626300000000,2.35420000,2.35760000,2.34860000,2.34890000,1895982.30000000,1747627199999999,4460827.33883000,16568,926053.90000000,2178861.69799000,0
1747627200000000,2.34890000,2.36280000,2.34000000,2.36080000,2588549.10000000,1747628099999999,6079336.57611000,36734,1314272.90000000,3086937.07631000,0
1747628100000000,2.36070000,2.36280000,2.34390000,2.34920000,1487060.40000000,1747628999999999,3499650.46859000,16964,781592.70000000,1839481.49789000,0
1747629000000000,2.34910000,2.35440000,2.33470000,2.34570000,2061684.40000000,1747629899999999,4835421.45065000,26232,998030.30000000,2340747.76616000,0
1747629900000000,2.34580000,2.34660000,2.32290000,2.33330000,2909816.30000000,1747630799999999,6786622.36759000,25158,1059164.40000000,2469922.60002000,0
1747630800000000,2.33330000,2.34610000,2.32170000,2.33260000,3400988.80000000,1747631699999999,7929134.41687000,27941,2067885.30000000,4822937.69292000,0
1747631700000000,2.33250000,2.33560000,2.32580000,2.33170000,1292836.40000000,1747632599999999,3013051.35057000,18029,783648.80000000,1826689.39642000,0
1747632600000000,2.33180000,2.34280000,2.32380000,2.33890000,2730320.20000000,1747633499999999,6374795.88554000,32617,1481968.70000000,3460470.49542000,0
1747633500000000,2.33890000,2.34350000,2.33500000,2.34290000,1119774.60000000,1747634399999999,2618815.71987000,15034,662085.70000000,1548248.56036000,0
1747634400000000,2.34290000,2.35080000,2.33830000,2.34680000,1840431.10000000,1747635299999999,4315841.88426000,22169,929023.40000000,2178774.85622000,0
1747635300000000,2.34680000,2.34680000,2.32450000,2.32700000,2299451.40000000,1747636199999999,5369256.61780000,16928,1037456.80000000,2423934.35112000,0
1747636200000000,2.32700000,2.32700000,2.29560000,2.30620000,6828534.60000000,1747637099999999,15771119.31195000,52265,3006432.80000000,6944109.17859000,0
1747637100000000,2.30630000,2.31070000,2.28320000,2.28510000,6676491.80000000,1747637999999999,15314833.03627000,55733,3377515.00000000,7747589.64375000,0
1747638000000000,2.28500000,2.30510000,2.28270000,2.30240000,3861004.80000000,1747638899999999,8862319.56855000,38185,2303659.40000000,5288623.98009000,0
1747638900000000,2.30230000,2.31610000,2.30130000,2.31000000,1843484.40000000,1747639799999999,4259225.90686000,18347,1025368.70000000,2369191.42637000,0
1747639800000000,2.30990000,2.31620000,2.30020000,2.31470000,3234383.90000000,1747640699999999,7476201.91828000,20327,1413116.40000000,3267919.38349000,0
1747640700000000,2.31480000,2.31850000,2.30540000,2.30550000,1627098.30000000,1747641599999999,3761888.58699000,12800,842347.20000000,1947502.57733000,0
1747641600000000,2.30560000,2.30560000,2.28900000,2.30080000,2656159.30000000,1747642499999999,6099920.00530000,23737,1462694.50000000,3358901.63269000,0
1747642500000000,2.30070000,2.30900000,2.29730000,2.29740000,1983891.20000000,1747643399999999,4568639.53035000,20915,1001605.20000000,2306667.85163000,0
1747643400000000,2.29740000,2.29740000,2.28680000,2.28950000,1799145.00000000,1747644299999999,4121539.05829000,20861,848941.90000000,1944837.80039000,0
1747644300000000,2.28950000,2.30890000,2.28920000,2.30620000,2068907.60000000,1747645199999999,4762081.25234000,22215,1084907.20000000,2496164.10762000,0
1747645200000000,2.30620000,2.32310000,2.29570000,2.30660000,4352950.60000000,1747646099999999,10051182.77434000,32222,2696401.80000000,6227637.11975000,0
1747646100000000,2.30660000,2.31660000,2.30640000,2.31390000,1064199.90000000,1747646999999999,2461631.88735000,13939,575973.80000000,1332245.01958000,0
1747647000000000,2.31400000,2.31930000,2.31400000,2.31860000,1254098.20000000,1747647899999999,2905182.06972000,12236,540064.10000000,1251023.02289000,0
1747647900000000,2.31860000,2.31860000,2.31060000,2.31390000,696850.60000000,1747648799999999,1612385.02647000,10442,314746.60000000,728172.87324000,0
1747648800000000,2.31390000,2.31480000,2.30260000,2.30310000,967965.30000000,1747649699999999,2233271.43220000,15544,371346.40000000,856575.75694000,0
1747649700000000,2.30320000,2.31570000,2.30300000,2.31060000,906274.30000000,1747650599999999,2093812.76598000,15517,438236.10000000,1012732.66415000,0
1747650600000000,2.31060000,2.31500000,2.30400000,2.31440000,820624.10000000,1747651499999999,1894227.76019000,11439,317833.00000000,733862.32881000,0
1747651500000000,2.31450000,2.32400000,2.31280000,2.31510000,1258927.20000000,1747652399999999,2918890.83354000,10700,584385.20000000,1354789.12468000,0
1747652400000000,2.31520000,2.32020000,2.31310000,2.31880000,907095.10000000,1747653299999999,2101949.80248000,15071,413162.60000000,957369.47232000,0
1747653300000000,2.31880000,2.32410000,2.31660000,2.31960000,687889.90000000,1747654199999999,1596054.20309000,11369,284987.90000000,661231.81159000,0
1747654200000000,2.31950000,2.32540000,2.31610000,2.32490000,829815.70000000,1747655099999999,1925377.27239000,10979,380470.10000000,883066.53062000,0
1747655100000000,2.32490000,2.32650000,2.32230000,2.32430000,938294.00000000,1747655999999999,2181225.23432000,9276,447211.80000000,1039656.70631000,0
1747656000000000,2.32430000,2.32660000,2.31000000,2.31150000,1215480.50000000,1747656899999999,2815265.74876000,18803,472082.00000000,1093421.21929000,0
1747656900000000,2.31150000,2.31430000,2.30330000,2.31130000,1116806.90000000,1747657799999999,2577811.15802000,14637,383000.30000000,884103.79792000,0
1747657800000000,2.31140000,2.31150000,2.29440000,2.30140000,2314159.10000000,1747658699999999,5324302.46408000,21686,743970.20000000,1711218.30733000,0
1747658700000000,2.30140000,2.30230000,2.29060000,2.29940000,1593029.20000000,1747659599999999,3658705.67384000,17139,825989.30000000,1896991.19931000,0
1747659600000000,2.29940000,2.30720000,2.29730000,2.29780000,1504248.20000000,1747660499999999,3463782.70597000,15236,634884.30000000,1461997.93528000,0
1747660500000000,2.29780000,2.31210000,2.29660000,2.31090000,1285008.90000000,1747661399999999,2961858.70967000,12187,711451.30000000,1640857.37390000,0
1747661400000000,2.31090000,2.32660000,2.30390000,2.32500000,1993503.00000000,1747662299999999,4618198.19109000,39544,996996.70000000,2310546.76316000,0
1747662300000000,2.32500000,2.33170000,2.31930000,2.32360000,1416159.50000000,1747663199999999,3293074.17914000,22395,690911.10000000,1606599.33158000,0
1747663200000000,2.32360000,2.32980000,2.31720000,2.32460000,1736316.00000000,1747664099999999,4035408.42673000,23838,805387.20000000,1872245.07611000,0
1747664100000000,2.32450000,2.34180000,2.32450000,2.33180000,1810458.90000000,1747664999999999,4226543.71920000,21401,868754.00000000,2028804.35612000,0
1747665000000000,2.33180000,2.34190000,2.32960000,2.33860000,920583.70000000,1747665899999999,2151796.75000000,15000,402542.30000000,940779.54936000,0
1747665900000000,2.33870000,2.34900000,2.33850000,2.34450000,1486166.50000000,1747666799999999,3484166.55668000,21117,742870.50000000,1741471.26995000,0
1747666800000000,2.34440000,2.35860000,2.34300000,2.35140000,1306282.30000000,1747667699999999,3072288.94569000,22711,726656.90000000,1709139.60483000,0
1747667700000000,2.35140000,2.35320000,2.33470000,2.33930000,2465237.40000000,1747668599999999,5770774.82199000,26534,1184134.20000000,2772381.86961000,0
1747668600000000,2.33940000,2.34790000,2.33630000,2.34780000,1866265.20000000,1747669499999999,4371891.18921000,27627,872069.40000000,2043762.05929000,0
1747669500000000,2.34780000,2.35350000,2.34260000,2.34940000,927399.40000000,1747670399999999,2177713.02493000,19224,485534.70000000,1140324.52395000,0
1747670400000000,2.34930000,2.35100000,2.33660000,2.34000000,848301.70000000,1747671299999999,1987164.87170000,21962,394437.90000000,924029.02506000,0
1747671300000000,2.34010000,2.35350000,2.34010000,2.35340000,821392.40000000,1747672199999999,1928317.52039000,12974,425196.80000000,998382.12662000,0
1747672200000000,2.35350000,2.35670000,2.33700000,2.35190000,2374125.50000000,1747673099999999,5573531.72719000,16225,964220.60000000,2265483.05176000,0
1747673100000000,2.35180000,2.36640000,2.35010000,2.36600000,1586010.40000000,1747673999999999,3740792.74851000,16431,925793.80000000,2183798.96168000,0
1747674000000000,2.36590000,2.38230000,2.36520000,2.36860000,2131169.80000000,1747674899999999,5059280.84091000,31568,1185411.00000000,2814420.24544000,0
1747674900000000,2.36860000,2.37500000,2.36350000,2.36680000,1107070.00000000,1747675799999999,2623298.61990000,24703,622952.00000000,1476175.52877000,0
1747675800000000,2.36670000,2.37200000,2.36240000,2.36920000,1137608.50000000,1747676699999999,2691214.50478000,17374,515062.20000000,1218386.05566000,0
1747676700000000,2.36910000,2.37280000,2.36560000,2.36810000,581069.60000000,1747677599999999,1376529.55453000,17445,301680.50000000,714731.89659000,0
1747677600000000,2.36810000,2.37300000,2.36430000,2.36660000,726948.90000000,1747678499999999,1722718.77220000,13398,389074.60000000,922085.07888000,0
1747678500000000,2.36650000,2.36970000,2.35650000,2.35930000,936738.00000000,1747679399999999,2211304.20503000,13341,377015.60000000,889871.70576000,0
1747679400000000,2.35930000,2.37460000,2.35050000,2.37160000,1979553.50000000,1747680299999999,4671161.56586000,19809,1107288.30000000,2613265.19383000,0
1747680300000000,2.37160000,2.37410000,2.36300000,2.36790000,876502.50000000,1747681199999999,2075947.28234000,14080,398810.50000000,944569.11415000,0
1747681200000000,2.36790000,2.37460000,2.36510000,2.37280000,850890.30000000,1747682099999999,2016759.54604000,11266,538201.00000000,1275442.80415000,0
1747682100000000,2.37280000,2.37860000,2.37110000,2.37430000,601201.90000000,1747682999999999,1428002.81119000,10689,319018.40000000,757773.53089000,0
1747683000000000,2.37430000,2.38390000,2.36230000,2.37720000,3662475.80000000,1747683899999999,8709353.46600000,16708,1858268.10000000,4422484.84811000,0
1747683900000000,2.37730000,2.40100000,2.36530000,2.39860000,3127047.40000000,1747684799999999,7450529.92910000,18986,1816116.60000000,4332525.45913000,0
1747684800000000,2.39860000,2.39880000,2.38220000,2.38310000,1620106.80000000,1747685699999999,3870964.63935000,15533,672857.10000000,1607330.82169000,0
1747685700000000,2.38310000,2.39390000,2.38230000,2.39160000,732628.80000000,1747686599999999,1750866.23142000,7257,370472.10000000,885598.67530000,0
1747686600000000,2.39150000,2.39150000,2.38330000,2.38390000,576017.10000000,1747687499999999,1375032.59610000,6109,269103.70000000,642456.14608000,0
1747687500000000,2.38390000,2.39060000,2.38100000,2.38970000,1326770.30000000,1747688399999999,3166427.82162000,9626,854775.60000000,2040032.84826000,0
1747688400000000,2.38970000,2.39020000,2.37830000,2.38180000,928050.30000000,1747689299999999,2210759.32507000,9181,452420.60000000,1077656.90697000,0
1747689300000000,2.38190000,2.38250000,2.36680000,2.36680000,2019757.30000000,1747690199999999,4799335.76057000,9838,853747.40000000,2028438.04723000,0
1747690200000000,2.36680000,2.37880000,2.36680000,2.37440000,780178.70000000,1747691099999999,1852667.77177000,6824,452752.50000000,1074752.63680000,0
1747691100000000,2.37450000,2.38250000,2.37420000,2.38130000,528327.40000000,1747691999999999,1257335.87115000,5351,301730.50000000,718182.88448000,0
1747692000000000,2.38120000,2.38460000,2.37040000,2.37100000,765483.50000000,1747692899999999,1820759.95607000,12046,328206.60000000,780888.69912000,0
1747692900000000,2.37110000,2.37240000,2.36600000,2.36920000,845635.70000000,1747693799999999,2003981.37260000,6998,416044.40000000,985892.05289000,0
1747693800000000,2.36910000,2.37380000,2.36910000,2.37190000,487699.30000000,1747694699999999,1156684.09099000,4852,266826.90000000,632803.00553000,0
1747694700000000,2.37180000,2.37710000,2.37170000,2.37580000,370740.30000000,1747695599999999,880615.50242000,4324,246106.60000000,584550.37632000,0
1747695600000000,2.37580000,2.38290000,2.37470000,2.37880000,630457.10000000,1747696499999999,1500105.89266000,6318,293851.80000000,699157.75683000,0
1747696500000000,2.37890000,2.38130000,2.37590000,2.37590000,455789.90000000,1747697399999999,1083851.00097000,4106,145900.30000000,346920.34242000,0
1747697400000000,2.37590000,2.38250000,2.37330000,2.38220000,640020.10000000,1747698299999999,1521663.20684000,6238,262456.70000000,624219.06027000,0
1747698300000000,2.38220000,2.38530000,2.37980000,2.38030000,364617.30000000,1747699199999999,868892.19368000,5058,167911.50000000,400100.55408000,0
1747699200000000,2.38030000,2.39020000,2.37630000,2.38960000,1168346.30000000,1747700099999999,2784194.96666000,13302,812141.20000000,1935590.99359000,0
1747700100000000,2.38960000,2.39820000,2.37810000,2.38130000,2690450.60000000,1747700999999999,6428589.70194000,31565,1585056.20000000,3789910.04223000,0
1747701000000000,2.38120000,2.39220000,2.37800000,2.38240000,2308010.30000000,1747701899999999,5501483.06729000,27926,1278381.40000000,3048047.81185000,0
1747701900000000,2.38240000,2.38480000,2.37410000,2.37640000,1471648.70000000,1747702799999999,3499565.18594000,16949,816504.10000000,1942069.02118000,0
1747702800000000,2.37640000,2.39400000,2.37420000,2.38520000,2433403.50000000,1747703699999999,5807722.57054000,20994,1314957.00000000,3138494.11872000,0
1747703700000000,2.38520000,2.39620000,2.38120000,2.39240000,2557077.00000000,1747704599999999,6113186.30580000,20854,1692681.00000000,4047039.68020000,0
1747704600000000,2.39250000,2.40340000,2.39120000,2.39660000,3080137.80000000,1747705499999999,7389443.32805000,24608,2142979.60000000,5141482.06082000,0
1747705500000000,2.39660000,2.40530000,2.39200000,2.39640000,1621877.30000000,1747706399999999,3890971.39018000,13204,1065257.00000000,2555998.27685000,0
1747706400000000,2.39640000,2.40500000,2.39570000,2.40330000,1113844.50000000,1747707299999999,2675495.80920000,14904,736082.70000000,1768038.42135000,0
1747707300000000,2.40330000,2.40900000,2.39300000,2.39310000,2874932.30000000,1747708199999999,6904207.65466000,22605,1193574.40000000,2867785.07747000,0
1747708200000000,2.39310000,2.39960000,2.38830000,2.39000000,2559611.50000000,1747709099999999,6128284.97716000,23556,1177833.30000000,2820963.69367000,0
1747709100000000,2.39000000,2.39270000,2.38290000,2.39030000,2859519.30000000,1747709999999999,6827865.66416000,21434,1423700.10000000,3399991.01101000,0
1747710000000000,2.39030000,2.39150000,2.38420000,2.38570000,1399147.60000000,1747710899999999,3340082.89239000,14513,951948.60000000,2272524.57359000,0
1747710900000000,2.38570000,2.39110000,2.38330000,2.38710000,1160653.90000000,1747711799999999,2770903.88015000,13171,774494.20000000,1848986.15887000,0
1747711800000000,2.38710000,2.38760000,2.37910000,2.37990000,1452522.50000000,1747712699999999,3458994.29888000,13534,786764.10000000,1873639.67117000,0
1747712700000000,2.38000000,2.38260000,2.37640000,2.38240000,757622.10000000,1747713599999999,1802566.83552000,8225,419694.90000000,998590.25871000,0
1747713600000000,2.38230000,2.38300000,2.37510000,2.37930000,643925.50000000,1747714499999999,1530893.14360000,6835,350852.30000000,834209.96762000,0
1747714500000000,2.37920000,2.37940000,2.37510000,2.37560000,780897.30000000,1747715399999999,1856387.21155000,7373,442087.80000000,1050974.86946000,0
1747715400000000,2.37560000,2.38100000,2.37510000,2.38030000,580811.90000000,1747716299999999,1381441.15862000,5579,350566.30000000,833729.76178000,0
1747716300000000,2.38030000,2.38880000,2.38000000,2.38790000,1232039.10000000,1747717199999999,2937789.10204000,8914,752214.40000000,1793499.04701000,0
1747717200000000,2.38790000,2.39120000,2.38340000,2.39090000,865947.80000000,1747718099999999,2068008.75871000,7620,608856.80000000,1454131.71912000,0
1747718100000000,2.39100000,2.39270000,2.38710000,2.38860000,698271.70000000,1747718999999999,1669005.04577000,6835,367099.60000000,877364.41046000,0
1747719000000000,2.38860000,2.38920000,2.38100000,2.38140000,1077853.70000000,1747719899999999,2569974.16813000,8961,474377.40000000,1131233.36154000,0
1747719900000000,2.38130000,2.38640000,2.37540000,2.37590000,1537094.60000000,1747720799999999,3659521.54830000,9853,759942.60000000,1809561.00198000,0
1747720800000000,2.37590000,2.37880000,2.36690000,2.36820000,1732902.30000000,1747721699999999,4110618.83144000,15722,951335.10000000,2256717.27715000,0
1747721700000000,2.36820000,2.37170000,2.35780000,2.36130000,2800123.60000000,1747722599999999,6618876.11169000,17260,1136084.10000000,2685554.67475000,0
1747722600000000,2.36140000,2.36560000,2.35980000,2.36380000,1091040.50000000,1747723499999999,2578369.75389000,8943,530692.10000000,1254120.06528000,0
1747723500000000,2.36380000,2.37040000,2.36370000,2.36600000,1070600.40000000,1747724399999999,2535417.35009000,7924,726129.30000000,1719600.36875000,0
1747724400000000,2.36590000,2.36730000,2.35420000,2.36460000,1512413.20000000,1747725299999999,3571951.51908000,18446,730231.30000000,1724685.03605000,0
1747725300000000,2.36460000,2.36580000,2.35530000,2.35850000,1656430.30000000,1747726199999999,3908245.99756000,13157,804431.80000000,1897978.00392000,0
1747726200000000,2.35860000,2.35900000,2.34820000,2.35130000,2175634.60000000,1747727099999999,5117138.62245000,16565,1026888.30000000,2415606.95919000,0
1747727100000000,2.35120000,2.35350000,2.34580000,2.34640000,1547744.10000000,1747727999999999,3636052.85182000,12357,775353.70000000,1821505.45821000,0
1747728000000000,2.34630000,2.35260000,2.33780000,2.33910000,1503113.20000000,1747728899999999,3525889.48083000,15880,760708.30000000,1785072.57534000,0
1747728900000000,2.33910000,2.35060000,2.33650000,2.34940000,1668768.00000000,1747729799999999,3913370.75382000,15219,1101010.70000000,2581459.82182000,0
1747729800000000,2.34940000,2.35830000,2.34940000,2.35590000,1446585.00000000,1747730699999999,3406620.40199000,14548,624863.80000000,1471235.72927000,0
1747730700000000,2.35590000,2.35910000,2.35290000,2.35640000,589515.00000000,1747731599999999,1388653.14139000,7463,301508.20000000,710245.84738000,0
1747731600000000,2.35640000,2.35890000,2.35360000,2.35490000,854875.50000000,1747732499999999,2014308.60678000,10456,324723.50000000,765059.44643000,0
1747732500000000,2.35490000,2.35620000,2.34700000,2.34770000,823948.50000000,1747733399999999,1936665.99382000,9580,303420.10000000,713029.05360000,0
1747733400000000,2.34780000,2.35490000,2.34760000,2.35290000,773793.10000000,1747734299999999,1819663.20175000,8609,312634.70000000,735019.64039000,0
1747734300000000,2.35290000,2.35420000,2.34690000,2.35020000,388270.00000000,1747735199999999,912649.33734000,6329,195246.60000000,458929.08468000,0
1747735200000000,2.35030000,2.35540000,2.34480000,2.34950000,942817.20000000,1747736099999999,2215614.27925000,16485,418933.70000000,984425.91856000,0
1747736100000000,2.34950000,2.35410000,2.33970000,2.34800000,1437400.20000000,1747736999999999,3375644.04086000,14290,844090.60000000,1983262.40007000,0
1747737000000000,2.34800000,2.34800000,2.33920000,2.34440000,698527.80000000,1747737899999999,1636415.59284000,10503,312942.20000000,733172.56996000,0
1747737900000000,2.34450000,2.35900000,2.33770000,2.34490000,2268254.00000000,1747738799999999,5325791.99942000,11677,1551068.80000000,3644157.73603000,0
1747738800000000,2.34500000,2.34580000,2.33580000,2.33770000,995783.10000000,1747739699999999,2329776.75208000,13239,424934.30000000,994105.59043000,0
1747739700000000,2.33760000,2.34450000,2.33460000,2.34410000,695942.60000000,1747740599999999,1627237.00007000,11051,326804.00000000,764221.78180000,0
1747740600000000,2.34420000,2.35060000,2.34420000,2.34910000,1121855.10000000,1747741499999999,2633942.50599000,9156,537851.70000000,1263057.86323000,0
1747741500000000,2.34910000,2.35030000,2.34530000,2.34650000,424930.20000000,1747742399999999,997625.90031000,7024,204180.40000000,479391.84672000,0
1747742400000000,2.34650000,2.34650000,2.33800000,2.34120000,671582.10000000,1747743299999999,1571824.92189000,9253,256207.00000000,599581.16844000,0
1747743300000000,2.34120000,2.34390000,2.33590000,2.33670000,619945.00000000,1747744199999999,1450309.04983000,8585,259080.80000000,606171.89653000,0
1747744200000000,2.33670000,2.33930000,2.32320000,2.33270000,2782082.20000000,1747745099999999,6481547.59677000,22656,1066831.00000000,2485678.00014000,0
1747745100000000,2.33270000,2.33650000,2.32850000,2.33510000,1056321.80000000,1747745999999999,2464064.60342000,12772,529367.70000000,1234764.27820000,0
1747746000000000,2.33520000,2.33850000,2.32940000,2.32990000,892118.80000000,1747746899999999,2081499.93295000,9945,347544.60000000,810876.45993000,0
1747746900000000,2.32990000,2.34180000,2.32940000,2.33700000,1013458.70000000,1747747799999999,2368332.46263000,11154,442713.50000000,1034252.96111000,0
1747747800000000,2.33700000,2.34170000,2.32870000,2.32970000,1499794.90000000,1747748699999999,3500539.99204000,25720,689995.60000000,1610514.11027000,0
1747748700000000,2.32970000,2.33280000,2.32030000,2.32480000,2320038.20000000,1747749599999999,5397310.12196000,26051,827281.10000000,1924989.12065000,0
1747749600000000,2.32470000,2.32900000,2.32060000,2.32350000,1593002.40000000,1747750499999999,3703585.60571000,22368,697392.30000000,1621171.68512000,0
1747750500000000,2.32350000,2.34330000,2.32260000,2.33120000,2526600.80000000,1747751399999999,5898862.21730000,19708,1567962.80000000,3661749.51436000,0
1747751400000000,2.33120000,2.33570000,2.32640000,2.33500000,993343.10000000,1747752299999999,2315989.09733000,14845,398443.40000000,928915.64122000,0
1747752300000000,2.33500000,2.34020000,2.32870000,2.32930000,864679.10000000,1747753199999999,2018129.95142000,10475,308497.20000000,720189.00458000,0
1747753200000000,2.32920000,2.33910000,2.32840000,2.33690000,1035354.40000000,1747754099999999,2416751.05246000,13409,425192.10000000,992634.17766000,0
1747754100000000,2.33680000,2.34220000,2.33220000,2.34220000,989595.00000000,1747754999999999,2312369.63979000,12623,311682.30000000,728465.19743000,0
1747755000000000,2.34210000,2.34690000,2.34030000,2.34070000,1398559.40000000,1747755899999999,3277697.05122000,14557,614153.90000000,1439383.81858000,0
1747755900000000,2.34080000,2.34630000,2.34030000,2.34250000,676605.80000000,1747756799999999,1585038.26724000,10022,301056.20000000,705345.23023000,0
1747756800000000,2.34250000,2.34480000,2.32840000,2.33150000,2312274.30000000,1747757699999999,5401719.89487000,13714,482580.90000000,1127858.32312000,0
1747757700000000,2.33150000,2.34180000,2.33080000,2.33620000,965148.10000000,1747758599999999,2255803.96647000,13616,544598.30000000,1272883.24249000,0
1747758600000000,2.33610000,2.34250000,2.33500000,2.34010000,609374.90000000,1747759499999999,1425703.66725000,9124,236996.40000000,554483.52891000,0
1747759500000000,2.34020000,2.34190000,2.33080000,2.33410000,1138477.20000000,1747760399999999,2659000.95905000,8183,433954.20000000,1013705.30456000,0
1747760400000000,2.33410000,2.34950000,2.33260000,2.34890000,1024786.90000000,1747761299999999,2402130.75640000,11355,607129.00000000,1423681.82229000,0
1747761300000000,2.34890000,2.35000000,2.34450000,2.34880000,1097582.70000000,1747762199999999,2576548.26046000,12876,482764.20000000,1133340.19188000,0
1747762200000000,2.34880000,2.35310000,2.34560000,2.35070000,1985296.40000000,1747763099999999,4664161.62706000,12220,1334451.90000000,3135634.52884000,0
1747763100000000,2.35080000,2.35530000,2.34920000,2.34920000,695072.10000000,1747763999999999,1635039.45321000,8481,301514.20000000,709349.37780000,0
1747764000000000,2.34930000,2.35470000,2.34540000,2.35160000,578602.10000000,1747764899999999,1359617.80725000,8886,279198.00000000,656080.90629000,0
1747764900000000,2.35150000,2.35320000,2.33170000,2.33330000,2642966.20000000,1747765799999999,6179450.27096000,18828,650088.30000000,1520386.78086000,0
1747765800000000,2.33340000,2.33990000,2.32880000,2.33280000,1960515.80000000,1747766699999999,4573767.89266000,19831,817785.70000000,1908441.88280000,0
1747766700000000,2.33290000,2.33310000,2.31410000,2.31810000,3148297.40000000,1747767599999999,7307388.69398000,27004,1326762.10000000,3078750.43833000,0
1747767600000000,2.31810000,2.33120000,2.31450000,2.33090000,1000206.80000000,1747768499999999,2321957.98965000,15030,487297.70000000,1131510.28953000,0
1747768500000000,2.33100000,2.34130000,2.32930000,2.33940000,1292922.30000000,1747769399999999,3022057.65096000,12348,712217.20000000,1664784.14170000,0
1747769400000000,2.33930000,2.34570000,2.33870000,2.34320000,2466109.90000000,1747770299999999,5779357.66963000,12233,1781411.40000000,4174902.78082000,0
1747770300000000,2.34330000,2.37100000,2.34330000,2.35570000,3582611.60000000,1747771199999999,8447392.90918000,23810,2429696.70000000,5730313.23365000,0
1747771200000000,2.35570000,2.35660000,2.34530000,2.34930000,1286829.00000000,1747772099999999,3025371.74428000,18254,529813.20000000,1245534.57605000,0
1747772100000000,2.34920000,2.35220000,2.34370000,2.34890000,980101.20000000,1747772999999999,2301562.86137000,11214,395209.70000000,928069.46244000,0
1747773000000000,2.34900000,2.35190000,2.34270000,2.35020000,1103803.80000000,1747773899999999,2590865.54348000,9960,516498.40000000,1212537.80328000,0
1747773900000000,2.35020000,2.36270000,2.35020000,2.35510000,1253141.10000000,1747774799999999,2953670.21186000,13906,617519.20000000,1455532.64948000,0
1747774800000000,2.35510000,2.36220000,2.34610000,2.34760000,1670578.60000000,1747775699999999,3935865.22449000,18327,806180.80000000,1899729.38746000,0
1747775700000000,2.34760000,2.35900000,2.34620000,2.34650000,878556.70000000,1747776599999999,2067247.59443000,11965,361970.70000000,851501.49123000,0
1747776600000000,2.34640000,2.35500000,2.34010000,2.35330000,1059504.30000000,1747777499999999,2488846.94234000,18795,514943.90000000,1209858.67989000,0
1747777500000000,2.35340000,2.35890000,2.34630000,2.35530000,2105061.00000000,1747778399999999,4952728.51619000,13637,457353.20000000,1076879.83815000,0
1747778400000000,2.35520000,2.35870000,2.34570000,2.34950000,775979.50000000,1747779299999999,1824832.54399000,13265,382311.30000000,898970.45089000,0
1747779300000000,2.34950000,2.34960000,2.33770000,2.34580000,1662625.90000000,1747780199999999,3896489.00017000,11653,741242.20000000,1737319.06122000,0
1747780200000000,2.34580000,2.34740000,2.33840000,2.34730000,793677.10000000,1747781099999999,1859084.34371000,8821,378945.90000000,887892.75820000,0
1747781100000000,2.34720000,2.34980000,2.34360000,2.34930000,2343822.10000000,1747781999999999,5499846.72175000,11316,1918941.60000000,4502919.12046000,0
1747782000000000,2.34930000,2.35790000,2.34630000,2.35790000,859597.80000000,1747782899999999,2021278.39847000,11156,479968.50000000,1128852.22073000,0
1747782900000000,2.35780000,2.36480000,2.35730000,2.36100000,1591764.50000000,1747783799999999,3758508.10667000,14296,918915.30000000,2169643.96753000,0
1747783800000000,2.36100000,2.36180000,2.35210000,2.35270000,830337.40000000,1747784699999999,1957059.73725000,10403,330209.00000000,778117.70285000,0
1747784700000000,2.35270000,2.35860000,2.35060000,2.35650000,518056.10000000,1747785599999999,1220267.48210000,7535,320678.30000000,755395.12714000,0
1747785600000000,2.35650000,2.35890000,2.34950000,2.35810000,1271841.30000000,1747786499999999,2994115.77647000,16481,664897.30000000,1565217.14326000,0
1747786500000000,2.35810000,2.36120000,2.34700000,2.35110000,1113127.90000000,1747787399999999,2619325.69056000,12836,583672.40000000,1373847.81898000,0
1747787400000000,2.35100000,2.35770000,2.34760000,2.34990000,923628.50000000,1747788299999999,2172106.16908000,12368,554612.10000000,1304517.71504000,0
1747788300000000,2.34990000,2.35680000,2.34880000,2.35100000,708438.20000000,1747789199999999,1666306.07070000,10537,341743.90000000,803568.70425000,0
1747789200000000,2.35090000,2.36190000,2.34930000,2.35730000,1318552.70000000,1747790099999999,3106493.91182000,12542,763647.80000000,1799174.53726000,0
1747790100000000,2.35730000,2.36000000,2.35100000,2.35320000,965166.90000000,1747790999999999,2272621.62777000,8125,573529.50000000,1350652.96372000,0
1747791000000000,2.35330000,2.35700000,2.35120000,2.35410000,1331040.90000000,1747791899999999,3132667.91381000,10218,731061.40000000,1720499.56901000,0
1747791900000000,2.35400000,2.35490000,2.34520000,2.34650000,855505.10000000,1747792799999999,2010338.12996000,6129,548635.60000000,1289215.45335000,0
1747792800000000,2.34640000,2.34670000,2.33110000,2.33840000,1779327.20000000,1747793699999999,4158952.98978000,12838,886073.10000000,2070866.82891000,0
1747793700000000,2.33840000,2.34050000,2.33340000,2.33930000,1219877.10000000,1747794599999999,2851052.13439000,9200,670442.90000000,1566807.59071000,0
1747794600000000,2.33920000,2.35340000,2.33870000,2.35100000,1077127.50000000,1747795499999999,2529913.49367000,13021,732576.90000000,1720236.83965000,0
1747795500000000,2.35100000,2.35780000,2.35100000,2.35640000,936732.60000000,1747796399999999,2205852.61694000,11814,541131.80000000,1274294.63758000,0
1747796400000000,2.35640000,2.36480000,2.35410000,2.36290000,1111850.30000000,1747797299999999,2623678.92978000,10038,661923.60000000,1561999.02284000,0
1747797300000000,2.36290000,2.36500000,2.36040000,2.36340000,1258963.90000000,1747798199999999,2974697.59161000,9765,650276.10000000,1536476.29283000,0
1747798200000000,2.36340000,2.36720000,2.35970000,2.36250000,1153403.50000000,1747799099999999,2725878.19472000,11699,618098.20000000,1460875.35552000,0
1747799100000000,2.36250000,2.36740000,2.35690000,2.35850000,960499.20000000,1747799999999999,2268867.73606000,7137,456061.60000000,1077402.15735000,0
1747800000000000,2.35850000,2.36830000,2.35720000,2.36340000,871202.00000000,1747800899999999,2058963.82874000,8258,480472.90000000,1135346.27738000,0
1747800900000000,2.36340000,2.36490000,2.35840000,2.35870000,830344.20000000,1747801799999999,1961140.11694000,7701,418821.50000000,989278.68354000,0
1747801800000000,2.35870000,2.37940000,2.35480000,2.37580000,2902597.90000000,1747802699999999,6880628.38881000,22015,1564419.40000000,3707934.40760000,0
1747802700000000,2.37590000,2.37870000,2.36900000,2.36990000,1713831.10000000,1747803599999999,4068087.34627000,13736,837342.50000000,1987593.21338000,0
1747803600000000,2.36990000,2.37870000,2.36950000,2.37330000,1961679.20000000,1747804499999999,4658954.94015000,20433,839965.60000000,1994817.31260000,0
1747804500000000,2.37320000,2.39440000,2.37320000,2.37830000,4026014.10000000,1747805399999999,9595812.19004000,24788,2599454.90000000,6196288.90689000,0
1747805400000000,2.37840000,2.38850000,2.37800000,2.37920000,1352987.00000000,1747806299999999,3223823.41888000,13339,810074.20000000,1929994.82327000,0
1747806300000000,2.37920000,2.38600000,2.37520000,2.38180000,1852459.60000000,1747807199999999,4411602.29725000,12171,968671.70000000,2307150.80956000,0
1747807200000000,2.38190000,2.38660000,2.37020000,2.37310000,2024795.80000000,1747808099999999,4814583.67403000,15021,845674.40000000,2011055.99998000,0
1747808100000000,2.37300000,2.38290000,2.37000000,2.38120000,1117888.20000000,1747808999999999,2657451.89280000,12276,686364.80000000,1631775.38995000,0
1747809000000000,2.38130000,2.38680000,2.37860000,2.38450000,1635154.80000000,1747809899999999,3895746.83161000,13774,908405.10000000,2164452.82430000,0
1747809900000000,2.38450000,2.38550000,2.37630000,2.37730000,1560969.60000000,1747810799999999,3715317.23534000,9288,599511.00000000,1427194.36943000,0
1747810800000000,2.37740000,2.38120000,2.36490000,2.36580000,1985701.60000000,1747811699999999,4711140.43483000,17083,978279.00000000,2321337.02748000,0
1747811700000000,2.36580000,2.36630000,2.34700000,2.35450000,2777888.50000000,1747812599999999,6545818.42335000,32157,1312381.30000000,3092231.33050000,0
1747812600000000,2.35440000,2.35480000,2.34230000,2.34610000,2407381.60000000,1747813499999999,5651977.13643000,31730,1121880.00000000,2633317.73226000,0
1747813500000000,2.34610000,2.35300000,2.34140000,2.34900000,873497.50000000,1747814399999999,2049986.23032000,10805,467553.70000000,1097181.17616000,0
1747814400000000,2.34910000,2.36070000,2.34810000,2.35950000,1560615.70000000,1747815299999999,3673151.45090000,12062,865247.20000000,2037486.61636000,0
1747815300000000,2.35950000,2.35950000,2.35140000,2.35400000,709690.70000000,1747816199999999,1671834.14230000,11506,296361.10000000,698140.55603000,0
1747816200000000,2.35390000,2.35830000,2.34970000,2.35250000,893232.90000000,1747817099999999,2101894.36087000,19766,380646.90000000,895710.80871000,0
1747817100000000,2.35260000,2.35450000,2.34900000,2.34940000,609907.30000000,1747817999999999,1434052.26851000,8560,213176.60000000,501200.67392000,0
1747818000000000,2.34940000,2.35330000,2.34130000,2.34460000,1258305.90000000,1747818899999999,2953623.89117000,14316,503260.90000000,1180819.56102000,0
1747818900000000,2.34460000,2.34780000,2.34170000,2.34580000,560242.10000000,1747819799999999,1313575.11460000,6836,216530.60000000,507672.62686000,0
1747819800000000,2.34590000,2.34590000,2.33640000,2.33790000,1206809.80000000,1747820699999999,2825365.67487000,13976,418891.70000000,980683.93688000,0
1747820700000000,2.33800000,2.34030000,2.33620000,2.33920000,946605.00000000,1747821599999999,2213181.06685000,10834,457048.30000000,1068611.64912000,0
1747821600000000,2.33930000,2.34130000,2.33080000,2.33780000,1908050.80000000,1747822499999999,4457235.62583000,17920,768292.30000000,1794503.30886000,0
1747822500000000,2.33770000,2.33980000,2.33300000,2.33640000,1101439.70000000,1747823399999999,2572284.04234000,10053,571502.50000000,1334562.25482000,0
1747823400000000,2.33650000,2.34810000,2.33600000,2.34740000,1013520.00000000,1747824299999999,2375243.86781000,11446,508380.10000000,1191429.86925000,0
1747824300000000,2.34740000,2.34750000,2.34320000,2.34400000,1115791.10000000,1747825199999999,2617209.97848000,8671,461715.30000000,1082906.37627000,0
1747825200000000,2.34400000,2.35420000,2.34150000,2.35140000,1104010.50000000,1747826099999999,2593184.51045000,12354,594326.40000000,1396061.47893000,0
1747826100000000,2.35130000,2.35730000,2.35000000,2.35410000,1404900.60000000,1747826999999999,3307173.08845000,10260,752863.40000000,1772103.62903000,0
1747827000000000,2.35410000,2.35780000,2.35210000,2.35560000,876852.70000000,1747827899999999,2064809.19885000,6771,486693.70000000,1145983.50817000,0
1747827900000000,2.35550000,2.35550000,2.35050000,2.35240000,915601.50000000,1747828799999999,2153963.98937000,7556,348308.40000000,819296.20199000,0
1747828800000000,2.35230000,2.35440000,2.34640000,2.35380000,1431518.20000000,1747829699999999,3363008.43183000,9635,746541.50000000,1753823.53025000,0
1747829700000000,2.35370000,2.36200000,2.35370000,2.36010000,922185.60000000,1747830599999999,2175401.03100000,8728,475664.60000000,1122073.73964000,0
1747830600000000,2.36000000,2.36070000,2.35430000,2.35570000,654258.10000000,1747831499999999,1542613.96735000,6386,239775.90000000,565370.89124000,0
1747831500000000,2.35560000,2.35770000,2.35220000,2.35440000,463129.00000000,1747832399999999,1090286.05317000,5776,187077.80000000,440390.37074000,0
1747832400000000,2.35450000,2.35700000,2.34540000,2.34690000,724082.50000000,1747833299999999,1701461.67547000,8748,250484.40000000,588743.15404000,0
1747833300000000,2.34700000,2.35510000,2.34650000,2.35340000,852006.30000000,1747834199999999,2002657.11794000,6845,366734.70000000,862273.15045000,0
1747834200000000,2.35350000,2.37000000,2.35350000,2.36960000,1645661.20000000,1747835099999999,3886400.59806000,23246,888766.20000000,2098961.52420000,0
1747835100000000,2.36960000,2.37830000,2.36400000,2.36720000,3663359.90000000,1747835999999999,8687471.25790000,21678,1602273.00000000,3801025.17262000,0
1747836000000000,2.36710000,2.37410000,2.36530000,2.37250000,1737636.60000000,1747836899999999,4116335.98580000,25058,834711.50000000,1977203.16022000,0
1747836900000000,2.37240000,2.37920000,2.36700000,2.36940000,2267592.90000000,1747837799999999,5381845.71284000,15299,955082.30000000,2268471.89817000,0
1747837800000000,2.36940000,2.37670000,2.36090000,2.37510000,1080532.50000000,1747838699999999,2559863.39121000,13353,422863.70000000,1001797.12557000,0
1747838700000000,2.37510000,2.40070000,2.37300000,2.40010000,5585155.00000000,1747839599999999,13349376.76897000,40635,3613987.40000000,8637973.83714000,0
1747839600000000,2.40010000,2.40540000,2.38660000,2.39080000,6149719.20000000,1747840499999999,14730274.84420000,54857,3302622.80000000,7911486.88067000,0
1747840500000000,2.39080000,2.40000000,2.39080000,2.39420000,3174394.90000000,1747841399999999,7605771.03882000,26643,1404544.10000000,3365346.46681000,0
1747841400000000,2.39420000,2.40120000,2.38190000,2.39880000,3567183.30000000,1747842299999999,8533893.68740000,32559,1772566.50000000,4241405.27258000,0
1747842300000000,2.39880000,2.40680000,2.39560000,2.39930000,2819652.80000000,1747843199999999,6770293.07853000,18606,1545896.90000000,3712100.39564000,0
1747843200000000,2.39940000,2.40310000,2.39340000,2.40310000,1430517.90000000,1747844099999999,3430829.85906000,14612,702458.30000000,1684639.43614000,0
1747844100000000,2.40310000,2.41590000,2.40080000,2.41200000,3611313.40000000,1747844999999999,8694785.20285000,24974,2421180.20000000,5830596.68450000,0
1747845000000000,2.41200000,2.42570000,2.41180000,2.42560000,3491429.60000000,1747845899999999,8449445.76631000,31397,1888287.10000000,4569553.66463000,0
1747845900000000,2.42550000,2.42880000,2.41390000,2.41570000,2997606.80000000,1747846799999999,7257558.44353000,29232,1526247.50000000,3694772.59271000,0
1747846800000000,2.41570000,2.42050000,2.40090000,2.40800000,4755058.30000000,1747847699999999,11460709.77539000,33994,2202111.00000000,5309213.11573000,0
1747847700000000,2.40810000,2.40900000,2.34590000,2.34760000,8752664.30000000,1747848599999999,20732809.38758000,83854,3347123.70000000,7923787.04644000,0
1747848600000000,2.34760000,2.36750000,2.33780000,2.34700000,8247122.60000000,1747849499999999,19412434.30834000,89084,3781611.40000000,8903326.89878000,0
1747849500000000,2.34700000,2.35780000,2.33490000,2.34650000,4651498.20000000,1747850399999999,10913287.73755000,60061,2129200.50000000,4996695.46161000,0
1747850400000000,2.34650000,2.36350000,2.34130000,2.35730000,2213462.20000000,1747851299999999,5206969.88058000,30828,1046173.90000000,2461323.67474000,0
1747851300000000,2.35720000,2.36270000,2.34580000,2.34590000,1279424.90000000,1747852199999999,3010672.33917000,21047,584626.30000000,1376158.48189000,0
1747852200000000,2.34580000,2.37400000,2.34540000,2.37240000,1930989.20000000,1747853099999999,4557289.27360000,22695,898636.50000000,2121978.62166000,0
1747853100000000,2.37240000,2.37410000,2.35590000,2.35820000,2459885.60000000,1747853999999999,5812964.50323000,28171,957337.10000000,2262391.08859000,0
1747854000000000,2.35830000,2.36900000,2.35320000,2.36160000,1128681.30000000,1747854899999999,2663942.58901000,21041,549406.20000000,1296825.60510000,0
1747854900000000,2.36170000,2.36220000,2.35270000,2.35880000,706184.10000000,1747855799999999,1665108.92977000,19353,306277.90000000,722148.82599000,0
1747855800000000,2.35870000,2.37860000,2.35870000,2.37530000,982953.10000000,1747856699999999,2331462.66043000,18347,614113.50000000,1456713.06182000,0
1747856700000000,2.37540000,2.39150000,2.37370000,2.38990000,1570286.90000000,1747857599999999,3743418.74038000,20793,909300.10000000,2167411.77196000,0
1747857600000000,2.38980000,2.39320000,2.38030000,2.38170000,1586545.80000000,1747858499999999,3786969.52663000,18543,710689.10000000,1697066.36495000,0
1747858500000000,2.38170000,2.38780000,2.37790000,2.38010000,1388164.90000000,1747859399999999,3307092.81932000,10028,352241.20000000,839560.58913000,0
1747859400000000,2.38010000,2.38420000,2.36990000,2.37760000,2322492.50000000,1747860299999999,5525209.24130000,15893,878608.90000000,2090758.06237000,0
1747860300000000,2.37760000,2.38430000,2.37090000,2.38410000,827181.70000000,1747861199999999,1965987.82348000,10647,417483.40000000,992466.50134000,0
1747861200000000,2.38410000,2.38520000,2.37640000,2.38140000,798614.30000000,1747862099999999,1902121.35283000,7490,418573.50000000,996867.91759000,0
1747862100000000,2.38130000,2.38130000,2.37210000,2.37220000,514317.60000000,1747862999999999,1222083.52854000,5263,229968.90000000,546411.69547000,0
1747863000000000,2.37220000,2.37890000,2.37210000,2.37680000,482195.50000000,1747863899999999,1145466.40533000,5316,212246.30000000,504133.10484000,0
1747863900000000,2.37680000,2.38150000,2.37420000,2.37610000,491680.10000000,1747864799999999,1169354.34717000,5782,251528.80000000,598319.49813000,0
1747864800000000,2.37610000,2.38050000,2.37480000,2.37750000,513173.10000000,1747865699999999,1220441.30221000,11248,211234.40000000,502315.49587000,0
1747865700000000,2.37740000,2.38800000,2.37680000,2.38730000,510614.60000000,1747866599999999,1217511.59610000,7370,315534.80000000,752464.56727000,0
1747866600000000,2.38740000,2.39780000,2.38350000,2.39710000,1686916.00000000,1747867499999999,4032712.34697000,12221,987628.90000000,2361144.08014000,0
1747867500000000,2.39710000,2.40040000,2.39160000,2.39210000,1855179.70000000,1747868399999999,4444938.54284000,17482,799248.70000000,1915793.20597000,0
1747868400000000,2.39210000,2.39590000,2.38500000,2.39460000,1640391.80000000,1747869299999999,3921765.96449000,14082,878098.60000000,2099782.08118000,0
1747869300000000,2.39450000,2.41640000,2.39270000,2.40320000,4407262.60000000,1747870199999999,10600531.26923000,37972,2305878.20000000,5545828.40925000,0
1747870200000000,2.40320000,2.41160000,2.40060000,2.40120000,2557143.70000000,1747871099999999,6152558.84239000,27510,1149804.00000000,2766723.02994000,0
1747871100000000,2.40120000,2.40250000,2.39500000,2.39520000,1476594.60000000,1747871999999999,3542068.85380000,15038,629304.20000000,1509629.60258000,0
1747872000000000,2.39530000,2.40340000,2.39080000,2.40030000,3160931.90000000,1747872899999999,7575290.41836000,23316,1672743.60000000,4009404.97993000,0
1747872900000000,2.40030000,2.40650000,2.39740000,2.40070000,2167059.50000000,1747873799999999,5206257.20523000,18581,1428148.60000000,3431626.87783000,0
1747873800000000,2.40060000,2.40460000,2.38810000,2.39410000,3621586.20000000,1747874699999999,8678434.42406000,32858,1630662.90000000,3908516.40691000,0
1747874700000000,2.39410000,2.40410000,2.39410000,2.40410000,1081497.50000000,1747875599999999,2594954.37681000,14552,765841.60000000,1837606.27264000,0
1747875600000000,2.40410000,2.41300000,2.40370000,2.40790000,2694973.90000000,1747876499999999,6487297.27139000,23513,1829666.00000000,4404384.47219000,0
1747876500000000,2.40790000,2.41000000,2.40210000,2.40690000,3549683.70000000,1747877399999999,8541672.51620000,17883,1674684.20000000,4028833.06179000,0
1747877400000000,2.40690000,2.41060000,2.39260000,2.39510000,2441580.70000000,1747878299999999,5859566.25002000,23169,1098940.80000000,2638008.53538000,0
1747878300000000,2.39510000,2.39930000,2.38810000,2.39500000,1633971.60000000,1747879199999999,3910662.95784000,12507,899586.80000000,2153135.95949000,0
1747879200000000,2.39490000,2.40190000,2.39350000,2.40070000,1344589.40000000,1747880099999999,3223474.38578000,15106,839795.10000000,2013590.40591000,0
1747880100000000,2.40060000,2.40650000,2.39680000,2.40360000,876606.30000000,1747880999999999,2105348.58341000,11942,575395.60000000,1382000.10045000,0
1747881000000000,2.40360000,2.41110000,2.39970000,2.40470000,2026954.90000000,1747881899999999,4878168.10885000,12523,955088.10000000,2299790.13529000,0
1747881900000000,2.40470000,2.40890000,2.40190000,2.40360000,858475.00000000,1747882799999999,2064282.69732000,10956,509684.50000000,1225539.77698000,0
1747882800000000,2.40350000,2.40550000,2.40010000,2.40210000,623981.90000000,1747883699999999,1499681.14821000,7888,377304.10000000,906809.62475000,0
1747883700000000,2.40210000,2.40410000,2.39670000,2.40380000,1057550.80000000,1747884599999999,2538817.11496000,8745,618665.40000000,1485360.60788000,0
1747884600000000,2.40380000,2.41360000,2.40280000,2.41280000,2610766.60000000,1747885499999999,6289290.21787000,20526,1386550.90000000,3339250.69679000,0
1747885500000000,2.41270000,2.42330000,2.41270000,2.41730000,3168658.90000000,1747886399999999,7664993.82008000,33316,2094758.40000000,5067074.71951000,0
1747886400000000,2.41730000,2.41850000,2.41070000,2.41260000,1972510.00000000,1747887299999999,4763260.58074000,24862,939085.00000000,2267569.04243000,0
1747887300000000,2.41260000,2.41920000,2.40950000,2.41370000,1333758.00000000,1747888199999999,3219161.83236000,13799,742209.80000000,1791393.10724000,0
1747888200000000,2.41370000,2.42040000,2.41050000,2.42030000,1285310.20000000,1747889099999999,3105414.69746000,11808,758966.30000000,1833819.56627000,0
1747889100000000,2.42020000,2.42050000,2.41450000,2.41900000,1158175.10000000,1747889999999999,2799478.25928000,6791,720670.10000000,1741917.79579000,0
1747890000000000,2.41900000,2.41970000,2.40590000,2.40840000,2840840.90000000,1747890899999999,6851639.31441000,16522,1013870.00000000,2445401.59069000,0
1747890900000000,2.40830000,2.41850000,2.40830000,2.41630000,980005.30000000,1747891799999999,2364711.15753000,9744,496916.70000000,1199013.47159000,0
1747891800000000,2.41630000,2.41670000,2.41210000,2.41400000,769701.40000000,1747892699999999,1858461.85143000,10295,452319.20000000,1092126.55626000,0
1747892700000000,2.41400000,2.41400000,2.40020000,2.40130000,1532973.40000000,1747893599999999,3689222.30521000,12322,614510.70000000,1479037.59808000,0
1747893600000000,2.40130000,2.40770000,2.39910000,2.40250000,1427622.40000000,1747894499999999,3431242.85374000,10607,689469.90000000,1657155.68794000,0
1747894500000000,2.40250000,2.40270000,2.39370000,2.39660000,2491983.40000000,1747895399999999,5976988.97421000,15190,991538.50000000,2378535.17596000,0
1747895400000000,2.39660000,2.40000000,2.39380000,2.39970000,1254507.00000000,1747896299999999,3006901.16231000,13528,656646.30000000,1573942.98647000,0
1747896300000000,2.39980000,2.40290000,2.39300000,2.39500000,1637152.70000000,1747897199999999,3926565.68849000,10191,873320.50000000,2094854.44632000,0
1747897200000000,2.39500000,2.40300000,2.39200000,2.40300000,1881580.50000000,1747898099999999,4511992.50888000,12127,1221164.40000000,2928836.58742000,0
1747898100000000,2.40300000,2.40720000,2.38810000,2.39320000,2740672.40000000,1747898999999999,6567736.18060000,16826,1227182.50000000,2940990.49124000,0
1747899000000000,2.39310000,2.40310000,2.39120000,2.40090000,1481352.50000000,1747899899999999,3551156.30928000,12531,890337.50000000,2134409.51641000,0
1747899900000000,2.40080000,2.40760000,2.40030000,2.40550000,1119616.10000000,1747900799999999,2691252.98931000,9427,605779.40000000,1456260.69570000,0
1747900800000000,2.40550000,2.41810000,2.40390000,2.41710000,1338365.80000000,1747901699999999,3227603.45049000,11150,797286.40000000,1922999.79043000,0
1747901700000000,2.41710000,2.44170000,2.41630000,2.42840000,5081374.00000000,1747902599999999,12352212.36646000,32905,2921212.30000000,7101305.08068000,0
1747902600000000,2.42850000,2.43850000,2.42620000,2.43020000,4367123.20000000,1747903499999999,10623486.88341000,26131,2682332.30000000,6524997.55970000,0
1747903500000000,2.43010000,2.43590000,2.42900000,2.43460000,2213123.50000000,1747904399999999,5383785.89005000,17798,1201935.50000000,2923884.67967000,0
1747904400000000,2.43460000,2.44850000,2.43320000,2.44390000,3451136.40000000,1747905299999999,8425534.19868000,31510,1915656.90000000,4677192.43077000,0
1747905300000000,2.44400000,2.45550000,2.44310000,2.44980000,3244117.80000000,1747906199999999,7947569.28357000,30930,1884074.30000000,4614913.97558000,0
1747906200000000,2.44990000,2.45000000,2.43390000,2.43420000,1886734.50000000,1747907099999999,4604296.16896000,16097,755554.90000000,1843446.79720000,0
1747907100000000,2.43420000,2.43460000,2.42620000,2.43170000,2418286.60000000,1747907999999999,5879605.93603000,15627,1199178.10000000,2915903.21208000,0
1747908000000000,2.43170000,2.43370000,2.42460000,2.43240000,1610496.20000000,1747908899999999,3912632.17835000,16620,786503.80000000,1910923.18905000,0
1747908900000000,2.43230000,2.43590000,2.42920000,2.43380000,991903.40000000,1747909799999999,2412700.10340000,10275,558477.60000000,1358444.14014000,0
1747909800000000,2.43380000,2.43500000,2.42520000,2.42710000,1398016.30000000,1747910699999999,3395549.15542000,14129,435164.10000000,1057169.50969000,0
1747910700000000,2.42710000,2.42770000,2.41910000,2.42180000,1966212.90000000,1747911599999999,4762390.88132000,10254,731679.30000000,1772220.37156000,0
1747911600000000,2.42180000,2.42440000,2.41130000,2.41910000,1831555.40000000,1747912499999999,4426148.61478000,17062,576269.80000000,1392543.99598000,0
1747912500000000,2.41900000,2.42500000,2.41130000,2.41510000,2065986.90000000,1747913399999999,4997190.18319000,14743,855552.60000000,2070343.96708000,0
1747913400000000,2.41520000,2.42240000,2.41490000,2.42230000,870902.20000000,1747914299999999,2106694.27583000,8497,494965.30000000,1197271.44752000,0
1747914300000000,2.42230000,2.43910000,2.42090000,2.43190000,2993714.50000000,1747915199999999,7276209.75584000,18757,1763869.90000000,4286298.58293000,0
1747915200000000,2.43190000,2.43640000,2.42440000,2.42500000,1038582.30000000,1747916099999999,2525242.06000000,14127,365535.90000000,889061.66818000,0
1747916100000000,2.42510000,2.43380000,2.42140000,2.42960000,1281761.40000000,1747916999999999,3112656.11991000,12536,496322.80000000,1205589.88212000,0
1747917000000000,2.42960000,2.44200000,2.42410000,2.42930000,3795283.10000000,1747917899999999,9233351.48898000,25806,2515496.80000000,6120471.65135000,0
1747917900000000,2.42930000,2.43520000,2.42810000,2.42910000,1280136.70000000,1747918799999999,3112320.54093000,13057,556572.70000000,1353471.26304000,0
1747918800000000,2.42910000,2.42970000,2.41430000,2.41760000,2294660.20000000,1747919699999999,5552644.99090000,20668,671381.50000000,1625061.69126000,0
1747919700000000,2.41760000,2.42630000,2.41660000,2.42620000,923814.90000000,1747920599999999,2237396.95851000,9875,442832.60000000,1072744.24296000,0
1747920600000000,2.42620000,2.42970000,2.40890000,2.42050000,1869630.50000000,1747921499999999,4521280.52547000,31676,822229.60000000,1988605.49838000,0
1747921500000000,2.42050000,2.42570000,2.41360000,2.41790000,1209579.10000000,1747922399999999,2926894.90445000,25237,584459.50000000,1414485.92785000,0
1747922400000000,2.41790000,2.42720000,2.41590000,2.41980000,1141061.10000000,1747923299999999,2762377.78820000,18152,394558.30000000,955360.29329000,0
1747923300000000,2.41990000,2.43080000,2.41910000,2.42990000,1110752.10000000,1747924199999999,2694295.42382000,14065,459949.60000000,1115794.01558000,0
1747924200000000,2.42990000,2.43650000,2.42420000,2.42880000,1432270.60000000,1747925099999999,3481578.82382000,14106,610093.90000000,1483117.41097000,0
1747925100000000,2.42880000,2.43230000,2.41630000,2.42540000,1453850.80000000,1747925999999999,3524173.37714000,11288,640428.60000000,1552418.44109000,0
1747926000000000,2.42550000,2.42970000,2.42220000,2.42910000,1166276.30000000,1747926899999999,2829717.86552000,16771,618298.00000000,1500199.82743000,0
1747926900000000,2.42910000,2.43420000,2.42770000,2.43120000,1140430.30000000,1747927799999999,2772217.95470000,14534,452570.90000000,1100221.91036000,0
1747927800000000,2.43110000,2.43830000,2.43030000,2.43770000,1389025.70000000,1747928699999999,3383447.77302000,14245,806804.60000000,1965403.57975000,0
1747928700000000,2.43770000,2.43880000,2.42990000,2.43280000,763061.10000000,1747929599999999,1856975.35172000,12490,339613.20000000,826421.73267000,0
1747929600000000,2.43290000,2.43530000,2.42930000,2.43430000,787219.90000000,1747930499999999,1915023.37741000,11393,339728.60000000,826388.80105000,0
1747930500000000,2.43440000,2.43890000,2.42670000,2.42670000,992258.70000000,1747931399999999,2413196.93213000,9316,443671.10000000,1079305.56680000,0
1747931400000000,2.42660000,2.43210000,2.42160000,2.43020000,1248199.60000000,1747932299999999,3029213.61958000,11647,566762.50000000,1375393.24591000,0
1747932300000000,2.43020000,2.43020000,2.41790000,2.42110000,1324275.50000000,1747933199999999,3208943.09167000,9498,471050.50000000,1140970.77738000,0
1747933200000000,2.42110000,2.42500000,2.41800000,2.42300000,781805.20000000,1747934099999999,1893650.17236000,6523,263600.70000000,638390.69938000,0
1747934100000000,2.42300000,2.43380000,2.42200000,2.43030000,627826.60000000,1747934999999999,1526061.41385000,6127,286575.30000000,696462.99481000,0
1747935000000000,2.43030000,2.43460000,2.42970000,2.43340000,787795.00000000,1747935899999999,1916180.08314000,8901,361391.60000000,879135.03845000,0
1747935900000000,2.43330000,2.43340000,2.42520000,2.42820000,603798.90000000,1747936799999999,1465599.53539000,8389,208935.60000000,507116.69817000,0
1747936800000000,2.42830000,2.42870000,2.42310000,2.42610000,688882.00000000,1747937699999999,1670777.34135000,10033,293658.20000000,712253.88317000,0
1747937700000000,2.42610000,2.43240000,2.42610000,2.43110000,576322.40000000,1747938599999999,1400839.50539000,6667,376965.60000000,916279.49209000,0
1747938600000000,2.43120000,2.43330000,2.42810000,2.42920000,785444.70000000,1747939499999999,1909686.08450000,8408,218411.00000000,530993.44248000,0
1747939500000000,2.42930000,2.43590000,2.42840000,2.43100000,635377.00000000,1747940399999999,1545453.32951000,8006,258657.70000000,629127.73216000,0
1747940400000000,2.43090000,2.43260000,2.42240000,2.42870000,1153753.90000000,1747941299999999,2799907.88448000,10274,359072.00000000,871429.62662000,0
1747941300000000,2.42870000,2.42980000,2.42420000,2.42850000,579033.40000000,1747942199999999,1405417.26421000,8124,305329.70000000,741004.12009000,0
1747942200000000,2.42840000,2.42900000,2.42050000,2.42060000,773942.00000000,1747943099999999,1875668.11599000,9847,342881.80000000,831345.29676000,0
1747943100000000,2.42060000,2.42330000,2.41530000,2.42290000,889339.60000000,1747943999999999,2151309.78110000,11767,350406.10000000,847711.04064000,0
1747944000000000,2.42300000,2.43160000,2.42250000,2.43000000,850645.90000000,1747944899999999,2064479.86755000,7167,429836.40000000,1043241.96719000,0
1747944900000000,2.43010000,2.43010000,2.41970000,2.42090000,782014.30000000,1747945799999999,1896231.47784000,7154,302964.40000000,734360.70960000,0
1747945800000000,2.42100000,2.42290000,2.41710000,2.42240000,742695.60000000,1747946699999999,1796975.72651000,8137,328122.80000000,794056.55365000,0
1747946700000000,2.42240000,2.42420000,2.41990000,2.42200000,826352.40000000,1747947599999999,2001426.46663000,5916,405924.90000000,983182.13668000,0
1747947600000000,2.42200000,2.42200000,2.41270000,2.41740000,871893.80000000,1747948499999999,2106291.68991000,7211,466152.40000000,1126141.86666000,0
1747948500000000,2.41750000,2.41750000,2.40530000,2.40590000,1037138.90000000,1747949399999999,2499856.85300000,8935,445840.50000000,1074655.88318000,0
1747949400000000,2.40590000,2.41380000,2.40590000,2.41190000,537459.20000000,1747950299999999,1295817.75793000,5595,295189.50000000,711639.29661000,0
1747950300000000,2.41200000,2.41430000,2.40860000,2.41180000,491978.30000000,1747951199999999,1186364.01468000,5591,219212.30000000,528560.36496000,0
1747951200000000,2.41190000,2.41840000,2.41010000,2.41390000,840207.90000000,1747952099999999,2028956.94473000,11791,407552.30000000,984049.55575000,0
1747952100000000,2.41390000,2.41820000,2.41380000,2.41660000,526678.10000000,1747952999999999,1272624.58577000,7607,293166.20000000,708367.70189000,0
1747953000000000,2.41670000,2.42440000,2.41630000,2.42250000,596431.60000000,1747953899999999,1444234.75006000,6952,313768.60000000,759673.36507000,0
1747953900000000,2.42250000,2.42250000,2.41380000,2.41480000,922864.30000000,1747954799999999,2231236.40736000,7079,303927.50000000,734651.48812000,0
1747954800000000,2.41490000,2.42050000,2.41490000,2.42030000,473724.00000000,1747955699999999,1145383.12684000,5727,289119.10000000,699039.59092000,0
1747955700000000,2.42040000,2.42460000,2.41780000,2.42310000,466562.50000000,1747956599999999,1129335.97234000,5298,253929.40000000,614596.23396000,0
1747956600000000,2.42300000,2.42900000,2.42270000,2.42770000,1016110.90000000,1747957499999999,2465837.97762000,6880,664960.40000000,1613632.33468000,0
1747957500000000,2.42770000,2.43300000,2.42770000,2.43110000,976306.50000000,1747958399999999,2373117.06233000,6579,584181.70000000,1420102.73843000,0
1747958400000000,2.43110000,2.43980000,2.42140000,2.43840000,2425467.90000000,1747959299999999,5891917.50220000,15709,1153023.40000000,2803590.58454000,0
1747959300000000,2.43830000,2.43940000,2.42890000,2.43120000,2026680.50000000,1747960199999999,4933691.63983000,16650,776325.30000000,1889566.90384000,0
1747960200000000,2.43130000,2.43700000,2.42120000,2.43350000,1757290.40000000,1747961099999999,4269440.11380000,15731,722817.70000000,1757645.36011000,0
1747961100000000,2.43350000,2.44260000,2.43180000,2.43410000,3273284.60000000,1747961999999999,7977488.27965000,21498,1677780.50000000,4090055.81850000,0
1747962000000000,2.43410000,2.43900000,2.42680000,2.43220000,1526187.00000000,1747962899999999,3713168.16762000,16140,730449.60000000,1777051.00593000,0
1747962900000000,2.43230000,2.44970000,2.42870000,2.44760000,2721894.50000000,1747963799999999,6646940.66648000,23146,1669555.80000000,4077117.66267000,0
1747963800000000,2.44770000,2.45580000,2.44530000,2.45300000,2992894.10000000,1747964699999999,7334531.94525000,22278,1702801.00000000,4172906.97890000,0
1747964700000000,2.45300000,2.45830000,2.45080000,2.45190000,1851730.70000000,1747965599999999,4545068.37211000,15670,934070.10000000,2292763.77489000,0
1747965600000000,2.45190000,2.47290000,2.45110000,2.47210000,4157843.30000000,1747966499999999,10244495.75350000,29782,2407603.50000000,5932122.86204000,0
1747966500000000,2.47210000,2.47630000,2.46710000,2.47110000,2992925.20000000,1747967399999999,7399543.78610000,27476,1489623.30000000,3682874.67555000,0
1747967400000000,2.47110000,2.47990000,2.46420000,2.46630000,3082173.10000000,1747968299999999,7618885.11850000,27065,1548405.40000000,3827643.02919000,0
1747968300000000,2.46640000,2.47300000,2.45680000,2.46080000,2352954.60000000,1747969199999999,5796327.80844000,16584,943317.90000000,2324381.75869000,0
1747969200000000,2.46080000,2.46660000,2.46030000,2.46540000,1213698.50000000,1747970099999999,2990696.77776000,12915,536936.80000000,1322948.57051000,0
1747970100000000,2.46540000,2.47080000,2.46050000,2.46340000,1638340.40000000,1747970999999999,4040059.69451000,16407,739426.40000000,1823303.52131000,0
1747971000000000,2.46330000,2.47020000,2.45850000,2.47010000,1458650.00000000,1747971899999999,3592975.92473000,13061,821703.80000000,2024171.71909000,0
1747971900000000,2.47010000,2.47750000,2.46600000,2.47340000,1221884.00000000,1747972799999999,3021050.51003000,14316,645133.10000000,1594774.93367000,0
1747972800000000,2.47350000,2.47800000,2.46230000,2.46340000,1026608.50000000,1747973699999999,2535912.18904000,15805,444132.30000000,1096630.71279000,0
1747973700000000,2.46340000,2.46490000,2.44760000,2.45460000,2466360.70000000,1747974599999999,6053826.57577000,17179,1055526.60000000,2591582.32562000,0
1747974600000000,2.45470000,2.45600000,2.43910000,2.44630000,1920773.10000000,1747975499999999,4695290.79472000,22217,684450.80000000,1672827.30044000,0
1747975500000000,2.44630000,2.45780000,2.44600000,2.45640000,1107470.80000000,1747976399999999,2714946.92657000,12315,597178.70000000,1463991.86803000,0
1747976400000000,2.45640000,2.46140000,2.45040000,2.45990000,1360905.50000000,1747977299999999,3344052.54643000,10013,892999.50000000,2195059.43627000,0
1747977300000000,2.45980000,2.46070000,2.44510000,2.44760000,2021405.80000000,1747978199999999,4958855.49677000,11961,954284.90000000,2341902.08172000,0
1747978200000000,2.44760000,2.45020000,2.44190000,2.44900000,1124607.10000000,1747979099999999,2751541.94983000,14973,587126.40000000,1436516.25960000,0
1747979100000000,2.44910000,2.45500000,2.44750000,2.45460000,903746.60000000,1747979999999999,2215448.74980000,7903,505564.20000000,1239428.25565000,0
1747980000000000,2.45450000,2.45730000,2.44010000,2.44460000,1478081.90000000,1747980899999999,3619704.04725000,14875,541824.00000000,1326836.34408000,0
1747980900000000,2.44460000,2.44650000,2.42680000,2.43350000,4828691.10000000,1747981799999999,11761437.02835000,36958,1487388.30000000,3622529.64568000,0
1747981800000000,2.43360000,2.43570000,2.42530000,2.43020000,1869843.30000000,1747982699999999,4545604.21014000,20552,743787.70000000,1807910.32434000,0
1747982700000000,2.43020000,2.43070000,2.41000000,2.42040000,3710732.50000000,1747983599999999,8975486.61470000,28765,1340056.10000000,3241931.73661000,0
1747983600000000,2.42040000,2.43150000,2.42030000,2.43030000,1064724.30000000,1747984499999999,2582109.04976000,11336,666471.20000000,1616303.89253000,0
1747984500000000,2.43030000,2.43350000,2.42820000,2.43080000,1008269.00000000,1747985399999999,2450864.85261000,8956,393513.00000000,956608.56348000,0
1747985400000000,2.43080000,2.43330000,2.42240000,2.42560000,1326645.00000000,1747986299999999,3219899.58774000,11385,682924.30000000,1657585.52143000,0
1747986300000000,2.42550000,2.42900000,2.41730000,2.42690000,1840518.80000000,1747987199999999,4460719.96783000,11744,1156420.50000000,2802637.40462000,0
1747987200000000,2.42680000,2.43340000,2.42660000,2.43330000,963838.10000000,1747988099999999,2341855.06976000,7606,479199.00000000,1164293.69193000,0
1747988100000000,2.43330000,2.43560000,2.42940000,2.43530000,909088.20000000,1747988999999999,2211324.24993000,6142,531983.80000000,1294113.15954000,0
1747989000000000,2.43540000,2.44180000,2.43470000,2.44180000,1481514.10000000,1747989899999999,3612327.69212000,6578,1042128.90000000,2541014.00403000,0
1747989900000000,2.44180000,2.44400000,2.43790000,2.43890000,1620066.80000000,1747990799999999,3955296.89744000,7662,510244.90000000,1245379.93739000,0
1747990800000000,2.43880000,2.44930000,2.43670000,2.44790000,1417120.80000000,1747991699999999,3464344.73573000,10347,717858.90000000,1754543.44053000,0
1747991700000000,2.44790000,2.45410000,2.44760000,2.44920000,1848530.80000000,1747992599999999,4531212.80008000,11781,1000577.90000000,2452630.59297000,0
1747992600000000,2.44920000,2.45410000,2.44920000,2.44960000,916914.20000000,1747993499999999,2248299.49807000,8678,378461.50000000,927987.91851000,0
1747993500000000,2.44960000,2.45330000,2.44880000,2.44990000,1079857.20000000,1747994399999999,2646867.16958000,7319,365596.20000000,896117.96224000,0
1747994400000000,2.45000000,2.45070000,2.43690000,2.43950000,1549265.20000000,1747995299999999,3788164.78928000,11519,497938.90000000,1217892.90153000,0
1747995300000000,2.43950000,2.44340000,2.43480000,2.44160000,837982.30000000,1747996199999999,2044139.92113000,9347,271468.80000000,662388.69750000,0
1747996200000000,2.44150000,2.44500000,2.43650000,2.44070000,1029559.20000000,1747997099999999,2513070.90218000,7990,412952.20000000,1007909.25040000,0
1747997100000000,2.44070000,2.44480000,2.43760000,2.44210000,647453.20000000,1747997999999999,1580917.39978000,7558,339956.10000000,829974.76280000,0
1747998000000000,2.44210000,2.44370000,2.43360000,2.43580000,740252.20000000,1747998899999999,1805730.81572000,7948,263104.70000000,641579.29474000,0
1747998900000000,2.43580000,2.43910000,2.42470000,2.43210000,1447084.70000000,1747999799999999,3517510.87361000,19428,612102.70000000,1487937.46542000,0
1747999800000000,2.43210000,2.43370000,2.41720000,2.42040000,2005479.00000000,1748000699999999,4865414.43201000,16481,839078.70000000,2035706.44241000,0
1748000700000000,2.42050000,2.42130000,2.35200000,2.36360000,15140563.00000000,1748001599999999,36055088.48718000,121776,6282890.70000000,14950689.76566000,0
1748001600000000,2.36370000,2.36490000,2.33160000,2.33720000,11847437.00000000,1748002499999999,27781857.90829000,100666,5759919.40000000,13507718.83597000,0
1748002500000000,2.33710000,2.34230000,2.30000000,2.34160000,10825845.90000000,1748003399999999,25153169.70076000,94032,4668747.90000000,10854077.98833000,0
1748003400000000,2.34160000,2.35350000,2.33420000,2.34760000,4492098.40000000,1748004299999999,10534223.30686000,41883,2468823.70000000,5788108.67031000,0
1748004300000000,2.34750000,2.35130000,2.34230000,2.34880000,2785518.30000000,1748005199999999,6537375.90955000,30623,1548639.80000000,3634515.05513000,0
1748005200000000,2.34870000,2.35090000,2.33350000,2.34230000,2531397.30000000,1748006099999999,5928810.35249000,37399,1103819.80000000,2585992.94192000,0
1748006100000000,2.34230000,2.35500000,2.34010000,2.35240000,2796477.60000000,1748006999999999,6569703.84360000,21848,1119127.70000000,2628609.20700000,0
1748007000000000,2.35250000,2.37000000,2.35130000,2.36170000,4206956.80000000,1748007899999999,9941012.43755000,52131,2145858.80000000,5071411.95661000,0
1748007900000000,2.36170000,2.37600000,2.35750000,2.37260000,3073744.20000000,1748008799999999,7279410.16137000,33172,1608883.70000000,3810533.10621000,0
1748008800000000,2.37260000,2.37740000,2.36600000,2.37410000,2645860.80000000,1748009699999999,6277553.75851000,27936,1395614.50000000,3311849.08042000,0
1748009700000000,2.37400000,2.37590000,2.36730000,2.36910000,1482949.20000000,1748010599999999,3518105.43164000,19935,631754.70000000,1498720.25032000,0
1748010600000000,2.36920000,2.37470000,2.36770000,2.37310000,1387676.10000000,1748011499999999,3290104.72344000,21407,666264.00000000,1579854.61605000,0
1748011500000000,2.37300000,2.38290000,2.37260000,2.37580000,1539743.20000000,1748012399999999,3664790.43803000,16130,714213.60000000,1699708.21455000,0
1748012400000000,2.37570000,2.38180000,2.36330000,2.36600000,1975684.50000000,1748013299999999,4684626.18214000,27284,874911.80000000,2074053.17840000,0
1748013300000000,2.36590000,2.37520000,2.36460000,2.37230000,1014539.20000000,1748014199999999,2405365.18943000,16306,436827.80000000,1035430.07254000,0
1748014200000000,2.37240000,2.38000000,2.37190000,2.37490000,674852.50000000,1748015099999999,1603817.58078000,13998,357236.30000000,849017.78478000,0
1748015100000000,2.37500000,2.37510000,2.35980000,2.36170000,1248090.00000000,1748015999999999,2953324.23984000,13744,430588.10000000,1018778.81703000,0
1748016000000000,2.36170000,2.36690000,2.35400000,2.35730000,2199611.40000000,1748016899999999,5190680.81163000,26690,1081326.60000000,2551999.52672000,0
1748016900000000,2.35720000,2.36180000,2.34750000,2.36000000,3043521.10000000,1748017799999999,7160949.77320000,23877,1326818.30000000,3122480.37988000,0
1748017800000000,2.36010000,2.36230000,2.35000000,2.35130000,1443324.70000000,1748018699999999,3400920.03465000,14989,649778.90000000,1530967.38726000,0
1748018700000000,2.35130000,2.36310000,2.35120000,2.36300000,495675.50000000,1748019599999999,1168588.40643000,10131,297868.40000000,702234.92036000,0
1748019600000000,2.36300000,2.36960000,2.36130000,2.36960000,882648.00000000,1748020499999999,2088681.68224000,10060,435383.60000000,1030253.93315000,0
1748020500000000,2.36960000,2.37500000,2.36710000,2.37370000,802292.70000000,1748021399999999,1903090.95342000,10554,421266.90000000,999334.09749000,0
1748021400000000,2.37370000,2.37370000,2.36030000,2.36170000,928482.20000000,1748022299999999,2197193.56136000,9514,305287.30000000,722049.97081000,0
1748022300000000,2.36160000,2.37030000,2.36120000,2.36690000,447501.30000000,1748023199999999,1058930.80908000,8042,236485.80000000,559560.52042000,0
1748023200000000,2.36700000,2.37090000,2.36300000,2.36590000,483175.00000000,1748024099999999,1143225.98416000,7087,222885.00000000,527254.90263000,0
1748024100000000,2.36590000,2.36820000,2.35370000,2.36010000,804246.20000000,1748024999999999,1897846.68422000,14094,344030.40000000,811943.29388000,0
1748025000000000,2.36020000,2.36230000,2.35700000,2.35910000,403871.60000000,1748025899999999,953131.08502000,6514,162789.60000000,384223.46744000,0
1748025900000000,2.35900000,2.35900000,2.34560000,2.35050000,2434586.30000000,1748026799999999,5726375.58893000,13712,1129185.40000000,2655598.60249000,0
1748026800000000,2.35050000,2.36210000,2.34730000,2.35900000,1175038.90000000,1748027699999999,2767133.24490000,10809,664106.40000000,1564414.00439000,0
1748027700000000,2.35900000,2.35950000,2.35170000,2.35400000,415711.30000000,1748028599999999,979096.73841000,7998,227428.80000000,535584.88309000,0
1748028600000000,2.35390000,2.35800000,2.35190000,2.35780000,587336.50000000,1748029499999999,1383438.25002000,8699,256505.10000000,604139.62859000,0
1748029500000000,2.35770000,2.35770000,2.33900000,2.34030000,1882164.90000000,1748030399999999,4415686.78902000,17211,953046.90000000,2236367.57040000,0
1748030400000000,2.34030000,2.34470000,2.33580000,2.33880000,1061643.50000000,1748031299999999,2483263.30546000,16239,495025.10000000,1157857.93927000,0
1748031300000000,2.33870000,2.34540000,2.33750000,2.34480000,872649.70000000,1748032199999999,2044682.46919000,8863,436081.30000000,1021725.76917000,0
1748032200000000,2.34490000,2.34490000,2.32910000,2.33230000,1488727.60000000,1748033099999999,3473672.49899000,14067,563702.00000000,1315373.68324000,0
1748033100000000,2.33240000,2.33700000,2.32460000,2.32630000,2167750.90000000,1748033999999999,5047270.70649000,13281,869862.30000000,2025495.04861000,0
1748034000000000,2.32630000,2.33070000,2.32170000,2.33070000,1099439.70000000,1748034899999999,2555880.92749000,13228,552124.60000000,1283626.57305000,0
1748034900000000,2.33070000,2.34040000,2.32860000,2.33630000,2045870.40000000,1748035799999999,4778430.00858000,12449,1114847.80000000,2604113.68816000,0
1748035800000000,2.33630000,2.33630000,2.32820000,2.33190000,958521.60000000,1748036699999999,2234757.64416000,11747,515141.40000000,1200803.70194000,0
1748036700000000,2.33200000,2.33810000,2.32220000,2.32740000,634744.40000000,1748037599999999,1478204.24720000,9639,331651.60000000,772540.64779000,0
1748037600000000,2.32750000,2.33700000,2.32430000,2.33680000,906151.60000000,1748038499999999,2110708.38432000,15863,473226.70000000,1102578.11002000,0
1748038500000000,2.33660000,2.33820000,2.33150000,2.33150000,630700.70000000,1748039399999999,1472537.65724000,10163,310839.00000000,725737.83629000,0
1748039400000000,2.33140000,2.33270000,2.31850000,2.31940000,1062747.40000000,1748040299999999,2470461.12712000,11063,507941.30000000,1181220.98839000,0
1748040300000000,2.31940000,2.32140000,2.31390000,2.31620000,1023213.60000000,1748041199999999,2371889.93149000,15855,615184.10000000,1426096.72095000,0
1748041200000000,2.31610000,2.31860000,2.30420000,2.31310000,1635823.60000000,1748042099999999,3782249.13682000,22496,663793.40000000,1534834.21372000,0
1748042100000000,2.31320000,2.31500000,2.30270000,2.30500000,1641931.10000000,1748042999999999,3789025.42620000,18527,903068.10000000,2084123.83889000,0
1748043000000000,2.30510000,2.31000000,2.28380000,2.29260000,5394272.10000000,1748043899999999,12378165.34805000,46643,2159377.30000000,4957648.32669000,0
1748043900000000,2.29260000,2.30210000,2.28630000,2.29660000,2365357.10000000,1748044799999999,5426435.63773000,37996,1224214.20000000,2808950.15933000,0
1748044800000000,2.29650000,2.31310000,2.28590000,2.31030000,3072514.90000000,1748045699999999,7061795.38969000,33544,1563407.00000000,3594973.47022000,0
1748045700000000,2.31030000,2.31630000,2.30270000,2.30630000,1545149.80000000,1748046599999999,3570392.21521000,20242,727741.50000000,1681642.28498000,0
1748046600000000,2.30630000,2.31810000,2.30610000,2.31120000,1302746.20000000,1748047499999999,3014254.93239000,15558,737669.30000000,1707148.68647000,0
1748047500000000,2.31120000,2.31140000,2.29890000,2.30030000,1224412.30000000,1748048399999999,2823249.66845000,13771,483567.70000000,1115367.04234000,0
1748048400000000,2.30030000,2.31430000,2.30000000,2.30950000,1349308.70000000,1748049299999999,3114545.06856000,16352,806327.40000000,1861022.97666000,0
1748049300000000,2.30950000,2.32040000,2.30910000,2.31480000,858969.90000000,1748050199999999,1989626.66117000,8946,519552.60000000,1203492.42811000,0
1748050200000000,2.31480000,2.32100000,2.31270000,2.31560000,679716.50000000,1748051099999999,1575080.51696000,11396,328884.50000000,762019.88388000,0
1748051100000000,2.31560000,2.31960000,2.31160000,2.31390000,415064.70000000,1748051999999999,960629.30031000,8097,235722.20000000,545489.66401000,0
1748052000000000,2.31380000,2.32020000,2.30760000,2.31900000,614201.00000000,1748052899999999,1422865.55593000,10487,362726.30000000,840269.71125000,0
1748052900000000,2.31890000,2.32450000,2.31890000,2.32320000,763936.30000000,1748053799999999,1774604.71748000,8426,531701.80000000,1235183.28655000,0
1748053800000000,2.32320000,2.32880000,2.32300000,2.32740000,412299.40000000,1748054699999999,959133.77749000,5567,220777.60000000,513564.56467000,0
1748054700000000,2.32740000,2.32900000,2.32450000,2.32810000,381560.10000000,1748055599999999,887711.10103000,6583,246476.90000000,573370.42748000,0
1748055600000000,2.32810000,2.33310000,2.32610000,2.33170000,799454.50000000,1748056499999999,1863478.71542000,9098,446134.40000000,1039860.41611000,0
1748056500000000,2.33170000,2.33640000,2.33030000,2.33500000,771539.50000000,1748057399999999,1800475.08314000,6762,381392.30000000,889910.35029000,0
1748057400000000,2.33500000,2.33570000,2.33140000,2.33360000,578959.20000000,1748058299999999,1350977.10288000,5507,241250.30000000,562915.10709000,0
1748058300000000,2.33360000,2.33540000,2.33140000,2.33410000,362488.80000000,1748059199999999,845682.05177000,6098,166856.20000000,389265.08610000,0
1748059200000000,2.33420000,2.34120000,2.33350000,2.33870000,762153.60000000,1748060099999999,1782183.03788000,6263,582536.00000000,1362362.92855000,0
1748060100000000,2.33860000,2.34340000,2.33740000,2.34020000,418705.00000000,1748060999999999,980005.25949000,6374,264483.40000000,619000.30110000,0
1748061000000000,2.34020000,2.34390000,2.33900000,2.34370000,375022.20000000,1748061899999999,877977.83340000,5396,205141.80000000,480263.53652000,0
1748061900000000,2.34380000,2.34810000,2.34290000,2.34430000,866145.60000000,1748062799999999,2032236.78674000,6071,510707.30000000,1198206.29969000,0
1748062800000000,2.34420000,2.34640000,2.33940000,2.34020000,340045.50000000,1748063699999999,796750.20642000,6480,134064.90000000,314196.94654000,0
1748063700000000,2.34030000,2.34030000,2.33400000,2.33880000,1314280.40000000,1748064599999999,3071249.58822000,7690,473249.20000000,1105850.99186000,0
1748064600000000,2.33870000,2.34310000,2.33530000,2.33580000,519686.90000000,1748065499999999,1216064.72542000,5480,360841.00000000,844469.37074000,0
1748065500000000,2.33580000,2.33960000,2.33250000,2.33930000,392476.40000000,1748066399999999,916487.77480000,5235,202524.10000000,472874.07003000,0
1748066400000000,2.33920000,2.34460000,2.33860000,2.34020000,303438.90000000,1748067299999999,710368.60140000,4865,125736.30000000,294371.04051000,0
1748067300000000,2.34020000,2.34100000,2.33550000,2.33940000,336019.90000000,1748068199999999,785819.86232000,5593,126750.10000000,296329.94529000,0
1748068200000000,2.33930000,2.33930000,2.33000000,2.33460000,621105.10000000,1748069099999999,1449839.37265000,10761,299858.70000000,699930.58793000,0
1748069100000000,2.33460000,2.33780000,2.32840000,2.33780000,427920.50000000,1748069999999999,997824.46769000,6520,223665.20000000,521586.68453000,0
1748070000000000,2.33780000,2.34530000,2.33770000,2.34370000,455366.10000000,1748070899999999,1066940.82852000,8060,241384.10000000,565476.48615000,0
1748070900000000,2.34380000,2.34560000,2.34130000,2.34280000,348462.50000000,1748071799999999,816604.21041000,4683,178205.20000000,417556.29133000,0
1748071800000000,2.34280000,2.34280000,2.33580000,2.33750000,281391.00000000,1748072699999999,658329.98518000,6349,111506.00000000,260902.47070000,0
1748072700000000,2.33740000,2.33860000,2.33410000,2.33600000,334387.20000000,1748073599999999,781057.64969000,4490,145000.00000000,338677.26304000,0
1748073600000000,2.33600000,2.34350000,2.33590000,2.33800000,597024.60000000,1748074499999999,1397057.27170000,7151,273086.90000000,639046.12702000,0
1748074500000000,2.33800000,2.33850000,2.33140000,2.33700000,533504.40000000,1748075399999999,1245433.82424000,7628,218508.80000000,510022.59211000,0
1748075400000000,2.33700000,2.34000000,2.33450000,2.33930000,356965.60000000,1748076299999999,834554.39175000,7530,192473.80000000,449923.77091000,0
1748076300000000,2.33920000,2.34470000,2.33900000,2.34410000,453235.70000000,1748077199999999,1061487.58363000,6302,194902.30000000,456470.70237000,0
1748077200000000,2.34420000,2.34810000,2.34270000,2.34360000,1071342.00000000,1748078099999999,2513572.68203000,9570,748935.70000000,1757341.50100000,0
1748078100000000,2.34360000,2.34980000,2.34350000,2.34790000,390573.30000000,1748078999999999,916818.45130000,6042,256960.10000000,603234.29494000,0
1748079000000000,2.34790000,2.34980000,2.34330000,2.34550000,321959.00000000,1748079899999999,755243.42887000,5298,144614.40000000,339248.69270000,0
1748079900000000,2.34540000,2.34790000,2.34220000,2.34290000,333055.80000000,1748080799999999,780821.32197000,5228,147239.30000000,345189.13475000,0
1748080800000000,2.34300000,2.34910000,2.34300000,2.34720000,392367.60000000,1748081699999999,920863.99013000,6053,230257.30000000,540383.31534000,0
1748081700000000,2.34730000,2.35700000,2.34640000,2.35630000,900751.60000000,1748082599999999,2119110.59762000,9496,672395.20000000,1582231.76504000,0
1748082600000000,2.35630000,2.35950000,2.35480000,2.35820000,891350.00000000,1748083499999999,2101299.34813000,10703,498544.10000000,1175231.02636000,0
1748083500000000,2.35820000,2.36000000,2.35360000,2.35460000,683547.00000000,1748084399999999,1611042.25069000,8251,323992.10000000,763450.81205000,0
1748084400000000,2.35450000,2.35950000,2.35450000,2.35570000,466595.30000000,1748085299999999,1099809.28732000,9805,233565.10000000,550500.96403000,0
1748085300000000,2.35570000,2.35850000,2.35320000,2.35770000,474464.40000000,1748086199999999,1117677.70721000,5764,279962.10000000,659518.15769000,0
1748086200000000,2.35760000,2.35860000,2.35220000,2.35240000,514177.90000000,1748087099999999,1211534.16315000,6255,152777.20000000,360037.31038000,0
1748087100000000,2.35240000,2.35590000,2.35160000,2.35170000,304516.60000000,1748087999999999,716833.81963000,4610,94025.40000000,221315.66132000,0
1748088000000000,2.35180000,2.35470000,2.34300000,2.34940000,1743639.40000000,1748088899999999,4093979.26495000,9058,783864.70000000,1840624.33448000,0
1748088900000000,2.34940000,2.35470000,2.34560000,2.35080000,714711.90000000,1748089799999999,1678940.01865000,9999,288442.70000000,677614.05267000,0
1748089800000000,2.35080000,2.35230000,2.34850000,2.35030000,349725.70000000,1748090699999999,822139.82819000,5007,132533.80000000,311564.30258000,0
1748090700000000,2.35020000,2.35270000,2.34760000,2.35010000,372796.10000000,1748091599999999,876188.00459000,4692,156713.80000000,368301.34283000,0
1748091600000000,2.35010000,2.35150000,2.34470000,2.34710000,431719.10000000,1748092499999999,1013678.20795000,6756,217824.60000000,511443.25313000,0
1748092500000000,2.34710000,2.35400000,2.34360000,2.35330000,666936.40000000,1748093399999999,1566392.08849000,5323,343094.40000000,805838.92242000,0
1748093400000000,2.35330000,2.35370000,2.35030000,2.35220000,187540.50000000,1748094299999999,441135.31895000,5707,103179.40000000,242703.97144000,0
1748094300000000,2.35220000,2.35310000,2.34500000,2.34710000,350785.20000000,1748095199999999,823864.49865000,6419,119710.90000000,281186.45172000,0
1748095200000000,2.34700000,2.35410000,2.34580000,2.35300000,277874.80000000,1748096099999999,653281.41974000,4572,129290.20000000,303994.88258000,0
1748096100000000,2.35310000,2.35470000,2.34860000,2.34890000,446489.50000000,1748096999999999,1049890.06873000,4322,171697.50000000,403785.90449000,0
1748097000000000,2.34890000,2.35390000,2.34850000,2.35180000,227598.40000000,1748097899999999,535162.06670000,4143,130835.90000000,307619.34206000,0
1748097900000000,2.35190000,2.35680000,2.35190000,2.35370000,359835.60000000,1748098799999999,847346.39678000,7116,122946.50000000,289488.17709000,0
1748098800000000,2.35370000,2.35540000,2.35040000,2.35370000,432841.00000000,1748099699999999,1018404.71732000,6642,225344.40000000,530143.66004000,0
1748099700000000,2.35370000,2.35370000,2.34880000,2.35140000,279124.10000000,1748100599999999,656449.46252000,5840,103444.60000000,243282.86843000,0
1748100600000000,2.35150000,2.35360000,2.34890000,2.34930000,287625.50000000,1748101499999999,676121.15948000,7378,82379.00000000,193628.65856000,0
1748101500000000,2.34920000,2.35290000,2.34860000,2.35230000,332535.40000000,1748102399999999,781529.59848000,5138,219656.00000000,516188.74738000,0
1748102400000000,2.35240000,2.35270000,2.34030000,2.34490000,655627.60000000,1748103299999999,1537460.97889000,6723,290349.40000000,680822.16194000,0
1748103300000000,2.34480000,2.35000000,2.34270000,2.34780000,247926.50000000,1748104199999999,581861.34305000,6472,128846.10000000,302374.42463000,0
1748104200000000,2.34780000,2.35070000,2.34660000,2.34890000,251013.10000000,1748105099999999,589547.91517000,6195,117042.90000000,274889.91509000,0
1748105100000000,2.34890000,2.35280000,2.34630000,2.34940000,295246.30000000,1748105999999999,693874.36034000,6760,115997.80000000,272594.68554000,0
1748106000000000,2.34950000,2.35430000,2.34920000,2.35110000,302464.30000000,1748106899999999,711450.35706000,6394,169969.60000000,399791.63759000,0
1748106900000000,2.35100000,2.35110000,2.34510000,2.34750000,180585.00000000,1748107799999999,424056.05395000,4418,57401.10000000,134751.88709000,0
1748107800000000,2.34740000,2.35100000,2.34400000,2.34760000,203202.80000000,1748108699999999,476958.76096000,3762,97148.20000000,227981.15718000,0
1748108700000000,2.34760000,2.34990000,2.34640000,2.34790000,131291.20000000,1748109599999999,308354.52758000,2613,53111.50000000,124732.51179000,0
1748109600000000,2.34800000,2.35230000,2.34700000,2.35150000,250590.10000000,1748110499999999,589013.23018000,3442,122133.30000000,287062.47494000,0
1748110500000000,2.35160000,2.35480000,2.35030000,2.35170000,192810.70000000,1748111399999999,453623.50704000,3280,113508.60000000,267029.61216000,0
1748111400000000,2.35170000,2.35170000,2.34760000,2.34940000,196570.30000000,1748112299999999,461861.16770000,3586,69067.50000000,162261.82093000,0
1748112300000000,2.34930000,2.34950000,2.34360000,2.34540000,352599.20000000,1748113199999999,827069.91709000,4075,183759.00000000,430943.27078000,0
1748113200000000,2.34550000,2.35000000,2.34430000,2.34690000,228123.50000000,1748114099999999,535597.97969000,4817,119622.90000000,280839.89834000,0
1748114100000000,2.34680000,2.34770000,2.34450000,2.34660000,162281.10000000,1748114999999999,380732.51434000,3828,77493.80000000,181810.48474000,0
1748115000000000,2.34670000,2.35030000,2.34560000,2.34710000,172311.70000000,1748115899999999,404618.10987000,3065,51773.80000000,121528.81929000,0
1748115900000000,2.34700000,2.34920000,2.34500000,2.34870000,181920.70000000,1748116799999999,426983.67311000,2494,62698.30000000,147145.78983000,0
1748116800000000,2.34870000,2.34940000,2.34550000,2.34820000,299424.10000000,1748117699999999,702734.14421000,4206,172441.50000000,404674.36256000,0
1748117700000000,2.34820000,2.34930000,2.34580000,2.34770000,132702.40000000,1748118599999999,311539.88887000,2927,69369.30000000,162849.52722000,0
1748118600000000,2.34770000,2.35080000,2.34710000,2.34830000,166127.50000000,1748119499999999,390330.86878000,3084,80765.20000000,189767.45524000,0
1748119500000000,2.34830000,2.34980000,2.34610000,2.34980000,243586.40000000,1748120399999999,571957.81118000,3131,105983.70000000,248846.04991000,0
1748120400000000,2.34980000,2.35040000,2.34030000,2.34400000,431662.40000000,1748121299999999,1011699.86306000,3778,216823.90000000,508048.36324000,0
1748121300000000,2.34400000,2.34440000,2.33150000,2.33950000,846058.20000000,1748122199999999,1977007.00975000,6988,430173.40000000,1005176.07551000,0
1748122200000000,2.33950000,2.34320000,2.33820000,2.33990000,251659.20000000,1748123099999999,588960.64226000,3250,111178.10000000,260184.90908000,0
1748123100000000,2.33990000,2.34480000,2.33810000,2.34280000,267574.20000000,1748123999999999,626406.08160000,4187,134823.10000000,315651.32029000,0
1748124000000000,2.34280000,2.34320000,2.33400000,2.33790000,516142.20000000,1748124899999999,1206070.02110000,8519,154242.70000000,360436.68748000,0
1748124900000000,2.33790000,2.33880000,2.33040000,2.33610000,485546.50000000,1748125799999999,1132997.27730000,6993,178711.80000000,417049.15820000,0
1748125800000000,2.33610000,2.33800000,2.32950000,2.33350000,639454.70000000,1748126699999999,1491864.07154000,9623,224539.80000000,523833.09489000,0
1748126700000000,2.33350000,2.33360000,2.32850000,2.33200000,717740.20000000,1748127599999999,1672796.29583000,8401,172846.00000000,402917.63899000,0
1748127600000000,2.33200000,2.33340000,2.32170000,2.32910000,1066166.70000000,1748128499999999,2480041.24312000,17251,410337.50000000,954602.07940000,0
1748128500000000,2.32920000,2.33650000,2.32890000,2.33370000,379324.00000000,1748129399999999,884765.45053000,11302,174042.50000000,405963.54270000,0
1748129400000000,2.33370000,2.33630000,2.32740000,2.32740000,354030.10000000,1748130299999999,826116.31526000,7148,128905.70000000,300888.85600000,0
1748130300000000,2.32740000,2.33350000,2.32390000,2.33030000,603187.30000000,1748131199999999,1405326.18120000,6503,332390.10000000,774427.18302000,0
1748131200000000,2.33040000,2.33650000,2.32750000,2.32830000,1160478.10000000,1748132099999999,2706747.14471000,10451,520243.80000000,1213568.50854000,0
1748132100000000,2.32830000,2.33330000,2.32400000,2.33240000,539191.20000000,1748132999999999,1254891.10522000,6862,295678.00000000,688259.72062000,0
1748133000000000,2.33250000,2.33470000,2.30300000,2.30520000,2488592.50000000,1748133899999999,5761077.39981000,24283,981793.90000000,2271475.46123000,0
1748133900000000,2.30530000,2.31380000,2.29870000,2.30570000,1902137.80000000,1748134799999999,4383178.39150000,26753,797465.70000000,1838370.41399000,0
1748134800000000,2.30570000,2.30810000,2.29800000,2.30060000,1304322.90000000,1748135699999999,3002058.63553000,22055,654662.00000000,1506786.53384000,0
1748135700000000,2.30050000,2.31320000,2.29270000,2.31020000,1543086.40000000,1748136599999999,3553850.67325000,19857,819134.80000000,1887532.50014000,0
1748136600000000,2.31030000,2.31630000,2.30760000,2.31610000,409373.20000000,1748137499999999,946957.71923000,8419,200222.60000000,463167.22985000,0
1748137500000000,2.31600000,2.31660000,2.30860000,2.31070000,554289.20000000,1748138399999999,1281876.46843000,8469,252109.70000000,582919.03275000,0
1748138400000000,2.31070000,2.31280000,2.30260000,2.30670000,715439.60000000,1748139299999999,1650386.47543000,9893,405210.00000000,934556.54551000,0
1748139300000000,2.30660000,2.31030000,2.30000000,2.30900000,1158042.00000000,1748140199999999,2670713.16656000,13307,668936.60000000,1542728.34819000,0
1748140200000000,2.30910000,2.31470000,2.30820000,2.30950000,1057059.10000000,1748141099999999,2442295.84738000,6763,862337.60000000,1992184.63984000,0
1748141100000000,2.30940000,2.31830000,2.30920000,2.31660000,285875.60000000,1748141999999999,661942.31294000,4708,142388.80000000,329720.55580000,0
1748142000000000,2.31670000,2.32130000,2.31560000,2.31870000,674374.30000000,1748142899999999,1563797.87973000,8286,356904.40000000,827697.47513000,0
1748142900000000,2.31880000,2.32160000,2.31800000,2.32080000,304304.70000000,1748143799999999,705903.97857000,5933,157439.60000000,365211.32332000,0
1748143800000000,2.32090000,2.32380000,2.32090000,2.32260000,492168.50000000,1748144699999999,1143207.80967000,5920,138560.30000000,321808.59072000,0
1748144700000000,2.32260000,2.32610000,2.32160000,2.32280000,448717.20000000,1748145599999999,1042669.28963000,6117,203639.00000000,473211.65699000,0
1748145600000000,2.32280000,2.32280000,2.31300000,2.31340000,901683.30000000,1748146499999999,2088334.31665000,6386,267672.90000000,619970.62685000,0
1748146500000000,2.31330000,2.31980000,2.31310000,2.31880000,306827.20000000,1748147399999999,710847.51868000,5048,130246.30000000,301753.93522000,0
1748147400000000,2.31890000,2.32430000,2.31830000,2.32260000,600314.20000000,1748148299999999,1393855.55722000,6242,324608.50000000,753575.20659000,0
1748148300000000,2.32250000,2.32530000,2.32170000,2.32410000,354647.30000000,1748149199999999,824137.89319000,4367,213066.90000000,495190.69503000,0
1748149200000000,2.32400000,2.32560000,2.32190000,2.32330000,337323.00000000,1748150099999999,783831.83653000,4861,238661.40000000,554567.06280000,0
1748150100000000,2.32340000,2.32570000,2.32180000,2.32230000,396883.90000000,1748150999999999,922104.32248000,4319,127945.00000000,297269.03808000,0
1748151000000000,2.32230000,2.32420000,2.31680000,2.31860000,420580.20000000,1748151899999999,975583.70536000,4073,138702.10000000,321829.37967000,0
1748151900000000,2.31860000,2.32280000,2.31740000,2.32240000,192788.20000000,1748152799999999,447300.89937000,3238,92546.40000000,214743.06292000,0
1748152800000000,2.32250000,2.32340000,2.31760000,2.31800000,197077.30000000,1748153699999999,457197.16389000,3697,101468.60000000,235334.02980000,0
1748153700000000,2.31800000,2.31950000,2.31530000,2.31850000,206070.90000000,1748154599999999,477503.72838000,3395,92820.20000000,215094.19042000,0
1748154600000000,2.31840000,2.32020000,2.31500000,2.31630000,671164.00000000,1748155499999999,1555197.55937000,5296,238200.30000000,551910.40742000,0
1748155500000000,2.31620000,2.32030000,2.31450000,2.31920000,277364.40000000,1748156399999999,642903.96720000,8901,103367.00000000,239554.15228000,0
1748156400000000,2.31920000,2.31920000,2.31030000,2.31080000,372599.10000000,1748157299999999,862360.10026000,6258,121836.90000000,281984.88319000,0
1748157300000000,2.31080000,2.31220000,2.30280000,2.30350000,865704.40000000,1748158199999999,1997299.69928000,10035,363643.20000000,838820.79620000,0
1748158200000000,2.30340000,2.30840000,2.30130000,2.30580000,652317.70000000,1748159099999999,1503535.78098000,6787,347530.10000000,801041.85478000,0
1748159100000000,2.30580000,2.30890000,2.30510000,2.30800000,763874.80000000,1748159999999999,1762665.97089000,6187,424423.20000000,979416.40203000,0
1748160000000000,2.30810000,2.30810000,2.30000000,2.30010000,771309.20000000,1748160899999999,1776416.23340000,10374,282378.30000000,650075.36290000,0
1748160900000000,2.30010000,2.30440000,2.29360000,2.29750000,1670875.90000000,1748161799999999,3840570.64477000,16846,580339.30000000,1333670.51200000,0
1748161800000000,2.29760000,2.30070000,2.29460000,2.29560000,1098426.10000000,1748162699999999,2523101.78108000,12055,603616.90000000,1386443.69521000,0
1748162700000000,2.29570000,2.29590000,2.27810000,2.28940000,3468860.50000000,1748163599999999,7926397.98659000,32302,1485095.70000000,3393001.56928000,0
1748163600000000,2.28930000,2.29190000,2.28230000,2.28940000,1065101.00000000,1748164499999999,2436964.45457000,15907,609770.20000000,1395162.57447000,0
1748164500000000,2.28940000,2.29000000,2.28100000,2.28820000,1030344.80000000,1748165399999999,2354138.51348000,13748,485989.10000000,1110504.48787000,0
1748165400000000,2.28830000,2.28960000,2.27850000,2.28440000,1153386.00000000,1748166299999999,2632272.95961000,17071,582148.10000000,1328651.49163000,0
1748166300000000,2.28440000,2.29350000,2.28430000,2.29290000,1106898.00000000,1748167199999999,2535371.68809000,10979,454070.90000000,1039902.59055000,0
1748167200000000,2.29290000,2.29670000,2.28980000,2.29300000,526776.90000000,1748168099999999,1207574.50885000,11809,298909.00000000,685203.21282000,0
1748168100000000,2.29310000,2.29500000,2.28920000,2.28960000,411584.80000000,1748168999999999,943627.13875000,5597,163463.50000000,374867.50467000,0
1748169000000000,2.28950000,2.29540000,2.28950000,2.29160000,975039.50000000,1748169899999999,2235946.25525000,6240,609636.90000000,1397976.40695000,0
1748169900000000,2.29160000,2.29730000,2.28270000,2.28400000,1805537.50000000,1748170799999999,4132259.29163000,18714,767930.60000000,1758495.08388000,0
1748170800000000,2.28400000,2.29210000,2.28060000,2.29180000,636280.80000000,1748171699999999,1454073.34353000,10218,353610.10000000,808008.35735000,0
1748171700000000,2.29190000,2.29360000,2.28800000,2.29170000,638220.60000000,1748172599999999,1462229.38323000,8176,306437.50000000,702143.88229000,0
1748172600000000,2.29180000,2.29440000,2.28730000,2.28800000,454985.10000000,1748173499999999,1041825.31105000,6613,169925.30000000,389082.08693000,0
1748173500000000,2.28800000,2.29290000,2.28660000,2.29260000,528071.20000000,1748174399999999,1209371.16544000,5732,404407.20000000,926107.82245000,0
1748174400000000,2.29250000,2.29420000,2.28860000,2.29140000,518259.40000000,1748175299999999,1187447.21445000,6428,197154.00000000,451706.54412000,0
1748175300000000,2.29130000,2.29990000,2.29130000,2.29820000,553526.80000000,1748176199999999,1271364.92175000,8730,349783.30000000,803367.09152000,0
1748176200000000,2.29830000,2.30200000,2.29750000,2.30000000,816162.20000000,1748177099999999,1876593.27717000,6603,420271.50000000,966351.75915000,0
1748177100000000,2.30000000,2.30580000,2.29990000,2.30480000,817818.70000000,1748177999999999,1883763.43667000,6318,449642.40000000,1035466.71559000,0
1748178000000000,2.30480000,2.30610000,2.29780000,2.30040000,730476.20000000,1748178899999999,1681301.52252000,6833,352664.50000000,811374.48010000,0
1748178900000000,2.30040000,2.30520000,2.29790000,2.30510000,246909.70000000,1748179799999999,567935.01018000,6527,114487.10000000,263359.30634000,0
1748179800000000,2.30510000,2.30920000,2.30300000,2.30750000,629527.60000000,1748180699999999,1452281.67710000,8498,332011.20000000,765921.87391000,0
1748180700000000,2.30750000,2.31090000,2.30300000,2.30310000,1636261.70000000,1748181599999999,3776500.25625000,8354,1012142.80000000,2336494.61109000,0
1748181600000000,2.30310000,2.30350000,2.29890000,2.29970000,543943.40000000,1748182499999999,1251733.27903000,7983,177799.50000000,409118.14497000,0
1748182500000000,2.29980000,2.30240000,2.29680000,2.30200000,483949.00000000,1748183399999999,1112544.81742000,5954,325603.90000000,748494.92463000,0
1748183400000000,2.30200000,2.30240000,2.28820000,2.28910000,682892.50000000,1748184299999999,1567076.91339000,10192,296399.40000000,680047.78187000,0
1748184300000000,2.28920000,2.29320000,2.28630000,2.29210000,817470.20000000,1748185199999999,1871867.11238000,10589,378788.90000000,867412.06722000,0
1748185200000000,2.29220000,2.29370000,2.28060000,2.28220000,1311944.40000000,1748186099999999,2998013.68616000,15412,769650.40000000,1758611.62363000,0
1748186100000000,2.28210000,2.28360000,2.26600000,2.27000000,4688512.80000000,1748186999999999,10655769.62830000,31095,2061376.60000000,4685016.33129000,0
1748187000000000,2.27000000,2.28740000,2.26720000,2.28550000,2269785.80000000,1748187899999999,5171004.12518000,26991,1170302.50000000,2665826.11180000,0
1748187900000000,2.28560000,2.28910000,2.27820000,2.28770000,663745.30000000,1748188799999999,1516553.38722000,12519,354538.50000000,809966.07431000,0
1748188800000000,2.28780000,2.28800000,2.27800000,2.28220000,569578.90000000,1748189699999999,1300467.29983000,14479,236677.80000000,540289.02588000,0
1748189700000000,2.28220000,2.28300000,2.27220000,2.27360000,590734.30000000,1748190599999999,1344687.97738000,11813,268102.70000000,610193.89368000,0
1748190600000000,2.27360000,2.28840000,2.27180000,2.28750000,1036817.50000000,1748191499999999,2363309.93973000,10607,598890.50000000,1365997.13039000,0
1748191500000000,2.28750000,2.29080000,2.28560000,2.28620000,728942.10000000,1748192399999999,1667481.88309000,7298,351016.40000000,803035.72937000,0
1748192400000000,2.28630000,2.29320000,2.28630000,2.29200000,774359.80000000,1748193299999999,1772587.45907000,8875,451225.80000000,1032923.79271000,0
1748193300000000,2.29210000,2.29610000,2.28670000,2.29380000,445181.70000000,1748194199999999,1020099.57792000,7563,267004.20000000,611826.93763000,0
1748194200000000,2.29390000,2.29450000,2.28860000,2.29350000,383806.20000000,1748195099999999,879251.90191000,5598,201229.30000000,460952.77849000,0
1748195100000000,2.29360000,2.29800000,2.29280000,2.29790000,834888.80000000,1748195999999999,1916341.20198000,5483,294456.20000000,675927.78410000,0
1748196000000000,2.29800000,2.30460000,2.29610000,2.30210000,579881.00000000,1748196899999999,1334104.33181000,7949,346499.00000000,797214.24500000,0
1748196900000000,2.30210000,2.30700000,2.29980000,2.30340000,551187.80000000,1748197799999999,1269072.74171000,6494,220611.30000000,507988.68756000,0
1748197800000000,2.30340000,2.30340000,2.29840000,2.29960000,838156.80000000,1748198699999999,1928310.18566000,5379,394261.20000000,906910.61337000,0
1748198700000000,2.29950000,2.30350000,2.29920000,2.30230000,309202.50000000,1748199599999999,711623.09748000,5160,127857.30000000,294258.22151000,0
1748199600000000,2.30220000,2.30660000,2.30180000,2.30560000,420709.80000000,1748200499999999,969487.06763000,4139,284021.90000000,654416.18892000,0
1748200500000000,2.30570000,2.30750000,2.30480000,2.30750000,253015.60000000,1748201399999999,583610.37394000,3505,104535.90000000,241120.56924000,0
1748201400000000,2.30750000,2.30950000,2.30520000,2.30750000,515647.20000000,1748202299999999,1189928.20566000,3898,230960.40000000,533076.89139000,0
1748202300000000,2.30740000,2.31240000,2.30520000,2.30550000,484271.50000000,1748203199999999,1117884.40638000,6912,277250.50000000,640135.53776000,0
1748203200000000,2.30560000,2.30730000,2.30020000,2.30190000,596358.00000000,1748204099999999,1373612.39998000,5875,301102.60000000,693193.36694000,0
1748204100000000,2.30190000,2.30410000,2.29940000,2.30320000,528205.10000000,1748204999999999,1215915.65791000,6735,295819.10000000,680948.27915000,0
1748205000000000,2.30320000,2.30680000,2.30160000,2.30610000,262338.10000000,1748205899999999,604445.21133000,4960,132800.60000000,306030.33292000,0
1748205900000000,2.30600000,2.30940000,2.30150000,2.30920000,1009020.50000000,1748206799999999,2325562.06399000,5012,718015.10000000,1654560.05593000,0
1748206800000000,2.30930000,2.31560000,2.30820000,2.31320000,749627.50000000,1748207699999999,1733452.61896000,6181,468220.00000000,1082648.94295000,0
1748207700000000,2.31330000,2.31360000,2.30430000,2.30760000,521581.50000000,1748208599999999,1204219.23181000,5250,180901.30000000,417557.65425000,0
1748208600000000,2.30750000,2.30750000,2.29940000,2.30510000,368503.90000000,1748209499999999,849207.12728000,5133,157712.90000000,363406.86408000,0
1748209500000000,2.30520000,2.31010000,2.30330000,2.30480000,223587.40000000,1748210399999999,515921.05328000,4585,103714.00000000,239289.05551000,0
1748210400000000,2.30480000,2.32570000,2.30250000,2.31840000,1424317.60000000,1748211299999999,3299401.52355000,25169,758936.10000000,1758624.33793000,0
1748211300000000,2.31850000,2.33050000,2.31850000,2.32640000,1611868.90000000,1748212199999999,3747417.64067000,22066,940811.40000000,2187677.71222000,0
1748212200000000,2.32650000,2.33500000,2.32120000,2.33340000,1531417.10000000,1748213099999999,3567134.97262000,16752,830411.80000000,1934038.89116000,0
1748213100000000,2.33340000,2.34030000,2.32900000,2.33810000,1639241.00000000,1748213999999999,3830013.04722000,14637,900733.40000000,2104547.41087000,0
1748214000000000,2.33820000,2.34030000,2.33310000,2.33360000,870399.30000000,1748214899999999,2033626.71544000,12094,327679.70000000,765671.23567000,0
1748214900000000,2.33360000,2.33460000,2.32760000,2.33030000,890128.60000000,1748215799999999,2075036.62758000,8136,322257.90000000,751289.24015000,0
1748215800000000,2.33030000,2.34500000,2.32950000,2.34330000,1769419.30000000,1748216699999999,4142674.88317000,13303,1080016.60000000,2528786.40579000,0
1748216700000000,2.34320000,2.34390000,2.34000000,2.34170000,858322.30000000,1748217599999999,2010192.57233000,7436,246521.40000000,577349.68183000,0
1748217600000000,2.34160000,2.34390000,2.33560000,2.33600000,1042792.00000000,1748218499999999,2440178.87644000,12495,375137.90000000,877886.42001000,0
1748218500000000,2.33600000,2.34210000,2.33080000,2.33520000,934755.80000000,1748219399999999,2184118.26539000,10997,391655.90000000,915084.60589000,0
1748219400000000,2.33530000,2.34800000,2.33330000,2.34570000,875127.90000000,1748220299999999,2049187.64859000,10150,404356.90000000,947380.97350000,0
1748220300000000,2.34560000,2.35270000,2.34480000,2.35200000,1666106.70000000,1748221199999999,3912935.41034000,12564,1112172.50000000,2612068.91026000,0
1748221200000000,2.35210000,2.35400000,2.34270000,2.34510000,873806.60000000,1748222099999999,2050586.31920000,10820,317451.00000000,745214.74386000,0
1748222100000000,2.34520000,2.34700000,2.34160000,2.34260000,589275.60000000,1748222999999999,1381165.22117000,8743,234924.60000000,550658.73862000,0
1748223000000000,2.34260000,2.34880000,2.34040000,2.34750000,403607.80000000,1748223899999999,946620.91643000,6922,253119.50000000,593724.15704000,0
1748223900000000,2.34760000,2.34890000,2.34360000,2.34590000,720975.10000000,1748224799999999,1691852.88530000,7085,238990.40000000,560828.14662000,0
1748224800000000,2.34580000,2.34620000,2.34010000,2.34080000,650992.50000000,1748225699999999,1525433.23731000,8094,190009.10000000,445209.77989000,0
1748225700000000,2.34080000,2.34410000,2.33920000,2.34030000,470282.90000000,1748226599999999,1101118.87289000,6569,267360.30000000,625992.28678000,0
1748226600000000,2.34030000,2.34030000,2.33500000,2.33690000,673695.60000000,1748227499999999,1574211.47336000,5865,321232.90000000,750611.60437000,0
1748227500000000,2.33690000,2.34270000,2.33450000,2.34140000,512534.70000000,1748228399999999,1198346.71811000,4906,279680.00000000,653981.17166000,0
1748228400000000,2.34150000,2.34150000,2.33690000,2.33860000,434578.70000000,1748229299999999,1016415.85711000,5011,246454.10000000,576372.88098000,0
1748229300000000,2.33860000,2.34330000,2.33680000,2.34250000,528946.20000000,1748230199999999,1238161.38304000,4351,333278.30000000,780104.94517000,0
1748230200000000,2.34240000,2.34470000,2.33860000,2.34410000,825861.20000000,1748231099999999,1933652.43069000,5686,527133.70000000,1234317.74746000,0
1748231100000000,2.34410000,2.34590000,2.34110000,2.34250000,601114.90000000,1748231999999999,1408691.79765000,5039,308659.30000000,723308.18353000,0
1748232000000000,2.34260000,2.34360000,2.33910000,2.34120000,594227.70000000,1748232899999999,1391136.01446000,4852,387508.70000000,907101.15220000,0
1748232900000000,2.34120000,2.34730000,2.34080000,2.34670000,671475.90000000,1748233799999999,1574453.66551000,5122,481554.30000000,1129193.33658000,0
1748233800000000,2.34680000,2.34880000,2.34520000,2.34800000,494956.70000000,1748234699999999,1161561.70115000,4519,312989.30000000,734522.06965000,0
1748234700000000,2.34800000,2.34960000,2.34730000,2.34850000,570477.90000000,1748235599999999,1339713.83567000,4696,326701.90000000,767239.80402000,0
1748235600000000,2.34860000,2.34910000,2.34310000,2.34560000,675704.50000000,1748236499999999,1584618.14632000,5341,318731.60000000,747360.56663000,0
1748236500000000,2.34550000,2.34820000,2.34370000,2.34590000,683118.00000000,1748237399999999,1602733.66407000,4123,333049.90000000,781409.51666000,0
1748237400000000,2.34590000,2.34870000,2.34430000,2.34650000,472891.90000000,1748238299999999,1109803.12142000,5202,263974.90000000,619487.20083000,0
1748238300000000,2.34640000,2.34820000,2.34390000,2.34470000,404105.70000000,1748239199999999,948185.08350000,4148,223305.00000000,523948.24749000,0
1748239200000000,2.34470000,2.34620000,2.33780000,2.33850000,1680742.50000000,1748240099999999,3937556.73923000,8661,549501.70000000,1286855.62055000,0
1748240100000000,2.33850000,2.34310000,2.33600000,2.34310000,698265.20000000,1748240999999999,1633717.32147000,5637,404589.50000000,946552.25149000,0
1748241000000000,2.34300000,2.34310000,2.33590000,2.33800000,543614.50000000,1748241899999999,1271180.96719000,5237,260076.90000000,608148.95713000,0
1748241900000000,2.33810000,2.34700000,2.33800000,2.34580000,679189.30000000,1748242799999999,1590930.29584000,5947,483743.40000000,1132955.06301000,0
1748242800000000,2.34580000,2.35930000,2.34570000,2.35200000,2679813.50000000,1748243699999999,6310111.28579000,16349,2095497.20000000,4934622.01036000,0
1748243700000000,2.35200000,2.35650000,2.34810000,2.34910000,978506.80000000,1748244599999999,2301507.13345000,9081,496014.90000000,1166816.07968000,0
1748244600000000,2.34910000,2.35320000,2.34720000,2.34920000,784863.10000000,1748245499999999,1844827.91150000,8379,425463.00000000,1000131.96342000,0
1748245500000000,2.34920000,2.35040000,2.34690000,2.34880000,908396.00000000,1748246399999999,2133502.67186000,6222,432946.50000000,1016805.45788000,0
1748246400000000,2.34890000,2.35560000,2.34870000,2.34980000,1454887.50000000,1748247299999999,3422974.99050000,8181,989063.70000000,2326943.81294000,0
1748247300000000,2.34980000,2.35190000,2.34640000,2.34720000,716251.00000000,1748248199999999,1681893.71745000,7286,387492.10000000,909931.51244000,0
1748248200000000,2.34720000,2.34800000,2.34170000,2.34410000,788453.00000000,1748249099999999,1848276.84119000,7210,510672.00000000,1197071.37051000,0
1748249100000000,2.34400000,2.34570000,2.34160000,2.34290000,483423.80000000,1748249999999999,1132853.18377000,5786,280436.50000000,657175.09413000,0
1748250000000000,2.34290000,2.34640000,2.34090000,2.34520000,557978.50000000,1748250899999999,1307503.90653000,5556,333892.50000000,782378.46809000,0
1748250900000000,2.34520000,2.34680000,2.34330000,2.34450000,663951.30000000,1748251799999999,1556927.82808000,5506,377831.90000000,885975.36493000,0
1748251800000000,2.34450000,2.34650000,2.34010000,2.34170000,763343.80000000,1748252699999999,1788795.80646000,7114,398913.40000000,934819.39603000,0
1748252700000000,2.34160000,2.34320000,2.33920000,2.34050000,675077.80000000,1748253599999999,1579926.81672000,4629,294335.90000000,688840.27622000,0
1748253600000000,2.34050000,2.34270000,2.33700000,2.34060000,629903.00000000,1748254499999999,1474066.80449000,5980,339665.10000000,794812.17775000,0
1748254500000000,2.34060000,2.34500000,2.33830000,2.34250000,589377.20000000,1748255399999999,1380287.07656000,5674,414683.00000000,971108.13356000,0
1748255400000000,2.34260000,2.34310000,2.34010000,2.34130000,585943.00000000,1748256299999999,1371808.65438000,5684,300901.00000000,704458.61476000,0
1748256300000000,2.34140000,2.34260000,2.33230000,2.33500000,787331.20000000,1748257199999999,1839182.14126000,7604,375761.20000000,877639.40510000,0
1748257200000000,2.33500000,2.33740000,2.33250000,2.33650000,1040378.40000000,1748258099999999,2428904.38812000,6602,507877.80000000,1185740.14978000,0
1748258100000000,2.33650000,2.33680000,2.33300000,2.33430000,757153.10000000,1748258999999999,1767582.05234000,5994,459591.50000000,1072777.97517000,0
1748259000000000,2.33420000,2.33650000,2.32920000,2.33540000,887560.40000000,1748259899999999,2070817.98591000,8927,479929.60000000,1119846.94129000,0
1748259900000000,2.33530000,2.33720000,2.33220000,2.33490000,614378.70000000,1748260799999999,1434587.34334000,5588,306953.80000000,716732.91955000,0
1748260800000000,2.33490000,2.33670000,2.33160000,2.33380000,576513.60000000,1748261699999999,1345659.51977000,8677,252960.00000000,590447.29318000,0
1748261700000000,2.33390000,2.33910000,2.33230000,2.33730000,595643.10000000,1748262599999999,1391506.32126000,11089,279335.60000000,652533.08983000,0
1748262600000000,2.33730000,2.34290000,2.33710000,2.33980000,469692.20000000,1748263499999999,1099263.78762000,5581,212914.80000000,498266.26418000,0
1748263500000000,2.33990000,2.34500000,2.33740000,2.34090000,688558.00000000,1748264399999999,1611856.01882000,6338,289742.50000000,678448.65565000,0
1748264400000000,2.34080000,2.34520000,2.33530000,2.33620000,1076935.50000000,1748265299999999,2521450.44363000,9199,472870.00000000,1107139.72221000,0
1748265300000000,2.33620000,2.33890000,2.32980000,2.33580000,1151871.40000000,1748266199999999,2688685.52960000,10186,683601.70000000,1595629.77665000,0
1748266200000000,2.33570000,2.33820000,2.33130000,2.33330000,736637.80000000,1748267099999999,1719356.07978000,7633,407291.60000000,950627.84561000,0
1748267100000000,2.33330000,2.33330000,2.31890000,2.32410000,1880309.20000000,1748267999999999,4373720.40656000,14822,869653.20000000,2022362.53674000,0
1748268000000000,2.32400000,2.32600000,2.31950000,2.32550000,970262.40000000,1748268899999999,2253865.66689000,12671,593950.80000000,1379714.80599000,0
1748268900000000,2.32550000,2.32550000,2.31530000,2.32060000,1167313.30000000,1748269799999999,2706904.17806000,14618,651116.20000000,1509756.72676000,0
1748269800000000,2.32070000,2.32160000,2.31230000,2.31550000,1224836.30000000,1748270699999999,2836445.20916000,13029,598737.50000000,1386449.86071000,0
1748270700000000,2.31560000,2.32150000,2.31380000,2.32140000,894276.30000000,1748271599999999,2072675.94143000,9249,579593.60000000,1343260.68876000,0
1748271600000000,2.32150000,2.32270000,2.31540000,2.31810000,909536.30000000,1748272499999999,2108490.35158000,9050,417876.10000000,968656.58863000,0
1748272500000000,2.31800000,2.32890000,2.31770000,2.32820000,863591.20000000,1748273399999999,2007078.12163000,8075,530285.30000000,1232440.85176000,0
1748273400000000,2.32830000,2.34240000,2.32830000,2.33480000,1745614.00000000,1748274299999999,4077858.15426000,22116,1036796.50000000,2421359.27907000,0
1748274300000000,2.33480000,2.33860000,2.33230000,2.33280000,1125703.60000000,1748275199999999,2628884.51813000,13135,597756.80000000,1395972.96329000,0
1748275200000000,2.33290000,2.33650000,2.32750000,2.33020000,1115370.20000000,1748276099999999,2601156.05052000,11034,727754.00000000,1697169.45499000,0
1748276100000000,2.33020000,2.33050000,2.31230000,2.31930000,1686117.50000000,1748276999999999,3910484.71249000,25024,834744.80000000,1935910.82152000,0
1748277000000000,2.31920000,2.32100000,2.31440000,2.31950000,1023637.80000000,1748277899999999,2373782.16241000,14345,610632.80000000,1416069.64444000,0
1748277900000000,2.31950000,2.32160000,2.31150000,2.31260000,856235.70000000,1748278799999999,1982633.54559000,8123,574954.70000000,1331403.93351000,0
1748278800000000,2.31260000,2.31730000,2.30720000,2.31050000,1274598.50000000,1748279699999999,2946340.64009000,9725,804117.10000000,1858948.38699000,0
1748279700000000,2.31040000,2.31130000,2.30460000,2.30640000,1204118.30000000,1748280599999999,2778121.33988000,10744,736654.60000000,1699643.93770000,0
1748280600000000,2.30650000,2.30940000,2.30170000,2.30240000,949088.80000000,1748281499999999,2186907.41950000,11094,634743.50000000,1462558.40542000,0
1748281500000000,2.30230000,2.30240000,2.29610000,2.30040000,1536782.50000000,1748282399999999,3533809.09332000,13046,808444.90000000,1858947.93869000,0
1748282400000000,2.30030000,2.30810000,2.29580000,2.30790000,1384828.70000000,1748283299999999,3188481.42794000,10240,813902.60000000,1873790.76713000,0
1748283300000000,2.30790000,2.30920000,2.30350000,2.30920000,708023.50000000,1748284199999999,1632830.63971000,4537,359196.10000000,828396.31390000,0
1748284200000000,2.30920000,2.31060000,2.30780000,2.30890000,327913.80000000,1748285099999999,757325.75696000,4626,210364.00000000,485850.22382000,0
1748285100000000,2.30900000,2.30900000,2.30350000,2.30470000,371772.50000000,1748285999999999,857307.19132000,5274,137720.20000000,317578.70756000,0
1748286000000000,2.30460000,2.30710000,2.30120000,2.30620000,408109.10000000,1748286899999999,939890.10362000,5947,236291.10000000,544177.29073000,0
1748286900000000,2.30630000,2.31210000,2.30590000,2.30940000,410786.40000000,1748287799999999,948686.79338000,4921,254976.00000000,588863.91655000,0
1748287800000000,2.30940000,2.31230000,2.30560000,2.30860000,368213.60000000,1748288699999999,850019.39387000,5823,175549.00000000,405206.44148000,0
1748288700000000,2.30860000,2.31410000,2.30750000,2.31190000,282269.30000000,1748289599999999,652362.82298000,5084,118507.60000000,273886.37935000,0
1748289600000000,2.31190000,2.31260000,2.30470000,2.31180000,397059.20000000,1748290499999999,916565.64228000,8332,209233.60000000,483007.57645000,0
1748290500000000,2.31170000,2.31340000,2.30620000,2.30910000,327523.70000000,1748291399999999,756313.27630000,4455,123884.70000000,286094.48538000,0
1748291400000000,2.30900000,2.31750000,2.30750000,2.31490000,581247.80000000,1748292299999999,1343956.45797000,6816,393046.60000000,908661.22378000,0
1748292300000000,2.31500000,2.31940000,2.31200000,2.31800000,475884.00000000,1748293199999999,1101781.35408000,6735,254829.70000000,589960.22210000,0
1748293200000000,2.31800000,2.31890000,2.31460000,2.31520000,409373.80000000,1748294099999999,948217.68813000,4841,204159.40000000,472877.64548000,0
1748294100000000,2.31520000,2.31680000,2.31080000,2.31480000,529840.90000000,1748294999999999,1225630.73693000,5465,247716.80000000,572944.52805000,0
1748295000000000,2.31480000,2.31770000,2.30720000,2.30910000,303179.00000000,1748295899999999,700970.34662000,4854,142576.10000000,329591.83019000,0
1748295900000000,2.30910000,2.31360000,2.30710000,2.31200000,293954.90000000,1748296799999999,679141.29276000,4016,145213.50000000,335531.05397000,0
1748296800000000,2.31210000,2.32480000,2.31080000,2.31950000,876281.80000000,1748297699999999,2030764.89208000,11203,547748.60000000,1269401.70663000,0
1748297700000000,2.31950000,2.32090000,2.31410000,2.31410000,555755.10000000,1748298599999999,1287622.66047000,5359,231776.40000000,537050.20889000,0
1748298600000000,2.31420000,2.31650000,2.31010000,2.31060000,536604.50000000,1748299499999999,1241495.90538000,5006,407445.20000000,942741.81189000,0
1748299500000000,2.31060000,2.31070000,2.30280000,2.30450000,618363.30000000,1748300399999999,1426214.87324000,5645,336030.50000000,774834.64758000,0
1748300400000000,2.30440000,2.30710000,2.30010000,2.30550000,797296.60000000,1748301299999999,1836722.30902000,7116,561154.60000000,1292502.01367000,0
1748301300000000,2.30550000,2.30640000,2.30290000,2.30430000,410356.30000000,1748302199999999,945569.84264000,5869,258212.10000000,594950.23731000,0
1748302200000000,2.30440000,2.30890000,2.30310000,2.30730000,452379.70000000,1748303099999999,1043470.96465000,5527,303148.30000000,699255.91997000,0
1748303100000000,2.30740000,2.31140000,2.30720000,2.31030000,298313.90000000,1748303999999999,689018.22644000,3672,169370.40000000,391203.52485000,0
1748304000000000,2.31030000,2.31380000,2.30660000,2.31370000,562007.00000000,1748304899999999,1298354.36422000,6628,303085.50000000,700125.19223000,0
1748304900000000,2.31380000,2.31700000,2.30670000,2.30710000,440157.10000000,1748305799999999,1017713.32797000,6834,228040.90000000,527313.99742000,0
1748305800000000,2.30710000,2.30750000,2.30200000,2.30250000,437008.60000000,1748306699999999,1007067.13734000,5855,170807.80000000,393591.12226000,0
1748306700000000,2.30260000,2.30610000,2.29890000,2.30280000,731166.20000000,1748307599999999,1682781.38631000,7840,332959.50000000,766410.46752000,0
1748307600000000,2.30280000,2.30330000,2.28330000,2.28580000,1863548.20000000,1748308499999999,4272019.94009000,19572,752364.90000000,1725230.53023000,0
1748308500000000,2.28580000,2.28650000,2.26710000,2.28220000,6106064.60000000,1748309399999999,13895828.68041000,54885,3020445.30000000,6872719.18901000,0
1748309400000000,2.28230000,2.28740000,2.28020000,2.28240000,1289546.20000000,1748310299999999,2945906.08343000,15473,784426.30000000,1792000.10094000,0
1748310300000000,2.28240000,2.28660000,2.27820000,2.28560000,1032325.00000000,1748311199999999,2357387.94526000,9403,716915.90000000,1637302.31963000,0
1748311200000000,2.28560000,2.29020000,2.28440000,2.29010000,754566.60000000,1748312099999999,1725974.97107000,7641,505570.70000000,1156425.54720000,0
1748312100000000,2.29010000,2.29420000,2.28600000,2.29410000,815265.10000000,1748312999999999,1867510.08926000,7147,542130.40000000,1241871.71751000,0
1748313000000000,2.29410000,2.29490000,2.29140000,2.29320000,511885.80000000,1748313899999999,1173980.91516000,4210,317187.40000000,727402.29576000,0
1748313900000000,2.29330000,2.29340000,2.28200000,2.28490000,690109.00000000,1748314799999999,1578011.86844000,7943,402267.20000000,919408.40918000,0
1748314800000000,2.28480000,2.29740000,2.28360000,2.29740000,1150695.40000000,1748315699999999,2635669.03937000,10351,893254.70000000,2046096.55807000,0
1748315700000000,2.29740000,2.30360000,2.29540000,2.29620000,1084920.00000000,1748316599999999,2493973.74621000,12991,653799.50000000,1502858.89032000,0
1748316600000000,2.29620000,2.30340000,2.29600000,2.29960000,1276353.80000000,1748317499999999,2935578.39572000,9597,821999.70000000,1890424.35746000,0
1748317500000000,2.29950000,2.30000000,2.29470000,2.29580000,418679.30000000,1748318399999999,961855.00260000,4105,262539.10000000,603098.70146000,0
1748318400000000,2.29580000,2.29880000,2.29330000,2.29630000,700104.60000000,1748319299999999,1607821.81424000,5892,347465.40000000,797804.09587000,0
1748319300000000,2.29620000,2.29990000,2.29320000,2.29870000,829934.90000000,1748320199999999,1905902.53677000,5839,467841.90000000,1074372.57940000,0
1748320200000000,2.29870000,2.30000000,2.29570000,2.29740000,854132.20000000,1748321099999999,1963199.21373000,6452,466211.00000000,1071547.79753000,0
1748321100000000,2.29740000,2.30370000,2.29360000,2.29400000,968132.20000000,1748321999999999,2226268.67773000,7303,598233.50000000,1375915.92355000,0
1748322000000000,2.29410000,2.29450000,2.28710000,2.28960000,704017.20000000,1748322899999999,1612444.43797000,5398,411751.20000000,942975.45051000,0
1748322900000000,2.28970000,2.29070000,2.28410000,2.28790000,926740.50000000,1748323799999999,2119837.32603000,7039,481367.90000000,1101039.27775000,0
1748323800000000,2.28790000,2.29380000,2.28710000,2.29280000,572497.40000000,1748324699999999,1311383.04296000,5012,349524.20000000,800551.48091000,0
1748324700000000,2.29280000,2.29740000,2.29170000,2.29640000,777844.60000000,1748325599999999,1785616.44042000,5710,545035.80000000,1251200.23324000,0
1748325600000000,2.29630000,2.30640000,2.29130000,2.30500000,2564762.80000000,1748326499999999,5895840.83256000,16638,1456387.60000000,3349172.66817000,0
1748326500000000,2.30500000,2.30730000,2.29880000,2.30460000,1252191.90000000,1748327399999999,2884023.34624000,12584,661909.80000000,1524278.16612000,0
1748327400000000,2.30470000,2.31040000,2.30430000,2.30710000,1032564.50000000,1748328299999999,2382067.61106000,9300,575696.30000000,1328105.89018000,0
1748328300000000,2.30720000,2.30750000,2.28820000,2.28880000,1818499.90000000,1748329199999999,4176090.00480000,13700,858706.00000000,1971335.67357000,0
1748329200000000,2.28880000,2.29580000,2.28880000,2.29390000,1531240.50000000,1748330099999999,3509999.30844000,11686,921793.70000000,2112918.71398000,0
1748330100000000,2.29390000,2.29640000,2.29220000,2.29380000,889728.90000000,1748330999999999,2040819.82876000,8945,605505.80000000,1388904.16788000,0
1748331000000000,2.29370000,2.30320000,2.29350000,2.29950000,708044.90000000,1748331899999999,1627974.43149000,10720,419252.10000000,963945.38622000,0
1748331900000000,2.29940000,2.30380000,2.29850000,2.30120000,673806.00000000,1748332799999999,1550586.87845000,7846,318373.80000000,732597.21568000,0
1748332800000000,2.30130000,2.31400000,2.30130000,2.30800000,895993.00000000,1748333699999999,2068976.26181000,12829,509398.50000000,1176055.48564000,0
1748333700000000,2.30800000,2.31380000,2.30760000,2.31220000,864279.30000000,1748334599999999,1997169.56989000,8724,524335.10000000,1211579.05442000,0
1748334600000000,2.31210000,2.31370000,2.30550000,2.30800000,913765.90000000,1748335499999999,2109533.44953000,11272,418975.70000000,967194.56541000,0
1748335500000000,2.30800000,2.31600000,2.30700000,2.31540000,1170164.10000000,1748336399999999,2704343.46618000,8124,795905.30000000,1839992.07881000,0
1748336400000000,2.31550000,2.31930000,2.31330000,2.31680000,1008955.70000000,1748337299999999,2337368.31728000,11451,543732.20000000,1259635.74036000,0
1748337300000000,2.31690000,2.31690000,2.30780000,2.30800000,687132.40000000,1748338199999999,1587747.22816000,6940,266043.40000000,614673.45696000,0
1748338200000000,2.30790000,2.31280000,2.30790000,2.31280000,460048.90000000,1748339099999999,1063105.59322000,5010,315811.70000000,729796.84360000,0
1748339100000000,2.31270000,2.31700000,2.31250000,2.31620000,620989.20000000,1748339999999999,1437471.87552000,5787,367080.00000000,849688.96743000,0
1748340000000000,2.31610000,2.31840000,2.31390000,2.31600000,686675.00000000,1748340899999999,1590699.32623000,6263,355524.90000000,823602.44542000,0
1748340900000000,2.31610000,2.31850000,2.31390000,2.31700000,720513.80000000,1748341799999999,1668938.47001000,6621,273175.00000000,632715.89799000,0
1748341800000000,2.31700000,2.31920000,2.31590000,2.31750000,796760.50000000,1748342699999999,1846362.08854000,6914,416264.10000000,964670.27950000,0
1748342700000000,2.31750000,2.31930000,2.31490000,2.31670000,646844.00000000,1748343599999999,1498509.48678000,5943,311797.20000000,722319.39337000,0
1748343600000000,2.31660000,2.32330000,2.31560000,2.31660000,1124799.10000000,1748344499999999,2609598.30723000,9720,613201.60000000,1422523.27800000,0
1748344500000000,2.31660000,2.31890000,2.30940000,2.31740000,567280.40000000,1748345399999999,1312872.15779000,6553,279766.40000000,647535.52437000,0
1748345400000000,2.31750000,2.31900000,2.31420000,2.31880000,518800.70000000,1748346299999999,1201721.93833000,7348,260209.20000000,602718.55825000,0
1748346300000000,2.31880000,2.32070000,2.31610000,2.31970000,567001.80000000,1748347199999999,1314502.95544000,5647,253784.80000000,588376.20495000,0
1748347200000000,2.31960000,2.32540000,2.31890000,2.31930000,923214.00000000,1748348099999999,2144064.06682000,8881,341993.00000000,794237.46844000,0
1748348100000000,2.31920000,2.32660000,2.31780000,2.32550000,672008.70000000,1748348999999999,1561217.79279000,7479,311818.20000000,724452.25865000,0
1748349000000000,2.32550000,2.32640000,2.31950000,2.32230000,675103.20000000,1748349899999999,1567942.02222000,6875,242944.90000000,564176.59272000,0
1748349900000000,2.32230000,2.32550000,2.31990000,2.32550000,525839.40000000,1748350799999999,1221222.83482000,4809,181341.90000000,421187.45745000,0
1748350800000000,2.32550000,2.35110000,2.32500000,2.34640000,4217923.70000000,1748351699999999,9864515.44890000,29527,2638910.30000000,6173466.78552000,0
1748351700000000,2.34640000,2.35430000,2.33860000,2.34040000,2785917.10000000,1748352599999999,6540392.15749000,29020,1216628.00000000,2856938.16090000,0
1748352600000000,2.34050000,2.34710000,2.33110000,2.33600000,2308028.60000000,1748353499999999,5395210.68050000,29588,942889.60000000,2204387.24569000,0
1748353500000000,2.33600000,2.33940000,2.32720000,2.33100000,1314535.10000000,1748354399999999,3066711.48986000,16813,585252.40000000,1365700.19797000,0
1748354400000000,2.33110000,2.34180000,2.32950000,2.33700000,857573.80000000,1748355299999999,2003564.05210000,16573,381003.90000000,890110.18091000,0
1748355300000000,2.33690000,2.33760000,2.32510000,2.32600000,771421.50000000,1748356199999999,1797901.58629000,16850,343397.70000000,800502.81819000,0
1748356200000000,2.32610000,2.33100000,2.30700000,2.33060000,2925795.00000000,1748357099999999,6785329.73347000,32161,1232781.60000000,2860103.13943000,0
1748357100000000,2.33050000,2.33440000,2.32620000,2.33130000,976172.40000000,1748357999999999,2275535.96034000,14603,523624.20000000,1220866.60392000,0
1748358000000000,2.33140000,2.33640000,2.32640000,2.33610000,1118338.80000000,1748358899999999,2608004.82860000,16716,466584.20000000,1088190.06748000,0
1748358900000000,2.33620000,2.33890000,2.33110000,2.33620000,577876.20000000,1748359799999999,1349620.41601000,10240,242728.00000000,566954.56043000,0
1748359800000000,2.33620000,2.33960000,2.33480000,2.33830000,787084.20000000,1748360699999999,1839712.71846000,10198,363825.40000000,850353.28162000,0
1748360700000000,2.33840000,2.34350000,2.33680000,2.33780000,1739072.90000000,1748361599999999,4068628.51665000,11297,670159.60000000,1568317.29439000,0
1748361600000000,2.33780000,2.34000000,2.33190000,2.33750000,647564.40000000,1748362499999999,1512865.78302000,11141,221066.50000000,516407.06353000,0
1748362500000000,2.33750000,2.34390000,2.33700000,2.33800000,833142.70000000,1748363399999999,1950250.63898000,11887,470857.10000000,1102078.88822000,0
1748363400000000,2.33810000,2.34510000,2.33710000,2.34420000,1103017.20000000,1748364299999999,2583130.65476000,11061,449551.00000000,1052674.18687000,0
1748364300000000,2.34420000,2.34550000,2.33680000,2.33950000,824160.70000000,1748365199999999,1930399.58210000,8435,377158.90000000,883491.63644000,0
1748365200000000,2.33960000,2.34660000,2.33920000,2.34310000,870924.70000000,1748366099999999,2040139.55262000,8982,538797.00000000,1261793.41443000,0
1748366100000000,2.34310000,2.34450000,2.33490000,2.33870000,757097.30000000,1748366999999999,1771020.94135000,9786,313515.30000000,733614.90083000,0
1748367000000000,2.33860000,2.34520000,2.33340000,2.34430000,735910.60000000,1748367899999999,1721605.90527000,7858,368354.10000000,861805.37748000,0
1748367900000000,2.34440000,2.34930000,2.34160000,2.34160000,1204725.80000000,1748368799999999,2826390.68685000,10365,309267.30000000,725655.00223000,0
1748368800000000,2.34160000,2.34540000,2.34080000,2.34170000,719647.80000000,1748369699999999,1686121.18608000,7255,317022.30000000,742669.77898000,0
1748369700000000,2.34180000,2.34470000,2.33630000,2.33660000,499861.50000000,1748370599999999,1169719.51295000,7770,236259.90000000,552876.14466000,0
1748370600000000,2.33660000,2.33930000,2.33310000,2.33790000,468804.70000000,1748371499999999,1095230.16662000,6392,188529.20000000,440493.95287000,0
1748371500000000,2.33800000,2.33950000,2.33540000,2.33590000,510761.50000000,1748372399999999,1193652.72808000,4928,250038.40000000,584316.46626000,0
1748372400000000,2.33580000,2.34060000,2.33300000,2.33970000,709929.30000000,1748373299999999,1658311.70217000,6736,361955.70000000,845464.46154000,0
1748373300000000,2.33970000,2.34030000,2.33640000,2.33820000,544091.70000000,1748374199999999,1272451.65952000,6472,158925.10000000,371708.25373000,0
1748374200000000,2.33810000,2.34080000,2.33410000,2.33860000,506089.80000000,1748375099999999,1183266.65106000,4897,246553.40000000,576639.88727000,0
1748375100000000,2.33860000,2.34080000,2.33430000,2.33550000,981492.40000000,1748375999999999,2295404.11702000,6399,447741.30000000,1047127.56410000,0
1748376000000000,2.33560000,2.33720000,2.33290000,2.33490000,580567.70000000,1748376899999999,1355714.77529000,7910,186604.70000000,435751.19180000,0
1748376900000000,2.33490000,2.33700000,2.33240000,2.33510000,389178.10000000,1748377799999999,908769.46444000,5473,148867.80000000,347612.03779000,0
1748377800000000,2.33520000,2.33520000,2.32930000,2.33020000,727604.50000000,1748378699999999,1697370.86836000,8484,204041.90000000,475944.29135000,0
1748378700000000,2.33010000,2.33300000,2.32730000,2.33020000,484882.30000000,1748379599999999,1130048.67818000,6359,185707.20000000,432787.79433000,0
1748379600000000,2.33020000,2.33320000,2.32870000,2.32980000,604833.50000000,1748380499999999,1409999.59168000,5118,246911.00000000,575600.62110000,0
1748380500000000,2.32980000,2.32990000,2.31630000,2.31900000,1427369.70000000,1748381399999999,3315577.03522000,9226,445534.70000000,1035109.06410000,0
1748381400000000,2.31900000,2.32840000,2.31590000,2.31660000,1427135.90000000,1748382299999999,3315192.42530000,11992,877123.80000000,2038627.41335000,0
1748382300000000,2.31660000,2.32010000,2.31310000,2.31690000,774242.60000000,1748383199999999,1793713.97464000,9452,281727.60000000,652892.74262000,0
1748383200000000,2.31690000,2.32030000,2.30950000,2.31130000,1114369.90000000,1748384099999999,2579182.45462000,14391,428431.20000000,991791.98453000,0
1748384100000000,2.31140000,2.31470000,2.30550000,2.31260000,920284.40000000,1748384999999999,2125629.24934000,11380,465561.60000000,1075448.53721000,0
1748385000000000,2.31260000,2.31600000,2.30950000,2.31570000,416942.40000000,1748385899999999,964388.63146000,6254,265949.40000000,615199.50238000,0
1748385900000000,2.31560000,2.32000000,2.31440000,2.31820000,228520.40000000,1748386799999999,529532.40923000,4352,113448.50000000,262878.59688000,0
1748386800000000,2.31810000,2.32120000,2.31700000,2.31950000,326417.20000000,1748387699999999,757053.11428000,4674,189211.00000000,438794.10645000,0
1748387700000000,2.31950000,2.32050000,2.31450000,2.31460000,550327.80000000,1748388599999999,1275442.74127000,6160,299150.10000000,693384.76845000,0
1748388600000000,2.31460000,2.32070000,2.31350000,2.31720000,274895.80000000,1748389499999999,636817.59459000,4982,153655.00000000,355967.40639000,0
1748389500000000,2.31720000,2.31920000,2.31620000,2.31680000,487273.90000000,1748390399999999,1129503.49836000,5249,243785.70000000,565073.43508000,0
1748390400000000,2.31670000,2.31670000,2.30950000,2.30950000,407299.70000000,1748391299999999,941985.66602000,6988,159767.40000000,369535.97124000,0
1748391300000000,2.30950000,2.31850000,2.30870000,2.31750000,384587.90000000,1748392199999999,889442.00852000,6126,185653.20000000,429501.58889000,0
1748392200000000,2.31750000,2.31930000,2.31390000,2.31820000,420706.20000000,1748393099999999,974823.68628000,7631,255938.10000000,593011.92634000,0
1748393100000000,2.31820000,2.32300000,2.31370000,2.32120000,547139.50000000,1748393999999999,1268600.44865000,6341,390959.40000000,906582.81110000,0
1748394000000000,2.32110000,2.32320000,2.31590000,2.31760000,361533.70000000,1748394899999999,838091.33131000,6260,135036.10000000,313069.59978000,0
1748394900000000,2.31770000,2.31770000,2.31320000,2.31600000,503125.60000000,1748395799999999,1164859.75014000,6709,263481.20000000,609966.60788000,0
1748395800000000,2.31590000,2.31900000,2.31210000,2.31610000,486563.80000000,1748396699999999,1126656.35123000,7343,239510.80000000,554572.98258000,0
1748396700000000,2.31600000,2.32160000,2.30920000,2.31000000,992903.20000000,1748397599999999,2299429.61157000,7869,353189.00000000,817609.14222000,0
1748397600000000,2.30990000,2.31270000,2.30630000,2.30870000,1007061.10000000,1748398499999999,2325917.47935000,11911,450652.00000000,1040851.54532000,0
1748398500000000,2.30880000,2.31040000,2.30280000,2.30340000,529132.60000000,1748399399999999,1220385.06794000,8941,194937.70000000,449622.15524000,0
1748399400000000,2.30340000,2.31220000,2.30310000,2.31010000,337288.10000000,1748400299999999,778741.02314000,6344,145023.50000000,334877.74888000,0
1748400300000000,2.31010000,2.31230000,2.30820000,2.30890000,240787.70000000,1748401199999999,556296.20725000,4027,136085.10000000,314398.41823000,0
1748401200000000,2.30890000,2.30900000,2.30560000,2.30900000,519843.40000000,1748402099999999,1199288.24609000,4289,261569.20000000,603410.68071000,0
1748402100000000,2.30890000,2.30930000,2.30470000,2.30610000,464376.30000000,1748402999999999,1071349.84976000,5724,124045.40000000,286170.01852000,0
1748403000000000,2.30610000,2.31060000,2.30500000,2.30820000,357374.30000000,1748403899999999,824951.10817000,5788,202718.20000000,467946.84790000,0
1748403900000000,2.30830000,2.31350000,2.30800000,2.31260000,678921.10000000,1748404799999999,1568727.70644000,4192,474283.80000000,1095979.34288000,0
1748404800000000,2.31250000,2.31320000,2.30680000,2.30930000,434449.80000000,1748405699999999,1003284.96991000,4030,285678.50000000,659756.01018000,0
1748405700000000,2.30930000,2.31140000,2.30470000,2.30610000,321261.40000000,1748406599999999,741559.77838000,4629,181652.50000000,419394.41706000,0
1748406600000000,2.30620000,2.31360000,2.30600000,2.31330000,402581.70000000,1748407499999999,930004.06402000,4488,284612.50000000,657605.65776000,0
1748407500000000,2.31330000,2.31630000,2.31270000,2.31290000,265109.50000000,1748408399999999,613510.72219000,3512,151632.50000000,350870.39175000,0
1748408400000000,2.31300000,2.31350000,2.30440000,2.30640000,403491.60000000,1748409299999999,930814.27624000,4170,177615.60000000,409544.97177000,0
1748409300000000,2.30640000,2.30820000,2.30300000,2.30540000,594274.90000000,1748410199999999,1370039.07223000,5758,245351.20000000,565584.24738000,0
1748410200000000,2.30530000,2.30890000,2.30410000,2.30620000,389940.30000000,1748411099999999,899363.58882000,5394,171753.80000000,396161.84013000,0
1748411100000000,2.30620000,2.30840000,2.30300000,2.30340000,698041.50000000,1748411999999999,1609741.72690000,4657,295876.80000000,682191.31387000,0
1748412000000000,2.30330000,2.30360000,2.29080000,2.29120000,2376087.10000000,1748412899999999,5457563.56014000,12638,780337.40000000,1791280.45997000,0
1748412900000000,2.29110000,2.29510000,2.28940000,2.29460000,1296845.20000000,1748413799999999,2972143.78264000,9800,799276.30000000,1831749.77023000,0
1748413800000000,2.29460000,2.29460000,2.28700000,2.28960000,1297129.60000000,1748414699999999,2969551.54755000,8652,602181.40000000,1378601.71810000,0
1748414700000000,2.28950000,2.29180000,2.28850000,2.28860000,981925.70000000,1748415599999999,2248320.11874000,7576,483562.50000000,1107202.09942000,0
1748415600000000,2.28860000,2.29360000,2.28420000,2.29130000,2194320.20000000,1748416499999999,5024482.29240000,10918,1251391.10000000,2866100.82356000,0
1748416500000000,2.29130000,2.29440000,2.28910000,2.29090000,1117044.10000000,1748417399999999,2559375.49929000,6532,494845.10000000,1133742.37857000,0
1748417400000000,2.29080000,2.29560000,2.29020000,2.29510000,953294.40000000,1748418299999999,2185539.20226000,5983,404262.20000000,926820.32653000,0
1748418300000000,2.29500000,2.29970000,2.29340000,2.29570000,1291031.70000000,1748419199999999,2964680.48617000,5976,780304.80000000,1791909.16487000,0
1748419200000000,2.29570000,2.29810000,2.29160000,2.29450000,713449.30000000,1748420099999999,1637884.43326000,7078,371575.30000000,853039.20089000,0
1748420100000000,2.29440000,2.30090000,2.29320000,2.30040000,346631.80000000,1748420999999999,796249.75892000,4902,194820.00000000,447570.57108000,0
1748421000000000,2.30030000,2.30290000,2.29400000,2.30240000,767834.00000000,1748421899999999,1764909.28091000,9341,371354.90000000,853675.63032000,0
1748421900000000,2.30250000,2.30350000,2.29960000,2.30100000,645338.50000000,1748422799999999,1484969.09138000,5633,239512.70000000,551117.64358000,0
1748422800000000,2.30110000,2.30170000,2.29750000,2.29770000,671384.50000000,1748423699999999,1543987.41026000,6075,277224.70000000,637559.41130000,0
1748423700000000,2.29780000,2.30110000,2.29450000,2.29450000,700527.20000000,1748424599999999,1609416.00203000,7241,248956.90000000,572026.75875000,0
1748424600000000,2.29440000,2.29920000,2.29000000,2.29730000,1165249.30000000,1748425499999999,2673934.35876000,10252,541335.50000000,1241765.99355000,0
1748425500000000,2.29720000,2.29920000,2.29460000,2.29650000,544115.40000000,1748426399999999,1249954.41506000,5622,246097.70000000,565381.88344000,0
1748426400000000,2.29640000,2.29650000,2.28840000,2.29430000,1004640.00000000,1748427299999999,2301736.15926000,10025,308048.20000000,705739.57482000,0
1748427300000000,2.29430000,2.29710000,2.28810000,2.29680000,646561.50000000,1748428199999999,1482245.84162000,8658,288598.20000000,661598.10335000,0
1748428200000000,2.29680000,2.30350000,2.29650000,2.30080000,809194.80000000,1748429099999999,1861852.54966000,7157,460974.80000000,1060673.11583000,0
1748429100000000,2.30090000,2.30500000,2.30020000,2.30330000,476649.10000000,1748429999999999,1097793.96457000,5243,249705.20000000,575108.66431000,0
1748430000000000,2.30340000,2.30810000,2.30330000,2.30440000,597238.60000000,1748430899999999,1377493.40883000,5772,369209.90000000,851561.59133000,0
1748430900000000,2.30440000,2.30680000,2.30130000,2.30210000,574800.20000000,1748431799999999,1323864.98001000,6266,233993.30000000,538939.08191000,0
1748431800000000,2.30210000,2.31000000,2.30200000,2.30810000,1295369.10000000,1748432699999999,2989873.22642000,7717,799913.30000000,1846133.50961000,0
1748432700000000,2.30800000,2.31030000,2.30700000,2.30800000,1053197.00000000,1748433599999999,2431507.71256000,7521,482661.10000000,1114353.80388000,0
1748433600000000,2.30800000,2.31010000,2.30590000,2.30720000,571936.40000000,1748434499999999,1319908.56127000,6111,207249.10000000,478286.98823000,0
1748434500000000,2.30720000,2.31510000,2.30650000,2.31240000,809783.90000000,1748435399999999,1872123.85550000,10292,503305.80000000,1163532.14493000,0
1748435400000000,2.31240000,2.31500000,2.31170000,2.31430000,706974.10000000,1748436299999999,1635469.42801000,8332,404037.10000000,934656.80131000,0
1748436300000000,2.31420000,2.31470000,2.30500000,2.30680000,773536.90000000,1748437199999999,1785678.13706000,7297,256816.50000000,592856.57061000,0
1748437200000000,2.30690000,2.30790000,2.30320000,2.30450000,866345.00000000,1748438099999999,1997707.09437000,8311,463103.40000000,1067896.77109000,0
1748438100000000,2.30450000,2.30540000,2.29940000,2.30260000,1004794.80000000,1748438999999999,2312850.20780000,9429,486411.30000000,1119687.80563000,0
1748439000000000,2.30260000,2.30640000,2.29370000,2.29710000,1778660.80000000,1748439899999999,4092384.14727000,27446,862579.60000000,1984857.28262000,0
1748439900000000,2.29700000,2.29700000,2.28050000,2.28220000,3137045.40000000,1748440799999999,7173261.20996000,22405,1651183.60000000,3775899.28859000,0
1748440800000000,2.28220000,2.28570000,2.27600000,2.27840000,3539183.50000000,1748441699999999,8072456.86240000,31247,1916871.10000000,4371988.93106000,0
1748441700000000,2.27830000,2.28350000,2.27210000,2.28290000,2624092.60000000,1748442599999999,5975719.55188000,23938,1462379.40000000,3330610.16869000,0
1748442600000000,2.28290000,2.28290000,2.27450000,2.27730000,1157181.10000000,1748443499999999,2636677.88422000,12380,682274.40000000,1554721.03059000,0
1748443500000000,2.27730000,2.27960000,2.26750000,2.26830000,2253519.60000000,1748444399999999,5121856.20726000,18124,1178720.30000000,2678954.99171000,0
1748444400000000,2.26830000,2.27790000,2.25420000,2.25540000,4445049.80000000,1748445299999999,10061650.82678000,32104,2304476.30000000,5218177.88969000,0
1748445300000000,2.25540000,2.26710000,2.25530000,2.26370000,1744007.00000000,1748446199999999,3945776.10179000,20130,967441.80000000,2189282.95262000,0
1748446200000000,2.26360000,2.26440000,2.25750000,2.26210000,1415346.60000000,1748447099999999,3198885.40452000,16442,749239.00000000,1693400.53706000,0
1748447100000000,2.26210000,2.26400000,2.25220000,2.25280000,1559426.90000000,1748447999999999,3519313.54848000,14214,894276.80000000,2018254.22315000,0
1748448000000000,2.25280000,2.26190000,2.25210000,2.25880000,1498399.90000000,1748448899999999,3381837.04555000,15411,846003.90000000,1909383.76546000,0
1748448900000000,2.25880000,2.26820000,2.25830000,2.26640000,810286.60000000,1748449799999999,1834851.58464000,10421,500668.60000000,1133735.25840000,0
1748449800000000,2.26630000,2.26670000,2.26040000,2.26160000,894489.00000000,1748450699999999,2024523.89328000,7519,494783.10000000,1119838.11404000,0
1748450700000000,2.26150000,2.26540000,2.25640000,2.25920000,798656.50000000,1748451599999999,1805428.29885000,8004,342005.60000000,773076.73657000,0
1748451600000000,2.25920000,2.26690000,2.25630000,2.25660000,1562012.20000000,1748452499999999,3533033.71354000,13541,612802.00000000,1385827.80945000,0
1748452500000000,2.25660000,2.26300000,2.24790000,2.25130000,2359776.80000000,1748453399999999,5314725.34540000,15485,880553.20000000,1984059.67305000,0
1748453400000000,2.25120000,2.25120000,2.23650000,2.24080000,3022854.10000000,1748454299999999,6780206.98085000,22955,1502150.60000000,3369550.91396000,0
1748454300000000,2.24070000,2.25020000,2.23940000,2.25020000,1321845.70000000,1748455199999999,2965151.43614000,14853,662705.90000000,1486930.12258000,0
1748455200000000,2.25010000,2.26000000,2.24870000,2.25920000,1516771.60000000,1748456099999999,3419830.48851000,11975,906494.50000000,2043730.76313000,0
1748456100000000,2.25910000,2.26000000,2.24950000,2.25060000,1286034.30000000,1748456999999999,2899350.59805000,15161,402588.30000000,907748.56345000,0
1748457000000000,2.25060000,2.25660000,2.25060000,2.25580000,642377.60000000,1748457899999999,1447247.50084000,6876,303983.50000000,684863.86951000,0
1748457900000000,2.25580000,2.25670000,2.24020000,2.24330000,1996762.20000000,1748458799999999,4485997.65191000,17592,620696.10000000,1395191.06783000,0
1748458800000000,2.24320000,2.25600000,2.24210000,2.25270000,1739462.50000000,1748459699999999,3916164.88643000,10427,1149165.50000000,2586688.42096000,0
1748459700000000,2.25260000,2.25300000,2.24590000,2.24890000,695620.80000000,1748460599999999,1564831.31719000,10600,354365.70000000,797164.13857000,0
1748460600000000,2.24880000,2.24890000,2.23220000,2.23230000,1399877.30000000,1748461499999999,3134066.40254000,15475,708658.30000000,1586708.79485000,0
1748461500000000,2.23240000,2.23820000,2.22650000,2.22750000,2517509.00000000,1748462399999999,5622267.42797000,20016,1257043.80000000,2808095.39178000,0
1748462400000000,2.22750000,2.24160000,2.22660000,2.24090000,1115713.50000000,1748463299999999,2495049.92727000,14189,623751.40000000,1394653.69263000,0
1748463300000000,2.24090000,2.24690000,2.23650000,2.24560000,1302990.50000000,1748464199999999,2921238.06307000,17507,757119.20000000,1697435.17614000,0
1748464200000000,2.24570000,2.24990000,2.24230000,2.24730000,820799.20000000,1748465099999999,1844544.09635000,7303,364832.70000000,819711.60693000,0
1748465100000000,2.24730000,2.25410000,2.24730000,2.25210000,637081.20000000,1748465999999999,1434076.99076000,8472,338709.10000000,762390.49010000,0
1748466000000000,2.25200000,2.25540000,2.25070000,2.25240000,639897.10000000,1748466899999999,1441711.71180000,6371,345063.00000000,777378.28544000,0
1748466900000000,2.25240000,2.25990000,2.25090000,2.25460000,639766.10000000,1748467799999999,1443677.24677000,5926,402884.20000000,909086.76639000,0
1748467800000000,2.25460000,2.25790000,2.25330000,2.25770000,438271.60000000,1748468699999999,988822.94479000,5517,285965.40000000,645155.28150000,0
1748468700000000,2.25780000,2.26330000,2.25780000,2.26180000,616849.90000000,1748469599999999,1394168.55515000,7306,456683.30000000,1032214.58571000,0
1748469600000000,2.26170000,2.26170000,2.25450000,2.25630000,595515.60000000,1748470499999999,1345020.04803000,9432,304359.00000000,687476.94937000,0
1748470500000000,2.25640000,2.25940000,2.25480000,2.25550000,474052.30000000,1748471399999999,1069863.52366000,5521,258266.90000000,582868.74022000,0
1748471400000000,2.25550000,2.25790000,2.25230000,2.25650000,586861.50000000,1748472299999999,1323593.38398000,5661,333522.10000000,752209.04474000,0
1748472300000000,2.25650000,2.26250000,2.25490000,2.26100000,648904.20000000,1748473199999999,1465421.05518000,5897,346067.90000000,781774.82120000,0
1748473200000000,2.26100000,2.26810000,2.26000000,2.26780000,689066.90000000,1748474099999999,1559845.65901000,8229,529485.90000000,1198582.56026000,0
1748474100000000,2.26780000,2.27870000,2.26700000,2.27480000,1293980.10000000,1748474999999999,2940376.82349000,16077,732327.40000000,1664038.90121000,0
1748475000000000,2.27490000,2.28100000,2.27490000,2.27620000,1045735.30000000,1748475899999999,2382454.56300000,13284,624925.10000000,1423665.60508000,0
1748475900000000,2.27630000,2.27630000,2.27160000,2.27420000,528441.70000000,1748476799999999,1201428.04780000,7724,233954.20000000,531916.05843000,0
1748476800000000,2.27420000,2.27790000,2.26740000,2.26930000,935517.10000000,1748477699999999,2125443.38654000,14618,444797.50000000,1010692.43465000,0
1748477700000000,2.26940000,2.28080000,2.26910000,2.28060000,847572.10000000,1748478599999999,1928050.86219000,11875,446490.10000000,1015784.15843000,0
1748478600000000,2.28070000,2.28490000,2.27770000,2.28120000,1280395.10000000,1748479499999999,2920974.78790000,12227,878873.80000000,2004833.95067000,0
1748479500000000,2.28120000,2.29740000,2.28120000,2.29550000,1753941.60000000,1748480399999999,4018946.46921000,13081,1181958.80000000,2708726.14911000,0
1748480400000000,2.29550000,2.29740000,2.28640000,2.28870000,1442014.10000000,1748481299999999,3305441.63246000,15953,667029.00000000,1528944.00264000,0
1748481300000000,2.28870000,2.29070000,2.28550000,2.28620000,760279.00000000,1748482199999999,1739090.71520000,8454,317097.70000000,725486.69581000,0
1748482200000000,2.28610000,2.29100000,2.28190000,2.29020000,666428.40000000,1748483099999999,1523447.99390000,8022,365646.70000000,836001.82925000,0
1748483100000000,2.29020000,2.29210000,2.28710000,2.29000000,632197.60000000,1748483999999999,1447554.22314000,7268,349216.30000000,799568.82982000,0
1748484000000000,2.29010000,2.29040000,2.28230000,2.28300000,551040.90000000,1748484899999999,1259438.28073000,5095,248836.50000000,568584.16303000,0
1748484900000000,2.28310000,2.29540000,2.28310000,2.29400000,1335457.10000000,1748485799999999,3057363.50850000,11585,828431.90000000,1896336.55893000,0
1748485800000000,2.29400000,2.30300000,2.29400000,2.29890000,2008896.80000000,1748486699999999,4617833.49627000,18054,1380604.50000000,3173569.57407000,0
1748486700000000,2.29890000,2.31190000,2.29880000,2.31070000,1568906.40000000,1748487599999999,3617300.94701000,14906,991824.10000000,2286976.35295000,0
1748487600000000,2.31060000,2.31250000,2.29790000,2.29880000,1134759.80000000,1748488499999999,2614864.90914000,12858,567088.80000000,1307391.32387000,0
1748488500000000,2.29890000,2.30500000,2.29880000,2.30060000,958462.30000000,1748489399999999,2205635.04862000,11854,588792.50000000,1354895.77835000,0
1748489400000000,2.30060000,2.30270000,2.28910000,2.29060000,958480.00000000,1748490299999999,2199490.35514000,10249,402710.60000000,924423.04835000,0
1748490300000000,2.29060000,2.29490000,2.28820000,2.29110000,905330.00000000,1748491199999999,2074696.77316000,9040,514675.70000000,1179503.45631000,0
1748491200000000,2.29110000,2.29480000,2.28590000,2.28800000,1009521.60000000,1748492099999999,2312315.35359000,9712,444196.80000000,1017400.78162000,0
1748492100000000,2.28800000,2.29040000,2.27990000,2.29020000,1139527.10000000,1748492999999999,2603061.58649000,9763,568648.40000000,1298961.78590000,0
1748493000000000,2.29030000,2.29090000,2.27480000,2.27910000,1080309.50000000,1748493899999999,2463551.08304000,14077,439261.00000000,1001804.43905000,0
1748493900000000,2.27910000,2.28390000,2.27360000,2.28200000,2116713.70000000,1748494799999999,4822823.58916000,19908,1211648.00000000,2760843.72425000,0
1748494800000000,2.28210000,2.28490000,2.27930000,2.28090000,641440.70000000,1748495699999999,1463646.76579000,9556,321165.80000000,732801.24693000,0
1748495700000000,2.28090000,2.28840000,2.28090000,2.28650000,615597.20000000,1748496599999999,1407296.11665000,5257,287018.40000000,656090.64321000,0
1748496600000000,2.28650000,2.28770000,2.28310000,2.28670000,682394.40000000,1748497499999999,1559568.29785000,5827,304191.40000000,695242.00437000,0
1748497500000000,2.28670000,2.28840000,2.27770000,2.28020000,1190066.40000000,1748498399999999,2716259.88340000,8246,597012.30000000,1363377.41248000,0
1748498400000000,2.28010000,2.28680000,2.27930000,2.28530000,478154.40000000,1748499299999999,1091035.40616000,7483,128952.50000000,294270.92152000,0
1748499300000000,2.28530000,2.28750000,2.28050000,2.28750000,1230668.70000000,1748500199999999,2811124.83172000,5263,530538.60000000,1211723.91427000,0
1748500200000000,2.28750000,2.28830000,2.28100000,2.28210000,977064.50000000,1748501099999999,2231306.67833000,7108,402710.20000000,919645.45862000,0
1748501100000000,2.28210000,2.28490000,2.28100000,2.28480000,736532.30000000,1748501999999999,1681340.14940000,5515,431413.30000000,984808.39834000,0
1748502000000000,2.28480000,2.28750000,2.27770000,2.28400000,1267277.20000000,1748502899999999,2891813.73609000,11563,431564.60000000,984476.54243000,0
1748502900000000,2.28400000,2.28650000,2.28230000,2.28510000,839692.00000000,1748503799999999,1917857.49867000,6984,370983.00000000,847288.13575000,0
1748503800000000,2.28500000,2.28510000,2.28090000,2.28230000,841773.80000000,1748504699999999,1921748.02021000,5791,505542.60000000,1154135.28675000,0
1748504700000000,2.28240000,2.28240000,2.27150000,2.27960000,2528499.20000000,1748505599999999,5759991.69932000,8893,946051.40000000,2155708.40391000,0
1748505600000000,2.27960000,2.28700000,2.27700000,2.28670000,2103893.30000000,1748506499999999,4800085.51189000,11589,1295678.70000000,2955801.25701000,0
1748506500000000,2.28660000,2.29420000,2.28630000,2.29000000,1151985.20000000,1748507399999999,2638897.56192000,9567,790713.50000000,1811380.55281000,0
1748507400000000,2.28990000,2.29620000,2.28960000,2.29250000,790273.80000000,1748508299999999,1812614.88216000,7631,501115.20000000,1149518.30521000,0
1748508300000000,2.29260000,2.29630000,2.29090000,2.29490000,865411.50000000,1748509199999999,1985546.97276000,9097,280134.80000000,642635.77854000,0
1748509200000000,2.29490000,2.29650000,2.29180000,2.29380000,662824.20000000,1748510099999999,1520534.79558000,6305,301084.60000000,690695.61547000,0
1748510100000000,2.29380000,2.29410000,2.28980000,2.29260000,550346.90000000,1748510999999999,1261353.72155000,6115,192245.60000000,440609.94155000,0
1748511000000000,2.29250000,2.29480000,2.29060000,2.29150000,441578.50000000,1748511899999999,1012512.94307000,5904,143059.60000000,328010.22933000,0
1748511900000000,2.29140000,2.29420000,2.29080000,2.29290000,513613.70000000,1748512799999999,1177529.83128000,6018,149729.30000000,343229.07885000,0
1748512800000000,2.29290000,2.29800000,2.28810000,2.29470000,1463769.70000000,1748513699999999,3356181.83823000,11233,896175.90000000,2054848.30170000,0
1748513700000000,2.29470000,2.30000000,2.29350000,2.29540000,616671.10000000,1748514599999999,1416489.73768000,7124,344528.80000000,791561.20688000,0
1748514600000000,2.29530000,2.30060000,2.29500000,2.30050000,557739.80000000,1748515499999999,1281995.80446000,6390,311214.40000000,715335.26213000,0
1748515500000000,2.30060000,2.30300000,2.30030000,2.30100000,744281.30000000,1748516399999999,1713072.43585000,5637,397036.00000000,913834.44204000,0
1748516400000000,2.30110000,2.30240000,2.29700000,2.29930000,904670.00000000,1748517299999999,2079806.69074000,7375,428761.90000000,985595.99754000,0
1748517300000000,2.29920000,2.30390000,2.29900000,2.30040000,725248.50000000,1748518199999999,1669082.85762000,5804,457955.20000000,1053847.21697000,0
1748518200000000,2.30040000,2.30400000,2.29830000,2.29920000,869399.80000000,1748519099999999,2000234.43105000,7512,458957.30000000,1055884.44023000,0
1748519100000000,2.29930000,2.30200000,2.29650000,2.30190000,861071.40000000,1748519999999999,1979422.38184000,8557,399013.60000000,917362.26496000,0
1748520000000000,2.30190000,2.30300000,2.29610000,2.29650000,1045171.00000000,1748520899999999,2403019.71595000,11139,333860.80000000,767734.91057000,0
1748520900000000,2.29640000,2.30060000,2.29400000,2.29860000,1082600.00000000,1748521799999999,2486751.24669000,8475,515737.70000000,1184742.87740000,0
1748521800000000,2.29870000,2.30280000,2.28830000,2.28970000,1501407.50000000,1748522699999999,3445006.66113000,14388,654318.80000000,1501246.65075000,0
1748522700000000,2.28960000,2.29740000,2.28900000,2.29520000,626519.60000000,1748523599999999,1437054.47929000,6454,272383.40000000,624784.13535000,0
1748523600000000,2.29520000,2.30950000,2.29490000,2.30550000,1393689.70000000,1748524499999999,3211550.89128000,9764,889000.00000000,2048699.17318000,0
1748524500000000,2.30550000,2.30550000,2.29820000,2.30170000,1113341.50000000,1748525399999999,2562456.32165000,8215,404372.00000000,930693.67958000,0
1748525400000000,2.30170000,2.30280000,2.28530000,2.28720000,1353837.20000000,1748526299999999,3104854.04325000,15076,456811.50000000,1047626.24485000,0
1748526300000000,2.28720000,2.29410000,2.28320000,2.28700000,1487758.40000000,1748527199999999,3403970.21270000,12611,598304.40000000,1368794.74577000,0
1748527200000000,2.28690000,2.29250000,2.27630000,2.28150000,2234587.10000000,1748528099999999,5104048.93710000,21990,888396.50000000,2030075.54720000,0
1748528100000000,2.28150000,2.28190000,2.26600000,2.27180000,2031528.40000000,1748528999999999,4614366.22994000,21575,877566.80000000,1992943.79376000,0
1748529000000000,2.27180000,2.27860000,2.26660000,2.27830000,1259131.50000000,1748529899999999,2861300.29622000,12466,598462.70000000,1360232.58182000,0
1748529900000000,2.27830000,2.29450000,2.27790000,2.29160000,1606144.20000000,1748530799999999,3674008.72340000,16952,1038200.00000000,2374577.11935000,0
1748530800000000,2.29150000,2.29580000,2.28720000,2.28780000,1043929.10000000,1748531699999999,2393199.29848000,12843,475646.40000000,1090260.22580000,0
1748531700000000,2.28780000,2.29340000,2.28690000,2.29040000,836755.60000000,1748532599999999,1916222.62796000,13739,466400.30000000,1068154.98004000,0
1748532600000000,2.29040000,2.29210000,2.27920000,2.28080000,1203950.50000000,1748533499999999,2749865.62804000,11184,454434.40000000,1038186.97456000,0
1748533500000000,2.28070000,2.28240000,2.27500000,2.27640000,955179.50000000,1748534399999999,2176220.90039000,10789,432316.50000000,984841.94889000,0
1748534400000000,2.27650000,2.27810000,2.27030000,2.27630000,1339209.60000000,1748535299999999,3045989.52398000,12860,521611.80000000,1186455.76438000,0
1748535300000000,2.27620000,2.28230000,2.27570000,2.27940000,696340.50000000,1748536199999999,1586974.09310000,10728,334098.60000000,761430.06117000,0
1748536200000000,2.27930000,2.28190000,2.27370000,2.27850000,899941.50000000,1748537099999999,2049835.32728000,10110,366742.20000000,835329.97697000,0
1748537100000000,2.27850000,2.28330000,2.26780000,2.27130000,1102420.90000000,1748537999999999,2507864.65877000,13616,327557.20000000,745362.88526000,0
1748538000000000,2.27120000,2.27840000,2.26900000,2.27580000,606800.20000000,1748538899999999,1379396.94318000,10276,258380.30000000,587358.27018000,0
1748538900000000,2.27580000,2.28380000,2.27370000,2.28010000,697457.40000000,1748539799999999,1589763.95697000,14257,296675.10000000,675967.83677000,0
1748539800000000,2.28000000,2.28310000,2.27120000,2.27180000,926185.20000000,1748540699999999,2110418.02150000,11093,339692.00000000,774004.62012000,0
1748540700000000,2.27180000,2.29140000,2.27080000,2.28380000,1913802.40000000,1748541599999999,4373311.15230000,16510,1055960.40000000,2412589.70971000,0
1748541600000000,2.28390000,2.29060000,2.28260000,2.28740000,949935.90000000,1748542499999999,2172412.25117000,11447,534805.30000000,1222975.00896000,0
1748542500000000,2.28740000,2.28900000,2.28160000,2.28300000,814727.90000000,1748543399999999,1861479.36747000,11436,394394.60000000,901037.21418000,0
1748543400000000,2.28300000,2.28720000,2.27260000,2.27290000,1044735.20000000,1748544299999999,2381397.39049000,10156,310109.20000000,706472.34843000,0
1748544300000000,2.27300000,2.27900000,2.27150000,2.27160000,512227.40000000,1748545199999999,1165390.29898000,8050,284557.00000000,647347.95795000,0
1748545200000000,2.27160000,2.27660000,2.25350000,2.25510000,2608451.20000000,1748546099999999,5902570.76462000,21715,977265.70000000,2212749.49766000,0
1748546100000000,2.25520000,2.26190000,2.25320000,2.26060000,1275296.60000000,1748546999999999,2878885.11410000,17979,662331.50000000,1495110.25664000,0
1748547000000000,2.26060000,2.26530000,2.25500000,2.25670000,721776.40000000,1748547899999999,1631184.46155000,16547,291686.50000000,659140.13251000,0
1748547900000000,2.25670000,2.26560000,2.25630000,2.26430000,684332.70000000,1748548799999999,1548134.96176000,10472,249809.40000000,565028.90992000,0
1748548800000000,2.26430000,2.27180000,2.26360000,2.26600000,1783053.90000000,1748549699999999,4044327.15383000,12335,910056.70000000,2064166.69821000,0
1748549700000000,2.26600000,2.27400000,2.26600000,2.27210000,553426.80000000,1748550599999999,1257444.67527000,6362,203678.40000000,462671.79846000,0
1748550600000000,2.27210000,2.27550000,2.26750000,2.26750000,498582.50000000,1748551499999999,1133246.62323000,6290,211438.80000000,480634.05114000,0
1748551500000000,2.26750000,2.27270000,2.26610000,2.27220000,549050.70000000,1748552399999999,1245993.19820000,5695,297446.40000000,674997.48308000,0
1748552400000000,2.27210000,2.27360000,2.26800000,2.26980000,400067.70000000,1748553299999999,908415.10953000,3987,169568.00000000,385010.12529000,0
1748553300000000,2.26970000,2.27640000,2.26920000,2.27110000,352925.60000000,1748554199999999,802248.59902000,4302,183352.70000000,416719.62125000,0
1748554200000000,2.27110000,2.27730000,2.27080000,2.27670000,365579.20000000,1748555099999999,831599.63255000,3412,222880.00000000,507139.31585000,0
1748555100000000,2.27670000,2.28350000,2.27670000,2.28180000,410103.70000000,1748555999999999,935135.57826000,4879,227108.40000000,517837.95021000,0
1748556000000000,2.28190000,2.28190000,2.27450000,2.27730000,561799.70000000,1748556899999999,1279922.38147000,11346,257877.00000000,587455.05822000,0
1748556900000000,2.27730000,2.27770000,2.27050000,2.27130000,607592.20000000,1748557799999999,1381951.27976000,4702,261843.40000000,595544.87199000,0
1748557800000000,2.27140000,2.27260000,2.26800000,2.26870000,390663.50000000,1748558699999999,887182.84347000,3714,126548.10000000,287406.08997000,0
1748558700000000,2.26860000,2.26950000,2.26060000,2.26080000,444941.50000000,1748559599999999,1008058.80321000,5623,163723.10000000,370987.06086000,0
1748559600000000,2.26070000,2.26400000,2.25890000,2.26210000,672410.60000000,1748560499999999,1520625.54632000,7223,287344.60000000,649794.85339000,0
1748560500000000,2.26210000,2.26320000,2.24790000,2.25130000,1731508.10000000,1748561399999999,3900703.64595000,16853,587746.70000000,1324329.33243000,0
1748561400000000,2.25130000,2.25520000,2.24820000,2.25100000,822009.10000000,1748562299999999,1851071.07622000,12025,406865.80000000,916274.01223000,0
1748562300000000,2.25100000,2.25300000,2.23800000,2.24420000,2449938.40000000,1748563199999999,5495077.58782000,21968,935891.10000000,2098700.07469000,0
1748563200000000,2.24410000,2.24700000,2.23830000,2.24130000,2127791.70000000,1748564099999999,4771594.61965000,14552,955461.10000000,2142898.63215000,0
1748564100000000,2.24130000,2.25230000,2.23920000,2.24370000,1855069.40000000,1748564999999999,4168825.42749000,15789,1369358.50000000,3077366.04999000,0
1748565000000000,2.24360000,2.24450000,2.22680000,2.23590000,3290311.00000000,1748565899999999,7347527.92481000,32773,1497783.40000000,3345506.69473000,0
1748565900000000,2.23600000,2.23820000,2.13160000,2.15640000,26460704.10000000,1748566799999999,57682198.80120000,132969,10998599.50000000,23962716.22752000,0
1748566800000000,2.15650000,2.18880000,2.15060000,2.18760000,9451794.70000000,1748567699999999,20555019.59456000,98644,5119356.70000000,11131139.74627000,0
1748567700000000,2.18760000,2.19570000,2.18090000,2.19490000,4308507.10000000,1748568599999999,9427994.48624000,36520,2227896.20000000,4875473.21729000,0
1748568600000000,2.19490000,2.19750000,2.18240000,2.19580000,4204313.10000000,1748569499999999,9209891.72655000,26415,1578373.80000000,3459135.34459000,0
1748569500000000,2.19580000,2.19910000,2.18720000,2.19310000,1542960.00000000,1748570399999999,3383797.12259000,15896,737934.30000000,1618361.77408000,0
1748570400000000,2.19320000,2.20890000,2.19170000,2.20710000,2528744.10000000,1748571299999999,5567724.58967000,24955,1612352.30000000,3550741.45899000,0
1748571300000000,2.20710000,2.21210000,2.20640000,2.20960000,4427555.70000000,1748572199999999,9782855.26470000,20693,1932030.50000000,4268940.20735000,0
1748572200000000,2.20960000,2.21920000,2.20910000,2.21820000,2348467.70000000,1748573099999999,5198222.63430000,19710,1149835.30000000,2545441.30030000,0
1748573100000000,2.21820000,2.22220000,2.21640000,2.21860000,1142516.30000000,1748573999999999,2534920.97584000,13201,573208.80000000,1271785.87571000,0
1748574000000000,2.21860000,2.22170000,2.21510000,2.22060000,1230784.30000000,1748574899999999,2729732.23220000,16842,613728.10000000,1361113.82924000,0
1748574900000000,2.22060000,2.22750000,2.21930000,2.22740000,1336543.70000000,1748575799999999,2971033.30343000,13601,810582.20000000,1802125.64941000,0
1748575800000000,2.22730000,2.23110000,2.21930000,2.21970000,1114905.80000000,1748576699999999,2482444.76420000,11295,658918.80000000,1467025.25496000,0
1748576700000000,2.21970000,2.22080000,2.21610000,2.21750000,541563.50000000,1748577599999999,1201449.14203000,8356,227443.20000000,504530.02448000,0
1748577600000000,2.21750000,2.21750000,2.20900000,2.21000000,1979492.20000000,1748578499999999,4378800.93854000,15863,695201.50000000,1537733.37552000,0
1748578500000000,2.21000000,2.21550000,2.20930000,2.21320000,1139723.70000000,1748579399999999,2521887.33829000,11209,769806.50000000,1703417.25131000,0
1748579400000000,2.21320000,2.21800000,2.21040000,2.21800000,1470237.60000000,1748580299999999,3255303.63221000,10652,1100493.70000000,2436669.00605000,0
1748580300000000,2.21800000,2.22370000,2.21800000,2.22230000,1372922.70000000,1748581199999999,3050604.13753000,7842,1130139.30000000,2511120.81852000,0
1748581200000000,2.22230000,2.22390000,2.21820000,2.21830000,1215317.50000000,1748582099999999,2699196.02694000,8183,1032520.60000000,2293160.60883000,0
1748582100000000,2.21830000,2.22300000,2.21740000,2.22130000,1317798.40000000,1748582999999999,2925568.52309000,7813,1131048.90000000,2511057.94364000,0
1748583000000000,2.22140000,2.22530000,2.21780000,2.22040000,2488185.20000000,1748583899999999,5527883.15800000,11477,1139193.80000000,2531126.92813000,0
1748583900000000,2.22040000,2.22070000,2.21010000,2.21560000,1432538.40000000,1748584799999999,3173838.05516000,9413,639429.80000000,1416493.87238000,0
1748584800000000,2.21550000,2.21600000,2.19800000,2.19980000,1648468.00000000,1748585699999999,3635564.97213000,14716,503777.60000000,1111547.09370000,0
1748585700000000,2.19980000,2.20240000,2.19230000,2.19440000,2156421.00000000,1748586599999999,4739287.46146000,18762,1098983.80000000,2415817.92020000,0
1748586600000000,2.19440000,2.19560000,2.18650000,2.18780000,2095292.60000000,1748587499999999,4589024.78882000,24382,1109229.60000000,2429112.63300000,0
1748587500000000,2.18770000,2.18880000,2.17830000,2.18600000,2266288.30000000,1748588399999999,4947811.14580000,22851,1231345.20000000,2688964.47952000,0
1748588400000000,2.18610000,2.19420000,2.17400000,2.18150000,2086645.90000000,1748589299999999,4558464.54249000,22126,1024737.70000000,2238249.16415000,0
1748589300000000,2.18150000,2.19450000,2.18120000,2.18900000,1728566.70000000,1748590199999999,3782661.12946000,20349,1039869.30000000,2275850.10611000,0
1748590200000000,2.18900000,2.19510000,2.17710000,2.19140000,2373181.20000000,1748591099999999,5191624.42706000,21205,1598931.50000000,3498727.77826000,0
1748591100000000,2.19130000,2.19850000,2.18390000,2.19040000,2292104.70000000,1748591999999999,5026997.89983000,17476,1194361.60000000,2618380.69263000,0
1748592000000000,2.19040000,2.19150000,2.17650000,2.18620000,1270049.10000000,1748592899999999,2775398.11590000,16073,675911.10000000,1477068.03011000,0
1748592900000000,2.18620000,2.18930000,2.17450000,2.18730000,1329168.80000000,1748593799999999,2901107.11645000,18859,537220.60000000,1172332.11754000,0
1748593800000000,2.18730000,2.19240000,2.18000000,2.18690000,1903481.10000000,1748594699999999,4160489.56545000,16447,1252547.20000000,2737832.38015000,0
1748594700000000,2.18680000,2.19290000,2.18580000,2.18740000,1022651.90000000,1748595599999999,2239715.55818000,12950,405175.40000000,887335.08130000,0
1748595600000000,2.18740000,2.19320000,2.17820000,2.18150000,1168145.10000000,1748596499999999,2551017.96623000,16384,519047.50000000,1133601.12857000,0
1748596500000000,2.18160000,2.19160000,2.18000000,2.18770000,833007.10000000,1748597399999999,1822774.24291000,9751,415928.60000000,910121.28738000,0
1748597400000000,2.18760000,2.19030000,2.17020000,2.17970000,1897049.90000000,1748598299999999,4132237.99721000,21002,958631.00000000,2088183.22071000,0
1748598300000000,2.17970000,2.19560000,2.17950000,2.19450000,1514798.00000000,1748599199999999,3313939.11705000,28670,781589.80000000,1710130.36455000,0
1748599200000000,2.19440000,2.20050000,2.18530000,2.18670000,2825291.20000000,1748600099999999,6203740.21126000,19967,1340259.90000000,2942349.00397000,0
1748600100000000,2.18660000,2.19510000,2.18480000,2.19480000,975143.40000000,1748600999999999,2136891.69362000,13830,596330.80000000,1306783.92092000,0
1748601000000000,2.19470000,2.19680000,2.19110000,2.19240000,866318.30000000,1748601899999999,1900684.07749000,14534,305320.20000000,669869.00282000,0
1748601900000000,2.19250000,2.20480000,2.19180000,2.20450000,979174.70000000,1748602799999999,2154040.14974000,11832,473079.50000000,1040780.23618000,0
1748602800000000,2.20450000,2.21120000,2.20290000,2.20360000,1547442.10000000,1748603699999999,3414515.58996000,13819,711462.30000000,1570185.89432000,0
1748603700000000,2.20370000,2.21000000,2.20130000,2.20590000,965798.90000000,1748604599999999,2130577.43645000,12155,465873.80000000,1027871.75782000,0
1748604600000000,2.20600000,2.21450000,2.20430000,2.20440000,993582.60000000,1748605499999999,2195935.28332000,11229,466784.60000000,1031789.00027000,0
1748605500000000,2.20450000,2.21070000,2.20440000,2.20660000,784011.90000000,1748606399999999,1730736.27410000,5785,348906.30000000,770322.39841000,0
1748606400000000,2.20670000,2.20990000,2.18860000,2.18860000,1842887.80000000,1748607299999999,4048261.58533000,17919,637402.50000000,1400788.33464000,0
1748607300000000,2.18860000,2.19500000,2.18510000,2.19260000,1165067.70000000,1748608199999999,2551191.23194000,13775,530741.60000000,1162461.82738000,0
1748608200000000,2.19260000,2.20370000,2.19130000,2.20100000,1790767.70000000,1748609099999999,3938181.32740000,13788,903613.70000000,1987279.61668000,0
1748609100000000,2.20110000,2.20560000,2.19500000,2.19540000,671443.40000000,1748609999999999,1477204.11250000,9852,295548.40000000,650216.30956000,0
1748610000000000,2.19540000,2.20250000,2.18860000,2.19100000,995740.60000000,1748610899999999,2186785.45872000,12623,334301.40000000,734252.16714000,0
1748610900000000,2.19110000,2.19250000,2.18330000,2.18690000,1340780.90000000,1748611799999999,2932219.56237000,18090,646724.70000000,1414147.71996000,0
1748611800000000,2.18690000,2.19170000,2.17850000,2.18570000,3721111.10000000,1748612699999999,8124891.24958000,39009,1809032.20000000,3948787.05964000,0
1748612700000000,2.18580000,2.18990000,2.16840000,2.17000000,3071995.30000000,1748613599999999,6683189.97025000,30780,1642270.80000000,3571414.05781000,0
1748613600000000,2.17000000,2.18100000,2.16610000,2.17560000,2594391.40000000,1748614499999999,5637733.06899000,33065,1091914.90000000,2372710.40848000,0
1748614500000000,2.17560000,2.17900000,2.16240000,2.16770000,2468103.40000000,1748615399999999,5353397.91541000,22700,826526.60000000,1791914.79701000,0
1748615400000000,2.16780000,2.18890000,2.16670000,2.18370000,1663778.60000000,1748616299999999,3630219.34644000,23148,711313.50000000,1551679.33916000,0
1748616300000000,2.18370000,2.18460000,2.17390000,2.17710000,1472872.20000000,1748617199999999,3210723.78712000,17340,530547.10000000,1156359.23235000,0
1748617200000000,2.17710000,2.19220000,2.17620000,2.19210000,1340924.10000000,1748618099999999,2930800.56831000,12774,640207.40000000,1399132.09785000,0
1748618100000000,2.19210000,2.20120000,2.18620000,2.19900000,2074101.40000000,1748618999999999,4549067.00745000,15592,1149052.70000000,2520719.03365000,0
1748619000000000,2.19900000,2.20050000,2.18750000,2.19140000,917344.10000000,1748619899999999,2011868.03087000,11991,347683.10000000,762566.08551000,0
1748619900000000,2.19140000,2.19260000,2.18230000,2.18360000,600877.40000000,1748620799999999,1314271.91942000,7555,274023.50000000,599513.11052000,0
1748620800000000,2.18360000,2.19120000,2.17970000,2.18550000,814808.00000000,1748621699999999,1780525.74879000,6189,290724.20000000,635293.38344000,0
1748621700000000,2.18540000,2.18590000,2.16270000,2.16480000,2253265.10000000,1748622599999999,4894823.34596000,22394,788790.50000000,1713412.59013000,0
1748622600000000,2.16470000,2.16540000,2.13500000,2.15300000,8251175.50000000,1748623499999999,17710163.94233000,74352,3467257.50000000,7442173.08620000,0
1748623500000000,2.15300000,2.15660000,2.14420000,2.15350000,3340245.80000000,1748624399999999,7180991.38354000,32881,1727434.30000000,3713760.44120000,0
1748624400000000,2.15360000,2.17520000,2.15280000,2.16760000,1692831.00000000,1748625299999999,3666431.04940000,23341,766215.00000000,1660024.08677000,0
1748625300000000,2.16750000,2.17460000,2.16560000,2.16960000,1262857.30000000,1748626199999999,2741016.27776000,19142,743893.40000000,1614670.40954000,0
1748626200000000,2.16970000,2.17290000,2.16620000,2.16770000,1092399.70000000,1748627099999999,2370524.61295000,16207,414425.70000000,899263.59074000,0
1748627100000000,2.16760000,2.17500000,2.16660000,2.17450000,1153363.60000000,1748627999999999,2503987.10748000,11005,463243.70000000,1005478.00490000,0
1748628000000000,2.17440000,2.18990000,2.17420000,2.18510000,1504637.50000000,1748628899999999,3286958.61845000,19168,521526.50000000,1139152.08584000,0
1748628900000000,2.18510000,2.19960000,2.18490000,2.19790000,1672194.40000000,1748629799999999,3664727.49289000,16846,1144712.20000000,2508448.02502000,0
1748629800000000,2.19800000,2.19940000,2.19390000,2.19750000,912039.20000000,1748630699999999,2003429.17342000,11767,365291.30000000,802497.98787000,0
1748630700000000,2.19750000,2.20530000,2.19680000,2.20270000,1052260.40000000,1748631599999999,2316311.61548000,9956,735037.50000000,1618038.65322000,0
1748631600000000,2.20270000,2.20580000,2.19860000,2.20050000,916925.60000000,1748632499999999,2019166.47575000,9143,504510.70000000,1111337.11901000,0
1748632500000000,2.20040000,2.20480000,2.19880000,2.20140000,564984.50000000,1748633399999999,1244066.51999000,10602,344442.00000000,758413.98248000,0
1748633400000000,2.20130000,2.20140000,2.19280000,2.19490000,623532.50000000,1748634299999999,1370334.85008000,9903,313677.80000000,689456.11083000,0
1748634300000000,2.19480000,2.19480000,2.18530000,2.18600000,617214.00000000,1748635199999999,1351687.33141000,9229,303917.60000000,665479.10922000,0
1748635200000000,2.18610000,2.19100000,2.18430000,2.18750000,418905.10000000,1748636099999999,916105.19830000,7614,168167.50000000,367736.12284000,0
1748636100000000,2.18750000,2.19450000,2.18580000,2.18740000,601798.20000000,1748636999999999,1317478.60664000,7178,266055.00000000,582567.73340000,0
1748637000000000,2.18730000,2.19490000,2.18630000,2.19470000,407232.90000000,1748637899999999,891610.39421000,5821,250887.30000000,549334.26733000,0
1748637900000000,2.19470000,2.19690000,2.18780000,2.18860000,591270.10000000,1748638799999999,1296192.99765000,5545,308681.40000000,676729.04049000,0
1748638800000000,2.18860000,2.19440000,2.18850000,2.19350000,561066.00000000,1748639699999999,1229409.83691000,4742,362399.30000000,794072.02699000,0
1748639700000000,2.19360000,2.19560000,2.19100000,2.19110000,362428.60000000,1748640599999999,795053.83013000,4537,157594.20000000,345717.16037000,0
1748640600000000,2.19100000,2.19560000,2.18310000,2.18320000,532664.50000000,1748641499999999,1167073.20701000,6300,251759.90000000,551773.52471000,0
1748641500000000,2.18320000,2.18540000,2.17840000,2.18070000,586299.50000000,1748642399999999,1279380.71359000,6574,262336.90000000,572635.75214000,0
1748642400000000,2.18070000,2.18440000,2.17650000,2.17970000,1192094.70000000,1748643299999999,2598476.28521000,13034,667761.00000000,1455256.25370000,0
1748643300000000,2.17960000,2.17960000,2.16640000,2.16740000,1171968.80000000,1748644199999999,2545964.25830000,16144,524108.80000000,1138449.68140000,0
1748644200000000,2.16740000,2.17040000,2.14750000,2.14780000,1503520.30000000,1748645099999999,3245889.84885000,20546,505062.00000000,1091621.71760000,0
1748645100000000,2.14790000,2.16450000,2.13880000,2.14010000,2517492.50000000,1748645999999999,5417213.14686000,27066,1259215.70000000,2710309.98644000,0
1748646000000000,2.14020000,2.15490000,2.13200000,2.14440000,3553845.10000000,1748646899999999,7621427.00872000,44574,1838215.10000000,3942824.34138000,0
1748646900000000,2.14450000,2.15200000,2.12970000,2.13900000,2770940.50000000,1748647799999999,5929404.52974000,49359,1180871.60000000,2528657.51635000,0
1748647800000000,2.13920000,2.15030000,2.13790000,2.14000000,1415663.40000000,1748648699999999,3034100.57809000,24400,652549.10000000,1398914.74702000,0
1748648700000000,2.14010000,2.14570000,2.13450000,2.13980000,1062887.80000000,1748649599999999,2273781.00277000,20496,597156.10000000,1277259.24657000,0
1748649600000000,2.13970000,2.14390000,2.11720000,2.12070000,4601504.30000000,1748650499999999,9803116.73270000,54607,2224953.40000000,4741434.40013000,0
1748650500000000,2.12070000,2.13610000,2.10600000,2.12290000,5204379.40000000,1748651399999999,11023077.75299000,55197,2544592.90000000,5392542.65293000,0
1748651400000000,2.12300000,2.14870000,2.12300000,2.14470000,1287942.90000000,1748652299999999,2752661.93133000,21649,619571.70000000,1324504.78315000,0
1748652300000000,2.14470000,2.14860000,2.12640000,2.12850000,827542.30000000,1748653199999999,1769433.85739000,19058,424920.70000000,908786.80640000,0
1748653200000000,2.12860000,2.13710000,2.10900000,2.13490000,3229927.70000000,1748654099999999,6847891.27857000,52466,1640366.60000000,3477898.46525000,0
1748654100000000,2.13490000,2.14420000,2.11510000,2.11870000,1791230.10000000,1748654999999999,3814340.38315000,35265,816127.10000000,1738569.43752000,0
1748655000000000,2.11870000,2.12700000,2.09960000,2.12570000,5382352.00000000,1748655899999999,11364368.60217000,56343,2204146.40000000,4657172.90570000,0
1748655900000000,2.12560000,2.12720000,2.10500000,2.11880000,2207406.70000000,1748656799999999,4664597.84408000,36742,939035.50000000,1984284.27585000,0
1748656800000000,2.11870000,2.13310000,2.10650000,2.13160000,2156455.30000000,1748657699999999,4570952.92310000,26411,1196101.80000000,2535148.82493000,0
1748657700000000,2.13160000,2.14010000,2.12310000,2.12420000,1428946.60000000,1748658599999999,3047918.03879000,16811,425724.70000000,908225.44660000,0
1748658600000000,2.12420000,2.12430000,2.10960000,2.11070000,1144888.80000000,1748659499999999,2421008.78254000,18155,590135.00000000,1247820.16082000,0
1748659500000000,2.11080000,2.11510000,2.10000000,2.10120000,2439228.10000000,1748660399999999,5135063.60509000,24345,1421192.40000000,2991856.32148000,0
1748660400000000,2.10120000,2.10390000,2.08020000,2.09330000,4462787.60000000,1748661299999999,9335232.39933000,44248,2019172.70000000,4224460.97864000,0
1748661300000000,2.09330000,2.10000000,2.07940000,2.09990000,3183073.20000000,1748662199999999,6645430.75857000,44652,1541805.50000000,3219329.67494000,0
1748662200000000,2.09980000,2.10810000,2.09220000,2.10810000,1528993.40000000,1748663099999999,3212401.75898000,20409,899920.20000000,1891093.25991000,0
1748663100000000,2.10820000,2.11310000,2.10180000,2.11030000,881145.40000000,1748663999999999,1857711.66196000,14906,416656.10000000,878441.00128000,0
1748664000000000,2.11030000,2.11050000,2.09960000,2.10840000,1445862.80000000,1748664899999999,3044407.17887000,21320,799055.20000000,1682706.00809000,0
1748664900000000,2.10840000,2.12110000,2.10100000,2.12080000,1355969.70000000,1748665799999999,2865300.89055000,19917,788030.20000000,1665227.77424000,0
1748665800000000,2.12080000,2.12860000,2.12070000,2.12270000,1635282.30000000,1748666699999999,3475082.79645000,16228,539346.20000000,1146089.07923000,0
1748666700000000,2.12270000,2.13350000,2.12270000,2.13310000,680549.60000000,1748667599999999,1449240.24838000,11394,365282.10000000,777792.33813000,0
1748667600000000,2.13300000,2.13860000,2.13080000,2.13400000,998617.60000000,1748668499999999,2132028.35000000,14333,459017.00000000,980013.06476000,0
1748668500000000,2.13390000,2.13830000,2.13110000,2.13400000,970972.60000000,1748669399999999,2072844.75788000,8542,317667.60000000,678192.26208000,0
1748669400000000,2.13410000,2.13980000,2.13370000,2.13860000,747563.00000000,1748670299999999,1597680.65159000,7552,351939.40000000,752069.79273000,0
1748670300000000,2.13860000,2.13870000,2.12620000,2.12660000,930243.70000000,1748671199999999,1982212.56353000,7966,304876.90000000,649610.25893000,0
1748671200000000,2.12660000,2.13670000,2.12530000,2.13550000,695296.30000000,1748672099999999,1481469.81165000,10588,376911.80000000,803225.57762000,0
1748672100000000,2.13550000,2.13960000,2.13390000,2.13750000,486500.70000000,1748672999999999,1039809.50623000,5599,312890.30000000,668744.57133000,0
1748673000000000,2.13740000,2.14300000,2.13310000,2.14210000,660788.80000000,1748673899999999,1413273.37175000,7874,355546.70000000,760547.61088000,0
1748673900000000,2.14200000,2.14210000,2.13490000,2.13610000,514791.40000000,1748674799999999,1100803.28845000,6795,213457.90000000,456424.04178000,0
1748674800000000,2.13610000,2.13690000,2.12930000,2.12940000,442176.50000000,1748675699999999,943215.76333000,8389,205473.70000000,438384.28669000,0
1748675700000000,2.12930000,2.13530000,2.12720000,2.13400000,807844.00000000,1748676599999999,1721445.92453000,6565,480056.10000000,1023052.72599000,0
1748676600000000,2.13400000,2.13870000,2.12980000,2.13120000,579044.40000000,1748677499999999,1235498.56492000,8134,259942.10000000,554783.55098000,0
1748677500000000,2.13120000,2.13470000,2.12710000,2.12890000,347474.50000000,1748678399999999,740304.73123000,5366,139495.20000000,297186.36972000,0
1748678400000000,2.12890000,2.13290000,2.12860000,2.13210000,832634.00000000,1748679299999999,1774305.05416000,8146,463063.50000000,986724.70764000,0
1748679300000000,2.13210000,2.13990000,2.12820000,2.13530000,910381.50000000,1748680199999999,1942997.70203000,10831,472799.20000000,1009015.46448000,0
1748680200000000,2.13530000,2.13950000,2.12780000,2.13030000,938650.40000000,1748681099999999,2001786.61658000,10615,561321.40000000,1197007.65767000,0
1748681100000000,2.13020000,2.13730000,2.12850000,2.13700000,850529.50000000,1748681999999999,1814393.17602000,7995,594909.60000000,1269075.81234000,0
1748682000000000,2.13700000,2.14430000,2.13440000,2.14260000,1391217.80000000,1748682899999999,2976248.07287000,11205,711770.10000000,1522345.83845000,0
1748682900000000,2.14260000,2.14480000,2.13120000,2.13310000,850380.80000000,1748683799999999,1817738.09306000,11895,420639.50000000,899390.99158000,0
1748683800000000,2.13320000,2.14200000,2.13320000,2.14150000,738552.10000000,1748684699999999,1579626.88424000,8286,380338.50000000,813294.58866000,0
1748684700000000,2.14150000,2.14430000,2.13890000,2.14250000,1112799.10000000,1748685599999999,2383417.98575000,12973,506538.50000000,1084877.23677000,0
1748685600000000,2.14250000,2.15330000,2.13470000,2.14790000,2075810.50000000,1748686499999999,4446838.15987000,24601,920682.40000000,1972282.44570000,0
1748686500000000,2.14790000,2.15070000,2.14010000,2.14180000,1003740.80000000,1748687399999999,2154215.27912000,10824,460120.10000000,987382.20477000,0
1748687400000000,2.14180000,2.14390000,2.13380000,2.13500000,797292.20000000,1748688299999999,1706454.74595000,10113,153585.90000000,328510.79263000,0
1748688300000000,2.13510000,2.14070000,2.13210000,2.13910000,483971.30000000,1748689199999999,1034278.38459000,7993,218822.90000000,467678.04708000,0
1748689200000000,2.13920000,2.14270000,2.13280000,2.13360000,439020.30000000,1748690099999999,938596.87769000,6893,202496.10000000,432975.51111000,0
1748690100000000,2.13360000,2.13750000,2.13090000,2.13230000,568334.90000000,1748690999999999,1212847.00790000,6424,207760.30000000,443440.84387000,0
1748691000000000,2.13230000,2.13650000,2.12870000,2.13570000,413974.10000000,1748691899999999,882725.30889000,6820,220046.60000000,469269.94644000,0
1748691900000000,2.13560000,2.14000000,2.13430000,2.13940000,540736.90000000,1748692799999999,1155643.52801000,5636,320711.60000000,685381.24504000,0
1748692800000000,2.13950000,2.15000000,2.13940000,2.14990000,689506.40000000,1748693699999999,1478836.88657000,9535,357086.90000000,765949.45845000,0
1748693700000000,2.15000000,2.15480000,2.14900000,2.15080000,1457526.20000000,1748694599999999,3135701.87023000,10178,758220.20000000,1631312.10384000,0
1748694600000000,2.15070000,2.15500000,2.15000000,2.15290000,685893.90000000,1748695499999999,1476739.72802000,8677,324562.90000000,698791.02051000,0
1748695500000000,2.15300000,2.16280000,2.15300000,2.16260000,1346787.40000000,1748696399999999,2907604.36918000,13277,749335.20000000,1617886.16143000,0
1748696400000000,2.16260000,2.16930000,2.16060000,2.16090000,1693493.80000000,1748697299999999,3665825.86617000,21558,936994.20000000,2028287.98999000,0
1748697300000000,2.16090000,2.16460000,2.15250000,2.15780000,1027807.00000000,1748698199999999,2218904.29858000,14556,354480.00000000,765255.72901000,0
1748698200000000,2.15780000,2.16330000,2.15730000,2.15730000,922591.20000000,1748699099999999,1992154.35891000,12439,447084.40000000,965209.17198000,0
1748699100000000,2.15740000,2.15900000,2.15240000,2.15750000,699347.30000000,1748699999999999,1507026.39989000,8319,287316.30000000,619165.25819000,0
1748700000000000,2.15740000,2.16660000,2.15680000,2.16390000,992320.70000000,1748700899999999,2147102.33976000,7300,409103.20000000,885230.58521000,0
1748700900000000,2.16390000,2.16860000,2.15960000,2.16740000,750790.00000000,1748701799999999,1625228.09534000,8689,420526.40000000,910355.39183000,0
1748701800000000,2.16750000,2.17110000,2.16400000,2.17040000,725646.70000000,1748702699999999,1573514.51568000,8636,461483.30000000,1000791.14603000,0
1748702700000000,2.17030000,2.17120000,2.16680000,2.16950000,634242.30000000,1748703599999999,1375912.00431000,9509,367975.10000000,798273.81761000,0
1748703600000000,2.16960000,2.17540000,2.16940000,2.17220000,708925.20000000,1748704499999999,1539984.45580000,10977,320554.40000000,696363.18678000,0
1748704500000000,2.17230000,2.18040000,2.17190000,2.18020000,1087594.10000000,1748705399999999,2367573.95910000,10293,587783.00000000,1279334.03453000,0
1748705400000000,2.18020000,2.18150000,2.17320000,2.17400000,1143973.00000000,1748706299999999,2490656.19341000,10449,432394.90000000,941375.41122000,0
1748706300000000,2.17400000,2.17740000,2.16880000,2.17300000,661060.80000000,1748707199999999,1436196.87802000,10998,320714.80000000,696672.70071000,0
1748707200000000,2.17300000,2.18530000,2.17050000,2.18340000,1051364.10000000,1748708099999999,2292492.18157000,12638,510798.20000000,1113858.98400000,0
1748708100000000,2.18340000,2.18860000,2.18320000,2.18810000,848786.50000000,1748708999999999,1855588.58710000,9599,524848.40000000,1147437.06750000,0
1748709000000000,2.18810000,2.19120000,2.18160000,2.18220000,790425.10000000,1748709899999999,1729295.29659000,9836,458160.50000000,1002488.71086000,0
1748709900000000,2.18220000,2.19100000,2.18120000,2.19100000,508779.70000000,1748710799999999,1112651.03607000,8756,333794.60000000,730119.58547000,0
1748710800000000,2.19100000,2.19990000,2.18980000,2.19980000,1358312.00000000,1748711699999999,2981320.66519000,13294,829292.30000000,1820339.06232000,0
1748711700000000,2.19990000,2.20360000,2.19450000,2.19640000,1701239.10000000,1748712599999999,3740852.04659000,14061,914976.90000000,2012106.39271000,0
1748712600000000,2.19640000,2.19760000,2.19100000,2.19230000,805320.70000000,1748713499999999,1766295.04188000,9550,452408.70000000,992171.25632000,0
1748713500000000,2.19230000,2.19260000,2.18210000,2.18460000,1844003.30000000,1748714399999999,4029713.43916000,12208,928904.00000000,2029573.75108000,0
1748714400000000,2.18460000,2.19560000,2.18380000,2.18910000,826053.60000000,1748715299999999,1809505.73215000,7741,438096.60000000,959265.11176000,0
1748715300000000,2.18910000,2.19330000,2.18910000,2.19160000,685116.70000000,1748716199999999,1501074.36882000,6621,368609.10000000,807566.74278000,0
1748716200000000,2.19160000,2.19160000,2.18560000,2.18560000,618608.00000000,1748717099999999,1353930.98372000,6604,324814.70000000,710953.26396000,0
1748717100000000,2.18570000,2.19000000,2.18510000,2.18880000,483959.20000000,1748717999999999,1058704.38932000,4585,297384.50000000,650590.32080000,0
1748718000000000,2.18870000,2.20650000,2.18870000,2.19880000,1606875.00000000,1748718899999999,3535656.97637000,12298,1010732.60000000,2223642.91818000,0
1748718900000000,2.19890000,2.19940000,2.19520000,2.19780000,578389.90000000,1748719799999999,1270763.27713000,7517,349047.60000000,766866.78281000,0
1748719800000000,2.19780000,2.20060000,2.19340000,2.19340000,712828.70000000,1748720699999999,1566055.79517000,4627,476976.70000000,1048083.97679000,0
1748720700000000,2.19340000,2.19610000,2.19050000,2.19190000,519032.00000000,1748721599999999,1137957.80539000,6013,253904.10000000,556667.10185000,0
1748721600000000,2.19190000,2.19920000,2.19060000,2.19170000,726437.10000000,1748722499999999,1594143.79251000,8518,422861.70000000,927892.20466000,0
1748722500000000,2.19170000,2.19460000,2.18970000,2.19220000,356818.30000000,1748723399999999,782016.85592000,5039,112136.20000000,245749.30632000,0
1748723400000000,2.19220000,2.19400000,2.19130000,2.19170000,340991.00000000,1748724299999999,747617.54785000,4108,177538.20000000,389260.26281000,0
1748724300000000,2.19180000,2.19540000,2.19140000,2.19260000,383290.10000000,1748725199999999,840682.38086000,5353,131221.50000000,287817.24923000,0
1748725200000000,2.19260000,2.20030000,2.19210000,2.19280000,1155446.30000000,1748726099999999,2538169.22093000,7621,468025.20000000,1027902.36774000,0
1748726100000000,2.19270000,2.19440000,2.19050000,2.19230000,548882.00000000,1748726999999999,1203422.40950000,3888,153309.80000000,336098.00572000,0
1748727000000000,2.19240000,2.19860000,2.19230000,2.19610000,434349.20000000,1748727899999999,953604.26753000,5863,191324.70000000,419930.89198000,0
1748727900000000,2.19610000,2.19730000,2.19170000,2.19480000,390691.30000000,1748728799999999,857500.22723000,4373,160709.90000000,352684.25712000,0
1748728800000000,2.19490000,2.19670000,2.18750000,2.18950000,552468.40000000,1748729699999999,1210635.21378000,11064,229876.70000000,503742.10010000,0
1748729700000000,2.18940000,2.18990000,2.18560000,2.18650000,591384.40000000,1748730599999999,1293903.35440000,8047,250233.00000000,547429.78018000,0
1748730600000000,2.18660000,2.18840000,2.18190000,2.18340000,1196413.50000000,1748731499999999,2613929.26279000,8217,404424.90000000,883325.16697000,0
1748731500000000,2.18340000,2.18340000,2.17570000,2.17850000,994081.50000000,1748732399999999,2165750.79949000,8878,378905.80000000,825558.19522000,0
1748732400000000,2.17850000,2.18560000,2.17540000,2.18550000,886467.50000000,1748733299999999,1932000.77919000,8289,529536.70000000,1154316.72906000,0
1748733300000000,2.18550000,2.18860000,2.17960000,2.18010000,693935.20000000,1748734199999999,1515190.00396000,7188,249748.10000000,545341.85081000,0
1748734200000000,2.18010000,2.18080000,2.17400000,2.17420000,432887.60000000,1748735099999999,942374.46654000,7189,240301.90000000,523082.91886000,0
1748735100000000,2.17430000,2.17570000,2.17190000,2.17380000,493937.10000000,1748735999999999,1073723.60188000,5504,177776.20000000,386476.85791000,0
