1743465600000000,2.08990000,2.10700000,2.08520000,2.09290000,2733326.00000000,1743466499999999,5731880.34120000,18411,1537423.00000000,3224492.69710000,0
1743466500000000,2.09300000,2.10000000,2.08660000,2.09490000,1648621.00000000,1743467399999999,3451533.96080000,12051,598720.00000000,1253940.47260000,0
1743467400000000,2.09480000,2.09580000,2.08470000,2.08840000,919533.00000000,1743468299999999,1921487.96670000,13875,437404.00000000,914102.44270000,0
1743468300000000,2.08830000,2.09040000,2.06950000,2.07840000,2965797.00000000,1743469199999999,6161505.77830000,23900,1209790.00000000,2513475.88520000,0
1743469200000000,2.07830000,2.07980000,2.06500000,2.07350000,1485933.00000000,1743470099999999,3076875.62800000,15455,893164.00000000,1849128.73810000,0
1743470100000000,2.07340000,2.08410000,2.07070000,2.08310000,746798.00000000,1743470999999999,1551300.35910000,10155,412143.00000000,856450.78050000,0
1743471000000000,2.08310000,2.08470000,2.07450000,2.07690000,515428.00000000,1743471899999999,1070988.30270000,9232,178513.00000000,370847.89400000,0
1743471900000000,2.07690000,2.08510000,2.07690000,2.08330000,686403.00000000,1743472799999999,1428698.86210000,6038,400674.00000000,833961.90770000,0
1743472800000000,2.08330000,2.09510000,2.08280000,2.09510000,1327405.00000000,1743473699999999,2774706.82980000,7856,915430.00000000,1913664.70060000,0
1743473700000000,2.09520000,2.10300000,2.09520000,2.09750000,1787047.00000000,1743474599999999,3751424.12910000,11245,1134747.00000000,2381862.71450000,0
1743474600000000,2.09740000,2.10390000,2.09250000,2.10370000,1540656.00000000,1743475499999999,3233665.83210000,7161,984163.00000000,2065789.67760000,0
1743475500000000,2.10370000,2.11040000,2.10360000,2.10990000,1995717.00000000,1743476399999999,4205393.40810000,12861,1137785.00000000,2397959.35060000,0
1743476400000000,2.11000000,2.11550000,2.10740000,2.11230000,1988171.00000000,1743477299999999,4199320.00660000,12999,1072608.00000000,2265550.58680000,0
1743477300000000,2.11220000,2.11600000,2.10000000,2.10100000,2391507.00000000,1743478199999999,5042843.43550000,11408,815074.00000000,1718365.78180000,0
1743478200000000,2.10110000,2.10500000,2.09810000,2.09910000,962384.00000000,1743479099999999,2022026.30510000,6735,524049.00000000,1101110.55280000,0
1743479100000000,2.09900000,2.10220000,2.09450000,2.09800000,705964.00000000,1743479999999999,1481218.39520000,5253,465941.00000000,977542.80370000,0
1743480000000000,2.09800000,2.10430000,2.09540000,2.09790000,1043499.00000000,1743480899999999,2190836.12350000,7966,618488.00000000,1298458.86310000,0
1743480900000000,2.09800000,2.09870000,2.09240000,2.09720000,627823.00000000,1743481799999999,1315547.78050000,7493,212283.00000000,444907.70080000,0
1743481800000000,2.09720000,2.10400000,2.09720000,2.10320000,565746.00000000,1743482699999999,1189033.58400000,6621,284073.00000000,597019.61460000,0
1743482700000000,2.10320000,2.10490000,2.10070000,2.10310000,364082.00000000,1743483599999999,765344.99990000,5018,199521.00000000,419441.60740000,0
1743483600000000,2.10310000,2.10980000,2.09960000,2.10970000,635093.00000000,1743484499999999,1336230.89780000,6927,271017.00000000,570521.30880000,0
1743484500000000,2.10970000,2.11900000,2.10970000,2.11780000,1557821.00000000,1743485399999999,3296234.54110000,8538,951504.00000000,2013393.59640000,0
1743485400000000,2.11780000,2.12000000,2.11070000,2.11080000,1121031.00000000,1743486299999999,2370707.06890000,6563,260236.00000000,550750.49460000,0
1743486300000000,2.11070000,2.11180000,2.10310000,2.10320000,888504.00000000,1743487199999999,1872396.25080000,6776,314819.00000000,663513.53880000,0
1743487200000000,2.10320000,2.10460000,2.09360000,2.09750000,2374473.00000000,1743488099999999,4982584.17240000,12616,864824.00000000,1814340.84360000,0
1743488100000000,2.09740000,2.10310000,2.09480000,2.09680000,1652361.00000000,1743488999999999,3466168.19550000,9542,783582.00000000,1643634.50740000,0
1743489000000000,2.09680000,2.10680000,2.09580000,2.10280000,2663976.00000000,1743489899999999,5596740.35800000,13556,1494073.00000000,3138553.92330000,0
1743489900000000,2.10280000,2.10420000,2.09810000,2.09930000,1852268.00000000,1743490799999999,3891580.76620000,11796,892392.00000000,1874938.49520000,0
1743490800000000,2.09930000,2.11640000,2.09930000,2.10130000,4865161.00000000,1743491699999999,10243371.12690000,23946,1764137.00000000,3714369.00570000,0
1743491700000000,2.10130000,2.10150000,2.08920000,2.09300000,1992193.00000000,1743492599999999,4175174.65490000,14027,936642.00000000,1962333.23890000,0
1743492600000000,2.09310000,2.10500000,2.08980000,2.09860000,2467365.00000000,1743493499999999,5177760.03430000,12875,1386288.00000000,2908605.05790000,0
1743493500000000,2.09860000,2.10130000,2.09080000,2.09500000,1943907.00000000,1743494399999999,4075962.38950000,11670,778015.00000000,1631073.62870000,0
1743494400000000,2.09510000,2.11690000,2.09440000,2.11420000,2755749.00000000,1743495299999999,5806420.27280000,18594,1532536.00000000,3228826.08720000,0
1743495300000000,2.11420000,2.13510000,2.11420000,2.13470000,5462395.00000000,1743496199999999,11602313.54580000,34951,3085371.00000000,6554034.19860000,0
1743496200000000,2.13470000,2.14530000,2.13190000,2.13980000,4461404.00000000,1743497099999999,9539325.85580000,30319,2280161.00000000,4875505.67170000,0
1743497100000000,2.13980000,2.17930000,2.13950000,2.17140000,7168581.00000000,1743497999999999,15498957.78560000,46657,4204133.00000000,9091849.83720000,0
1743498000000000,2.17130000,2.19990000,2.17120000,2.18490000,8855738.00000000,1743498899999999,19378955.20780000,70570,4625831.00000000,10121797.29510000,0
1743498900000000,2.18490000,2.18950000,2.16910000,2.17320000,4291925.00000000,1743499799999999,9356434.66840000,41685,2134175.00000000,4653480.10750000,0
1743499800000000,2.17320000,2.18680000,2.17130000,2.18160000,2767036.00000000,1743500699999999,6033882.81950000,28149,1787121.00000000,3897080.95540000,0
1743500700000000,2.18160000,2.19000000,2.17700000,2.18630000,2898396.00000000,1743501599999999,6330678.86640000,19731,1825985.00000000,3989102.80800000,0
1743501600000000,2.18630000,2.18800000,2.16850000,2.17310000,3433363.00000000,1743502499999999,7473168.53540000,31395,1866984.00000000,4063044.85660000,0
1743502500000000,2.17320000,2.18320000,2.16820000,2.16940000,2221118.00000000,1743503399999999,4834895.63750000,19416,1338940.00000000,2915351.07830000,0
1743503400000000,2.16940000,2.17270000,2.15020000,2.15350000,5678120.00000000,1743504299999999,12260247.57860000,34956,2664748.00000000,5755488.32700000,0
1743504300000000,2.15350000,2.16110000,2.14820000,2.14930000,2353467.00000000,1743505199999999,5069043.25070000,22126,1051217.00000000,2264686.83410000,0
1743505200000000,2.14920000,2.15220000,2.13280000,2.14250000,4387729.00000000,1743506099999999,9396896.22850000,30876,2195053.00000000,4700359.31730000,0
1743506100000000,2.14260000,2.14880000,2.13720000,2.13910000,2614969.00000000,1743506999999999,5606687.65720000,17040,1579094.00000000,3386730.46360000,0
1743507000000000,2.13900000,2.14070000,2.12380000,2.13320000,3119022.00000000,1743507899999999,6647496.90410000,23181,1376029.00000000,2934366.84260000,0
1743507900000000,2.13310000,2.13580000,2.12800000,2.13400000,1605493.00000000,1743508799999999,3423269.04620000,10722,877318.00000000,1870717.49600000,0
1743508800000000,2.13400000,2.14900000,2.13310000,2.14590000,2716893.00000000,1743509699999999,5824636.52940000,21175,1514321.00000000,3245637.31650000,0
1743509700000000,2.14590000,2.14910000,2.13850000,2.14730000,1842284.00000000,1743510599999999,3950335.03810000,16509,843606.00000000,1808662.31030000,0
1743510600000000,2.14730000,2.14990000,2.13110000,2.13450000,1989560.00000000,1743511499999999,4256750.16910000,16490,899460.00000000,1924977.04020000,0
1743511500000000,2.13450000,2.13830000,2.12110000,2.13260000,2573548.00000000,1743512399999999,5486979.00840000,19168,1005990.00000000,2145299.02330000,0
1743512400000000,2.13270000,2.14770000,2.13150000,2.14340000,1116153.00000000,1743513299999999,2387879.38240000,18432,543829.00000000,1163320.85860000,0
1743513300000000,2.14340000,2.14730000,2.13400000,2.14680000,1188373.00000000,1743514199999999,2544120.33040000,11450,576357.00000000,1233848.90970000,0
1743514200000000,2.14700000,2.15490000,2.13310000,2.14870000,3547247.00000000,1743515099999999,7607432.67260000,42608,2119052.00000000,4546354.29260000,0
1743515100000000,2.14860000,2.16340000,2.14420000,2.15200000,2160350.00000000,1743515999999999,4653290.35580000,30972,1086223.00000000,2339568.57220000,0
1743516000000000,2.15200000,2.15440000,2.10680000,2.11880000,6383271.00000000,1743516899999999,13576811.92160000,56981,2652879.00000000,5642018.26410000,0
1743516900000000,2.11890000,2.12300000,2.09420000,2.10940000,5551283.00000000,1743517799999999,11696264.11210000,52186,2364847.00000000,4985407.91150000,0
1743517800000000,2.10950000,2.14190000,2.10840000,2.13810000,4226191.00000000,1743518699999999,8988395.47430000,32456,2027378.00000000,4310341.64430000,0
1743518700000000,2.13810000,2.15620000,2.12740000,2.14760000,4474216.00000000,1743519599999999,9579609.17490000,36448,2283280.00000000,4892803.93660000,0
1743519600000000,2.14760000,2.17260000,2.14630000,2.17110000,4470648.00000000,1743520499999999,9640623.41310000,48979,2244092.00000000,4841778.85860000,0
1743520500000000,2.17100000,2.18280000,2.15750000,2.15900000,4963162.00000000,1743521399999999,10769987.01310000,54158,2406393.00000000,5222192.71080000,0
1743521400000000,2.15890000,2.16990000,2.15610000,2.16100000,2899140.00000000,1743522299999999,6270293.35480000,34926,1175748.00000000,2543369.66430000,0
1743522300000000,2.16100000,2.17120000,2.15770000,2.15910000,2272826.00000000,1743523199999999,4918845.67540000,25815,940150.00000000,2034901.77860000,0
1743523200000000,2.15910000,2.16500000,2.15270000,2.15480000,2364573.00000000,1743524099999999,5104312.96970000,24968,1286990.00000000,2778802.95280000,0
1743524100000000,2.15490000,2.16950000,2.14670000,2.14960000,3062808.00000000,1743524999999999,6608012.85310000,31333,1619796.00000000,3496362.62970000,0
1743525000000000,2.14970000,2.15450000,2.14330000,2.14550000,1874119.00000000,1743525899999999,4025864.32690000,25774,927067.00000000,1991775.47720000,0
1743525900000000,2.14550000,2.15660000,2.14160000,2.15090000,1501862.00000000,1743526799999999,3228609.85160000,17015,854536.00000000,1837351.38370000,0
1743526800000000,2.15080000,2.15390000,2.14170000,2.14840000,1112804.00000000,1743527699999999,2389831.29710000,16525,590893.00000000,1268903.36140000,0
1743527700000000,2.14840000,2.15000000,2.13860000,2.14220000,1212868.00000000,1743528599999999,2599391.17590000,12276,519005.00000000,1112172.29320000,0
1743528600000000,2.14210000,2.15170000,2.14000000,2.14190000,1511774.00000000,1743529499999999,3245465.78520000,11359,919540.00000000,1974371.02270000,0
1743529500000000,2.14190000,2.14680000,2.13630000,2.14400000,1005656.00000000,1743530399999999,2154459.45710000,12526,601551.00000000,1288823.23010000,0
1743530400000000,2.14390000,2.14490000,2.12540000,2.13110000,1596956.00000000,1743531299999999,3405848.13970000,20523,751113.00000000,1602183.02320000,0
1743531300000000,2.13110000,2.13210000,2.12100000,2.13040000,1344651.00000000,1743532199999999,2858250.46980000,16994,768282.00000000,1633273.81940000,0
1743532200000000,2.13030000,2.14130000,2.12890000,2.14090000,824742.00000000,1743533099999999,1761064.60110000,12852,454855.00000000,971388.85980000,0
1743533100000000,2.14080000,2.14140000,2.12750000,2.13430000,718025.00000000,1743533999999999,1531839.33480000,10090,330388.00000000,704610.83080000,0
1743534000000000,2.13420000,2.14070000,2.13140000,2.13670000,704529.00000000,1743534899999999,1505238.00070000,12949,298234.00000000,637394.78820000,0
1743534900000000,2.13680000,2.14000000,2.12700000,2.12700000,618766.00000000,1743535799999999,1319521.63090000,7999,226540.00000000,483146.00250000,0
1743535800000000,2.12700000,2.13860000,2.12640000,2.13620000,945860.00000000,1743536699999999,2018661.84440000,12759,531652.00000000,1134535.91900000,0
1743536700000000,2.13610000,2.14440000,2.13530000,2.13880000,836565.00000000,1743537599999999,1789739.09720000,11751,440102.00000000,941579.34650000,0
1743537600000000,2.13870000,2.14140000,2.13130000,2.14000000,650837.00000000,1743538499999999,1390610.53420000,10411,361666.00000000,772818.74060000,0
1743538500000000,2.14010000,2.14440000,2.12280000,2.12560000,727935.00000000,1743539399999999,1550586.22310000,10746,289134.00000000,615757.96530000,0
1743539400000000,2.12570000,2.13190000,2.12130000,2.12880000,785515.00000000,1743540299999999,1669690.04530000,9663,484763.00000000,1030331.51590000,0
1743540300000000,2.12880000,2.14550000,2.12860000,2.13980000,1526436.00000000,1743541199999999,3265186.48070000,13600,877708.00000000,1877183.47270000,0
1743541200000000,2.13980000,2.14970000,2.13600000,2.14570000,1207681.00000000,1743542099999999,2588089.32150000,8792,555831.00000000,1191827.76330000,0
1743542100000000,2.14560000,2.15110000,2.14400000,2.14690000,550919.00000000,1743542999999999,1182952.55570000,6678,319971.00000000,687052.66620000,0
1743543000000000,2.14690000,2.15190000,2.14080000,2.15010000,699872.00000000,1743543899999999,1503535.63170000,10063,375900.00000000,807505.50060000,0
1743543900000000,2.15000000,2.15100000,2.14070000,2.14360000,1131895.00000000,1743544799999999,2429051.63960000,6322,642101.00000000,1378573.08240000,0
1743544800000000,2.14370000,2.15150000,2.13860000,2.14730000,967480.00000000,1743545699999999,2074156.41900000,10625,565402.00000000,1212059.78770000,0
1743545700000000,2.14720000,2.15380000,2.14560000,2.15050000,1198722.00000000,1743546599999999,2577758.81090000,7628,729139.00000000,1567584.60840000,0
1743546600000000,2.15050000,2.15280000,2.14600000,2.14670000,844075.00000000,1743547499999999,1814460.75710000,8756,439054.00000000,943779.84120000,0
1743547500000000,2.14670000,2.15290000,2.14260000,2.14390000,1698701.00000000,1743548399999999,3649294.87490000,7883,993568.00000000,2136031.92170000,0
1743548400000000,2.14400000,2.14430000,2.12700000,2.13180000,1716148.00000000,1743549299999999,3660147.39570000,10799,585169.00000000,1248421.96330000,0
1743549300000000,2.13180000,2.14270000,2.13180000,2.14270000,640846.00000000,1743550199999999,1370250.95940000,6078,363716.00000000,777667.07230000,0
1743550200000000,2.14270000,2.14920000,2.13820000,2.14200000,1641273.00000000,1743551099999999,3516225.47970000,10247,784512.00000000,1680831.97900000,0
1743551100000000,2.14200000,2.14220000,2.13530000,2.13870000,1459423.00000000,1743551999999999,3120951.17040000,7969,637220.00000000,1362793.48180000,0
1743552000000000,2.13870000,2.13970000,2.12850000,2.12870000,1099423.00000000,1743552899999999,2346652.22280000,11347,427010.00000000,910982.12970000,0
1743552900000000,2.12870000,2.13400000,2.12350000,2.12350000,1377150.00000000,1743553799999999,2931205.42760000,12484,528039.00000000,1123936.28780000,0
1743553800000000,2.12350000,2.13230000,2.12270000,2.12430000,1454170.00000000,1743554699999999,3094186.43610000,12054,796783.00000000,1695410.23090000,0
1743554700000000,2.12430000,2.13000000,2.11000000,2.11490000,2041487.00000000,1743555599999999,4322551.78080000,13430,1103511.00000000,2336214.66990000,0
1743555600000000,2.11500000,2.11580000,2.10420000,2.10870000,1887999.00000000,1743556499999999,3983080.21370000,17032,978119.00000000,2063439.40720000,0
1743556500000000,2.10860000,2.11480000,2.10320000,2.10690000,794553.00000000,1743557399999999,1675429.42600000,10107,470537.00000000,992109.84770000,0
1743557400000000,2.10700000,2.11960000,2.10470000,2.11450000,1481859.00000000,1743558299999999,3130841.35390000,11720,828420.00000000,1750179.16610000,0
1743558300000000,2.11440000,2.11580000,2.10620000,2.11030000,1054592.00000000,1743559199999999,2224357.50100000,7950,644343.00000000,1359146.88770000,0
1743559200000000,2.11030000,2.11310000,2.08870000,2.09160000,3158618.00000000,1743560099999999,6626557.24050000,21915,1430131.00000000,3001628.78270000,0
1743560100000000,2.09160000,2.09790000,2.08500000,2.09730000,2599513.00000000,1743560999999999,5436975.42430000,20376,1033161.00000000,2160747.22500000,0
1743561000000000,2.09720000,2.10060000,2.08650000,2.08950000,1353313.00000000,1743561899999999,2831991.06660000,11054,795545.00000000,1664731.26010000,0
1743561900000000,2.08950000,2.10030000,2.08950000,2.09450000,1061545.00000000,1743562799999999,2224545.14800000,8700,670014.00000000,1404193.18290000,0
1743562800000000,2.09450000,2.10670000,2.09330000,2.10480000,1252763.00000000,1743563699999999,2633479.21410000,9477,692160.00000000,1455215.41030000,0
1743563700000000,2.10480000,2.10870000,2.10000000,2.10300000,1010848.00000000,1743564599999999,2126155.80170000,9483,375509.00000000,789967.23400000,0
1743564600000000,2.10310000,2.10490000,2.09330000,2.10360000,815758.00000000,1743565499999999,1713214.54930000,9350,516732.00000000,1085420.22820000,0
1743565500000000,2.10370000,2.10750000,2.09910000,2.09920000,539379.00000000,1743566399999999,1134936.64170000,5282,342636.00000000,721037.99980000,0
1743566400000000,2.09910000,2.10500000,2.09780000,2.10220000,711276.00000000,1743567299999999,1494469.66450000,8486,467958.00000000,983173.03240000,0
1743567300000000,2.10220000,2.10500000,2.09750000,2.10050000,713435.00000000,1743568199999999,1499327.38850000,7287,373712.00000000,785360.71180000,0
1743568200000000,2.10040000,2.10040000,2.09070000,2.09100000,1572409.00000000,1743569099999999,3294359.32830000,10898,737342.00000000,1544806.81510000,0
1743569100000000,2.09100000,2.10120000,2.09100000,2.10040000,1298320.00000000,1743569999999999,2720738.34770000,9607,560388.00000000,1174481.85680000,0
1743570000000000,2.10040000,2.10080000,2.08780000,2.08810000,1643471.00000000,1743570899999999,3440947.51770000,10698,927764.00000000,1942845.16950000,0
1743570900000000,2.08800000,2.08910000,2.07970000,2.08320000,2289828.00000000,1743571799999999,4772292.21830000,18385,1096715.00000000,2285743.08760000,0
1743571800000000,2.08330000,2.08950000,2.07780000,2.08090000,1465761.00000000,1743572699999999,3051933.16420000,14732,771508.00000000,1606269.39980000,0
1743572700000000,2.08080000,2.08410000,2.07200000,2.07280000,2413147.00000000,1743573599999999,5011285.92730000,12653,920401.00000000,1911770.66020000,0
1743573600000000,2.07280000,2.08000000,2.07060000,2.07770000,1911259.00000000,1743574499999999,3964410.07320000,16744,904519.00000000,1876234.13320000,0
1743574500000000,2.07780000,2.08430000,2.07380000,2.08210000,1495585.00000000,1743575399999999,3109573.46200000,17300,905741.00000000,1883486.14810000,0
1743575400000000,2.08210000,2.08840000,2.07750000,2.08640000,1847386.00000000,1743576299999999,3847478.04180000,14478,1112746.00000000,2317807.23680000,0
1743576300000000,2.08650000,2.08650000,2.06820000,2.07060000,2288974.00000000,1743577199999999,4749174.35210000,14266,1051207.00000000,2181449.53010000,0
1743577200000000,2.07070000,2.07560000,2.06720000,2.07480000,2006725.00000000,1743578099999999,4157102.35010000,13370,1183448.00000000,2451641.51050000,0
1743578100000000,2.07490000,2.08700000,2.07380000,2.08230000,1468335.00000000,1743578999999999,3057872.70250000,13884,766117.00000000,1595497.34660000,0
1743579000000000,2.08240000,2.11120000,2.08180000,2.10050000,4764532.00000000,1743579899999999,10008786.28960000,28425,3142250.00000000,6600646.71830000,0
1743579900000000,2.10060000,2.11300000,2.09560000,2.10900000,1755106.00000000,1743580799999999,3693553.09790000,20633,863863.00000000,1819312.61290000,0
1743580800000000,2.10900000,2.11870000,2.10110000,2.10260000,2717462.00000000,1743581699999999,5730481.34990000,18004,1378019.00000000,2906863.36260000,0
1743581700000000,2.10260000,2.12360000,2.09880000,2.11710000,1942120.00000000,1743582599999999,4103710.21570000,15838,1144018.00000000,2418464.63050000,0
1743582600000000,2.11700000,2.12390000,2.10830000,2.10910000,1313523.00000000,1743583499999999,2781806.48270000,13870,395675.00000000,837770.62560000,0
1743583500000000,2.10920000,2.11200000,2.10420000,2.10590000,897035.00000000,1743584399999999,1890568.92930000,9611,288324.00000000,607746.13330000,0
1743584400000000,2.10590000,2.13490000,2.10490000,2.13000000,2848529.00000000,1743585299999999,6040036.98120000,32650,1337246.00000000,2836129.09350000,0
1743585300000000,2.13010000,2.13660000,2.11350000,2.12090000,1440342.00000000,1743586199999999,3061890.71110000,19965,708980.00000000,1506883.59880000,0
1743586200000000,2.12100000,2.12360000,2.11350000,2.12000000,1202484.00000000,1743587099999999,2547924.50990000,12668,412201.00000000,873497.15940000,0
1743587100000000,2.12000000,2.12580000,2.11780000,2.12060000,850854.00000000,1743587999999999,1804748.65970000,9590,335830.00000000,712349.25080000,0
1743588000000000,2.12060000,2.12840000,2.11640000,2.12110000,1353566.00000000,1743588899999999,2871890.11610000,14869,653791.00000000,1387212.05720000,0
1743588900000000,2.12110000,2.13060000,2.12110000,2.12510000,1208304.00000000,1743589799999999,2569304.59900000,10712,475236.00000000,1010613.38940000,0
1743589800000000,2.12510000,2.12690000,2.11720000,2.12000000,1009745.00000000,1743590699999999,2141366.09320000,11742,657416.00000000,1394140.28800000,0
1743590700000000,2.12000000,2.12130000,2.10980000,2.11190000,1031446.00000000,1743591599999999,2181055.60040000,11094,325525.00000000,688421.79060000,0
1743591600000000,2.11200000,2.11990000,2.10610000,2.11380000,2109602.00000000,1743592499999999,4456994.22630000,13636,1022322.00000000,2159299.32640000,0
1743592500000000,2.11370000,2.12100000,2.11340000,2.12020000,1203626.00000000,1743593399999999,2548581.11050000,12167,641920.00000000,1359058.61920000,0
1743593400000000,2.12030000,2.12560000,2.11470000,2.11710000,1282066.00000000,1743594299999999,2720464.15460000,12087,424339.00000000,900247.34900000,0
1743594300000000,2.11720000,2.11950000,2.11230000,2.11410000,893350.00000000,1743595199999999,1889045.80940000,6944,328675.00000000,695019.47930000,0
1743595200000000,2.11400000,2.11940000,2.10790000,2.11380000,1176453.00000000,1743596099999999,2485930.38790000,15033,547946.00000000,1157863.99900000,0
1743596100000000,2.11380000,2.11620000,2.10390000,2.10400000,1468672.00000000,1743596999999999,3098984.24420000,18133,495149.00000000,1045097.90160000,0
1743597000000000,2.10400000,2.11800000,2.10340000,2.11760000,1527370.00000000,1743597899999999,3222325.46030000,14674,797286.00000000,1682708.10620000,0
1743597900000000,2.11750000,2.13000000,2.11050000,2.12830000,1977217.00000000,1743598799999999,4196530.61200000,20072,1127306.00000000,2393293.89390000,0
1743598800000000,2.12840000,2.12950000,2.11320000,2.11320000,1348618.00000000,1743599699999999,2859097.18400000,19508,490820.00000000,1041044.35870000,0
1743599700000000,2.11320000,2.11430000,2.10270000,2.10480000,1036944.00000000,1743600599999999,2187430.51650000,13062,473208.00000000,998381.40630000,0
1743600600000000,2.10490000,2.12490000,2.09830000,2.11850000,2486003.00000000,1743601499999999,5250028.80850000,35117,1182610.00000000,2497574.48190000,0
1743601500000000,2.11860000,2.14080000,2.11660000,2.11660000,5050704.00000000,1743602399999999,10761244.63040000,44209,2486077.00000000,5295656.28520000,0
1743602400000000,2.11660000,2.13180000,2.10300000,2.11110000,3180936.00000000,1743603299999999,6742342.97940000,33189,1655628.00000000,3510088.59050000,0
1743603300000000,2.11100000,2.12220000,2.10630000,2.12120000,1272432.00000000,1743604199999999,2692416.30540000,24686,689041.00000000,1457907.91200000,0
1743604200000000,2.12120000,2.12840000,2.11170000,2.11830000,1684701.00000000,1743605099999999,3570168.89940000,21525,664908.00000000,1409494.96540000,0
1743605100000000,2.11830000,2.13030000,2.11700000,2.12630000,1478920.00000000,1743605999999999,3143149.77900000,12461,809041.00000000,1720259.10860000,0
1743606000000000,2.12620000,2.15090000,2.12400000,2.13970000,3950426.00000000,1743606899999999,8453718.89370000,40596,2285802.00000000,4893566.66990000,0
1743606900000000,2.13960000,2.14780000,2.13680000,2.14300000,2323664.00000000,1743607799999999,4975702.98430000,32252,1082835.00000000,2319362.87380000,0
1743607800000000,2.14300000,2.19260000,2.14260000,2.19040000,21068559.00000000,1743608699999999,45876841.99080000,146046,12094029.00000000,26322004.04920000,0
1743608700000000,2.19030000,2.19550000,2.16720000,2.17270000,16976861.00000000,1743609599999999,36995832.89000000,146226,8110695.00000000,17677654.28500000,0
1743609600000000,2.17270000,2.17890000,2.16720000,2.17600000,4325886.00000000,1743610499999999,9406617.14530000,45143,2119943.00000000,4610427.13650000,0
1743610500000000,2.17590000,2.18030000,2.17330000,2.17710000,2271579.00000000,1743611399999999,4946909.34440000,19625,1033755.00000000,2251327.57290000,0
1743611400000000,2.17720000,2.17800000,2.15880000,2.16690000,2259767.00000000,1743612299999999,4898673.73160000,17999,968893.00000000,2099923.83400000,0
1743612300000000,2.16700000,2.17180000,2.15880000,2.16110000,1666317.00000000,1743613199999999,3608880.20760000,19605,723842.00000000,1567983.79320000,0
1743613200000000,2.16100000,2.17190000,2.16040000,2.17000000,3678354.00000000,1743614099999999,7969937.13840000,46883,1831488.00000000,3968705.69870000,0
1743614100000000,2.17010000,2.17060000,2.14510000,2.14510000,3130416.00000000,1743614999999999,6748718.93060000,25816,1443683.00000000,3112988.93340000,0
1743615000000000,2.14510000,2.14890000,2.13440000,2.14380000,3674396.00000000,1743615899999999,7868601.32230000,31844,1755930.00000000,3760680.71340000,0
1743615900000000,2.14380000,2.14380000,2.13100000,2.14050000,1486904.00000000,1743616799999999,3178042.26860000,16563,816771.00000000,1745821.61410000,0
1743616800000000,2.14040000,2.14610000,2.13290000,2.13980000,1915861.00000000,1743617699999999,4100012.37380000,16683,1180064.00000000,2525160.42060000,0
1743617700000000,2.13970000,2.14610000,2.13170000,2.13530000,1947782.00000000,1743618599999999,4165241.22550000,16154,847915.00000000,1812756.84500000,0
1743618600000000,2.13520000,2.15120000,2.13490000,2.14880000,1317724.00000000,1743619499999999,2823292.34020000,13772,711627.00000000,1525101.71400000,0
1743619500000000,2.14880000,2.15000000,2.14260000,2.14270000,695960.00000000,1743620399999999,1494292.23990000,7574,303809.00000000,652390.47000000,0
1743620400000000,2.14270000,2.14720000,2.13910000,2.14340000,1175711.00000000,1743621299999999,2520247.29280000,13332,508722.00000000,1090475.94210000,0
1743621300000000,2.14340000,2.14790000,2.13730000,2.14610000,1482128.00000000,1743622199999999,3176240.43050000,14492,909871.00000000,1949966.22310000,0
1743622200000000,2.14600000,2.14940000,2.14110000,2.14890000,1352900.00000000,1743623099999999,2902520.10280000,13828,746916.00000000,1602266.41640000,0
1743623100000000,2.14900000,2.16100000,2.14770000,2.15990000,1945442.00000000,1743623999999999,4191316.02840000,15849,883310.00000000,1903038.26890000,0
1743624000000000,2.15990000,2.19300000,2.11630000,2.18590000,10423532.00000000,1743624899999999,22418770.28320000,64180,5179212.00000000,11147542.91770000,0
1743624900000000,2.18590000,2.23300000,2.11460000,2.13150000,29104279.00000000,1743625799999999,63328619.00930000,230178,14562658.00000000,31702884.19840000,0
1743625800000000,2.13150000,2.14430000,2.10220000,2.10790000,11423760.00000000,1743626699999999,24222306.00610000,109446,5627947.00000000,11935641.80090000,0
1743626700000000,2.10800000,2.12900000,2.10370000,2.12640000,5306218.00000000,1743627599999999,11253779.92850000,45848,2643678.00000000,5606000.71180000,0
1743627600000000,2.12650000,2.13060000,2.08780000,2.09540000,7205561.00000000,1743628499999999,15143229.76500000,51220,2697602.00000000,5671129.54400000,0
1743628500000000,2.09540000,2.10300000,2.08450000,2.09200000,4264308.00000000,1743629399999999,8923936.31960000,31803,2058723.00000000,4308194.77260000,0
1743629400000000,2.09200000,2.10000000,2.08500000,2.09770000,2026627.00000000,1743630299999999,4239077.52130000,17624,972211.00000000,2033672.97420000,0
1743630300000000,2.09760000,2.10560000,2.08940000,2.10490000,1461135.00000000,1743631199999999,3064550.76820000,11734,866433.00000000,1817209.94320000,0
1743631200000000,2.10490000,2.10490000,2.03490000,2.04600000,9605652.00000000,1743632099999999,19819622.84750000,81003,3473890.00000000,7166114.64350000,0
1743632100000000,2.04600000,2.04650000,2.01970000,2.03230000,9200430.00000000,1743632999999999,18691106.34370000,65735,3941221.00000000,8008907.98750000,0
1743633000000000,2.03220000,2.03240000,1.98410000,1.99200000,12692117.00000000,1743633899999999,25490365.73180000,80200,5442838.00000000,10937050.47390000,0
1743633900000000,1.99200000,2.03320000,1.98630000,2.01910000,12025323.00000000,1743634799999999,24247720.30760000,88026,5769480.00000000,11632833.80670000,0
1743634800000000,2.01900000,2.02830000,2.00090000,2.02700000,7092565.00000000,1743635699999999,14304092.03650000,62515,3297728.00000000,6648792.24570000,0
1743635700000000,2.02700000,2.03050000,2.01480000,2.03050000,4283584.00000000,1743636599999999,8662475.97870000,35835,1905288.00000000,3851647.49990000,0
1743636600000000,2.03050000,2.04130000,2.02520000,2.04090000,5190999.00000000,1743637499999999,10545804.93280000,30662,2598796.00000000,5281058.15510000,0
1743637500000000,2.04080000,2.04190000,2.01910000,2.02370000,3328512.00000000,1743638399999999,6762520.82840000,27599,1406458.00000000,2856659.31450000,0
1743638400000000,2.02370000,2.04200000,2.00730000,2.03930000,7724350.00000000,1743639299999999,15661273.02060000,61694,4348974.00000000,8820849.10160000,0
1743639300000000,2.03930000,2.05900000,2.03390000,2.04610000,7060508.00000000,1743640199999999,14466659.87380000,53877,3823173.00000000,7834622.14490000,0
1743640200000000,2.04620000,2.06400000,2.04550000,2.05650000,4508586.00000000,1743641099999999,9282808.04270000,39276,1809819.00000000,3725284.98190000,0
1743641100000000,2.05660000,2.06360000,2.04550000,2.06350000,3482228.00000000,1743641999999999,7150378.38620000,29826,1364073.00000000,2800868.80990000,0
1743642000000000,2.06360000,2.06670000,2.05380000,2.06160000,4624965.00000000,1743642899999999,9527356.05720000,32724,2011189.00000000,4142634.81730000,0
1743642900000000,2.06170000,2.07210000,2.05530000,2.06140000,3979600.00000000,1743643799999999,8205265.25830000,25097,1872504.00000000,3860580.62180000,0
1743643800000000,2.06130000,2.06650000,2.05420000,2.05560000,4224632.00000000,1743644699999999,8701324.32500000,27025,1850372.00000000,3810692.84510000,0
1743644700000000,2.05560000,2.06130000,2.05080000,2.05560000,3847971.00000000,1743645599999999,7911527.19670000,22723,1934951.00000000,3978702.03230000,0
1743645600000000,2.05550000,2.06060000,2.04830000,2.05050000,3673352.00000000,1743646499999999,7541874.07160000,23410,1465112.00000000,3007671.20900000,0
1743646500000000,2.05050000,2.05280000,2.04200000,2.05140000,2331183.00000000,1743647399999999,4772514.68340000,16666,1120088.00000000,2293047.95860000,0
1743647400000000,2.05140000,2.05900000,2.04880000,2.05320000,4473492.00000000,1743648299999999,9188996.37390000,21324,2174305.00000000,4465942.79720000,0
1743648300000000,2.05320000,2.06350000,2.05050000,2.06220000,4349920.00000000,1743649199999999,8954979.48480000,17615,1958106.00000000,4030834.06950000,0
1743649200000000,2.06220000,2.06280000,2.04790000,2.05180000,5136188.00000000,1743650099999999,10541930.16840000,17180,2275523.00000000,4669380.17160000,0
1743650100000000,2.05180000,2.05950000,2.05100000,2.05810000,2939771.00000000,1743650999999999,6043603.48530000,15553,1445607.00000000,2972111.87050000,0
1743651000000000,2.05800000,2.06000000,2.05010000,2.05040000,2574374.00000000,1743651899999999,5289942.48700000,14894,913225.00000000,1876697.96340000,0
1743651900000000,2.05050000,2.06380000,2.05040000,2.06330000,1599769.00000000,1743652799999999,3291497.16180000,9355,849088.00000000,1746812.33390000,0
1743652800000000,2.06340000,2.07220000,2.06030000,2.06580000,2249096.00000000,1743653699999999,4646663.82710000,12305,1002988.00000000,2072202.03550000,0
1743653700000000,2.06580000,2.06950000,2.05620000,2.05660000,1575041.00000000,1743654599999999,3249913.68020000,10614,684446.00000000,1412518.58640000,0
1743654600000000,2.05670000,2.07730000,2.05520000,2.07570000,2073874.00000000,1743655499999999,4287234.41990000,13859,994919.00000000,2057068.38440000,0
1743655500000000,2.07570000,2.08050000,2.06960000,2.07460000,1950872.00000000,1743656399999999,4048988.78960000,10882,1020650.00000000,2118369.53440000,0
1743656400000000,2.07460000,2.08200000,2.07180000,2.07380000,1588696.00000000,1743657299999999,3298962.87500000,10905,794148.00000000,1648755.61890000,0
1743657300000000,2.07380000,2.07400000,2.06710000,2.07020000,1158581.00000000,1743658199999999,2398676.77740000,8601,450210.00000000,932015.38030000,0
1743658200000000,2.07020000,2.07030000,2.06450000,2.06920000,1172765.00000000,1743659099999999,2424257.21780000,8854,542469.00000000,1121185.24850000,0
1743659100000000,2.06920000,2.07350000,2.05690000,2.05800000,2620058.00000000,1743659999999999,5409331.59320000,13877,932986.00000000,1925838.90300000,0
1743660000000000,2.05800000,2.06190000,2.05350000,2.05600000,1455390.00000000,1743660899999999,2994393.33550000,11697,725316.00000000,1492309.76670000,0
1743660900000000,2.05600000,2.06000000,2.05150000,2.05240000,2572953.00000000,1743661799999999,5287826.97230000,12057,1045388.00000000,2148754.81450000,0
1743661800000000,2.05240000,2.05500000,2.04290000,2.04380000,4258918.00000000,1743662699999999,8716576.92140000,19675,1781569.00000000,3645844.91790000,0
1743662700000000,2.04380000,2.05060000,2.03580000,2.04080000,4137090.00000000,1743663599999999,8451414.21690000,18739,1907910.00000000,3898339.45260000,0
1743663600000000,2.04080000,2.04480000,2.03640000,2.03970000,2848773.00000000,1743664499999999,5811182.09760000,18624,1488853.00000000,3037008.23880000,0
1743664500000000,2.03960000,2.04790000,2.03100000,2.04730000,3041096.00000000,1743665399999999,6199043.76660000,19220,1662736.00000000,3389634.63100000,0
1743665400000000,2.04740000,2.04760000,2.03310000,2.03780000,1888080.00000000,1743666299999999,3851548.47190000,16295,732363.00000000,1493829.02070000,0
1743666300000000,2.03780000,2.05650000,2.03680000,2.05230000,4017113.00000000,1743667199999999,8215812.42970000,17329,2476930.00000000,5063639.94110000,0
1743667200000000,2.05220000,2.05780000,2.04890000,2.05390000,2312869.00000000,1743668099999999,4749906.58020000,17393,1055387.00000000,2167265.03080000,0
1743668100000000,2.05380000,2.05740000,2.04710000,2.04750000,2906799.00000000,1743668999999999,5966525.29940000,18305,1537668.00000000,3155744.24600000,0
1743669000000000,2.04740000,2.05150000,2.04130000,2.04740000,2165841.00000000,1743669899999999,4432755.65500000,18589,1008624.00000000,2064244.08500000,0
1743669900000000,2.04730000,2.05220000,2.04140000,2.05040000,1616054.00000000,1743670799999999,3306271.46210000,11849,814580.00000000,1666622.27430000,0
1743670800000000,2.05050000,2.05270000,2.04440000,2.04680000,1792730.00000000,1743671699999999,3673846.20110000,17466,788657.00000000,1615924.33250000,0
1743671700000000,2.04670000,2.05140000,2.04250000,2.04390000,1483930.00000000,1743672599999999,3034944.31560000,13805,844310.00000000,1726473.24860000,0
1743672600000000,2.04390000,2.05520000,2.04390000,2.05410000,1444975.00000000,1743673499999999,2961767.27810000,11494,816322.00000000,1672942.44500000,0
1743673500000000,2.05410000,2.05410000,2.04050000,2.04320000,1602762.00000000,1743674399999999,3280134.44630000,13443,741073.00000000,1516386.81820000,0
1743674400000000,2.04310000,2.04630000,2.03600000,2.04020000,2556692.00000000,1743675299999999,5216954.48130000,19435,1074047.00000000,2192011.62040000,0
1743675300000000,2.04020000,2.04370000,2.02390000,2.02810000,3607337.00000000,1743676199999999,7334097.25930000,26166,1842080.00000000,3745353.93510000,0
1743676200000000,2.02810000,2.03110000,2.01390000,2.02500000,5923187.00000000,1743677099999999,11971952.06720000,34414,2478086.00000000,5009477.33810000,0
1743677100000000,2.02510000,2.03290000,2.01570000,2.01750000,3626817.00000000,1743677999999999,7342944.25380000,27304,1640484.00000000,3320523.12460000,0
1743678000000000,2.01740000,2.03180000,2.01370000,2.03130000,3460113.00000000,1743678899999999,6993395.53300000,28999,1669199.00000000,3373951.66310000,0
1743678900000000,2.03120000,2.03140000,2.01860000,2.02500000,2239115.00000000,1743679799999999,4532541.59520000,19418,1181866.00000000,2392403.70310000,0
1743679800000000,2.02500000,2.03550000,2.01980000,2.03390000,2780332.00000000,1743680699999999,5640187.82940000,19035,1471110.00000000,2983459.96440000,0
1743680700000000,2.03400000,2.03490000,2.02510000,2.03390000,1916949.00000000,1743681599999999,3893740.62650000,18216,830977.00000000,1687925.11830000,0
1743681600000000,2.03400000,2.04240000,2.02730000,2.04080000,2569265.00000000,1743682499999999,5228830.00870000,23538,1340111.00000000,2727782.83310000,0
1743682500000000,2.04080000,2.04230000,2.01520000,2.01820000,4622233.00000000,1743683399999999,9373506.05100000,25044,1770731.00000000,3593792.67640000,0
1743683400000000,2.01820000,2.02250000,1.98780000,1.99030000,10650240.00000000,1743684299999999,21335678.94300000,53191,3905449.00000000,7829071.63570000,0
1743684300000000,1.99030000,1.99610000,1.96360000,1.97390000,13295663.00000000,1743685199999999,26317031.96520000,101126,6834913.00000000,13534283.76660000,0
1743685200000000,1.97390000,1.99110000,1.96520000,1.98390000,5575808.00000000,1743686099999999,11029154.86810000,58537,2578637.00000000,5102620.55960000,0
1743686100000000,1.98390000,2.00230000,1.98220000,2.00030000,4214258.00000000,1743686999999999,8394290.24240000,39321,1860476.00000000,3706817.98760000,0
1743687000000000,2.00030000,2.02550000,1.99780000,2.00910000,5622462.00000000,1743687899999999,11316186.11140000,70333,2558273.00000000,5149297.98180000,0
1743687900000000,2.00920000,2.01400000,2.00200000,2.00930000,3133028.00000000,1743688799999999,6289140.74560000,40553,1543282.00000000,3097978.22590000,0
1743688800000000,2.00930000,2.01040000,1.98160000,1.98640000,5252881.00000000,1743689699999999,10479777.55930000,46747,2131511.00000000,4252634.04250000,0
1743689700000000,1.98650000,2.00590000,1.98650000,2.00240000,3053679.00000000,1743690599999999,6096765.33890000,39365,1189442.00000000,2374312.89600000,0
1743690600000000,2.00230000,2.00510000,1.97790000,1.98260000,3426703.00000000,1743691499999999,6817989.71560000,34554,1406401.00000000,2798819.09660000,0
1743691500000000,1.98260000,1.98300000,1.96000000,1.96870000,7126519.00000000,1743692399999999,14034246.79530000,44623,3594688.00000000,7078644.20490000,0
1743692400000000,1.96860000,1.98890000,1.96720000,1.98070000,4562022.00000000,1743693299999999,9022555.85750000,45320,2114891.00000000,4182742.30110000,0
1743693300000000,1.98060000,1.99740000,1.98040000,1.99320000,3519292.00000000,1743694199999999,7004724.79380000,36379,1579398.00000000,3143910.36500000,0
1743694200000000,1.99310000,2.00660000,1.99280000,2.00490000,3062509.00000000,1743695099999999,6124315.27810000,29788,1706813.00000000,3414074.24490000,0
1743695100000000,2.00480000,2.01190000,1.99050000,2.00560000,3839450.00000000,1743695999999999,7681619.22820000,29361,1874379.00000000,3752701.12000000,0
1743696000000000,2.00560000,2.01180000,1.99880000,2.00660000,2849501.00000000,1743696899999999,5716520.38270000,29629,1597471.00000000,3204942.61910000,0
1743696900000000,2.00670000,2.01740000,2.00350000,2.01450000,1798699.00000000,1743697799999999,3616544.12280000,21585,940613.00000000,1891570.60870000,0
1743697800000000,2.01440000,2.01670000,1.99680000,1.99970000,2374271.00000000,1743698699999999,4760940.81740000,22794,1153705.00000000,2313825.07380000,0
1743698700000000,1.99980000,2.00150000,1.99170000,1.99630000,2427511.00000000,1743699599999999,4846141.79720000,20205,906891.00000000,1810259.25370000,0
1743699600000000,1.99640000,2.01620000,1.99570000,2.01170000,1932879.00000000,1743700499999999,3879208.63520000,21282,1021013.00000000,2048925.52820000,0
1743700500000000,2.01160000,2.01390000,2.00290000,2.01110000,1424535.00000000,1743701399999999,2861397.70870000,14248,637762.00000000,1280845.93070000,0
1743701400000000,2.01110000,2.02520000,2.00690000,2.02460000,2089791.00000000,1743702299999999,4217305.34300000,19004,1098134.00000000,2215648.36690000,0
1743702300000000,2.02460000,2.02670000,2.01650000,2.02010000,1660225.00000000,1743703199999999,3356311.70200000,17437,938270.00000000,1896865.97120000,0
1743703200000000,2.02010000,2.02350000,2.01070000,2.01230000,1332264.00000000,1743704099999999,2688483.22500000,14539,619802.00000000,1251141.24080000,0
1743704100000000,2.01220000,2.02300000,2.01060000,2.02090000,970803.00000000,1743704999999999,1957549.58980000,11511,401371.00000000,809309.96020000,0
1743705000000000,2.02090000,2.04990000,2.01650000,2.04780000,3458606.00000000,1743705899999999,7045621.27600000,27782,2125327.00000000,4329456.91640000,0
1743705900000000,2.04790000,2.05200000,2.03830000,2.04490000,2571098.00000000,1743706799999999,5256773.64810000,22705,1140041.00000000,2331557.74300000,0
1743706800000000,2.04500000,2.07500000,2.04190000,2.06020000,4170270.00000000,1743707699999999,8595883.45910000,28697,2498807.00000000,5148901.24850000,0
1743707700000000,2.06020000,2.06220000,2.04660000,2.04700000,1818240.00000000,1743708599999999,3737798.43270000,18625,843250.00000000,1734155.10580000,0
1743708600000000,2.04690000,2.05660000,2.04460000,2.05660000,1370436.00000000,1743709499999999,2808887.80750000,12539,774063.00000000,1586573.39330000,0
1743709500000000,2.05660000,2.05700000,2.04880000,2.05380000,1222842.00000000,1743710399999999,2510799.32390000,12239,689086.00000000,1414901.08130000,0
1743710400000000,2.05390000,2.06320000,2.05080000,2.05500000,1182579.00000000,1743711299999999,2431696.07990000,11547,687316.00000000,1413278.23780000,0
1743711300000000,2.05490000,2.05500000,2.03840000,2.04040000,1718016.00000000,1743712199999999,3516262.15600000,12268,709838.00000000,1452906.06050000,0
1743712200000000,2.04040000,2.04560000,2.03570000,2.04440000,1033875.00000000,1743713099999999,2109735.61970000,10234,473996.00000000,967290.75350000,0
1743713100000000,2.04440000,2.05940000,2.04270000,2.05610000,1590031.00000000,1743713999999999,3261809.26090000,14112,879621.00000000,1804409.10020000,0
1743714000000000,2.05600000,2.06470000,2.04930000,2.05160000,1843751.00000000,1743714899999999,3793302.42450000,14691,764776.00000000,1573636.91440000,0
1743714900000000,2.05170000,2.05940000,2.04980000,2.05380000,872462.00000000,1743715799999999,1791774.84190000,8317,486805.00000000,999551.92110000,0
1743715800000000,2.05380000,2.05580000,2.04460000,2.04910000,636980.00000000,1743716699999999,1304834.13510000,8292,251250.00000000,514520.47170000,0
1743716700000000,2.04910000,2.06880000,2.04770000,2.06200000,860058.00000000,1743717599999999,1770398.96680000,10420,399016.00000000,821555.95870000,0
1743717600000000,2.06190000,2.06610000,2.05350000,2.06160000,1177544.00000000,1743718499999999,2425687.71970000,15888,560450.00000000,1154124.08730000,0
1743718500000000,2.06150000,2.06290000,2.05440000,2.06100000,875580.00000000,1743719399999999,1802246.34580000,10817,442042.00000000,909687.20670000,0
1743719400000000,2.06090000,2.06700000,2.05660000,2.05960000,1830577.00000000,1743720299999999,3775966.09750000,13174,1080775.00000000,2229592.29270000,0
1743720300000000,2.05970000,2.06260000,2.05580000,2.05790000,779052.00000000,1743721199999999,1604194.66860000,7321,445129.00000000,916709.15900000,0
1743721200000000,2.05790000,2.06090000,2.04500000,2.04830000,1487514.00000000,1743722099999999,3049954.21790000,10096,604191.00000000,1238937.62710000,0
1743722100000000,2.04830000,2.05500000,2.04530000,2.05380000,729029.00000000,1743722999999999,1494680.08490000,9897,398622.00000000,817435.20120000,0
1743723000000000,2.05380000,2.06010000,2.05320000,2.05730000,987885.00000000,1743723899999999,2032409.11910000,8057,598645.00000000,1231731.87210000,0
1743723900000000,2.05730000,2.06730000,2.05650000,2.06480000,1870446.00000000,1743724799999999,3860256.33840000,10444,948212.00000000,1956761.56970000,0
1743724800000000,2.06480000,2.07240000,2.05190000,2.05380000,1749830.00000000,1743725699999999,3607695.20980000,19487,766200.00000000,1580664.32930000,0
1743725700000000,2.05370000,2.06590000,2.05200000,2.06430000,1383685.00000000,1743726599999999,2852492.09540000,12423,749791.00000000,1545584.46080000,0
1743726600000000,2.06430000,2.06720000,2.05710000,2.05850000,884145.00000000,1743727499999999,1824260.93250000,8411,405771.00000000,837229.15280000,0
1743727500000000,2.05850000,2.05880000,2.04680000,2.05100000,1051235.00000000,1743728399999999,2157113.10450000,9230,385464.00000000,791174.18900000,0
1743728400000000,2.05110000,2.05980000,2.04840000,2.05880000,1025509.00000000,1743729299999999,2106749.20100000,12407,563234.00000000,1157224.16880000,0
1743729300000000,2.05880000,2.06580000,2.05530000,2.05710000,827287.00000000,1743730199999999,1704712.36600000,9815,400605.00000000,825655.57730000,0
1743730200000000,2.05710000,2.05710000,2.04850000,2.05130000,1020694.00000000,1743731099999999,2094370.82700000,9707,402944.00000000,826793.71610000,0
1743731100000000,2.05140000,2.05530000,2.03610000,2.04050000,1961799.00000000,1743731999999999,4013545.91790000,17585,741900.00000000,1517222.90050000,0
1743732000000000,2.04060000,2.06640000,2.04060000,2.06390000,2107527.00000000,1743732899999999,4339604.71880000,19330,1203414.00000000,2477227.47270000,0
1743732900000000,2.06390000,2.07840000,2.05340000,2.05530000,3440410.00000000,1743733799999999,7113001.59540000,23073,2163169.00000000,4473218.39990000,0
1743733800000000,2.05540000,2.06280000,2.05320000,2.06020000,1499590.00000000,1743734699999999,3085277.78260000,17047,775499.00000000,1595369.55020000,0
1743734700000000,2.06030000,2.06820000,2.05380000,2.05840000,2071395.00000000,1743735599999999,4267659.89860000,13413,788820.00000000,1625446.36870000,0
1743735600000000,2.05840000,2.06290000,2.04760000,2.05390000,2315146.00000000,1743736499999999,4755181.61590000,17645,1113605.00000000,2286267.95880000,0
1743736500000000,2.05390000,2.05960000,2.04710000,2.05390000,1360940.00000000,1743737399999999,2796768.33710000,14756,695334.00000000,1429019.64300000,0
1743737400000000,2.05400000,2.05430000,2.04580000,2.05230000,1092439.00000000,1743738299999999,2238730.77930000,14008,661542.00000000,1355621.23860000,0
1743738300000000,2.05230000,2.05610000,2.04840000,2.05010000,1195175.00000000,1743739199999999,2452451.74790000,9809,547403.00000000,1123136.15140000,0
1743739200000000,2.05010000,2.05340000,2.04320000,2.04570000,1417671.00000000,1743740099999999,2903044.91820000,10688,501179.00000000,1026445.84470000,0
1743740100000000,2.04580000,2.05430000,2.04270000,2.05350000,1277431.00000000,1743740999999999,2617327.62190000,9625,785239.00000000,1608518.67020000,0
1743741000000000,2.05350000,2.05760000,2.04860000,2.04930000,860028.00000000,1743741899999999,1766315.54900000,8823,326493.00000000,670517.81920000,0
1743741900000000,2.04930000,2.05330000,2.04600000,2.04690000,451326.00000000,1743742799999999,924660.73210000,7005,206504.00000000,423064.51570000,0
1743742800000000,2.04690000,2.05700000,2.04360000,2.05480000,1378388.00000000,1743743699999999,2825662.69860000,11810,693810.00000000,1422513.24480000,0
1743743700000000,2.05480000,2.06600000,2.05450000,2.06430000,1250723.00000000,1743744599999999,2577030.26800000,12266,715968.00000000,1475449.03390000,0
1743744600000000,2.06430000,2.06990000,2.06170000,2.06960000,1958239.00000000,1743745499999999,4048127.00350000,13007,888347.00000000,1836413.51600000,0
1743745500000000,2.06960000,2.07460000,2.06580000,2.07460000,1498553.00000000,1743746399999999,3102290.48310000,12455,1053381.00000000,2181083.15700000,0
1743746400000000,2.07460000,2.07740000,2.06800000,2.07220000,2495182.00000000,1743747299999999,5173582.24370000,16992,1263803.00000000,2620787.44800000,0
1743747300000000,2.07220000,2.07310000,2.06560000,2.06760000,950670.00000000,1743748199999999,1966989.91340000,12167,433383.00000000,896564.17090000,0
1743748200000000,2.06750000,2.06940000,2.05750000,2.05840000,2080978.00000000,1743749099999999,4290363.35190000,14705,1126568.00000000,2322604.39820000,0
1743749100000000,2.05830000,2.06180000,2.05360000,2.05460000,1290742.00000000,1743749999999999,2654128.10600000,9942,670177.00000000,1377954.28030000,0
1743750000000000,2.05460000,2.07190000,2.05450000,2.07090000,1695937.00000000,1743750899999999,3502814.74890000,18210,901425.00000000,1861708.01440000,0
1743750900000000,2.07080000,2.07590000,2.06740000,2.07240000,1374411.00000000,1743751799999999,2847186.79060000,12414,708748.00000000,1468546.45830000,0
1743751800000000,2.07230000,2.08810000,2.06890000,2.08390000,3775448.00000000,1743752699999999,7853788.27540000,24562,2081175.00000000,4327720.88650000,0
1743752700000000,2.08390000,2.09500000,2.08390000,2.09050000,3215363.00000000,1743753599999999,6718328.78890000,20167,2208915.00000000,4613816.02090000,0
1743753600000000,2.09050000,2.10070000,2.08930000,2.09270000,3889333.00000000,1743754499999999,8147637.04070000,26645,2592295.00000000,5430730.43580000,0
1743754500000000,2.09260000,2.10290000,2.09230000,2.09390000,2178757.00000000,1743755399999999,4570041.87730000,22292,1312142.00000000,2752292.56530000,0
1743755400000000,2.09390000,2.09750000,2.08890000,2.09540000,1658227.00000000,1743756299999999,3470369.68940000,15138,873088.00000000,1827265.07270000,0
1743756300000000,2.09530000,2.10110000,2.09370000,2.09460000,1827411.00000000,1743757199999999,3833622.83290000,15129,889189.00000000,1865906.61130000,0
1743757200000000,2.09460000,2.09740000,2.08700000,2.08990000,2109263.00000000,1743758099999999,4412622.69810000,13439,1084740.00000000,2269439.72900000,0
1743758100000000,2.08990000,2.09490000,2.08660000,2.08770000,1183692.00000000,1743758999999999,2474695.44260000,11330,373069.00000000,780229.78790000,0
1743759000000000,2.08780000,2.09390000,2.08420000,2.09300000,2033239.00000000,1743759899999999,4245721.73410000,13409,644502.00000000,1345653.84590000,0
1743759900000000,2.09300000,2.09620000,2.09000000,2.09440000,1504335.00000000,1743760799999999,3149982.25170000,9641,817596.00000000,1712013.54610000,0
1743760800000000,2.09440000,2.09960000,2.07390000,2.07460000,2273755.00000000,1743761699999999,4742303.39390000,26366,1089081.00000000,2273289.45040000,0
1743761700000000,2.07470000,2.08230000,2.05790000,2.05940000,6572139.00000000,1743762599999999,13579125.01320000,40426,3749456.00000000,7746252.42610000,0
1743762600000000,2.05940000,2.06840000,2.05030000,2.05030000,3197495.00000000,1743763499999999,6587297.40130000,29502,1501388.00000000,3095255.48380000,0
1743763500000000,2.05030000,2.05710000,2.04180000,2.04750000,4928510.00000000,1743764399999999,10092940.72680000,32855,2802661.00000000,5740686.53810000,0
1743764400000000,2.04750000,2.05380000,2.03540000,2.03660000,4511643.00000000,1743765299999999,9215930.98710000,33244,2283603.00000000,4665666.83680000,0
1743765300000000,2.03650000,2.04540000,2.01790000,2.02190000,5278186.00000000,1743766199999999,10722950.20840000,38866,2599267.00000000,5283259.36250000,0
1743766200000000,2.02190000,2.03460000,2.01600000,2.02410000,3783220.00000000,1743767099999999,7666971.95460000,41334,1872187.00000000,3794282.31670000,0
1743767100000000,2.02400000,2.04880000,2.02360000,2.04790000,3416175.00000000,1743767999999999,6963279.59960000,24912,1891108.00000000,3854994.64520000,0
1743768000000000,2.04790000,2.05070000,2.03850000,2.04350000,2276085.00000000,1743768899999999,4651503.08320000,27202,1099621.00000000,2247628.02680000,0
1743768900000000,2.04340000,2.05460000,2.03810000,2.04680000,2446453.00000000,1743769799999999,5007606.34020000,18776,1330326.00000000,2723500.75420000,0
1743769800000000,2.04670000,2.07990000,2.04290000,2.05960000,8551189.00000000,1743770699999999,17619212.95390000,46302,4860652.00000000,10015266.64100000,0
1743770700000000,2.05960000,2.06860000,2.05280000,2.06850000,2533908.00000000,1743771599999999,5220893.45100000,24393,1406197.00000000,2897428.65060000,0
1743771600000000,2.06840000,2.08250000,2.06000000,2.06590000,3401709.00000000,1743772499999999,7045989.68110000,28865,1670608.00000000,3461493.85290000,0
1743772500000000,2.06600000,2.06910000,2.05080000,2.05320000,2784187.00000000,1743773399999999,5741527.32280000,25836,1300907.00000000,2683071.64760000,0
1743773400000000,2.05320000,2.06230000,2.04130000,2.04710000,2661013.00000000,1743774299999999,5451777.43380000,37624,1280845.00000000,2624309.12280000,0
1743774300000000,2.04710000,2.16260000,2.04440000,2.11850000,15759657.00000000,1743775199999999,33329015.68180000,91270,9864509.00000000,20860536.14590000,0
1743775200000000,2.11860000,2.13820000,2.08210000,2.10570000,9101908.00000000,1743776099999999,19168332.03700000,96892,4849096.00000000,10217390.47160000,0
1743776100000000,2.10560000,2.11800000,2.08710000,2.10480000,5433117.00000000,1743776999999999,11442548.02810000,61939,3184397.00000000,6710617.91060000,0
1743777000000000,2.10470000,2.11630000,2.09330000,2.09600000,4011186.00000000,1743777899999999,8442638.85800000,44776,2231325.00000000,4696822.18660000,0
1743777900000000,2.09590000,2.11320000,2.07810000,2.10570000,5607033.00000000,1743778799999999,11741242.94980000,50095,3121971.00000000,6538101.31090000,0
1743778800000000,2.10560000,2.14840000,2.10400000,2.14380000,9409503.00000000,1743779699999999,20052123.34120000,80612,5539008.00000000,11801852.52090000,0
1743779700000000,2.14370000,2.15160000,2.12670000,2.13760000,6472649.00000000,1743780599999999,13851913.37150000,61439,3030420.00000000,6487204.27360000,0
1743780600000000,2.13770000,2.15370000,2.11910000,2.12950000,6525419.00000000,1743781499999999,13945316.89620000,60127,3180878.00000000,6800815.42790000,0
1743781500000000,2.12940000,2.14140000,2.12050000,2.12260000,3561365.00000000,1743782399999999,7596137.43130000,44735,1999296.00000000,4265787.15920000,0
1743782400000000,2.12270000,2.13730000,2.11720000,2.12770000,4317554.00000000,1743783299999999,9182786.01670000,40667,2246958.00000000,4780314.26190000,0
1743783300000000,2.12770000,2.13080000,2.10100000,2.10880000,4070208.00000000,1743784199999999,8588195.94900000,32991,1915501.00000000,4042200.83370000,0
1743784200000000,2.10870000,2.11270000,2.09860000,2.10720000,2462303.00000000,1743785099999999,5184273.12940000,26723,1206131.00000000,2539594.18620000,0
1743785100000000,2.10710000,2.12590000,2.10400000,2.11860000,2086297.00000000,1743785999999999,4415815.17130000,21455,1065397.00000000,2254637.11180000,0
1743786000000000,2.11850000,2.12450000,2.10710000,2.11020000,1705579.00000000,1743786899999999,3610808.58680000,22244,784402.00000000,1660554.25670000,0
1743786900000000,2.11020000,2.12460000,2.10070000,2.11900000,1961832.00000000,1743787799999999,4146714.39670000,21725,899599.00000000,1901445.91880000,0
1743787800000000,2.11890000,2.14050000,2.11250000,2.12850000,2933964.00000000,1743788699999999,6247068.55820000,26358,1646166.00000000,3505759.55280000,0
1743788700000000,2.12840000,2.14700000,2.12710000,2.14150000,3796229.00000000,1743789599999999,8123672.05070000,27869,2196849.00000000,4700959.29540000,0
1743789600000000,2.14150000,2.14500000,2.13000000,2.13060000,3024167.00000000,1743790499999999,6461346.27530000,22813,1426206.00000000,3047291.15990000,0
1743790500000000,2.13060000,2.13330000,2.12280000,2.12620000,1673403.00000000,1743791399999999,3560543.98150000,13877,678800.00000000,1444392.37070000,0
1743791400000000,2.12620000,2.13180000,2.11980000,2.12100000,1474499.00000000,1743792299999999,3133874.58130000,18152,789508.00000000,1678242.65780000,0
1743792300000000,2.12090000,2.12780000,2.11630000,2.11950000,980963.00000000,1743793199999999,2081936.68090000,10735,439277.00000000,932379.31460000,0
1743793200000000,2.11950000,2.13690000,2.11430000,2.13480000,1307656.00000000,1743794099999999,2778051.58020000,11565,802618.00000000,1705539.81000000,0
1743794100000000,2.13470000,2.13540000,2.12710000,2.12970000,959833.00000000,1743794999999999,2046142.61300000,10977,593302.00000000,1264793.53790000,0
1743795000000000,2.12970000,2.13670000,2.12640000,2.13040000,1551548.00000000,1743795899999999,3308030.62300000,16060,634021.00000000,1351745.47790000,0
1743795900000000,2.13030000,2.13480000,2.12280000,2.12850000,909549.00000000,1743796799999999,1934501.78480000,10831,434239.00000000,923525.96090000,0
1743796800000000,2.12840000,2.13390000,2.12160000,2.12440000,1274100.00000000,1743797699999999,2712362.37580000,12177,622825.00000000,1325627.37760000,0
1743797700000000,2.12440000,2.12540000,2.11280000,2.12300000,1580478.00000000,1743798599999999,3348032.91950000,10786,775523.00000000,1642557.10820000,0
1743798600000000,2.12310000,2.13750000,2.12120000,2.13610000,2306566.00000000,1743799499999999,4920636.52750000,15638,1070832.00000000,2282893.52520000,0
1743799500000000,2.13620000,2.14140000,2.13500000,2.13940000,2383375.00000000,1743800399999999,5096690.75960000,11159,902853.00000000,1930892.54010000,0
1743800400000000,2.13950000,2.14820000,2.13590000,2.14250000,2168829.00000000,1743801299999999,4644867.27170000,13230,1096900.00000000,2349582.48930000,0
1743801300000000,2.14260000,2.14440000,2.13250000,2.13670000,1293940.00000000,1743802199999999,2764822.62460000,9720,622142.00000000,1328957.41280000,0
1743802200000000,2.13670000,2.15060000,2.12830000,2.14760000,2586877.00000000,1743803099999999,5544709.60670000,12816,1246051.00000000,2671124.15340000,0
1743803100000000,2.14760000,2.15480000,2.14100000,2.14250000,1248828.00000000,1743803999999999,2682775.83590000,11156,690722.00000000,1484059.29840000,0
1743804000000000,2.14250000,2.15010000,2.13680000,2.13840000,1273735.00000000,1743804899999999,2730745.09270000,10661,577881.00000000,1239393.67210000,0
1743804900000000,2.13830000,2.14530000,2.13560000,2.14190000,859819.00000000,1743805799999999,1840620.66770000,6911,450629.00000000,964683.03490000,0
1743805800000000,2.14190000,2.14260000,2.13490000,2.13750000,669143.00000000,1743806699999999,1430206.91390000,5378,255941.00000000,547030.05010000,0
1743806700000000,2.13740000,2.13850000,2.13480000,2.13620000,436175.00000000,1743807599999999,932084.19380000,4363,164240.00000000,350965.30080000,0
1743807600000000,2.13620000,2.13830000,2.12880000,2.12880000,986712.00000000,1743808499999999,2104626.84910000,7636,449591.00000000,958928.76010000,0
1743808500000000,2.12880000,2.13220000,2.12360000,2.12590000,759570.00000000,1743809399999999,1616050.24390000,8416,262472.00000000,558462.77190000,0
1743809400000000,2.12590000,2.12590000,2.11920000,2.12330000,1110359.00000000,1743810299999999,2356164.30430000,7558,350923.00000000,744736.69010000,0
1743810300000000,2.12330000,2.13110000,2.12320000,2.13020000,545112.00000000,1743811199999999,1159953.47370000,5482,289770.00000000,616499.20340000,0
1743811200000000,2.13030000,2.13150000,2.11840000,2.12610000,886897.00000000,1743812099999999,1884290.61900000,11146,311444.00000000,661842.44750000,0
1743812100000000,2.12610000,2.13150000,2.12150000,2.12600000,664930.00000000,1743812999999999,1414099.49030000,7898,420564.00000000,894226.95350000,0
1743813000000000,2.12600000,2.12760000,2.11840000,2.12100000,577251.00000000,1743813899999999,1225073.09130000,7694,242921.00000000,515412.17390000,0
1743813900000000,2.12110000,2.13800000,2.12110000,2.13460000,1271711.00000000,1743814799999999,2712779.82330000,10694,679676.00000000,1449883.95950000,0
1743814800000000,2.13460000,2.14410000,2.13080000,2.13090000,1511347.00000000,1743815699999999,3232122.45270000,11993,917402.00000000,1962568.45930000,0
1743815700000000,2.13090000,2.13800000,2.13030000,2.13620000,392107.00000000,1743816599999999,836588.88620000,8746,234400.00000000,500084.97390000,0
1743816600000000,2.13630000,2.13820000,2.13100000,2.13160000,351921.00000000,1743817499999999,751344.51970000,6493,169565.00000000,361992.12620000,0
1743817500000000,2.13170000,2.13250000,2.12590000,2.12700000,661492.00000000,1743818399999999,1407702.42540000,6163,222703.00000000,473942.70540000,0
1743818400000000,2.12710000,2.12950000,2.12110000,2.12290000,423173.00000000,1743819299999999,899311.54010000,7854,173085.00000000,367761.55460000,0
1743819300000000,2.12290000,2.12740000,2.12130000,2.12250000,425548.00000000,1743820199999999,903669.71170000,7566,203790.00000000,432676.68540000,0
1743820200000000,2.12260000,2.12640000,2.11700000,2.12610000,856993.00000000,1743821099999999,1817589.29850000,8226,560987.00000000,1189741.34750000,0
1743821100000000,2.12610000,2.12620000,2.11900000,2.12080000,324113.00000000,1743821999999999,687868.35020000,6693,155185.00000000,329337.78310000,0
1743822000000000,2.12080000,2.12340000,2.11780000,2.11830000,308222.00000000,1743822899999999,653561.82260000,6142,126451.00000000,268117.97510000,0
1743822900000000,2.11820000,2.12260000,2.11410000,2.11510000,606615.00000000,1743823799999999,1284732.16620000,5400,237633.00000000,503381.67510000,0
1743823800000000,2.11510000,2.11900000,2.11390000,2.11860000,292314.00000000,1743824699999999,618662.83660000,5134,129368.00000000,273794.87310000,0
1743824700000000,2.11860000,2.12120000,2.11650000,2.11750000,470295.00000000,1743825599999999,996397.21060000,4256,190667.00000000,403994.27630000,0
1743825600000000,2.11750000,2.12590000,2.11750000,2.12500000,326696.00000000,1743826499999999,692962.40660000,4849,136375.00000000,289314.44330000,0
1743826500000000,2.12500000,2.12800000,2.12270000,2.12800000,360997.00000000,1743827399999999,766912.88040000,5046,154887.00000000,329045.54490000,0
1743827400000000,2.12800000,2.12800000,2.11980000,2.11990000,235067.00000000,1743828299999999,499241.88570000,4007,100531.00000000,213522.78030000,0
1743828300000000,2.11990000,2.12130000,2.11560000,2.11940000,491162.00000000,1743829199999999,1040281.03960000,4288,319328.00000000,676321.34740000,0
1743829200000000,2.11930000,2.12830000,2.11860000,2.12630000,549551.00000000,1743830099999999,1167502.59630000,6152,270384.00000000,574404.10660000,0
1743830100000000,2.12630000,2.13490000,2.12490000,2.13430000,691364.00000000,1743830999999999,1473145.27500000,6665,240881.00000000,513240.21880000,0
1743831000000000,2.13430000,2.13560000,2.13110000,2.13200000,569484.00000000,1743831899999999,1214744.21590000,6317,225493.00000000,480975.28200000,0
1743831900000000,2.13210000,2.13460000,2.12680000,2.13120000,379076.00000000,1743832799999999,807413.59630000,5484,200684.00000000,427475.19250000,0
1743832800000000,2.13130000,2.13790000,2.13000000,2.13660000,661267.00000000,1743833699999999,1411891.17080000,7656,267154.00000000,570401.05300000,0
1743833700000000,2.13650000,2.14000000,2.13250000,2.13400000,557884.00000000,1743834599999999,1191943.82530000,5587,248690.00000000,531408.33220000,0
1743834600000000,2.13400000,2.13400000,2.12480000,2.12510000,692576.00000000,1743835499999999,1474656.06340000,5954,243713.00000000,519003.14850000,0
1743835500000000,2.12510000,2.13140000,2.12320000,2.13060000,451331.00000000,1743836399999999,959719.64350000,4635,277940.00000000,590905.34480000,0
1743836400000000,2.13060000,2.13070000,2.12370000,2.12720000,517374.00000000,1743837299999999,1100526.39700000,4792,280616.00000000,596915.75120000,0
1743837300000000,2.12720000,2.13700000,2.12610000,2.13690000,539398.00000000,1743838199999999,1150447.81830000,6572,336361.00000000,717543.41600000,0
1743838200000000,2.13690000,2.13750000,2.13220000,2.13560000,643613.00000000,1743839099999999,1373718.47870000,5318,413851.00000000,883284.58890000,0
1743839100000000,2.13560000,2.13780000,2.13460000,2.13660000,585112.00000000,1743839999999999,1249867.81840000,5160,306329.00000000,654340.94720000,0
1743840000000000,2.13650000,2.13970000,2.13190000,2.13250000,772912.00000000,1743840899999999,1651837.33630000,7705,414056.00000000,884902.81930000,0
1743840900000000,2.13240000,2.13600000,2.12770000,2.12960000,553272.00000000,1743841799999999,1179013.71950000,5902,237177.00000000,505271.87740000,0
1743841800000000,2.12970000,2.13550000,2.12790000,2.13490000,483430.00000000,1743842699999999,1030378.73380000,6116,155576.00000000,331576.43330000,0
1743842700000000,2.13490000,2.13490000,2.13090000,2.13360000,441196.00000000,1743843599999999,941139.14280000,5430,219989.00000000,469245.17340000,0
1743843600000000,2.13370000,2.13870000,2.13320000,2.13830000,653347.00000000,1743844499999999,1395489.84240000,5462,248327.00000000,530359.45960000,0
1743844500000000,2.13830000,2.13840000,2.13340000,2.13400000,367977.00000000,1743845399999999,785888.02350000,5193,154769.00000000,330528.29420000,0
1743845400000000,2.13410000,2.13800000,2.13200000,2.13800000,323017.00000000,1743846299999999,689439.47190000,3721,133336.00000000,284556.43730000,0
1743846300000000,2.13790000,2.14660000,2.13760000,2.14430000,1672980.00000000,1743847199999999,3584990.95130000,10245,674996.00000000,1446201.56190000,0
1743847200000000,2.14440000,2.15850000,2.14220000,2.15530000,2777803.00000000,1743848099999999,5974939.24800000,16222,1427921.00000000,3071311.25280000,0
1743848100000000,2.15530000,2.15970000,2.15020000,2.15910000,1415638.00000000,1743848999999999,3049204.28040000,11471,641261.00000000,1381359.92170000,0
1743849000000000,2.15900000,2.16330000,2.14730000,2.14870000,1526317.00000000,1743849899999999,3289841.85670000,12335,811092.00000000,1748732.06800000,0
1743849900000000,2.14870000,2.15560000,2.14590000,2.15520000,829210.00000000,1743850799999999,1783988.01340000,7449,376369.00000000,809838.68720000,0
1743850800000000,2.15530000,2.16000000,2.14970000,2.15100000,1526098.00000000,1743851699999999,3289944.96550000,10969,538526.00000000,1160857.64510000,0
1743851700000000,2.15110000,2.16290000,2.15110000,2.16040000,1270574.00000000,1743852599999999,2743909.33730000,10282,662930.00000000,1431639.38540000,0
1743852600000000,2.16040000,2.17050000,2.15400000,2.15820000,1945856.00000000,1743853499999999,4209438.54330000,16210,1042579.00000000,2255764.82610000,0
1743853500000000,2.15830000,2.16540000,2.15680000,2.16050000,1048743.00000000,1743854399999999,2267212.29180000,10231,493662.00000000,1066701.20080000,0
1743854400000000,2.16040000,2.16870000,2.15880000,2.16740000,1085223.00000000,1743855299999999,2349034.79000000,10955,533464.00000000,1154553.16350000,0
1743855300000000,2.16740000,2.17280000,2.16410000,2.17010000,1418992.00000000,1743856199999999,3076696.75200000,13199,629627.00000000,1365244.53480000,0
1743856200000000,2.17010000,2.17640000,2.14410000,2.15120000,3755085.00000000,1743857099999999,8095298.94060000,20190,1547910.00000000,3336965.15820000,0
1743857100000000,2.15130000,2.15420000,2.14170000,2.14900000,2331238.00000000,1743857999999999,5005750.40000000,15185,923310.00000000,1982697.39690000,0
1743858000000000,2.14910000,2.15390000,2.13970000,2.14120000,1517498.00000000,1743858899999999,3254961.19710000,15410,740524.00000000,1589327.38250000,0
1743858900000000,2.14120000,2.14390000,2.12540000,2.13310000,2285694.00000000,1743859799999999,4875948.14880000,26742,1166529.00000000,2489006.83630000,0
1743859800000000,2.13300000,2.13570000,2.12210000,2.13120000,1817915.00000000,1743860699999999,3870392.62800000,17599,978399.00000000,2083268.20250000,0
1743860700000000,2.13120000,2.13370000,2.12170000,2.13270000,1489954.00000000,1743861599999999,3169536.49820000,15429,854206.00000000,1817636.90470000,0
1743861600000000,2.13270000,2.14780000,2.13260000,2.13600000,1446487.00000000,1743862499999999,3098509.09510000,20406,712860.00000000,1526675.45730000,0
1743862500000000,2.13610000,2.14440000,2.13290000,2.14000000,690499.00000000,1743863399999999,1477664.85890000,8874,324068.00000000,693388.24350000,0
1743863400000000,2.13990000,2.14120000,2.13260000,2.13790000,870987.00000000,1743864299999999,1861208.98170000,8130,480131.00000000,1025943.07280000,0
1743864300000000,2.13790000,2.14390000,2.13420000,2.13440000,1029568.00000000,1743865199999999,2201646.18100000,7923,309685.00000000,662508.62330000,0
1743865200000000,2.13430000,2.13450000,2.12260000,2.12670000,1119563.00000000,1743866099999999,2382242.55830000,10498,413216.00000000,879284.70610000,0
1743866100000000,2.12680000,2.13100000,2.12210000,2.12670000,937038.00000000,1743866999999999,1993494.88690000,9044,439045.00000000,934220.55210000,0
1743867000000000,2.12670000,2.12800000,2.11760000,2.11850000,1780826.00000000,1743867899999999,3779189.26500000,10776,800067.00000000,1698426.73020000,0
1743867900000000,2.11850000,2.13000000,2.11730000,2.12260000,1609981.00000000,1743868799999999,3418677.44250000,10318,918246.00000000,1949968.90410000,0
1743868800000000,2.12260000,2.12810000,2.12160000,2.12610000,1221096.00000000,1743869699999999,2595033.29450000,9704,476982.00000000,1013680.68350000,0
1743869700000000,2.12620000,2.13140000,2.12110000,2.12530000,858875.00000000,1743870599999999,1826037.63010000,7185,420848.00000000,895185.74110000,0
1743870600000000,2.12530000,2.13140000,2.12520000,2.12860000,734710.00000000,1743871499999999,1564232.42320000,8003,483645.00000000,1029802.15280000,0
1743871500000000,2.12860000,2.12940000,2.11630000,2.12370000,987664.00000000,1743872399999999,2095047.97460000,8816,402519.00000000,853691.41400000,0
1743872400000000,2.12380000,2.12440000,2.11770000,2.12060000,498475.00000000,1743873299999999,1056886.06020000,6760,183413.00000000,388896.37640000,0
1743873300000000,2.12050000,2.12800000,2.12050000,2.12780000,456705.00000000,1743874199999999,970585.21430000,4905,305754.00000000,649727.80520000,0
1743874200000000,2.12790000,2.13090000,2.12580000,2.12930000,845113.00000000,1743875099999999,1798244.94130000,6010,493475.00000000,1050172.77210000,0
1743875100000000,2.12940000,2.13050000,2.12360000,2.12470000,320450.00000000,1743875999999999,681542.31630000,5458,129590.00000000,275618.48060000,0
1743876000000000,2.12470000,2.13640000,2.12350000,2.13640000,569683.00000000,1743876899999999,1213791.41150000,6374,426140.00000000,908110.10680000,0
1743876900000000,2.13650000,2.13870000,2.13180000,2.13200000,403944.00000000,1743877799999999,862473.36250000,6694,152929.00000000,326610.74200000,0
1743877800000000,2.13200000,2.13800000,2.13030000,2.13670000,478136.00000000,1743878699999999,1020403.64920000,6474,346036.00000000,738529.19830000,0
1743878700000000,2.13670000,2.13670000,2.13310000,2.13540000,351168.00000000,1743879599999999,749693.66960000,4303,112420.00000000,240072.41850000,0
1743879600000000,2.13540000,2.13750000,2.13220000,2.13350000,285041.00000000,1743880499999999,608719.13240000,4404,138492.00000000,295743.86120000,0
1743880500000000,2.13360000,2.13570000,2.12600000,2.12670000,502798.00000000,1743881399999999,1071627.45630000,4084,117631.00000000,250736.96830000,0
1743881400000000,2.12680000,2.12900000,2.12200000,2.12410000,460325.00000000,1743882299999999,978705.32000000,4238,200768.00000000,426940.61530000,0
1743882300000000,2.12420000,2.12450000,2.11660000,2.11940000,855620.00000000,1743883199999999,1813330.86740000,6043,329664.00000000,698629.90170000,0
1743883200000000,2.11940000,2.12470000,2.11730000,2.12250000,496180.00000000,1743884099999999,1052619.58460000,5258,237833.00000000,504548.63930000,0
1743884100000000,2.12250000,2.13030000,2.12240000,2.12730000,365706.00000000,1743884999999999,777999.91240000,5916,228247.00000000,485605.02660000,0
1743885000000000,2.12720000,2.13410000,2.11950000,2.13040000,766518.00000000,1743885899999999,1629738.70130000,12545,359577.00000000,764685.78150000,0
1743885900000000,2.13040000,2.13230000,2.12270000,2.12940000,447169.00000000,1743886799999999,951730.33280000,6694,172076.00000000,366100.80040000,0
1743886800000000,2.12940000,2.13340000,2.12300000,2.13150000,925651.00000000,1743887699999999,1970154.35300000,7044,474965.00000000,1010242.28990000,0
1743887700000000,2.13150000,2.13500000,2.12600000,2.13490000,426361.00000000,1743888599999999,908688.95960000,5794,236312.00000000,503744.38580000,0
1743888600000000,2.13500000,2.13620000,2.12900000,2.13110000,572160.00000000,1743889499999999,1220409.89310000,4992,266329.00000000,568129.08850000,0
1743889500000000,2.13100000,2.13300000,2.12610000,2.12800000,322545.00000000,1743890399999999,686747.75770000,3557,110619.00000000,235605.38260000,0
1743890400000000,2.12800000,2.13570000,2.12740000,2.13300000,397544.00000000,1743891299999999,847800.32530000,3521,208607.00000000,444855.83420000,0
1743891300000000,2.13290000,2.13370000,2.12870000,2.12930000,234317.00000000,1743892199999999,499328.93240000,2834,55791.00000000,118886.72890000,0
1743892200000000,2.12930000,2.13330000,2.12690000,2.13330000,457636.00000000,1743893099999999,974290.23110000,2933,280743.00000000,597758.11500000,0
1743893100000000,2.13330000,2.13500000,2.13020000,2.13480000,329785.00000000,1743893999999999,703532.31900000,2902,231067.00000000,492950.80570000,0
1743894000000000,2.13480000,2.13560000,2.13090000,2.13150000,292097.00000000,1743894899999999,623241.14210000,3757,145274.00000000,309992.44300000,0
1743894900000000,2.13160000,2.14130000,2.12930000,2.14010000,954893.00000000,1743895799999999,2040368.12470000,8712,534660.00000000,1142730.88050000,0
1743895800000000,2.14010000,2.14670000,2.13700000,2.14160000,581132.00000000,1743896699999999,1244723.03760000,7592,401167.00000000,859335.83060000,0
1743896700000000,2.14160000,2.14830000,2.13900000,2.14420000,568113.00000000,1743897599999999,1217973.19350000,6690,278090.00000000,596131.81130000,0
1743897600000000,2.14430000,2.14570000,2.13770000,2.14140000,374385.00000000,1743898499999999,801784.99360000,8430,137294.00000000,294014.11140000,0
1743898500000000,2.14130000,2.14960000,2.14130000,2.14780000,601382.00000000,1743899399999999,1290749.43970000,7777,312108.00000000,669821.06740000,0
1743899400000000,2.14790000,2.15210000,2.14480000,2.15080000,816756.00000000,1743900299999999,1756034.20890000,7140,462358.00000000,994256.46590000,0
1743900300000000,2.15080000,2.15330000,2.14660000,2.14810000,696681.00000000,1743901199999999,1497921.06310000,7358,202726.00000000,435929.21030000,0
1743901200000000,2.14820000,2.15590000,2.14570000,2.15190000,609664.00000000,1743902099999999,1311920.75960000,7889,319040.00000000,686592.67150000,0
1743902100000000,2.15190000,2.15920000,2.15060000,2.15510000,714917.00000000,1743902999999999,1540515.62410000,7156,324322.00000000,699058.72780000,0
1743903000000000,2.15520000,2.15870000,2.14700000,2.14890000,603707.00000000,1743903899999999,1299441.73930000,6818,356229.00000000,767034.17930000,0
1743903900000000,2.14880000,2.15130000,2.14340000,2.14580000,663050.00000000,1743904799999999,1422618.81950000,6720,208696.00000000,447726.22540000,0
1743904800000000,2.14580000,2.14710000,2.13910000,2.13920000,488219.00000000,1743905699999999,1045651.59910000,7098,171005.00000000,366273.74110000,0
1743905700000000,2.13930000,2.14270000,2.13730000,2.13970000,479322.00000000,1743906599999999,1025491.10960000,4871,189775.00000000,406010.30550000,0
1743906600000000,2.13960000,2.14110000,2.13610000,2.13660000,344293.00000000,1743907499999999,736361.64510000,5454,175200.00000000,374706.53940000,0
1743907500000000,2.13660000,2.13830000,2.13210000,2.13220000,432438.00000000,1743908399999999,923110.34730000,4281,178618.00000000,381218.05650000,0
1743908400000000,2.13210000,2.13480000,2.12780000,2.13330000,683419.00000000,1743909299999999,1456175.51090000,6520,370015.00000000,788255.84120000,0
1743909300000000,2.13330000,2.13620000,2.12500000,2.12510000,844300.00000000,1743910199999999,1798738.44790000,6005,440754.00000000,939281.03630000,0
1743910200000000,2.12500000,2.12900000,2.12310000,2.12730000,693195.00000000,1743911099999999,1473115.04230000,6578,382180.00000000,812030.79190000,0
1743911100000000,2.12730000,2.13110000,2.12640000,2.13060000,429579.00000000,1743911999999999,914454.43790000,4034,213860.00000000,455290.89820000,0
1743912000000000,2.13060000,2.13220000,2.12190000,2.12580000,853613.00000000,1743912899999999,1814336.30870000,6157,420499.00000000,894188.34540000,0
1743912900000000,2.12580000,2.13220000,2.12210000,2.12900000,616562.00000000,1743913799999999,1312432.76800000,4877,354501.00000000,754657.70890000,0
1743913800000000,2.12890000,2.13130000,2.12630000,2.12740000,486460.00000000,1743914699999999,1035484.42410000,4317,222525.00000000,473689.98920000,0
1743914700000000,2.12730000,2.13650000,2.12540000,2.13430000,695316.00000000,1743915599999999,1483520.77600000,6595,454012.00000000,968680.50870000,0
1743915600000000,2.13440000,2.13800000,2.12950000,2.13000000,758472.00000000,1743916499999999,1618706.89470000,4889,372988.00000000,796310.12110000,0
1743916500000000,2.13010000,2.13750000,2.13000000,2.13230000,449626.00000000,1743917399999999,959848.81970000,3715,287652.00000000,614167.12810000,0
1743917400000000,2.13230000,2.13480000,2.12600000,2.12710000,586692.00000000,1743918299999999,1249367.64160000,5230,269014.00000000,572810.16810000,0
1743918300000000,2.12720000,2.13250000,2.12530000,2.12990000,514477.00000000,1743919199999999,1095565.27600000,4393,288640.00000000,614690.24680000,0
1743919200000000,2.13000000,2.13100000,2.12300000,2.12670000,640784.00000000,1743920099999999,1362761.85210000,4243,220719.00000000,469278.57040000,0
1743920100000000,2.12660000,2.13210000,2.12600000,2.12850000,411836.00000000,1743920999999999,877161.71760000,3975,257370.00000000,548177.31570000,0
1743921000000000,2.12840000,2.12970000,2.12040000,2.12210000,859073.00000000,1743921899999999,1824949.12260000,5647,309204.00000000,656415.18820000,0
1743921900000000,2.12200000,2.12500000,2.10920000,2.11030000,3074965.00000000,1743922799999999,6505935.89170000,11365,830432.00000000,1757505.61590000,0
1743922800000000,2.11030000,2.11210000,2.10200000,2.10700000,1689494.00000000,1743923699999999,3558266.55270000,12080,651036.00000000,1371223.36120000,0
1743923700000000,2.10700000,2.10800000,2.09700000,2.09920000,1440032.00000000,1743924599999999,3026034.16200000,11936,564950.00000000,1187467.80410000,0
1743924600000000,2.09910000,2.10160000,2.08680000,2.09150000,2185112.00000000,1743925499999999,4575855.03350000,16500,845412.00000000,1771155.86560000,0
1743925500000000,2.09160000,2.09440000,2.08640000,2.09400000,2722484.00000000,1743926399999999,5692011.81600000,19643,1457547.00000000,3047394.05570000,0
1743926400000000,2.09400000,2.09710000,2.08880000,2.08950000,1105552.00000000,1743927299999999,2313508.45610000,10628,494742.00000000,1035396.93450000,0
1743927300000000,2.08950000,2.09390000,2.08400000,2.08820000,971114.00000000,1743928199999999,2029227.63680000,9022,441364.00000000,922448.40750000,0
1743928200000000,2.08830000,2.09850000,2.08770000,2.09710000,950014.00000000,1743929099999999,1989371.08970000,9037,613629.00000000,1284971.76390000,0
1743929100000000,2.09720000,2.10050000,2.09350000,2.10040000,850488.00000000,1743929999999999,1783794.57560000,5456,641604.00000000,1345611.89740000,0
1743930000000000,2.10040000,2.10040000,2.09330000,2.09410000,1076630.00000000,1743930899999999,2257909.15790000,5922,425274.00000000,892148.48020000,0
1743930900000000,2.09400000,2.10190000,2.09390000,2.10140000,922356.00000000,1743931799999999,1935410.24960000,5989,499819.00000000,1048625.12720000,0
1743931800000000,2.10140000,2.10260000,2.09390000,2.09770000,707009.00000000,1743932699999999,1483719.17470000,6642,347018.00000000,728092.89250000,0
1743932700000000,2.09760000,2.10020000,2.09410000,2.09560000,464699.00000000,1743933599999999,974507.13750000,5128,278377.00000000,583845.43590000,0
1743933600000000,2.09550000,2.09750000,2.08800000,2.09230000,1219915.00000000,1743934499999999,2551192.12440000,8561,483072.00000000,1010373.42650000,0
1743934500000000,2.09230000,2.09310000,2.08540000,2.08680000,890117.00000000,1743935399999999,1858903.86210000,7996,331067.00000000,691474.02660000,0
1743935400000000,2.08680000,2.09050000,2.08460000,2.08560000,764314.00000000,1743936299999999,1595358.70150000,6990,344992.00000000,720241.40360000,0
1743936300000000,2.08560000,2.09150000,2.08200000,2.08940000,957092.00000000,1743937199999999,1998184.23410000,8074,526362.00000000,1099299.45410000,0
1743937200000000,2.08930000,2.09090000,2.08050000,2.08190000,777566.00000000,1743938099999999,1621197.48260000,7968,272527.00000000,568395.03860000,0
1743938100000000,2.08180000,2.08480000,2.07770000,2.08320000,1041308.00000000,1743938999999999,2167015.95620000,7313,382621.00000000,796457.63800000,0
1743939000000000,2.08310000,2.08640000,2.08000000,2.08580000,599652.00000000,1743939899999999,1248964.35130000,7183,298657.00000000,622090.37260000,0
1743939900000000,2.08590000,2.08950000,2.08110000,2.08510000,871558.00000000,1743940799999999,1817793.19630000,7053,576178.00000000,1201961.17280000,0
1743940800000000,2.08510000,2.09140000,2.08310000,2.08820000,731474.00000000,1743941699999999,1527339.93370000,7539,434079.00000000,906326.33440000,0
1743941700000000,2.08830000,2.08980000,2.08050000,2.08250000,1129102.00000000,1743942599999999,2354408.14460000,9919,454062.00000000,947069.64970000,0
1743942600000000,2.08250000,2.08350000,2.07000000,2.07510000,2157172.00000000,1743943499999999,4473961.10830000,18230,660518.00000000,1369855.58970000,0
1743943500000000,2.07500000,2.07630000,2.06650000,2.06970000,1101533.00000000,1743944399999999,2280792.46530000,13757,405437.00000000,839539.91760000,0
1743944400000000,2.06970000,2.07430000,2.06650000,2.07210000,1044002.00000000,1743945299999999,2162238.71180000,12467,447102.00000000,925996.16020000,0
1743945300000000,2.07220000,2.07220000,2.05880000,2.06060000,1963291.00000000,1743946199999999,4051391.70580000,15942,645860.00000000,1332947.55230000,0
1743946200000000,2.06050000,2.06550000,2.05360000,2.05490000,1656818.00000000,1743947099999999,3411710.86090000,19590,526272.00000000,1083750.08440000,0
1743947100000000,2.05490000,2.05940000,2.04710000,2.05070000,3027928.00000000,1743947999999999,6213585.51190000,24971,1263811.00000000,2594395.15810000,0
1743948000000000,2.05060000,2.07300000,2.04570000,2.07250000,2223434.00000000,1743948899999999,4577170.57560000,25643,1160572.00000000,2390848.51770000,0
1743948900000000,2.07260000,2.07380000,2.06220000,2.06380000,1691523.00000000,1743949799999999,3497482.32350000,15202,631430.00000000,1305253.24870000,0
1743949800000000,2.06380000,2.07550000,2.06250000,2.07520000,1087358.00000000,1743950699999999,2250468.51500000,14078,479004.00000000,991601.04040000,0
1743950700000000,2.07520000,2.09490000,2.07420000,2.09270000,2164332.00000000,1743951599999999,4509298.27160000,20501,1248013.00000000,2599876.15770000,0
1743951600000000,2.09270000,2.09300000,2.07560000,2.08190000,1076259.00000000,1743952499999999,2243529.60130000,14832,473532.00000000,987634.87620000,0
1743952500000000,2.08190000,2.08460000,2.07370000,2.07460000,783209.00000000,1743953399999999,1627694.64830000,8513,318694.00000000,662374.29050000,0
1743953400000000,2.07460000,2.08290000,2.07440000,2.08160000,496047.00000000,1743954299999999,1031796.56020000,6466,182136.00000000,378794.05750000,0
1743954300000000,2.08170000,2.08330000,2.07240000,2.07460000,1545290.00000000,1743955199999999,3209932.20610000,10952,737472.00000000,1532231.12260000,0
1743955200000000,2.07450000,2.07450000,2.06470000,2.06700000,1176678.00000000,1743956099999999,2434851.68700000,12821,315605.00000000,652940.87660000,0
1743956100000000,2.06710000,2.07550000,2.06320000,2.07170000,1068132.00000000,1743956999999999,2210075.87830000,12717,584060.00000000,1208319.35470000,0
1743957000000000,2.07170000,2.07470000,2.06130000,2.06220000,725998.00000000,1743957899999999,1501273.85690000,10459,161477.00000000,333829.34200000,0
1743957900000000,2.06220000,2.06690000,2.05710000,2.05970000,1314340.00000000,1743958799999999,2708834.90120000,14791,508375.00000000,1047713.40230000,0
1743958800000000,2.05960000,2.06480000,2.05220000,2.05320000,1534797.00000000,1743959699999999,3157997.58250000,17397,759963.00000000,1564049.53850000,0
1743959700000000,2.05320000,2.06440000,2.04630000,2.05350000,1546610.00000000,1743960599999999,3177172.66440000,22871,689250.00000000,1415858.03440000,0
1743960600000000,2.05350000,2.05360000,2.03150000,2.03680000,4175484.00000000,1743961499999999,8528466.90100000,37227,1393467.00000000,2846457.13770000,0
1743961500000000,2.03680000,2.05700000,2.02590000,2.03350000,4495649.00000000,1743962399999999,9173585.00480000,46823,2075265.00000000,4238129.04440000,0
1743962400000000,2.03360000,2.03730000,2.01820000,2.03340000,5343234.00000000,1743963299999999,10822905.29430000,43704,2731185.00000000,5532429.60240000,0
1743963300000000,2.03340000,2.03340000,2.00130000,2.00130000,7165883.00000000,1743964199999999,14445908.01760000,68504,3690185.00000000,7439907.53030000,0
1743964200000000,2.00140000,2.01410000,1.99500000,1.99520000,7184653.00000000,1743965099999999,14391788.76090000,58441,3365677.00000000,6743231.04000000,0
1743965100000000,1.99520000,2.00990000,1.97580000,1.99600000,9287951.00000000,1743965999999999,18478696.95180000,74378,3433663.00000000,6834630.34430000,0
1743966000000000,1.99600000,2.00970000,1.97820000,1.99420000,5211809.00000000,1743966899999999,10384514.75780000,64350,2465690.00000000,4914276.26070000,0
1743966900000000,1.99410000,2.00940000,1.98630000,1.99950000,5038637.00000000,1743967799999999,10066224.35360000,46934,2651731.00000000,5298694.68520000,0
1743967800000000,1.99950000,2.00600000,1.99010000,1.99370000,4257446.00000000,1743968699999999,8510645.81790000,34048,1789465.00000000,3577560.25490000,0
1743968700000000,1.99360000,2.00170000,1.98020000,1.99530000,3373335.00000000,1743969599999999,6714370.87870000,27100,1952004.00000000,3884704.18170000,0
1743969600000000,1.99530000,2.00420000,1.98970000,1.99140000,4756865.00000000,1743970499999999,9500472.11400000,34527,2481990.00000000,4955985.21620000,0
1743970500000000,1.99130000,1.99490000,1.98310000,1.98910000,2522583.00000000,1743971399999999,5018908.20980000,23148,1069014.00000000,2126685.32620000,0
1743971400000000,1.98920000,1.99100000,1.94210000,1.98140000,14083826.00000000,1743972299999999,27649471.54540000,95078,5937269.00000000,11661044.28290000,0
1743972300000000,1.98140000,1.98170000,1.93820000,1.94920000,6749730.00000000,1743973199999999,13196098.43390000,56629,2925084.00000000,5720884.42290000,0
1743973200000000,1.94920000,1.97760000,1.94410000,1.97450000,5091625.00000000,1743974099999999,10019062.42490000,46432,2629715.00000000,5173615.74340000,0
1743974100000000,1.97450000,1.99590000,1.97280000,1.97530000,5116141.00000000,1743974999999999,10151505.90180000,31800,2420490.00000000,4803773.78750000,0
1743975000000000,1.97530000,1.97820000,1.96130000,1.96270000,2071367.00000000,1743975899999999,4079983.07000000,25046,979896.00000000,1930046.03080000,0
1743975900000000,1.96270000,1.97650000,1.95020000,1.95400000,2191674.00000000,1743976799999999,4301618.31800000,16338,865962.00000000,1699539.26810000,0
1743976800000000,1.95400000,1.97820000,1.93520000,1.97100000,11850588.00000000,1743977699999999,23207799.79650000,90564,5547609.00000000,10857722.58620000,0
1743977700000000,1.97100000,1.97400000,1.94710000,1.96020000,5483673.00000000,1743978599999999,10742769.52010000,57478,2382691.00000000,4665927.92880000,0
1743978600000000,1.96010000,1.96010000,1.91480000,1.91480000,7270276.00000000,1743979499999999,14062545.17770000,47531,3171162.00000000,6136747.08880000,0
1743979500000000,1.91490000,1.92890000,1.90590000,1.91670000,8056300.00000000,1743980399999999,15442224.50190000,59075,4122340.00000000,7904309.14120000,0
1743980400000000,1.91660000,1.92240000,1.89130000,1.91050000,11401168.00000000,1743981299999999,21717057.17540000,81146,5580500.00000000,10633801.30640000,0
1743981300000000,1.91050000,1.91300000,1.86250000,1.86740000,12571246.00000000,1743982199999999,23628561.54770000,99120,5377470.00000000,10111015.09270000,0
1743982200000000,1.86740000,1.92800000,1.86650000,1.92690000,13066676.00000000,1743983099999999,24901391.80890000,69756,6688748.00000000,12741420.40590000,0
1743983100000000,1.92700000,1.93430000,1.91030000,1.92180000,6613485.00000000,1743983999999999,12733480.02500000,50087,3257505.00000000,6273649.63290000,0
1743984000000000,1.92180000,1.93040000,1.88550000,1.88640000,7923543.00000000,1743984899999999,15113290.45360000,65830,3286903.00000000,6274401.00740000,0
1743984900000000,1.88650000,1.91500000,1.88650000,1.91310000,3934243.00000000,1743985799999999,7474996.91060000,44138,2205992.00000000,4191654.93080000,0
1743985800000000,1.91320000,1.91390000,1.89160000,1.89800000,4173850.00000000,1743986699999999,7939270.31880000,47013,2552265.00000000,4854981.43410000,0
1743986700000000,1.89800000,1.90410000,1.86640000,1.90090000,6515490.00000000,1743987599999999,12267312.65300000,40975,3030531.00000000,5712524.22510000,0
1743987600000000,1.90090000,1.93100000,1.90090000,1.93020000,5292554.00000000,1743988499999999,10152541.47810000,53486,3083054.00000000,5915270.91600000,0
1743988500000000,1.93030000,1.95420000,1.92140000,1.93720000,8364942.00000000,1743989399999999,16229494.46950000,60325,4656027.00000000,9039175.20890000,0
1743989400000000,1.93720000,1.94280000,1.91230000,1.92000000,5695228.00000000,1743990299999999,10969544.35730000,34660,3132769.00000000,6033839.22190000,0
1743990300000000,1.92000000,1.93620000,1.91630000,1.93370000,3105762.00000000,1743991199999999,5989911.92230000,31930,1964702.00000000,3788208.71910000,0
1743991200000000,1.93360000,1.93940000,1.92370000,1.93340000,3590251.00000000,1743992099999999,6937645.61610000,23977,2186755.00000000,4225079.89530000,0
1743992100000000,1.93340000,1.93920000,1.90740000,1.90910000,3830363.00000000,1743992999999999,7363800.34340000,34158,1831218.00000000,3522664.03090000,0
1743993000000000,1.90910000,1.91620000,1.90050000,1.90150000,3047680.00000000,1743993899999999,5809799.73010000,32153,1244587.00000000,2373469.56330000,0
1743993900000000,1.90160000,1.91260000,1.89290000,1.89490000,3022286.00000000,1743994799999999,5746732.76460000,30204,1419477.00000000,2699911.20090000,0
1743994800000000,1.89480000,1.89770000,1.87210000,1.87250000,5033239.00000000,1743995699999999,9493580.96500000,42913,1749110.00000000,3303311.43280000,0
1743995700000000,1.87250000,1.88460000,1.86020000,1.87730000,5289407.00000000,1743996599999999,9902074.36030000,52494,2875740.00000000,5384673.72420000,0
1743996600000000,1.87720000,1.87720000,1.80000000,1.80230000,19210134.00000000,1743997499999999,35113684.08720000,134306,7772071.00000000,14203727.03780000,0
1743997500000000,1.80210000,1.82450000,1.80040000,1.82350000,7638624.00000000,1743998399999999,13818864.63030000,84728,3706248.00000000,6707816.68810000,0
1743998400000000,1.82350000,1.83810000,1.80370000,1.81470000,7646378.00000000,1743999299999999,13926141.67860000,69088,3360257.00000000,6126585.03650000,0
1743999300000000,1.81480000,1.83440000,1.80400000,1.82310000,5659751.00000000,1744000199999999,10285274.05690000,57130,3260149.00000000,5924644.77870000,0
1744000200000000,1.82310000,1.82690000,1.78770000,1.78860000,8645582.00000000,1744001099999999,15586937.94080000,70108,3126392.00000000,5642246.30460000,0
1744001100000000,1.78870000,1.80880000,1.77910000,1.80310000,8141923.00000000,1744001999999999,14606646.51050000,88317,3576196.00000000,6420673.12470000,0
1744002000000000,1.80310000,1.81940000,1.78220000,1.80710000,6574564.00000000,1744002899999999,11841231.90310000,70321,3139786.00000000,5657036.72970000,0
1744002900000000,1.80710000,1.81390000,1.79440000,1.79610000,5287625.00000000,1744003799999999,9536056.89890000,63661,2625471.00000000,4733993.37540000,0
1744003800000000,1.79610000,1.80600000,1.75700000,1.76790000,13456472.00000000,1744004699999999,23865811.58350000,88793,5672835.00000000,10070392.30550000,0
1744004700000000,1.76800000,1.76830000,1.75040000,1.76370000,8934834.00000000,1744005599999999,15718943.14370000,71086,3397834.00000000,5977094.95250000,0
1744005600000000,1.76370000,1.78380000,1.75830000,1.76080000,5178685.00000000,1744006499999999,9174296.10740000,56497,2828102.00000000,5010767.03100000,0
1744006500000000,1.76090000,1.76450000,1.67750000,1.68190000,26898557.00000000,1744007399999999,46169752.84380000,151583,9394231.00000000,16122381.93490000,0
1744007400000000,1.68190000,1.70120000,1.65520000,1.65770000,30512136.00000000,1744008299999999,51223198.87850000,167842,13509880.00000000,22681009.16400000,0
1744008300000000,1.65770000,1.67890000,1.61340000,1.65480000,50481104.00000000,1744009199999999,83200596.14640000,210823,21308137.00000000,35111928.32920000,0
1744009200000000,1.65490000,1.69790000,1.65070000,1.68400000,23036067.00000000,1744010099999999,38657728.55760000,141088,12492297.00000000,20967613.96000000,0
1744010100000000,1.68400000,1.71170000,1.67340000,1.67840000,16706759.00000000,1744010999999999,28281494.14310000,96447,9311773.00000000,15762342.44880000,0
1744011000000000,1.67840000,1.70780000,1.66660000,1.69570000,10599568.00000000,1744011899999999,17841530.82880000,76398,5804516.00000000,9777620.11870000,0
1744011900000000,1.69560000,1.70390000,1.67640000,1.67830000,6803144.00000000,1744012799999999,11502654.44880000,47607,3561474.00000000,6021990.35880000,0
1744012800000000,1.67820000,1.70670000,1.67370000,1.69910000,11100363.00000000,1744013699999999,18794587.35870000,72901,6401425.00000000,10841921.01980000,0
1744013700000000,1.69920000,1.74820000,1.69720000,1.74510000,18927205.00000000,1744014599999999,32736587.82200000,85941,10484003.00000000,18117553.80150000,0
1744014600000000,1.74500000,1.79790000,1.73620000,1.78590000,19162454.00000000,1744015499999999,33922189.89690000,110979,11095655.00000000,19638661.22910000,0
1744015500000000,1.78600000,1.79350000,1.76300000,1.76580000,10823673.00000000,1744016399999999,19246060.69600000,81130,5174237.00000000,9202771.50190000,0
1744016400000000,1.76570000,1.77930000,1.75190000,1.75200000,7607500.00000000,1744017299999999,13427243.26510000,50536,3171623.00000000,5595942.68360000,0
1744017300000000,1.75190000,1.76780000,1.73930000,1.76070000,7931877.00000000,1744018199999999,13875167.83370000,53477,3955451.00000000,6922090.91550000,0
1744018200000000,1.76060000,1.77570000,1.75250000,1.77480000,7526385.00000000,1744019099999999,13280035.41570000,43791,3662126.00000000,6462481.07350000,0
1744019100000000,1.77470000,1.78750000,1.74550000,1.75160000,9113339.00000000,1744019999999999,16091923.05340000,57505,4688434.00000000,8284679.86400000,0
1744020000000000,1.75150000,1.78290000,1.74620000,1.78270000,6519796.00000000,1744020899999999,11499150.44560000,56857,3641442.00000000,6423276.09810000,0
1744020900000000,1.78270000,1.81530000,1.78160000,1.79580000,14424484.00000000,1744021799999999,25980942.71700000,83756,6331110.00000000,11398689.00770000,0
1744021800000000,1.79570000,1.80640000,1.78340000,1.79620000,8118451.00000000,1744022699999999,14558829.07240000,63353,3965820.00000000,7113956.35650000,0
1744022700000000,1.79620000,1.79890000,1.77580000,1.78250000,4776719.00000000,1744023599999999,8534450.48750000,43946,2038368.00000000,3641486.26640000,0
1744023600000000,1.78260000,1.80950000,1.77880000,1.79480000,5974461.00000000,1744024499999999,10725527.61840000,46804,2937800.00000000,5275317.40010000,0
1744024500000000,1.79480000,1.79730000,1.78000000,1.78600000,4953675.00000000,1744025399999999,8861710.77990000,26527,1972748.00000000,3528730.14410000,0
1744025400000000,1.78600000,1.78710000,1.74950000,1.75660000,7118690.00000000,1744026299999999,12548296.89390000,21441,2781443.00000000,4901257.23690000,0
1744026300000000,1.75660000,1.76830000,1.74890000,1.76530000,4459318.00000000,1744027199999999,7839220.14390000,18162,2054950.00000000,3613070.66450000,0
1744027200000000,1.76540000,1.77430000,1.74700000,1.76530000,4543627.00000000,1744028099999999,7986117.33630000,17555,2115773.00000000,3718263.50280000,0
1744028100000000,1.76520000,1.80490000,1.75610000,1.79990000,6536705.00000000,1744028999999999,11614860.59570000,26623,3372244.00000000,5998540.82420000,0
1744029000000000,1.80000000,1.80980000,1.76780000,1.77420000,10572423.00000000,1744029899999999,18955990.90460000,43311,4950114.00000000,8876937.65380000,0
1744029900000000,1.77410000,1.80900000,1.76280000,1.79720000,7865049.00000000,1744030799999999,14069427.63170000,24949,4017158.00000000,7182604.20350000,0
1744030800000000,1.79710000,1.81210000,1.78700000,1.79130000,7147603.00000000,1744031699999999,12842925.58970000,27079,3300636.00000000,5929090.03160000,0
1744031700000000,1.79130000,1.79920000,1.77850000,1.78170000,5940780.00000000,1744032599999999,10607186.23850000,17340,3431474.00000000,6125824.87000000,0
1744032600000000,1.78190000,1.80620000,1.74800000,1.75780000,13164622.00000000,1744033499999999,23338283.10080000,53274,6972274.00000000,12358099.60810000,0
1744033500000000,1.75780000,1.88470000,1.75180000,1.87120000,40199151.00000000,1744034399999999,74165501.03650000,103114,20556573.00000000,37923514.68480000,0
1744034400000000,1.87150000,1.96060000,1.85890000,1.93860000,37598343.00000000,1744035299999999,71839829.26660000,94380,18579090.00000000,35497761.97110000,0
1744035300000000,1.93830000,2.01090000,1.86750000,1.87950000,59032452.00000000,1744036199999999,114627072.24620000,114996,27682554.00000000,53706626.16920000,0
1744036200000000,1.87950000,1.92850000,1.85080000,1.87270000,26630149.00000000,1744037099999999,50097062.97880000,51265,13486555.00000000,25380600.13030000,0
1744037100000000,1.87270000,1.90480000,1.85900000,1.89320000,12195630.00000000,1744037999999999,22982445.77050000,27247,6070728.00000000,11442176.41850000,0
1744038000000000,1.89330000,1.91310000,1.86060000,1.86300000,9505291.00000000,1744038899999999,17939734.97110000,23226,4206015.00000000,7938988.72060000,0
1744038900000000,1.86290000,1.88260000,1.84420000,1.85930000,14979357.00000000,1744039799999999,27921680.68610000,34071,7201515.00000000,13429964.73370000,0
1744039800000000,1.85960000,1.89740000,1.85940000,1.89410000,6228594.00000000,1744040699999999,11716037.92780000,17253,3102012.00000000,5834562.05630000,0
1744040700000000,1.89360000,1.89570000,1.87080000,1.87450000,4712848.00000000,1744041599999999,8870303.97330000,11705,1946198.00000000,3663519.07030000,0
1744041600000000,1.87440000,1.88030000,1.85970000,1.87350000,4957924.00000000,1744042499999999,9276026.77120000,12088,2337954.00000000,4374797.31830000,0
1744042500000000,1.87330000,1.87720000,1.85110000,1.87580000,5489996.00000000,1744043399999999,10238377.08560000,12363,2370477.00000000,4420361.26250000,0
1744043400000000,1.87600000,1.88920000,1.86190000,1.86740000,3995551.00000000,1744044299999999,7503480.10210000,10743,1953133.00000000,3669418.09420000,0
1744044300000000,1.86750000,1.86750000,1.83780000,1.84170000,6178269.00000000,1744045199999999,11446092.53790000,12881,2495936.00000000,4625895.89900000,0
1744045200000000,1.84160000,1.88500000,1.84150000,1.88070000,9985273.00000000,1744046099999999,18652241.93500000,21469,4800617.00000000,8962204.40120000,0
1744046100000000,1.88060000,1.89300000,1.87100000,1.89160000,4486896.00000000,1744046999999999,8447369.62700000,11718,2091651.00000000,3938078.22000000,0
1744047000000000,1.89150000,1.91790000,1.88480000,1.91530000,6496604.00000000,1744047899999999,12367510.17080000,14510,3460274.00000000,6588607.76310000,0
1744047900000000,1.91530000,1.92490000,1.90310000,1.91340000,5383993.00000000,1744048799999999,10297325.92790000,12154,2480623.00000000,4745379.74720000,0
1744048800000000,1.91370000,1.91780000,1.89970000,1.90150000,3699550.00000000,1744049699999999,7056778.91680000,9383,1499476.00000000,2860312.01700000,0
1744049700000000,1.90150000,1.92230000,1.89350000,1.89430000,5824306.00000000,1744050599999999,11118345.69290000,10927,3187337.00000000,6087473.23700000,0
1744050600000000,1.89440000,1.91970000,1.88860000,1.91480000,3582873.00000000,1744051499999999,6811441.44270000,8760,1600270.00000000,3042855.70410000,0
1744051500000000,1.91490000,1.92420000,1.88930000,1.89100000,3360997.00000000,1744052399999999,6400681.43530000,8407,1320004.00000000,2513188.93360000,0
1744052400000000,1.89120000,1.91200000,1.88150000,1.89040000,3587608.00000000,1744053299999999,6799120.74130000,9188,1787957.00000000,3388315.56210000,0
1744053300000000,1.89030000,1.90550000,1.88260000,1.88890000,2942778.00000000,1744054199999999,5579105.47680000,7177,1528253.00000000,2897846.98660000,0
1744054200000000,1.88880000,1.92040000,1.88750000,1.89520000,3485945.00000000,1744055099999999,6652595.76490000,8138,1609299.00000000,3069558.73300000,0
1744055100000000,1.89510000,1.90780000,1.88490000,1.88900000,2593964.00000000,1744055999999999,4923528.71460000,6586,1206396.00000000,2289267.42180000,0
1744056000000000,1.88930000,1.91090000,1.88860000,1.90150000,1636841.00000000,1744056899999999,3114951.68470000,4573,832989.00000000,1584882.88920000,0
1744056900000000,1.90160000,1.92160000,1.90160000,1.92030000,2915414.00000000,1744057799999999,5583817.22640000,6496,1244506.00000000,2383577.55020000,0
1744057800000000,1.92040000,1.95030000,1.92030000,1.94820000,5285878.00000000,1744058699999999,10248251.14920000,11193,2646924.00000000,5130856.21120000,0
1744058700000000,1.94830000,1.94900000,1.92290000,1.93110000,3208566.00000000,1744059599999999,6208621.19270000,6780,1539072.00000000,2977146.26560000,0
1744059600000000,1.93110000,1.93300000,1.91390000,1.92180000,2855795.00000000,1744060499999999,5486407.32140000,5643,1617447.00000000,3107977.84440000,0
1744060500000000,1.92190000,1.92920000,1.90400000,1.91180000,3196871.00000000,1744061399999999,6119183.75940000,6380,1602565.00000000,3066523.35030000,0
1744061400000000,1.91180000,1.91260000,1.89860000,1.90630000,2067907.00000000,1744062299999999,3936954.25210000,4909,1135664.00000000,2161891.45040000,0
1744062300000000,1.90630000,1.93250000,1.90630000,1.91120000,2516657.00000000,1744063199999999,4833270.88490000,7901,1220903.00000000,2345821.95980000,0
1744063200000000,1.91140000,1.93600000,1.91030000,1.93190000,2143526.00000000,1744064099999999,4127952.83450000,5493,935094.00000000,1800841.49500000,0
1744064100000000,1.93200000,1.94790000,1.93150000,1.94070000,3522505.00000000,1744064999999999,6832087.71010000,6775,1585138.00000000,3075259.36380000,0
1744065000000000,1.94070000,1.94070000,1.92840000,1.93890000,1611758.00000000,1744065899999999,3118219.41720000,4856,838378.00000000,1622181.58670000,0
1744065900000000,1.93890000,1.94130000,1.92640000,1.93080000,2064471.00000000,1744066799999999,3994366.84010000,5046,1302153.00000000,2520023.28120000,0
1744066800000000,1.93070000,1.93520000,1.92090000,1.92410000,2148578.00000000,1744067699999999,4141873.61730000,5456,964402.00000000,1859259.87490000,0
1744067700000000,1.92410000,1.92460000,1.90740000,1.91070000,2096050.00000000,1744068599999999,4011586.97950000,5553,1016890.00000000,1946038.11110000,0
1744068600000000,1.91070000,1.91530000,1.89570000,1.89970000,1901296.00000000,1744069499999999,3617929.45530000,5122,990409.00000000,1885108.21630000,0
1744069500000000,1.89980000,1.90800000,1.89490000,1.89870000,1435835.00000000,1744070399999999,2727785.36780000,4021,705499.00000000,1340501.49860000,0
1744070400000000,1.89860000,1.90910000,1.88970000,1.90470000,2119283.00000000,1744071299999999,4029501.74920000,8538,1269159.00000000,2414694.15920000,0
1744071300000000,1.90470000,1.90940000,1.88880000,1.88910000,2343595.00000000,1744072199999999,4449916.57030000,9175,1114794.00000000,2117103.55320000,0
1744072200000000,1.88910000,1.89020000,1.86940000,1.88380000,3543962.00000000,1744073099999999,6663936.18790000,12490,1353477.00000000,2544919.43430000,0
1744073100000000,1.88370000,1.88460000,1.86210000,1.86660000,5444955.00000000,1744073999999999,10179507.25520000,10892,3066086.00000000,5727474.67650000,0
1744074000000000,1.86660000,1.88140000,1.85940000,1.87640000,2853776.00000000,1744074899999999,5332530.06910000,10169,1288077.00000000,2407344.26140000,0
1744074900000000,1.87650000,1.89930000,1.86760000,1.89540000,2344230.00000000,1744075799999999,4421596.22690000,8552,1168684.00000000,2205378.58680000,0
1744075800000000,1.89540000,1.92370000,1.89000000,1.91610000,3304170.00000000,1744076699999999,6309817.60690000,12736,1693121.00000000,3233027.02850000,0
1744076700000000,1.91620000,1.92400000,1.90640000,1.91960000,2618075.00000000,1744077599999999,5021283.58190000,9018,1483263.00000000,2845355.50130000,0
1744077600000000,1.91960000,1.93560000,1.91150000,1.92800000,2519725.00000000,1744078499999999,4848362.51110000,10382,1378654.00000000,2653304.95550000,0
1744078500000000,1.92800000,1.93360000,1.92460000,1.92550000,2113730.00000000,1744079399999999,4076932.48470000,6934,1038323.00000000,2002879.22420000,0
1744079400000000,1.92550000,1.92550000,1.91250000,1.91530000,2032753.00000000,1744080299999999,3900763.67860000,6479,809865.00000000,1553599.50930000,0
1744080300000000,1.91530000,1.91910000,1.90950000,1.91210000,1382846.00000000,1744081199999999,2646456.89820000,4479,551283.00000000,1055179.41560000,0
1744081200000000,1.91210000,1.92270000,1.90910000,1.91820000,1291090.00000000,1744082099999999,2471558.23150000,5397,693913.00000000,1328453.57100000,0
1744082100000000,1.91820000,1.91820000,1.90220000,1.91470000,2265777.00000000,1744082999999999,4323049.27090000,8053,1423740.00000000,2715848.17810000,0
1744083000000000,1.91460000,1.91570000,1.90070000,1.90160000,1160886.00000000,1744083899999999,2214679.51910000,4809,490496.00000000,936005.59320000,0
1744083900000000,1.90160000,1.90530000,1.89710000,1.90430000,1179177.00000000,1744084799999999,2240768.51870000,4361,551005.00000000,1047242.41040000,0
1744084800000000,1.90430000,1.90930000,1.89620000,1.90680000,916190.00000000,1744085699999999,1743318.40210000,4876,437603.00000000,832758.69870000,0
1744085700000000,1.90680000,1.91460000,1.90060000,1.91250000,1139609.00000000,1744086599999999,2175650.06320000,4698,576223.00000000,1099923.29690000,0
1744086600000000,1.91250000,1.91920000,1.90270000,1.91130000,1657135.00000000,1744087499999999,3166566.85310000,5819,1017130.00000000,1943321.17790000,0
1744087500000000,1.91120000,1.91890000,1.90540000,1.91670000,1411476.00000000,1744088399999999,2700081.21930000,5873,554883.00000000,1061490.87520000,0
1744088400000000,1.91660000,1.91950000,1.89340000,1.89660000,1688530.00000000,1744089299999999,3216090.76840000,6052,729354.00000000,1389602.57770000,0
1744089300000000,1.89660000,1.89930000,1.88060000,1.88130000,2385394.00000000,1744090199999999,4507908.29580000,7864,993910.00000000,1878639.77130000,0
1744090200000000,1.88130000,1.89290000,1.88010000,1.88650000,1279646.00000000,1744091099999999,2414061.59480000,5546,717990.00000000,1354346.54880000,0
1744091100000000,1.88650000,1.89510000,1.88390000,1.89370000,1249065.00000000,1744091999999999,2360581.95930000,4309,502715.00000000,950312.70570000,0
1744092000000000,1.89360000,1.89360000,1.86600000,1.87180000,4408722.00000000,1744092899999999,8269163.85320000,11642,1658767.00000000,3109327.27870000,0
1744092900000000,1.87170000,1.87640000,1.86700000,1.87220000,1828037.00000000,1744093799999999,3422074.25250000,5804,781732.00000000,1463420.12550000,0
1744093800000000,1.87230000,1.87540000,1.86450000,1.86800000,2741415.00000000,1744094699999999,5123752.19750000,6566,1337473.00000000,2500298.28920000,0
1744094700000000,1.86800000,1.87000000,1.85760000,1.86050000,3132880.00000000,1744095599999999,5830382.46090000,8653,1798695.00000000,3346972.98320000,0
1744095600000000,1.86050000,1.86460000,1.84780000,1.85740000,2739683.00000000,1744096499999999,5081582.56680000,9803,1294783.00000000,2401728.08660000,0
1744096500000000,1.85750000,1.86950000,1.85090000,1.86630000,3505741.00000000,1744097399999999,6532075.20010000,9656,2087314.00000000,3890456.72300000,0
1744097400000000,1.86620000,1.87020000,1.86040000,1.86540000,1909853.00000000,1744098299999999,3560535.69840000,6851,845816.00000000,1577194.48020000,0
1744098300000000,1.86530000,1.87100000,1.85430000,1.86800000,1563829.00000000,1744099199999999,2915110.51620000,5476,793044.00000000,1478312.88550000,0
1744099200000000,1.86790000,1.87040000,1.85410000,1.85510000,1495885.00000000,1744100099999999,2785084.62600000,5956,625187.00000000,1164459.68710000,0
1744100100000000,1.85510000,1.86140000,1.85120000,1.85690000,2042019.00000000,1744100999999999,3789928.90850000,7923,911947.00000000,1692523.47920000,0
1744101000000000,1.85690000,1.86980000,1.85690000,1.86840000,2505364.00000000,1744101899999999,4668763.86310000,9464,952185.00000000,1774490.28550000,0
1744101900000000,1.86830000,1.87480000,1.86370000,1.87340000,2342441.00000000,1744102799999999,4379296.06520000,8607,933387.00000000,1744832.81620000,0
1744102800000000,1.87340000,1.87900000,1.86720000,1.87550000,2649739.00000000,1744103699999999,4964125.22010000,10366,1196502.00000000,2241735.20400000,0
1744103700000000,1.87570000,1.87690000,1.86500000,1.86500000,1440392.00000000,1744104599999999,2696265.44790000,6061,524561.00000000,982063.21830000,0
1744104600000000,1.86510000,1.88890000,1.86510000,1.88370000,2433264.00000000,1744105499999999,4578261.33330000,8843,1310905.00000000,2466019.97530000,0
1744105500000000,1.88370000,1.88590000,1.87450000,1.87540000,2069112.00000000,1744106399999999,3888535.95580000,6112,872019.00000000,1638794.67930000,0
1744106400000000,1.87550000,1.88600000,1.87170000,1.87960000,1138940.00000000,1744107299999999,2139846.06640000,6039,546725.00000000,1027486.75120000,0
1744107300000000,1.87970000,1.88770000,1.87800000,1.88400000,1345259.00000000,1744108199999999,2533779.51360000,5976,718794.00000000,1353856.70820000,0
1744108200000000,1.88390000,1.89650000,1.88090000,1.88860000,1909664.00000000,1744109099999999,3608468.31800000,7015,1023581.00000000,1933820.12760000,0
1744109100000000,1.88850000,1.89420000,1.88600000,1.89220000,1405886.00000000,1744109999999999,2658186.48430000,6087,581281.00000000,1099160.36360000,0
1744110000000000,1.89230000,1.90440000,1.88670000,1.89920000,2827320.00000000,1744110899999999,5365365.56450000,10332,1545641.00000000,2933479.85400000,0
1744110900000000,1.89910000,1.91710000,1.89590000,1.91710000,3170843.00000000,1744111799999999,6045432.19080000,10474,1764756.00000000,3364928.82770000,0
1744111800000000,1.91710000,1.93310000,1.91600000,1.92690000,5013655.00000000,1744112699999999,9659860.80240000,18215,2531453.00000000,4877023.40790000,0
1744112700000000,1.92690000,1.97040000,1.92690000,1.95960000,12641390.00000000,1744113599999999,24675089.43060000,33393,7657911.00000000,14946252.34880000,0
1744113600000000,1.95960000,1.97300000,1.94540000,1.95440000,9036637.00000000,1744114499999999,17704874.59270000,26271,4642964.00000000,9096813.43520000,0
1744114500000000,1.95430000,1.95580000,1.93480000,1.94220000,6437861.00000000,1744115399999999,12512574.21650000,19277,3303512.00000000,6419939.37880000,0
1744115400000000,1.94200000,1.94580000,1.92650000,1.93090000,3191312.00000000,1744116299999999,6172159.70820000,10665,1441644.00000000,2788200.10370000,0
1744116300000000,1.93090000,1.95950000,1.93080000,1.95270000,3680526.00000000,1744117199999999,7163685.26050000,11604,2044958.00000000,3979459.79300000,0
1744117200000000,1.95260000,1.96640000,1.94340000,1.95450000,5703088.00000000,1744118099999999,11150000.10080000,15690,2407270.00000000,4707803.68920000,0
1744118100000000,1.95470000,1.96560000,1.94860000,1.96140000,4615793.00000000,1744118999999999,9044912.99940000,11713,2328738.00000000,4563060.93450000,0
1744119000000000,1.96160000,1.97500000,1.93760000,1.95320000,8103712.00000000,1744119899999999,15848437.95810000,27454,3469876.00000000,6791565.93190000,0
1744119900000000,1.95320000,1.96210000,1.94000000,1.95140000,4767025.00000000,1744120799999999,9296413.59760000,14792,2329354.00000000,4542541.91760000,0
1744120800000000,1.95150000,1.96740000,1.94630000,1.94930000,4568923.00000000,1744121699999999,8928992.88750000,15279,1972500.00000000,3855711.06010000,0
1744121700000000,1.94920000,1.95630000,1.92900000,1.93290000,4886152.00000000,1744122599999999,9485483.21220000,13965,2264927.00000000,4396842.04180000,0
1744122600000000,1.93290000,1.93930000,1.91940000,1.92070000,4338777.00000000,1744123499999999,8372621.30870000,13864,1799288.00000000,3473525.89160000,0
1744123500000000,1.92070000,1.92680000,1.89780000,1.89860000,8002211.00000000,1744124399999999,15296073.95770000,18595,3853211.00000000,7369140.79600000,0
1744124400000000,1.89860000,1.90960000,1.89470000,1.89820000,4510101.00000000,1744125299999999,8581092.38980000,13213,2447572.00000000,4657827.47960000,0
1744125300000000,1.89820000,1.90590000,1.89080000,1.90020000,3318777.00000000,1744126199999999,6302954.30940000,9882,1750594.00000000,3324378.11040000,0
1744126200000000,1.90030000,1.91630000,1.89950000,1.91060000,3144296.00000000,1744127099999999,5997069.59330000,9423,1726368.00000000,3292248.05210000,0
1744127100000000,1.91070000,1.91390000,1.89550000,1.90500000,2445924.00000000,1744127999999999,4652646.44040000,7217,996357.00000000,1895932.96530000,0
1744128000000000,1.90490000,1.90970000,1.89120000,1.89150000,2639957.00000000,1744128899999999,5021956.18120000,8372,1301041.00000000,2475488.30180000,0
1744128900000000,1.89150000,1.89700000,1.87680000,1.89330000,4578102.00000000,1744129799999999,8634428.36150000,13029,2389079.00000000,4507105.14650000,0
1744129800000000,1.89320000,1.89960000,1.86340000,1.86630000,6648999.00000000,1744130699999999,12475684.36840000,16303,2638360.00000000,4952554.66200000,0
1744130700000000,1.86620000,1.87300000,1.85580000,1.86390000,5862759.00000000,1744131599999999,10929167.46490000,15429,2732114.00000000,5093954.46900000,0
1744131600000000,1.86390000,1.86870000,1.83670000,1.84550000,6717818.00000000,1744132499999999,12428362.30520000,20320,2367709.00000000,4383513.22660000,0
1744132500000000,1.84540000,1.84900000,1.80540000,1.81040000,9802578.00000000,1744133399999999,17902109.22450000,25683,3343217.00000000,6109521.50810000,0
1744133400000000,1.81040000,1.86060000,1.80910000,1.84830000,10927308.00000000,1744134299999999,20054423.01370000,27314,6550465.00000000,12034406.25410000,0
1744134300000000,1.84830000,1.86840000,1.83330000,1.86420000,7067777.00000000,1744135199999999,13083181.33280000,17312,3500918.00000000,6487601.40560000,0
1744135200000000,1.86430000,1.87030000,1.84630000,1.84830000,3497932.00000000,1744136099999999,6494232.57420000,11897,1496321.00000000,2778106.47120000,0
1744136100000000,1.84840000,1.87650000,1.84770000,1.85980000,3632296.00000000,1744136999999999,6759781.77040000,10892,2009618.00000000,3738882.87830000,0
1744137000000000,1.85980000,1.88130000,1.85360000,1.85370000,4585267.00000000,1744137899999999,8573984.18960000,15112,2331090.00000000,4358347.91830000,0
1744137900000000,1.85370000,1.86140000,1.84880000,1.85180000,1746341.00000000,1744138799999999,3236871.20280000,6900,950838.00000000,1762705.05410000,0
1744138800000000,1.85200000,1.85730000,1.82930000,1.83200000,4232154.00000000,1744139699999999,7793804.84020000,11974,1633940.00000000,3008867.91920000,0
1744139700000000,1.83210000,1.84100000,1.82250000,1.83560000,4344711.00000000,1744140599999999,7958182.88100000,11550,1710319.00000000,3136935.87000000,0
1744140600000000,1.83520000,1.83610000,1.81070000,1.81260000,4287469.00000000,1744141499999999,7802495.97120000,11834,1652890.00000000,3007326.31970000,0
1744141500000000,1.81260000,1.83640000,1.81100000,1.82560000,5127139.00000000,1744142399999999,9344009.58660000,14263,2619423.00000000,4772782.55970000,0
1744142400000000,1.82550000,1.83240000,1.81110000,1.82010000,3031656.00000000,1744143299999999,5520403.41850000,8625,1241062.00000000,2260420.50490000,0
1744143300000000,1.81980000,1.83180000,1.81030000,1.81600000,2132738.00000000,1744144199999999,3883630.51700000,7147,1134786.00000000,2066080.02210000,0
1744144200000000,1.81580000,1.84360000,1.81560000,1.83930000,3303295.00000000,1744145099999999,6046550.72200000,8386,1780190.00000000,3257753.69490000,0
1744145100000000,1.83920000,1.84110000,1.82690000,1.83320000,3172563.00000000,1744145999999999,5816488.47390000,6812,1536689.00000000,2817127.78820000,0
1744146000000000,1.83330000,1.83980000,1.81510000,1.82100000,2797977.00000000,1744146899999999,5104780.97070000,6329,1421409.00000000,2593869.64950000,0
1744146900000000,1.82100000,1.82280000,1.80140000,1.80230000,3989027.00000000,1744147799999999,7225115.21950000,7410,1614455.00000000,2924440.38910000,0
1744147800000000,1.80220000,1.82300000,1.79660000,1.82040000,3238574.00000000,1744148699999999,5857937.48980000,7201,1516137.00000000,2744329.93640000,0
1744148700000000,1.82040000,1.82750000,1.81470000,1.82720000,1112317.00000000,1744149599999999,2025573.36870000,3331,476837.00000000,868857.47890000,0
1744149600000000,1.82710000,1.82820000,1.79820000,1.80920000,2807289.00000000,1744150499999999,5073716.91810000,9537,1034596.00000000,1869882.97470000,0
1744150500000000,1.80930000,1.82050000,1.80110000,1.80810000,2242871.00000000,1744151399999999,4061150.83930000,8100,1102888.00000000,1997088.05960000,0
1744151400000000,1.80820000,1.81080000,1.77700000,1.79230000,5750427.00000000,1744152299999999,10279591.47430000,17893,2384619.00000000,4262318.35730000,0
1744152300000000,1.79230000,1.80620000,1.78570000,1.80390000,2714057.00000000,1744153199999999,4870078.52290000,9316,1546780.00000000,2774902.61090000,0
1744153200000000,1.80380000,1.80640000,1.78840000,1.79030000,2510246.00000000,1744154099999999,4512575.02390000,12232,1444956.00000000,2597773.30810000,0
1744154100000000,1.79040000,1.79820000,1.78000000,1.79110000,2669511.00000000,1744154999999999,4773083.59980000,13818,1193107.00000000,2132645.44450000,0
1744155000000000,1.79100000,1.80050000,1.78880000,1.78960000,1610301.00000000,1744155899999999,2891901.56190000,6696,811966.00000000,1458205.59210000,0
1744155900000000,1.78960000,1.79980000,1.78590000,1.79630000,3019365.00000000,1744156799999999,5411448.48680000,6617,1546811.00000000,2771812.73950000,0
1744156800000000,1.79650000,1.81080000,1.77870000,1.80560000,7370343.00000000,1744157699999999,13215228.11300000,23924,4270206.00000000,7656553.12780000,0
1744157700000000,1.80560000,1.80760000,1.79040000,1.80310000,4392806.00000000,1744158599999999,7904154.13000000,15914,2310110.00000000,4156640.99390000,0
1744158600000000,1.80300000,1.81380000,1.77810000,1.79220000,3361024.00000000,1744159499999999,6035827.59470000,13896,1757806.00000000,3159980.56410000,0
1744159500000000,1.79240000,1.79990000,1.77550000,1.78400000,3770006.00000000,1744160399999999,6726051.38060000,13121,2023629.00000000,3610465.52160000,0
1744160400000000,1.78410000,1.78640000,1.73690000,1.73830000,7225443.00000000,1744161299999999,12715179.57950000,27855,2873904.00000000,5062325.24140000,0
1744161300000000,1.73830000,1.75150000,1.72180000,1.72540000,7443529.00000000,1744162199999999,12914531.72980000,33641,3207212.00000000,5565443.12380000,0
1744162200000000,1.72530000,1.77250000,1.72480000,1.75650000,6830942.00000000,1744163099999999,11956409.56880000,26371,3508904.00000000,6138267.54320000,0
1744163100000000,1.75640000,1.78760000,1.75410000,1.77970000,6250692.00000000,1744163999999999,11102423.63520000,16062,2882398.00000000,5119112.02180000,0
1744164000000000,1.77990000,1.79570000,1.77860000,1.78570000,4186080.00000000,1744164899999999,7478456.84860000,13725,2187225.00000000,3907809.97110000,0
1744164900000000,1.78560000,1.79010000,1.76880000,1.77680000,7607776.00000000,1744165799999999,13527714.00700000,14130,5211628.00000000,9267942.03260000,0
1744165800000000,1.77700000,1.79300000,1.77120000,1.77290000,2735409.00000000,1744166699999999,4883882.73060000,11509,1503785.00000000,2685723.27930000,0
1744166700000000,1.77300000,1.78110000,1.76150000,1.76760000,5760647.00000000,1744167599999999,10196474.11510000,11050,1400233.00000000,2482185.25460000,0
1744167600000000,1.76760000,1.77500000,1.75920000,1.76290000,2603357.00000000,1744168499999999,4595902.13770000,10278,1252716.00000000,2211273.45690000,0
1744168500000000,1.76290000,1.76600000,1.74550000,1.74650000,2756284.00000000,1744169399999999,4833463.35010000,10378,1276957.00000000,2239374.60070000,0
1744169400000000,1.74640000,1.75720000,1.73960000,1.74430000,3112572.00000000,1744170299999999,5443078.16060000,11901,1525913.00000000,2667541.24210000,0
1744170300000000,1.74430000,1.75550000,1.74430000,1.74760000,2509903.00000000,1744171199999999,4393037.86100000,9256,1234122.00000000,2160189.27080000,0
1744171200000000,1.74750000,1.78210000,1.74350000,1.77060000,6719607.00000000,1744172099999999,11879050.75950000,24369,4194614.00000000,7417898.84260000,0
1744172100000000,1.77060000,1.78680000,1.76250000,1.76830000,4660112.00000000,1744172999999999,8278103.01810000,14337,2110821.00000000,3751348.09580000,0
1744173000000000,1.76820000,1.79940000,1.76710000,1.79280000,4311291.00000000,1744173899999999,7704037.30650000,13814,2434720.00000000,4349197.92120000,0
1744173900000000,1.79280000,1.80260000,1.78410000,1.78560000,3980752.00000000,1744174799999999,7138034.98340000,13078,1885767.00000000,3383338.17240000,0
1744174800000000,1.78560000,1.80520000,1.78250000,1.79740000,2979029.00000000,1744175699999999,5348379.75530000,11579,1711878.00000000,3073339.20230000,0
1744175700000000,1.79740000,1.81710000,1.79410000,1.80960000,5703380.00000000,1744176599999999,10299193.22490000,14132,2947044.00000000,5316078.30310000,0
1744176600000000,1.80960000,1.81300000,1.80270000,1.80750000,5042624.00000000,1744177499999999,9117798.03700000,13068,1573261.00000000,2844023.31410000,0
1744177500000000,1.80740000,1.81180000,1.79750000,1.80210000,2786227.00000000,1744178399999999,5021786.74140000,7900,1267929.00000000,2285676.27890000,0
1744178400000000,1.80210000,1.82610000,1.79970000,1.82460000,3385644.00000000,1744179299999999,6139336.24270000,9729,1954856.00000000,3545004.41150000,0
1744179300000000,1.82470000,1.82530000,1.80280000,1.80580000,3072295.00000000,1744180199999999,5564650.56980000,8958,1500671.00000000,2717756.19230000,0
1744180200000000,1.80580000,1.81480000,1.80240000,1.81200000,1938368.00000000,1744181099999999,3502242.90440000,7715,1209216.00000000,2184998.54410000,0
1744181100000000,1.81180000,1.81290000,1.79870000,1.80180000,2135708.00000000,1744181999999999,3854089.94490000,7610,1023635.00000000,1847376.78940000,0
1744182000000000,1.80180000,1.83180000,1.80050000,1.82640000,6067397.00000000,1744182899999999,11046746.47920000,19809,3218169.00000000,5857652.44520000,0
1744182900000000,1.82650000,1.82780000,1.81370000,1.82440000,2810126.00000000,1744183799999999,5118275.06710000,8795,1370559.00000000,2496158.73380000,0
1744183800000000,1.82420000,1.83860000,1.82130000,1.83720000,4014289.00000000,1744184699999999,7349277.95720000,13139,1904745.00000000,3487464.87050000,0
1744184700000000,1.83720000,1.83740000,1.82420000,1.83170000,2301378.00000000,1744185599999999,4214885.90490000,8409,1087089.00000000,1990849.15930000,0
1744185600000000,1.83180000,1.83820000,1.82250000,1.83400000,2865173.00000000,1744186499999999,5239659.66060000,7743,1525302.00000000,2788490.80930000,0
1744186500000000,1.83410000,1.84540000,1.82820000,1.83310000,2495665.00000000,1744187399999999,4587440.85440000,9060,1109585.00000000,2039614.50770000,0
1744187400000000,1.83310000,1.83330000,1.82330000,1.82820000,1516267.00000000,1744188299999999,2771111.49800000,7136,778096.00000000,1422079.31170000,0
1744188300000000,1.82830000,1.83040000,1.82130000,1.82840000,1407806.00000000,1744189199999999,2569491.49990000,5455,664006.00000000,1211844.11810000,0
1744189200000000,1.82850000,1.83510000,1.82350000,1.83230000,1886997.00000000,1744190099999999,3451747.32480000,5298,829801.00000000,1517691.75220000,0
1744190100000000,1.83230000,1.83320000,1.82260000,1.82310000,1557700.00000000,1744190999999999,2844837.80140000,5033,727372.00000000,1328172.86080000,0
1744191000000000,1.82320000,1.82380000,1.81540000,1.82320000,1991305.00000000,1744191899999999,3623231.85120000,5694,996772.00000000,1813605.99470000,0
1744191900000000,1.82320000,1.83030000,1.82090000,1.82730000,1424454.00000000,1744192799999999,2602106.19960000,5017,666264.00000000,1217130.83560000,0
1744192800000000,1.82730000,1.83540000,1.82150000,1.83400000,1937097.00000000,1744193699999999,3540053.06270000,6061,993264.00000000,1815292.50080000,0
1744193700000000,1.83400000,1.84050000,1.82410000,1.82720000,1541251.00000000,1744194599999999,2821308.10420000,5074,690428.00000000,1263819.19710000,0
1744194600000000,1.82720000,1.82850000,1.81800000,1.82170000,2008106.00000000,1744195499999999,3656243.66760000,5786,802653.00000000,1461084.15710000,0
1744195500000000,1.82170000,1.84200000,1.82100000,1.83410000,2978830.00000000,1744196399999999,5464732.45440000,8400,1153388.00000000,2114886.33070000,0
1744196400000000,1.83410000,1.83440000,1.78740000,1.80280000,10888035.00000000,1744197299999999,19665621.10330000,32902,4575286.00000000,8269528.08710000,0
1744197300000000,1.80290000,1.81250000,1.78980000,1.79830000,4627848.00000000,1744198199999999,8322899.42310000,12845,2035777.00000000,3660976.84510000,0
1744198200000000,1.79820000,1.80150000,1.76570000,1.77090000,7977806.00000000,1744199099999999,14176844.96060000,24950,3896088.00000000,6923450.07050000,0
1744199100000000,1.77100000,1.79120000,1.76370000,1.78180000,5297268.00000000,1744199999999999,9433543.49860000,17177,2924316.00000000,5208297.55360000,0
1744200000000000,1.78180000,1.79610000,1.77450000,1.79530000,3014836.00000000,1744200899999999,5384410.57170000,9931,1593339.00000000,2846514.12100000,0
1744200900000000,1.79510000,1.79890000,1.77470000,1.77470000,4197017.00000000,1744201799999999,7498301.24160000,10298,1705671.00000000,3047388.12630000,0
1744201800000000,1.77470000,1.78850000,1.76500000,1.78830000,2953431.00000000,1744202699999999,5240667.56140000,9313,1563788.00000000,2775453.69910000,0
1744202700000000,1.78820000,1.80860000,1.78290000,1.79470000,5053788.00000000,1744203599999999,9088201.50530000,12028,2610327.00000000,4692455.15760000,0
1744203600000000,1.79460000,1.80500000,1.79050000,1.79320000,3663315.00000000,1744204499999999,6585619.64120000,11134,1857856.00000000,3340776.15990000,0
1744204500000000,1.79330000,1.79880000,1.78300000,1.78600000,2498534.00000000,1744205399999999,4472518.16040000,8057,1001819.00000000,1793306.71280000,0
1744205400000000,1.78600000,1.86520000,1.78500000,1.82300000,16175363.00000000,1744206299999999,29601810.94620000,48453,8979637.00000000,16431101.64030000,0
1744206300000000,1.82300000,1.83670000,1.81340000,1.82360000,5556664.00000000,1744207199999999,10148379.76620000,19988,2778543.00000000,5074972.12620000,0
1744207200000000,1.82360000,1.84800000,1.81600000,1.81930000,8288490.00000000,1744208099999999,15194353.16100000,20635,4620115.00000000,8477149.17790000,0
1744208100000000,1.81930000,1.84100000,1.81920000,1.83400000,5416926.00000000,1744208999999999,9932023.00090000,12307,2619922.00000000,4803862.54780000,0
1744209000000000,1.83390000,1.84600000,1.82890000,1.83250000,4167069.00000000,1744209899999999,7655766.06140000,11464,1742465.00000000,3201304.60520000,0
1744209900000000,1.83250000,1.84180000,1.81340000,1.81460000,3816743.00000000,1744210799999999,6967055.92280000,10504,1757941.00000000,3210286.80330000,0
1744210800000000,1.81470000,1.83420000,1.81390000,1.82870000,4927307.00000000,1744211699999999,9001597.44900000,10525,2933342.00000000,5360143.53240000,0
1744211700000000,1.82880000,1.84280000,1.82880000,1.83580000,2924879.00000000,1744212599999999,5376191.73170000,9624,1381279.00000000,2538863.89810000,0
1744212600000000,1.83590000,1.84190000,1.82330000,1.82550000,2123429.00000000,1744213499999999,3887130.90760000,6548,1113522.00000000,2038231.47600000,0
1744213500000000,1.82550000,1.84190000,1.82550000,1.82870000,2909916.00000000,1744214399999999,5339712.99390000,7024,1354665.00000000,2486275.06980000,0
1744214400000000,1.82890000,1.84770000,1.82370000,1.84440000,3552104.00000000,1744215299999999,6524916.62240000,7355,2026115.00000000,3722826.79790000,0
1744215300000000,1.84450000,1.84720000,1.83360000,1.83480000,1816898.00000000,1744216199999999,3342530.29780000,5526,882819.00000000,1623285.64770000,0
1744216200000000,1.83490000,1.85540000,1.83270000,1.85210000,3951177.00000000,1744217099999999,7290324.95880000,8924,1830848.00000000,3383113.09620000,0
1744217100000000,1.85200000,1.86630000,1.84750000,1.86360000,3872347.00000000,1744217999999999,7198016.06400000,10085,1694427.00000000,3149683.64120000,0
1744218000000000,1.86360000,1.88470000,1.85890000,1.86920000,9371380.00000000,1744218899999999,17561531.30650000,21937,4265986.00000000,7993784.86590000,0
1744218900000000,1.86930000,2.00770000,1.84600000,1.98860000,50763788.00000000,1744219799999999,98695484.63480000,133395,26012689.00000000,50592697.91300000,0
1744219800000000,1.98890000,2.08450000,1.98070000,2.00890000,38697865.00000000,1744220699999999,78581319.90340000,111271,19599701.00000000,39803991.87040000,0
1744220700000000,2.00880000,2.08420000,2.00840000,2.07070000,22315116.00000000,1744221599999999,45712242.40830000,61293,10996590.00000000,22534612.35410000,0
1744221600000000,2.07070000,2.08580000,2.03560000,2.04630000,14485696.00000000,1744222499999999,29771230.10050000,45453,6840854.00000000,14065943.07590000,0
1744222500000000,2.04610000,2.05550000,2.03030000,2.04060000,9784555.00000000,1744223399999999,19990197.95950000,24417,4945918.00000000,10105594.83800000,0
1744223400000000,2.04060000,2.05470000,2.02580000,2.02830000,6227178.00000000,1744224299999999,12722781.67340000,16611,2666144.00000000,5450229.93510000,0
1744224300000000,2.02830000,2.03430000,2.00240000,2.00430000,10157430.00000000,1744225199999999,20513014.77630000,26079,4342903.00000000,8770283.87130000,0
1744225200000000,2.00440000,2.03390000,2.00420000,2.03350000,5826342.00000000,1744226099999999,11750225.59890000,16704,3410624.00000000,6880242.43890000,0
1744226100000000,2.03360000,2.04420000,2.02730000,2.03900000,4279574.00000000,1744226999999999,8717972.71440000,11082,2053736.00000000,4184288.03380000,0
1744227000000000,2.03900000,2.05100000,2.03720000,2.04670000,4369810.00000000,1744227899999999,8933274.82070000,11373,2032117.00000000,4154373.34720000,0
1744227900000000,2.04690000,2.04770000,2.02950000,2.03890000,3503480.00000000,1744228799999999,7148182.89410000,8909,1384028.00000000,2824098.41220000,0
1744228800000000,2.03900000,2.05330000,2.03880000,2.04080000,3011750.00000000,1744229699999999,6162166.96180000,7915,1224309.00000000,2504748.32400000,0
1744229700000000,2.04060000,2.04830000,2.03230000,2.03540000,2351501.00000000,1744230599999999,4798737.09740000,6054,811560.00000000,1655625.59010000,0
1744230600000000,2.03550000,2.05080000,2.03210000,2.04960000,2643918.00000000,1744231499999999,5400544.83830000,6800,1451595.00000000,2965438.11960000,0
1744231500000000,2.04950000,2.07580000,2.04620000,2.07130000,4841120.00000000,1744232399999999,9965001.50290000,11331,2901136.00000000,5972469.24250000,0
1744232400000000,2.07110000,2.08140000,2.05320000,2.08030000,7829903.00000000,1744233299999999,16224530.11890000,17365,4002021.00000000,8295717.21490000,0
1744233300000000,2.08020000,2.08970000,2.06660000,2.08650000,8057263.00000000,1744234199999999,16742892.47710000,18773,3096604.00000000,6438994.84890000,0
1744234200000000,2.08640000,2.08900000,2.05920000,2.06500000,4270148.00000000,1744235099999999,8851196.56140000,14267,1766956.00000000,3661108.67340000,0
1744235100000000,2.06500000,2.08800000,2.06290000,2.07840000,2686275.00000000,1744235999999999,5581917.29020000,9786,1497484.00000000,3111123.96640000,0
1744236000000000,2.07830000,2.08370000,2.06830000,2.06880000,1863742.00000000,1744236899999999,3865275.53700000,8482,871912.00000000,1808015.06010000,0
1744236900000000,2.06890000,2.08130000,2.06890000,2.07520000,2312814.00000000,1744237799999999,4798447.41870000,8369,1029100.00000000,2135189.15700000,0
1744237800000000,2.07530000,2.07940000,2.06040000,2.06110000,2149011.00000000,1744238699999999,4445467.88780000,7305,934200.00000000,1932722.05470000,0
1744238700000000,2.06120000,2.06900000,2.06000000,2.06620000,1932057.00000000,1744239599999999,3987888.98020000,7025,818336.00000000,1689151.18020000,0
1744239600000000,2.06620000,2.07200000,2.05640000,2.05740000,1956675.00000000,1744240499999999,4036882.67810000,7859,911289.00000000,1879935.96240000,0
1744240500000000,2.05750000,2.05830000,2.04730000,2.05500000,4057874.00000000,1744241399999999,8328626.76990000,12288,1833478.00000000,3763321.30910000,0
1744241400000000,2.05500000,2.05920000,2.05100000,2.05210000,1763373.00000000,1744242299999999,3623676.20020000,7034,831917.00000000,1709689.25420000,0
1744242300000000,2.05210000,2.05490000,2.04640000,2.05290000,3098395.00000000,1744243199999999,6354629.70540000,8301,1358007.00000000,2785822.89670000,0
1744243200000000,2.05290000,2.05720000,2.03270000,2.03270000,3382861.00000000,1744244099999999,6915102.75120000,13793,1064783.00000000,2177031.58910000,0
1744244100000000,2.03270000,2.04000000,2.02540000,2.02590000,2590075.00000000,1744244999999999,5269507.25270000,12301,1225993.00000000,2493868.01090000,0
1744245000000000,2.02590000,2.02960000,2.00850000,2.01360000,4633119.00000000,1744245899999999,9346834.17730000,22475,2084387.00000000,4205761.04330000,0
1744245900000000,2.01350000,2.03250000,2.01200000,2.03010000,2442745.00000000,1744246799999999,4938298.13620000,12824,1496687.00000000,3026635.48060000,0
1744246800000000,2.03010000,2.03710000,2.02870000,2.03260000,1928843.00000000,1744247699999999,3922861.65040000,11559,1030913.00000000,2096734.27740000,0
1744247700000000,2.03270000,2.03420000,2.02100000,2.02420000,1506042.00000000,1744248599999999,3052175.33240000,7720,811017.00000000,1643517.35490000,0
1744248600000000,2.02420000,2.02490000,2.01250000,2.01750000,1880352.00000000,1744249499999999,3794458.11220000,8646,740255.00000000,1493508.04620000,0
1744249500000000,2.01750000,2.02480000,2.01530000,2.01750000,1053615.00000000,1744250399999999,2127257.37130000,5652,589060.00000000,1189111.24110000,0
1744250400000000,2.01750000,2.02800000,2.01290000,2.02750000,1353158.00000000,1744251299999999,2731125.80600000,6991,741011.00000000,1495982.16860000,0
1744251300000000,2.02740000,2.03110000,2.02260000,2.02500000,1399324.00000000,1744252199999999,2836832.55260000,8743,580365.00000000,1176592.27840000,0
1744252200000000,2.02500000,2.02630000,2.01630000,2.01720000,1532172.00000000,1744253099999999,3097228.71720000,7376,747531.00000000,1511085.62620000,0
1744253100000000,2.01720000,2.01790000,2.00750000,2.01050000,2111304.00000000,1744253999999999,4247005.24580000,9548,1015423.00000000,2042459.87530000,0
1744254000000000,2.01050000,2.01170000,1.98180000,1.98250000,3852009.00000000,1744254899999999,7690771.95570000,18767,1506683.00000000,3008619.45470000,0
1744254900000000,1.98240000,1.99010000,1.97080000,1.98820000,4943503.00000000,1744255799999999,9784074.24610000,29495,2580197.00000000,5106305.87570000,0
1744255800000000,1.98810000,1.99550000,1.97500000,1.99450000,1755177.00000000,1744256699999999,3489592.99490000,11507,940494.00000000,1871241.75600000,0
1744256700000000,1.99460000,2.00270000,1.99000000,2.00270000,2330999.00000000,1744257599999999,4654876.25450000,10284,1433968.00000000,2863854.17860000,0
1744257600000000,2.00270000,2.01020000,1.99410000,1.99510000,4153139.00000000,1744258499999999,8320499.39090000,17341,2373028.00000000,4754962.97740000,0
1744258500000000,1.99500000,1.99780000,1.97870000,1.97910000,4590885.00000000,1744259399999999,9126399.12280000,14632,2119725.00000000,4213869.74480000,0
1744259400000000,1.97920000,1.99100000,1.97500000,1.98990000,1924160.00000000,1744260299999999,3815734.14760000,10899,961625.00000000,1908273.39690000,0
1744260300000000,1.99000000,1.99970000,1.98900000,1.99710000,1289047.00000000,1744261199999999,2572007.40250000,7783,725680.00000000,1447782.07700000,0
1744261200000000,1.99700000,2.00600000,1.99000000,2.00340000,1978974.00000000,1744262099999999,3956809.21010000,9031,954537.00000000,1908364.17140000,0
1744262100000000,2.00340000,2.01140000,2.00030000,2.00890000,1950696.00000000,1744262999999999,3913421.05000000,9997,947147.00000000,1900006.11340000,0
1744263000000000,2.00890000,2.01370000,2.00420000,2.01080000,2226088.00000000,1744263899999999,4471658.21330000,9845,1359140.00000000,2730198.97380000,0
1744263900000000,2.01090000,2.01220000,1.99900000,2.00530000,2141121.00000000,1744264799999999,4294552.36950000,9281,812381.00000000,1629001.43400000,0
1744264800000000,2.00530000,2.01760000,2.00470000,2.01440000,1413683.00000000,1744265699999999,2845381.45940000,10299,758453.00000000,1526473.98770000,0
1744265700000000,2.01450000,2.01680000,2.00490000,2.00700000,2145834.00000000,1744266599999999,4317084.22650000,9107,756983.00000000,1523243.24350000,0
1744266600000000,2.00710000,2.00860000,1.98950000,1.99080000,2634622.00000000,1744267499999999,5261309.25220000,11742,921578.00000000,1840561.57840000,0
1744267500000000,1.99090000,1.99750000,1.98830000,1.99640000,2333934.00000000,1744268399999999,4655216.74440000,10874,1117920.00000000,2229721.62710000,0
1744268400000000,1.99640000,2.00780000,1.99200000,2.00370000,4630188.00000000,1744269299999999,9259639.20240000,15492,2213600.00000000,4427666.49600000,0
1744269300000000,2.00370000,2.00710000,1.99840000,1.99960000,1129451.00000000,1744270199999999,2261703.20560000,8704,494906.00000000,991208.14300000,0
1744270200000000,1.99960000,1.99960000,1.97440000,1.98670000,3349261.00000000,1744271099999999,6644409.58670000,24139,1383566.00000000,2743884.07140000,0
1744271100000000,1.98670000,1.99640000,1.98590000,1.99030000,1126153.00000000,1744271999999999,2242004.18610000,13059,638766.00000000,1271662.06330000,0
1744272000000000,1.99030000,2.00120000,1.98330000,1.99890000,1277899.00000000,1744272899999999,2548995.54200000,15972,556125.00000000,1109057.12450000,0
1744272900000000,1.99900000,2.00140000,1.98910000,1.99550000,1063459.00000000,1744273799999999,2120372.76650000,15419,403965.00000000,805835.54800000,0
1744273800000000,1.99550000,1.99600000,1.98400000,1.99470000,1209906.00000000,1744274699999999,2407433.74660000,13580,570097.00000000,1134420.28870000,0
1744274700000000,1.99480000,1.99500000,1.98500000,1.98930000,1096121.00000000,1744275599999999,2180189.02830000,11685,586393.00000000,1166342.21860000,0
1744275600000000,1.98930000,1.99200000,1.98330000,1.99120000,1022398.00000000,1744276499999999,2030918.12450000,11663,406473.00000000,807674.22680000,0
1744276500000000,1.99120000,2.00800000,1.99110000,2.00240000,1518219.00000000,1744277399999999,3040463.30260000,16964,782308.00000000,1566568.32910000,0
1744277400000000,2.00230000,2.01170000,1.99870000,1.99940000,1568757.00000000,1744278299999999,3147666.14360000,18259,830534.00000000,1666929.73780000,0
1744278300000000,1.99940000,2.01070000,1.99850000,2.01000000,1092148.00000000,1744279199999999,2191132.74780000,12939,620874.00000000,1245357.95490000,0
1744279200000000,2.00990000,2.01150000,2.00380000,2.01040000,1136158.00000000,1744280099999999,2282325.46800000,15327,560651.00000000,1126239.58880000,0
1744280100000000,2.01040000,2.01490000,1.99820000,2.00110000,1740240.00000000,1744280999999999,3486839.59660000,17932,701406.00000000,1405912.72170000,0
1744281000000000,2.00110000,2.00380000,1.99280000,1.99330000,1372343.00000000,1744281899999999,2741877.60790000,18137,543394.00000000,1085806.19050000,0
1744281900000000,1.99330000,2.00590000,1.99150000,2.00380000,1209548.00000000,1744282799999999,2416404.92020000,12777,636441.00000000,1271394.93620000,0
1744282800000000,2.00380000,2.00780000,1.99150000,1.99150000,1059587.00000000,1744283699999999,2117721.62280000,11950,414763.00000000,828889.15330000,0
1744283700000000,1.99150000,1.99200000,1.98350000,1.98390000,1142671.00000000,1744284599999999,2271023.28910000,14732,479167.00000000,952194.98650000,0
1744284600000000,1.98390000,1.99710000,1.98020000,1.99440000,1516487.00000000,1744285499999999,3017602.83900000,20981,770356.00000000,1533190.09410000,0
1744285500000000,1.99430000,2.00180000,1.99160000,2.00000000,1750647.00000000,1744286399999999,3496172.27980000,16640,1170447.00000000,2337765.20990000,0
1744286400000000,1.99990000,2.01350000,1.98900000,2.00450000,3190276.00000000,1744287299999999,6387775.50240000,29123,1860209.00000000,3724600.52170000,0
1744287300000000,2.00440000,2.03660000,1.99970000,2.02510000,4578038.00000000,1744288199999999,9240218.75540000,30242,2764559.00000000,5581862.56750000,0
1744288200000000,2.02520000,2.04490000,2.00970000,2.01560000,7471543.00000000,1744289099999999,15138112.52650000,72681,3782568.00000000,7665840.65970000,0
1744289100000000,2.01550000,2.01660000,1.99070000,2.00010000,2947042.00000000,1744289999999999,5899844.75450000,38640,1301546.00000000,2605615.00320000,0
1744290000000000,2.00020000,2.00140000,1.98970000,1.99580000,1814125.00000000,1744290899999999,3620127.73650000,22760,850177.00000000,1696638.50300000,0
1744290900000000,1.99590000,2.01920000,1.99270000,2.01080000,2173045.00000000,1744291799999999,4369975.54340000,25246,1079881.00000000,2170991.71050000,0
1744291800000000,2.01080000,2.01880000,1.97680000,1.97780000,5157758.00000000,1744292699999999,10286922.03690000,67204,2188112.00000000,4365084.31330000,0
1744292700000000,1.97790000,2.01070000,1.97260000,1.99230000,4469925.00000000,1744293599999999,8918318.07730000,45387,2181599.00000000,4355729.75140000,0
1744293600000000,1.99220000,2.00450000,1.98100000,2.00130000,4256526.00000000,1744294499999999,8487392.25310000,44403,2187580.00000000,4360752.20200000,0
1744294500000000,2.00130000,2.02670000,2.00100000,2.01410000,4006200.00000000,1744295399999999,8071270.00930000,35878,1863175.00000000,3753536.09690000,0
1744295400000000,2.01410000,2.03160000,2.01370000,2.02130000,2865804.00000000,1744296299999999,5794030.89770000,35547,1181185.00000000,2388989.07670000,0
1744296300000000,2.02130000,2.02240000,2.00130000,2.00400000,1766521.00000000,1744297199999999,3554876.06280000,23188,651913.00000000,1311284.70390000,0
1744297200000000,2.00390000,2.00620000,1.98500000,1.98570000,2541879.00000000,1744298099999999,5071531.48230000,27975,982149.00000000,1959640.55670000,0
1744298100000000,1.98570000,1.98750000,1.95720000,1.95750000,6610999.00000000,1744298999999999,13046245.76380000,45226,3061565.00000000,6041622.57010000,0
1744299000000000,1.95760000,1.96060000,1.92460000,1.93740000,11198330.00000000,1744299899999999,21736932.08950000,92562,5338801.00000000,10361022.65840000,0
1744299900000000,1.93730000,1.94700000,1.92230000,1.93380000,5338008.00000000,1744300799999999,10324310.43510000,55981,2402528.00000000,4648324.87630000,0
1744300800000000,1.93380000,1.95520000,1.92520000,1.94540000,5059432.00000000,1744301699999999,9824445.90730000,53625,2621757.00000000,5090492.62370000,0
1744301700000000,1.94540000,1.94550000,1.92350000,1.93040000,4375231.00000000,1744302599999999,8462396.92740000,44863,2244216.00000000,4341525.62970000,0
1744302600000000,1.93050000,1.95170000,1.92950000,1.93860000,2765733.00000000,1744303499999999,5375206.93820000,32969,1457198.00000000,2831641.11280000,0
1744303500000000,1.93860000,1.95300000,1.92850000,1.95200000,2148497.00000000,1744304399999999,4178303.74080000,26743,1245862.00000000,2423329.23240000,0
1744304400000000,1.95200000,1.96560000,1.93480000,1.94260000,3692361.00000000,1744305299999999,7205427.56190000,35896,1901147.00000000,3711524.60410000,0
1744305300000000,1.94260000,1.95600000,1.93700000,1.95140000,2146335.00000000,1744306199999999,4178594.76540000,25366,1228779.00000000,2392369.38400000,0
1744306200000000,1.95140000,1.95840000,1.94470000,1.95320000,1364775.00000000,1744307099999999,2662806.39670000,18423,669694.00000000,1306608.09070000,0
1744307100000000,1.95330000,1.95700000,1.93840000,1.94040000,1776090.00000000,1744307999999999,3456982.33860000,23112,967633.00000000,1883171.16690000,0
1744308000000000,1.94050000,1.95360000,1.93910000,1.94110000,1598729.00000000,1744308899999999,3111259.99560000,19224,982713.00000000,1912686.56190000,0
1744308900000000,1.94110000,1.96450000,1.93660000,1.96340000,2248257.00000000,1744309799999999,4392068.23850000,21591,942665.00000000,1840676.43910000,0
1744309800000000,1.96340000,1.97150000,1.95830000,1.96580000,1927946.00000000,1744310699999999,3786788.22290000,23232,780393.00000000,1532956.78320000,0
1744310700000000,1.96570000,1.96660000,1.95280000,1.96090000,1521018.00000000,1744311599999999,2978894.28120000,16724,607099.00000000,1189119.20420000,0
1744311600000000,1.96090000,1.96840000,1.95620000,1.95900000,1396718.00000000,1744312499999999,2741520.49660000,16706,742885.00000000,1458212.77710000,0
1744312500000000,1.95890000,1.96620000,1.95140000,1.95230000,1530299.00000000,1744313399999999,2998708.64780000,14394,667066.00000000,1307555.95600000,0
1744313400000000,1.95230000,1.96240000,1.95140000,1.95250000,1007702.00000000,1744314299999999,1972212.20230000,13105,350520.00000000,686168.57990000,0
1744314300000000,1.95260000,1.97380000,1.95250000,1.96260000,2003281.00000000,1744315199999999,3931915.21310000,16741,1118805.00000000,2195126.27200000,0
1744315200000000,1.96250000,1.97240000,1.96210000,1.97240000,1149592.00000000,1744316099999999,2262955.17860000,13244,505380.00000000,994775.08580000,0
1744316100000000,1.97230000,1.97710000,1.96650000,1.96810000,1180742.00000000,1744316999999999,2328343.59370000,11433,583130.00000000,1150039.54270000,0
1744317000000000,1.96820000,1.98080000,1.96740000,1.97830000,1306317.00000000,1744317899999999,2579619.20510000,11289,707820.00000000,1398029.55130000,0
1744317900000000,1.97830000,1.99010000,1.97820000,1.98750000,1441801.00000000,1744318799999999,2862421.47950000,12338,688029.00000000,1365840.43040000,0
1744318800000000,1.98750000,1.99760000,1.98240000,1.98980000,1664243.00000000,1744319699999999,3312892.78040000,15001,861577.00000000,1715257.01160000,0
1744319700000000,1.98980000,1.99260000,1.97500000,1.98480000,1353618.00000000,1744320599999999,2682793.94310000,13654,505878.00000000,1002639.62050000,0
1744320600000000,1.98480000,1.98770000,1.97880000,1.98500000,795980.00000000,1744321499999999,1579213.72290000,11733,378572.00000000,750918.76210000,0
1744321500000000,1.98510000,1.98510000,1.96870000,1.97380000,888283.00000000,1744322399999999,1754553.80700000,9734,460739.00000000,910303.49790000,0
1744322400000000,1.97390000,1.97870000,1.96620000,1.97460000,1793771.00000000,1744323299999999,3540516.41680000,16225,861909.00000000,1701367.18680000,0
1744323300000000,1.97460000,1.98150000,1.97070000,1.97260000,728205.00000000,1744324199999999,1439828.43090000,12597,357354.00000000,706710.79970000,0
1744324200000000,1.97260000,1.98100000,1.97260000,1.97570000,772423.00000000,1744325099999999,1526370.85950000,10250,410689.00000000,811432.07950000,0
1744325100000000,1.97560000,1.97560000,1.96890000,1.96940000,661046.00000000,1744325999999999,1303633.25350000,8300,276054.00000000,544425.74090000,0
1744326000000000,1.96940000,1.97100000,1.96230000,1.96450000,1064217.00000000,1744326899999999,2092983.91700000,11413,442079.00000000,869337.63950000,0
1744326900000000,1.96450000,1.96980000,1.95830000,1.96160000,1884307.00000000,1744327799999999,3698608.04290000,11343,856048.00000000,1680267.55120000,0
1744327800000000,1.96160000,1.97350000,1.96040000,1.97240000,1059709.00000000,1744328699999999,2084187.34480000,10992,515359.00000000,1013532.15760000,0
1744328700000000,1.97250000,1.97740000,1.96520000,1.96580000,1509749.00000000,1744329599999999,2976511.71730000,12507,609044.00000000,1200920.67090000,0
1744329600000000,1.96570000,1.97610000,1.96160000,1.97270000,1793126.00000000,1744330499999999,3529996.15760000,20319,664927.00000000,1308452.13470000,0
1744330500000000,1.97260000,1.97470000,1.96520000,1.96520000,789146.00000000,1744331399999999,1553929.28840000,15233,249380.00000000,491267.92780000,0
1744331400000000,1.96510000,1.97050000,1.95790000,1.95980000,1858752.00000000,1744332299999999,3648994.79440000,19180,761237.00000000,1494216.52460000,0
1744332300000000,1.95980000,1.96340000,1.94750000,1.95140000,2045312.00000000,1744333199999999,3995854.11100000,21238,741996.00000000,1449506.21810000,0
1744333200000000,1.95140000,1.97550000,1.95060000,1.97290000,1794769.00000000,1744334099999999,3529442.14160000,18728,933534.00000000,1836765.13350000,0
1744334100000000,1.97280000,1.98420000,1.97240000,1.97680000,1754745.00000000,1744334999999999,3471645.12680000,19373,1013225.00000000,2004559.56780000,0
1744335000000000,1.97670000,1.99260000,1.97670000,1.98100000,1873132.00000000,1744335899999999,3720674.01430000,21675,948170.00000000,1883998.10880000,0
1744335900000000,1.98110000,1.99910000,1.97900000,1.99460000,2056952.00000000,1744336799999999,4098647.19030000,20017,1141395.00000000,2273732.42760000,0
1744336800000000,1.99460000,1.99570000,1.98510000,1.98690000,1084156.00000000,1744337699999999,2155886.49890000,13215,292259.00000000,581180.72370000,0
1744337700000000,1.98690000,2.00690000,1.98220000,2.00210000,2610442.00000000,1744338599999999,5212875.97930000,21364,1386180.00000000,2770766.33680000,0
1744338600000000,2.00200000,2.00590000,1.98970000,1.99470000,1561209.00000000,1744339499999999,3118499.86170000,18130,776999.00000000,1552593.13110000,0
1744339500000000,1.99470000,1.99770000,1.98880000,1.99030000,846011.00000000,1744340399999999,1685566.86270000,13137,443938.00000000,884434.22150000,0
1744340400000000,1.99020000,1.99640000,1.99020000,1.99360000,984786.00000000,1744341299999999,1962557.05760000,14080,398409.00000000,793931.82020000,0
1744341300000000,1.99360000,2.00070000,1.98830000,2.00010000,899629.00000000,1744342199999999,1796058.66210000,12641,431090.00000000,860843.20860000,0
1744342200000000,2.00010000,2.00180000,1.99470000,2.00140000,1446969.00000000,1744343099999999,2891664.65630000,12431,894225.00000000,1786989.02090000,0
1744343100000000,2.00140000,2.00170000,1.99680000,2.00080000,711838.00000000,1744343999999999,1422975.37730000,10290,302888.00000000,605484.77110000,0
1744344000000000,2.00070000,2.00880000,1.99740000,2.00840000,1295659.00000000,1744344899999999,2595475.30870000,13539,547523.00000000,1097058.23290000,0
1744344900000000,2.00830000,2.01230000,2.00250000,2.00980000,3344176.00000000,1744345799999999,6718504.59930000,14588,1211705.00000000,2433328.51850000,0
1744345800000000,2.00990000,2.01200000,2.00450000,2.00890000,981815.00000000,1744346699999999,1971348.22420000,11835,401778.00000000,806684.59180000,0
1744346700000000,2.00900000,2.01200000,2.00490000,2.00970000,607021.00000000,1744347599999999,1218944.26490000,9893,281442.00000000,565121.01700000,0
1744347600000000,2.00980000,2.01090000,2.00030000,2.00320000,986997.00000000,1744348499999999,1978051.62060000,11793,412259.00000000,826099.96860000,0
1744348500000000,2.00320000,2.00430000,1.99510000,2.00360000,864180.00000000,1744349399999999,1727883.81990000,10505,315644.00000000,631135.32530000,0
1744349400000000,2.00360000,2.00760000,1.99630000,1.99990000,1179799.00000000,1744350299999999,2359985.22690000,14053,398248.00000000,797180.45980000,0
1744350300000000,2.00000000,2.00430000,1.99300000,2.00130000,1920142.00000000,1744351199999999,3836634.46610000,12675,842699.00000000,1683991.51470000,0
1744351200000000,2.00140000,2.01370000,2.00140000,2.01030000,2049906.00000000,1744352099999999,4120040.32740000,17085,1353599.00000000,2721033.02510000,0
1744352100000000,2.01030000,2.01200000,1.99930000,2.00010000,1303674.00000000,1744352999999999,2612753.09480000,12857,463158.00000000,927894.30910000,0
1744353000000000,2.00000000,2.00280000,1.99600000,1.99900000,1474783.00000000,1744353899999999,2948040.30530000,11146,513148.00000000,1025758.91670000,0
1744353900000000,1.99900000,2.00480000,1.99590000,1.99880000,1485201.00000000,1744354799999999,2971789.06500000,11259,902341.00000000,1806058.13310000,0
1744354800000000,1.99870000,2.00230000,1.99420000,1.99600000,1172119.00000000,1744355699999999,2341991.13610000,10917,614481.00000000,1227951.95630000,0
1744355700000000,1.99600000,1.99890000,1.99120000,1.99210000,1167718.00000000,1744356599999999,2330261.88190000,11213,404148.00000000,806452.91890000,0
1744356600000000,1.99200000,2.00580000,1.99200000,2.00330000,1651294.00000000,1744357499999999,3302748.12950000,11365,1100655.00000000,2201351.99160000,0
1744357500000000,2.00340000,2.01010000,2.00270000,2.00500000,1526331.00000000,1744358399999999,3062795.81370000,9483,776280.00000000,1557927.15010000,0
1744358400000000,2.00510000,2.02420000,1.99600000,2.00560000,4507320.00000000,1744359299999999,9065441.45480000,41048,2383194.00000000,4792168.20320000,0
1744359300000000,2.00560000,2.00650000,1.99620000,2.00180000,1527819.00000000,1744360199999999,3055524.32720000,14886,972701.00000000,1945247.89890000,0
1744360200000000,2.00190000,2.01440000,1.99710000,2.00450000,1217455.00000000,1744361099999999,2440511.63070000,13959,519911.00000000,1042751.61770000,0
1744361100000000,2.00450000,2.00770000,2.00170000,2.00680000,979190.00000000,1744361999999999,1963832.77900000,10340,573322.00000000,1149931.74390000,0
1744362000000000,2.00680000,2.00780000,1.99840000,2.00070000,1003067.00000000,1744362899999999,2008113.51060000,9902,454331.00000000,909678.87990000,0
1744362900000000,2.00080000,2.01550000,2.00080000,2.01450000,1508456.00000000,1744363799999999,3030927.90560000,14951,829967.00000000,1667539.18070000,0
1744363800000000,2.01440000,2.02300000,2.01190000,2.01490000,2314919.00000000,1744364699999999,4672466.99690000,20298,1082196.00000000,2184328.68090000,0
1744364700000000,2.01480000,2.02310000,2.01400000,2.02270000,1319174.00000000,1744365599999999,2663446.34520000,12821,702346.00000000,1418000.08340000,0
1744365600000000,2.02260000,2.02380000,2.00550000,2.01120000,2996299.00000000,1744366499999999,6031705.09140000,22631,1032440.00000000,2078149.29690000,0
1744366500000000,2.01120000,2.02400000,2.01010000,2.02040000,2531254.00000000,1744367399999999,5112163.50080000,22260,1513771.00000000,3056935.58220000,0
1744367400000000,2.02040000,2.03400000,2.02010000,2.02110000,3167644.00000000,1744368299999999,6426320.49030000,18476,1882729.00000000,3820422.32350000,0
1744368300000000,2.02110000,2.02260000,2.01530000,2.01840000,1450356.00000000,1744369199999999,2927576.56540000,13273,702991.00000000,1418943.29030000,0
1744369200000000,2.01830000,2.02100000,2.01220000,2.01360000,1544159.00000000,1744370099999999,3113422.95030000,14079,765981.00000000,1544372.66560000,0
1744370100000000,2.01360000,2.01630000,2.01000000,2.01310000,1838050.00000000,1744370999999999,3698429.95720000,13533,871109.00000000,1752789.58050000,0
1744371000000000,2.01310000,2.01540000,2.00770000,2.01380000,1527250.00000000,1744371899999999,3072007.42170000,14558,780357.00000000,1569534.60660000,0
1744371900000000,2.01390000,2.01650000,2.00730000,2.00950000,1252841.00000000,1744372799999999,2519260.71630000,12542,500069.00000000,1005656.79340000,0
1744372800000000,2.00960000,2.01140000,2.00010000,2.00420000,2197523.00000000,1744373699999999,4405972.60000000,16127,801794.00000000,1607672.71580000,0
1744373700000000,2.00430000,2.01170000,2.00420000,2.00960000,961391.00000000,1744374599999999,1930024.10480000,12076,526144.00000000,1056213.93310000,0
1744374600000000,2.00950000,2.02150000,2.00840000,2.01070000,2386988.00000000,1744375499999999,4808386.96330000,22199,1353399.00000000,2726590.03290000,0
1744375500000000,2.01070000,2.01120000,1.99700000,2.00140000,2477512.00000000,1744376399999999,4960657.65430000,14625,1042925.00000000,2088286.97660000,0
1744376400000000,2.00140000,2.00480000,1.99250000,1.99490000,1676359.00000000,1744377299999999,3350391.31470000,20153,1002384.00000000,2003626.05950000,0
1744377300000000,1.99490000,2.00300000,1.99190000,1.99830000,1557870.00000000,1744378199999999,3109354.40680000,16291,674827.00000000,1347476.80920000,0
1744378200000000,1.99840000,2.02660000,1.99250000,2.01500000,3894162.00000000,1744379099999999,7839870.46000000,40788,2174482.00000000,4378306.51830000,0
1744379100000000,2.01500000,2.02490000,2.00890000,2.01270000,2831922.00000000,1744379999999999,5709025.43110000,26564,1471168.00000000,2966780.97700000,0
1744380000000000,2.01260000,2.01260000,1.99180000,2.00670000,4908555.00000000,1744380899999999,9824581.72430000,34874,2620212.00000000,5243851.98790000,0
1744380900000000,2.00670000,2.00980000,1.98440000,1.98870000,6027669.00000000,1744381799999999,12040389.54510000,31084,1622779.00000000,3236747.26110000,0
1744381800000000,1.98870000,2.00570000,1.98720000,2.00390000,2041217.00000000,1744382699999999,4079004.25080000,25935,1229191.00000000,2455486.86770000,0
1744382700000000,2.00380000,2.01320000,1.99920000,1.99960000,2542025.00000000,1744383599999999,5098923.15410000,17176,1081782.00000000,2170974.05300000,0
1744383600000000,1.99950000,2.00870000,1.99390000,1.99410000,2238247.00000000,1744384499999999,4477417.82580000,19077,1356943.00000000,2714281.91110000,0
1744384500000000,1.99400000,1.99900000,1.98830000,1.99820000,1752886.00000000,1744385399999999,3493321.79640000,16850,963623.00000000,1920993.48200000,0
1744385400000000,1.99830000,2.01210000,1.99740000,2.00410000,1836909.00000000,1744386299999999,3683101.75060000,22028,1106574.00000000,2219047.24280000,0
1744386300000000,2.00410000,2.00570000,1.99900000,2.00150000,1253825.00000000,1744387199999999,2510196.11830000,12874,785105.00000000,1571834.67810000,0
1744387200000000,2.00150000,2.00430000,1.99420000,1.99490000,963378.00000000,1744388099999999,1924569.67980000,12790,392015.00000000,783122.55680000,0
1744388100000000,1.99500000,1.99880000,1.99300000,1.99850000,1210124.00000000,1744388999999999,2415606.27030000,10155,667547.00000000,1332581.84640000,0
1744389000000000,1.99850000,2.01510000,1.99850000,2.01440000,2243290.00000000,1744389899999999,4507676.81380000,18878,1301765.00000000,2614950.21840000,0
1744389900000000,2.01440000,2.01760000,2.00820000,2.01050000,1304026.00000000,1744390799999999,2625489.48290000,15851,537373.00000000,1082095.38410000,0
1744390800000000,2.01060000,2.01650000,2.00820000,2.01410000,710126.00000000,1744391699999999,1429871.87020000,13506,378248.00000000,761629.03410000,0
1744391700000000,2.01410000,2.01920000,2.01120000,2.01170000,1171228.00000000,1744392599999999,2359566.14970000,13004,452106.00000000,911053.32700000,0
1744392600000000,2.01180000,2.03670000,2.00920000,2.03450000,3438419.00000000,1744393499999999,6961981.20720000,26528,2385942.00000000,4829673.82000000,0
1744393500000000,2.03450000,2.04590000,2.02830000,2.04020000,4268507.00000000,1744394399999999,8700339.14350000,34661,2218269.00000000,4520874.00400000,0
1744394400000000,2.04020000,2.05610000,2.03700000,2.05430000,3631600.00000000,1744395299999999,7439514.05420000,32749,1644289.00000000,3368339.18880000,0
1744395300000000,2.05430000,2.06470000,2.04550000,2.06440000,4404518.00000000,1744396199999999,9047468.71700000,31914,2145047.00000000,4407710.15000000,0
1744396200000000,2.06440000,2.06440000,2.04710000,2.05020000,1871210.00000000,1744397099999999,3844720.61280000,22256,786048.00000000,1614876.45040000,0
1744397100000000,2.05030000,2.05260000,2.03000000,2.03760000,5022771.00000000,1744397999999999,10237422.69260000,21573,1789155.00000000,3648963.97780000,0
1744398000000000,2.03760000,2.05330000,2.03740000,2.04820000,2901153.00000000,1744398899999999,5937872.51640000,20127,1482023.00000000,3031267.04050000,0
1744398900000000,2.04820000,2.05480000,2.04450000,2.04800000,1548236.00000000,1744399799999999,3174299.00130000,19398,747417.00000000,1532556.77920000,0
1744399800000000,2.04800000,2.04980000,2.04350000,2.04940000,675600.00000000,1744400699999999,1382903.85340000,10951,324423.00000000,664115.43280000,0
1744400700000000,2.04940000,2.05030000,2.04280000,2.04480000,824810.00000000,1744401599999999,1688389.70750000,10252,355697.00000000,728236.80550000,0
1744401600000000,2.04470000,2.04700000,2.03650000,2.03880000,1397330.00000000,1744402499999999,2850045.31840000,8257,670213.00000000,1366617.36200000,0
1744402500000000,2.03880000,2.04740000,2.03740000,2.04610000,1189938.00000000,1744403399999999,2429138.79430000,10272,491234.00000000,1002931.14400000,0
1744403400000000,2.04620000,2.05290000,2.04300000,2.04830000,991049.00000000,1744404299999999,2029172.11160000,10144,481683.00000000,986150.37810000,0
1744404300000000,2.04840000,2.04980000,2.04130000,2.04420000,516419.00000000,1744405199999999,1056108.86410000,7487,197054.00000000,402900.57700000,0
1744405200000000,2.04410000,2.04990000,2.04350000,2.04360000,1083724.00000000,1744406099999999,2218604.01870000,10134,562614.00000000,1151731.81570000,0
1744406100000000,2.04360000,2.05270000,2.03960000,2.04280000,1176349.00000000,1744406999999999,2405812.22610000,12923,640470.00000000,1309613.95020000,0
1744407000000000,2.04280000,2.04280000,2.02700000,2.03500000,2060862.00000000,1744407899999999,4189030.42320000,15928,835760.00000000,1698381.76850000,0
1744407900000000,2.03510000,2.03560000,2.02940000,2.03040000,2430269.00000000,1744408799999999,4939299.45910000,6195,1809991.00000000,3678616.02310000,0
1744408800000000,2.03050000,2.03420000,2.02860000,2.02980000,2146381.00000000,1744409699999999,4361662.96820000,10183,1488446.00000000,3024848.60670000,0
1744409700000000,2.02970000,2.03200000,2.02620000,2.03180000,709400.00000000,1744410599999999,1438896.35390000,5385,377300.00000000,765253.59500000,0
1744410600000000,2.03190000,2.03260000,2.02140000,2.02200000,2178503.00000000,1744411499999999,4409527.06690000,9129,663247.00000000,1342643.01080000,0
1744411500000000,2.02200000,2.02660000,2.02140000,2.02210000,992979.00000000,1744412399999999,2009265.93710000,6111,421599.00000000,852949.07750000,0
1744412400000000,2.02220000,2.02220000,2.01310000,2.01560000,1066263.00000000,1744413299999999,2150966.35110000,7833,354709.00000000,715736.22280000,0
1744413300000000,2.01560000,2.01760000,2.01300000,2.01300000,693378.00000000,1744414199999999,1397102.77010000,6734,290612.00000000,585456.09910000,0
1744414200000000,2.01310000,2.02380000,2.01250000,2.02120000,802878.00000000,1744415099999999,1621836.34080000,6281,500234.00000000,1010407.89260000,0
1744415100000000,2.02120000,2.02750000,2.02120000,2.02250000,1114691.00000000,1744415999999999,2256991.80650000,7908,651627.00000000,1319426.94860000,0
1744416000000000,2.02250000,2.02660000,2.01460000,2.01490000,1685655.00000000,1744416899999999,3405475.50090000,10563,877797.00000000,1773756.72260000,0
1744416900000000,2.01490000,2.02200000,2.01410000,2.02180000,1272285.00000000,1744417799999999,2566461.63610000,14048,594405.00000000,1199359.19390000,0
1744417800000000,2.02170000,2.02470000,2.01790000,2.02330000,686232.00000000,1744418699999999,1387160.22120000,13602,393842.00000000,796129.33110000,0
1744418700000000,2.02330000,2.02540000,2.02000000,2.02030000,490504.00000000,1744419599999999,992119.54910000,7824,221506.00000000,448032.89810000,0
1744419600000000,2.02030000,2.02500000,2.01760000,2.01820000,617842.00000000,1744420499999999,1248106.17860000,9101,213674.00000000,431762.58160000,0
1744420500000000,2.01830000,2.01880000,2.01230000,2.01270000,1096057.00000000,1744421399999999,2208038.65460000,8913,296185.00000000,596922.68410000,0
1744421400000000,2.01280000,2.01890000,2.01140000,2.01480000,732599.00000000,1744422299999999,1475825.47220000,7911,381215.00000000,768129.36580000,0
1744422300000000,2.01480000,2.01680000,2.01200000,2.01560000,467062.00000000,1744423199999999,941009.23630000,7114,167846.00000000,338189.02790000,0
1744423200000000,2.01560000,2.01920000,2.01150000,2.01350000,448847.00000000,1744424099999999,904511.75320000,8026,220734.00000000,444745.87110000,0
1744424100000000,2.01340000,2.01750000,2.01280000,2.01620000,289305.00000000,1744424999999999,583070.41170000,5786,135167.00000000,272387.55920000,0
1744425000000000,2.01630000,2.02030000,2.01460000,2.01820000,571043.00000000,1744425899999999,1151972.19580000,6137,385952.00000000,778625.23620000,0
1744425900000000,2.01820000,2.01930000,2.00420000,2.00420000,1328014.00000000,1744426799999999,2668205.56820000,11515,522636.00000000,1049452.20950000,0
1744426800000000,2.00430000,2.01130000,2.00330000,2.00860000,973442.00000000,1744427699999999,1953495.56640000,7933,391897.00000000,786550.57280000,0
1744427700000000,2.00870000,2.01410000,2.00730000,2.01380000,383959.00000000,1744428599999999,772344.89630000,5708,221844.00000000,446260.47070000,0
1744428600000000,2.01390000,2.01560000,2.01070000,2.01450000,572163.00000000,1744429499999999,1152022.34010000,6676,267735.00000000,539200.09560000,0
1744429500000000,2.01450000,2.01750000,2.01200000,2.01320000,401714.00000000,1744430399999999,809206.52070000,4532,108199.00000000,217951.02030000,0
1744430400000000,2.01330000,2.01550000,2.00950000,2.01330000,513598.00000000,1744431299999999,1033655.05010000,4898,265473.00000000,534307.37980000,0
1744431300000000,2.01330000,2.02280000,2.01040000,2.02280000,807499.00000000,1744432199999999,1629639.56070000,6768,512328.00000000,1034112.48120000,0
1744432200000000,2.02290000,2.03280000,2.01830000,2.02130000,1858366.00000000,1744433099999999,3761458.72830000,19859,1073158.00000000,2172488.40050000,0
1744433100000000,2.02130000,2.02900000,2.02070000,2.02740000,659384.00000000,1744433999999999,1336140.09820000,9634,312727.00000000,633633.15230000,0
1744434000000000,2.02750000,2.03420000,2.02650000,2.03100000,852707.00000000,1744434899999999,1730988.91910000,11780,389999.00000000,791713.32460000,0
1744434900000000,2.03100000,2.03460000,2.02870000,2.03190000,769227.00000000,1744435799999999,1563462.60490000,8663,406754.00000000,826722.99000000,0
1744435800000000,2.03190000,2.03670000,2.03030000,2.03110000,589858.00000000,1744436699999999,1199501.21980000,7467,263852.00000000,536577.40610000,0
1744436700000000,2.03120000,2.03310000,2.02850000,2.03290000,541132.00000000,1744437599999999,1098831.20610000,4674,355269.00000000,721423.78520000,0
1744437600000000,2.03280000,2.04150000,2.03280000,2.04120000,1197039.00000000,1744438499999999,2440472.69460000,7931,517960.00000000,1055867.53650000,0
1744438500000000,2.04130000,2.04930000,2.03990000,2.04430000,1276975.00000000,1744439399999999,2610300.38680000,7897,475524.00000000,972072.07940000,0
1744439400000000,2.04440000,2.04850000,2.04160000,2.04780000,766203.00000000,1744440299999999,1567558.75710000,8747,428432.00000000,876659.78650000,0
1744440300000000,2.04770000,2.04770000,2.04060000,2.04170000,668547.00000000,1744441199999999,1366464.67060000,7805,275293.00000000,562665.09680000,0
1744441200000000,2.04180000,2.04710000,2.03970000,2.04610000,951328.00000000,1744442099999999,1944674.71470000,7669,559156.00000000,1143188.88750000,0
1744442100000000,2.04610000,2.05000000,2.04390000,2.04770000,1139278.00000000,1744442999999999,2332075.86290000,7957,703983.00000000,1441467.08340000,0
1744443000000000,2.04780000,2.05680000,2.04750000,2.05240000,2516320.00000000,1744443899999999,5165129.02510000,11452,1339098.00000000,2748238.33560000,0
1744443900000000,2.05250000,2.05980000,2.05180000,2.05470000,3345427.00000000,1744444799999999,6876474.91200000,13280,1782142.00000000,3664485.61280000,0
1744444800000000,2.05480000,2.07470000,2.05300000,2.07350000,2579225.00000000,1744445699999999,5325756.38200000,20547,1627899.00000000,3361599.14270000,0
1744445700000000,2.07340000,2.07340000,2.05360000,2.05650000,2526612.00000000,1744446599999999,5207232.60780000,15848,817685.00000000,1685239.07100000,0
1744446600000000,2.05650000,2.05900000,2.05110000,2.05600000,893069.00000000,1744447499999999,1834800.74460000,9447,337506.00000000,693440.35240000,0
1744447500000000,2.05590000,2.06090000,2.05080000,2.05650000,1204796.00000000,1744448399999999,2475926.41960000,9781,536205.00000000,1101792.04570000,0
1744448400000000,2.05650000,2.06850000,2.05650000,2.06070000,1235417.00000000,1744449299999999,2549540.02320000,11663,663793.00000000,1370061.62260000,0
1744449300000000,2.06060000,2.06820000,2.05780000,2.06510000,785068.00000000,1744450199999999,1620699.87560000,8438,343863.00000000,709861.53520000,0
1744450200000000,2.06500000,2.07200000,2.06430000,2.07100000,701033.00000000,1744451099999999,1450047.12730000,11075,407795.00000000,843563.45200000,0
1744451100000000,2.07110000,2.07220000,2.06340000,2.06620000,603530.00000000,1744451999999999,1247688.01130000,9368,264869.00000000,547627.49070000,0
1744452000000000,2.06620000,2.06770000,2.06240000,2.06700000,1087137.00000000,1744452899999999,2244686.64720000,8984,324846.00000000,670838.16820000,0
1744452900000000,2.06700000,2.06760000,2.05810000,2.06100000,1039068.00000000,1744453799999999,2142009.03970000,7912,495486.00000000,1021160.82280000,0
1744453800000000,2.06090000,2.06190000,2.05310000,2.05360000,1103984.00000000,1744454699999999,2270139.79000000,8344,485209.00000000,997649.59260000,0
1744454700000000,2.05370000,2.06160000,2.05260000,2.06120000,977273.00000000,1744455599999999,2010820.68370000,7607,603981.00000000,1242838.71660000,0
1744455600000000,2.06130000,2.06700000,2.06130000,2.06690000,1188654.00000000,1744456499999999,2454855.05670000,8006,689032.00000000,1423143.24900000,0
1744456500000000,2.06690000,2.06940000,2.06190000,2.06440000,1461501.00000000,1744457399999999,3019142.21370000,9543,575586.00000000,1189533.57120000,0
1744457400000000,2.06430000,2.06430000,2.05660000,2.06120000,743439.00000000,1744458299999999,1531377.56760000,7802,337011.00000000,694127.84210000,0
1744458300000000,2.06110000,2.06440000,2.06020000,2.06190000,392729.00000000,1744459199999999,810111.35220000,5737,171698.00000000,354176.52620000,0
1744459200000000,2.06180000,2.06710000,2.05990000,2.06530000,626805.00000000,1744460099999999,1293510.73680000,7860,330894.00000000,682929.55580000,0
1744460100000000,2.06520000,2.06960000,2.06460000,2.06870000,749216.00000000,1744460999999999,1548565.89450000,6678,389326.00000000,804609.58050000,0
1744461000000000,2.06870000,2.07300000,2.06150000,2.06960000,1175961.00000000,1744461899999999,2430822.45310000,13281,580760.00000000,1200583.13390000,0
1744461900000000,2.06970000,2.07090000,2.06300000,2.06870000,822379.00000000,1744462799999999,1699039.68800000,10292,473041.00000000,977078.75340000,0
1744462800000000,2.06870000,2.08780000,2.06710000,2.08640000,2730376.00000000,1744463699999999,5676444.16080000,21154,1730275.00000000,3597980.09310000,0
1744463700000000,2.08640000,2.10180000,2.07860000,2.09610000,4859265.00000000,1744464599999999,10163550.17160000,35038,2719744.00000000,5691194.91610000,0
1744464600000000,2.09620000,2.13700000,2.09110000,2.13080000,8832278.00000000,1744465499999999,18679051.13320000,59190,4580729.00000000,9696595.88630000,0
1744465500000000,2.13090000,2.18620000,2.12860000,2.15200000,15560125.00000000,1744466399999999,33575162.15120000,124541,8243480.00000000,17789040.60870000,0
1744466400000000,2.15200000,2.16630000,2.14410000,2.14900000,7416353.00000000,1744467299999999,15985061.35760000,54980,3629495.00000000,7823999.74490000,0
1744467300000000,2.14900000,2.16800000,2.14550000,2.16220000,5004580.00000000,1744468199999999,10795671.76700000,45741,2527408.00000000,5453390.06040000,0
1744468200000000,2.16220000,2.17630000,2.15580000,2.15680000,4654554.00000000,1744469099999999,10078243.50800000,47848,1928715.00000000,4176985.85660000,0
1744469100000000,2.15670000,2.16220000,2.14830000,2.15340000,2706714.00000000,1744469999999999,5830950.13930000,28148,1096314.00000000,2361244.90160000,0
1744470000000000,2.15350000,2.16080000,2.14590000,2.14710000,3100638.00000000,1744470899999999,6671453.74810000,25134,1040750.00000000,2238833.46910000,0
1744470900000000,2.14710000,2.16320000,2.14630000,2.16040000,3135019.00000000,1744471799999999,6761490.13610000,27533,1515682.00000000,3268877.29090000,0
1744471800000000,2.16040000,2.16830000,2.15690000,2.16500000,3161874.00000000,1744472699999999,6838756.04920000,26245,1723295.00000000,3727006.09270000,0
1744472700000000,2.16510000,2.16760000,2.15090000,2.15280000,2467919.00000000,1744473599999999,5325100.77540000,19336,1250332.00000000,2696836.44570000,0
1744473600000000,2.15280000,2.16350000,2.15100000,2.15490000,2538932.00000000,1744474499999999,5473978.00840000,20984,1177644.00000000,2539413.75840000,0
1744474500000000,2.15490000,2.16300000,2.15150000,2.15730000,2019560.00000000,1744475399999999,4359806.43000000,17019,909596.00000000,1963237.48410000,0
1744475400000000,2.15740000,2.15880000,2.13720000,2.13730000,3362807.00000000,1744476299999999,7219821.43460000,22684,1218084.00000000,2615400.17190000,0
1744476300000000,2.13730000,2.14300000,2.13290000,2.14290000,3421746.00000000,1744477199999999,7314530.34430000,23483,1712217.00000000,3660158.95640000,0
1744477200000000,2.14290000,2.14540000,2.12000000,2.12130000,4266740.00000000,1744478099999999,9094533.39140000,27285,2006304.00000000,4278223.63030000,0
1744478100000000,2.12130000,2.12800000,2.12130000,2.12440000,2586268.00000000,1744478999999999,5494990.84430000,17947,1136763.00000000,2415259.15160000,0
1744479000000000,2.12440000,2.13630000,2.12400000,2.13280000,1446600.00000000,1744479899999999,3083571.17890000,17302,795305.00000000,1695383.67910000,0
1744479900000000,2.13280000,2.13280000,2.11660000,2.11910000,1390470.00000000,1744480799999999,2952651.26850000,15610,604836.00000000,1284380.84780000,0
1744480800000000,2.11910000,2.12520000,2.11890000,2.12190000,1036727.00000000,1744481699999999,2199863.12610000,13084,492540.00000000,1044989.50570000,0
1744481700000000,2.12190000,2.13730000,2.12160000,2.13640000,1145837.00000000,1744482599999999,2440814.03300000,12308,738844.00000000,1573655.83430000,0
1744482600000000,2.13640000,2.14200000,2.13550000,2.13850000,1186428.00000000,1744483499999999,2537569.13530000,9637,662220.00000000,1416438.94320000,0
1744483500000000,2.13860000,2.14990000,2.13810000,2.14990000,1240268.00000000,1744484399999999,2659420.92210000,11747,708085.00000000,1518876.21260000,0
1744484400000000,2.14980000,2.15090000,2.14040000,2.14220000,997749.00000000,1744485299999999,2139431.41810000,10460,507709.00000000,1088550.44380000,0
1744485300000000,2.14220000,2.14840000,2.13630000,2.13950000,1441079.00000000,1744486199999999,3086742.24090000,11893,653893.00000000,1401908.12520000,0
1744486200000000,2.13960000,2.14000000,2.13090000,2.13880000,757920.00000000,1744487099999999,1618803.86230000,10879,258024.00000000,551190.30670000,0
1744487100000000,2.13890000,2.14200000,2.13540000,2.13780000,612725.00000000,1744487999999999,1310527.24350000,8731,256918.00000000,549459.87600000,0
1744488000000000,2.13790000,2.14770000,2.13540000,2.14610000,784423.00000000,1744488899999999,1680597.85500000,11685,496317.00000000,1063192.59400000,0
1744488900000000,2.14610000,2.15150000,2.14420000,2.15120000,1383831.00000000,1744489799999999,2973423.21490000,10368,960628.00000000,2064305.88150000,0
1744489800000000,2.15110000,2.16620000,2.15080000,2.16190000,2172717.00000000,1744490699999999,4689933.92800000,21987,1250429.00000000,2699544.39960000,0
1744490700000000,2.16190000,2.16280000,2.15210000,2.15360000,1385044.00000000,1744491599999999,2986757.16700000,13886,575121.00000000,1240243.47860000,0
1744491600000000,2.15360000,2.16200000,2.14940000,2.15620000,1402950.00000000,1744492499999999,3025547.23710000,15049,785433.00000000,1694338.58970000,0
1744492500000000,2.15620000,2.16090000,2.15260000,2.15390000,980332.00000000,1744493399999999,2113595.38420000,8069,429026.00000000,924985.91200000,0
1744493400000000,2.15390000,2.16240000,2.14610000,2.16140000,856515.00000000,1744494299999999,1844515.33270000,8295,380754.00000000,820570.39840000,0
1744494300000000,2.16130000,2.16140000,2.15500000,2.15660000,1046408.00000000,1744495199999999,2259350.96520000,7846,337852.00000000,729303.99110000,0
1744495200000000,2.15670000,2.16450000,2.15510000,2.15910000,1147407.00000000,1744496099999999,2478231.66390000,13766,495536.00000000,1070331.68240000,0
1744496100000000,2.15900000,2.16650000,2.15770000,2.15950000,1044906.00000000,1744496999999999,2259243.64600000,8460,636785.00000000,1376590.74160000,0
1744497000000000,2.15950000,2.16590000,2.15720000,2.16240000,816598.00000000,1744497899999999,1765468.65010000,8688,399101.00000000,863004.15790000,0
1744497900000000,2.16240000,2.16240000,2.15260000,2.15460000,859154.00000000,1744498799999999,1853871.67960000,8427,293677.00000000,633742.21500000,0
1744498800000000,2.15450000,2.16050000,2.15050000,2.15120000,650131.00000000,1744499699999999,1401282.29690000,9738,306417.00000000,660369.60340000,0
1744499700000000,2.15120000,2.16060000,2.15060000,2.15400000,587923.00000000,1744500599999999,1267602.24590000,8875,291183.00000000,627843.28090000,0
1744500600000000,2.15390000,2.15700000,2.15120000,2.15690000,569116.00000000,1744501499999999,1225943.47670000,7475,317501.00000000,684018.98570000,0
1744501500000000,2.15680000,2.16080000,2.15540000,2.15980000,721264.00000000,1744502399999999,1556871.35490000,7910,329146.00000000,710376.18210000,0
1744502400000000,2.15970000,2.16680000,2.15050000,2.16540000,1561811.00000000,1744503299999999,3372218.20330000,19953,750188.00000000,1619744.37400000,0
1744503300000000,2.16540000,2.17070000,2.15050000,2.15120000,1223864.00000000,1744504199999999,2644792.96320000,16305,596938.00000000,1290799.32890000,0
1744504200000000,2.15130000,2.16420000,2.14300000,2.16190000,1368365.00000000,1744505099999999,2944994.86210000,19996,631428.00000000,1359011.13730000,0
1744505100000000,2.16190000,2.17350000,2.15960000,2.16070000,1531175.00000000,1744505999999999,3319373.54550000,14711,741916.00000000,1609018.83610000,0
1744506000000000,2.16070000,2.17050000,2.15580000,2.16930000,1297145.00000000,1744506899999999,2808319.36690000,15653,872367.00000000,1889514.78660000,0
1744506900000000,2.16930000,2.17140000,2.15820000,2.16800000,678078.00000000,1744507799999999,1468517.72030000,14728,286411.00000000,620159.08230000,0
1744507800000000,2.16800000,2.17400000,2.15580000,2.16290000,1356912.00000000,1744508699999999,2934268.32790000,19581,671053.00000000,1451391.08800000,0
1744508700000000,2.16280000,2.16530000,2.14400000,2.15100000,1476657.00000000,1744509599999999,3174628.38080000,19077,626239.00000000,1346489.67660000,0
1744509600000000,2.15110000,2.15730000,2.14520000,2.14520000,848788.00000000,1744510499999999,1827569.89430000,12034,404277.00000000,870570.59560000,0
1744510500000000,2.14510000,2.14670000,2.13500000,2.13880000,2081716.00000000,1744511399999999,4454109.13510000,20077,792895.00000000,1696439.92000000,0
1744511400000000,2.13870000,2.15040000,2.13750000,2.14850000,1231912.00000000,1744512299999999,2640899.30290000,16287,850750.00000000,1824215.75800000,0
1744512300000000,2.14850000,2.15510000,2.14540000,2.15090000,887809.00000000,1744513199999999,1909502.96910000,12240,530833.00000000,1141874.50210000,0
1744513200000000,2.15100000,2.15680000,2.14970000,2.15640000,1010943.00000000,1744514099999999,2177686.84780000,13085,360465.00000000,776521.87150000,0
1744514100000000,2.15640000,2.15640000,2.14210000,2.14380000,999736.00000000,1744514999999999,2147612.15100000,11030,260082.00000000,558545.28090000,0
1744515000000000,2.14380000,2.15220000,2.14350000,2.15200000,719171.00000000,1744515899999999,1545334.06230000,8794,316194.00000000,679349.08340000,0
1744515900000000,2.15200000,2.16150000,2.15200000,2.15630000,896396.00000000,1744516799999999,1933501.14610000,8119,394229.00000000,850398.35080000,0
1744516800000000,2.15630000,2.15970000,2.15060000,2.15310000,638515.00000000,1744517699999999,1375890.50110000,8430,281980.00000000,607809.69070000,0
1744517700000000,2.15310000,2.15750000,2.14460000,2.15690000,635090.00000000,1744518599999999,1365822.48210000,8203,342226.00000000,735881.10040000,0
1744518600000000,2.15700000,2.15820000,2.14570000,2.14910000,686184.00000000,1744519499999999,1474760.68480000,13871,234109.00000000,503122.32420000,0
1744519500000000,2.14910000,2.15400000,2.13530000,2.13820000,2286580.00000000,1744520399999999,4902754.79960000,15864,713170.00000000,1528150.55180000,0
1744520400000000,2.13830000,2.14330000,2.12680000,2.12780000,1455884.00000000,1744521299999999,3106397.78150000,16793,640887.00000000,1367445.88790000,0
1744521300000000,2.12780000,2.13740000,2.12770000,2.13670000,1445783.00000000,1744522199999999,3080978.91400000,13442,839129.00000000,1787581.95990000,0
1744522200000000,2.13670000,2.14530000,2.13510000,2.14420000,524380.00000000,1744523099999999,1122399.97440000,10791,314605.00000000,673462.21290000,0
1744523100000000,2.14420000,2.14450000,2.13450000,2.13750000,531001.00000000,1744523999999999,1135425.26370000,7559,170802.00000000,365106.71770000,0
1744524000000000,2.13760000,2.14150000,2.13200000,2.14010000,512950.00000000,1744524899999999,1096834.08190000,9632,275136.00000000,588339.85400000,0
1744524900000000,2.14020000,2.14450000,2.13560000,2.14430000,568315.00000000,1744525799999999,1216119.84350000,8686,279219.00000000,597479.21150000,0
1744525800000000,2.14420000,2.14810000,2.14090000,2.14250000,784388.00000000,1744526699999999,1682513.08680000,8630,271170.00000000,581658.19390000,0
1744526700000000,2.14250000,2.14880000,2.14150000,2.14150000,439229.00000000,1744527599999999,942168.11980000,8361,189224.00000000,405899.69860000,0
1744527600000000,2.14150000,2.14960000,2.14100000,2.14930000,559377.00000000,1744528499999999,1200861.07000000,8360,235007.00000000,504564.00490000,0
1744528500000000,2.14930000,2.15380000,2.14670000,2.15330000,875839.00000000,1744529399999999,1884142.62950000,8689,547241.00000000,1177298.61220000,0
1744529400000000,2.15340000,2.15420000,2.13860000,2.14160000,866476.00000000,1744530299999999,1859056.28280000,10399,309990.00000000,665216.36290000,0
1744530300000000,2.14160000,2.14910000,2.14120000,2.14630000,516949.00000000,1744531199999999,1109324.62530000,7818,293850.00000000,630553.89020000,0
1744531200000000,2.14640000,2.14960000,2.13510000,2.13780000,1063143.00000000,1744532099999999,2275121.47370000,10472,502095.00000000,1074494.40590000,0
1744532100000000,2.13790000,2.15840000,2.13640000,2.15810000,1749556.00000000,1744532999999999,3764402.37680000,13425,1138896.00000000,2450447.61250000,0
1744533000000000,2.15800000,2.16860000,2.15490000,2.16400000,2003335.00000000,1744533899999999,4330855.17200000,17988,1179403.00000000,2549834.10960000,0
1744533900000000,2.16400000,2.18060000,2.16370000,2.17610000,3350197.00000000,1744534799999999,7281793.79460000,29847,1967712.00000000,4277299.57050000,0
1744534800000000,2.17620000,2.17890000,2.16940000,2.17240000,1459411.00000000,1744535699999999,3171286.76740000,17192,614828.00000000,1336376.83530000,0
1744535700000000,2.17230000,2.19130000,2.16950000,2.18750000,2381062.00000000,1744536599999999,5192071.25660000,21478,1372099.00000000,2993947.31520000,0
1744536600000000,2.18760000,2.19470000,2.18030000,2.19080000,2235131.00000000,1744537499999999,4890546.40300000,23497,1144355.00000000,2503799.23370000,0
1744537500000000,2.19090000,2.23180000,2.18710000,2.22990000,7662823.00000000,1744538399999999,16950257.90430000,56355,4685713.00000000,10359516.71430000,0
1744538400000000,2.22980000,2.24750000,2.21400000,2.21680000,7347665.00000000,1744539299999999,16360808.05000000,70843,3748526.00000000,8348724.62340000,0
1744539300000000,2.21670000,2.22330000,2.19960000,2.20470000,3684813.00000000,1744540199999999,8130338.68350000,32408,1646737.00000000,3633567.14660000,0
1744540200000000,2.20460000,2.21450000,2.19440000,2.20710000,3093290.00000000,1744541099999999,6823574.03930000,29055,1240434.00000000,2736922.56250000,0
1744541100000000,2.20710000,2.22090000,2.20610000,2.22020000,1909042.00000000,1744541999999999,4229714.54480000,17699,1138756.00000000,2522452.49900000,0
1744542000000000,2.22020000,2.23090000,2.21870000,2.22970000,4352632.00000000,1744542899999999,9685340.81080000,24188,2607757.00000000,5804678.86590000,0
1744542900000000,2.22980000,2.22980000,2.20470000,2.21960000,2810722.00000000,1744543799999999,6226612.80680000,31194,1240227.00000000,2748660.43170000,0
1744543800000000,2.21960000,2.22050000,2.19460000,2.19560000,3208236.00000000,1744544699999999,7072967.95180000,25553,1477352.00000000,3255677.48870000,0
1744544700000000,2.19570000,2.20260000,2.18520000,2.20100000,4747595.00000000,1744545599999999,10419162.68320000,29019,1707224.00000000,3746305.38890000,0
1744545600000000,2.20110000,2.20620000,2.19420000,2.20280000,1606659.00000000,1744546499999999,3535764.31210000,17840,788568.00000000,1735569.61830000,0
1744546500000000,2.20270000,2.20580000,2.16580000,2.17030000,7539112.00000000,1744547399999999,16435385.60710000,47997,3122855.00000000,6809919.57930000,0
1744547400000000,2.17030000,2.18460000,2.16430000,2.17880000,2490737.00000000,1744548299999999,5418669.83620000,27218,1488679.00000000,3238129.78960000,0
1744548300000000,2.17870000,2.18400000,2.17440000,2.18100000,1105063.00000000,1744549199999999,2408020.07030000,15226,572530.00000000,1247464.90340000,0
1744549200000000,2.18090000,2.18710000,2.17540000,2.18070000,914983.00000000,1744550099999999,1995619.99040000,13994,387555.00000000,845356.23910000,0
1744550100000000,2.18060000,2.18380000,2.15520000,2.15760000,3540852.00000000,1744550999999999,7667932.92840000,30321,1239430.00000000,2684224.26890000,0
1744551000000000,2.15760000,2.16660000,2.13840000,2.14530000,5265571.00000000,1744551899999999,11322897.20150000,32923,1857983.00000000,3999926.73430000,0
1744551900000000,2.14520000,2.15550000,2.13400000,2.14340000,5005382.00000000,1744552799999999,10718094.50650000,38770,2229623.00000000,4773157.75650000,0
1744552800000000,2.14340000,2.15250000,2.13730000,2.14780000,2767836.00000000,1744553699999999,5939523.16860000,28788,1455742.00000000,3124593.54420000,0
1744553700000000,2.14780000,2.15180000,2.14000000,2.14540000,1228333.00000000,1744554599999999,2634019.34810000,20839,580153.00000000,1244240.22550000,0
1744554600000000,2.14540000,2.15990000,2.14240000,2.15540000,1806248.00000000,1744555499999999,3890166.19170000,20109,1143899.00000000,2463392.30630000,0
1744555500000000,2.15540000,2.15750000,2.14850000,2.14940000,1194606.00000000,1744556399999999,2572762.78230000,13539,451639.00000000,972492.31790000,0
1744556400000000,2.14930000,2.14940000,2.13120000,2.14390000,2084874.00000000,1744557299999999,4457464.70110000,21664,909800.00000000,1944536.06280000,0
1744557300000000,2.14380000,2.14710000,2.13700000,2.13870000,1050022.00000000,1744558199999999,2248199.73180000,18048,505895.00000000,1083121.92450000,0
1744558200000000,2.13880000,2.14570000,2.13410000,2.13940000,1236934.00000000,1744559099999999,2647364.81690000,15881,622684.00000000,1332525.94250000,0
1744559100000000,2.13940000,2.15110000,2.13780000,2.14760000,945341.00000000,1744559999999999,2028328.13330000,10826,587693.00000000,1260843.33970000,0
1744560000000000,2.14760000,2.15970000,2.14690000,2.15700000,1721745.00000000,1744560899999999,3709617.41520000,16365,1055076.00000000,2273393.19540000,0
1744560900000000,2.15700000,2.17630000,2.15320000,2.16850000,2926977.00000000,1744561799999999,6337798.70610000,22522,1498503.00000000,3242520.41580000,0
1744561800000000,2.16860000,2.17140000,2.15610000,2.15720000,2632587.00000000,1744562699999999,5697762.70590000,20371,1138212.00000000,2463933.75430000,0
1744562700000000,2.15720000,2.16560000,2.15200000,2.15880000,1546417.00000000,1744563599999999,3338035.51820000,13558,741235.00000000,1600392.00340000,0
1744563600000000,2.15890000,2.16540000,2.15310000,2.16540000,988541.00000000,1744564499999999,2135879.43590000,11921,621572.00000000,1343113.35720000,0
1744564500000000,2.16530000,2.18080000,2.16090000,2.16880000,2409868.00000000,1744565399999999,5236304.50730000,24638,1344632.00000000,2921721.18420000,0
1744565400000000,2.16890000,2.17680000,2.16200000,2.17430000,1955990.00000000,1744566299999999,4243868.54480000,15323,999813.00000000,2169830.45440000,0
1744566300000000,2.17440000,2.18220000,2.17230000,2.17460000,1431895.00000000,1744567199999999,3118979.30850000,17697,771839.00000000,1681366.38100000,0
1744567200000000,2.17460000,2.18530000,2.16960000,2.17830000,1807944.00000000,1744568099999999,3940664.46850000,17664,834090.00000000,1818656.19810000,0
1744568100000000,2.17830000,2.18070000,2.16620000,2.16820000,1060898.00000000,1744568999999999,2305144.11940000,12752,452699.00000000,983681.15420000,0
1744569000000000,2.16830000,2.18320000,2.16650000,2.17730000,1297742.00000000,1744569899999999,2823489.22290000,13161,667898.00000000,1452814.86850000,0
1744569900000000,2.17720000,2.17770000,2.16670000,2.16820000,792351.00000000,1744570799999999,1720605.96510000,10070,263692.00000000,572755.02330000,0
1744570800000000,2.16820000,2.16980000,2.14680000,2.15550000,1869803.00000000,1744571699999999,4032148.72280000,15173,721885.00000000,1557064.22550000,0
1744571700000000,2.15540000,2.15900000,2.14720000,2.15580000,1035450.00000000,1744572599999999,2230341.96730000,11215,386372.00000000,832374.78770000,0
1744572600000000,2.15590000,2.15990000,2.09700000,2.10810000,9246955.00000000,1744573499999999,19587036.61950000,68617,3762056.00000000,7970447.09110000,0
1744573500000000,2.10810000,2.12760000,2.10350000,2.12010000,4615964.00000000,1744574399999999,9763947.52590000,43180,2175557.00000000,4600947.52120000,0
1744574400000000,2.12020000,2.14510000,2.10780000,2.13410000,3572745.00000000,1744575299999999,7594859.55400000,35362,1869231.00000000,3973854.08470000,0
1744575300000000,2.13400000,2.14210000,2.12740000,2.13020000,1051839.00000000,1744576199999999,2244757.40960000,18208,471093.00000000,1005637.57670000,0
1744576200000000,2.13010000,2.13290000,2.10570000,2.11140000,2350571.00000000,1744577099999999,4977726.69060000,25604,998993.00000000,2115960.06370000,0
1744577100000000,2.11150000,2.12200000,2.10620000,2.11110000,2254326.00000000,1744577999999999,4766374.73680000,21389,1169300.00000000,2473023.96250000,0
1744578000000000,2.11120000,2.11420000,2.09090000,2.10390000,4771141.00000000,1744578899999999,10016281.02660000,39887,2276626.00000000,4780308.30450000,0
1744578900000000,2.10390000,2.11890000,2.09960000,2.11420000,1779946.00000000,1744579799999999,3753872.39220000,17849,705709.00000000,1488386.68510000,0
1744579800000000,2.11420000,2.12000000,2.08910000,2.10350000,2068623.00000000,1744580699999999,4347941.41570000,19480,963639.00000000,2025095.97380000,0
1744580700000000,2.10350000,2.11960000,2.10280000,2.10880000,1079560.00000000,1744581599999999,2277327.76540000,14882,453428.00000000,957075.87640000,0
1744581600000000,2.10890000,2.11970000,2.09830000,2.09860000,1518490.00000000,1744582499999999,3201296.88460000,24454,732393.00000000,1544897.02560000,0
1744582500000000,2.09850000,2.10540000,2.09460000,2.10110000,1495246.00000000,1744583399999999,3141256.12750000,12935,697859.00000000,1466304.08380000,0
1744583400000000,2.10110000,2.10330000,2.08720000,2.08950000,1734751.00000000,1744584299999999,3630096.50530000,18668,775306.00000000,1622563.38810000,0
1744584300000000,2.08960000,2.09920000,2.08630000,2.09180000,1996047.00000000,1744585199999999,4179007.68270000,14467,1116221.00000000,2336961.94080000,0
1744585200000000,2.09190000,2.10570000,2.08010000,2.10090000,2632773.00000000,1744586099999999,5507883.19430000,30787,1466534.00000000,3070341.73730000,0
1744586100000000,2.10080000,2.10910000,2.10030000,2.10850000,1023975.00000000,1744586999999999,2154297.23290000,13905,460748.00000000,969487.15900000,0
1744587000000000,2.10840000,2.11410000,2.10460000,2.11410000,778276.00000000,1744587899999999,1641946.10240000,11843,408145.00000000,861170.70340000,0
1744587900000000,2.11420000,2.12380000,2.11190000,2.11960000,1310627.00000000,1744588799999999,2777060.08670000,14493,759362.00000000,1608862.55240000,0
1744588800000000,2.11960000,2.13040000,2.11240000,2.12710000,1471121.00000000,1744589699999999,3124394.25580000,20522,840430.00000000,1785132.40160000,0
1744589700000000,2.12710000,2.15170000,2.12500000,2.14800000,3339313.00000000,1744590599999999,7150389.43320000,37291,2191292.00000000,4692240.16560000,0
1744590600000000,2.14800000,2.15280000,2.13380000,2.14830000,1314827.00000000,1744591499999999,2818936.61350000,20211,538193.00000000,1153903.76490000,0
1744591500000000,2.14830000,2.14990000,2.13370000,2.13870000,1146634.00000000,1744592399999999,2453684.12360000,16224,438713.00000000,939238.15610000,0
1744592400000000,2.13870000,2.14530000,2.13460000,2.13830000,1025002.00000000,1744593299999999,2193307.75520000,19523,520420.00000000,1113489.02190000,0
1744593300000000,2.13820000,2.14550000,2.13230000,2.14540000,784937.00000000,1744594199999999,1678636.54710000,14262,407161.00000000,870866.76360000,0
1744594200000000,2.14540000,2.15080000,2.13420000,2.13910000,2008912.00000000,1744595099999999,4303629.15340000,14589,982238.00000000,2104438.87630000,0
1744595100000000,2.13900000,2.14170000,2.12810000,2.13450000,1279916.00000000,1744595999999999,2731858.92040000,13332,499535.00000000,1066513.92370000,0
1744596000000000,2.13460000,2.13830000,2.12770000,2.13550000,1088630.00000000,1744596899999999,2322090.35590000,13679,631007.00000000,1346112.89800000,0
1744596900000000,2.13560000,2.16020000,2.13350000,2.15970000,1948372.00000000,1744597799999999,4181978.66920000,19550,1352355.00000000,2905084.51020000,0
1744597800000000,2.15970000,2.18040000,2.15260000,2.15630000,3300502.00000000,1744598699999999,7152109.30430000,36915,1628625.00000000,3530195.66590000,0
1744598700000000,2.15640000,2.16780000,2.15270000,2.15280000,1689583.00000000,1744599599999999,3648819.59540000,20350,915608.00000000,1977212.52390000,0
1744599600000000,2.15270000,2.15330000,2.14130000,2.14590000,1936393.00000000,1744600499999999,4158628.35280000,17385,1044586.00000000,2243723.02760000,0
1744600500000000,2.14580000,2.15290000,2.14270000,2.14640000,1102907.00000000,1744601399999999,2368746.65230000,11632,665537.00000000,1429387.18390000,0
1744601400000000,2.14650000,2.15500000,2.14370000,2.14910000,1308628.00000000,1744602299999999,2811275.78150000,13980,774544.00000000,1663973.69490000,0
1744602300000000,2.14900000,2.15300000,2.13650000,2.14000000,1226768.00000000,1744603199999999,2628666.04670000,11725,697756.00000000,1495049.10680000,0
1744603200000000,2.14010000,2.14290000,2.13430000,2.13890000,1554754.00000000,1744604099999999,3323955.66790000,10579,1062890.00000000,2272117.61400000,0
1744604100000000,2.13890000,2.15120000,2.13730000,2.15010000,808771.00000000,1744604999999999,1734786.63180000,11047,401256.00000000,860705.98720000,0
1744605000000000,2.15010000,2.15530000,2.14420000,2.15280000,1004219.00000000,1744605899999999,2159540.74590000,12078,536676.00000000,1154159.38270000,0
1744605900000000,2.15280000,2.15940000,2.15160000,2.15340000,913009.00000000,1744606799999999,1968727.91660000,11645,455273.00000000,981774.22860000,0
1744606800000000,2.15340000,2.15920000,2.14590000,2.14610000,1116173.00000000,1744607699999999,2401984.50810000,12822,408976.00000000,879770.78400000,0
1744607700000000,2.14620000,2.14690000,2.14310000,2.14540000,946905.00000000,1744608599999999,2030893.42500000,8908,550136.00000000,1179904.96080000,0
1744608600000000,2.14530000,2.14900000,2.12980000,2.13130000,1733706.00000000,1744609499999999,3703408.96580000,17935,821693.00000000,1755487.21200000,0
1744609500000000,2.13130000,2.13920000,2.12930000,2.13380000,2133774.00000000,1744610399999999,4552805.24060000,15307,974522.00000000,2079780.60860000,0
1744610400000000,2.13370000,2.13470000,2.12550000,2.12970000,1495267.00000000,1744611299999999,3184315.33900000,17955,766964.00000000,1633269.91480000,0
1744611300000000,2.12970000,2.13660000,2.12740000,2.12790000,1603977.00000000,1744612199999999,3421015.28810000,13561,1099363.00000000,2344950.65370000,0
1744612200000000,2.12790000,2.13160000,2.12170000,2.13000000,2074306.00000000,1744613099999999,4412276.10830000,14328,997897.00000000,2122948.58850000,0
1744613100000000,2.13010000,2.13150000,2.11820000,2.11820000,1807953.00000000,1744613999999999,3839151.96470000,14857,878001.00000000,1864882.92860000,0
1744614000000000,2.11820000,2.12560000,2.10890000,2.10930000,2599587.00000000,1744614899999999,5506230.00010000,25253,1500357.00000000,3179619.22430000,0
1744614900000000,2.10920000,2.12100000,2.10380000,2.11990000,1827225.00000000,1744615799999999,3861519.63250000,23922,1071263.00000000,2264542.10790000,0
1744615800000000,2.11990000,2.12770000,2.11810000,2.12420000,1072187.00000000,1744616699999999,2275721.66560000,13507,655703.00000000,1391533.22220000,0
1744616700000000,2.12420000,2.12970000,2.12290000,2.12810000,882521.00000000,1744617599999999,1877115.83780000,10102,604892.00000000,1286651.33010000,0
1744617600000000,2.12820000,2.13600000,2.12300000,2.12570000,1332426.00000000,1744618499999999,2838094.78030000,13233,628106.00000000,1338295.02780000,0
1744618500000000,2.12570000,2.13710000,2.12270000,2.13530000,1717222.00000000,1744619399999999,3657942.77440000,10994,1136187.00000000,2419671.48950000,0
1744619400000000,2.13520000,2.14130000,2.12970000,2.13960000,909664.00000000,1744620299999999,1943997.74250000,11438,526935.00000000,1126508.66250000,0
1744620300000000,2.13950000,2.14320000,2.13410000,2.13780000,750656.00000000,1744621199999999,1604684.48460000,11244,306289.00000000,654784.87530000,0
1744621200000000,2.13770000,2.14490000,2.13460000,2.14260000,1123097.00000000,1744622099999999,2403096.66000000,14295,705491.00000000,1509224.89680000,0
1744622100000000,2.14270000,2.14270000,2.13010000,2.13010000,792813.00000000,1744622999999999,1693204.70610000,10811,464233.00000000,991588.78660000,0
1744623000000000,2.13010000,2.13140000,2.11860000,2.12130000,1585090.00000000,1744623899999999,3365868.83900000,12606,732277.00000000,1554518.11960000,0
1744623900000000,2.12130000,2.12910000,2.11680000,2.12730000,1329809.00000000,1744624799999999,2821186.82020000,10650,688520.00000000,1460779.19940000,0
1744624800000000,2.12730000,2.13710000,2.12640000,2.13290000,1501885.00000000,1744625699999999,3202753.77990000,13940,749982.00000000,1599216.51950000,0
1744625700000000,2.13290000,2.14650000,2.13240000,2.14310000,1431525.00000000,1744626599999999,3065821.63490000,16041,798683.00000000,1710489.57510000,0
1744626600000000,2.14320000,2.15290000,2.14220000,2.15250000,1931680.00000000,1744627499999999,4147020.83760000,18447,1015417.00000000,2180046.22590000,0
1744627500000000,2.15250000,2.15380000,2.14620000,2.14770000,1195152.00000000,1744628399999999,2569772.95790000,13765,595053.00000000,1279487.86750000,0
1744628400000000,2.14780000,2.15600000,2.14440000,2.15370000,1196407.00000000,1744629299999999,2572764.84630000,19287,616089.00000000,1324856.89310000,0
1744629300000000,2.15370000,2.15620000,2.14160000,2.14710000,1529937.00000000,1744630199999999,3286222.83480000,14892,621115.00000000,1335111.16010000,0
1744630200000000,2.14700000,2.15680000,2.14680000,2.15430000,1474448.00000000,1744631099999999,3174061.64230000,18270,871743.00000000,1876240.42840000,0
1744631100000000,2.15420000,2.15670000,2.15210000,2.15620000,911817.00000000,1744631999999999,1964320.91520000,12645,535352.00000000,1153294.25040000,0
1744632000000000,2.15620000,2.16300000,2.15140000,2.15490000,1920076.00000000,1744632899999999,4144241.56620000,21587,1077354.00000000,2325414.98310000,0
1744632900000000,2.15480000,2.16350000,2.15120000,2.16180000,1611522.00000000,1744633799999999,3475960.44280000,20205,685503.00000000,1478579.09320000,0
1744633800000000,2.16170000,2.16850000,2.15690000,2.16140000,2138279.00000000,1744634699999999,4626616.32450000,15785,842641.00000000,1822577.33620000,0
1744634700000000,2.16140000,2.16520000,2.15400000,2.16040000,1280770.00000000,1744635599999999,2765337.39870000,15781,749579.00000000,1618337.64140000,0
1744635600000000,2.16040000,2.16650000,2.15380000,2.15540000,1322209.00000000,1744636499999999,2854402.18620000,17402,476382.00000000,1029136.61940000,0
1744636500000000,2.15530000,2.16350000,2.15240000,2.15350000,1525432.00000000,1744637399999999,3291450.46490000,16180,572558.00000000,1235373.19030000,0
1744637400000000,2.15350000,2.15750000,2.13140000,2.13540000,3901372.00000000,1744638299999999,8354191.08540000,42507,1702020.00000000,3644876.40570000,0
1744638300000000,2.13550000,2.14150000,2.12410000,2.13100000,3122190.00000000,1744639199999999,6660733.87970000,34401,1837428.00000000,3921183.13180000,0
1744639200000000,2.13100000,2.14460000,2.12710000,2.14130000,1887627.00000000,1744640099999999,4037667.28290000,22121,1046732.00000000,2238704.60170000,0
1744640100000000,2.14140000,2.15290000,2.13790000,2.15290000,1076688.00000000,1744640999999999,2310673.33150000,17655,589685.00000000,1265359.70350000,0
1744641000000000,2.15290000,2.16870000,2.14810000,2.16290000,2579990.00000000,1744641899999999,5569998.69390000,24628,1355704.00000000,2927029.92720000,0
1744641900000000,2.16290000,2.17850000,2.16000000,2.16010000,3344214.00000000,1744642799999999,7257994.07730000,33157,1765836.00000000,3833160.19940000,0
1744642800000000,2.16000000,2.16360000,2.13550000,2.14000000,3515920.00000000,1744643699999999,7544977.50990000,42813,1601369.00000000,3435561.52410000,0
1744643700000000,2.14000000,2.15120000,2.13610000,2.13860000,2220532.00000000,1744644599999999,4761241.90940000,24380,969887.00000000,2078796.30200000,0
1744644600000000,2.13870000,2.14820000,2.11810000,2.13430000,3430123.00000000,1744645499999999,7307543.60860000,36861,1686796.00000000,3594774.75880000,0
1744645500000000,2.13420000,2.13480000,2.11020000,2.11600000,3001886.00000000,1744646399999999,6358471.84820000,35372,1299007.00000000,2751605.12240000,0
1744646400000000,2.11590000,2.12390000,2.10570000,2.11430000,2716196.00000000,1744647299999999,5745077.34610000,28299,1150617.00000000,2434878.36730000,0
1744647300000000,2.11430000,2.12950000,2.11360000,2.11640000,1513185.00000000,1744648199999999,3209836.98280000,23080,770325.00000000,1633903.46780000,0
1744648200000000,2.11640000,2.13990000,2.11460000,2.13990000,1797674.00000000,1744649099999999,3826685.12700000,19494,1160555.00000000,2470359.48940000,0
1744649100000000,2.14000000,2.14390000,2.13020000,2.13110000,1225744.00000000,1744649999999999,2620402.95490000,14108,528616.00000000,1130290.83000000,0
1744650000000000,2.13120000,2.14250000,2.13100000,2.14240000,1684863.00000000,1744650899999999,3600475.36890000,17557,885991.00000000,1892994.45830000,0
1744650900000000,2.14240000,2.15510000,2.13670000,2.15000000,1412447.00000000,1744651799999999,3035369.23930000,14487,728021.00000000,1564472.43330000,0
1744651800000000,2.15000000,2.15240000,2.14210000,2.14460000,621102.00000000,1744652699999999,1332871.98460000,8356,189066.00000000,405688.63170000,0
1744652700000000,2.14450000,2.15370000,2.14130000,2.15230000,664365.00000000,1744653599999999,1427769.82240000,7217,378812.00000000,814146.96020000,0
1744653600000000,2.15240000,2.16080000,2.15070000,2.15410000,1297205.00000000,1744654499999999,2798090.36430000,10600,503810.00000000,1086741.16410000,0
1744654500000000,2.15420000,2.15960000,2.15280000,2.15310000,912002.00000000,1744655399999999,1966634.45020000,9615,312235.00000000,673190.65900000,0
1744655400000000,2.15320000,2.15400000,2.14670000,2.15160000,1293569.00000000,1744656299999999,2781062.19190000,13653,718830.00000000,1545395.64180000,0
1744656300000000,2.15160000,2.15750000,2.14350000,2.15410000,929083.00000000,1744657199999999,2000509.55420000,9260,385870.00000000,830822.00020000,0
1744657200000000,2.15400000,2.16450000,2.15340000,2.16240000,1478263.00000000,1744658099999999,3194554.10880000,12480,871993.00000000,1884565.76030000,0
1744658100000000,2.16240000,2.16320000,2.15600000,2.16160000,1046280.00000000,1744658999999999,2260253.09100000,15013,443193.00000000,957346.43880000,0
1744659000000000,2.16160000,2.16500000,2.15560000,2.15870000,1411572.00000000,1744659899999999,3051020.08110000,11929,574926.00000000,1242732.26470000,0
1744659900000000,2.15860000,2.16080000,2.14990000,2.15220000,836438.00000000,1744660799999999,1801832.00770000,11978,393274.00000000,847088.66130000,0
1744660800000000,2.15230000,2.15740000,2.14700000,2.15550000,1198945.00000000,1744661699999999,2578900.27280000,10407,702459.00000000,1510730.90860000,0
1744661700000000,2.15540000,2.15570000,2.14170000,2.14540000,966217.00000000,1744662599999999,2074494.10610000,9964,476522.00000000,1023107.94940000,0
1744662600000000,2.14540000,2.14840000,2.14160000,2.14680000,465401.00000000,1744663499999999,998653.38290000,6395,239925.00000000,514873.76570000,0
1744663500000000,2.14680000,2.15440000,2.14640000,2.14740000,417371.00000000,1744664399999999,897734.74410000,6397,208176.00000000,447731.65850000,0
1744664400000000,2.14740000,2.14800000,2.14010000,2.14590000,630996.00000000,1744665299999999,1353053.42390000,6170,242961.00000000,521025.93220000,0
1744665300000000,2.14580000,2.14610000,2.13380000,2.13690000,811726.00000000,1744666199999999,1735676.96960000,7738,332947.00000000,711554.83640000,0
1744666200000000,2.13680000,2.13700000,2.12590000,2.13150000,780727.00000000,1744667099999999,1664146.33830000,9410,272628.00000000,580922.46300000,0
1744667100000000,2.13150000,2.14380000,2.13000000,2.14020000,479948.00000000,1744667999999999,1025932.52520000,6366,154557.00000000,330281.00900000,0
1744668000000000,2.14020000,2.14370000,2.13390000,2.13780000,541025.00000000,1744668899999999,1156633.53720000,11947,307898.00000000,658213.01910000,0
1744668900000000,2.13780000,2.13930000,2.13300000,2.13490000,695683.00000000,1744669799999999,1485950.21980000,7815,280709.00000000,599540.84430000,0
1744669800000000,2.13490000,2.14240000,2.13420000,2.13760000,367882.00000000,1744670699999999,786865.08490000,7231,153217.00000000,327698.15410000,0
1744670700000000,2.13770000,2.13820000,2.13060000,2.13280000,553593.00000000,1744671599999999,1180871.71280000,7944,187178.00000000,399318.03720000,0
1744671600000000,2.13290000,2.13870000,2.13180000,2.13410000,303473.00000000,1744672499999999,647911.61270000,8823,118249.00000000,252450.59670000,0
1744672500000000,2.13420000,2.13910000,2.12940000,2.12980000,372067.00000000,1744673399999999,793862.59050000,8369,185893.00000000,396613.14540000,0
1744673400000000,2.12980000,2.13460000,2.12520000,2.12540000,452107.00000000,1744674299999999,962789.44370000,10119,211155.00000000,449742.44250000,0
1744674300000000,2.12540000,2.12830000,2.12260000,2.12750000,556627.00000000,1744675199999999,1183220.48670000,6815,267077.00000000,567711.71810000,0
1744675200000000,2.12760000,2.13360000,2.12240000,2.12410000,1185974.00000000,1744676099999999,2523096.19010000,15004,628154.00000000,1336492.51320000,0
1744676100000000,2.12410000,2.13310000,2.11860000,2.13140000,949805.00000000,1744676999999999,2016845.40280000,14426,513545.00000000,1090315.06650000,0
1744677000000000,2.13140000,2.13660000,2.12850000,2.13440000,714632.00000000,1744677899999999,1524284.99050000,10503,407027.00000000,868276.12210000,0
1744677900000000,2.13450000,2.13920000,2.13370000,2.13740000,645283.00000000,1744678799999999,1379119.70680000,7953,346089.00000000,739651.52190000,0
1744678800000000,2.13740000,2.13950000,2.11660000,2.12000000,1120538.00000000,1744679699999999,2377412.13070000,12521,574505.00000000,1218721.22040000,0
1744679700000000,2.12000000,2.13390000,2.11900000,2.13380000,507928.00000000,1744680599999999,1080120.99790000,9942,251770.00000000,535210.96840000,0
1744680600000000,2.13380000,2.14150000,2.13140000,2.13650000,852415.00000000,1744681499999999,1821828.57550000,15813,435715.00000000,931360.77340000,0
1744681500000000,2.13650000,2.14230000,2.13390000,2.13660000,752437.00000000,1744682399999999,1609023.91640000,8785,349890.00000000,747993.69200000,0
1744682400000000,2.13650000,2.14590000,2.13290000,2.14270000,620832.00000000,1744683299999999,1327883.09670000,8432,418631.00000000,895188.69690000,0
1744683300000000,2.14270000,2.14550000,2.12770000,2.12820000,1076442.00000000,1744684199999999,2298305.35000000,9676,512354.00000000,1093257.62930000,0
1744684200000000,2.12810000,2.12810000,2.11950000,2.12790000,1510297.00000000,1744685099999999,3207492.30070000,12904,942016.00000000,2000606.73400000,0
1744685100000000,2.12790000,2.14000000,2.12600000,2.13830000,1014393.00000000,1744685999999999,2161370.49680000,10269,604881.00000000,1288799.44920000,0
1744686000000000,2.13830000,2.14120000,2.13510000,2.13950000,1266055.00000000,1744686899999999,2707781.21490000,10465,744450.00000000,1592177.75600000,0
1744686900000000,2.13950000,2.15400000,2.13930000,2.14820000,1866712.00000000,1744687799999999,4006639.65090000,14521,1013741.00000000,2175736.91790000,0
1744687800000000,2.14830000,2.15500000,2.14610000,2.14930000,1219861.00000000,1744688699999999,2623549.66990000,14091,647410.00000000,1392445.13220000,0
1744688700000000,2.14920000,2.15610000,2.14900000,2.15310000,1060565.00000000,1744689599999999,2282899.66470000,9936,634684.00000000,1366169.88930000,0
1744689600000000,2.15310000,2.15340000,2.14500000,2.14510000,968709.00000000,1744690499999999,2081366.17280000,10799,455827.00000000,979368.80100000,0
1744690500000000,2.14510000,2.14780000,2.14000000,2.14010000,710053.00000000,1744691399999999,1522407.63800000,7933,381881.00000000,818810.64030000,0
1744691400000000,2.14020000,2.14750000,2.13870000,2.14410000,847954.00000000,1744692299999999,1816857.57300000,8759,492071.00000000,1054316.69980000,0
1744692300000000,2.14410000,2.15110000,2.14250000,2.14950000,1529273.00000000,1744693199999999,3284620.34050000,8406,980936.00000000,2107308.45680000,0
1744693200000000,2.14950000,2.15560000,2.14910000,2.15350000,691762.00000000,1744694099999999,1488999.16910000,9787,272084.00000000,585742.60610000,0
1744694100000000,2.15350000,2.15620000,2.15110000,2.15110000,599071.00000000,1744694999999999,1289960.45300000,7500,233294.00000000,502347.83290000,0
1744695000000000,2.15120000,2.16000000,2.14820000,2.15170000,1649176.00000000,1744695899999999,3552404.75500000,13435,729357.00000000,1571139.01740000,0
1744695900000000,2.15160000,2.15370000,2.14660000,2.14740000,602137.00000000,1744696799999999,1294549.97970000,8504,281181.00000000,604554.87170000,0
1744696800000000,2.14730000,2.15130000,2.14250000,2.14410000,677515.00000000,1744697699999999,1453592.84030000,10793,336431.00000000,721650.04960000,0
1744697700000000,2.14410000,2.14720000,2.14090000,2.14460000,488196.00000000,1744698599999999,1046510.77950000,8389,192931.00000000,413548.10870000,0
1744698600000000,2.14460000,2.14750000,2.13720000,2.13830000,1451051.00000000,1744699499999999,3107006.12750000,13158,810029.00000000,1734171.20800000,0
1744699500000000,2.13830000,2.13940000,2.13240000,2.13240000,1535255.00000000,1744700399999999,3279738.18230000,9241,799993.00000000,1709218.75010000,0
1744700400000000,2.13240000,2.14190000,2.13230000,2.14040000,991224.00000000,1744701299999999,2119311.98060000,13135,581080.00000000,1242548.68840000,0
1744701300000000,2.14040000,2.15000000,2.14040000,2.14990000,972497.00000000,1744702199999999,2087088.75810000,11564,610206.00000000,1309425.44590000,0
1744702200000000,2.15000000,2.15520000,2.14820000,2.15090000,1399432.00000000,1744703099999999,3011134.03690000,11741,539492.00000000,1160833.29870000,0
1744703100000000,2.15100000,2.15200000,2.14850000,2.15170000,598082.00000000,1744703999999999,1286205.78890000,4022,347953.00000000,748353.50520000,0
1744704000000000,2.15170000,2.15570000,2.14930000,2.15480000,1113686.00000000,1744704899999999,2397226.37380000,7515,671479.00000000,1445514.98190000,0
1744704900000000,2.15480000,2.15620000,2.14940000,2.15010000,922968.00000000,1744705799999999,1987744.55310000,8003,472573.00000000,1017787.09070000,0
1744705800000000,2.15010000,2.15270000,2.14870000,2.15060000,499220.00000000,1744706699999999,1073558.24050000,5064,261892.00000000,563268.45950000,0
1744706700000000,2.15060000,2.15760000,2.15060000,2.15510000,1172688.00000000,1744707599999999,2527016.03540000,9141,543712.00000000,1171372.45680000,0
1744707600000000,2.15510000,2.18530000,2.15200000,2.17330000,5731711.00000000,1744708499999999,12441493.84650000,35798,3665463.00000000,7953773.56520000,0
1744708500000000,2.17340000,2.18030000,2.17040000,2.17040000,1348026.00000000,1744709399999999,2932358.20380000,18253,655691.00000000,1426421.19850000,0
1744709400000000,2.17030000,2.17090000,2.16060000,2.16290000,2010782.00000000,1744710299999999,4355722.57890000,15672,1031073.00000000,2233233.61220000,0
1744710300000000,2.16290000,2.16990000,2.16080000,2.16950000,1590012.00000000,1744711199999999,3444437.94030000,12779,944092.00000000,2045254.14450000,0
1744711200000000,2.16940000,2.17670000,2.16310000,2.16420000,1575297.00000000,1744712099999999,3416791.22500000,18657,864974.00000000,1876447.06010000,0
1744712100000000,2.16430000,2.16500000,2.15660000,2.16010000,1255008.00000000,1744712999999999,2711399.24570000,13491,550752.00000000,1189870.21590000,0
1744713000000000,2.16010000,2.16070000,2.14790000,2.14820000,1836127.00000000,1744713899999999,3952299.54830000,16650,782209.00000000,1683428.87000000,0
1744713900000000,2.14820000,2.15840000,2.14690000,2.15770000,1024215.00000000,1744714799999999,2205647.01040000,13441,528110.00000000,1137237.26890000,0
1744714800000000,2.15770000,2.16180000,2.14940000,2.15240000,1098462.00000000,1744715699999999,2368531.39810000,13875,460552.00000000,993008.39040000,0
1744715700000000,2.15230000,2.15260000,2.14690000,2.14970000,887715.00000000,1744716599999999,1907579.87260000,11151,493039.00000000,1059351.74020000,0
1744716600000000,2.14970000,2.15560000,2.14740000,2.15470000,942408.00000000,1744717499999999,2027787.35510000,12360,544110.00000000,1170709.45870000,0
1744717500000000,2.15470000,2.15510000,2.14560000,2.15150000,903489.00000000,1744718399999999,1941740.81970000,8497,502306.00000000,1079429.86400000,0
1744718400000000,2.15150000,2.16300000,2.15020000,2.16130000,1188740.00000000,1744719299999999,2567508.48920000,13355,431656.00000000,932065.85890000,0
1744719300000000,2.16130000,2.16530000,2.15260000,2.15440000,2090190.00000000,1744720199999999,4515900.69010000,16668,1241885.00000000,2683297.98220000,0
1744720200000000,2.15440000,2.15900000,2.15120000,2.15690000,1079158.00000000,1744721099999999,2326095.96510000,15358,614801.00000000,1325080.70520000,0
1744721100000000,2.15680000,2.16530000,2.15390000,2.16380000,1443957.00000000,1744721999999999,3120173.17110000,13131,529053.00000000,1142898.74110000,0
1744722000000000,2.16370000,2.17260000,2.16330000,2.16920000,1846401.00000000,1744722899999999,4003678.44320000,18489,803509.00000000,1741963.28290000,0
1744722900000000,2.16920000,2.17100000,2.16210000,2.16940000,1055702.00000000,1744723799999999,2288483.12340000,11974,386801.00000000,838477.41090000,0
1744723800000000,2.16940000,2.17970000,2.16270000,2.17370000,2482631.00000000,1744724699999999,5393414.18520000,31558,1122203.00000000,2438425.13410000,0
1744724700000000,2.17380000,2.18500000,2.15640000,2.16060000,3643508.00000000,1744725599999999,7916683.21330000,38313,2134156.00000000,4640182.87170000,0
1744725600000000,2.16060000,2.17070000,2.15400000,2.16410000,2048410.00000000,1744726499999999,4427995.98480000,26793,1113375.00000000,2406682.06940000,0
1744726500000000,2.16420000,2.16940000,2.13680000,2.14040000,4931251.00000000,1744727399999999,10581119.86060000,42875,1979186.00000000,4245460.18680000,0
1744727400000000,2.14040000,2.15450000,2.13730000,2.15270000,2158907.00000000,1744728299999999,4628149.06840000,26066,1201319.00000000,2575635.49220000,0
1744728300000000,2.15270000,2.15470000,2.14230000,2.14280000,1710839.00000000,1744729199999999,3675227.80990000,16610,678781.00000000,1458323.94650000,0
1744729200000000,2.14280000,2.15090000,2.12900000,2.14590000,4589672.00000000,1744730099999999,9819183.72110000,28093,1728786.00000000,3697913.15660000,0
1744730100000000,2.14590000,2.15230000,2.14260000,2.14300000,890381.00000000,1744730999999999,1912525.73750000,11548,476625.00000000,1023725.30150000,0
1744731000000000,2.14310000,2.14460000,2.13060000,2.13530000,1638476.00000000,1744731899999999,3501459.17830000,17816,690191.00000000,1475043.68960000,0
1744731900000000,2.13540000,2.13910000,2.12690000,2.13480000,2109620.00000000,1744732799999999,4497387.56350000,22828,1101244.00000000,2347581.53940000,0
1744732800000000,2.13490000,2.14050000,2.13160000,2.13830000,1358449.00000000,1744733699999999,2903034.66810000,20543,688746.00000000,1472046.03240000,0
1744733700000000,2.13820000,2.14200000,2.13380000,2.14010000,872811.00000000,1744734599999999,1866265.95090000,12677,538602.00000000,1151619.37690000,0
1744734600000000,2.14020000,2.14300000,2.13680000,2.13900000,676467.00000000,1744735499999999,1446882.57150000,8950,321968.00000000,688769.70660000,0
1744735500000000,2.13900000,2.14130000,2.12930000,2.13070000,1452164.00000000,1744736399999999,3100718.53200000,12644,466824.00000000,997150.88350000,0
1744736400000000,2.13070000,2.13690000,2.12830000,2.13670000,792224.00000000,1744737299999999,1690173.73440000,11357,383974.00000000,819098.31060000,0
1744737300000000,2.13680000,2.13720000,2.11970000,2.12060000,2167323.00000000,1744738199999999,4604465.05140000,18079,790929.00000000,1680291.90250000,0
1744738200000000,2.12050000,2.12650000,2.11940000,2.12420000,1111849.00000000,1744739099999999,2360467.50680000,11697,688607.00000000,1462158.23240000,0
1744739100000000,2.12410000,2.12640000,2.11300000,2.11590000,2015545.00000000,1744739999999999,4268629.00370000,15753,840883.00000000,1780527.23500000,0
1744740000000000,2.11590000,2.12180000,2.11410000,2.11810000,2048080.00000000,1744740899999999,4337589.75770000,18282,1301046.00000000,2755446.59150000,0
1744740900000000,2.11810000,2.11810000,2.10420000,2.10950000,3146564.00000000,1744741799999999,6637286.93640000,25203,1331442.00000000,2808760.90430000,0
1744741800000000,2.10950000,2.12140000,2.10930000,2.12010000,1269685.00000000,1744742699999999,2686465.21300000,13904,694679.00000000,1470312.38020000,0
1744742700000000,2.12010000,2.12280000,2.11350000,2.11810000,1613161.00000000,1744743599999999,3417085.51970000,14184,652516.00000000,1382357.22300000,0
1744743600000000,2.11800000,2.12650000,2.11230000,2.12570000,1249353.00000000,1744744499999999,2647085.41890000,17030,558641.00000000,1183946.72350000,0
1744744500000000,2.12570000,2.13080000,2.11740000,2.12110000,1541883.00000000,1744745399999999,3277974.33910000,16765,668342.00000000,1420959.29580000,0
1744745400000000,2.12110000,2.12720000,2.12040000,2.12320000,1123164.00000000,1744746299999999,2386205.99400000,10806,464619.00000000,986960.76580000,0
1744746300000000,2.12310000,2.12380000,2.11600000,2.11800000,988443.00000000,1744747199999999,2095468.61540000,13289,391556.00000000,829913.80440000,0
1744747200000000,2.11800000,2.12570000,2.11590000,2.12490000,732574.00000000,1744748099999999,1553363.76150000,9994,454033.00000000,962704.13420000,0
1744748100000000,2.12490000,2.12710000,2.12140000,2.12220000,520568.00000000,1744748999999999,1105963.03160000,6417,316798.00000000,673130.58070000,0
1744749000000000,2.12220000,2.12550000,2.12030000,2.12140000,374059.00000000,1744749899999999,794173.56350000,5147,190338.00000000,404110.05880000,0
1744749900000000,2.12130000,2.12130000,2.10000000,2.10890000,2521866.00000000,1744750799999999,5311623.29050000,19213,844458.00000000,1778441.22250000,0
1744750800000000,2.10900000,2.11680000,2.10680000,2.11680000,927847.00000000,1744751699999999,1960252.20190000,11406,483559.00000000,1021891.75270000,0
1744751700000000,2.11680000,2.12330000,2.11130000,2.11890000,773267.00000000,1744752599999999,1637711.10330000,8524,387912.00000000,821497.48600000,0
1744752600000000,2.11890000,2.12330000,2.11830000,2.12150000,645343.00000000,1744753499999999,1368648.98730000,5971,366540.00000000,777384.87440000,0
1744753500000000,2.12150000,2.12340000,2.11500000,2.11820000,404402.00000000,1744754399999999,857116.81940000,5954,212209.00000000,449771.26200000,0
1744754400000000,2.11810000,2.11810000,2.10450000,2.10490000,1093543.00000000,1744755299999999,2307699.08910000,18378,566347.00000000,1195015.52950000,0
1744755300000000,2.10490000,2.10580000,2.09390000,2.10000000,1856900.00000000,1744756199999999,3898774.12370000,17414,626424.00000000,1314883.39970000,0
1744756200000000,2.10010000,2.10330000,2.09520000,2.09810000,876350.00000000,1744757099999999,1839322.84840000,14345,536218.00000000,1125365.13380000,0
1744757100000000,2.09810000,2.10070000,2.08770000,2.09940000,1622689.00000000,1744757999999999,3394482.29850000,17466,633553.00000000,1325511.24050000,0
1744758000000000,2.09940000,2.10050000,2.09060000,2.09490000,1064135.00000000,1744758899999999,2228190.00020000,13020,361391.00000000,756764.37740000,0
1744758900000000,2.09500000,2.09520000,2.08670000,2.09370000,957660.00000000,1744759799999999,2002917.09470000,12952,496581.00000000,1038558.90480000,0
1744759800000000,2.09380000,2.09500000,2.08520000,2.08700000,1007690.00000000,1744760699999999,2105273.42430000,13088,447037.00000000,933892.01040000,0
1744760700000000,2.08690000,2.09060000,2.08370000,2.08420000,1581543.00000000,1744761599999999,3299913.14100000,11005,738793.00000000,1541761.00430000,0
1744761600000000,2.08430000,2.09040000,2.07340000,2.07430000,3028616.00000000,1744762499999999,6304414.60220000,21323,754227.00000000,1570645.57810000,0
1744762500000000,2.07420000,2.09400000,2.06630000,2.09400000,2619631.00000000,1744763399999999,5439087.42930000,25402,1364552.00000000,2835640.61450000,0
1744763400000000,2.09400000,2.09760000,2.08040000,2.08260000,2056489.00000000,1744764299999999,4299392.59790000,15884,970237.00000000,2029007.56830000,0
1744764300000000,2.08260000,2.08370000,2.07130000,2.07300000,1722766.00000000,1744765199999999,3577399.08930000,15336,878976.00000000,1825142.35630000,0
1744765200000000,2.07290000,2.08860000,2.07080000,2.08340000,1552124.00000000,1744766099999999,3230334.98120000,15568,869232.00000000,1808384.22580000,0
1744766100000000,2.08340000,2.09640000,2.08200000,2.09220000,1067889.00000000,1744766999999999,2233004.77730000,13106,615152.00000000,1286169.67720000,0
1744767000000000,2.09210000,2.09290000,2.08240000,2.08740000,1146348.00000000,1744767899999999,2392831.19440000,14012,583212.00000000,1217358.67540000,0
1744767900000000,2.08740000,2.09780000,2.08670000,2.09330000,944506.00000000,1744768799999999,1977885.48670000,10823,502016.00000000,1051186.82400000,0
1744768800000000,2.09340000,2.09800000,2.09090000,2.09420000,943026.00000000,1744769699999999,1975137.32980000,11605,469370.00000000,983039.81710000,0
1744769700000000,2.09410000,2.09680000,2.08430000,2.08640000,1830684.00000000,1744770599999999,3823327.56460000,9893,896677.00000000,1872572.35580000,0
1744770600000000,2.08630000,2.08920000,2.07990000,2.08000000,1202864.00000000,1744771499999999,2507299.60550000,8165,670248.00000000,1397345.62970000,0
1744771500000000,2.08000000,2.09100000,2.07870000,2.08890000,1517755.00000000,1744772399999999,3165186.90190000,8195,888730.00000000,1853105.24490000,0
1744772400000000,2.08890000,2.08920000,2.08330000,2.08600000,873182.00000000,1744773299999999,1821291.68350000,7336,521936.00000000,1088494.48740000,0
1744773300000000,2.08610000,2.09190000,2.08550000,2.08600000,926293.00000000,1744774199999999,1935196.90200000,7260,517303.00000000,1080909.55210000,0
1744774200000000,2.08590000,2.08810000,2.08340000,2.08390000,595874.00000000,1744775099999999,1242963.14190000,6387,277988.00000000,579884.61330000,0
1744775100000000,2.08390000,2.08390000,2.08050000,2.08290000,428440.00000000,1744775999999999,892193.74130000,4948,211002.00000000,439386.29870000,0
1744776000000000,2.08280000,2.09000000,2.08000000,2.08600000,764784.00000000,1744776899999999,1595830.65060000,7002,442096.00000000,922672.23450000,0
1744776900000000,2.08590000,2.08590000,2.07500000,2.07740000,1046880.00000000,1744777799999999,2175600.45550000,11710,413373.00000000,859054.49300000,0
1744777800000000,2.07750000,2.07960000,2.07240000,2.07380000,946318.00000000,1744778699999999,1963439.91150000,9444,404250.00000000,838775.57520000,0
1744778700000000,2.07380000,2.08060000,2.07260000,2.08030000,503224.00000000,1744779599999999,1045647.00280000,5290,223294.00000000,463978.48690000,0
1744779600000000,2.08040000,2.08820000,2.07930000,2.08750000,557977.00000000,1744780499999999,1163239.24210000,7713,355508.00000000,741135.81690000,0
1744780500000000,2.08750000,2.09080000,2.06380000,2.07230000,2237406.00000000,1744781399999999,4641995.59390000,22410,1136659.00000000,2358591.37550000,0
1744781400000000,2.07230000,2.07720000,2.06410000,2.07230000,1529691.00000000,1744782299999999,3167777.93130000,15625,686662.00000000,1421807.85300000,0
1744782300000000,2.07230000,2.07250000,2.06370000,2.06410000,1525935.00000000,1744783199999999,3154496.03340000,12860,804549.00000000,1663226.48640000,0
1744783200000000,2.06410000,2.06840000,2.05330000,2.06570000,2963693.00000000,1744784099999999,6107182.11120000,19020,1174748.00000000,2420287.98020000,0
1744784100000000,2.06560000,2.07130000,2.06460000,2.06500000,1258056.00000000,1744784999999999,2601087.40580000,9973,675886.00000000,1397319.82520000,0
1744785000000000,2.06500000,2.06970000,2.06440000,2.06800000,1325614.00000000,1744785899999999,2739603.68160000,12933,616395.00000000,1273932.28430000,0
1744785900000000,2.06800000,2.07450000,2.06720000,2.07060000,1309642.00000000,1744786799999999,2712374.30240000,8349,533289.00000000,1104370.67750000,0
1744786800000000,2.07070000,2.07440000,2.06130000,2.06230000,1079029.00000000,1744787699999999,2229097.50050000,10119,452549.00000000,935216.35780000,0
1744787700000000,2.06240000,2.06250000,2.04810000,2.05070000,3328330.00000000,1744788599999999,6836256.95010000,15983,1416751.00000000,2911271.21760000,0
1744788600000000,2.05070000,2.05500000,2.04330000,2.05200000,2336374.00000000,1744789499999999,4785819.83450000,16437,1303502.00000000,2670059.66620000,0
1744789500000000,2.05200000,2.05420000,2.04490000,2.05050000,1080256.00000000,1744790399999999,2215081.28050000,11303,617414.00000000,1266136.75310000,0
1744790400000000,2.05060000,2.05370000,2.03550000,2.03910000,2669768.00000000,1744791299999999,5452428.80410000,21548,953158.00000000,1946134.19470000,0
1744791300000000,2.03900000,2.06650000,2.03690000,2.06140000,3662024.00000000,1744792199999999,7510998.74600000,24883,2061433.00000000,4227777.80250000,0
1744792200000000,2.06130000,2.07900000,2.06130000,2.07270000,3277175.00000000,1744793099999999,6786454.20890000,26788,1769128.00000000,3664018.78110000,0
1744793100000000,2.07260000,2.07420000,2.06570000,2.07000000,1328251.00000000,1744793999999999,2748394.92090000,17705,693646.00000000,1435408.97510000,0
1744794000000000,2.07000000,2.08450000,2.06690000,2.07790000,1803065.00000000,1744794899999999,3743325.09890000,20334,933801.00000000,1938331.01780000,0
1744794900000000,2.07800000,2.08430000,2.07060000,2.07310000,1080378.00000000,1744795799999999,2243186.10420000,13881,466442.00000000,968771.60580000,0
1744795800000000,2.07310000,2.07800000,2.06910000,2.07320000,877799.00000000,1744796699999999,1820207.92570000,8931,354495.00000000,735285.25250000,0
1744796700000000,2.07310000,2.07440000,2.06330000,2.06330000,856721.00000000,1744797599999999,1771053.98300000,9644,322166.00000000,666088.62610000,0
1744797600000000,2.06340000,2.07080000,2.06330000,2.06790000,805993.00000000,1744798499999999,1666597.83900000,10454,431737.00000000,892712.63190000,0
1744798500000000,2.06780000,2.08020000,2.06710000,2.07580000,1236658.00000000,1744799399999999,2566530.78100000,14677,681691.00000000,1414628.90480000,0
1744799400000000,2.07590000,2.07710000,2.07160000,2.07430000,615103.00000000,1744800299999999,1275740.23190000,7918,283733.00000000,588469.17300000,0
1744800300000000,2.07430000,2.08190000,2.07370000,2.08110000,902693.00000000,1744801199999999,1875919.71120000,9249,508399.00000000,1056759.65810000,0
1744801200000000,2.08110000,2.08620000,2.07750000,2.08470000,1340747.00000000,1744802099999999,2791623.82530000,11732,865843.00000000,1803163.47480000,0
1744802100000000,2.08470000,2.08800000,2.07870000,2.08020000,1093573.00000000,1744802999999999,2278040.96730000,9043,572699.00000000,1193172.49810000,0
1744803000000000,2.08010000,2.08560000,2.07570000,2.08540000,1034420.00000000,1744803899999999,2151910.68070000,9691,592418.00000000,1232547.89550000,0
1744803900000000,2.08550000,2.09010000,2.08540000,2.08920000,1331808.00000000,1744804799999999,2781520.68210000,11937,588156.00000000,1228295.29750000,0
1744804800000000,2.08920000,2.09090000,2.08220000,2.08230000,1087767.00000000,1744805699999999,2269279.21750000,12766,520350.00000000,1085680.85050000,0
1744805700000000,2.08230000,2.09350000,2.08230000,2.09340000,994913.00000000,1744806599999999,2079133.35330000,10306,503389.00000000,1051816.74900000,0
1744806600000000,2.09350000,2.09410000,2.07820000,2.07940000,1105043.00000000,1744807499999999,2304411.07290000,11368,602601.00000000,1256524.01920000,0
1744807500000000,2.07930000,2.07930000,2.06990000,2.07170000,1913459.00000000,1744808399999999,3967333.15360000,12896,849276.00000000,1760593.58300000,0
1744808400000000,2.07160000,2.07800000,2.06880000,2.07430000,1722689.00000000,1744809299999999,3572553.72000000,12662,853917.00000000,1771374.39130000,0
1744809300000000,2.07430000,2.07790000,2.06670000,2.07000000,1244396.00000000,1744810199999999,2576077.17440000,11127,545500.00000000,1129269.14160000,0
1744810200000000,2.07010000,2.08780000,2.06440000,2.08310000,2018559.00000000,1744811099999999,4194822.47140000,28430,1131749.00000000,2352085.43540000,0
1744811100000000,2.08310000,2.08390000,2.06720000,2.06780000,1417023.00000000,1744811999999999,2939932.55790000,14542,647698.00000000,1343476.33190000,0
1744812000000000,2.06770000,2.08480000,2.06720000,2.07760000,1168684.00000000,1744812899999999,2428847.22950000,17084,550081.00000000,1143062.96330000,0
1744812900000000,2.07760000,2.09220000,2.07420000,2.09000000,1286313.00000000,1744813799999999,2682972.52320000,14164,638987.00000000,1332315.01810000,0
1744813800000000,2.09010000,2.10710000,2.09010000,2.10660000,3339719.00000000,1744814699999999,7017961.24730000,34902,1821234.00000000,3826760.13410000,0
1744814700000000,2.10650000,2.11050000,2.09650000,2.09660000,2563465.00000000,1744815599999999,5391075.46580000,26639,1452020.00000000,3054484.85940000,0
1744815600000000,2.09660000,2.10300000,2.09360000,2.09860000,1624893.00000000,1744816499999999,3409082.70410000,22150,871101.00000000,1827818.52940000,0
1744816500000000,2.09870000,2.12070000,2.09530000,2.11430000,2611979.00000000,1744817399999999,5515192.77000000,23823,1440357.00000000,3040862.61930000,0
1744817400000000,2.11430000,2.11660000,2.10010000,2.10290000,2152852.00000000,1744818299999999,4533851.56460000,21340,1074426.00000000,2262202.78660000,0
1744818300000000,2.10300000,2.10470000,2.09300000,2.09380000,1338220.00000000,1744819199999999,2808073.51270000,16945,750222.00000000,1574229.88520000,0
1744819200000000,2.09390000,2.10340000,2.09130000,2.10170000,1629049.00000000,1744820099999999,3416411.37950000,19056,850957.00000000,1784749.64490000,0
1744820100000000,2.10170000,2.10340000,2.08760000,2.09340000,1352977.00000000,1744820999999999,2834764.85670000,14303,573629.00000000,1201698.50010000,0
1744821000000000,2.09340000,2.09950000,2.08360000,2.08880000,1431980.00000000,1744821899999999,2992704.26040000,16370,603630.00000000,1261690.70610000,0
1744821900000000,2.08890000,2.11200000,2.08550000,2.10780000,1721283.00000000,1744822799999999,3615808.80080000,17554,782873.00000000,1644519.91380000,0
1744822800000000,2.10790000,2.11910000,2.10710000,2.11300000,1851867.00000000,1744823699999999,3912614.05770000,18647,873775.00000000,1846375.15990000,0
1744823700000000,2.11300000,2.12090000,2.11110000,2.11540000,1582536.00000000,1744824599999999,3348456.09490000,15718,790976.00000000,1674290.26530000,0
1744824600000000,2.11550000,2.13000000,2.07420000,2.08400000,6282307.00000000,1744825499999999,13188923.67730000,46774,2806061.00000000,5898585.94000000,0
1744825500000000,2.08400000,2.08430000,2.04690000,2.05280000,6314875.00000000,1744826399999999,13016343.70690000,58893,3036031.00000000,6259796.01010000,0
1744826400000000,2.05280000,2.10140000,2.05180000,2.09330000,5901664.00000000,1744827299999999,12253656.85980000,64950,3266960.00000000,6781435.99860000,0
1744827300000000,2.09330000,2.10070000,2.07510000,2.09590000,2180657.00000000,1744828199999999,4555843.87600000,29419,1274504.00000000,2664120.31720000,0
1744828200000000,2.09580000,2.09800000,2.06960000,2.07690000,1763318.00000000,1744829099999999,3674877.43820000,26439,826363.00000000,1722035.03600000,0
1744829100000000,2.07680000,2.09100000,2.07260000,2.08530000,1175640.00000000,1744829999999999,2447453.62240000,18103,710915.00000000,1480117.12980000,0
1744830000000000,2.08540000,2.09310000,2.07520000,2.08420000,806886.00000000,1744830899999999,1681719.97540000,12232,329511.00000000,686852.90520000,0
1744830900000000,2.08420000,2.08560000,2.06930000,2.07090000,1069809.00000000,1744831799999999,2220405.60650000,12158,441331.00000000,916177.43790000,0
1744831800000000,2.07090000,2.08710000,2.06790000,2.08420000,1456545.00000000,1744832699999999,3026588.86080000,13646,738885.00000000,1535351.54000000,0
1744832700000000,2.08420000,2.11850000,2.08380000,2.10660000,3632070.00000000,1744833599999999,7645677.48160000,33937,1872116.00000000,3940268.32600000,0
1744833600000000,2.10650000,2.11720000,2.10510000,2.10850000,1928871.00000000,1744834499999999,4073106.21450000,18429,1023340.00000000,2161091.92860000,0
1744834500000000,2.10850000,2.11640000,2.10740000,2.11350000,998111.00000000,1744835399999999,2107861.69180000,13446,471950.00000000,996899.14450000,0
1744835400000000,2.11360000,2.11610000,2.09940000,2.10190000,1476946.00000000,1744836299999999,3110177.77140000,13561,524533.00000000,1104360.99680000,0
1744836300000000,2.10190000,2.10370000,2.09020000,2.09470000,1217263.00000000,1744837199999999,2551961.16480000,13768,617158.00000000,1294146.14270000,0
1744837200000000,2.09470000,2.10340000,2.08920000,2.10310000,1599443.00000000,1744838099999999,3355140.17830000,15413,856210.00000000,1796107.68200000,0
1744838100000000,2.10320000,2.11440000,2.10000000,2.10960000,1051328.00000000,1744838999999999,2217854.47190000,9454,584433.00000000,1232572.73230000,0
1744839000000000,2.10960000,2.11260000,2.10490000,2.10830000,784064.00000000,1744839899999999,1653176.77530000,8580,367764.00000000,775355.49370000,0
1744839900000000,2.10840000,2.11380000,2.10490000,2.10580000,1047801.00000000,1744840799999999,2211582.99070000,7325,363286.00000000,766658.09660000,0
1744840800000000,2.10590000,2.10830000,2.09800000,2.09820000,878651.00000000,1744841699999999,1848660.12670000,15372,243383.00000000,511923.82650000,0
1744841700000000,2.09820000,2.10170000,2.09630000,2.09680000,687795.00000000,1744842599999999,1443629.07670000,6494,344640.00000000,723408.50540000,0
1744842600000000,2.09680000,2.10320000,2.09620000,2.10290000,374023.00000000,1744843499999999,785444.14040000,7467,182343.00000000,382956.74490000,0
1744843500000000,2.10290000,2.10390000,2.09820000,2.09950000,323881.00000000,1744844399999999,680497.19190000,6068,139728.00000000,293546.22480000,0
1744844400000000,2.09950000,2.10040000,2.09150000,2.09230000,501560.00000000,1744845299999999,1050749.98250000,6584,239951.00000000,502647.62200000,0
1744845300000000,2.09230000,2.09360000,2.08590000,2.08620000,640946.00000000,1744846199999999,1339031.80170000,6890,328417.00000000,686020.91250000,0
1744846200000000,2.08620000,2.08670000,2.07810000,2.08090000,703438.00000000,1744847099999999,1464137.93520000,9368,281232.00000000,585286.39760000,0
1744847100000000,2.08080000,2.08620000,2.07980000,2.08340000,581250.00000000,1744847999999999,1210958.99670000,7190,291047.00000000,606460.15490000,0
1744848000000000,2.08340000,2.08840000,2.07880000,2.08110000,840753.00000000,1744848899999999,1752392.04920000,12166,409916.00000000,854416.26880000,0
1744848900000000,2.08120000,2.08510000,2.07520000,2.07720000,862221.00000000,1744849799999999,1792686.37510000,13090,389303.00000000,809539.25740000,0
1744849800000000,2.07730000,2.08290000,2.07500000,2.07680000,659036.00000000,1744850699999999,1370639.86490000,12433,294881.00000000,613187.52130000,0
1744850700000000,2.07680000,2.08010000,2.07460000,2.07830000,698426.00000000,1744851599999999,1450629.10430000,9339,257653.00000000,535211.95130000,0
1744851600000000,2.07830000,2.08770000,2.07360000,2.08580000,706558.00000000,1744852499999999,1469795.16330000,10517,400260.00000000,832408.57500000,0
1744852500000000,2.08580000,2.08990000,2.07650000,2.08390000,1103583.00000000,1744853399999999,2299454.80070000,11946,618877.00000000,1289726.79750000,0
1744853400000000,2.08400000,2.08870000,2.07680000,2.07860000,460039.00000000,1744854299999999,958443.21680000,8897,235192.00000000,490014.59300000,0
1744854300000000,2.07870000,2.08200000,2.07500000,2.08200000,466707.00000000,1744855199999999,970000.27880000,6897,260623.00000000,541575.75270000,0
1744855200000000,2.08190000,2.08190000,2.07140000,2.07260000,1112645.00000000,1744856099999999,2308132.25720000,10453,576669.00000000,1196219.75820000,0
1744856100000000,2.07260000,2.07400000,2.06700000,2.07330000,1204922.00000000,1744856999999999,2494281.46100000,11300,722255.00000000,1495151.69230000,0
1744857000000000,2.07330000,2.07490000,2.06800000,2.07110000,516154.00000000,1744857899999999,1068799.78250000,9062,242911.00000000,503105.22890000,0
1744857900000000,2.07120000,2.07820000,2.07070000,2.07740000,484417.00000000,1744858799999999,1004782.22140000,8530,262064.00000000,543754.29260000,0
1744858800000000,2.07740000,2.08000000,2.07170000,2.07400000,402825.00000000,1744859699999999,836490.87410000,7711,170650.00000000,354270.67390000,0
1744859700000000,2.07400000,2.07460000,2.06250000,2.06300000,698701.00000000,1744860599999999,1444574.95180000,7820,232406.00000000,480533.61120000,0
1744860600000000,2.06300000,2.06790000,2.06300000,2.06620000,538259.00000000,1744861499999999,1111730.15190000,7920,294344.00000000,607982.30100000,0
1744861500000000,2.06610000,2.07160000,2.06330000,2.06970000,438723.00000000,1744862399999999,907653.34570000,7777,220241.00000000,455642.36830000,0
1744862400000000,2.06970000,2.07300000,2.06700000,2.06820000,395708.00000000,1744863299999999,818876.74500000,8101,177874.00000000,367998.87700000,0
1744863300000000,2.06820000,2.07550000,2.06800000,2.07350000,966356.00000000,1744864199999999,2003299.70850000,6659,566453.00000000,1174107.62040000,0
1744864200000000,2.07350000,2.07680000,2.07190000,2.07660000,629178.00000000,1744865099999999,1305248.95040000,6664,266435.00000000,552838.49850000,0
1744865100000000,2.07650000,2.08320000,2.07650000,2.08200000,739957.00000000,1744865999999999,1539874.10900000,6312,525511.00000000,1093528.65390000,0
1744866000000000,2.08210000,2.08960000,2.08190000,2.08810000,726513.00000000,1744866899999999,1514911.60510000,9065,363225.00000000,757448.37440000,0
1744866900000000,2.08820000,2.09610000,2.08780000,2.09040000,1011546.00000000,1744867799999999,2115760.80940000,9742,505333.00000000,1056877.63760000,0
1744867800000000,2.09030000,2.10230000,2.09000000,2.10110000,1084809.00000000,1744868699999999,2275957.77350000,13563,645402.00000000,1354129.10410000,0
1744868700000000,2.10100000,2.10360000,2.09600000,2.09640000,1494367.00000000,1744869599999999,3138249.94070000,10696,511056.00000000,1073211.50940000,0
1744869600000000,2.09640000,2.10200000,2.09160000,2.09660000,1050426.00000000,1744870499999999,2202682.05030000,10981,508285.00000000,1065964.55660000,0
1744870500000000,2.09670000,2.10710000,2.09370000,2.10390000,853921.00000000,1744871399999999,1794416.73400000,9378,390521.00000000,820552.53020000,0
1744871400000000,2.10390000,2.11040000,2.10140000,2.10400000,2963733.00000000,1744872299999999,6243315.67430000,14721,1459511.00000000,3073818.67370000,0
1744872300000000,2.10390000,2.10450000,2.08980000,2.09830000,2803286.00000000,1744873199999999,5877481.86240000,10467,1155666.00000000,2422631.02350000,0
1744873200000000,2.09840000,2.09980000,2.09210000,2.09440000,1727548.40000000,1744874099999999,3619373.47080000,10279,995924.80000000,2086743.62235000,0
1744874100000000,2.09430000,2.10000000,2.09310000,2.09990000,862923.50000000,1744874999999999,1808726.10490000,11420,309668.10000000,649229.30379000,0
1744875000000000,2.10000000,2.10450000,2.09310000,2.09360000,764963.80000000,1744875899999999,1605509.29479000,10335,353046.30000000,740786.11191000,0
1744875900000000,2.09370000,2.09690000,2.08830000,2.09130000,804356.60000000,1744876799999999,1682129.36443000,8525,363246.90000000,759699.36728000,0
1744876800000000,2.09120000,2.09490000,2.08970000,2.09280000,852580.30000000,1744877699999999,1784144.10400000,10378,452475.50000000,946768.48953000,0
1744877700000000,2.09270000,2.10090000,2.09040000,2.09810000,1370782.30000000,1744878599999999,2872496.86403000,9564,778675.30000000,1631578.00634000,0
1744878600000000,2.09810000,2.10170000,2.09540000,2.09690000,531169.10000000,1744879499999999,1115010.69240000,7973,248710.10000000,521969.08606000,0
1744879500000000,2.09700000,2.10140000,2.09190000,2.09310000,906566.40000000,1744880399999999,1900374.64024000,9230,451264.10000000,946041.37093000,0
1744880400000000,2.09320000,2.09360000,2.08690000,2.09000000,631178.80000000,1744881299999999,1319061.23180000,8753,187755.80000000,392366.45735000,0
1744881300000000,2.08990000,2.09300000,2.08630000,2.08990000,537296.80000000,1744882199999999,1122705.60172000,5892,279427.80000000,583898.42079000,0
1744882200000000,2.08990000,2.09930000,2.08920000,2.09910000,967159.10000000,1744883099999999,2025772.03616000,9058,577017.80000000,1208594.77804000,0
1744883100000000,2.09910000,2.09950000,2.09540000,2.09780000,383928.10000000,1744883999999999,805388.40071000,6333,169048.10000000,354616.80311000,0
1744884000000000,2.09790000,2.09870000,2.09040000,2.09040000,474716.30000000,1744884899999999,994544.26295000,8528,188609.10000000,395231.01164000,0
1744884900000000,2.09040000,2.09560000,2.08910000,2.09530000,608768.20000000,1744885799999999,1273990.93254000,7583,345391.20000000,722785.46639000,0
1744885800000000,2.09540000,2.09630000,2.09060000,2.09180000,476445.20000000,1744886699999999,997568.49635000,6667,256012.90000000,536093.55811000,0
1744886700000000,2.09180000,2.09630000,2.09030000,2.09490000,378645.60000000,1744887599999999,792742.76166000,5534,215601.60000000,451386.77178000,0
1744887600000000,2.09490000,2.10030000,2.09320000,2.09350000,633828.00000000,1744888499999999,1329589.06905000,7446,307588.30000000,645262.21117000,0
1744888500000000,2.09360000,2.09980000,2.09260000,2.09900000,304044.00000000,1744889399999999,637687.65085000,7120,159193.60000000,333879.02665000,0
1744889400000000,2.09900000,2.10400000,2.09590000,2.10380000,582040.40000000,1744890299999999,1222774.64413000,7999,257409.10000000,540664.56752000,0
1744890300000000,2.10380000,2.10750000,2.10210000,2.10250000,663052.40000000,1744891199999999,1395319.51389000,7937,297342.80000000,625674.10576000,0
1744891200000000,2.10260000,2.10990000,2.10260000,2.10820000,1316886.60000000,1744892099999999,2774833.82962000,14327,652320.20000000,1374533.17499000,0
1744892100000000,2.10810000,2.11390000,2.10600000,2.11380000,1184607.50000000,1744892999999999,2500065.08751000,10334,542119.40000000,1144118.66305000,0
1744893000000000,2.11390000,2.11460000,2.10720000,2.10810000,973148.10000000,1744893899999999,2053274.23662000,10519,283914.60000000,599125.29941000,0
1744893900000000,2.10810000,2.11140000,2.10570000,2.10920000,707891.50000000,1744894799999999,1492095.97419000,9489,314778.80000000,663524.95257000,0
1744894800000000,2.10930000,2.10980000,2.10130000,2.10200000,969597.90000000,1744895699999999,2040417.67593000,9889,381908.60000000,803630.89695000,0
1744895700000000,2.10200000,2.10620000,2.09830000,2.10210000,745360.70000000,1744896599999999,1566587.12835000,8638,268810.90000000,564963.84934000,0
1744896600000000,2.10200000,2.10400000,2.09170000,2.10050000,1407102.00000000,1744897499999999,2951872.41407000,21511,851269.50000000,1786274.87177000,0
1744897500000000,2.10050000,2.10600000,2.09690000,2.10100000,917929.00000000,1744898399999999,1929522.94612000,7791,543020.80000000,1141578.04986000,0
1744898400000000,2.10090000,2.10210000,2.08850000,2.09100000,1109099.30000000,1744899299999999,2322817.05041000,14784,481753.50000000,1009506.41756000,0
1744899300000000,2.09110000,2.09240000,2.07640000,2.07840000,1562945.10000000,1744900199999999,3255860.15842000,15610,739172.50000000,1540481.82263000,0
1744900200000000,2.07850000,2.08050000,2.06620000,2.07740000,2928536.20000000,1744901099999999,6069955.41921000,29573,1426138.00000000,2955287.84276000,0
1744901100000000,2.07730000,2.07740000,2.06410000,2.06600000,2650334.50000000,1744901999999999,5486437.85657000,20827,1775060.50000000,3674758.48632000,0
1744902000000000,2.06600000,2.08730000,2.06000000,2.08400000,3491942.60000000,1744902899999999,7236030.52365000,29549,1908179.20000000,3954755.55033000,0
1744902900000000,2.08400000,2.08550000,2.05730000,2.06270000,3223936.60000000,1744903799999999,6675223.95338000,28548,1517774.60000000,3140154.67787000,0
1744903800000000,2.06270000,2.07470000,2.06200000,2.07050000,1834253.90000000,1744904699999999,3795680.57764000,16350,1212962.00000000,2510004.05570000,0
1744904700000000,2.07050000,2.07490000,2.06540000,2.06750000,1074557.00000000,1744905599999999,2224408.23856000,14231,731860.30000000,1514794.41080000,0
1744905600000000,2.06750000,2.07600000,2.05830000,2.07170000,2804369.30000000,1744906499999999,5800119.41953000,27144,1521406.00000000,3146405.76471000,0
1744906500000000,2.07180000,2.09210000,2.07010000,2.08880000,2591429.70000000,1744907399999999,5401635.47440000,20722,1513614.30000000,3155133.41460000,0
1744907400000000,2.08870000,2.09610000,2.07890000,2.07900000,2156116.60000000,1744908299999999,4502031.28126000,21777,911916.90000000,1905188.74650000,0
1744908300000000,2.07910000,2.08600000,2.07720000,2.08450000,1208798.00000000,1744909199999999,2516264.22180000,13143,631811.60000000,1315529.57467000,0
1744909200000000,2.08450000,2.09190000,2.07770000,2.08740000,729434.40000000,1744910099999999,1520021.61287000,11319,399252.30000000,832174.69610000,0
1744910100000000,2.08750000,2.09320000,2.08480000,2.08790000,987380.10000000,1744910999999999,2062801.93394000,10260,429616.50000000,897662.11880000,0
1744911000000000,2.08790000,2.09560000,2.08740000,2.09230000,997445.70000000,1744911899999999,2086920.78668000,10800,619127.90000000,1295344.19261000,0
1744911900000000,2.09230000,2.10000000,2.09170000,2.09370000,1055163.50000000,1744912799999999,2212255.43518000,11678,434142.10000000,910257.52057000,0
1744912800000000,2.09370000,2.10410000,2.08990000,2.10030000,1897104.20000000,1744913699999999,3982608.73150000,16640,1148450.00000000,2410894.56122000,0
1744913700000000,2.10020000,2.10460000,2.09630000,2.09650000,1058194.00000000,1744914599999999,2222859.26314000,12777,547133.30000000,1149460.63711000,0
1744914600000000,2.09650000,2.09850000,2.09240000,2.09480000,715996.50000000,1744915499999999,1500564.07732000,8159,372074.40000000,779666.22399000,0
1744915500000000,2.09480000,2.09530000,2.07980000,2.08000000,1260091.10000000,1744916399999999,2630300.98157000,15608,553002.50000000,1154241.88387000,0
1744916400000000,2.07990000,2.08660000,2.07440000,2.07590000,914948.80000000,1744917299999999,1904182.64885000,9910,502021.60000000,1045379.95299000,0
1744917300000000,2.07590000,2.07620000,2.05240000,2.05850000,5278132.70000000,1744918199999999,10876312.75198000,33661,2792981.60000000,5753717.62701000,0
1744918200000000,2.05850000,2.06630000,2.05510000,2.06430000,2056861.20000000,1744919099999999,4238329.86742000,21881,1256045.00000000,2587858.07141000,0
1744919100000000,2.06440000,2.06910000,2.06010000,2.06590000,935601.40000000,1744919999999999,1931830.51075000,11340,524232.60000000,1082428.44286000,0
1744920000000000,2.06580000,2.07910000,2.06540000,2.07660000,912745.30000000,1744920899999999,1893432.33056000,8598,487399.60000000,1010794.01139000,0
1744920900000000,2.07660000,2.07800000,2.07100000,2.07500000,621286.20000000,1744921799999999,1288821.75594000,6000,297726.50000000,617670.44964000,0
1744921800000000,2.07500000,2.08100000,2.06700000,2.07230000,827001.40000000,1744922699999999,1713995.40764000,11683,340983.60000000,706682.56144000,0
1744922700000000,2.07220000,2.07730000,2.06990000,2.07340000,636632.20000000,1744923599999999,1320041.65865000,10671,373617.50000000,774567.40304000,0
1744923600000000,2.07340000,2.07410000,2.06820000,2.07200000,576946.50000000,1744924499999999,1194999.81759000,7878,220146.30000000,455868.21923000,0
1744924500000000,2.07210000,2.07320000,2.06480000,2.06880000,664474.10000000,1744925399999999,1374205.37712000,6252,485344.00000000,1003757.90135000,0
1744925400000000,2.06880000,2.07440000,2.06880000,2.07180000,512390.20000000,1744926299999999,1061768.96783000,5253,261384.30000000,541619.61373000,0
1744926300000000,2.07180000,2.07850000,2.07180000,2.07650000,535989.80000000,1744927199999999,1112639.37857000,5235,240295.30000000,498843.45662000,0
1744927200000000,2.07640000,2.07950000,2.07390000,2.07760000,744711.30000000,1744928099999999,1546615.37067000,10350,478115.10000000,992987.53918000,0
1744928100000000,2.07760000,2.07820000,2.07210000,2.07240000,311626.20000000,1744928999999999,646235.78866000,5707,118409.70000000,245548.41652000,0
1744929000000000,2.07250000,2.07680000,2.06810000,2.06990000,872739.70000000,1744929899999999,1807704.57413000,5565,475863.80000000,985701.73427000,0
1744929900000000,2.07000000,2.07000000,2.06030000,2.06240000,841536.90000000,1744930799999999,1737014.68120000,7612,401902.70000000,829720.48436000,0
1744930800000000,2.06250000,2.07080000,2.06250000,2.07060000,349870.80000000,1744931699999999,722967.94313000,5787,220313.60000000,455230.42226000,0
1744931700000000,2.07060000,2.07260000,2.06740000,2.07170000,754150.10000000,1744932599999999,1561554.79045000,7737,494264.30000000,1023443.97698000,0
1744932600000000,2.07170000,2.07410000,2.06760000,2.06770000,660475.10000000,1744933499999999,1367745.08538000,7265,323496.60000000,669866.50109000,0
1744933500000000,2.06760000,2.06910000,2.06500000,2.06730000,336849.50000000,1744934399999999,696256.53808000,5389,158285.90000000,327130.34150000,0
1744934400000000,2.06730000,2.06920000,2.06030000,2.06200000,761584.50000000,1744935299999999,1571754.48057000,12060,269158.20000000,555501.94616000,0
1744935300000000,2.06200000,2.06460000,2.05690000,2.06270000,861439.20000000,1744936199999999,1774930.45848000,10397,342442.50000000,705620.21721000,0
1744936200000000,2.06280000,2.06500000,2.05390000,2.05570000,850919.10000000,1744937099999999,1751187.25948000,9600,411790.60000000,847319.58845000,0
1744937100000000,2.05560000,2.05670000,2.04550000,2.04800000,1830639.30000000,1744937999999999,3752914.84485000,15918,645443.20000000,1323071.38998000,0
1744938000000000,2.04800000,2.06300000,2.04340000,2.06280000,1307849.20000000,1744938899999999,2686003.99784000,14385,657258.90000000,1349315.75616000,0
1744938900000000,2.06280000,2.06830000,2.05930000,2.06830000,751549.10000000,1744939799999999,1551073.44461000,9472,326222.80000000,673243.81724000,0
1744939800000000,2.06830000,2.06860000,2.05860000,2.05900000,390099.00000000,1744940699999999,805414.36608000,8851,152878.30000000,315592.09896000,0
1744940700000000,2.05900000,2.06410000,2.05500000,2.05720000,380278.10000000,1744941599999999,782846.54133000,7906,152387.90000000,313676.01011000,0
1744941600000000,2.05730000,2.06210000,2.04920000,2.05050000,773810.80000000,1744942499999999,1590038.84395000,9644,337549.30000000,693818.88429000,0
1744942500000000,2.05060000,2.05660000,2.04950000,2.05540000,760548.90000000,1744943399999999,1562127.50095000,7826,378759.80000000,777846.40234000,0
1744943400000000,2.05530000,2.06120000,2.05280000,2.05970000,550272.10000000,1744944299999999,1131721.66929000,8476,308037.30000000,633489.19725000,0
1744944300000000,2.05960000,2.06340000,2.05650000,2.05990000,288683.60000000,1744945199999999,594986.67848000,6298,157479.80000000,324580.86722000,0
1744945200000000,2.06000000,2.06090000,2.05040000,2.05270000,427831.20000000,1744946099999999,878565.53714000,6347,177041.60000000,363461.19626000,0
1744946100000000,2.05280000,2.05560000,2.04540000,2.04720000,913673.10000000,1744946999999999,1872618.70038000,7597,350481.20000000,718495.22203000,0
1744947000000000,2.04710000,2.05530000,2.04590000,2.05490000,571652.30000000,1744947899999999,1173130.55928000,6403,367230.10000000,753637.20126000,0
1744947900000000,2.05500000,2.05710000,2.05160000,2.05590000,381738.30000000,1744948799999999,784339.41753000,5105,250216.50000000,514101.47341000,0
1744948800000000,2.05600000,2.05740000,2.04800000,2.04830000,543054.90000000,1744949699999999,1113732.96564000,5337,163049.00000000,334554.14088000,0
1744949700000000,2.04830000,2.05940000,2.04690000,2.05910000,690778.70000000,1744950599999999,1418149.51112000,5918,433718.90000000,890538.29324000,0
1744950600000000,2.05920000,2.06050000,2.05660000,2.05880000,566290.40000000,1744951499999999,1165694.41802000,5579,215705.60000000,443990.98188000,0
1744951500000000,2.05880000,2.06500000,2.05580000,2.06390000,715297.90000000,1744952399999999,1474182.44163000,7174,409744.70000000,844355.94987000,0
1744952400000000,2.06390000,2.06470000,2.05780000,2.05970000,591892.60000000,1744953299999999,1219948.92913000,7459,209633.50000000,432184.32122000,0
1744953300000000,2.05980000,2.06220000,2.05310000,2.05540000,420463.40000000,1744954199999999,864995.75439000,8934,156038.90000000,320972.35750000,0
1744954200000000,2.05550000,2.06000000,2.05350000,2.05820000,285390.20000000,1744955099999999,586991.81866000,6662,170389.50000000,350391.01623000,0
1744955100000000,2.05820000,2.06450000,2.05720000,2.06420000,424701.00000000,1744955999999999,875381.46325000,5011,213428.90000000,439951.41493000,0
1744956000000000,2.06420000,2.06930000,2.06290000,2.06630000,822278.70000000,1744956899999999,1698933.78743000,8521,443293.50000000,915816.39342000,0
1744956900000000,2.06630000,2.06800000,2.06190000,2.06520000,500419.20000000,1744957799999999,1033232.55925000,5417,301576.10000000,622625.66360000,0
1744957800000000,2.06520000,2.06720000,2.06040000,2.06160000,576997.40000000,1744958699999999,1190098.71756000,6641,189976.00000000,391952.59020000,0
1744958700000000,2.06160000,2.06540000,2.05900000,2.06530000,484859.80000000,1744959599999999,999726.26998000,5864,185452.70000000,382422.83976000,0
1744959600000000,2.06530000,2.06740000,2.06020000,2.06170000,415643.80000000,1744960499999999,858165.75855000,7370,207907.80000000,429196.26079000,0
1744960500000000,2.06160000,2.06980000,2.05370000,2.05990000,1239288.10000000,1744961399999999,2554646.58582000,13760,540882.80000000,1115220.57448000,0
1744961400000000,2.05990000,2.06740000,2.05710000,2.06710000,469565.90000000,1744962299999999,968624.11416000,6383,277222.40000000,571926.24573000,0
1744962300000000,2.06700000,2.07170000,2.06470000,2.06920000,1247810.90000000,1744963199999999,2580952.41837000,7904,580059.50000000,1199724.80829000,0
1744963200000000,2.06920000,2.07700000,2.06800000,2.07600000,876584.20000000,1744964099999999,1817151.98640000,8035,453520.90000000,940267.95422000,0
1744964100000000,2.07590000,2.07850000,2.07410000,2.07660000,695699.80000000,1744964999999999,1444771.97885000,10119,349214.70000000,725151.64789000,0
1744965000000000,2.07650000,2.08100000,2.07180000,2.08070000,1101984.50000000,1744965899999999,2289066.08229000,11703,572279.10000000,1188768.61110000,0
1744965900000000,2.08070000,2.08120000,2.07360000,2.07660000,707668.20000000,1744966799999999,1470037.84494000,8259,355687.20000000,738954.36771000,0
1744966800000000,2.07670000,2.07810000,2.07240000,2.07700000,1033758.10000000,1744967699999999,2144928.07625000,9217,458408.60000000,951167.09656000,0
1744967700000000,2.07690000,2.07830000,2.07350000,2.07600000,918020.00000000,1744968599999999,1905886.06631000,8506,308544.40000000,640422.85698000,0
1744968600000000,2.07600000,2.07990000,2.07180000,2.07930000,697043.60000000,1744969499999999,1447503.12602000,5020,251727.00000000,522675.37345000,0
1744969500000000,2.07930000,2.08110000,2.07610000,2.07650000,625638.10000000,1744970399999999,1300795.49870000,4198,245268.40000000,510002.25964000,0
1744970400000000,2.07660000,2.07800000,2.07300000,2.07560000,467875.80000000,1744971299999999,971100.11329000,5451,181013.60000000,375681.76069000,0
1744971300000000,2.07560000,2.08050000,2.07540000,2.07860000,530930.50000000,1744972199999999,1103634.09195000,3921,262385.30000000,545366.35373000,0
1744972200000000,2.07860000,2.08030000,2.07520000,2.07820000,544439.40000000,1744973099999999,1131392.89582000,6121,251606.90000000,522917.63476000,0
1744973100000000,2.07810000,2.07950000,2.07110000,2.07270000,555913.90000000,1744973999999999,1153623.76826000,7109,206075.50000000,427896.16459000,0
1744974000000000,2.07280000,2.07720000,2.06950000,2.07680000,508730.80000000,1744974899999999,1054280.32396000,6977,189227.20000000,392153.45674000,0
1744974900000000,2.07670000,2.07770000,2.06950000,2.07180000,611850.30000000,1744975799999999,1268686.44970000,6014,203724.50000000,422267.14695000,0
1744975800000000,2.07190000,2.07400000,2.06910000,2.07380000,682092.70000000,1744976699999999,1412867.57877000,6560,320504.60000000,663977.32625000,0
1744976700000000,2.07370000,2.08070000,2.07220000,2.08020000,698114.50000000,1744977599999999,1450436.93377000,4314,409548.20000000,851020.25494000,0
1744977600000000,2.08020000,2.08250000,2.07780000,2.07860000,830549.20000000,1744978499999999,1727724.11182000,6779,373100.10000000,776152.74091000,0
1744978500000000,2.07850000,2.08000000,2.07420000,2.07940000,740143.90000000,1744979399999999,1537565.14876000,6395,278691.10000000,578906.77476000,0
1744979400000000,2.07950000,2.08590000,2.07940000,2.08510000,1131647.20000000,1744980299999999,2358344.84025000,8822,555496.90000000,1157559.14891000,0
1744980300000000,2.08510000,2.08580000,2.08070000,2.08070000,642518.50000000,1744981199999999,1338896.23279000,5468,297558.10000000,619953.99097000,0
1744981200000000,2.08080000,2.08090000,2.07230000,2.07380000,718548.30000000,1744982099999999,1492459.94532000,8625,261891.30000000,544076.72316000,0
1744982100000000,2.07390000,2.07810000,2.07130000,2.07380000,785891.90000000,1744982999999999,1630702.39203000,8714,372166.00000000,772340.22120000,0
1744983000000000,2.07380000,2.07990000,2.06840000,2.07070000,1245135.70000000,1744983899999999,2582735.41665000,12020,518484.70000000,1075558.73311000,0
1744983900000000,2.07070000,2.07770000,2.06860000,2.07660000,663180.20000000,1744984799999999,1375081.73546000,8019,308620.90000000,640075.20916000,0
1744984800000000,2.07660000,2.08070000,2.07500000,2.07710000,1605824.30000000,1744985699999999,3337753.98110000,12830,900674.60000000,1872180.95750000,0
1744985700000000,2.07700000,2.07700000,2.06990000,2.07180000,666273.40000000,1744986599999999,1381665.77128000,8066,226210.90000000,469097.53507000,0
1744986600000000,2.07170000,2.07930000,2.06830000,2.07810000,1020590.00000000,1744987499999999,2115935.48076000,9954,460128.70000000,954088.85468000,0
1744987500000000,2.07810000,2.07810000,2.07140000,2.07380000,740351.10000000,1744988399999999,1535749.95403000,7560,311134.50000000,645243.09647000,0
1744988400000000,2.07380000,2.07810000,2.05870000,2.06080000,1974237.00000000,1744989299999999,4075471.37954000,13993,791718.70000000,1634668.59914000,0
1744989300000000,2.06080000,2.06530000,2.05730000,2.05770000,901984.70000000,1744990199999999,1859039.61005000,10078,397353.80000000,819058.83265000,0
1744990200000000,2.05770000,2.06200000,2.05640000,2.05830000,1287708.60000000,1744991099999999,2652333.53477000,8568,788407.10000000,1624075.10047000,0
1744991100000000,2.05830000,2.06240000,2.05730000,2.05830000,705306.70000000,1744991999999999,1453140.52944000,7407,344609.30000000,709960.68246000,0
1744992000000000,2.05840000,2.06500000,2.05510000,2.06390000,622542.10000000,1744992899999999,1283087.11937000,8559,398856.10000000,822031.50187000,0
1744992900000000,2.06390000,2.06800000,2.06250000,2.06260000,584084.50000000,1744993799999999,1206301.74902000,6820,426389.90000000,880624.82997000,0
1744993800000000,2.06260000,2.06710000,2.06260000,2.06390000,400958.80000000,1744994699999999,828078.86379000,5908,280220.90000000,578731.08080000,0
1744994700000000,2.06390000,2.06560000,2.05980000,2.06560000,435441.90000000,1744995599999999,897982.95107000,5575,199918.00000000,412375.34150000,0
1744995600000000,2.06560000,2.06940000,2.06180000,2.06680000,326992.80000000,1744996499999999,675432.93233000,6710,117848.40000000,243498.37346000,0
1744996500000000,2.06680000,2.07340000,2.06660000,2.07170000,943087.20000000,1744997399999999,1951625.78310000,6154,454006.00000000,939629.33781000,0
1744997400000000,2.07170000,2.08050000,2.07020000,2.07830000,1475787.20000000,1744998299999999,3064525.56952000,8378,713251.00000000,1481132.47441000,0
1744998300000000,2.07830000,2.08040000,2.07530000,2.07890000,584001.60000000,1744999199999999,1213832.45043000,5934,294198.80000000,611500.05137000,0
1744999200000000,2.07900000,2.08070000,2.07660000,2.08000000,1277247.40000000,1745000099999999,2655420.48955000,6850,407871.00000000,848076.50872000,0
1745000100000000,2.08000000,2.08960000,2.07900000,2.08800000,2434757.70000000,1745000999999999,5074036.84223000,12452,1517161.10000000,3161465.03410000,0
1745001000000000,2.08800000,2.08810000,2.08130000,2.08580000,941012.10000000,1745001899999999,1961374.08654000,8607,425939.10000000,887766.15247000,0
1745001900000000,2.08590000,2.08680000,2.08080000,2.08300000,706656.90000000,1745002799999999,1472149.35616000,7027,402616.10000000,838691.01280000,0
1745002800000000,2.08300000,2.08480000,2.08140000,2.08320000,571404.50000000,1745003699999999,1190370.74622000,5356,269475.30000000,561373.15489000,0
1745003700000000,2.08320000,2.08400000,2.08100000,2.08240000,481426.50000000,1745004599999999,1002556.80470000,5305,209399.60000000,436034.28727000,0
1745004600000000,2.08240000,2.08240000,2.07660000,2.07860000,2309486.60000000,1745005499999999,4799589.18224000,6913,1616101.30000000,3358399.35725000,0
1745005500000000,2.07850000,2.08060000,2.07630000,2.08040000,532421.80000000,1745006399999999,1106543.10116000,5585,381321.10000000,792485.74829000,0
1745006400000000,2.08050000,2.08600000,2.07900000,2.08160000,831102.80000000,1745007299999999,1730720.98500000,6948,337931.00000000,703531.46754000,0
1745007300000000,2.08160000,2.08280000,2.07810000,2.07840000,467853.40000000,1745008199999999,972936.52087000,5024,164898.20000000,342936.80107000,0
1745008200000000,2.07840000,2.07920000,2.07150000,2.07410000,531557.90000000,1745009099999999,1103011.83404000,5557,261718.10000000,543069.75169000,0
1745009100000000,2.07420000,2.07640000,2.07400000,2.07600000,446674.20000000,1745009999999999,926939.94289000,3843,255310.80000000,529801.75236000,0
1745010000000000,2.07590000,2.07620000,2.07320000,2.07600000,411437.50000000,1745010899999999,853753.30114000,3214,267148.00000000,554365.12640000,0
1745010900000000,2.07610000,2.07940000,2.07360000,2.07390000,498066.50000000,1745011799999999,1034291.50720000,3684,271907.90000000,564686.03250000,0
1745011800000000,2.07390000,2.08280000,2.07360000,2.08260000,722207.70000000,1745012699999999,1501616.59155000,5483,414588.60000000,861855.28032000,0
1745012700000000,2.08260000,2.08280000,2.07850000,2.08150000,330940.10000000,1745013599999999,688526.49215000,3804,176215.40000000,366599.42490000,0
1745013600000000,2.08160000,2.08220000,2.07510000,2.07690000,607795.70000000,1745014499999999,1263025.71749000,7859,282293.40000000,586521.73198000,0
1745014500000000,2.07680000,2.07830000,2.07510000,2.07810000,385764.90000000,1745015399999999,801265.25301000,4426,199403.30000000,414131.92728000,0
1745015400000000,2.07810000,2.07920000,2.07580000,2.07630000,410658.40000000,1745016299999999,853122.12864000,3398,202726.70000000,421106.49596000,0
1745016300000000,2.07630000,2.07760000,2.07320000,2.07360000,250497.30000000,1745017199999999,519766.17370000,2630,134093.00000000,278164.59043000,0
1745017200000000,2.07350000,2.07350000,2.06460000,2.06640000,849097.40000000,1745018099999999,1756364.49100000,5948,212387.50000000,439227.15215000,0
1745018100000000,2.06630000,2.06640000,2.05520000,2.06130000,1745074.90000000,1745018999999999,3594677.77870000,10004,758374.40000000,1562117.54167000,0
1745019000000000,2.06120000,2.06540000,2.06050000,2.06470000,653398.90000000,1745019899999999,1347939.74963000,5387,345251.90000000,712253.08866000,0
1745019900000000,2.06480000,2.06560000,2.06160000,2.06190000,247900.50000000,1745020799999999,511500.53817000,3417,142377.20000000,293755.46138000,0
1745020800000000,2.06190000,2.06400000,2.05890000,2.06320000,539926.30000000,1745021699999999,1113151.13074000,5015,348445.00000000,718412.34263000,0
1745021700000000,2.06320000,2.06590000,2.05860000,2.05940000,588155.70000000,1745022599999999,1212675.76817000,4760,202830.90000000,418133.40195000,0
1745022600000000,2.05950000,2.06500000,2.05950000,2.06130000,521158.30000000,1745023499999999,1074624.02913000,4403,383436.10000000,790626.08048000,0
1745023500000000,2.06130000,2.06330000,2.06030000,2.06040000,272234.10000000,1745024399999999,561327.63539000,3667,141144.90000000,291035.27680000,0
1745024400000000,2.06050000,2.06990000,2.06000000,2.06900000,369616.30000000,1745025299999999,763566.77104000,5009,229366.30000000,473716.25533000,0
1745025300000000,2.06890000,2.07190000,2.06640000,2.07010000,468610.70000000,1745026199999999,969826.68474000,4644,256467.50000000,530803.70423000,0
1745026200000000,2.07010000,2.07340000,2.06950000,2.07020000,353316.40000000,1745027099999999,731798.53599000,4231,142975.60000000,296137.59077000,0
1745027100000000,2.07010000,2.07040000,2.06390000,2.06720000,470566.40000000,1745027999999999,972244.49353000,3941,174271.40000000,360055.28623000,0
1745028000000000,2.06720000,2.07920000,2.06340000,2.07370000,838976.50000000,1745028899999999,1739398.00139000,8711,444417.20000000,921282.69752000,0
1745028900000000,2.07370000,2.08060000,2.07230000,2.07930000,997641.30000000,1745029799999999,2072007.11816000,8341,485316.40000000,1007928.18330000,0
1745029800000000,2.07930000,2.08000000,2.07540000,2.07650000,351894.60000000,1745030699999999,731016.66603000,5531,150330.70000000,312234.87115000,0
1745030700000000,2.07640000,2.07970000,2.07600000,2.07940000,661399.90000000,1745031599999999,1374555.79576000,5294,223077.90000000,463618.44572000,0
1745031600000000,2.07950000,2.08620000,2.07900000,2.08070000,1142023.10000000,1745032499999999,2378779.32143000,7362,655656.20000000,1365786.71050000,0
1745032500000000,2.08080000,2.08500000,2.08040000,2.08290000,596488.90000000,1745033399999999,1242224.23909000,5410,257268.50000000,535758.42295000,0
1745033400000000,2.08300000,2.08660000,2.07980000,2.08120000,513886.30000000,1745034299999999,1070653.06839000,5763,235714.00000000,491167.56794000,0
1745034300000000,2.08120000,2.08640000,2.08110000,2.08460000,375240.30000000,1745035199999999,782298.79506000,4019,92457.60000000,192742.47462000,0
1745035200000000,2.08460000,2.08800000,2.08360000,2.08590000,567868.60000000,1745036099999999,1184364.59699000,6540,223224.30000000,465543.46375000,0
1745036100000000,2.08580000,2.09250000,2.08580000,2.09190000,874033.50000000,1745036999999999,1825791.41803000,7639,406022.40000000,848220.94727000,0
1745037000000000,2.09190000,2.09480000,2.08930000,2.09350000,825470.80000000,1745037899999999,1726977.97631000,9356,339402.00000000,710047.96519000,0
1745037900000000,2.09350000,2.09350000,2.08550000,2.08690000,727264.20000000,1745038799999999,1519069.49928000,5947,170454.80000000,356212.66681000,0
1745038800000000,2.08690000,2.09090000,2.08520000,2.08570000,483471.50000000,1745039699999999,1009493.48904000,5129,235142.60000000,490958.79880000,0
1745039700000000,2.08570000,2.08970000,2.08380000,2.08870000,680980.00000000,1745040599999999,1421732.31693000,5301,418595.70000000,874045.97280000,0
1745040600000000,2.08880000,2.08920000,2.08510000,2.08610000,303374.00000000,1745041499999999,633300.11215000,3027,95246.40000000,198818.25598000,0
1745041500000000,2.08620000,2.08720000,2.08360000,2.08390000,257751.80000000,1745042399999999,537541.85532000,3501,83235.40000000,173605.12946000,0
1745042400000000,2.08390000,2.08560000,2.08000000,2.08020000,410457.20000000,1745043299999999,854593.85530000,3524,163191.40000000,339865.45400000,0
1745043300000000,2.08020000,2.08260000,2.07940000,2.08250000,307261.30000000,1745044199999999,639415.22430000,3645,180410.00000000,375475.78621000,0
1745044200000000,2.08250000,2.08250000,2.07770000,2.07840000,442255.10000000,1745045099999999,919644.98263000,3741,291951.50000000,607138.70116000,0
1745045100000000,2.07850000,2.07960000,2.07730000,2.07750000,261099.40000000,1745045999999999,542611.07457000,3057,104816.90000000,217826.90149000,0
1745046000000000,2.07740000,2.08300000,2.07740000,2.08300000,428970.50000000,1745046899999999,892352.95651000,3441,333490.80000000,693693.66609000,0
1745046900000000,2.08290000,2.08620000,2.08000000,2.08620000,339190.70000000,1745047799999999,706504.45339000,5161,167267.50000000,348451.26815000,0
1745047800000000,2.08620000,2.09120000,2.08500000,2.08940000,528414.00000000,1745048699999999,1103303.33190000,6294,221358.50000000,462256.33213000,0
1745048700000000,2.08940000,2.09000000,2.08740000,2.08910000,385434.40000000,1745049599999999,805160.20671000,3206,146918.10000000,306910.00991000,0
1745049600000000,2.08910000,2.09200000,2.08570000,2.08700000,645889.20000000,1745050499999999,1349526.38145000,4904,330843.10000000,691484.18721000,0
1745050500000000,2.08710000,2.08890000,2.08550000,2.08700000,261126.60000000,1745051399999999,545023.36006000,3777,90122.40000000,188095.87794000,0
1745051400000000,2.08690000,2.08890000,2.08340000,2.08800000,504066.10000000,1745052299999999,1051497.65927000,4984,176406.10000000,368038.19722000,0
1745052300000000,2.08800000,2.08900000,2.08530000,2.08700000,392164.00000000,1745053199999999,818355.71872000,3223,190957.20000000,398440.19376000,0
1745053200000000,2.08710000,2.09250000,2.08600000,2.09100000,859291.90000000,1745054099999999,1795282.81962000,5821,484236.00000000,1011544.66033000,0
1745054100000000,2.09100000,2.09750000,2.09090000,2.09150000,1494285.70000000,1745054999999999,3130396.63850000,7186,833444.10000000,1745993.05222000,0
1745055000000000,2.09140000,2.09400000,2.08780000,2.08950000,661859.90000000,1745055899999999,1383877.41866000,6512,322543.10000000,674353.84290000,0
1745055900000000,2.08950000,2.09460000,2.08810000,2.08980000,843672.60000000,1745056799999999,1764830.98994000,5554,498835.40000000,1043342.70892000,0
1745056800000000,2.08990000,2.09010000,2.08460000,2.08620000,658658.00000000,1745057699999999,1374438.16199000,5081,258932.90000000,540335.69781000,0
1745057700000000,2.08610000,2.08760000,2.08300000,2.08340000,728998.00000000,1745058599999999,1519682.18276000,4545,206997.30000000,431580.93081000,0
1745058600000000,2.08340000,2.08470000,2.08060000,2.08440000,394772.10000000,1745059499999999,822364.11801000,4548,226563.80000000,471951.58995000,0
1745059500000000,2.08440000,2.08560000,2.08260000,2.08450000,235275.90000000,1745060399999999,490373.45104000,3245,134032.00000000,279354.59067000,0
1745060400000000,2.08450000,2.08680000,2.08150000,2.08210000,346268.70000000,1745061299999999,721667.86930000,4505,123112.30000000,256594.62779000,0
1745061300000000,2.08200000,2.08380000,2.08010000,2.08370000,221927.20000000,1745062199999999,461941.40819000,4087,118093.30000000,245805.41951000,0
1745062200000000,2.08360000,2.08630000,2.08250000,2.08330000,443913.70000000,1745063099999999,925615.00294000,4452,120174.70000000,250514.57184000,0
1745063100000000,2.08320000,2.08340000,2.08140000,2.08140000,322814.70000000,1745063999999999,672300.36959000,2813,65070.50000000,135494.55354000,0
1745064000000000,2.08140000,2.08510000,2.08060000,2.08330000,521826.70000000,1745064899999999,1086518.36893000,3905,262395.80000000,546344.99746000,0
1745064900000000,2.08320000,2.08420000,2.08000000,2.08280000,255979.40000000,1745065799999999,532917.02681000,3106,120236.30000000,250308.62884000,0
1745065800000000,2.08280000,2.08400000,2.08150000,2.08220000,237299.70000000,1745066699999999,494266.62773000,3370,101070.20000000,210528.07671000,0
1745066700000000,2.08220000,2.08320000,2.08000000,2.08270000,462330.20000000,1745067599999999,962372.07676000,3131,119656.90000000,248998.53166000,0
1745067600000000,2.08260000,2.08280000,2.07900000,2.08260000,298733.40000000,1745068499999999,621624.23595000,4088,94581.10000000,196816.97196000,0
1745068500000000,2.08250000,2.08440000,2.07890000,2.08410000,391900.00000000,1745069399999999,815864.50201000,3412,247638.10000000,515654.54882000,0
1745069400000000,2.08410000,2.08500000,2.08000000,2.08260000,409780.40000000,1745070299999999,853472.11216000,3461,226718.10000000,472210.09853000,0
1745070300000000,2.08270000,2.08990000,2.08230000,2.08840000,678730.50000000,1745071199999999,1416592.24071000,5229,400997.70000000,836916.75668000,0
1745071200000000,2.08850000,2.09300000,2.08610000,2.08690000,540070.20000000,1745072099999999,1128781.68569000,5999,276227.90000000,577380.51358000,0
1745072100000000,2.08700000,2.08830000,2.08510000,2.08630000,332596.40000000,1745072999999999,694059.11188000,4173,152196.60000000,317583.04087000,0
1745073000000000,2.08620000,2.08740000,2.08260000,2.08310000,261727.60000000,1745073899999999,545649.33031000,3194,111817.60000000,233070.88192000,0
1745073900000000,2.08310000,2.08370000,2.08080000,2.08340000,498936.10000000,1745074799999999,1038660.93107000,2910,235317.10000000,489865.35072000,0
1745074800000000,2.08340000,2.08670000,2.08150000,2.08450000,412359.20000000,1745075699999999,859565.95184000,4381,250672.70000000,522474.31493000,0
1745075700000000,2.08450000,2.08930000,2.08000000,2.08900000,479553.00000000,1745076599999999,1000101.16028000,6450,277633.80000000,579112.57715000,0
1745076600000000,2.08890000,2.08970000,2.07880000,2.08100000,768182.40000000,1745077499999999,1599957.44685000,7462,320022.10000000,666679.98781000,0
1745077500000000,2.08100000,2.08220000,2.07590000,2.07730000,656657.40000000,1745078399999999,1364653.84584000,6129,239207.60000000,497210.17203000,0
1745078400000000,2.07730000,2.08320000,2.07660000,2.07970000,780135.00000000,1745079299999999,1623225.99637000,7931,465638.30000000,968864.44202000,0
1745079300000000,2.07970000,2.08240000,2.07520000,2.07520000,443546.60000000,1745080199999999,922243.03712000,6276,209776.50000000,436241.08596000,0
1745080200000000,2.07530000,2.07560000,2.06990000,2.07120000,1358446.10000000,1745081099999999,2815009.21047000,8432,539571.40000000,1118240.78854000,0
1745081100000000,2.07110000,2.07180000,2.06540000,2.06910000,1255979.20000000,1745081999999999,2597625.86750000,8292,767649.40000000,1587582.96617000,0
1745082000000000,2.06900000,2.07490000,2.06860000,2.07480000,753539.50000000,1745082899999999,1560952.57030000,4583,560778.50000000,1161719.30233000,0
1745082900000000,2.07490000,2.07820000,2.07460000,2.07670000,683014.30000000,1745083799999999,1418129.16487000,4114,405342.00000000,841578.74542000,0
1745083800000000,2.07670000,2.08600000,2.07470000,2.08350000,839506.20000000,1745084699999999,1747202.50786000,10325,538001.90000000,1119485.24868000,0
1745084700000000,2.08350000,2.08750000,2.08020000,2.08510000,566037.00000000,1745085599999999,1180029.21620000,7790,303093.00000000,631922.13837000,0
1745085600000000,2.08500000,2.09480000,2.08310000,2.09260000,1572157.80000000,1745086499999999,3285773.35055000,8890,1076870.20000000,2250558.18185000,0
1745086500000000,2.09260000,2.09370000,2.08730000,2.08840000,885228.10000000,1745087399999999,1851179.57093000,8452,478825.80000000,1001406.83923000,0
1745087400000000,2.08840000,2.09360000,2.08840000,2.09030000,635366.20000000,1745088299999999,1328814.84430000,5715,317958.60000000,664861.13815000,0
1745088300000000,2.09020000,2.09120000,2.08810000,2.08920000,493562.50000000,1745089199999999,1031091.56668000,3343,301364.50000000,629498.47864000,0
1745089200000000,2.08910000,2.09040000,2.08510000,2.08830000,487846.00000000,1745090099999999,1018477.87333000,5110,210975.40000000,440387.87163000,0
1745090100000000,2.08830000,2.08840000,2.08170000,2.08400000,353342.60000000,1745090999999999,736426.68587000,5459,146799.20000000,305888.82595000,0
1745091000000000,2.08400000,2.08520000,2.08250000,2.08400000,212210.20000000,1745091899999999,442186.35806000,3685,93420.90000000,194665.39357000,0
1745091900000000,2.08410000,2.08500000,2.08250000,2.08390000,197675.80000000,1745092799999999,411926.85189000,2495,86270.40000000,179765.51885000,0
1745092800000000,2.08380000,2.08480000,2.08020000,2.08150000,284872.90000000,1745093699999999,593295.91328000,4047,95584.20000000,199105.66728000,0
1745093700000000,2.08150000,2.08690000,2.08060000,2.08640000,372230.80000000,1745094599999999,775533.70531000,2758,217512.50000000,453166.82162000,0
1745094600000000,2.08630000,2.08790000,2.08150000,2.08730000,343099.60000000,1745095499999999,715515.24802000,4317,171733.40000000,358104.24372000,0
1745095500000000,2.08730000,2.08880000,2.08510000,2.08740000,258909.90000000,1745096399999999,540380.99982000,3065,100996.40000000,210795.09614000,0
1745096400000000,2.08740000,2.09060000,2.08700000,2.08950000,641510.20000000,1745097299999999,1340461.02412000,3717,318903.80000000,666358.03293000,0
1745097300000000,2.08950000,2.09200000,2.08860000,2.08910000,506246.70000000,1745098199999999,1058188.44525000,3720,316538.80000000,661614.12407000,0
1745098200000000,2.08910000,2.08940000,2.08560000,2.08760000,329904.90000000,1745099099999999,688755.04626000,3619,110482.00000000,230611.18931000,0
1745099100000000,2.08750000,2.09080000,2.08750000,2.08990000,226454.00000000,1745099999999999,473079.40993000,2614,133157.70000000,278173.83839000,0
1745100000000000,2.08990000,2.09130000,2.08790000,2.08890000,234562.10000000,1745100899999999,490187.18222000,3119,114205.40000000,238652.75575000,0
1745100900000000,2.08890000,2.08930000,2.08540000,2.08610000,262902.60000000,1745101799999999,548668.14377000,3553,135053.10000000,281821.09096000,0
1745101800000000,2.08600000,2.09040000,2.08580000,2.08890000,518077.30000000,1745102699999999,1081837.25509000,3288,313126.20000000,653725.12465000,0
1745102700000000,2.08890000,2.08980000,2.08680000,2.08780000,223675.00000000,1745103599999999,467061.10446000,2262,83702.60000000,174748.38295000,0
1745103600000000,2.08780000,2.08930000,2.08320000,2.08330000,315394.60000000,1745104499999999,657969.45622000,2927,179620.50000000,374625.01146000,0
1745104500000000,2.08330000,2.08530000,2.08220000,2.08270000,209092.00000000,1745105399999999,435579.71502000,2432,71058.10000000,148040.51416000,0
1745105400000000,2.08260000,2.08500000,2.08210000,2.08340000,333875.50000000,1745106299999999,695577.22996000,2567,201767.00000000,420364.93095000,0
1745106300000000,2.08330000,2.09140000,2.08310000,2.08770000,478653.40000000,1745107199999999,999177.77772000,3535,203440.80000000,424638.39572000,0
1745107200000000,2.08770000,2.09080000,2.08470000,2.09080000,674470.90000000,1745108099999999,1407961.78947000,5258,314282.00000000,656057.76851000,0
1745108100000000,2.09080000,2.09450000,2.08820000,2.08920000,851958.10000000,1745108999999999,1781791.06298000,6430,365714.00000000,764935.77643000,0
1745109000000000,2.08910000,2.09000000,2.08360000,2.08380000,639376.40000000,1745109899999999,1334724.60025000,5609,226935.30000000,473711.69797000,0
1745109900000000,2.08380000,2.08590000,2.08310000,2.08470000,434165.30000000,1745110799999999,905107.19365000,3659,216095.40000000,450476.63830000,0
1745110800000000,2.08480000,2.09040000,2.08360000,2.08900000,456735.40000000,1745111699999999,953271.55261000,3918,273911.60000000,571599.88848000,0
1745111700000000,2.08910000,2.09100000,2.08750000,2.08750000,408985.20000000,1745112599999999,854559.45494000,3679,161075.40000000,336563.79086000,0
1745112600000000,2.08750000,2.09020000,2.08500000,2.08750000,433732.10000000,1745113499999999,905586.41687000,6892,240441.00000000,502028.93466000,0
1745113500000000,2.08740000,2.09120000,2.08740000,2.09090000,383725.30000000,1745114399999999,801801.41744000,4173,167164.50000000,349286.74259000,0
1745114400000000,2.09090000,2.09170000,2.08620000,2.08730000,402179.70000000,1745115299999999,840104.39407000,4139,150655.70000000,314645.39915000,0
1745115300000000,2.08740000,2.08800000,2.08330000,2.08400000,287833.30000000,1745116199999999,600075.03075000,3207,137629.90000000,286955.08888000,0
1745116200000000,2.08390000,2.08730000,2.08360000,2.08720000,264580.80000000,1745117099999999,551783.49312000,2770,156424.10000000,326209.27232000,0
1745117100000000,2.08720000,2.08750000,2.08370000,2.08560000,357038.50000000,1745117999999999,744437.12406000,2873,160259.30000000,334127.63121000,0
1745118000000000,2.08560000,2.08650000,2.08300000,2.08590000,313427.70000000,1745118899999999,653375.03769000,3176,142596.70000000,297228.12351000,0
1745118900000000,2.08590000,2.08710000,2.08300000,2.08390000,441813.50000000,1745119799999999,920934.33116000,2941,168614.20000000,351567.72521000,0
1745119800000000,2.08390000,2.08430000,2.08030000,2.08090000,525341.70000000,1745120699999999,1093594.44596000,3209,167000.30000000,347690.57997000,0
1745120700000000,2.08090000,2.08360000,2.07910000,2.08330000,394019.30000000,1745121599999999,820080.19469000,2791,217498.80000000,452721.14081000,0
1745121600000000,2.08330000,2.08350000,2.07760000,2.08000000,726437.30000000,1745122499999999,1510476.25743000,4349,251542.20000000,523016.03267000,0
1745122500000000,2.08010000,2.08550000,2.07800000,2.08380000,366144.80000000,1745123399999999,762567.81366000,3304,199024.90000000,414497.94388000,0
1745123400000000,2.08370000,2.08580000,2.08230000,2.08470000,289690.20000000,1745124299999999,603751.46740000,3330,148352.50000000,309187.15906000,0
1745124300000000,2.08480000,2.08540000,2.08210000,2.08310000,210882.30000000,1745125199999999,439413.65004000,2853,100688.70000000,209773.50538000,0
1745125200000000,2.08300000,2.08530000,2.08170000,2.08470000,360373.40000000,1745126099999999,750924.99729000,3113,145385.70000000,302923.77434000,0
1745126100000000,2.08460000,2.08650000,2.08410000,2.08590000,244424.20000000,1745126999999999,509764.44828000,2188,92664.00000000,193248.96232000,0
1745127000000000,2.08590000,2.08600000,2.08200000,2.08220000,239052.50000000,1745127899999999,498173.93615000,2998,118177.70000000,246252.80330000,0
1745127900000000,2.08220000,2.08440000,2.08010000,2.08010000,256798.70000000,1745128799999999,534730.41785000,3188,147874.40000000,307892.16169000,0
1745128800000000,2.08000000,2.08420000,2.07890000,2.08100000,415316.00000000,1745129699999999,864448.05982000,3810,176998.60000000,368396.46034000,0
1745129700000000,2.08100000,2.08140000,2.07800000,2.07860000,574911.60000000,1745130599999999,1195366.39577000,3241,219187.30000000,455678.29537000,0
1745130600000000,2.07850000,2.08000000,2.07540000,2.07550000,683174.50000000,1745131499999999,1419504.46702000,4176,324661.90000000,674577.59844000,0
1745131500000000,2.07550000,2.07600000,2.06910000,2.07230000,2686601.70000000,1745132399999999,5565681.56706000,11012,1111706.50000000,2303143.29098000,0
1745132400000000,2.07230000,2.07230000,2.06630000,2.06900000,907447.20000000,1745133299999999,1877541.69646000,6978,499372.80000000,1033188.21268000,0
1745133300000000,2.06890000,2.06920000,2.06300000,2.06510000,1154531.50000000,1745134199999999,2384845.72336000,10424,577113.50000000,1192131.08195000,0
1745134200000000,2.06510000,2.06870000,2.06300000,2.06610000,1437649.50000000,1745135099999999,2969357.26344000,7505,555217.10000000,1146533.78651000,0
1745135100000000,2.06620000,2.07000000,2.06570000,2.06950000,572714.00000000,1745135999999999,1184650.83873000,3914,330784.00000000,684214.87025000,0
1745136000000000,2.06950000,2.07000000,2.06580000,2.06990000,867706.00000000,1745136899999999,1794487.26395000,4377,373427.90000000,772217.56885000,0
1745136900000000,2.07000000,2.07130000,2.06710000,2.07070000,973588.80000000,1745137799999999,2014979.69765000,5281,444765.30000000,920556.92921000,0
1745137800000000,2.07070000,2.07100000,2.06590000,2.06600000,1039832.60000000,1745138699999999,2150310.24919000,5839,512749.90000000,1060425.78093000,0
1745138700000000,2.06610000,2.06720000,2.05990000,2.06160000,1648311.00000000,1745139599999999,3400043.84906000,7011,686212.00000000,1415412.23367000,0
1745139600000000,2.06170000,2.06400000,2.05960000,2.06200000,1021698.50000000,1745140499999999,2106699.55257000,6305,727309.10000000,1499778.92737000,0
1745140500000000,2.06200000,2.06440000,2.06050000,2.06230000,980868.80000000,1745141399999999,2022537.49395000,5086,492509.20000000,1015631.22138000,0
1745141400000000,2.06240000,2.06300000,2.05750000,2.05860000,940416.10000000,1745142299999999,1936723.53057000,6771,405401.80000000,834765.10961000,0
1745142300000000,2.05860000,2.06390000,2.05710000,2.06300000,842869.70000000,1745143199999999,1737355.91981000,6195,522859.30000000,1077940.05866000,0
1745143200000000,2.06300000,2.06330000,2.05820000,2.06000000,691667.30000000,1745144099999999,1425410.97966000,3876,226760.60000000,467304.97358000,0
1745144100000000,2.06010000,2.06180000,2.05810000,2.05900000,612941.00000000,1745144999999999,1262679.65952000,4961,252462.30000000,520098.17711000,0
1745145000000000,2.05900000,2.06010000,2.05330000,2.05420000,1122396.80000000,1745145899999999,2308322.11460000,7097,422789.50000000,869383.51311000,0
1745145900000000,2.05410000,2.05410000,2.04030000,2.04750000,2973660.70000000,1745146799999999,6088504.32956000,18178,1081906.10000000,2215322.78358000,0
1745146800000000,2.04740000,2.04870000,2.03980000,2.04810000,2329553.10000000,1745147699999999,4759187.34837000,11034,820065.90000000,1675593.76271000,0
1745147700000000,2.04810000,2.04840000,2.04030000,2.04320000,1280361.40000000,1745148599999999,2617288.80914000,9367,608948.30000000,1244874.92802000,0
1745148600000000,2.04330000,2.04690000,2.03880000,2.04370000,1131984.30000000,1745149499999999,2312160.43840000,9349,519497.00000000,1061207.09310000,0
1745149500000000,2.04380000,2.04400000,2.03930000,2.04320000,1369099.90000000,1745150399999999,2796000.76263000,8670,871706.00000000,1780504.40463000,0
1745150400000000,2.04320000,2.05360000,2.04110000,2.05340000,1674979.30000000,1745151299999999,3432640.28344000,9669,1128883.80000000,2313946.33455000,0
1745151300000000,2.05340000,2.05550000,2.05050000,2.05360000,775069.40000000,1745152199999999,1591258.16374000,6594,423469.90000000,869411.18031000,0
1745152200000000,2.05360000,2.05550000,2.05100000,2.05130000,666360.60000000,1745153099999999,1368000.46173000,6477,368995.10000000,757493.96479000,0
1745153100000000,2.05120000,2.05360000,2.04970000,2.05270000,459953.00000000,1745153999999999,943291.97558000,4490,219776.30000000,450771.60416000,0
1745154000000000,2.05270000,2.05540000,2.04670000,2.04720000,648408.70000000,1745154899999999,1329262.97412000,5442,228445.50000000,468677.05508000,0
1745154900000000,2.04730000,2.05070000,2.04400000,2.05020000,441058.20000000,1745155799999999,902956.56826000,5210,251675.20000000,515359.80827000,0
1745155800000000,2.05030000,2.05430000,2.04770000,2.05300000,656771.20000000,1745156699999999,1347520.86452000,4426,398060.30000000,816811.80598000,0
1745156700000000,2.05310000,2.05420000,2.05170000,2.05300000,423015.40000000,1745157599999999,868397.05793000,3398,206850.40000000,424631.28155000,0
1745157600000000,2.05290000,2.06140000,2.05050000,2.05720000,996385.60000000,1745158499999999,2048031.12060000,7588,703323.20000000,1445883.54745000,0
1745158500000000,2.05720000,2.05850000,2.05330000,2.05600000,491322.70000000,1745159399999999,1009919.63339000,5690,237815.20000000,488861.42895000,0
1745159400000000,2.05600000,2.05950000,2.05600000,2.05680000,601156.40000000,1745160299999999,1237170.37623000,4954,298492.20000000,614312.95235000,0
1745160300000000,2.05690000,2.06080000,2.05500000,2.05980000,514831.00000000,1745161199999999,1059854.22382000,3514,315523.40000000,649567.08488000,0
1745161200000000,2.05990000,2.06010000,2.05390000,2.05560000,744883.40000000,1745162099999999,1531860.59915000,4659,318034.20000000,654002.12595000,0
1745162100000000,2.05550000,2.05670000,2.04750000,2.04900000,1056487.40000000,1745162999999999,2166983.09470000,7224,429466.20000000,880876.38053000,0
1745163000000000,2.04890000,2.05380000,2.04780000,2.05380000,661468.30000000,1745163899999999,1356793.58139000,4787,376089.70000000,771290.66339000,0
1745163900000000,2.05390000,2.05510000,2.04470000,2.04880000,1071501.90000000,1745164799999999,2194786.42503000,5358,544967.80000000,1116048.96604000,0
1745164800000000,2.04880000,2.05450000,2.04470000,2.05410000,1316558.10000000,1745165699999999,2697918.94568000,7008,578805.10000000,1186662.66446000,0
1745165700000000,2.05400000,2.06020000,2.05200000,2.05610000,1034143.10000000,1745166599999999,2126668.84237000,6494,543909.40000000,1118631.39730000,0
1745166600000000,2.05600000,2.05870000,2.05400000,2.05660000,763397.50000000,1745167499999999,1569740.21610000,5508,335806.60000000,690496.40335000,0
1745167500000000,2.05670000,2.06080000,2.05660000,2.06080000,619748.70000000,1745168399999999,1275979.12769000,3991,412803.10000000,849850.40088000,0
1745168400000000,2.06080000,2.06090000,2.05470000,2.05470000,423492.30000000,1745169299999999,871566.96683000,3580,165280.10000000,340177.49769000,0
1745169300000000,2.05480000,2.05970000,2.05480000,2.05750000,380385.80000000,1745170199999999,782420.85547000,3338,229103.50000000,471203.52073000,0
1745170200000000,2.05750000,2.05810000,2.05500000,2.05710000,341073.40000000,1745171099999999,701530.74309000,3962,158185.50000000,325346.95532000,0
1745171100000000,2.05720000,2.05910000,2.05610000,2.05680000,382699.50000000,1745171999999999,787408.99962000,3255,141544.40000000,291235.33064000,0
1745172000000000,2.05670000,2.05970000,2.05540000,2.05870000,417568.80000000,1745172899999999,859267.08401000,2920,225396.90000000,463835.63734000,0
1745172900000000,2.05880000,2.06300000,2.05820000,2.05920000,510908.70000000,1745173799999999,1052896.92624000,3439,368528.70000000,759521.47389000,0
1745173800000000,2.05930000,2.06010000,2.05500000,2.05690000,613048.60000000,1745174699999999,1260692.96218000,4159,137440.60000000,282704.02097000,0
1745174700000000,2.05700000,2.05990000,2.05530000,2.05960000,184107.20000000,1745175599999999,378872.62302000,2491,83613.50000000,172068.14916000,0
1745175600000000,2.05970000,2.06040000,2.05680000,2.05780000,314224.50000000,1745176499999999,646948.71212000,2646,154302.70000000,317713.87501000,0
1745176500000000,2.05780000,2.06100000,2.05760000,2.06020000,319518.20000000,1745177399999999,658145.42752000,2439,170702.90000000,351601.56348000,0
1745177400000000,2.06020000,2.06670000,2.06020000,2.06610000,574661.90000000,1745178299999999,1185653.09485000,4974,356340.70000000,735141.37115000,0
1745178300000000,2.06610000,2.08680000,2.06600000,2.08130000,3968378.00000000,1745179199999999,8248885.28467000,19858,2110269.20000000,4386432.15758000,0
1745179200000000,2.08130000,2.09000000,2.07500000,2.08670000,3207488.30000000,1745180099999999,6687772.55355000,15794,1517295.10000000,3164932.81988000,0
1745180100000000,2.08670000,2.09150000,2.08350000,2.08480000,2188320.20000000,1745180999999999,4568770.50582000,13873,1028496.20000000,2147188.93961000,0
1745181000000000,2.08490000,2.08650000,2.07880000,2.08050000,1241395.70000000,1745181899999999,2583960.22099000,9211,599512.40000000,1247641.72052000,0
1745181900000000,2.08040000,2.08470000,2.07800000,2.08130000,875549.10000000,1745182799999999,1822286.53888000,6604,598994.20000000,1246693.70515000,0
1745182800000000,2.08120000,2.08410000,2.07310000,2.07310000,780740.20000000,1745183699999999,1621966.71736000,6606,369998.30000000,768856.57319000,0
1745183700000000,2.07320000,2.07710000,2.07130000,2.07400000,664769.00000000,1745184599999999,1378703.66679000,4849,332994.20000000,690583.21489000,0
1745184600000000,2.07410000,2.08140000,2.07400000,2.07950000,461453.00000000,1745185499999999,959033.64420000,4395,262018.10000000,544453.34461000,0
1745185500000000,2.07950000,2.08070000,2.07730000,2.07850000,384330.30000000,1745186399999999,798856.44937000,2764,245141.30000000,509520.50726000,0
1745186400000000,2.07860000,2.07920000,2.07210000,2.07400000,899198.40000000,1745187299999999,1866225.27978000,7188,408853.00000000,848523.52009000,0
1745187300000000,2.07400000,2.07430000,2.06020000,2.06230000,889513.80000000,1745188199999999,1836460.45164000,7679,370998.20000000,765702.85622000,0
1745188200000000,2.06230000,2.06740000,2.06050000,2.06690000,654710.30000000,1745189099999999,1350558.36475000,5334,339446.60000000,700205.25749000,0
1745189100000000,2.06690000,2.06900000,2.06590000,2.06900000,331460.50000000,1745189999999999,685443.25434000,2828,158173.60000000,327060.20545000,0
1745190000000000,2.06890000,2.07460000,2.06890000,2.07270000,645663.60000000,1745190899999999,1337647.40448000,4904,286447.60000000,593386.34727000,0
1745190900000000,2.07260000,2.07730000,2.06930000,2.06990000,744253.90000000,1745191799999999,1542890.32550000,6186,480992.60000000,997168.83221000,0
1745191800000000,2.06990000,2.07480000,2.06680000,2.07470000,612784.90000000,1745192699999999,1269075.67336000,5179,426709.20000000,883790.20157000,0
1745192700000000,2.07470000,2.07900000,2.07320000,2.07870000,496864.70000000,1745193599999999,1031648.25561000,4208,221452.00000000,459814.48972000,0
1745193600000000,2.07860000,2.08400000,2.07680000,2.08400000,1140321.00000000,1745194499999999,2373304.51199000,6558,503098.00000000,1047051.51158000,0
1745194500000000,2.08410000,2.10650000,2.08410000,2.10000000,5253000.10000000,1745195399999999,11007288.70484000,31451,2682037.60000000,5621078.82413000,0
1745195400000000,2.10010000,2.12160000,2.09970000,2.10960000,7145684.00000000,1745196299999999,15097909.87834000,47414,3666706.40000000,7746661.26406000,0
1745196300000000,2.10960000,2.11730000,2.10130000,2.10250000,2284001.20000000,1745197199999999,4818410.35082000,19774,1047097.10000000,2209441.22965000,0
1745197200000000,2.10260000,2.11590000,2.10260000,2.10840000,1847339.20000000,1745198099999999,3897314.37657000,18764,825692.80000000,1742037.48404000,0
1745198100000000,2.10830000,2.11230000,2.10550000,2.11200000,1367394.30000000,1745198999999999,2884181.31679000,9613,587039.70000000,1238369.52486000,0
1745199000000000,2.11200000,2.11960000,2.11140000,2.11870000,1642461.50000000,1745199899999999,3475925.41565000,10518,671272.10000000,1420631.39529000,0
1745199900000000,2.11870000,2.12350000,2.11740000,2.11840000,3135096.10000000,1745200799999999,6647977.26022000,19551,1362316.10000000,2889178.09726000,0
1745200800000000,2.11840000,2.12160000,2.11310000,2.11650000,1923839.70000000,1745201699999999,4073702.09767000,13561,796964.60000000,1687370.58633000,0
1745201700000000,2.11650000,2.12180000,2.11270000,2.11970000,1676986.80000000,1745202599999999,3551445.57887000,10722,991721.60000000,2100328.24362000,0
1745202600000000,2.11970000,2.12500000,2.10870000,2.11070000,2205989.80000000,1745203499999999,4668878.88099000,13117,1246152.80000000,2638312.51816000,0
1745203500000000,2.11070000,2.11520000,2.11030000,2.11300000,1132000.80000000,1745204399999999,2391845.82618000,8910,608086.60000000,1284867.50555000,0
1745204400000000,2.11300000,2.11980000,2.11300000,2.11650000,992086.90000000,1745205299999999,2099828.03438000,7937,590804.40000000,1250416.64562000,0
1745205300000000,2.11650000,2.11860000,2.11020000,2.11160000,1181327.30000000,1745206199999999,2498060.49563000,7710,543676.30000000,1149605.50233000,0
1745206200000000,2.11160000,2.11340000,2.10960000,2.11320000,1066176.40000000,1745207099999999,2251600.44296000,7164,666894.90000000,1408343.10459000,0
1745207100000000,2.11320000,2.11450000,2.10810000,2.10930000,779774.60000000,1745207999999999,1646311.24999000,5533,339401.00000000,716514.24814000,0
1745208000000000,2.10940000,2.11740000,2.10910000,2.11520000,1069189.30000000,1745208899999999,2260036.12124000,7858,617370.70000000,1304918.03119000,0
1745208900000000,2.11510000,2.11520000,2.10790000,2.10950000,1001348.30000000,1745209799999999,2114268.46491000,8923,587225.10000000,1239881.97870000,0
1745209800000000,2.10940000,2.11250000,2.10730000,2.11140000,785067.00000000,1745210699999999,1656691.46656000,6464,451911.00000000,953594.47222000,0
1745210700000000,2.11140000,2.11940000,2.11130000,2.11810000,866140.80000000,1745211599999999,1833148.75621000,6734,499536.90000000,1057273.87720000,0
1745211600000000,2.11820000,2.12000000,2.11560000,2.11580000,847544.30000000,1745212499999999,1795053.81166000,6326,467408.90000000,990068.64905000,0
1745212500000000,2.11580000,2.11880000,2.11500000,2.11700000,607671.90000000,1745213399999999,1286062.70781000,5301,327454.80000000,693029.78540000,0
1745213400000000,2.11700000,2.11840000,2.11520000,2.11700000,796433.40000000,1745214299999999,1685563.52856000,5045,324337.00000000,686449.50411000,0
1745214300000000,2.11700000,2.13000000,2.11700000,2.12660000,2612351.40000000,1745215199999999,5551270.33442000,15379,1183368.40000000,2515087.62184000,0
1745215200000000,2.12670000,2.13950000,2.12660000,2.13530000,2721860.90000000,1745216099999999,5806014.46440000,17265,1270921.90000000,2710577.68521000,0
1745216100000000,2.13530000,2.14020000,2.13060000,2.13510000,2442306.60000000,1745216999999999,5213582.49660000,13646,629920.60000000,1345281.82006000,0
1745217000000000,2.13510000,2.13570000,2.12610000,2.12730000,1080794.70000000,1745217899999999,2301701.02802000,9829,373562.50000000,795549.45279000,0
1745217900000000,2.12730000,2.13120000,2.12640000,2.12980000,695054.40000000,1745218799999999,1479901.03165000,6054,399922.80000000,851513.74871000,0
1745218800000000,2.12980000,2.13320000,2.12650000,2.13100000,978287.50000000,1745219699999999,2083544.54101000,7386,636298.50000000,1355118.24518000,0
1745219700000000,2.13110000,2.13230000,2.12570000,2.12900000,999068.70000000,1745220599999999,2126499.84263000,7849,483773.40000000,1029630.59283000,0
1745220600000000,2.12900000,2.13180000,2.12780000,2.13040000,859511.80000000,1745221499999999,1830440.32267000,8042,368065.00000000,783823.86868000,0
1745221500000000,2.13030000,2.13060000,2.12590000,2.12630000,490007.80000000,1745222399999999,1042521.17020000,5580,205393.90000000,436938.28995000,0
1745222400000000,2.12640000,2.13150000,2.12640000,2.12780000,985516.20000000,1745223299999999,2098758.11028000,6526,313968.20000000,668466.93105000,0
1745223300000000,2.12780000,2.13120000,2.12610000,2.12910000,607013.50000000,1745224199999999,1292221.58074000,5801,239538.10000000,509929.98853000,0
1745224200000000,2.12920000,2.13380000,2.12830000,2.13150000,1236704.60000000,1745225099999999,2635977.96341000,8744,464150.80000000,989432.45122000,0
1745225100000000,2.13150000,2.13860000,2.13110000,2.13710000,932424.70000000,1745225999999999,1991038.32818000,8048,423423.00000000,904218.45773000,0
1745226000000000,2.13710000,2.14090000,2.13270000,2.13320000,1292292.70000000,1745226899999999,2762628.18796000,8570,541232.40000000,1157222.42183000,0
1745226900000000,2.13320000,2.13410000,2.12900000,2.13030000,1141008.20000000,1745227799999999,2430879.38767000,8553,551214.90000000,1174276.38068000,0
1745227800000000,2.13040000,2.13210000,2.12610000,2.12780000,1113290.20000000,1745228699999999,2369623.97948000,10217,429131.60000000,913333.29834000,0
1745228700000000,2.12780000,2.12980000,2.12460000,2.12850000,1846262.40000000,1745229599999999,3925294.32899000,7509,1293468.10000000,2749615.72909000,0
1745229600000000,2.12840000,2.12990000,2.12300000,2.12550000,854301.00000000,1745230499999999,1815803.70287000,7809,270952.80000000,575922.11048000,0
1745230500000000,2.12560000,2.12690000,2.11910000,2.12020000,959382.50000000,1745231399999999,2036155.47139000,8720,373645.80000000,792936.17893000,0
1745231400000000,2.12010000,2.12340000,2.11800000,2.12310000,745995.20000000,1745232299999999,1581767.94660000,6826,230256.40000000,488194.17196000,0
1745232300000000,2.12310000,2.13040000,2.12260000,2.12920000,506358.80000000,1745233199999999,1077243.50425000,5363,214533.10000000,456455.59111000,0
1745233200000000,2.12920000,2.12980000,2.12150000,2.12190000,583482.40000000,1745234099999999,1240288.41420000,5756,179029.10000000,380572.94383000,0
1745234100000000,2.12180000,2.12190000,2.10800000,2.11330000,1827560.70000000,1745234999999999,3864009.73793000,17393,579001.40000000,1223730.52392000,0
1745235000000000,2.11340000,2.11710000,2.11220000,2.11710000,688076.20000000,1745235899999999,1454999.15447000,9054,309666.50000000,654753.14099000,0
1745235900000000,2.11710000,2.11970000,2.11580000,2.11800000,540203.90000000,1745236799999999,1143993.91722000,6853,227037.50000000,480796.71115000,0
1745236800000000,2.11800000,2.12350000,2.11640000,2.12210000,879204.90000000,1745237699999999,1863988.55189000,8869,363351.70000000,770246.62697000,0
1745237700000000,2.12210000,2.12280000,2.11800000,2.11850000,711019.20000000,1745238599999999,1507563.54010000,9050,309747.20000000,656769.36984000,0
1745238600000000,2.11850000,2.12190000,2.11510000,2.11610000,489895.10000000,1745239499999999,1038031.83383000,6717,122627.20000000,259834.23780000,0
1745239500000000,2.11610000,2.11870000,2.11140000,2.11220000,899588.30000000,1745240399999999,1903167.32205000,7722,292792.40000000,619456.56155000,0
1745240400000000,2.11210000,2.11320000,2.10500000,2.10830000,1706960.20000000,1745241299999999,3599052.66751000,11265,554883.00000000,1170270.64010000,0
1745241300000000,2.10830000,2.11520000,2.10670000,2.11520000,1028114.50000000,1745242199999999,2170558.36339000,9375,449798.50000000,949622.30820000,0
1745242200000000,2.11530000,2.12110000,2.10770000,2.11690000,1752225.30000000,1745243099999999,3707681.45307000,24455,911962.70000000,1929365.86637000,0
1745243100000000,2.11680000,2.11860000,2.10620000,2.10660000,1299735.00000000,1745243999999999,2746086.60529000,15951,596514.60000000,1260456.21974000,0
1745244000000000,2.10660000,2.12000000,2.10500000,2.11980000,1211023.60000000,1745244899999999,2557240.79638000,16011,471751.50000000,996098.67692000,0
1745244900000000,2.11980000,2.13530000,2.11520000,2.13490000,3118528.10000000,1745245799999999,6635906.03882000,27325,1639529.30000000,3488962.29068000,0
1745245800000000,2.13500000,2.13880000,2.12580000,2.12860000,2443782.90000000,1745246699999999,5210124.41462000,28387,1150285.00000000,2452659.05299000,0
1745246700000000,2.12870000,2.12990000,2.11660000,2.12860000,1679751.50000000,1745247599999999,3566600.45909000,16560,905025.70000000,1922000.15991000,0
1745247600000000,2.12860000,2.13050000,2.11760000,2.11820000,1043444.90000000,1745248499999999,2215461.81899000,10359,389105.30000000,826263.83262000,0
1745248500000000,2.11810000,2.12620000,2.11750000,2.12240000,1046820.70000000,1745249399999999,2221693.52880000,10400,441078.40000000,936066.80004000,0
1745249400000000,2.12240000,2.12530000,2.11870000,2.11940000,925757.00000000,1745250299999999,1964246.28814000,11076,386611.20000000,820403.72871000,0
1745250300000000,2.11930000,2.11960000,2.11090000,2.11480000,946769.80000000,1745251199999999,2002004.09150000,9248,395337.00000000,835944.88019000,0
1745251200000000,2.11480000,2.11720000,2.10780000,2.11170000,1391903.90000000,1745252099999999,2939732.26408000,13018,659830.30000000,1393595.45380000,0
1745252100000000,2.11160000,2.11320000,2.10000000,2.10290000,1927281.50000000,1745252999999999,4058395.02943000,15594,836281.70000000,1761531.80982000,0
1745253000000000,2.10280000,2.10550000,2.09630000,2.09640000,1651326.80000000,1745253899999999,3469844.72071000,13738,604906.40000000,1271372.82919000,0
1745253900000000,2.09640000,2.09720000,2.08270000,2.08450000,3098160.60000000,1745254799999999,6474165.44832000,24973,1418433.30000000,2963736.58032000,0
1745254800000000,2.08450000,2.08480000,2.05940000,2.07730000,5987169.60000000,1745255699999999,12395573.58561000,46287,3131185.90000000,6483379.16986000,0
1745255700000000,2.07740000,2.08730000,2.07180000,2.08470000,3041006.50000000,1745256599999999,6325295.03283000,27299,1561641.00000000,3249216.62175000,0
1745256600000000,2.08470000,2.08780000,2.07260000,2.07300000,1871789.50000000,1745257499999999,3890820.26446000,19449,881663.60000000,1832754.63133000,0
1745257500000000,2.07290000,2.07690000,2.06970000,2.07310000,1490791.50000000,1745258399999999,3090334.77714000,16545,523728.00000000,1085782.68667000,0
1745258400000000,2.07310000,2.07490000,2.06690000,2.07400000,1563190.40000000,1745259299999999,3236175.43095000,18178,688181.90000000,1424869.81964000,0
1745259300000000,2.07400000,2.07990000,2.06800000,2.07080000,1953290.90000000,1745260199999999,4051442.44345000,15255,916079.10000000,1900128.25295000,0
1745260200000000,2.07090000,2.07760000,2.06900000,2.07370000,995015.50000000,1745261099999999,2063088.67508000,12263,487261.20000000,1010304.25339000,0
1745261100000000,2.07360000,2.07510000,2.06940000,2.06980000,902545.20000000,1745261999999999,1870226.61817000,9198,392586.10000000,813735.59800000,0
1745262000000000,2.06970000,2.08100000,2.06770000,2.07760000,1148964.70000000,1745262899999999,2384806.40066000,9624,715311.00000000,1484897.68023000,0
1745262900000000,2.07760000,2.08960000,2.07750000,2.08920000,1164610.90000000,1745263799999999,2428776.25477000,9716,776756.60000000,1619920.54840000,0
1745263800000000,2.08920000,2.09060000,2.08450000,2.08530000,1002789.80000000,1745264699999999,2093758.96587000,8230,379315.50000000,792130.43905000,0
1745264700000000,2.08520000,2.09010000,2.08250000,2.08780000,1063040.40000000,1745265599999999,2218727.19666000,8747,663504.60000000,1384992.54337000,0
1745265600000000,2.08780000,2.08790000,2.07910000,2.07910000,639148.90000000,1745266499999999,1331037.06010000,8191,227029.60000000,472827.63659000,0
1745266500000000,2.07920000,2.07980000,2.07620000,2.07760000,634543.10000000,1745267399999999,1318410.87209000,5286,291524.70000000,605694.31084000,0
1745267400000000,2.07760000,2.08270000,2.07720000,2.08270000,654144.80000000,1745268299999999,1360812.57126000,5084,303856.30000000,632073.80008000,0
1745268300000000,2.08280000,2.08500000,2.08140000,2.08480000,780873.50000000,1745269199999999,1626890.29602000,5510,414369.70000000,863261.57684000,0
1745269200000000,2.08480000,2.08480000,2.07770000,2.08170000,877589.20000000,1745270099999999,1825559.56783000,4237,544988.10000000,1133685.84233000,0
1745270100000000,2.08170000,2.08330000,2.07830000,2.08140000,547930.50000000,1745270999999999,1140284.23527000,4399,307068.90000000,639085.57449000,0
1745271000000000,2.08130000,2.08130000,2.07460000,2.07830000,777602.70000000,1745271899999999,1615977.44860000,6271,452207.70000000,939791.04980000,0
1745271900000000,2.07820000,2.08100000,2.07800000,2.07820000,618271.20000000,1745272799999999,1285844.22013000,4512,331709.90000000,689882.93842000,0
1745272800000000,2.07810000,2.07820000,2.07230000,2.07480000,1034425.20000000,1745273699999999,2146407.53464000,8228,554027.60000000,1149502.99018000,0
1745273700000000,2.07490000,2.07490000,2.07020000,2.07170000,630683.10000000,1745274599999999,1306716.72138000,5075,293369.40000000,607869.81612000,0
1745274600000000,2.07160000,2.07480000,2.07110000,2.07410000,607448.70000000,1745275499999999,1259141.63057000,4740,384851.30000000,797714.38925000,0
1745275500000000,2.07420000,2.07650000,2.07260000,2.07540000,713836.10000000,1745276399999999,1480685.64865000,4830,459594.60000000,953295.17161000,0
1745276400000000,2.07530000,2.07640000,2.07110000,2.07640000,853035.50000000,1745277299999999,1768397.61055000,6288,536406.00000000,1111939.46611000,0
1745277300000000,2.07640000,2.08080000,2.07600000,2.08080000,706709.40000000,1745278199999999,1469200.73232000,5050,304318.60000000,632588.99318000,0
1745278200000000,2.08070000,2.08080000,2.07390000,2.07550000,706409.30000000,1745279099999999,1466925.94133000,5079,416804.20000000,865364.18893000,0
1745279100000000,2.07540000,2.08710000,2.07520000,2.08550000,798548.10000000,1745279999999999,1662123.72848000,7231,401402.20000000,835244.88948000,0
1745280000000000,2.08550000,2.08790000,2.07920000,2.08100000,573835.20000000,1745280899999999,1195809.27369000,8262,269738.10000000,562013.09719000,0
1745280900000000,2.08110000,2.08420000,2.08000000,2.08350000,432475.00000000,1745281799999999,900428.37893000,6879,204830.90000000,426447.09277000,0
1745281800000000,2.08340000,2.08340000,2.06380000,2.07590000,2354845.70000000,1745282699999999,4876927.49245000,18226,962792.30000000,1993076.70167000,0
1745282700000000,2.07590000,2.08000000,2.07120000,2.07990000,782170.40000000,1745283599999999,1623857.79773000,10621,485900.40000000,1008891.24176000,0
1745283600000000,2.07980000,2.08520000,2.07570000,2.08360000,604139.30000000,1745284499999999,1257061.76256000,10199,269502.20000000,560787.69855000,0
1745284500000000,2.08350000,2.10400000,2.08320000,2.09190000,2222199.20000000,1745285399999999,4658456.88443000,26136,1227673.60000000,2573510.96943000,0
1745285400000000,2.09200000,2.09870000,2.08960000,2.09330000,1028505.40000000,1745286299999999,2152827.66791000,10851,407786.50000000,853824.76765000,0
1745286300000000,2.09330000,2.09870000,2.09120000,2.09640000,949591.90000000,1745287199999999,1989083.22454000,8419,578926.20000000,1212473.89971000,0
1745287200000000,2.09630000,2.10200000,2.09290000,2.09380000,1007455.50000000,1745288099999999,2113337.61506000,10236,529519.00000000,1110564.91853000,0
1745288100000000,2.09390000,2.09420000,2.08520000,2.08730000,869239.60000000,1745288999999999,1817768.41828000,7792,514849.00000000,1076654.04366000,0
1745289000000000,2.08720000,2.08840000,2.07940000,2.07940000,1130033.60000000,1745289899999999,2355545.72616000,9788,588208.30000000,1226224.69463000,0
1745289900000000,2.07940000,2.08600000,2.07830000,2.08390000,895707.90000000,1745290799999999,1865042.46119000,8068,521114.20000000,1085017.99745000,0
1745290800000000,2.08380000,2.08620000,2.07580000,2.07870000,1345853.10000000,1745291699999999,2800000.59960000,10697,762295.00000000,1586065.12526000,0
1745291700000000,2.07870000,2.08560000,2.07760000,2.08150000,968363.70000000,1745292599999999,2016361.58285000,7808,518467.10000000,1079397.59781000,0
1745292600000000,2.08140000,2.08360000,2.07930000,2.08270000,817517.30000000,1745293499999999,1701504.56299000,7842,493098.70000000,1026265.96703000,0
1745293500000000,2.08270000,2.08570000,2.08160000,2.08300000,625506.20000000,1745294399999999,1303080.49742000,5488,314450.90000000,655037.62030000,0
1745294400000000,2.08290000,2.08810000,2.08110000,2.08670000,1148044.30000000,1745295299999999,2394013.62436000,8057,681628.40000000,1421095.13420000,0
1745295300000000,2.08680000,2.08720000,2.08260000,2.08420000,883083.00000000,1745296199999999,1841213.62844000,5288,312517.90000000,651567.85758000,0
1745296200000000,2.08420000,2.08520000,2.08010000,2.08190000,914067.30000000,1745297099999999,1903633.65806000,5743,482412.00000000,1004548.91612000,0
1745297100000000,2.08190000,2.08210000,2.07770000,2.07820000,817118.10000000,1745297999999999,1699590.66933000,5088,491462.40000000,1022081.85863000,0
1745298000000000,2.07820000,2.08270000,2.07660000,2.07750000,914493.50000000,1745298899999999,1901592.58097000,6449,534558.10000000,1111560.45093000,0
1745298900000000,2.07750000,2.07930000,2.07670000,2.07870000,505374.60000000,1745299799999999,1050172.85472000,5153,235129.90000000,488589.47225000,0
1745299800000000,2.07860000,2.08450000,2.07700000,2.08190000,510495.80000000,1745300699999999,1062309.72861000,7314,235426.50000000,489780.71672000,0
1745300700000000,2.08190000,2.08410000,2.07800000,2.07890000,1303480.90000000,1745301599999999,2712147.68195000,4921,488210.40000000,1015614.55391000,0
1745301600000000,2.07890000,2.08330000,2.07640000,2.07670000,647933.30000000,1745302499999999,1347392.06153000,6080,241796.50000000,502801.74927000,0
1745302500000000,2.07660000,2.07720000,2.07050000,2.07060000,1982751.90000000,1745303399999999,4112152.39689000,8254,869923.10000000,1804416.73052000,0
1745303400000000,2.07060000,2.07240000,2.06790000,2.07040000,2384719.10000000,1745304299999999,4936009.63508000,9094,1172525.20000000,2426910.83202000,0
1745304300000000,2.07050000,2.07670000,2.06880000,2.07620000,1236260.70000000,1745305199999999,2561384.77115000,7374,726882.60000000,1506032.94610000,0
1745305200000000,2.07630000,2.08110000,2.07620000,2.07800000,1207552.70000000,1745306099999999,2509769.53960000,6906,747226.70000000,1552993.59892000,0
1745306100000000,2.07800000,2.08080000,2.07670000,2.07910000,780007.70000000,1745306999999999,1621884.95424000,6453,385542.90000000,801679.57668000,0
1745307000000000,2.07900000,2.09690000,2.07900000,2.09310000,1750983.10000000,1745307899999999,3661630.46219000,18226,1050263.60000000,2196457.76073000,0
1745307900000000,2.09310000,2.09530000,2.09020000,2.09230000,1672829.10000000,1745308799999999,3499947.05081000,8328,812629.30000000,1700419.65853000,0
1745308800000000,2.09230000,2.10710000,2.09120000,2.10230000,2444646.00000000,1745309699999999,5130965.63398000,15798,1392305.10000000,2922163.05325000,0
1745309700000000,2.10240000,2.10800000,2.09330000,2.09410000,1499160.30000000,1745310599999999,3148545.23453000,12658,508883.50000000,1068676.20385000,0
1745310600000000,2.09410000,2.09850000,2.09260000,2.09400000,894668.30000000,1745311499999999,1874740.29375000,7596,277046.40000000,580582.45903000,0
1745311500000000,2.09410000,2.09850000,2.09380000,2.09820000,753397.40000000,1745312399999999,1579737.34742000,5993,263802.70000000,553125.10947000,0
1745312400000000,2.09820000,2.10080000,2.09500000,2.09690000,879444.70000000,1745313299999999,1845564.47539000,6643,330115.30000000,692800.32521000,0
1745313300000000,2.09690000,2.10230000,2.09450000,2.10220000,1031730.10000000,1745314199999999,2164607.75927000,7871,476724.80000000,999987.34362000,0
1745314200000000,2.10230000,2.10250000,2.09730000,2.10200000,886825.00000000,1745315099999999,1863115.82326000,7164,452904.00000000,951466.62128000,0
1745315100000000,2.10210000,2.10370000,2.09810000,2.10340000,898946.20000000,1745315999999999,1889010.94036000,7227,303052.10000000,636829.56961000,0
1745316000000000,2.10340000,2.10600000,2.10080000,2.10440000,1032111.80000000,1745316899999999,2171694.87408000,6874,274026.00000000,576505.81278000,0
1745316900000000,2.10430000,2.10440000,2.09460000,2.09710000,1020078.30000000,1745317799999999,2140479.02438000,8218,368019.90000000,772147.08017000,0
1745317800000000,2.09720000,2.10380000,2.09610000,2.10300000,759988.60000000,1745318699999999,1595921.70949000,8441,329504.90000000,691908.51250000,0
1745318700000000,2.10300000,2.10490000,2.10110000,2.10450000,540321.70000000,1745319599999999,1136421.65809000,6023,236962.80000000,498308.10813000,0
1745319600000000,2.10460000,2.10660000,2.10060000,2.10290000,1259124.70000000,1745320499999999,2649098.12735000,7650,465744.40000000,979904.51509000,0
1745320500000000,2.10300000,2.10550000,2.10130000,2.10340000,1098449.00000000,1745321399999999,2310091.86740000,6574,694481.00000000,1460499.40086000,0
1745321400000000,2.10330000,2.10380000,2.09740000,2.09870000,1686683.10000000,1745322299999999,3542598.70096000,8880,777672.50000000,1633368.09685000,0
1745322300000000,2.09870000,2.10190000,2.09790000,2.09930000,947029.30000000,1745323199999999,1988668.00302000,6113,470902.20000000,988858.49927000,0
1745323200000000,2.09930000,2.10000000,2.09530000,2.09770000,1417346.50000000,1745324099999999,2973273.65985000,9418,737375.50000000,1546852.50876000,0
1745324100000000,2.09770000,2.10270000,2.09660000,2.10250000,1467127.00000000,1745324999999999,3080614.44572000,8044,898973.60000000,1887578.98445000,0
1745325000000000,2.10250000,2.10490000,2.09430000,2.09860000,1482392.80000000,1745325899999999,3114069.54478000,11374,652686.60000000,1371124.10881000,0
1745325900000000,2.09860000,2.10690000,2.09710000,2.10100000,1653865.50000000,1745326799999999,3475407.67672000,9449,915260.80000000,1923373.17436000,0
1745326800000000,2.10100000,2.11340000,2.09840000,2.11270000,3114888.20000000,1745327699999999,6560975.19008000,23999,1946057.60000000,4098705.44697000,0
1745327700000000,2.11260000,2.11690000,2.10600000,2.10610000,2352838.20000000,1745328599999999,4964500.07177000,24301,993013.80000000,2095350.28734000,0
1745328600000000,2.10620000,2.12430000,2.10280000,2.12320000,3176479.30000000,1745329499999999,6720746.73639000,28501,1959529.50000000,4147689.75829000,0
1745329500000000,2.12330000,2.13300000,2.11840000,2.13290000,5133440.10000000,1745330399999999,10922362.17913000,35593,3015163.20000000,6415932.31354000,0
1745330400000000,2.13290000,2.13860000,2.12410000,2.13160000,5187198.40000000,1745331299999999,11060101.12420000,28778,3143962.60000000,6706099.69758000,0
1745331300000000,2.13160000,2.13360000,2.11970000,2.12380000,3145186.70000000,1745332199999999,6687791.54247000,24870,1509363.00000000,3209273.49266000,0
1745332200000000,2.12390000,2.14710000,2.11980000,2.14580000,5112161.20000000,1745333099999999,10914869.00465000,31522,3073477.30000000,6563102.72186000,0
1745333100000000,2.14580000,2.15860000,2.14290000,2.15070000,6096557.30000000,1745333999999999,13109631.72846000,37030,3263086.20000000,7016783.60774000,0
1745334000000000,2.15070000,2.19280000,2.14930000,2.18890000,12276574.10000000,1745334899999999,26702680.82789000,65262,6892752.20000000,14994124.07608000,0
1745334900000000,2.18880000,2.19000000,2.16940000,2.17000000,6784465.10000000,1745335799999999,14762447.24572000,42587,2821615.40000000,6138978.76555000,0
1745335800000000,2.17000000,2.17190000,2.13740000,2.14260000,8293902.60000000,1745336699999999,17848966.83125000,44727,3565782.70000000,7673077.10526000,0
1745336700000000,2.14260000,2.15660000,2.14190000,2.15510000,4073547.20000000,1745337599999999,8759145.30421000,29107,1993335.80000000,4286131.11522000,0
1745337600000000,2.15520000,2.16180000,2.14930000,2.15200000,2838327.30000000,1745338499999999,6122120.00789000,27603,1271067.30000000,2742168.56485000,0
1745338500000000,2.15200000,2.15300000,2.14380000,2.14470000,2031895.30000000,1745339399999999,4362465.12275000,16511,935732.90000000,2008794.72678000,0
1745339400000000,2.14470000,2.15130000,2.14390000,2.14790000,1353246.70000000,1745340299999999,2906874.85456000,10271,591387.70000000,1270446.80590000,0
1745340300000000,2.14800000,2.15090000,2.14010000,2.14280000,1301570.50000000,1745341199999999,2790701.17392000,9931,573380.30000000,1229649.57441000,0
1745341200000000,2.14280000,2.15380000,2.14280000,2.14980000,1675451.00000000,1745342099999999,3599889.69381000,14841,780210.50000000,1676204.12800000,0
1745342100000000,2.14980000,2.15130000,2.14280000,2.14850000,1411670.60000000,1745342999999999,3030265.72482000,14332,592140.90000000,1271209.64642000,0
1745343000000000,2.14850000,2.15690000,2.14680000,2.15420000,1644315.50000000,1745343899999999,3539574.87787000,14119,954749.60000000,2055061.44825000,0
1745343900000000,2.15420000,2.16240000,2.15170000,2.16070000,1684262.90000000,1745344799999999,3633593.94732000,8041,986676.30000000,2128426.54791000,0
1745344800000000,2.16070000,2.17000000,2.15360000,2.15450000,2172467.40000000,1745345699999999,4697542.43080000,14987,1033604.20000000,2236144.99701000,0
1745345700000000,2.15440000,2.15760000,2.15100000,2.15360000,775954.20000000,1745346599999999,1670928.26675000,9382,358330.90000000,771650.90495000,0
1745346600000000,2.15350000,2.16210000,2.15350000,2.16170000,906400.10000000,1745347499999999,1955424.56531000,8169,445944.50000000,962048.33036000,0
1745347500000000,2.16180000,2.16500000,2.14250000,2.16100000,6216192.10000000,1745348399999999,13401087.10382000,24596,2778414.90000000,5985791.98026000,0
1745348400000000,2.16100000,2.16290000,2.15440000,2.15490000,1731362.70000000,1745349299999999,3737060.87212000,11471,781091.70000000,1686220.54440000,0
1745349300000000,2.15490000,2.15730000,2.14950000,2.15630000,1174401.30000000,1745350199999999,2529583.05186000,9463,499175.00000000,1075202.27728000,0
1745350200000000,2.15620000,2.15620000,2.14150000,2.14870000,2110871.40000000,1745351099999999,4534527.80641000,12928,751975.40000000,1615087.16753000,0
1745351100000000,2.14870000,2.15610000,2.14700000,2.15410000,1240435.60000000,1745351999999999,2669154.93562000,8768,481118.20000000,1035162.08465000,0
1745352000000000,2.15410000,2.15590000,2.14750000,2.14800000,1148207.70000000,1745352899999999,2470397.05447000,8869,429794.50000000,924817.84196000,0
1745352900000000,2.14800000,2.15420000,2.14800000,2.15310000,1255187.10000000,1745353799999999,2699699.88430000,8057,554739.80000000,1193123.66867000,0
1745353800000000,2.15310000,2.15660000,2.15300000,2.15660000,790828.00000000,1745354699999999,1704062.45247000,6205,252685.10000000,544462.65186000,0
1745354700000000,2.15650000,2.15960000,2.15460000,2.15660000,870817.60000000,1745355599999999,1878420.10467000,5557,319750.10000000,689692.34554000,0
1745355600000000,2.15670000,2.16160000,2.15270000,2.15370000,916831.50000000,1745356499999999,1978457.78811000,5531,452166.90000000,975850.87491000,0
1745356500000000,2.15370000,2.17030000,2.15370000,2.16340000,2418262.40000000,1745357399999999,5234483.38988000,12984,1207779.10000000,2614025.78161000,0
1745357400000000,2.16340000,2.19400000,2.16340000,2.19300000,5674643.00000000,1745358299999999,12372133.77217000,33188,3134124.50000000,6835072.73908000,0
1745358300000000,2.19310000,2.25040000,2.19300000,2.23870000,16457881.80000000,1745359199999999,36562975.55952000,85787,8260968.70000000,18339495.78523000,0
1745359200000000,2.23880000,2.24170000,2.21110000,2.21640000,10582073.90000000,1745360099999999,23548388.70124000,53327,3813820.10000000,8486482.65650000,0
1745360100000000,2.21640000,2.22460000,2.20970000,2.20990000,3371271.50000000,1745360999999999,7471008.64974000,31284,1424078.20000000,3156374.78559000,0
1745361000000000,2.20980000,2.21320000,2.19460000,2.20470000,3727218.30000000,1745361899999999,8211186.11909000,27744,1449339.00000000,3192394.94720000,0
1745361900000000,2.20470000,2.21020000,2.19840000,2.20850000,2291914.20000000,1745362799999999,5054376.63708000,18802,1074322.30000000,2369636.13317000,0
1745362800000000,2.20850000,2.22570000,2.20830000,2.21770000,3114649.50000000,1745363699999999,6905695.05949000,27444,1537741.70000000,3409350.05442000,0
1745363700000000,2.21770000,2.22000000,2.20370000,2.21610000,3088692.80000000,1745364599999999,6827668.33837000,23463,1539875.30000000,3404742.77208000,0
1745364600000000,2.21610000,2.22390000,2.21560000,2.21930000,3984465.30000000,1745365499999999,8845127.78760000,25036,1923054.90000000,4268868.03841000,0
1745365500000000,2.21930000,2.22310000,2.21040000,2.21390000,2163668.30000000,1745366399999999,4799127.76947000,16192,787738.80000000,1747326.36992000,0
1745366400000000,2.21380000,2.23140000,2.21380000,2.21830000,3177566.80000000,1745367299999999,7056732.82357000,31895,1561219.60000000,3467486.45558000,0
1745367300000000,2.21840000,2.23430000,2.21830000,2.22280000,3302873.90000000,1745368199999999,7356613.05968000,31400,1617122.20000000,3602547.32550000,0
1745368200000000,2.22280000,2.22280000,2.20830000,2.20920000,2312672.20000000,1745369099999999,5120392.38751000,26766,742768.50000000,1644228.86458000,0
1745369100000000,2.20910000,2.21130000,2.20140000,2.20320000,2597573.00000000,1745369999999999,5732555.34513000,21993,858974.40000000,1896039.29490000,0
1745370000000000,2.20320000,2.22040000,2.20320000,2.21100000,2126907.50000000,1745370899999999,4704017.89912000,19344,992872.80000000,2196976.00894000,0
1745370900000000,2.21100000,2.21740000,2.20600000,2.21440000,1133735.60000000,1745371799999999,2507262.07645000,15895,571737.00000000,1264477.47117000,0
1745371800000000,2.21440000,2.21650000,2.20280000,2.20520000,1600233.50000000,1745372699999999,3532399.20425000,14955,632323.10000000,1396151.64020000,0
1745372700000000,2.20520000,2.20810000,2.19380000,2.19610000,3048894.20000000,1745373599999999,6701946.93786000,19095,1327750.60000000,2917922.72980000,0
1745373600000000,2.19620000,2.20420000,2.19580000,2.20120000,1866557.50000000,1745374499999999,4106719.14908000,14469,1060758.20000000,2333922.51588000,0
1745374500000000,2.20120000,2.22120000,2.19930000,2.21440000,3401202.90000000,1745375399999999,7522856.30322000,24550,1855801.60000000,4104648.20342000,0
1745375400000000,2.21440000,2.21860000,2.21150000,2.21680000,1832619.50000000,1745376299999999,4059123.18431000,14469,786274.90000000,1741636.31831000,0
1745376300000000,2.21690000,2.22950000,2.21690000,2.21700000,2223219.10000000,1745377199999999,4940644.78393000,17108,940218.10000000,2089306.87026000,0
1745377200000000,2.21690000,2.21740000,2.21250000,2.21370000,1870814.40000000,1745378099999999,4143114.80352000,12255,860196.80000000,1905036.98191000,0
1745378100000000,2.21360000,2.22870000,2.21280000,2.22630000,1455643.30000000,1745378999999999,3236618.06354000,12980,712231.90000000,1583750.34900000,0
1745379000000000,2.22630000,2.23430000,2.22040000,2.23260000,1895317.60000000,1745379899999999,4224316.27003000,11619,974689.00000000,2172543.63824000,0
1745379900000000,2.23260000,2.23680000,2.22860000,2.23500000,1759779.90000000,1745380799999999,3927815.89433000,11403,1122217.90000000,2504305.41718000,0
1745380800000000,2.23490000,2.23640000,2.22400000,2.22750000,1541357.20000000,1745381699999999,3436319.80724000,10894,700855.00000000,1562388.95446000,0
1745381700000000,2.22750000,2.22800000,2.22140000,2.22490000,1318748.10000000,1745382599999999,2932751.84176000,10158,613037.60000000,1363294.08887000,0
1745382600000000,2.22500000,2.23340000,2.22360000,2.23240000,1206201.70000000,1745383499999999,2687276.51213000,10868,610728.30000000,1360723.20102000,0
1745383500000000,2.23240000,2.24950000,2.23060000,2.24930000,4502306.30000000,1745384399999999,10085152.72440000,23758,2352255.40000000,5269587.98510000,0
1745384400000000,2.24920000,2.24920000,2.23560000,2.23980000,3704117.60000000,1745385299999999,8300068.92317000,19407,1240017.20000000,2778203.08294000,0
1745385300000000,2.23980000,2.24020000,2.22490000,2.22970000,1556528.80000000,1745386199999999,3471919.16141000,12413,728012.50000000,1623622.54395000,0
1745386200000000,2.22960000,2.23590000,2.22630000,2.23150000,1931448.30000000,1745387099999999,4310462.65660000,12983,1181611.20000000,2636945.42002000,0
1745387100000000,2.23150000,2.23340000,2.22290000,2.22460000,2335189.70000000,1745387999999999,5198236.23547000,13243,947066.00000000,2107797.12250000,0
1745388000000000,2.22460000,2.23250000,2.22090000,2.23080000,1273975.20000000,1745388899999999,2835245.65529000,13231,667811.70000000,1486372.47360000,0
1745388900000000,2.23080000,2.23580000,2.22490000,2.23310000,1076140.20000000,1745389799999999,2400350.40059000,10598,484995.30000000,1081866.34018000,0
1745389800000000,2.23320000,2.24300000,2.23280000,2.24190000,1671288.00000000,1745390699999999,3739593.64590000,13653,879267.40000000,1967243.13534000,0
1745390700000000,2.24190000,2.24490000,2.23650000,2.24250000,2070297.80000000,1745391599999999,4639550.34882000,14276,869954.30000000,1949698.62439000,0
1745391600000000,2.24240000,2.26410000,2.23270000,2.23560000,7803447.70000000,1745392499999999,17547489.13662000,41258,4017339.70000000,9039186.86845000,0
1745392500000000,2.23560000,2.24130000,2.22900000,2.24120000,2296778.80000000,1745393399999999,5130619.47785000,17259,1095974.90000000,2448414.73363000,0
1745393400000000,2.24120000,2.25800000,2.23990000,2.24080000,2906843.60000000,1745394299999999,6537634.07224000,22069,1170849.60000000,2632602.31797000,0
1745394300000000,2.24080000,2.25850000,2.24080000,2.25690000,1949045.20000000,1745395199999999,4387518.13624000,18749,1015966.70000000,2287143.33334000,0
1745395200000000,2.25700000,2.26940000,2.25000000,2.26870000,2061766.50000000,1745396099999999,4657654.19387000,21713,1234530.40000000,2789450.36557000,0
1745396100000000,2.26870000,2.28140000,2.26110000,2.26910000,4297285.60000000,1745396999999999,9767109.81910000,33343,2335362.00000000,5307297.96533000,0
1745397000000000,2.26910000,2.29000000,2.26150000,2.28990000,3743091.80000000,1745397899999999,8521485.33235000,35053,2250322.70000000,5122689.99110000,0
1745397900000000,2.28980000,2.29920000,2.28510000,2.29140000,4592162.20000000,1745398799999999,10524772.83176000,34529,2580383.10000000,5913503.17774000,0
1745398800000000,2.29150000,2.30100000,2.28740000,2.28790000,3813142.00000000,1745399699999999,8751928.16688000,32341,1931886.80000000,4434881.36174000,0
1745399700000000,2.28780000,2.28790000,2.27800000,2.27840000,2915466.80000000,1745400599999999,6655589.22143000,20685,908611.90000000,2073963.80161000,0
1745400600000000,2.27830000,2.28580000,2.27490000,2.27950000,2061628.80000000,1745401499999999,4702262.15014000,20025,918235.90000000,2094416.91166000,0
1745401500000000,2.27950000,2.28530000,2.27350000,2.27360000,1212620.50000000,1745402399999999,2766207.92644000,12938,458284.40000000,1045328.51641000,0
1745402400000000,2.27350000,2.27800000,2.25400000,2.25590000,4773147.30000000,1745403299999999,10809527.61730000,39246,1630777.90000000,3692932.60204000,0
1745403300000000,2.25590000,2.26660000,2.25590000,2.26470000,1532336.90000000,1745404199999999,3468072.57219000,16587,779384.10000000,1764008.52817000,0
1745404200000000,2.26460000,2.27250000,2.26360000,2.27200000,1267449.20000000,1745405099999999,2874077.12766000,11808,706982.50000000,1603109.80485000,0
1745405100000000,2.27200000,2.27340000,2.26750000,2.26800000,1359264.20000000,1745405999999999,3086490.15936000,12897,692185.40000000,1571629.76656000,0
1745406000000000,2.26790000,2.26950000,2.26180000,2.26760000,1032001.10000000,1745406899999999,2339133.40727000,12572,444844.60000000,1008244.19658000,0
1745406900000000,2.26770000,2.27960000,2.26580000,2.27590000,1288824.00000000,1745407799999999,2930539.48305000,11869,694978.60000000,1580173.85946000,0
1745407800000000,2.27590000,2.27630000,2.26360000,2.26390000,1182076.50000000,1745408699999999,2682571.25171000,11974,571237.50000000,1296301.23940000,0
1745408700000000,2.26390000,2.26750000,2.25240000,2.25990000,2119157.60000000,1745409599999999,4785702.36180000,18254,972176.50000000,2195371.48827000,0
1745409600000000,2.25990000,2.27170000,2.25650000,2.26970000,1678327.90000000,1745410499999999,3799773.66347000,23126,889804.60000000,2014860.25935000,0
1745410500000000,2.26980000,2.29450000,2.26190000,2.27500000,4688550.20000000,1745411399999999,10684864.02511000,29607,2589665.00000000,5899960.09587000,0
1745411400000000,2.27500000,2.28410000,2.27360000,2.27820000,2063904.00000000,1745412299999999,4706004.33439000,23812,1134334.10000000,2586524.78443000,0
1745412300000000,2.27820000,2.28840000,2.27820000,2.28240000,1669183.80000000,1745413199999999,3811205.05807000,17899,990635.20000000,2261812.18040000,0
1745413200000000,2.28230000,2.28770000,2.27790000,2.28700000,1291433.70000000,1745414099999999,2948314.15938000,18223,584605.10000000,1334974.95705000,0
1745414100000000,2.28700000,2.29310000,2.28200000,2.28610000,1630840.20000000,1745414999999999,3731404.93815000,16457,776037.10000000,1775732.94986000,0
1745415000000000,2.28620000,2.29770000,2.26190000,2.27020000,9628011.30000000,1745415899999999,21953421.87306000,68972,4454651.00000000,10161887.71896000,0
1745415900000000,2.27010000,2.28820000,2.24340000,2.24640000,6145851.30000000,1745416799999999,13908644.43186000,48509,2609017.60000000,5908225.85321000,0
1745416800000000,2.24640000,2.26480000,2.24310000,2.25140000,4726016.40000000,1745417699999999,10653291.91262000,41424,2376280.90000000,5356304.73011000,0
1745417700000000,2.25140000,2.25270000,2.23070000,2.24910000,5401668.30000000,1745418599999999,12095668.00031000,39581,2530135.10000000,5666279.06835000,0
1745418600000000,2.24900000,2.25480000,2.23800000,2.25430000,2277737.90000000,1745419499999999,5113724.86539000,22147,1085771.60000000,2437866.76057000,0
1745419500000000,2.25420000,2.25460000,2.23560000,2.23720000,1986122.00000000,1745420399999999,4454338.49320000,17568,713344.80000000,1600181.43130000,0
1745420400000000,2.23720000,2.24290000,2.21860000,2.22910000,5519714.90000000,1745421299999999,12315491.94220000,44507,2315845.90000000,5169057.92131000,0
1745421300000000,2.22910000,2.23060000,2.19020000,2.20130000,11380689.70000000,1745422199999999,25113842.25457000,67834,4458078.80000000,9838022.28177000,0
1745422200000000,2.20140000,2.22600000,2.19600000,2.21540000,5059379.10000000,1745423099999999,11179095.94868000,39782,2471094.30000000,5458722.10291000,0
1745423100000000,2.21550000,2.23020000,2.20540000,2.22800000,4557456.40000000,1745423999999999,10106236.64092000,26980,2178766.10000000,4837313.65183000,0
1745424000000000,2.22810000,2.23160000,2.22120000,2.22460000,2426848.10000000,1745424899999999,5400967.18627000,21046,1081919.20000000,2408276.94307000,0
1745424900000000,2.22470000,2.22630000,2.20640000,2.22340000,2195282.50000000,1745425799999999,4868237.66169000,18759,1119420.40000000,2482727.31719000,0
1745425800000000,2.22350000,2.23660000,2.21940000,2.23000000,2457126.90000000,1745426699999999,5474624.96513000,21703,1272342.20000000,2835066.15173000,0
1745426700000000,2.22990000,2.23730000,2.22730000,2.23010000,1821841.10000000,1745427599999999,4066001.13270000,15833,923071.50000000,2060273.03234000,0
1745427600000000,2.23000000,2.24400000,2.22390000,2.24070000,2614453.20000000,1745428499999999,5841582.58541000,17044,1242231.00000000,2775489.95387000,0
1745428500000000,2.24060000,2.24130000,2.22970000,2.23190000,1467183.00000000,1745429399999999,3281195.40879000,11864,556337.00000000,1244422.00682000,0
1745429400000000,2.23200000,2.23550000,2.22800000,2.23180000,707462.10000000,1745430299999999,1578672.54238000,9199,321721.40000000,717771.54295000,0
1745430300000000,2.23180000,2.23960000,2.22650000,2.23760000,764547.20000000,1745431199999999,1707811.33439000,7424,384731.70000000,859479.67868000,0
1745431200000000,2.23750000,2.24920000,2.23570000,2.24600000,1289164.20000000,1745432099999999,2891808.03028000,12621,756546.70000000,1696767.88953000,0
1745432100000000,2.24590000,2.25120000,2.23960000,2.23970000,1057963.50000000,1745432999999999,2377244.91307000,10647,585833.80000000,1316449.09617000,0
1745433000000000,2.23970000,2.24080000,2.22800000,2.22810000,998213.80000000,1745433899999999,2231862.24545000,8302,463939.80000000,1037763.81691000,0
1745433900000000,2.22800000,2.23030000,2.22020000,2.22170000,1079386.00000000,1745434799999999,2402485.47431000,9198,599683.50000000,1334818.25417000,0
1745434800000000,2.22160000,2.22410000,2.21320000,2.21320000,903249.60000000,1745435699999999,2003859.52141000,11507,341727.40000000,758309.21208000,0
1745435700000000,2.21320000,2.21450000,2.20010000,2.20290000,1788700.20000000,1745436599999999,3949207.04837000,15553,674514.50000000,1489373.34340000,0
1745436600000000,2.20280000,2.21970000,2.20220000,2.21910000,1445665.50000000,1745437499999999,3198916.62512000,12141,725469.50000000,1605488.28753000,0
1745437500000000,2.21910000,2.22070000,2.21240000,2.21820000,1759798.50000000,1745438399999999,3902829.15186000,13082,792757.30000000,1758389.00538000,0
1745438400000000,2.21810000,2.22140000,2.21420000,2.21640000,805951.20000000,1745439299999999,1786820.10899000,8295,370271.20000000,820955.41546000,0
1745439300000000,2.21640000,2.22820000,2.21640000,2.22270000,1061346.40000000,1745440199999999,2360485.99927000,9236,525872.00000000,1169531.93373000,0
1745440200000000,2.22260000,2.22810000,2.22230000,2.22360000,538996.50000000,1745441099999999,1199441.36092000,5770,289796.80000000,644872.98823000,0
1745441100000000,2.22360000,2.22600000,2.21700000,2.21710000,762646.40000000,1745441999999999,1693188.26585000,6376,264161.60000000,586591.16321000,0
1745442000000000,2.21710000,2.22430000,2.21430000,2.22320000,522366.40000000,1745442899999999,1159664.72261000,5330,318731.00000000,707570.13736000,0
1745442900000000,2.22310000,2.22700000,2.22030000,2.22050000,518196.90000000,1745443799999999,1151900.60424000,3882,304852.00000000,677759.03883000,0
1745443800000000,2.22060000,2.22260000,2.20910000,2.21030000,1005791.00000000,1745444699999999,2229413.28109000,7514,459103.80000000,1017669.72790000,0
1745444700000000,2.21020000,2.22000000,2.20980000,2.21780000,757871.40000000,1745445599999999,1679115.99700000,6080,385750.50000000,854391.61952000,0
1745445600000000,2.21790000,2.21890000,2.21140000,2.21250000,992730.40000000,1745446499999999,2199926.36258000,11391,305877.10000000,677791.94407000,0
1745446500000000,2.21240000,2.22230000,2.21240000,2.22050000,694209.60000000,1745447399999999,1539899.82922000,6686,429902.70000000,953710.02326000,0
1745447400000000,2.22060000,2.22800000,2.21980000,2.22800000,579457.90000000,1745448299999999,1289116.34015000,5618,318428.60000000,708447.09032000,0
1745448300000000,2.22790000,2.23030000,2.22580000,2.23020000,661613.90000000,1745449199999999,1473958.32625000,4686,429203.40000000,956221.34403000,0
1745449200000000,2.23020000,2.23030000,2.22260000,2.22800000,669819.40000000,1745450099999999,1491615.68080000,7636,427830.60000000,952674.10561000,0
1745450100000000,2.22800000,2.22850000,2.22300000,2.22490000,508265.10000000,1745450999999999,1131325.41836000,5407,234168.30000000,521247.98799000,0
1745451000000000,2.22480000,2.22560000,2.21620000,2.21680000,718831.90000000,1745451899999999,1595774.88208000,6021,230987.00000000,512862.74742000,0
1745451900000000,2.21690000,2.21920000,2.21310000,2.21840000,1134958.40000000,1745452799999999,2514621.21314000,5710,301283.50000000,667696.70912000,0
1745452800000000,2.21830000,2.22400000,2.21110000,2.21470000,1415405.80000000,1745453699999999,3137956.23842000,9832,797496.90000000,1769019.44125000,0
1745453700000000,2.21470000,2.22120000,2.20500000,2.20610000,1079606.40000000,1745454599999999,2387575.11685000,13254,477593.50000000,1056700.29663000,0
1745454600000000,2.20620000,2.21830000,2.20250000,2.21790000,964608.20000000,1745455499999999,2131479.64939000,15039,589665.50000000,1303349.82806000,0
1745455500000000,2.21780000,2.21790000,2.20660000,2.20990000,625181.50000000,1745456399999999,1381978.39203000,9661,360157.60000000,796017.09362000,0
1745456400000000,2.21000000,2.21480000,2.20050000,2.20250000,885690.30000000,1745457299999999,1956009.96837000,8684,314853.30000000,695209.96032000,0
1745457300000000,2.20260000,2.20450000,2.19480000,2.20200000,1184236.00000000,1745458199999999,2604140.16681000,13283,500195.20000000,1099976.22578000,0
1745458200000000,2.20200000,2.21200000,2.20190000,2.21000000,842871.70000000,1745459099999999,1860321.56761000,9530,448963.40000000,991030.42083000,0
1745459100000000,2.20990000,2.21900000,2.20600000,2.21500000,1162128.30000000,1745459999999999,2573308.29116000,9776,759807.80000000,1683005.91398000,0
1745460000000000,2.21500000,2.22080000,2.20930000,2.21900000,1249423.90000000,1745460899999999,2766855.79903000,13832,641100.90000000,1420236.87119000,0
1745460900000000,2.21910000,2.22140000,2.21540000,2.21940000,583369.60000000,1745461799999999,1294235.51921000,8058,354209.50000000,785920.09913000,0
1745461800000000,2.21950000,2.22040000,2.20690000,2.20750000,1069326.20000000,1745462699999999,2365329.93127000,10695,425218.20000000,940885.06459000,0
1745462700000000,2.20750000,2.20930000,2.19500000,2.19560000,2046955.30000000,1745463599999999,4501396.05289000,13186,738009.60000000,1623031.30589000,0
1745463600000000,2.19550000,2.20540000,2.19300000,2.20020000,1083441.40000000,1745464499999999,2382120.22976000,11365,622094.50000000,1367656.01901000,0
1745464500000000,2.20030000,2.20900000,2.20020000,2.20810000,692077.30000000,1745465399999999,1525672.47076000,8501,234748.80000000,517351.13237000,0
1745465400000000,2.20820000,2.20820000,2.18410000,2.18540000,2300839.30000000,1745466299999999,5040236.92875000,18080,842360.50000000,1845469.61621000,0
1745466300000000,2.18540000,2.19040000,2.17210000,2.17520000,2457438.70000000,1745467199999999,5357512.80018000,23170,756137.30000000,1647899.65532000,0
1745467200000000,2.17510000,2.18530000,2.16800000,2.18090000,2617773.60000000,1745468099999999,5697703.99675000,23447,900244.30000000,1960044.09490000,0
1745468100000000,2.18080000,2.18650000,2.17560000,2.18190000,1123574.10000000,1745468999999999,2451583.28119000,17323,449168.90000000,979950.80967000,0
1745469000000000,2.18180000,2.18620000,2.17700000,2.18350000,792800.20000000,1745469899999999,1730065.75491000,10726,424008.70000000,925410.83493000,0
1745469900000000,2.18360000,2.18960000,2.18240000,2.18830000,658579.80000000,1745470799999999,1440224.75505000,5167,368540.50000000,805826.45118000,0
1745470800000000,2.18830000,2.19360000,2.18820000,2.19280000,967148.30000000,1745471699999999,2118910.62228000,8233,528277.60000000,1157213.43452000,0
1745471700000000,2.19270000,2.19360000,2.18220000,2.18440000,665305.90000000,1745472599999999,1455362.36441000,6588,189755.30000000,414917.62480000,0
1745472600000000,2.18440000,2.18790000,2.18350000,2.18390000,535285.70000000,1745473499999999,1169792.57547000,6915,230080.10000000,502805.34988000,0
1745473500000000,2.18390000,2.18800000,2.17500000,2.17650000,1619326.30000000,1745474399999999,3532070.95527000,8707,628428.50000000,1370906.94202000,0
1745474400000000,2.17650000,2.17780000,2.17200000,2.17630000,1071586.10000000,1745475299999999,2330921.39382000,7573,573432.80000000,1247318.41386000,0
1745475300000000,2.17630000,2.18240000,2.16890000,2.18060000,1546107.80000000,1745476199999999,3363782.30299000,11568,911032.90000000,1982439.14108000,0
1745476200000000,2.18060000,2.18200000,2.16900000,2.16940000,1275216.00000000,1745477099999999,2773261.23344000,9618,774547.30000000,1684374.09742000,0
1745477100000000,2.16930000,2.17290000,2.16400000,2.16540000,1386227.40000000,1745477999999999,3005330.46364000,10092,749433.60000000,1624959.84909000,0
1745478000000000,2.16550000,2.17300000,2.16230000,2.17250000,2053685.20000000,1745478899999999,4449702.53118000,15760,1177798.60000000,2551748.48711000,0
1745478900000000,2.17240000,2.17270000,2.15550000,2.15750000,3077161.30000000,1745479799999999,6649179.78385000,15096,1226508.40000000,2649667.63832000,0
1745479800000000,2.15750000,2.15960000,2.14780000,2.15050000,3514857.10000000,1745480699999999,7567759.16529000,16271,1847818.80000000,3978803.49779000,0
1745480700000000,2.15050000,2.15070000,2.14340000,2.14930000,2291407.90000000,1745481599999999,4919735.73839000,11945,1231759.30000000,2644933.24521000,0
1745481600000000,2.14930000,2.15500000,2.14200000,2.14380000,1972662.40000000,1745482499999999,4238546.93345000,12352,1033165.80000000,2221186.39426000,0
1745482500000000,2.14380000,2.15730000,2.14180000,2.14540000,3487666.10000000,1745483399999999,7497487.96447000,22327,1758028.60000000,3779874.21279000,0
1745483400000000,2.14550000,2.14770000,2.12700000,2.12960000,4791813.70000000,1745484299999999,10236015.09277000,32473,2011208.30000000,4296572.53938000,0
1745484300000000,2.12970000,2.13560000,2.11660000,2.13340000,4751139.10000000,1745485199999999,10100263.61126000,30300,2405533.00000000,5116347.22864000,0
1745485200000000,2.13340000,2.14120000,2.13070000,2.14120000,2078049.50000000,1745486099999999,4442745.52301000,16195,1345245.50000000,2876200.09356000,0
1745486100000000,2.14120000,2.14620000,2.13870000,2.14420000,1808901.60000000,1745486999999999,3875287.53997000,9777,1351070.70000000,2894626.14913000,0
1745487000000000,2.14410000,2.15150000,2.14200000,2.14630000,1729117.30000000,1745487899999999,3712487.75114000,10017,1118311.60000000,2401066.95771000,0
1745487900000000,2.14620000,2.14880000,2.13880000,2.14790000,1563349.30000000,1745488799999999,3351184.33536000,9270,821266.40000000,1760409.10904000,0
1745488800000000,2.14790000,2.15040000,2.14230000,2.14490000,1413373.70000000,1745489699999999,3034301.31650000,9988,852366.90000000,1829767.07675000,0
1745489700000000,2.14480000,2.15390000,2.14480000,2.15310000,1698529.90000000,1745490599999999,3651592.61130000,11271,1042447.10000000,2241283.76424000,0
1745490600000000,2.15310000,2.15480000,2.14850000,2.15460000,1423434.70000000,1745491499999999,3062633.29284000,11208,804502.00000000,1731013.87464000,0
1745491500000000,2.15460000,2.15870000,2.15140000,2.15640000,1686653.90000000,1745492399999999,3635781.86335000,10320,886786.90000000,1911468.21696000,0
1745492400000000,2.15640000,2.15690000,2.14220000,2.14560000,1412268.60000000,1745493299999999,3035024.53513000,9840,656951.10000000,1411273.34270000,0
1745493300000000,2.14560000,2.14720000,2.14250000,2.14710000,730151.20000000,1745494199999999,1565920.32234000,8944,365841.80000000,784613.25213000,0
1745494200000000,2.14700000,2.14820000,2.14100000,2.14770000,1883396.90000000,1745495099999999,4039177.04628000,12547,985742.70000000,2113813.75567000,0
1745495100000000,2.14770000,2.15740000,2.14760000,2.15550000,843257.80000000,1745495999999999,1814845.20205000,10505,403164.70000000,867607.63125000,0
1745496000000000,2.15560000,2.15850000,2.15140000,2.15840000,1764951.50000000,1745496899999999,3801880.36501000,12823,918453.70000000,1978296.30138000,0
1745496900000000,2.15840000,2.16530000,2.15770000,2.16280000,2025804.00000000,1745497799999999,4379112.98551000,10783,993942.40000000,2148145.08575000,0
1745497800000000,2.16260000,2.16770000,2.15910000,2.16330000,1339235.90000000,1745498699999999,2898379.75947000,10002,624889.40000000,1352348.62315000,0
1745498700000000,2.16330000,2.16920000,2.16000000,2.16890000,1281795.50000000,1745499599999999,2774610.99255000,10021,721909.40000000,1562703.56512000,0
1745499600000000,2.16890000,2.16960000,2.16320000,2.16420000,852078.60000000,1745500499999999,1845726.57123000,9970,372426.00000000,806683.41964000,0
1745500500000000,2.16430000,2.17090000,2.16430000,2.17000000,798072.80000000,1745501399999999,1729871.80626000,6425,479873.50000000,1040279.67483000,0
1745501400000000,2.16990000,2.22160000,2.16950000,2.18740000,19371796.00000000,1745502299999999,42597788.47871000,99458,9992792.90000000,21967686.48569000,0
1745502300000000,2.18740000,2.18750000,2.17090000,2.18170000,4286048.30000000,1745503199999999,9334929.57484000,25601,2177839.90000000,4743387.37706000,0
1745503200000000,2.18170000,2.19730000,2.17700000,2.18120000,5215778.70000000,1745504099999999,11414934.32457000,35524,2533231.50000000,5545960.25721000,0
1745504100000000,2.18130000,2.18940000,2.15240000,2.18070000,8262986.90000000,1745504999999999,17958871.02069000,42501,3772907.60000000,8198681.79139000,0
1745505000000000,2.18070000,2.19310000,2.18030000,2.19030000,2016422.30000000,1745505899999999,4410543.35487000,26723,801061.30000000,1752072.19833000,0
1745505900000000,2.19030000,2.19990000,2.18420000,2.18820000,3195056.10000000,1745506799999999,7006315.14579000,19056,1400109.80000000,3071138.80815000,0
1745506800000000,2.18830000,2.22000000,2.18510000,2.21270000,6546753.70000000,1745507699999999,14444697.92902000,36103,3627070.80000000,8003174.02722000,0
1745507700000000,2.21260000,2.23540000,2.20550000,2.20700000,7495348.20000000,1745508599999999,16627147.22777000,49698,3761393.00000000,8342979.40816000,0
1745508600000000,2.20700000,2.22080000,2.20300000,2.21270000,2784788.00000000,1745509499999999,6165256.92244000,28587,1066767.30000000,2361288.79229000,0
1745509500000000,2.21280000,2.21610000,2.20670000,2.21260000,2029967.10000000,1745510399999999,4490050.37378000,18699,938783.30000000,2076150.94039000,0
1745510400000000,2.21260000,2.21900000,2.20940000,2.21630000,1922512.60000000,1745511299999999,4259804.38707000,17230,804570.80000000,1782727.31574000,0
1745511300000000,2.21640000,2.22760000,2.21330000,2.22370000,3126019.30000000,1745512199999999,6940058.64332000,22888,1928952.80000000,4282432.37534000,0
1745512200000000,2.22360000,2.22810000,2.21820000,2.21860000,2054779.90000000,1745513099999999,4570062.89900000,18563,1033670.80000000,2299330.76564000,0
1745513100000000,2.21870000,2.22570000,2.21140000,2.21140000,1808289.30000000,1745513999999999,4010036.01915000,13943,729455.60000000,1618382.58153000,0
1745514000000000,2.21140000,2.21910000,2.19520000,2.19520000,2144588.30000000,1745514899999999,4731354.06941000,16832,893346.00000000,1972797.35366000,0
1745514900000000,2.19510000,2.20170000,2.18280000,2.19790000,3489902.30000000,1745515799999999,7651884.86713000,24681,1771909.20000000,3886129.12990000,0
1745515800000000,2.19780000,2.20120000,2.18580000,2.18810000,1506349.60000000,1745516699999999,3303803.95750000,14603,529098.20000000,1160684.64240000,0
1745516700000000,2.18820000,2.20060000,2.18460000,2.19980000,1032447.90000000,1745517599999999,2262483.65443000,8991,486189.20000000,1065285.30842000,0
1745517600000000,2.19980000,2.21000000,2.19930000,2.20970000,1022144.70000000,1745518499999999,2255193.03327000,9300,409949.50000000,904323.74462000,0
1745518500000000,2.20970000,2.21210000,2.19840000,2.20050000,1297814.60000000,1745519399999999,2861638.67831000,11093,594500.50000000,1310844.42411000,0
1745519400000000,2.20060000,2.20530000,2.19590000,2.19770000,653493.50000000,1745520299999999,1437140.36618000,8041,274217.00000000,603118.50867000,0
1745520300000000,2.19780000,2.20450000,2.19740000,2.20170000,875957.00000000,1745521199999999,1928037.29463000,8099,570849.20000000,1256254.90533000,0
1745521200000000,2.20180000,2.20370000,2.19180000,2.19430000,964300.80000000,1745522099999999,2120008.27823000,9046,467363.20000000,1027879.94841000,0
1745522100000000,2.19430000,2.20690000,2.19350000,2.20350000,689435.20000000,1745522999999999,1518230.95206000,7269,407467.80000000,897744.64355000,0
1745523000000000,2.20360000,2.20770000,2.20210000,2.20420000,459704.70000000,1745523899999999,1013717.37212000,7127,185254.10000000,408487.76937000,0
1745523900000000,2.20420000,2.20970000,2.20040000,2.20560000,492392.20000000,1745524799999999,1085921.30022000,5989,256592.90000000,565987.50249000,0
1745524800000000,2.20560000,2.21320000,2.20360000,2.20480000,1497617.80000000,1745525699999999,3306756.06959000,10629,794043.30000000,1753647.00001000,0
1745525700000000,2.20480000,2.20500000,2.19800000,2.20460000,1050226.90000000,1745526599999999,2311798.62086000,6905,428205.60000000,942686.76554000,0
1745526600000000,2.20440000,2.20650000,2.20240000,2.20390000,556381.10000000,1745527499999999,1226621.23908000,5195,285834.60000000,630153.38079000,0
1745527500000000,2.20380000,2.20900000,2.20190000,2.20190000,942662.90000000,1745528399999999,2079443.76350000,5798,407306.70000000,898436.60601000,0
1745528400000000,2.20200000,2.20600000,2.20120000,2.20410000,598156.90000000,1745529299999999,1318369.36461000,5134,251059.30000000,553319.33378000,0
1745529300000000,2.20410000,2.20470000,2.18640000,2.19070000,962174.10000000,1745530199999999,2112654.70317000,6923,427204.00000000,938448.68783000,0
1745530200000000,2.19070000,2.19920000,2.18840000,2.19590000,908731.20000000,1745531099999999,1994535.33523000,8065,450326.70000000,988429.80795000,0
1745531100000000,2.19580000,2.20240000,2.19530000,2.20010000,657476.60000000,1745531999999999,1446154.26233000,6169,204299.30000000,449312.84118000,0
1745532000000000,2.20010000,2.20620000,2.19780000,2.19970000,982939.40000000,1745532899999999,2163626.14663000,9365,372521.50000000,819925.48238000,0
1745532900000000,2.19980000,2.20220000,2.19640000,2.19850000,504340.30000000,1745533799999999,1109116.75160000,6090,222117.40000000,488466.02804000,0
1745533800000000,2.19850000,2.20190000,2.19560000,2.19670000,546557.30000000,1745534699999999,1201733.67701000,4423,284951.20000000,626441.81797000,0
1745534700000000,2.19670000,2.19670000,2.18850000,2.19270000,890000.40000000,1745535599999999,1950921.78995000,5344,246182.80000000,539607.61023000,0
1745535600000000,2.19270000,2.19880000,2.19080000,2.19700000,514348.00000000,1745536499999999,1128738.42531000,4613,220612.20000000,484287.52510000,0
1745536500000000,2.19690000,2.20330000,2.19520000,2.20190000,905176.20000000,1745537399999999,1990604.19548000,5291,416412.30000000,915855.29849000,0
1745537400000000,2.20190000,2.21090000,2.20160000,2.20660000,1738522.40000000,1745538299999999,3836442.22823000,11976,997250.20000000,2200588.76979000,0
1745538300000000,2.20660000,2.20790000,2.20190000,2.20490000,766686.10000000,1745539199999999,1690464.61075000,5134,450726.90000000,993742.54916000,0
1745539200000000,2.20490000,2.20560000,2.19550000,2.20010000,1249813.10000000,1745540099999999,2749894.98642000,10450,464735.40000000,1022349.68261000,0
1745540100000000,2.20010000,2.20470000,2.19500000,2.20100000,770319.30000000,1745540999999999,1695059.49821000,7135,250893.10000000,552178.82407000,0
1745541000000000,2.20090000,2.20670000,2.19820000,2.20570000,547997.70000000,1745541899999999,1207624.06637000,5692,220715.10000000,486340.89356000,0
1745541900000000,2.20570000,2.20570000,2.20030000,2.20080000,608325.80000000,1745542799999999,1339527.53230000,6036,254995.90000000,561505.90908000,0
1745542800000000,2.20090000,2.21740000,2.19810000,2.20770000,2933074.30000000,1745543699999999,6483938.34970000,23165,1755720.50000000,3881364.64527000,0
1745543700000000,2.20780000,2.21190000,2.19400000,2.19910000,1905144.90000000,1745544599999999,4196353.01750000,22746,941255.00000000,2073551.13038000,0
1745544600000000,2.19900000,2.20550000,2.19650000,2.20220000,661401.00000000,1745545499999999,1455997.48337000,10015,372803.10000000,820688.99798000,0
1745545500000000,2.20230000,2.20460000,2.19120000,2.19260000,1734712.30000000,1745546399999999,3808014.59769000,11343,453571.50000000,995781.40044000,0
1745546400000000,2.19260000,2.19880000,2.19130000,2.19150000,818719.20000000,1745547299999999,1796907.21344000,11372,356204.60000000,781758.08817000,0
1745547300000000,2.19150000,2.19300000,2.17760000,2.18460000,2849356.10000000,1745548199999999,6225395.73628000,19378,1121335.00000000,2449793.06290000,0
1745548200000000,2.18460000,2.18520000,2.17800000,2.17850000,1839931.40000000,1745549099999999,4013326.41788000,13159,967911.70000000,2111006.72288000,0
1745549100000000,2.17840000,2.18150000,2.16340000,2.17040000,2789841.20000000,1745549999999999,6056389.10753000,18640,965736.20000000,2096599.52960000,0
1745550000000000,2.17040000,2.18740000,2.16490000,2.17610000,3161039.10000000,1745550899999999,6879637.94721000,16339,1932374.40000000,4208454.54105000,0
1745550900000000,2.17600000,2.17970000,2.17150000,2.17520000,1131800.80000000,1745551799999999,2462980.61488000,11442,564100.00000000,1227527.86630000,0
1745551800000000,2.17520000,2.18320000,2.17440000,2.17990000,966172.40000000,1745552699999999,2105315.39362000,8506,585758.30000000,1276382.73279000,0
1745552700000000,2.17990000,2.18450000,2.17990000,2.18120000,667113.00000000,1745553599999999,1455814.01042000,5802,434376.20000000,947815.45937000,0
1745553600000000,2.18120000,2.18830000,2.17850000,2.18690000,827024.80000000,1745554499999999,1805359.45365000,7527,470719.00000000,1027747.15265000,0
1745554500000000,2.18680000,2.18770000,2.18020000,2.18020000,712980.60000000,1745555399999999,1557622.17023000,6081,383578.70000000,838133.50796000,0
1745555400000000,2.18030000,2.18500000,2.17650000,2.18390000,715516.40000000,1745556299999999,1560120.89275000,8069,391787.00000000,854290.13293000,0
1745556300000000,2.18390000,2.18440000,2.17810000,2.17970000,755971.00000000,1745557199999999,1649032.34936000,6233,536024.70000000,1169305.97439000,0
1745557200000000,2.17970000,2.18750000,2.17710000,2.18610000,718765.60000000,1745558099999999,1569268.17386000,8188,395958.40000000,864854.96936000,0
1745558100000000,2.18610000,2.19100000,2.18600000,2.18860000,1105524.00000000,1745558999999999,2419353.84998000,8862,705305.10000000,1543412.04818000,0
1745559000000000,2.18860000,2.18950000,2.17870000,2.18010000,1159071.70000000,1745559899999999,2530682.00246000,6654,431607.00000000,942169.07445000,0
1745559900000000,2.18020000,2.18180000,2.17850000,2.18080000,412358.40000000,1745560799999999,898860.19873000,5543,220989.50000000,481720.06646000,0
1745560800000000,2.18080000,2.18950000,2.17880000,2.18860000,719019.90000000,1745561699999999,1571765.06280000,8361,427158.60000000,933846.17935000,0
1745561700000000,2.18860000,2.19400000,2.18570000,2.19390000,751856.50000000,1745562599999999,1645979.68357000,7062,406923.10000000,890962.78028000,0
1745562600000000,2.19400000,2.20020000,2.19340000,2.20020000,1358648.70000000,1745563499999999,2985346.06222000,10244,756559.80000000,1662634.36842000,0
1745563500000000,2.20010000,2.20320000,2.19530000,2.19870000,1193226.50000000,1745564399999999,2624462.44305000,9252,502664.20000000,1105510.55675000,0
1745564400000000,2.19870000,2.20420000,2.19490000,2.19610000,2287005.20000000,1745565299999999,5032526.69090000,13849,1177641.80000000,2591807.18891000,0
1745565300000000,2.19620000,2.19980000,2.18930000,2.19030000,1193523.30000000,1745566199999999,2618861.03609000,8762,460488.20000000,1010508.71700000,0
1745566200000000,2.19030000,2.19420000,2.18730000,2.19060000,1174786.50000000,1745567099999999,2573619.11341000,9261,430785.40000000,943653.14616000,0
1745567100000000,2.19050000,2.19620000,2.18620000,2.19470000,1291293.30000000,1745567999999999,2829417.33306000,9134,609142.30000000,1335103.12227000,0
1745568000000000,2.19480000,2.19800000,2.18780000,2.18940000,1297665.40000000,1745568899999999,2843664.23898000,9147,565771.20000000,1239850.78619000,0
1745568900000000,2.18940000,2.19550000,2.18820000,2.19430000,1221262.60000000,1745569799999999,2676722.55853000,12762,665035.00000000,1457613.61182000,0
1745569800000000,2.19430000,2.19550000,2.19060000,2.19450000,715292.90000000,1745570699999999,1568689.96021000,8944,351579.10000000,771029.27710000,0
1745570700000000,2.19450000,2.19890000,2.19300000,2.19460000,968663.70000000,1745571599999999,2126781.16975000,9449,551906.10000000,1211773.90105000,0
1745571600000000,2.19460000,2.19510000,2.18430000,2.19200000,1288795.50000000,1745572499999999,2822706.12244000,12120,620231.70000000,1357973.29680000,0
1745572500000000,2.19190000,2.19260000,2.18560000,2.19220000,507425.50000000,1745573399999999,1111144.37116000,6916,286785.00000000,628012.02876000,0
1745573400000000,2.19230000,2.19540000,2.19090000,2.19210000,540943.50000000,1745574299999999,1186259.64694000,7941,249860.70000000,547937.05623000,0
1745574300000000,2.19220000,2.20880000,2.19030000,2.20820000,2968331.50000000,1745575199999999,6532491.28867000,16956,1902918.70000000,4187919.18216000,0
1745575200000000,2.20810000,2.20990000,2.19440000,2.19820000,2199165.10000000,1745576099999999,4839000.02353000,14103,840393.80000000,1849708.63678000,0
1745576100000000,2.19830000,2.20700000,2.19350000,2.19500000,2491382.40000000,1745576999999999,5481100.96617000,19552,1284549.90000000,2827288.87341000,0
1745577000000000,2.19490000,2.19740000,2.18550000,2.18970000,1645239.10000000,1745577899999999,3602810.78133000,12236,874020.80000000,1913720.24711000,0
1745577900000000,2.18980000,2.19320000,2.18590000,2.18990000,766706.20000000,1745578799999999,1678052.83239000,7513,408755.60000000,894641.46895000,0
1745578800000000,2.18990000,2.20500000,2.18990000,2.20440000,1788754.90000000,1745579699999999,3932653.87320000,12225,1173210.40000000,2579220.65258000,0
1745579700000000,2.20440000,2.20970000,2.19940000,2.20190000,1903659.80000000,1745580599999999,4194231.75046000,15776,1108415.90000000,2442636.46560000,0
1745580600000000,2.20180000,2.20320000,2.19750000,2.19870000,1032868.40000000,1745581499999999,2272630.57297000,12910,527236.90000000,1159942.92427000,0
1745581500000000,2.19860000,2.20500000,2.19720000,2.20440000,983171.40000000,1745582399999999,2162879.07106000,9678,546157.70000000,1201513.62906000,0
1745582400000000,2.20430000,2.21690000,2.20050000,2.21290000,2689383.60000000,1745583299999999,5937205.14213000,20927,1502596.10000000,3316995.65910000,0
1745583300000000,2.21290000,2.21930000,2.19640000,2.19960000,3348820.20000000,1745584199999999,7393742.01967000,25967,1446917.80000000,3193975.15032000,0
1745584200000000,2.19950000,2.20590000,2.19740000,2.20300000,1250781.50000000,1745585099999999,2753828.65762000,13808,639977.30000000,1409056.67891000,0
1745585100000000,2.20300000,2.20470000,2.18730000,2.19210000,1875837.20000000,1745585999999999,4114827.43986000,15928,877274.10000000,1923695.43397000,0
1745586000000000,2.19220000,2.19860000,2.18910000,2.19140000,1358218.30000000,1745586899999999,2979584.69319000,14441,623807.50000000,1368659.19134000,0
1745586900000000,2.19140000,2.19380000,2.17830000,2.17880000,1674223.60000000,1745587799999999,3658071.88627000,12315,812481.60000000,1775805.34642000,0
1745587800000000,2.17870000,2.19250000,2.17210000,2.18940000,2772406.40000000,1745588699999999,6050769.71156000,26930,1584392.30000000,3457311.88544000,0
1745588700000000,2.18940000,2.19430000,2.17970000,2.18280000,1789992.00000000,1745589599999999,3914274.82563000,20585,805677.20000000,1762027.40210000,0
1745589600000000,2.18280000,2.20430000,2.18200000,2.20390000,2866850.30000000,1745590499999999,6282946.86913000,27025,1604506.90000000,3516466.96646000,0
1745590500000000,2.20390000,2.20400000,2.18810000,2.19310000,1940272.90000000,1745591399999999,4259717.53898000,26347,1046384.80000000,2296940.88077000,0
1745591400000000,2.19320000,2.20490000,2.19010000,2.20400000,1995384.90000000,1745592299999999,4385745.50840000,18238,1090884.60000000,2397761.14283000,0
1745592300000000,2.20400000,2.21820000,2.20140000,2.21150000,4992869.20000000,1745593199999999,11034961.24527000,31278,2808017.30000000,6206340.19900000,0
1745593200000000,2.21150000,2.21790000,2.20850000,2.21370000,3128602.20000000,1745594099999999,6923327.33010000,28178,1646561.10000000,3643472.06354000,0
1745594100000000,2.21360000,2.21860000,2.20630000,2.21120000,2058162.40000000,1745594999999999,4555856.16818000,22994,1004732.10000000,2224289.83652000,0
1745595000000000,2.21130000,2.21900000,2.19840000,2.20170000,3665860.00000000,1745595899999999,8091991.74202000,25000,1597580.70000000,3524439.25047000,0
1745595900000000,2.20170000,2.20600000,2.19970000,2.20050000,1527965.70000000,1745596799999999,3366423.62442000,13105,514036.80000000,1132386.01956000,0
1745596800000000,2.20040000,2.20490000,2.19070000,2.19120000,2153832.10000000,1745597699999999,4731339.82368000,11618,1005190.30000000,2208018.70793000,0
1745597700000000,2.19120000,2.19800000,2.18540000,2.19750000,1735999.50000000,1745598599999999,3803616.19201000,12430,832799.00000000,1824984.32741000,0
1745598600000000,2.19750000,2.20410000,2.19370000,2.20340000,1521443.10000000,1745599499999999,3345802.58904000,11300,600706.90000000,1320741.07215000,0
1745599500000000,2.20330000,2.20440000,2.19900000,2.20250000,1333468.80000000,1745600399999999,2936426.95982000,9997,623886.20000000,1373973.75262000,0
1745600400000000,2.20250000,2.20970000,2.20170000,2.20690000,1481232.80000000,1745601299999999,3268485.54511000,9007,596470.90000000,1316401.49069000,0
1745601300000000,2.20680000,2.20940000,2.20470000,2.20560000,678494.20000000,1745602199999999,1497720.39404000,5756,327447.00000000,722812.24046000,0
1745602200000000,2.20560000,2.20580000,2.18660000,2.19110000,2292179.10000000,1745603099999999,5035688.03871000,14239,861041.50000000,1891077.57278000,0
1745603100000000,2.19110000,2.19150000,2.18300000,2.18660000,2381015.00000000,1745603999999999,5204968.88741000,14040,1203358.80000000,2630715.19490000,0
1745604000000000,2.18670000,2.19390000,2.18630000,2.19130000,1530092.90000000,1745604899999999,3352169.25889000,9419,793137.90000000,1737375.31138000,0
1745604900000000,2.19130000,2.19460000,2.18950000,2.19360000,724055.10000000,1745605799999999,1587510.79955000,6354,213819.60000000,468875.74571000,0
1745605800000000,2.19370000,2.20140000,2.19250000,2.20030000,903796.90000000,1745606699999999,1986973.80531000,8192,437573.00000000,961956.63938000,0
1745606700000000,2.20020000,2.20020000,2.18790000,2.19110000,745138.50000000,1745607599999999,1634809.82495000,6177,374216.50000000,821241.05138000,0
1745607600000000,2.19110000,2.19620000,2.18740000,2.18820000,720368.50000000,1745608499999999,1579230.71778000,6740,415256.10000000,910286.44839000,0
1745608500000000,2.18820000,2.19990000,2.18500000,2.18980000,1751713.00000000,1745609399999999,3838148.76283000,7385,1219654.60000000,2673141.94284000,0
1745609400000000,2.18970000,2.19240000,2.18620000,2.19010000,562213.40000000,1745610299999999,1230780.57555000,6526,241971.40000000,529796.86291000,0
1745610300000000,2.19020000,2.19560000,2.18610000,2.19480000,525392.80000000,1745611199999999,1150738.94603000,5810,318984.60000000,698717.29073000,0
1745611200000000,2.19480000,2.19550000,2.19110000,2.19270000,283344.20000000,1745612099999999,621321.69640000,4526,120115.90000000,263372.13071000,0
1745612100000000,2.19270000,2.19500000,2.18850000,2.19240000,690554.60000000,1745612999999999,1513535.28330000,5733,343467.10000000,752883.54903000,0
1745613000000000,2.19250000,2.19700000,2.19010000,2.19010000,782692.60000000,1745613899999999,1717138.57783000,5995,384576.50000000,843758.98339000,0
1745613900000000,2.19010000,2.19650000,2.19010000,2.19380000,418958.10000000,1745614799999999,919239.37710000,4594,217561.60000000,477372.89664000,0
1745614800000000,2.19370000,2.20030000,2.19340000,2.19670000,636496.20000000,1745615699999999,1399112.12089000,4463,332373.70000000,730578.76033000,0
1745615700000000,2.19670000,2.19670000,2.18630000,2.18750000,653372.50000000,1745616599999999,1431426.79090000,4384,352784.40000000,772723.03688000,0
1745616600000000,2.18740000,2.19270000,2.18640000,2.18810000,544375.90000000,1745617499999999,1191398.13687000,3911,313323.50000000,685633.08789000,0
1745617500000000,2.18810000,2.18830000,2.17820000,2.18170000,1231891.50000000,1745618399999999,2687249.32927000,8256,531295.50000000,1158786.32861000,0
1745618400000000,2.18180000,2.18610000,2.18170000,2.18590000,529772.20000000,1745619299999999,1157397.27360000,6738,320776.90000000,700821.22173000,0
1745619300000000,2.18590000,2.18890000,2.18300000,2.18720000,468702.60000000,1745620199999999,1025222.83306000,3920,267960.50000000,586150.12965000,0
1745620200000000,2.18710000,2.18940000,2.18680000,2.18840000,574933.10000000,1745621099999999,1257949.05542000,3178,282498.90000000,618101.61007000,0
1745621100000000,2.18830000,2.18980000,2.18530000,2.18570000,459102.70000000,1745621999999999,1004374.77760000,3867,163805.40000000,358310.01330000,0
1745622000000000,2.18560000,2.18680000,2.17940000,2.18370000,969045.50000000,1745622899999999,2114907.00705000,5389,332922.80000000,726870.65701000,0
1745622900000000,2.18360000,2.18380000,2.17910000,2.18050000,413449.30000000,1745623799999999,901799.86682000,3586,243303.10000000,530703.25657000,0
1745623800000000,2.18050000,2.18290000,2.17630000,2.18290000,1024843.30000000,1745624699999999,2233046.67197000,6118,627483.70000000,1367236.70512000,0
1745624700000000,2.18290000,2.18490000,2.18030000,2.18120000,1026264.60000000,1745625599999999,2239493.13432000,5596,545578.30000000,1190466.70956000,0
1745625600000000,2.18120000,2.18750000,2.18110000,2.18360000,1252762.50000000,1745626499999999,2736488.55355000,9696,483938.80000000,1057022.61841000,0
1745626500000000,2.18350000,2.18930000,2.18000000,2.18450000,787393.20000000,1745627399999999,1720617.38460000,9365,486337.20000000,1062724.05306000,0
1745627400000000,2.18450000,2.18610000,2.18030000,2.18070000,803816.00000000,1745628299999999,1754246.00772000,9364,506562.80000000,1105460.15661000,0
1745628300000000,2.18060000,2.18870000,2.18030000,2.18590000,1045903.40000000,1745629199999999,2286043.05051000,9650,681534.20000000,1489458.15152000,0
1745629200000000,2.18590000,2.18650000,2.17960000,2.18350000,826715.20000000,1745630099999999,1805032.55441000,7277,395082.30000000,862589.58786000,0
1745630100000000,2.18340000,2.19060000,2.18150000,2.18980000,1431332.50000000,1745630999999999,3132296.12237000,8558,950827.70000000,2080555.56401000,0
1745631000000000,2.18980000,2.20080000,2.18970000,2.19740000,1554969.10000000,1745631899999999,3416558.45963000,12145,697382.30000000,1532581.92467000,0
1745631900000000,2.19740000,2.20290000,2.19600000,2.20280000,1170771.40000000,1745632799999999,2575764.01846000,8412,681304.70000000,1498799.16714000,0
1745632800000000,2.20280000,2.20380000,2.19220000,2.19280000,1210043.10000000,1745633699999999,2658851.89045000,9611,605160.60000000,1329383.66882000,0
1745633700000000,2.19290000,2.19430000,2.18960000,2.19030000,786903.80000000,1745634599999999,1724640.17743000,6787,395663.70000000,867189.25932000,0
1745634600000000,2.19020000,2.19850000,2.18810000,2.19510000,1078087.50000000,1745635499999999,2364299.07778000,8368,555171.50000000,1217482.59375000,0
1745635500000000,2.19510000,2.19730000,2.19200000,2.19590000,614306.00000000,1745636399999999,1348450.48948000,7722,324271.50000000,711832.63162000,0
1745636400000000,2.19580000,2.19720000,2.19060000,2.19460000,504058.10000000,1745637299999999,1106065.69090000,7300,251408.40000000,551624.08644000,0
1745637300000000,2.19470000,2.19490000,2.18720000,2.18840000,644442.90000000,1745638199999999,1411449.56239000,7648,347784.70000000,761647.42099000,0
1745638200000000,2.18830000,2.19230000,2.18720000,2.18910000,584090.00000000,1745639099999999,1278887.15424000,6944,209863.40000000,459371.11112000,0
1745639100000000,2.18910000,2.19300000,2.18800000,2.19100000,265868.10000000,1745639999999999,582424.77773000,5348,95491.80000000,209179.46191000,0
1745640000000000,2.19100000,2.19460000,2.18940000,2.19390000,422106.80000000,1745640899999999,925407.79281000,6287,208349.20000000,456740.96062000,0
1745640900000000,2.19390000,2.19450000,2.18780000,2.18850000,398511.90000000,1745641799999999,873293.75735000,5545,158531.00000000,347356.68788000,0
1745641800000000,2.18850000,2.18850000,2.18160000,2.18590000,673374.40000000,1745642699999999,1470656.13661000,7411,402302.40000000,878546.35912000,0
1745642700000000,2.18600000,2.18690000,2.18100000,2.18190000,554338.90000000,1745643599999999,1210486.47712000,5671,346798.80000000,757275.76100000,0
1745643600000000,2.18180000,2.18440000,2.18000000,2.18370000,924257.90000000,1745644499999999,2016720.99029000,7304,473305.60000000,1032831.50003000,0
1745644500000000,2.18370000,2.18840000,2.18170000,2.18820000,517154.20000000,1745645399999999,1130348.64524000,6826,299257.50000000,654132.00750000,0
1745645400000000,2.18830000,2.19150000,2.18730000,2.19110000,280390.50000000,1745646299999999,613859.73242000,5574,152954.00000000,334869.31547000,0
1745646300000000,2.19100000,2.19320000,2.19000000,2.19170000,407952.60000000,1745647199999999,894053.16527000,4556,154930.00000000,339527.42943000,0
1745647200000000,2.19160000,2.19650000,2.19120000,2.19640000,513589.70000000,1745648099999999,1127012.29776000,4892,236716.70000000,519448.42299000,0
1745648100000000,2.19640000,2.20160000,2.19600000,2.20140000,1214612.70000000,1745648999999999,2671163.50090000,6231,795463.40000000,1749381.98929000,0
1745649000000000,2.20150000,2.23550000,2.20120000,2.21860000,7131161.30000000,1745649899999999,15821460.89612000,42061,4003105.30000000,8878472.84957000,0
1745649900000000,2.21860000,2.22480000,2.21390000,2.21770000,1737630.00000000,1745650799999999,3856619.55103000,16415,889514.00000000,1974166.98876000,0
1745650800000000,2.21770000,2.22660000,2.21730000,2.22610000,1731690.60000000,1745651699999999,3850265.37756000,12086,888747.60000000,1976366.60393000,0
1745651700000000,2.22620000,2.23890000,2.22390000,2.23880000,2811479.30000000,1745652599999999,6272451.17968000,18445,1659284.20000000,3702840.89047000,0
1745652600000000,2.23880000,2.24830000,2.23600000,2.23670000,3449078.10000000,1745653499999999,7732348.17827000,32151,1891435.10000000,4239959.89261000,0
1745653500000000,2.23670000,2.23710000,2.21960000,2.21970000,3634729.50000000,1745654399999999,8101092.63635000,19668,1319194.30000000,2940282.36684000,0
1745654400000000,2.21980000,2.22740000,2.21330000,2.22060000,2890452.90000000,1745655299999999,6418609.89542000,19416,1439363.10000000,3195783.42368000,0
1745655300000000,2.22060000,2.23610000,2.21980000,2.22970000,2102440.10000000,1745656199999999,4683168.99595000,21874,1082789.10000000,2411457.90279000,0
1745656200000000,2.22980000,2.23120000,2.21010000,2.21510000,2114397.90000000,1745657099999999,4694772.30978000,21427,778500.30000000,1729686.59415000,0
1745657100000000,2.21500000,2.21520000,2.20470000,2.21050000,2148237.10000000,1745657999999999,4747754.45852000,18365,797332.40000000,1761962.40167000,0
1745658000000000,2.21040000,2.21220000,2.19970000,2.21040000,1920324.10000000,1745658899999999,4234786.15660000,17336,1022936.90000000,2256453.46937000,0
1745658900000000,2.21040000,2.21550000,2.20670000,2.20750000,780484.00000000,1745659799999999,1725798.27925000,10457,359383.10000000,794748.69019000,0
1745659800000000,2.20750000,2.20750000,2.19710000,2.20040000,1115699.40000000,1745660699999999,2455720.29760000,14026,547033.60000000,1204479.21631000,0
1745660700000000,2.20030000,2.20870000,2.19850000,2.20810000,734014.00000000,1745661599999999,1617608.29675000,9736,370711.00000000,816771.64098000,0
1745661600000000,2.20810000,2.21410000,2.20560000,2.20720000,779384.60000000,1745662499999999,1722677.25892000,9545,366281.70000000,809528.22858000,0
1745662500000000,2.20710000,2.21370000,2.20700000,2.21340000,757770.60000000,1745663399999999,1675246.92398000,9831,417272.10000000,922709.22873000,0
1745663400000000,2.21330000,2.21880000,2.20990000,2.21800000,555540.20000000,1745664299999999,1230142.89389000,8972,332973.90000000,737351.15810000,0
1745664300000000,2.21800000,2.21880000,2.20830000,2.20870000,640038.20000000,1745665199999999,1416893.33380000,8602,309390.90000000,684991.09179000,0
1745665200000000,2.20880000,2.21050000,2.20180000,2.20210000,570800.50000000,1745666099999999,1259226.55687000,8663,218438.80000000,481926.28735000,0
1745666100000000,2.20200000,2.20740000,2.19820000,2.19830000,1164944.50000000,1745666999999999,2564677.03720000,9827,538263.10000000,1185011.39058000,0
1745667000000000,2.19820000,2.20290000,2.19160000,2.19260000,1730180.50000000,1745667899999999,3800619.85670000,16810,777342.60000000,1707843.82271000,0
1745667900000000,2.19250000,2.19720000,2.18590000,2.19380000,1794226.40000000,1745668799999999,3929518.05234000,17477,804360.40000000,1761723.86512000,0
1745668800000000,2.19380000,2.20080000,2.19270000,2.19710000,1537490.50000000,1745669699999999,3378117.42342000,11135,569239.10000000,1251086.74323000,0
1745669700000000,2.19710000,2.20000000,2.19240000,2.19600000,800476.70000000,1745670599999999,1757453.24736000,7883,444974.30000000,976903.87475000,0
1745670600000000,2.19600000,2.20000000,2.19520000,2.19660000,540046.30000000,1745671499999999,1186764.87179000,6330,281673.30000000,618975.29444000,0
1745671500000000,2.19660000,2.20200000,2.19320000,2.19490000,730164.10000000,1745672399999999,1604681.92526000,10056,324195.70000000,712333.09821000,0
1745672400000000,2.19490000,2.19920000,2.19310000,2.19600000,383375.50000000,1745673299999999,842155.30057000,6881,207253.80000000,455221.98169000,0
1745673300000000,2.19600000,2.19810000,2.18950000,2.18960000,620296.50000000,1745674199999999,1360233.50268000,7715,291793.10000000,639759.82493000,0
1745674200000000,2.18960000,2.19610000,2.18600000,2.18900000,953426.90000000,1745675099999999,2087577.83065000,9426,490053.80000000,1073042.21488000,0
1745675100000000,2.18890000,2.19340000,2.18270000,2.19330000,1516252.90000000,1745675999999999,3315378.54190000,14594,585572.80000000,1280867.26165000,0
1745676000000000,2.19330000,2.19450000,2.18650000,2.19290000,560544.40000000,1745676899999999,1228287.63614000,9912,217575.50000000,476618.53441000,0
1745676900000000,2.19300000,2.19580000,2.18650000,2.19570000,590228.00000000,1745677799999999,1292680.63973000,10143,310946.40000000,681039.42293000,0
1745677800000000,2.19570000,2.19950000,2.19400000,2.19640000,742940.00000000,1745678699999999,1632215.40901000,6501,388979.00000000,854636.37210000,0
1745678700000000,2.19650000,2.19750000,2.19030000,2.19110000,907752.60000000,1745679599999999,1991857.13603000,7413,262448.70000000,575883.53344000,0
1745679600000000,2.19110000,2.19930000,2.19050000,2.19610000,855762.90000000,1745680499999999,1878927.40621000,6752,456221.30000000,1001650.74359000,0
1745680500000000,2.19600000,2.20100000,2.19340000,2.19950000,699155.30000000,1745681399999999,1536511.26147000,6798,343002.60000000,753797.29669000,0
1745681400000000,2.19960000,2.20240000,2.19620000,2.19900000,918889.10000000,1745682299999999,2021049.25064000,5809,664882.30000000,1462492.61259000,0
1745682300000000,2.19890000,2.20190000,2.19730000,2.19970000,488283.80000000,1745683199999999,1074228.68735000,5028,224493.00000000,493906.16272000,0
1745683200000000,2.19970000,2.20080000,2.19590000,2.19720000,524352.70000000,1745684099999999,1152821.11885000,5444,211051.70000000,463985.82131000,0
1745684100000000,2.19720000,2.20690000,2.19410000,2.20620000,1642112.40000000,1745684999999999,3615585.42135000,7514,981680.50000000,2162315.40119000,0
1745685000000000,2.20610000,2.20640000,2.19240000,2.19490000,751052.10000000,1745685899999999,1651154.28597000,7483,246455.00000000,541908.32469000,0
1745685900000000,2.19500000,2.20060000,2.19410000,2.19920000,418644.70000000,1745686799999999,920310.53648000,5373,251945.70000000,553886.00929000,0
1745686800000000,2.19920000,2.20170000,2.19600000,2.19620000,267875.40000000,1745687699999999,588934.04365000,5098,120733.70000000,265454.77528000,0
1745687700000000,2.19630000,2.20200000,2.19590000,2.20080000,362191.50000000,1745688599999999,796271.30418000,4716,204190.50000000,448875.04077000,0
1745688600000000,2.20080000,2.20190000,2.19850000,2.20130000,271140.20000000,1745689499999999,596539.41062000,3218,135309.30000000,297659.44699000,0
1745689500000000,2.20130000,2.20220000,2.19950000,2.20080000,223023.90000000,1745690399999999,490869.85905000,3073,117239.70000000,258064.86998000,0
1745690400000000,2.20070000,2.20290000,2.19670000,2.19730000,434133.20000000,1745691299999999,955362.01681000,4011,149852.70000000,329667.14949000,0
1745691300000000,2.19730000,2.20250000,2.19690000,2.19940000,188771.70000000,1745692199999999,415050.59918000,3372,72707.00000000,159857.98253000,0
1745692200000000,2.19940000,2.20010000,2.19630000,2.19790000,230038.30000000,1745693099999999,505697.56300000,3760,116137.20000000,255302.57266000,0
1745693100000000,2.19790000,2.20050000,2.19500000,2.19500000,344691.90000000,1745693999999999,757564.07214000,3694,200925.90000000,441611.30871000,0
1745694000000000,2.19500000,2.19850000,2.19340000,2.19570000,273440.40000000,1745694899999999,600220.93990000,3783,105878.10000000,232423.53817000,0
1745694900000000,2.19580000,2.19910000,2.19500000,2.19740000,288638.00000000,1745695799999999,634039.28218000,3475,151457.10000000,332665.93421000,0
1745695800000000,2.19740000,2.19980000,2.19360000,2.19960000,305104.00000000,1745696699999999,670564.50318000,3285,180893.40000000,397578.36228000,0
1745696700000000,2.19960000,2.20120000,2.19610000,2.19910000,352513.60000000,1745697599999999,775207.74260000,3383,168248.50000000,369983.05373000,0
1745697600000000,2.19900000,2.20240000,2.19690000,2.19720000,320982.10000000,1745698499999999,706199.07544000,3341,152766.80000000,336109.29316000,0
1745698500000000,2.19710000,2.19720000,2.19160000,2.19300000,394271.70000000,1745699399999999,864893.42063000,3182,170143.50000000,373245.08158000,0
1745699400000000,2.19290000,2.19460000,2.19120000,2.19190000,323694.50000000,1745700299999999,709754.87880000,2943,176650.50000000,387327.00878000,0
1745700300000000,2.19190000,2.19400000,2.18600000,2.18610000,574209.20000000,1745701199999999,1256820.51097000,4944,239184.70000000,523498.52270000,0
1745701200000000,2.18610000,2.19520000,2.18600000,2.19420000,510799.70000000,1745702099999999,1118903.95333000,4466,312299.70000000,683997.62156000,0
1745702100000000,2.19410000,2.19560000,2.18960000,2.19250000,330195.20000000,1745702999999999,724067.55866000,3034,153559.30000000,336681.81623000,0
1745703000000000,2.19250000,2.19420000,2.19010000,2.19100000,171842.10000000,1745703899999999,376678.76086000,2143,98923.40000000,216852.24988000,0
1745703900000000,2.19110000,2.19230000,2.18730000,2.18800000,331444.40000000,1745704799999999,725675.59961000,3434,105983.40000000,232053.05615000,0
1745704800000000,2.18800000,2.19640000,2.18730000,2.19600000,639292.70000000,1745705699999999,1401084.75183000,5883,395188.40000000,866287.70858000,0
1745705700000000,2.19600000,2.20030000,2.19420000,2.19620000,650836.70000000,1745706599999999,1430618.85181000,6070,453400.50000000,996661.36161000,0
1745706600000000,2.19610000,2.19930000,2.19430000,2.19860000,373910.50000000,1745707499999999,821548.61317000,4283,204611.70000000,449566.74285000,0
1745707500000000,2.19860000,2.19860000,2.19310000,2.19630000,523086.80000000,1745708399999999,1148658.12418000,3190,307103.10000000,674199.38244000,0
1745708400000000,2.19630000,2.19800000,2.19310000,2.19310000,322827.00000000,1745709299999999,708744.51685000,3755,207359.20000000,455218.44386000,0
1745709300000000,2.19300000,2.19590000,2.19120000,2.19430000,697197.10000000,1745710199999999,1529367.49628000,3537,142570.80000000,312773.44431000,0
1745710200000000,2.19430000,2.19430000,2.19090000,2.19300000,286922.50000000,1745711099999999,629043.35959000,3653,147124.50000000,322527.12882000,0
1745711100000000,2.19290000,2.19480000,2.18910000,2.19120000,730694.50000000,1745711999999999,1601071.83373000,4247,318041.50000000,697002.18994000,0
1745712000000000,2.19120000,2.19780000,2.18760000,2.19470000,868673.20000000,1745712899999999,1903650.30486000,10480,409842.70000000,898365.25025000,0
1745712900000000,2.19470000,2.20490000,2.19460000,2.20200000,935304.10000000,1745713799999999,2057763.67059000,9809,595325.70000000,1309696.40214000,0
1745713800000000,2.20200000,2.20440000,2.19730000,2.20310000,621343.10000000,1745714699999999,1367350.24064000,11382,328704.60000000,723378.35754000,0
1745714700000000,2.20310000,2.20500000,2.19930000,2.20050000,419219.20000000,1745715599999999,923426.57843000,8193,185351.40000000,408255.77850000,0
1745715600000000,2.20050000,2.20470000,2.19600000,2.20260000,643049.20000000,1745716499999999,1414101.63747000,9491,318341.00000000,700127.65161000,0
1745716500000000,2.20260000,2.20400000,2.17630000,2.18300000,4313099.30000000,1745717399999999,9418987.56942000,28096,1806291.80000000,3944716.85023000,0
1745717400000000,2.18290000,2.18470000,2.16460000,2.17600000,4228412.20000000,1745718299999999,9188082.69214000,30363,1986502.00000000,4315872.85099000,0
1745718300000000,2.17590000,2.17660000,2.15810000,2.16200000,2519479.40000000,1745719199999999,5457582.03044000,19910,1107678.20000000,2399829.32251000,0
1745719200000000,2.16200000,2.17220000,2.15910000,2.17200000,1453623.70000000,1745720099999999,3150233.96045000,16413,640540.80000000,1387642.70084000,0
1745720100000000,2.17210000,2.17420000,2.16790000,2.17150000,1300403.70000000,1745720999999999,2823902.69447000,8968,720740.90000000,1565234.88085000,0
1745721000000000,2.17140000,2.17320000,2.16660000,2.17010000,1057403.50000000,1745721899999999,2295227.14646000,10221,416478.80000000,903886.53116000,0
1745721900000000,2.17010000,2.17240000,2.16460000,2.17230000,1173679.10000000,1745722799999999,2544971.78408000,7709,327074.10000000,709492.06574000,0
1745722800000000,2.17240000,2.17800000,2.17050000,2.17570000,735220.70000000,1745723699999999,1599013.29615000,7506,282257.10000000,614037.58059000,0
1745723700000000,2.17570000,2.17910000,2.17310000,2.17650000,778749.90000000,1745724599999999,1694832.96801000,7417,376723.00000000,819853.85149000,0
1745724600000000,2.17650000,2.17930000,2.17430000,2.17690000,369840.10000000,1745725499999999,805218.35416000,4020,214242.70000000,466481.16685000,0
1745725500000000,2.17680000,2.17820000,2.17420000,2.17580000,446666.40000000,1745726399999999,971730.50249000,4778,238109.30000000,518032.47742000,0
1745726400000000,2.17570000,2.17890000,2.17270000,2.17880000,298218.50000000,1745727299999999,648678.29423000,4563,160453.40000000,349051.18267000,0
1745727300000000,2.17890000,2.17900000,2.17370000,2.17660000,365525.70000000,1745728199999999,795383.07404000,3899,121690.70000000,264762.19870000,0
1745728200000000,2.17670000,2.17770000,2.16760000,2.16930000,1522391.10000000,1745729099999999,3304876.40560000,7109,235102.20000000,510564.34129000,0
1745729100000000,2.16930000,2.17170000,2.16520000,2.16720000,721420.50000000,1745729999999999,1563706.49481000,6963,233238.50000000,505553.21998000,0
1745730000000000,2.16710000,2.17350000,2.16580000,2.17270000,611107.10000000,1745730899999999,1326548.17949000,6092,199288.80000000,432686.05916000,0
1745730900000000,2.17270000,2.17460000,2.16050000,2.16340000,1166341.10000000,1745731799999999,2526554.34841000,12388,408438.60000000,884505.06664000,0
1745731800000000,2.16330000,2.16620000,2.16000000,2.16570000,1117828.90000000,1745732699999999,2418640.31550000,10649,464572.80000000,1005342.96475000,0
1745732700000000,2.16580000,2.16990000,2.16540000,2.16910000,364227.30000000,1745733599999999,789415.30014000,5309,163999.70000000,355459.98280000,0
1745733600000000,2.16920000,2.17430000,2.16830000,2.17330000,480737.90000000,1745734499999999,1043768.21391000,5244,286698.80000000,622398.02731000,0
1745734500000000,2.17330000,2.17630000,2.17230000,2.17450000,296269.40000000,1745735399999999,644109.16459000,4928,142500.90000000,309811.90829000,0
1745735400000000,2.17440000,2.17630000,2.17330000,2.17420000,419039.20000000,1745736299999999,911220.31427000,5652,202300.50000000,439942.94436000,0
1745736300000000,2.17410000,2.17560000,2.17200000,2.17350000,598770.70000000,1745737199999999,1301543.95261000,5427,228636.00000000,496922.71179000,0
1745737200000000,2.17340000,2.17550000,2.16570000,2.16630000,1128022.30000000,1745738099999999,2448291.27213000,7359,283760.30000000,615787.85601000,0
1745738100000000,2.16630000,2.17150000,2.16620000,2.17060000,455600.80000000,1745738999999999,988210.83990000,4445,222489.40000000,482507.67207000,0
1745739000000000,2.17060000,2.17170000,2.16840000,2.17050000,188972.20000000,1745739899999999,410093.02939000,3393,84458.50000000,183283.41113000,0
1745739900000000,2.17060000,2.17260000,2.16870000,2.17230000,351310.70000000,1745740799999999,762839.60265000,3262,198516.00000000,431048.31476000,0
1745740800000000,2.17230000,2.17440000,2.16930000,2.17370000,248543.10000000,1745741699999999,539659.28940000,3056,108606.30000000,235803.63312000,0
1745741700000000,2.17360000,2.17790000,2.17250000,2.17400000,396428.80000000,1745742599999999,862142.37102000,5780,204966.00000000,445724.56610000,0
1745742600000000,2.17400000,2.17950000,2.17300000,2.17910000,486531.90000000,1745743499999999,1058835.43724000,5958,268487.00000000,584383.04751000,0
1745743500000000,2.17910000,2.18370000,2.17770000,2.17890000,1094723.60000000,1745744399999999,2386820.48056000,6174,731289.00000000,1594427.27981000,0
1745744400000000,2.17890000,2.17920000,2.17520000,2.17550000,237729.80000000,1745745299999999,517500.57195000,4591,111690.30000000,243118.03878000,0
1745745300000000,2.17550000,2.17850000,2.17380000,2.17470000,473361.10000000,1745746199999999,1030059.61468000,3832,189864.30000000,413099.40335000,0
1745746200000000,2.17470000,2.18150000,2.17470000,2.18150000,382407.90000000,1745747099999999,833107.43180000,3940,169003.90000000,368273.66362000,0
1745747100000000,2.18140000,2.18180000,2.17880000,2.17960000,291550.30000000,1745747999999999,635591.44203000,2836,103374.70000000,225416.82184000,0
1745748000000000,2.17970000,2.18050000,2.17780000,2.17840000,233496.90000000,1745748899999999,508854.61332000,3203,107264.60000000,233753.76357000,0
1745748900000000,2.17840000,2.18050000,2.17640000,2.17710000,393100.60000000,1745749799999999,856414.72500000,3461,186944.10000000,407238.69066000,0
1745749800000000,2.17710000,2.17980000,2.17520000,2.17980000,264495.30000000,1745750699999999,575919.00283000,3221,130099.30000000,283267.35864000,0
1745750700000000,2.17970000,2.18220000,2.17850000,2.18150000,497144.60000000,1745751599999999,1084218.25727000,4006,208473.10000000,454654.60480000,0
1745751600000000,2.18160000,2.18310000,2.17950000,2.18130000,337806.60000000,1745752499999999,736829.16730000,4725,201737.30000000,440033.59574000,0
1745752500000000,2.18120000,2.18310000,2.17860000,2.18060000,315335.80000000,1745753399999999,687671.68501000,4504,86112.20000000,187798.01119000,0
1745753400000000,2.18060000,2.18320000,2.17840000,2.17860000,297902.20000000,1745754299999999,649623.15563000,4297,100553.80000000,219291.96356000,0
1745754300000000,2.17860000,2.18260000,2.17830000,2.18040000,615118.00000000,1745755199999999,1341755.75939000,4081,342359.70000000,746806.40035000,0
1745755200000000,2.18030000,2.18210000,2.17620000,2.17660000,384513.00000000,1745756099999999,837899.88540000,5582,205130.50000000,447016.04792000,0
1745756100000000,2.17650000,2.18230000,2.17350000,2.18150000,1046733.70000000,1745756999999999,2279606.10365000,7974,554705.50000000,1208038.81524000,0
1745757000000000,2.18160000,2.24000000,2.17850000,2.23770000,13837879.00000000,1745757899999999,30617844.22196000,79502,9189643.20000000,20334168.58051000,0
1745757900000000,2.23770000,2.27210000,2.21040000,2.21490000,25139408.10000000,1745758799999999,56379854.64624000,138326,13010658.00000000,29190724.88341000,0
1745758800000000,2.21490000,2.24100000,2.21340000,2.23580000,7506747.10000000,1745759699999999,16738802.92980000,57097,4058112.50000000,9050601.16315000,0
1745759700000000,2.23570000,2.25000000,2.22310000,2.23000000,5671869.90000000,1745760599999999,12685143.17484000,38396,2682195.30000000,6000007.92704000,0
1745760600000000,2.22990000,2.24040000,2.22800000,2.22900000,3248026.10000000,1745761499999999,7262997.07567000,22903,1505414.90000000,3366751.64400000,0
1745761500000000,2.22890000,2.23600000,2.21960000,2.22250000,3144190.70000000,1745762399999999,7007362.00957000,23817,1265302.60000000,2820947.26381000,0
1745762400000000,2.22250000,2.22950000,2.21220000,2.21770000,4636185.30000000,1745763299999999,10285277.72213000,30847,2053219.40000000,4555730.30933000,0
1745763300000000,2.21770000,2.22800000,2.21400000,2.22790000,2288795.80000000,1745764199999999,5084276.81537000,20817,1272702.70000000,2827763.90244000,0
1745764200000000,2.22790000,2.23750000,2.22790000,2.23160000,1841079.10000000,1745765099999999,4109826.08773000,18137,896019.30000000,1999833.44038000,0
1745765100000000,2.23160000,2.23880000,2.22730000,2.23700000,2014625.20000000,1745765999999999,4500641.40786000,15651,1311118.00000000,2928990.02273000,0
1745766000000000,2.23710000,2.24370000,2.22350000,2.22390000,3185399.20000000,1745766899999999,7117475.90166000,24560,1585609.80000000,3543198.36117000,0
1745766900000000,2.22390000,2.22610000,2.21540000,2.21550000,1661322.80000000,1745767799999999,3690029.02242000,19294,715960.30000000,1590325.59971000,0
1745767800000000,2.21550000,2.22140000,2.21260000,2.21700000,1311030.40000000,1745768699999999,2906381.34231000,13583,599545.70000000,1329180.90804000,0
1745768700000000,2.21690000,2.22930000,2.21630000,2.22770000,1206233.30000000,1745769599999999,2683233.51972000,10477,874589.40000000,1945652.68876000,0
1745769600000000,2.22780000,2.23400000,2.22690000,2.22940000,1548185.10000000,1745770499999999,3452842.89878000,14374,803662.90000000,1792481.55298000,0
1745770500000000,2.22940000,2.22940000,2.22000000,2.22010000,947475.80000000,1745771399999999,2107295.32505000,11122,461200.70000000,1025620.86061000,0
1745771400000000,2.22010000,2.22840000,2.21550000,2.22700000,1950693.00000000,1745772299999999,4336371.83875000,10807,857749.00000000,1906055.44228000,0
1745772300000000,2.22690000,2.23460000,2.22410000,2.23330000,1407264.20000000,1745773199999999,3138054.46482000,11180,799998.30000000,1783708.42153000,0
1745773200000000,2.23330000,2.23830000,2.23210000,2.23630000,1312410.60000000,1745774099999999,2934346.80576000,14414,690932.90000000,1544810.87054000,0
1745774100000000,2.23630000,2.24080000,2.22730000,2.22800000,1553486.50000000,1745774999999999,3471555.90213000,10063,587205.00000000,1312629.62161000,0
1745775000000000,2.22800000,2.23380000,2.22640000,2.23180000,692764.70000000,1745775899999999,1544766.29713000,6316,466829.90000000,1040833.41526000,0
1745775900000000,2.23180000,2.23470000,2.22850000,2.23100000,691918.50000000,1745776799999999,1544296.32263000,5555,257609.20000000,574836.77609000,0
1745776800000000,2.23110000,2.24810000,2.23090000,2.24620000,1658698.80000000,1745777699999999,3717651.19444000,10176,958411.00000000,2148122.08571000,0
1745777700000000,2.24620000,2.24950000,2.24120000,2.24710000,1753212.90000000,1745778599999999,3938259.76985000,11725,831825.40000000,1868240.65145000,0
1745778600000000,2.24700000,2.25230000,2.24590000,2.24900000,2179238.00000000,1745779499999999,4900667.73514000,11872,1166559.70000000,2623466.95404000,0
1745779500000000,2.24900000,2.25180000,2.24180000,2.24450000,1711520.00000000,1745780399999999,3845412.19812000,9254,826015.20000000,1856172.34127000,0
1745780400000000,2.24460000,2.25150000,2.24460000,2.24690000,1488287.70000000,1745781299999999,3346329.57818000,8452,901265.50000000,2026365.89213000,0
1745781300000000,2.24690000,2.25970000,2.24430000,2.25950000,1885611.10000000,1745782199999999,4248201.34250000,15040,1147341.50000000,2585142.48855000,0
1745782200000000,2.25950000,2.26330000,2.25490000,2.25530000,3142182.10000000,1745783099999999,7102187.97533000,17239,1641134.50000000,3709714.84916000,0
1745783100000000,2.25520000,2.28490000,2.25520000,2.28410000,4382409.50000000,1745783999999999,9955399.37635000,25185,3048146.50000000,6923642.49629000,0
1745784000000000,2.28400000,2.29410000,2.27360000,2.29340000,5769447.00000000,1745784899999999,13184485.65643000,50251,3182645.00000000,7274018.06946000,0
1745784900000000,2.29340000,2.29480000,2.26900000,2.27160000,3390753.30000000,1745785799999999,7729008.39432000,30414,1566688.40000000,3571218.68153000,0
1745785800000000,2.27160000,2.29360000,2.26470000,2.29040000,3556330.20000000,1745786699999999,8103039.31948000,27122,2239516.00000000,5105477.29193000,0
1745786700000000,2.29040000,2.29110000,2.27990000,2.28280000,2268898.60000000,1745787599999999,5185107.93606000,19150,992942.80000000,2269178.72125000,0
1745787600000000,2.28280000,2.28390000,2.26810000,2.27040000,2048347.30000000,1745788499999999,4658047.06750000,17032,1084696.50000000,2466046.62167000,0
1745788500000000,2.27050000,2.27820000,2.26670000,2.27520000,1612902.70000000,1745789399999999,3664826.80574000,10249,865258.10000000,1966288.40152000,0
1745789400000000,2.27510000,2.27520000,2.26550000,2.26850000,1312462.00000000,1745790299999999,2980153.04238000,10043,624512.30000000,1418092.44194000,0
1745790300000000,2.26840000,2.27470000,2.26570000,2.26650000,1204523.00000000,1745791199999999,2735091.88451000,9754,470278.10000000,1067784.84945000,0
1745791200000000,2.26660000,2.26830000,2.25600000,2.25650000,2197282.10000000,1745792099999999,4968577.86634000,20124,1029451.00000000,2327708.10190000,0
1745792100000000,2.25650000,2.26210000,2.25150000,2.25160000,1949908.60000000,1745792999999999,4403763.98192000,12291,702627.00000000,1587471.96736000,0
1745793000000000,2.25160000,2.25870000,2.24550000,2.25870000,1479540.70000000,1745793899999999,3331230.15263000,12549,617039.30000000,1389494.64378000,0
1745793900000000,2.25870000,2.26450000,2.25590000,2.26180000,1354356.60000000,1745794799999999,3061297.05504000,8350,718041.70000000,1622984.72706000,0
1745794800000000,2.26180000,2.26180000,2.24770000,2.24940000,1300593.20000000,1745795699999999,2930558.08000000,10577,418010.50000000,941771.74340000,0
1745795700000000,2.24930000,2.25980000,2.24790000,2.25540000,872977.40000000,1745796599999999,1967465.34856000,9088,464519.30000000,1047036.17615000,0
1745796600000000,2.25540000,2.26020000,2.25260000,2.25450000,710659.50000000,1745797499999999,1603600.99801000,8184,442539.60000000,998505.33874000,0
1745797500000000,2.25450000,2.26040000,2.25110000,2.25200000,927248.50000000,1745798399999999,2091432.81297000,9196,392594.80000000,885547.12121000,0
1745798400000000,2.25210000,2.25490000,2.23170000,2.24130000,2474504.60000000,1745799299999999,5546203.06735000,32313,968532.20000000,2170761.95482000,0
1745799300000000,2.24130000,2.25390000,2.23870000,2.25060000,1457635.20000000,1745800199999999,3273787.55889000,20763,800547.10000000,1797840.72750000,0
1745800200000000,2.25050000,2.26160000,2.24970000,2.26160000,1493457.10000000,1745801099999999,3369643.83507000,20087,774264.90000000,1747125.85852000,0
1745801100000000,2.26150000,2.26480000,2.25190000,2.25900000,1472909.60000000,1745801999999999,3328569.50061000,20658,716888.40000000,1619918.43747000,0
1745802000000000,2.25900000,2.26200000,2.23000000,2.23860000,3413877.70000000,1745802899999999,7659542.40058000,29052,1118064.30000000,2508218.93582000,0
1745802900000000,2.23860000,2.24560000,2.23280000,2.24450000,2313812.20000000,1745803799999999,5181652.81657000,32038,1160664.50000000,2599087.70869000,0
1745803800000000,2.24440000,2.24570000,2.21840000,2.22740000,4548041.00000000,1745804699999999,10130712.13817000,42894,2166185.60000000,4825022.41730000,0
1745804700000000,2.22750000,2.23780000,2.22660000,2.23300000,1344162.90000000,1745805599999999,3002504.36706000,20671,675198.60000000,1508313.09089000,0
1745805600000000,2.23300000,2.24170000,2.22910000,2.23650000,1587303.30000000,1745806499999999,3551757.05889000,18345,744306.20000000,1665355.86532000,0
1745806500000000,2.23660000,2.24280000,2.23560000,2.23790000,1201680.50000000,1745807399999999,2691605.70362000,14996,527257.00000000,1181027.74210000,0
1745807400000000,2.23790000,2.24160000,2.23430000,2.24130000,829265.70000000,1745808299999999,1855921.76985000,13105,478780.00000000,1071554.09508000,0
1745808300000000,2.24130000,2.24870000,2.24030000,2.24730000,965867.50000000,1745809199999999,2168406.21029000,9548,484936.30000000,1088566.95971000,0
1745809200000000,2.24730000,2.24920000,2.24300000,2.24800000,643886.50000000,1745810099999999,1446110.35309000,8975,294264.00000000,660868.39600000,0
1745810100000000,2.24800000,2.25530000,2.24790000,2.25210000,1837654.10000000,1745810999999999,4139004.71063000,12883,1141806.20000000,2571472.28726000,0
1745811000000000,2.25220000,2.26210000,2.25200000,2.25780000,1051808.40000000,1745811899999999,2372974.67918000,16317,418371.90000000,943791.60558000,0
1745811900000000,2.25780000,2.26200000,2.25560000,2.25890000,1004090.90000000,1745812799999999,2267587.04705000,10056,406775.10000000,918611.70507000,0
1745812800000000,2.25890000,2.26670000,2.25660000,2.26590000,1760140.70000000,1745813699999999,3980419.30161000,15906,985054.30000000,2227658.75209000,0
1745813700000000,2.26590000,2.27850000,2.26150000,2.27790000,3197075.90000000,1745814599999999,7260608.28249000,23482,1871226.30000000,4249568.75503000,0
1745814600000000,2.27790000,2.27920000,2.26810000,2.26920000,1669756.40000000,1745815499999999,3796435.03052000,15246,647400.90000000,1471743.77003000,0
1745815500000000,2.26910000,2.27250000,2.26640000,2.27050000,1321377.50000000,1745816399999999,2998311.14619000,9422,510641.10000000,1158855.28999000,0
1745816400000000,2.27050000,2.28160000,2.26980000,2.27990000,1538036.90000000,1745817299999999,3499491.86107000,13010,852932.50000000,1940609.32136000,0
1745817300000000,2.27990000,2.28660000,2.27710000,2.27800000,1969857.10000000,1745818199999999,4495137.43639000,15753,986167.60000000,2250580.83058000,0
1745818200000000,2.27800000,2.28200000,2.27550000,2.27840000,1383051.30000000,1745819099999999,3150853.89302000,11378,695846.60000000,1585412.25274000,0
1745819100000000,2.27840000,2.28200000,2.27110000,2.27270000,1361640.60000000,1745819999999999,3100578.99179000,11066,422048.70000000,960837.66400000,0
1745820000000000,2.27270000,2.27580000,2.26870000,2.27580000,1477389.30000000,1745820899999999,3355889.22671000,11136,812676.90000000,1846010.87405000,0
1745820900000000,2.27580000,2.28100000,2.27340000,2.27540000,1156907.60000000,1745821799999999,2634194.98922000,9878,644533.00000000,1467537.19197000,0
1745821800000000,2.27540000,2.29050000,2.27530000,2.28790000,2596602.80000000,1745822699999999,5934883.16919000,20417,1397348.10000000,3193152.54219000,0
1745822700000000,2.28780000,2.29400000,2.28250000,2.29080000,2708323.70000000,1745823599999999,6199859.48603000,17228,1556089.50000000,3562141.11433000,0
1745823600000000,2.29090000,2.29180000,2.28540000,2.28630000,2363455.20000000,1745824499999999,5408283.88010000,13501,993013.30000000,2272510.00078000,0
1745824500000000,2.28630000,2.32450000,2.28490000,2.31540000,8790965.10000000,1745825399999999,20295461.77334000,55690,4922672.10000000,11363922.85079000,0
1745825400000000,2.31540000,2.32640000,2.29500000,2.31910000,7175716.40000000,1745826299999999,16608638.14581000,48806,3466440.10000000,8022436.61283000,0
1745826300000000,2.31910000,2.34280000,2.31650000,2.33550000,5487873.70000000,1745827199999999,12793866.67367000,41869,3426216.30000000,7988060.43791000,0
1745827200000000,2.33550000,2.36300000,2.32410000,2.35270000,8037924.30000000,1745828099999999,18830207.63927000,52280,4444256.60000000,10412835.40572000,0
1745828100000000,2.35270000,2.35350000,2.33740000,2.34330000,3111218.40000000,1745828999999999,7293606.98248000,29807,1583612.70000000,3712462.33109000,0
1745829000000000,2.34330000,2.34450000,2.33120000,2.33450000,3368437.70000000,1745829899999999,7870982.81555000,19505,1361791.80000000,3182354.09504000,0
1745829900000000,2.33440000,2.33800000,2.32480000,2.32590000,3467405.30000000,1745830799999999,8078436.74985000,18968,1329666.70000000,3097842.17493000,0
1745830800000000,2.32590000,2.33630000,2.32120000,2.32440000,2505963.50000000,1745831699999999,5839477.72422000,19937,1402200.20000000,3268530.63273000,0
1745831700000000,2.32430000,2.33320000,2.32370000,2.32950000,1945896.70000000,1745832599999999,4529459.48709000,15582,1054795.70000000,2454958.38842000,0
1745832600000000,2.32950000,2.34800000,2.32940000,2.34590000,3098465.30000000,1745833499999999,7252022.66337000,20289,1874759.90000000,4386187.27615000,0
1745833500000000,2.34590000,2.34590000,2.33000000,2.33150000,1822340.70000000,1745834399999999,4259358.22712000,13921,984272.50000000,2300762.77988000,0
1745834400000000,2.33150000,2.33270000,2.31830000,2.32180000,2720415.00000000,1745835299999999,6325374.93606000,21028,1341718.00000000,3119320.54940000,0
1745835300000000,2.32190000,2.32500000,2.30590000,2.32150000,3127049.50000000,1745836199999999,7240382.88367000,29426,1212928.80000000,2809247.44561000,0
1745836200000000,2.32140000,2.34080000,2.32110000,2.33610000,2897204.40000000,1745837099999999,6758132.84088000,22055,1670409.80000000,3896032.65608000,0
1745837100000000,2.33610000,2.33770000,2.32460000,2.32770000,2095255.00000000,1745837999999999,4884852.61790000,13124,785514.30000000,1831408.04709000,0
1745838000000000,2.32770000,2.33270000,2.32220000,2.32350000,1521743.50000000,1745838899999999,3541936.98627000,15298,812388.20000000,1890894.78343000,0
1745838900000000,2.32340000,2.33200000,2.32320000,2.33100000,1066367.00000000,1745839799999999,2482333.82610000,9927,695147.10000000,1618288.76661000,0
1745839800000000,2.33100000,2.33170000,2.32160000,2.32360000,1494447.60000000,1745840699999999,3477339.34348000,14091,711977.30000000,1656947.01790000,0
1745840700000000,2.32360000,2.32440000,2.31370000,2.31890000,1660796.70000000,1745841599999999,3850751.50577000,13314,662028.30000000,1534845.54721000,0
1745841600000000,2.31890000,2.31940000,2.31010000,2.31290000,1402536.50000000,1745842499999999,3245593.17190000,17288,681859.70000000,1578202.64544000,0
1745842500000000,2.31300000,2.32080000,2.31220000,2.31950000,1155593.90000000,1745843399999999,2678033.76985000,12528,636126.80000000,1474441.38147000,0
1745843400000000,2.31950000,2.32480000,2.31510000,2.32410000,1219485.90000000,1745844299999999,2829570.60727000,12137,785367.20000000,1822352.31315000,0
1745844300000000,2.32400000,2.32890000,2.31250000,2.31450000,1321123.90000000,1745845199999999,3064631.29996000,14037,612101.20000000,1419904.32814000,0
1745845200000000,2.31440000,2.32310000,2.31240000,2.31820000,1019732.30000000,1745846099999999,2362356.27666000,14793,499706.10000000,1157662.61683000,0
1745846100000000,2.31820000,2.32130000,2.30080000,2.30570000,2051695.90000000,1745846999999999,4741667.61893000,14621,865241.50000000,2000284.06190000,0
1745847000000000,2.30580000,2.31220000,2.29130000,2.30360000,3895546.30000000,1745847899999999,8951771.25959000,30113,1906656.80000000,4382103.41315000,0
1745847900000000,2.30360000,2.30520000,2.27890000,2.28010000,3771266.90000000,1745848799999999,8634112.08402000,27433,1496000.20000000,3427235.66499000,0
1745848800000000,2.28010000,2.29880000,2.27440000,2.29820000,3558226.60000000,1745849699999999,8139421.22972000,23923,1606560.90000000,3677010.42733000,0
1745849700000000,2.29820000,2.30480000,2.29460000,2.30240000,2011676.10000000,1745850599999999,4627516.79340000,14415,1255797.70000000,2888717.43072000,0
1745850600000000,2.30230000,2.30370000,2.29190000,2.29920000,1420971.40000000,1745851499999999,3264871.72203000,13869,512534.00000000,1177581.49271000,0
1745851500000000,2.29920000,2.30200000,2.28330000,2.28830000,1881910.40000000,1745852399999999,4309356.01502000,15004,843699.20000000,1932181.57881000,0
1745852400000000,2.28830000,2.29530000,2.27620000,2.27780000,1982109.50000000,1745853299999999,4525233.34884000,15743,921938.30000000,2105700.60777000,0
1745853300000000,2.27790000,2.28180000,2.25110000,2.25480000,5238728.90000000,1745854199999999,11854783.93915000,30998,1940461.40000000,4393656.83067000,0
1745854200000000,2.25480000,2.26480000,2.25000000,2.26030000,3360506.80000000,1745855099999999,7589227.71255000,23264,1966558.70000000,4442337.93988000,0
1745855100000000,2.26030000,2.27410000,2.25830000,2.27400000,2851952.10000000,1745855999999999,6464730.21273000,20406,1514599.20000000,3433224.68442000,0
1745856000000000,2.27390000,2.27580000,2.26080000,2.26580000,2453690.30000000,1745856899999999,5568415.94154000,18651,970188.90000000,2201748.64481000,0
1745856900000000,2.26580000,2.27570000,2.26280000,2.27520000,1506309.30000000,1745857799999999,3420441.63573000,14742,796569.20000000,1808668.85910000,0
1745857800000000,2.27520000,2.28730000,2.27390000,2.28540000,3346146.60000000,1745858699999999,7634926.50578000,14012,1875535.70000000,4279607.19885000,0
1745858700000000,2.28540000,2.28540000,2.27300000,2.27570000,2124056.70000000,1745859599999999,4839889.08003000,14217,887500.50000000,2021090.54342000,0
1745859600000000,2.27560000,2.28250000,2.27230000,2.27280000,904687.90000000,1745860499999999,2060746.55873000,8307,489279.20000000,1114683.87577000,0
1745860500000000,2.27270000,2.27670000,2.26900000,2.26930000,898514.40000000,1745861399999999,2042109.70111000,8300,550021.60000000,1250218.27436000,0
1745861400000000,2.26930000,2.27910000,2.26570000,2.27670000,1455674.40000000,1745862299999999,3306919.94133000,9372,704997.30000000,1603038.36193000,0
1745862300000000,2.27670000,2.28280000,2.27640000,2.28180000,643925.30000000,1745863199999999,1468407.01870000,7747,371500.20000000,847191.78009000,0
1745863200000000,2.28170000,2.28310000,2.26980000,2.26980000,725627.30000000,1745864099999999,1652408.24690000,6896,375590.20000000,855574.89296000,0
1745864100000000,2.26990000,2.27600000,2.26820000,2.26880000,604054.40000000,1745864999999999,1372215.96881000,6909,279214.10000000,634300.40611000,0
1745865000000000,2.26880000,2.27670000,2.26660000,2.27640000,645668.70000000,1745865899999999,1466491.11884000,6963,403836.40000000,917230.45605000,0
1745865900000000,2.27650000,2.28180000,2.27540000,2.27930000,668368.50000000,1745866799999999,1523003.98288000,5912,350778.60000000,799443.10877000,0
1745866800000000,2.27930000,2.29010000,2.27830000,2.28400000,1518422.70000000,1745867699999999,3469338.49417000,12839,866220.20000000,1979197.77121000,0
1745867700000000,2.28400000,2.29200000,2.28380000,2.28940000,1283274.60000000,1745868599999999,2938079.29155000,9314,633322.00000000,1449901.01816000,0
1745868600000000,2.28930000,2.29560000,2.28930000,2.29480000,1521529.80000000,1745869499999999,3489404.52630000,11186,831631.00000000,1907228.35830000,0
1745869500000000,2.29480000,2.29710000,2.29030000,2.29230000,1477578.10000000,1745870399999999,3389675.24431000,10434,501563.80000000,1150527.25653000,0
1745870400000000,2.29220000,2.29220000,2.28450000,2.28490000,676436.00000000,1745871299999999,1548108.69158000,6965,264100.30000000,604367.09741000,0
1745871300000000,2.28500000,2.29540000,2.28450000,2.29540000,759695.40000000,1745872199999999,1741665.43019000,6206,451096.10000000,1034278.21488000,0
1745872200000000,2.29540000,2.29690000,2.28710000,2.28780000,641707.20000000,1745873099999999,1471100.45103000,7122,219447.90000000,503225.86282000,0
1745873100000000,2.28790000,2.29160000,2.28440000,2.28750000,658079.90000000,1745873999999999,1505953.38028000,6957,288561.70000000,660326.07543000,0
1745874000000000,2.28750000,2.29050000,2.28540000,2.28610000,404574.50000000,1745874899999999,925850.04785000,4892,206724.60000000,473070.45331000,0
1745874900000000,2.28610000,2.29520000,2.28600000,2.29470000,603209.50000000,1745875799999999,1381712.30733000,4222,258920.80000000,592888.97164000,0
1745875800000000,2.29480000,2.29820000,2.28930000,2.29610000,480087.10000000,1745876699999999,1101512.09332000,5574,275012.30000000,630946.69332000,0
1745876700000000,2.29610000,2.30030000,2.29220000,2.29940000,746104.20000000,1745877599999999,1714637.60254000,6278,401677.10000000,923123.43559000,0
1745877600000000,2.29930000,2.30610000,2.29590000,2.29720000,1467245.80000000,1745878499999999,3376008.27934000,11759,783231.10000000,1802377.06065000,0
1745878500000000,2.29730000,2.30010000,2.29390000,2.29550000,510214.60000000,1745879399999999,1171500.74597000,5986,290472.20000000,666933.37551000,0
1745879400000000,2.29540000,2.29870000,2.29490000,2.29660000,535300.00000000,1745880299999999,1229572.55319000,5503,266833.50000000,612844.08172000,0
1745880300000000,2.29670000,2.30180000,2.29500000,2.30060000,787895.30000000,1745881199999999,1811258.04593000,4952,515878.80000000,1185855.80452000,0
1745881200000000,2.30060000,2.30200000,2.29480000,2.29520000,1082921.90000000,1745882099999999,2489396.95823000,5176,332724.50000000,765188.51274000,0
1745882100000000,2.29510000,2.30060000,2.29280000,2.29650000,760444.40000000,1745882999999999,1746621.35805000,6427,411333.10000000,944880.29426000,0
1745883000000000,2.29660000,2.30130000,2.29600000,2.29740000,649143.70000000,1745883899999999,1492603.43767000,5753,356364.70000000,819384.49930000,0
1745883900000000,2.29730000,2.29750000,2.29280000,2.29490000,560262.70000000,1745884799999999,1285719.68041000,5079,241995.90000000,555302.45081000,0
1745884800000000,2.29500000,2.30050000,2.29080000,2.29840000,812558.20000000,1745885699999999,1864620.43834000,10518,361428.40000000,829638.88163000,0
1745885700000000,2.29840000,2.30120000,2.29410000,2.29950000,647404.90000000,1745886599999999,1487666.59126000,9004,267842.70000000,615541.57799000,0
1745886600000000,2.29960000,2.30470000,2.29690000,2.30380000,707067.40000000,1745887499999999,1626781.45281000,9884,362436.00000000,833922.97746000,0
1745887500000000,2.30380000,2.30580000,2.29590000,2.30370000,675988.60000000,1745888399999999,1555699.34639000,9604,388142.60000000,893321.56242000,0
1745888400000000,2.30360000,2.30720000,2.29610000,2.29670000,734751.40000000,1745889299999999,1692007.12810000,12747,389652.30000000,897461.15702000,0
1745889300000000,2.29680000,2.31090000,2.28820000,2.30880000,1734467.00000000,1745890199999999,3987938.49359000,17073,936861.20000000,2154301.03541000,0
1745890200000000,2.30890000,2.31140000,2.30400000,2.30940000,1115090.60000000,1745891099999999,2573619.85451000,15205,549670.00000000,1268644.60604000,0
1745891100000000,2.30930000,2.31470000,2.30140000,2.30250000,865059.30000000,1745891999999999,1995395.63785000,15062,391736.70000000,903759.86138000,0
1745892000000000,2.30260000,2.30430000,2.29330000,2.29990000,1320777.70000000,1745892899999999,3034842.58140000,14071,802839.30000000,1844791.58159000,0
1745892900000000,2.29990000,2.30040000,2.29030000,2.29340000,891660.70000000,1745893799999999,2045602.46933000,8095,493993.00000000,1133425.90410000,0
1745893800000000,2.29350000,2.29570000,2.28450000,2.28540000,1569806.00000000,1745894699999999,3596177.57656000,11394,1074152.20000000,2461046.23376000,0
1745894700000000,2.28540000,2.28610000,2.27640000,2.28100000,1642091.90000000,1745895599999999,3745645.01387000,13789,981359.30000000,2238508.23065000,0
1745895600000000,2.28090000,2.28380000,2.27920000,2.28290000,1319569.90000000,1745896499999999,3011078.69513000,9064,937015.30000000,2138232.52127000,0
1745896500000000,2.28290000,2.28970000,2.28280000,2.28770000,514521.20000000,1745897399999999,1176485.94176000,4509,374864.10000000,857090.68422000,0
1745897400000000,2.28760000,2.28940000,2.28500000,2.28730000,609425.90000000,1745898299999999,1393964.04677000,5002,375482.90000000,858833.58713000,0
1745898300000000,2.28740000,2.29000000,2.28700000,2.28770000,618896.80000000,1745899199999999,1416168.01200000,6137,316633.60000000,724470.55743000,0
1745899200000000,2.28770000,2.29020000,2.28390000,2.28830000,591880.90000000,1745900099999999,1353323.13356000,6487,332281.40000000,759826.04829000,0
1745900100000000,2.28840000,2.29000000,2.28610000,2.29000000,503096.90000000,1745900999999999,1151322.68999000,4412,344463.90000000,788316.06369000,0
1745901000000000,2.28990000,2.29140000,2.27650000,2.27720000,1073243.80000000,1745901899999999,2450490.39655000,7501,540946.90000000,1235501.87202000,0
1745901900000000,2.27720000,2.27720000,2.26620000,2.26730000,2588903.50000000,1745902799999999,5875525.65319000,15781,1250303.70000000,2837057.85936000,0
1745902800000000,2.26730000,2.27480000,2.26580000,2.27020000,1288559.60000000,1745903699999999,2925732.20355000,8885,903662.50000000,2051918.92159000,0
1745903700000000,2.27030000,2.27800000,2.26780000,2.27470000,1717247.90000000,1745904599999999,3904980.43562000,10089,1037723.50000000,2359987.39991000,0
1745904600000000,2.27470000,2.27760000,2.27110000,2.27150000,702056.80000000,1745905499999999,1596922.99435000,6990,414466.60000000,942871.15888000,0
1745905500000000,2.27140000,2.27290000,2.26470000,2.26580000,1776020.80000000,1745906399999999,4029456.58834000,7397,545009.20000000,1235982.43549000,0
1745906400000000,2.26570000,2.27340000,2.26500000,2.27290000,736388.70000000,1745907299999999,1671483.69422000,5712,390047.20000000,885255.67552000,0
1745907300000000,2.27280000,2.28210000,2.27280000,2.27830000,1379010.40000000,1745908199999999,3142687.79143000,9525,650913.00000000,1483272.10218000,0
1745908200000000,2.27840000,2.28400000,2.27830000,2.27860000,722832.00000000,1745909099999999,1648864.67786000,6586,331628.30000000,756613.37865000,0
1745909100000000,2.27860000,2.28480000,2.27480000,2.28200000,975529.40000000,1745909999999999,2223584.01576000,7471,558706.40000000,1273430.48577000,0
1745910000000000,2.28210000,2.28500000,2.27930000,2.28080000,1839526.70000000,1745910899999999,4197826.63165000,8974,702354.10000000,1603194.27013000,0
1745910900000000,2.28080000,2.28690000,2.28060000,2.28680000,711139.50000000,1745911799999999,1624277.71086000,7945,421624.30000000,962976.13620000,0
1745911800000000,2.28690000,2.28790000,2.28350000,2.28360000,625853.50000000,1745912699999999,1430316.40598000,6353,236055.00000000,539445.76714000,0
1745912700000000,2.28360000,2.28810000,2.28340000,2.28620000,440363.20000000,1745913599999999,1006919.80449000,5407,241471.00000000,552090.36716000,0
1745913600000000,2.28610000,2.29000000,2.28330000,2.28960000,752099.40000000,1745914499999999,1720358.36807000,6630,397009.00000000,908225.70259000,0
1745914500000000,2.28960000,2.29090000,2.28390000,2.28680000,1083691.50000000,1745915399999999,2478970.86819000,9944,565078.00000000,1292295.51112000,0
1745915400000000,2.28690000,2.28690000,2.27500000,2.27820000,2365735.80000000,1745916299999999,5392817.94717000,13158,1007953.60000000,2297584.63667000,0
1745916300000000,2.27820000,2.28630000,2.27810000,2.28590000,654302.90000000,1745917199999999,1493516.71710000,8641,346600.50000000,791381.12135000,0
1745917200000000,2.28590000,2.28840000,2.27940000,2.27950000,526107.90000000,1745918099999999,1201662.75410000,7378,152217.20000000,347661.17758000,0
1745918100000000,2.27940000,2.29050000,2.27910000,2.28960000,1666463.20000000,1745918999999999,3809714.81562000,12290,988508.70000000,2258594.16947000,0
1745919000000000,2.28960000,2.29050000,2.28520000,2.28680000,888268.30000000,1745919899999999,2032631.78720000,10673,362867.00000000,830394.86906000,0
1745919900000000,2.28690000,2.30160000,2.28560000,2.30120000,1391782.50000000,1745920799999999,3193432.16117000,10252,936775.50000000,2150088.46220000,0
1745920800000000,2.30120000,2.30520000,2.29590000,2.29800000,1789203.90000000,1745921699999999,4115708.88984000,16140,711884.30000000,1637629.79609000,0
1745921700000000,2.29790000,2.30010000,2.29230000,2.29270000,645043.10000000,1745922599999999,1481096.68337000,8856,296577.30000000,680981.25794000,0
1745922600000000,2.29280000,2.29300000,2.28560000,2.28930000,1105548.80000000,1745923499999999,2530877.26420000,10135,518695.20000000,1187392.51875000,0
1745923500000000,2.28930000,2.28970000,2.28100000,2.28190000,919529.60000000,1745924399999999,2099712.49407000,9266,359482.20000000,820759.35750000,0
1745924400000000,2.28200000,2.29080000,2.28150000,2.29010000,570489.60000000,1745925299999999,1304653.51704000,8567,315503.90000000,721452.37135000,0
1745925300000000,2.29010000,2.29440000,2.28750000,2.29210000,877344.70000000,1745926199999999,2009828.67278000,8381,319175.80000000,731208.68801000,0
1745926200000000,2.29210000,2.29500000,2.28520000,2.28670000,671052.90000000,1745927099999999,1536767.90618000,6644,261462.40000000,598896.97214000,0
1745927100000000,2.28680000,2.29160000,2.28620000,2.29150000,448885.80000000,1745927999999999,1027836.76848000,4446,219894.80000000,503468.94934000,0
1745928000000000,2.29150000,2.29190000,2.28020000,2.28170000,1414186.20000000,1745928899999999,3231660.93529000,7232,670602.00000000,1531722.36064000,0
1745928900000000,2.28160000,2.28360000,2.27530000,2.27720000,1293318.00000000,1745929799999999,2947085.61037000,8140,524573.20000000,1195472.28809000,0
1745929800000000,2.27720000,2.28280000,2.27550000,2.28230000,920622.40000000,1745930699999999,2097842.20806000,7156,431868.90000000,984201.19537000,0
1745930700000000,2.28230000,2.28240000,2.27170000,2.27310000,859583.70000000,1745931599999999,1956512.73196000,8349,340233.60000000,774330.13244000,0
1745931600000000,2.27310000,2.27750000,2.26980000,2.27410000,1206527.60000000,1745932499999999,2742435.38637000,10143,384500.90000000,874127.11335000,0
1745932500000000,2.27400000,2.27400000,2.26360000,2.27140000,1736952.30000000,1745933399999999,3940607.41289000,14498,650124.10000000,1474935.78408000,0
1745933400000000,2.27140000,2.28430000,2.27040000,2.28090000,2255364.10000000,1745934299999999,5139198.85777000,17267,1398090.80000000,3185683.83053000,0
1745934300000000,2.28100000,2.28660000,2.27600000,2.28070000,1155362.50000000,1745935199999999,2636386.52252000,12957,567104.90000000,1294121.20755000,0
1745935200000000,2.28080000,2.28650000,2.27140000,2.28430000,3130137.60000000,1745936099999999,7139008.09025000,25931,1570613.20000000,3582973.75783000,0
1745936100000000,2.28430000,2.28480000,2.27540000,2.27720000,1540851.20000000,1745936999999999,3512567.52826000,12215,813724.00000000,1854957.16358000,0
1745937000000000,2.27720000,2.29130000,2.27500000,2.28780000,1058062.40000000,1745937899999999,2417246.40524000,13783,603884.60000000,1379327.52010000,0
1745937900000000,2.28790000,2.29070000,2.28280000,2.28780000,578278.90000000,1745938799999999,1322627.19751000,8950,290386.40000000,664112.16709000,0
1745938800000000,2.28780000,2.29030000,2.28400000,2.28540000,724506.50000000,1745939699999999,1656493.09041000,9551,319023.60000000,729360.31141000,0
1745939700000000,2.28530000,2.28720000,2.27700000,2.28280000,832525.10000000,1745940599999999,1899147.70745000,9329,315149.80000000,718832.41070000,0
1745940600000000,2.28280000,2.28940000,2.27940000,2.28810000,599387.50000000,1745941499999999,1368620.60602000,7229,241342.50000000,551208.14707000,0
1745941500000000,2.28800000,2.29350000,2.28640000,2.29270000,873221.70000000,1745942399999999,1999354.13162000,7269,356727.80000000,816691.22278000,0
1745942400000000,2.29260000,2.29900000,2.29090000,2.29230000,1163938.90000000,1745943299999999,2671420.43191000,10928,664079.50000000,1524282.99641000,0
1745943300000000,2.29230000,2.29580000,2.28900000,2.29520000,702510.60000000,1745944199999999,1610362.35221000,6797,329021.40000000,754196.13170000,0
1745944200000000,2.29520000,2.30440000,2.29370000,2.30410000,1469939.50000000,1745945099999999,3380646.64861000,8977,760317.90000000,1748621.53808000,0
1745945100000000,2.30400000,2.30400000,2.28720000,2.29180000,1403988.80000000,1745945999999999,3221736.22670000,12614,531240.10000000,1218916.23899000,0
1745946000000000,2.29180000,2.29680000,2.28250000,2.29350000,1168786.80000000,1745946899999999,2674582.03957000,13291,562609.60000000,1287395.38614000,0
1745946900000000,2.29350000,2.29580000,2.28850000,2.29090000,1456706.40000000,1745947799999999,3338781.09729000,9571,831124.10000000,1905506.66061000,0
1745947800000000,2.29100000,2.29690000,2.28850000,2.29560000,574421.40000000,1745948699999999,1317086.88851000,6305,217678.80000000,499048.00890000,0
1745948700000000,2.29570000,2.29990000,2.29330000,2.29640000,597984.90000000,1745949599999999,1373594.27268000,5612,299238.20000000,687268.84168000,0
1745949600000000,2.29640000,2.29970000,2.29260000,2.29570000,752199.30000000,1745950499999999,1727607.08623000,5644,240393.20000000,552012.48456000,0
1745950500000000,2.29590000,2.30090000,2.29470000,2.29930000,744130.90000000,1745951399999999,1710552.72244000,5649,426764.80000000,981068.16404000,0
1745951400000000,2.29930000,2.30140000,2.29730000,2.29990000,475254.90000000,1745952299999999,1092824.53007000,4597,306714.60000000,705289.86960000,0
1745952300000000,2.29990000,2.30110000,2.29760000,2.29890000,494702.00000000,1745953199999999,1137722.20455000,4213,189426.50000000,435614.40950000,0
1745953200000000,2.29900000,2.29980000,2.29260000,2.29470000,991315.30000000,1745954099999999,2275895.26022000,6089,345744.50000000,793977.45752000,0
1745954100000000,2.29480000,2.29800000,2.29130000,2.29540000,789755.40000000,1745954999999999,1812930.03730000,4256,405536.90000000,931119.14829000,0
1745955000000000,2.29540000,2.29760000,2.29200000,2.29270000,531112.40000000,1745955899999999,1218636.18300000,4342,163358.80000000,374747.22180000,0
1745955900000000,2.29260000,2.29540000,2.29130000,2.29230000,375237.50000000,1745956799999999,860632.17593000,4350,204244.80000000,468429.04807000,0
1745956800000000,2.29240000,2.29570000,2.28420000,2.28650000,518166.20000000,1745957699999999,1185527.89743000,4754,273224.20000000,625059.65083000,0
1745957700000000,2.28660000,2.28660000,2.27940000,2.27980000,619544.50000000,1745958599999999,1413669.31427000,4879,242877.50000000,554127.92169000,0
1745958600000000,2.27980000,2.28270000,2.27660000,2.27910000,722077.60000000,1745959499999999,1645992.37322000,6397,319216.30000000,727618.85311000,0
1745959500000000,2.27920000,2.28000000,2.27600000,2.27890000,459284.10000000,1745960399999999,1046153.08593000,4634,175662.40000000,400104.72111000,0
1745960400000000,2.27900000,2.28010000,2.26630000,2.26810000,1550812.60000000,1745961299999999,3522450.94882000,10578,815520.80000000,1852154.61809000,0
1745961300000000,2.26790000,2.26790000,2.25200000,2.25660000,2909370.90000000,1745962199999999,6572570.71613000,17609,1494465.80000000,3375839.69305000,0
1745962200000000,2.25670000,2.27000000,2.25510000,2.26590000,1952425.60000000,1745963099999999,4419042.57477000,12181,1105026.10000000,2500160.52810000,0
1745963100000000,2.26590000,2.26590000,2.25300000,2.26260000,1582131.50000000,1745963999999999,3572631.42804000,9644,662616.50000000,1495973.77896000,0
1745964000000000,2.26260000,2.26260000,2.25410000,2.25760000,1008100.30000000,1745964899999999,2275454.55766000,10510,431979.80000000,975073.69434000,0
1745964900000000,2.25750000,2.25940000,2.23900000,2.24350000,2818392.30000000,1745965799999999,6337731.85545000,18003,1111188.30000000,2498455.26221000,0
1745965800000000,2.24340000,2.24480000,2.23250000,2.23310000,1483927.10000000,1745966699999999,3322442.42275000,15400,638741.50000000,1430416.09173000,0
1745966700000000,2.23320000,2.24480000,2.23070000,2.23740000,1309092.20000000,1745967599999999,2928103.68750000,10817,840560.20000000,1880243.03929000,0
1745967600000000,2.23740000,2.23830000,2.22170000,2.22250000,2367016.50000000,1745968499999999,5272425.32152000,17601,992276.80000000,2209226.24864000,0
1745968500000000,2.22260000,2.22960000,2.22200000,2.22490000,1422624.30000000,1745969399999999,3165367.11444000,12130,750586.00000000,1669921.66668000,0
1745969400000000,2.22500000,2.23900000,2.22390000,2.23690000,2907930.20000000,1745970299999999,6493278.35548000,12905,1831640.10000000,4091195.34784000,0
1745970300000000,2.23680000,2.24250000,2.23510000,2.23800000,1713723.10000000,1745971199999999,3836801.59307000,10433,802645.40000000,1797013.05479000,0
1745971200000000,2.23790000,2.24790000,2.23300000,2.24610000,2194184.20000000,1745972099999999,4919342.61583000,16253,1175659.60000000,2636214.63325000,0
1745972100000000,2.24610000,2.25100000,2.24070000,2.24350000,1919779.30000000,1745972999999999,4310247.05170000,14969,765928.20000000,1720107.49881000,0
1745973000000000,2.24340000,2.25130000,2.24180000,2.24520000,1057953.50000000,1745973899999999,2377533.24316000,10520,474081.20000000,1065577.28890000,0
1745973900000000,2.24520000,2.24520000,2.24060000,2.24420000,509437.00000000,1745974799999999,1142705.45663000,6694,207703.10000000,465828.19185000,0
1745974800000000,2.24420000,2.24540000,2.22630000,2.22900000,1763769.30000000,1745975699999999,3939346.23668000,9454,894499.70000000,1997387.99794000,0
1745975700000000,2.22910000,2.24360000,2.22820000,2.24330000,1379508.00000000,1745976599999999,3087251.38578000,10095,976565.40000000,2186036.17233000,0
1745976600000000,2.24330000,2.24330000,2.22890000,2.22940000,960402.80000000,1745977499999999,2146160.23330000,12297,389978.50000000,871400.77525000,0
1745977500000000,2.22950000,2.23870000,2.22450000,2.23730000,937321.90000000,1745978399999999,2089758.40320000,8750,526789.70000000,1174202.03965000,0
1745978400000000,2.23720000,2.23930000,2.23180000,2.23880000,665227.00000000,1745979299999999,1487765.09821000,10230,327663.50000000,732740.14772000,0
1745979300000000,2.23880000,2.24480000,2.23800000,2.23890000,1067068.50000000,1745980199999999,2391719.92676000,9562,731315.10000000,1639055.05233000,0
1745980200000000,2.23890000,2.24810000,2.23620000,2.24610000,642493.90000000,1745981099999999,1440850.90766000,9840,296526.70000000,665219.94180000,0
1745981100000000,2.24610000,2.24820000,2.24110000,2.24110000,668286.60000000,1745981999999999,1500164.08729000,7792,292154.80000000,656066.32213000,0
1745982000000000,2.24120000,2.24190000,2.23490000,2.23900000,802470.80000000,1745982899999999,1796213.73011000,8717,461551.70000000,1033087.34590000,0
1745982900000000,2.23900000,2.24380000,2.23810000,2.24270000,740178.70000000,1745983799999999,1658700.76460000,9172,428332.10000000,959921.67320000,0
1745983800000000,2.24260000,2.24390000,2.23840000,2.24090000,534150.60000000,1745984699999999,1197051.93151000,6607,302164.10000000,677134.56267000,0
1745984700000000,2.24100000,2.24950000,2.24030000,2.24880000,570670.90000000,1745985599999999,1281757.24275000,8814,329522.20000000,740105.65123000,0
1745985600000000,2.24870000,2.24990000,2.24400000,2.24500000,860775.90000000,1745986499999999,1933672.71000000,9231,356238.50000000,800333.98051000,0
1745986500000000,2.24500000,2.24750000,2.24230000,2.24470000,592906.20000000,1745987399999999,1331298.56234000,6694,237834.10000000,533977.89893000,0
1745987400000000,2.24460000,2.24800000,2.24320000,2.24650000,563133.00000000,1745988299999999,1264823.85369000,6004,268720.30000000,603557.68518000,0
1745988300000000,2.24660000,2.25390000,2.24660000,2.25290000,683782.90000000,1745989199999999,1538914.52244000,5888,350570.40000000,788949.83249000,0
1745989200000000,2.25290000,2.25450000,2.24860000,2.25170000,608600.20000000,1745990099999999,1370313.44591000,6907,299753.60000000,674950.19220000,0
1745990100000000,2.25170000,2.25800000,2.25000000,2.25230000,1858305.50000000,1745990999999999,4188905.47329000,10434,1091565.00000000,2461079.01021000,0
1745991000000000,2.25230000,2.25880000,2.25230000,2.25350000,564903.10000000,1745991899999999,1274618.03774000,7106,312179.30000000,704443.99354000,0
1745991900000000,2.25350000,2.25460000,2.24560000,2.24890000,1455379.00000000,1745992799999999,3275738.46821000,8357,667136.60000000,1501525.07112000,0
1745992800000000,2.24890000,2.24990000,2.24350000,2.24570000,573044.70000000,1745993699999999,1287142.49524000,5804,239502.10000000,538001.00085000,0
1745993700000000,2.24560000,2.25050000,2.24540000,2.25000000,506308.00000000,1745994599999999,1138657.71011000,6172,225254.50000000,506554.40424000,0
1745994600000000,2.25000000,2.25080000,2.24050000,2.24100000,865450.70000000,1745995499999999,1942319.00021000,6811,370047.90000000,830370.89116000,0
1745995500000000,2.24090000,2.24320000,2.23900000,2.23960000,1183160.60000000,1745996399999999,2651594.99406000,6374,659107.60000000,1477170.40916000,0
1745996400000000,2.23960000,2.24100000,2.23100000,2.23340000,1856866.50000000,1745997299999999,4149973.90197000,10743,622281.30000000,1391043.67767000,0
1745997300000000,2.23340000,2.23540000,2.22770000,2.22810000,1418556.30000000,1745998199999999,3165172.89272000,9057,545155.50000000,1216601.41828000,0
1745998200000000,2.22810000,2.23000000,2.21360000,2.21640000,3079202.70000000,1745999099999999,6838541.72123000,17035,1443123.80000000,3204395.68609000,0
1745999100000000,2.21640000,2.22070000,2.20750000,2.22020000,3486235.00000000,1745999999999999,7715260.50404000,18678,1487506.90000000,3292557.61247000,0
1746000000000000,2.22020000,2.22850000,2.21090000,2.22830000,2536771.20000000,1746000899999999,5632106.39557000,16934,1473241.70000000,3271036.38238000,0
1746000900000000,2.22830000,2.23120000,2.22000000,2.22020000,977199.30000000,1746001799999999,2175854.72053000,12628,410021.90000000,912872.56851000,0
1746001800000000,2.22020000,2.22540000,2.22000000,2.22340000,717418.70000000,1746002699999999,1594484.62916000,8458,360128.50000000,800378.41196000,0
1746002700000000,2.22340000,2.23100000,2.22180000,2.22590000,817714.70000000,1746003599999999,1821667.41929000,8024,465885.00000000,1037999.62710000,0
1746003600000000,2.22600000,2.23120000,2.22280000,2.22360000,1210847.10000000,1746004499999999,2697124.42463000,8562,495887.10000000,1104759.56427000,0
1746004500000000,2.22370000,2.23090000,2.22250000,2.22960000,829593.40000000,1746005399999999,1847176.74644000,9924,414239.90000000,922300.53457000,0
1746005400000000,2.22960000,2.23750000,2.22860000,2.23470000,1787585.20000000,1746006299999999,3990327.17192000,12506,894714.10000000,1997507.76195000,0
1746006300000000,2.23470000,2.23560000,2.23170000,2.23180000,1018154.00000000,1746007199999999,2274194.68471000,7733,403772.00000000,902021.19076000,0
1746007200000000,2.23180000,2.23330000,2.22690000,2.22800000,1121917.80000000,1746008099999999,2502092.82278000,7181,343360.80000000,765848.25077000,0
1746008100000000,2.22810000,2.22880000,2.22390000,2.22600000,578165.20000000,1746008999999999,1286682.52998000,5941,311186.20000000,692568.19587000,0
1746009000000000,2.22610000,2.22960000,2.22100000,2.22630000,888071.90000000,1746009899999999,1976713.55333000,9571,345707.40000000,769572.62458000,0
1746009900000000,2.22630000,2.23280000,2.22620000,2.23140000,952837.40000000,1746010799999999,2124584.52351000,8453,512714.10000000,1143307.84203000,0
1746010800000000,2.23140000,2.23520000,2.23110000,2.23260000,752983.10000000,1746011699999999,1681669.51076000,5915,410723.50000000,917299.42934000,0
1746011700000000,2.23260000,2.23630000,2.22970000,2.23620000,702734.30000000,1746012599999999,1569812.12213000,7108,351671.10000000,785576.04519000,0
1746012600000000,2.23630000,2.23750000,2.23190000,2.23500000,1064180.30000000,1746013499999999,2378087.40721000,8259,583699.40000000,1304483.25875000,0
1746013500000000,2.23510000,2.23850000,2.23160000,2.23850000,864591.40000000,1746014399999999,1932379.60790000,6698,448503.80000000,1002614.55996000,0
1746014400000000,2.23860000,2.23890000,2.23150000,2.23360000,1009385.30000000,1746015299999999,2256861.89607000,7894,419439.50000000,937564.67366000,0
1746015300000000,2.23370000,2.23370000,2.22200000,2.22290000,1198948.40000000,1746016199999999,2670369.34320000,13454,465600.90000000,1036938.55216000,0
1746016200000000,2.22300000,2.22610000,2.18500000,2.19380000,8346713.80000000,1746017099999999,18362033.82829000,58942,3341609.00000000,7350212.27907000,0
1746017100000000,2.19390000,2.19980000,2.17890000,2.19370000,5126712.50000000,1746017999999999,11221265.21608000,36430,2068106.60000000,4528644.23392000,0
1746018000000000,2.19370000,2.19500000,2.15900000,2.16320000,4494108.00000000,1746018899999999,9784820.02539000,31568,1648202.40000000,3591737.19201000,0
1746018900000000,2.16320000,2.18030000,2.15510000,2.17500000,5823161.00000000,1746019799999999,12634741.81249000,40581,2760282.60000000,5990230.15039000,0
1746019800000000,2.17490000,2.17780000,2.14040000,2.15780000,6825816.10000000,1746020699999999,14713841.23301000,48451,2839521.40000000,6123020.42411000,0
1746020700000000,2.15780000,2.16320000,2.12350000,2.12740000,9882592.10000000,1746021599999999,21167942.38404000,62632,3837756.90000000,8224991.51824000,0
1746021600000000,2.12730000,2.16360000,2.12460000,2.16070000,7262956.40000000,1746022499999999,15598308.12110000,58493,3509535.80000000,7539369.27018000,0
1746022500000000,2.16080000,2.17280000,2.14490000,2.17230000,6404993.80000000,1746023399999999,13837395.12603000,39842,3183475.60000000,6883080.24490000,0
1746023400000000,2.17220000,2.17600000,2.15670000,2.16550000,3604166.00000000,1746024299999999,7810053.05405000,32861,1586089.80000000,3439849.55112000,0
1746024300000000,2.16540000,2.16610000,2.15190000,2.15870000,1742686.30000000,1746025199999999,3762913.71379000,18856,855668.70000000,1848214.72540000,0
1746025200000000,2.15880000,2.16660000,2.15870000,2.16110000,1554765.00000000,1746026099999999,3362108.80067000,15163,835163.30000000,1805963.52000000,0
1746026100000000,2.16110000,2.17780000,2.15360000,2.16220000,4212470.10000000,1746026999999999,9117633.12790000,23704,2323266.50000000,5031829.11281000,0
1746027000000000,2.16210000,2.17120000,2.15740000,2.17090000,2478409.60000000,1746027899999999,5366676.50794000,23269,1348165.60000000,2919197.98278000,0
1746027900000000,2.17100000,2.17150000,2.15640000,2.15810000,1386093.60000000,1746028799999999,2997559.84078000,12452,757817.70000000,1638696.32456000,0
1746028800000000,2.15800000,2.16160000,2.15030000,2.15430000,1593196.90000000,1746029699999999,3433898.12261000,15491,680265.70000000,1466279.07885000,0
1746029700000000,2.15440000,2.15820000,2.15000000,2.15790000,2234367.70000000,1746030599999999,4811571.61564000,13949,1149861.90000000,2477016.63593000,0
1746030600000000,2.15790000,2.16810000,2.15600000,2.16340000,1052682.50000000,1746031499999999,2276779.49661000,10871,586202.30000000,1268076.84012000,0
1746031500000000,2.16330000,2.17100000,2.16070000,2.16460000,1307449.40000000,1746032399999999,2831170.77781000,12806,717311.50000000,1553380.79333000,0
1746032400000000,2.16470000,2.16620000,2.15340000,2.15640000,886934.10000000,1746033299999999,1915020.12147000,6744,581641.70000000,1255960.22344000,0
1746033300000000,2.15640000,2.16270000,2.15640000,2.16170000,543871.50000000,1746034199999999,1174447.22779000,6495,331319.00000000,715346.68942000,0
1746034200000000,2.16160000,2.17980000,2.16010000,2.17870000,1962714.10000000,1746035099999999,4260368.87128000,12251,805931.50000000,1748732.00654000,0
1746035100000000,2.17860000,2.18660000,2.17700000,2.18000000,1802179.00000000,1746035999999999,3931284.46433000,13612,852932.60000000,1860625.81187000,0
1746036000000000,2.18000000,2.21440000,2.17640000,2.19520000,5621151.40000000,1746036899999999,12336887.24175000,27905,3059566.10000000,6713358.01145000,0
1746036900000000,2.19500000,2.19870000,2.18380000,2.19430000,5337209.70000000,1746037799999999,11702606.81236000,26728,2439591.70000000,5350555.41745000,0
1746037800000000,2.19420000,2.20570000,2.19380000,2.19900000,2593756.50000000,1746038699999999,5707729.46894000,15618,1355770.90000000,2983365.51279000,0
1746038700000000,2.19900000,2.20310000,2.18980000,2.19070000,2135613.60000000,1746039599999999,4690851.00219000,10703,579690.80000000,1273642.34826000,0
1746039600000000,2.19060000,2.19330000,2.18520000,2.18840000,1013398.80000000,1746040499999999,2218403.40477000,9592,531556.20000000,1163633.20315000,0
1746040500000000,2.18840000,2.19400000,2.17730000,2.18230000,1666505.40000000,1746041399999999,3641805.34538000,14111,551620.90000000,1205480.18272000,0
1746041400000000,2.18220000,2.19580000,2.18140000,2.19210000,1412383.50000000,1746042299999999,3094522.27118000,10541,633655.40000000,1388565.56926000,0
1746042300000000,2.19210000,2.20080000,2.19140000,2.19460000,726545.80000000,1746043199999999,1595761.83587000,10493,282343.80000000,620160.53248000,0
1746043200000000,2.19450000,2.21240000,2.19250000,2.20950000,2057295.90000000,1746044099999999,4531132.34841000,18074,1277283.90000000,2813741.17498000,0
1746044100000000,2.20940000,2.21220000,2.20520000,2.20960000,993874.30000000,1746044999999999,2195131.52604000,9871,533731.90000000,1178996.61818000,0
1746045000000000,2.20960000,2.21090000,2.20320000,2.20510000,1291179.00000000,1746045899999999,2850516.32652000,6911,659812.60000000,1456462.92209000,0
1746045900000000,2.20510000,2.20530000,2.19760000,2.19810000,968942.80000000,1746046799999999,2132260.76092000,7332,499540.30000000,1099235.04374000,0
1746046800000000,2.19800000,2.20280000,2.19650000,2.20120000,819160.10000000,1746047699999999,1801164.59393000,6178,297020.10000000,653122.29989000,0
1746047700000000,2.20120000,2.20970000,2.20120000,2.20440000,700036.30000000,1746048599999999,1544467.31061000,3782,241362.10000000,532473.19763000,0
1746048600000000,2.20450000,2.20770000,2.19980000,2.20390000,593716.10000000,1746049499999999,1308704.44217000,6619,221459.00000000,488050.61899000,0
1746049500000000,2.20380000,2.20690000,2.19980000,2.20140000,382960.50000000,1746050399999999,843734.82441000,4491,226444.90000000,499005.70412000,0
1746050400000000,2.20130000,2.20780000,2.20060000,2.20220000,660818.10000000,1746051299999999,1456724.03625000,6013,431572.70000000,951390.18174000,0
1746051300000000,2.20230000,2.20310000,2.19560000,2.19600000,586241.80000000,1746052199999999,1289753.19886000,3839,173458.30000000,381651.76523000,0
1746052200000000,2.19610000,2.19770000,2.19250000,2.19520000,607667.00000000,1746053099999999,1333822.32407000,5264,330524.40000000,725469.18290000,0
1746053100000000,2.19520000,2.19560000,2.18890000,2.19390000,936083.20000000,1746053999999999,2051377.30103000,6123,545112.10000000,1194613.16606000,0
1746054000000000,2.19380000,2.20150000,2.19270000,2.20020000,517608.50000000,1746054899999999,1137285.47340000,5165,294170.60000000,646402.10946000,0
1746054900000000,2.20010000,2.20060000,2.19620000,2.19730000,418997.50000000,1746055799999999,921085.34748000,3991,200195.30000000,440070.98739000,0
1746055800000000,2.19720000,2.20000000,2.19180000,2.19310000,663222.30000000,1746056699999999,1455880.32035000,5275,314687.10000000,690703.48057000,0
1746056700000000,2.19300000,2.19380000,2.19010000,2.19080000,329159.20000000,1746057599999999,721469.47166000,3628,143358.40000000,314227.07224000,0
