1740787200000000,2.14540000,2.15230000,2.13740000,2.15210000,1117327.00000000,1740788099999999,2394348.05700000,9183,450306.00000000,965198.31850000,0
1740788100000000,2.15220000,2.15600000,2.14000000,2.14100000,1158241.00000000,1740788999999999,2489623.35780000,10536,506656.00000000,1089325.73330000,0
1740789000000000,2.14100000,2.14460000,2.13110000,2.13430000,1275910.00000000,1740789899999999,2728755.15270000,10512,758160.00000000,1621874.89190000,0
1740789900000000,2.13430000,2.13740000,2.12160000,2.12320000,1679237.00000000,1740790799999999,3569744.55450000,10764,534479.00000000,1136181.06350000,0
1740790800000000,2.12320000,2.12960000,2.12280000,2.12510000,1349632.00000000,1740791699999999,2869001.74150000,9654,421805.00000000,896579.78110000,0
1740791700000000,2.12520000,2.13360000,2.12500000,2.12770000,979217.00000000,1740792599999999,2084163.43660000,7649,374586.00000000,797125.59720000,0
1740792600000000,2.12770000,2.15090000,2.12570000,2.15080000,1691747.00000000,1740793499999999,3619102.35500000,12872,1178911.00000000,2522420.90270000,0
1740793500000000,2.15080000,2.17320000,2.14820000,2.16850000,4451848.00000000,1740794399999999,9623852.32730000,27818,2398722.00000000,5185771.00150000,0
1740794400000000,2.16860000,2.17570000,2.15380000,2.17560000,2157142.00000000,1740795299999999,4667750.94040000,19574,1127305.00000000,2438420.76590000,0
1740795300000000,2.17560000,2.20880000,2.16830000,2.20190000,5480249.00000000,1740796199999999,12006731.28480000,34590,3390666.00000000,7429264.67000000,0
1740796200000000,2.20190000,2.21760000,2.19060000,2.20350000,5806470.00000000,1740797099999999,12806164.32330000,42512,3438726.00000000,7585776.87660000,0
1740797100000000,2.20350000,2.20350000,2.18360000,2.18960000,2900695.00000000,1740797999999999,6353910.51430000,21159,1539367.00000000,3371786.74420000,0
1740798000000000,2.18970000,2.19870000,2.18540000,2.18990000,2070290.00000000,1740798899999999,4539981.02100000,18397,972386.00000000,2132143.24520000,0
1740798900000000,2.18990000,2.19110000,2.18100000,2.18280000,1330847.00000000,1740799799999999,2908210.20540000,9959,614822.00000000,1343500.82630000,0
1740799800000000,2.18280000,2.19730000,2.18040000,2.18570000,1265289.00000000,1740800699999999,2771427.45310000,13912,639648.00000000,1401233.12660000,0
1740800700000000,2.18570000,2.19330000,2.18270000,2.18470000,1167213.00000000,1740801599999999,2554253.24060000,9934,574044.00000000,1256377.15040000,0
1740801600000000,2.18460000,2.20310000,2.18300000,2.20270000,2254775.00000000,1740802499999999,4952944.46620000,14241,863806.00000000,1895792.57960000,0
1740802500000000,2.20270000,2.20290000,2.19590000,2.19960000,1881320.00000000,1740803399999999,4138690.46170000,12252,774667.00000000,1703973.96020000,0
1740803400000000,2.19960000,2.21100000,2.19560000,2.20890000,3602578.00000000,1740804299999999,7943370.05320000,15549,1611537.00000000,3552539.79520000,0
1740804300000000,2.20880000,2.21990000,2.20180000,2.21220000,2939538.00000000,1740805199999999,6498753.82460000,16508,1363949.00000000,3015206.87590000,0
1740805200000000,2.21220000,2.21310000,2.20160000,2.20330000,2559649.00000000,1740806099999999,5647295.02790000,20465,1141561.00000000,2518512.30950000,0
1740806100000000,2.20340000,2.20760000,2.19500000,2.20220000,1310140.00000000,1740806999999999,2882753.27350000,11334,597493.00000000,1314683.06570000,0
1740807000000000,2.20220000,2.20530000,2.19240000,2.19250000,917565.00000000,1740807899999999,2019193.68800000,8443,423688.00000000,932538.58920000,0
1740807900000000,2.19250000,2.19530000,2.18590000,2.18650000,885556.00000000,1740808799999999,1940723.74240000,6738,366926.00000000,804219.64170000,0
1740808800000000,2.18660000,2.19280000,2.18380000,2.18820000,963507.00000000,1740809699999999,2108198.75970000,6908,490956.00000000,1074275.59960000,0
1740809700000000,2.18830000,2.18830000,2.17560000,2.17790000,1928321.00000000,1740810599999999,4204031.06690000,9242,753628.00000000,1643043.18290000,0
1740810600000000,2.17800000,2.18390000,2.17160000,2.18280000,1409134.00000000,1740811499999999,3067517.05510000,9737,752505.00000000,1638142.67780000,0
1740811500000000,2.18270000,2.18410000,2.17670000,2.18390000,725774.00000000,1740812399999999,1582235.14270000,5778,367200.00000000,800464.18710000,0
1740812400000000,2.18380000,2.18390000,2.17480000,2.17620000,785704.00000000,1740813299999999,1711404.06040000,6501,366796.00000000,799049.42010000,0
1740813300000000,2.17620000,2.18110000,2.17110000,2.17140000,1389948.00000000,1740814199999999,3025102.88360000,7824,813383.00000000,1770730.99890000,0
1740814200000000,2.17140000,2.17330000,2.16310000,2.17030000,1705625.00000000,1740815099999999,3697888.38590000,9318,576126.00000000,1249358.70650000,0
1740815100000000,2.17020000,2.17600000,2.16650000,2.16710000,1202908.00000000,1740815999999999,2610984.62230000,6514,575119.00000000,1248731.19920000,0
1740816000000000,2.16710000,2.17520000,2.16710000,2.17520000,862152.00000000,1740816899999999,1872462.08460000,6439,469791.00000000,1020319.17010000,0
1740816900000000,2.17520000,2.18360000,2.17470000,2.18080000,1113742.00000000,1740817799999999,2426983.21290000,6941,559845.00000000,1220179.73550000,0
1740817800000000,2.18090000,2.18350000,2.17170000,2.17340000,859546.00000000,1740818699999999,1873434.24560000,5800,522033.00000000,1138033.12570000,0
1740818700000000,2.17350000,2.18580000,2.17170000,2.18530000,836642.00000000,1740819599999999,1825055.59660000,5888,494503.00000000,1078773.63380000,0
1740819600000000,2.18530000,2.18950000,2.17920000,2.18400000,983416.00000000,1740820499999999,2147692.66210000,6185,452510.00000000,988140.62960000,0
1740820500000000,2.18410000,2.19380000,2.17980000,2.18930000,2707890.00000000,1740821399999999,5920708.07630000,10437,1096145.00000000,2397347.60920000,0
1740821400000000,2.18940000,2.18940000,2.17710000,2.17820000,1239983.00000000,1740822299999999,2708957.57380000,8978,478455.00000000,1045259.67620000,0
1740822300000000,2.17830000,2.18500000,2.17510000,2.18380000,698299.00000000,1740823199999999,1522805.77280000,6626,298739.00000000,651388.20230000,0
1740823200000000,2.18380000,2.18530000,2.16990000,2.17600000,956382.00000000,1740824099999999,2080412.02340000,8783,480782.00000000,1045808.23650000,0
1740824100000000,2.17600000,2.17700000,2.15740000,2.17020000,2380916.00000000,1740824999999999,5156133.45990000,13643,920845.00000000,1994308.11820000,0
1740825000000000,2.17020000,2.17120000,2.15650000,2.16060000,1312882.00000000,1740825899999999,2839947.69820000,12277,453751.00000000,981644.07360000,0
1740825900000000,2.16060000,2.16280000,2.15160000,2.16070000,1891606.00000000,1740826799999999,4078996.52600000,10599,659428.00000000,1422361.16970000,0
1740826800000000,2.16070000,2.16410000,2.14600000,2.14600000,2649562.00000000,1740827699999999,5702715.52280000,14440,647741.00000000,1394855.30060000,0
1740827700000000,2.14610000,2.15460000,2.14150000,2.15220000,2493590.00000000,1740828599999999,5353740.13640000,13611,933240.00000000,2003447.79070000,0
1740828600000000,2.15220000,2.16130000,2.14900000,2.15900000,1293869.00000000,1740829499999999,2789008.70800000,10695,690452.00000000,1488528.09720000,0
1740829500000000,2.15900000,2.16190000,2.15500000,2.16060000,815408.00000000,1740830399999999,1759565.75420000,7293,315029.00000000,679823.39680000,0
1740830400000000,2.16070000,2.16600000,2.15670000,2.15750000,801925.00000000,1740831299999999,1733161.13370000,10807,322270.00000000,696572.63800000,0
1740831300000000,2.15750000,2.16770000,2.15210000,2.15390000,1240621.00000000,1740832199999999,2679106.50950000,10458,522768.00000000,1128996.84640000,0
1740832200000000,2.15390000,2.16290000,2.15140000,2.15730000,847392.00000000,1740833099999999,1829082.51700000,10111,287934.00000000,621484.97130000,0
1740833100000000,2.15740000,2.16940000,2.15730000,2.16550000,806928.00000000,1740833999999999,1746806.13530000,6712,355165.00000000,769021.99200000,0
1740834000000000,2.16550000,2.17190000,2.15400000,2.15470000,952361.00000000,1740834899999999,2059559.09280000,9748,373487.00000000,808531.68520000,0
1740834900000000,2.15460000,2.15470000,2.14290000,2.15150000,1416147.00000000,1740835799999999,3042895.45710000,13146,625915.00000000,1345046.69070000,0
1740835800000000,2.15160000,2.15190000,2.13200000,2.13680000,2789418.00000000,1740836699999999,5964237.06040000,13667,1431909.00000000,3059661.13210000,0
1740836700000000,2.13670000,2.14000000,2.12140000,2.13990000,3818306.00000000,1740837599999999,8137027.27950000,16586,1532484.00000000,3265466.85600000,0
1740837600000000,2.13990000,2.15020000,2.13560000,2.14010000,1414031.00000000,1740838499999999,3030999.06760000,11617,740841.00000000,1587912.26470000,0
1740838500000000,2.14020000,2.14910000,2.13560000,2.14360000,986783.00000000,1740839399999999,2114700.83850000,10844,387835.00000000,831135.81800000,0
1740839400000000,2.14370000,2.14890000,2.13760000,2.14450000,1130049.00000000,1740840299999999,2420731.20320000,9327,373613.00000000,800766.25200000,0
1740840300000000,2.14460000,2.14970000,2.14210000,2.14710000,818037.00000000,1740841199999999,1755927.42050000,7955,398988.00000000,856468.68380000,0
1740841200000000,2.14710000,2.15890000,2.14270000,2.14960000,1487262.00000000,1740842099999999,3200173.77120000,11831,582350.00000000,1252959.36570000,0
1740842100000000,2.14960000,2.15360000,2.13650000,2.14640000,1275741.00000000,1740842999999999,2734598.79260000,10792,567077.00000000,1216273.83370000,0
1740843000000000,2.14660000,2.15130000,2.13930000,2.14880000,871481.00000000,1740843899999999,1869548.71200000,9004,326323.00000000,700127.98470000,0
1740843900000000,2.14870000,2.15480000,2.14810000,2.15110000,835778.00000000,1740844799999999,1798236.18560000,7390,346107.00000000,744681.63920000,0
1740844800000000,2.15120000,2.16110000,2.14400000,2.15930000,1094385.00000000,1740845699999999,2356315.96070000,11570,534218.00000000,1150468.38580000,0
1740845700000000,2.15920000,2.16320000,2.15110000,2.15630000,933094.00000000,1740846599999999,2012618.68510000,10828,545463.00000000,1176552.93310000,0
1740846600000000,2.15620000,2.15730000,2.14650000,2.15150000,1000648.00000000,1740847499999999,2153874.09840000,12755,547469.00000000,1178370.58810000,0
1740847500000000,2.15140000,2.15890000,2.14420000,2.15830000,707161.00000000,1740848399999999,1520203.34220000,9300,275406.00000000,592277.57340000,0
1740848400000000,2.15820000,2.15920000,2.14550000,2.14590000,869976.00000000,1740849299999999,1871005.76830000,7605,387823.00000000,834066.20810000,0
1740849300000000,2.14590000,2.15180000,2.14050000,2.14090000,1089606.00000000,1740850199999999,2337725.93620000,9191,573857.00000000,1231173.18260000,0
1740850200000000,2.14090000,2.14690000,2.13580000,2.14410000,974488.00000000,1740851099999999,2085872.01220000,8947,362661.00000000,776384.22960000,0
1740851100000000,2.14420000,2.15130000,2.14220000,2.14220000,656119.00000000,1740851999999999,1408684.31280000,6951,364461.00000000,782518.42990000,0
1740852000000000,2.14220000,2.14880000,2.13600000,2.14380000,1062810.00000000,1740852899999999,2276812.80170000,9303,389989.00000000,835823.19940000,0
1740852900000000,2.14380000,2.15590000,2.14330000,2.15390000,841212.00000000,1740853799999999,1809265.87810000,9149,351056.00000000,754972.66070000,0
1740853800000000,2.15390000,2.16200000,2.15250000,2.16010000,1376589.00000000,1740854699999999,2971727.66320000,8721,682014.00000000,1472565.06880000,0
1740854700000000,2.16020000,2.16270000,2.15550000,2.15920000,634521.00000000,1740855599999999,1369788.81780000,7185,321070.00000000,693107.49400000,0
1740855600000000,2.15920000,2.16960000,2.15690000,2.16330000,1352832.00000000,1740856499999999,2928576.18540000,10391,570135.00000000,1234053.27160000,0
1740856500000000,2.16330000,2.16900000,2.15940000,2.16720000,745524.00000000,1740857399999999,1613468.73220000,7298,316118.00000000,684104.39760000,0
1740857400000000,2.16720000,2.17740000,2.16630000,2.16970000,1098602.00000000,1740858299999999,2385390.80470000,10647,548197.00000000,1190366.95450000,0
1740858300000000,2.16980000,2.17400000,2.16750000,2.16900000,785631.00000000,1740859199999999,1705621.92410000,8928,317209.00000000,688642.58070000,0
1740859200000000,2.16900000,2.17080000,2.16010000,2.16360000,1157205.00000000,1740860099999999,2504871.23750000,8994,387279.00000000,838325.03350000,0
1740860100000000,2.16350000,2.17320000,2.16010000,2.17030000,1451923.00000000,1740860999999999,3148627.75810000,7979,670319.00000000,1454087.71230000,0
1740861000000000,2.17020000,2.17170000,2.16550000,2.16780000,1077680.00000000,1740861899999999,2336735.90070000,8390,414777.00000000,899436.88010000,0
1740861900000000,2.16770000,2.17190000,2.16520000,2.17090000,844680.00000000,1740862799999999,1831974.85270000,5881,372551.00000000,808163.18470000,0
1740862800000000,2.17090000,2.17560000,2.16640000,2.16690000,801592.00000000,1740863699999999,1740689.77530000,7895,427704.00000000,928785.79510000,0
1740863700000000,2.16690000,2.17200000,2.16260000,2.17130000,509448.00000000,1740864599999999,1104580.10350000,7583,233337.00000000,505994.51120000,0
1740864600000000,2.17140000,2.18230000,2.16970000,2.17930000,1272692.00000000,1740865499999999,2771576.49900000,11329,736664.00000000,1604343.06680000,0
1740865500000000,2.17930000,2.20300000,2.17810000,2.19780000,3801314.00000000,1740866399999999,8334156.70980000,15642,2323675.00000000,5094279.24240000,0
1740866400000000,2.19780000,2.20940000,2.19300000,2.20380000,2949821.00000000,1740867299999999,6493918.77090000,13669,1498441.00000000,3300590.09830000,0
1740867300000000,2.20390000,2.20440000,2.18670000,2.19430000,2438720.00000000,1740868199999999,5353818.38470000,10372,841881.00000000,1847620.00160000,0
1740868200000000,2.19430000,2.19890000,2.18370000,2.19720000,1498497.00000000,1740869099999999,3284549.66780000,7377,483705.00000000,1060717.41730000,0
1740869100000000,2.19730000,2.19910000,2.18860000,2.19160000,648909.00000000,1740869999999999,1423368.39240000,5699,290055.00000000,636124.89010000,0
1740870000000000,2.19150000,2.19400000,2.17950000,2.18320000,1628347.00000000,1740870899999999,3560736.06460000,11275,906642.00000000,1983724.18890000,0
1740870900000000,2.18320000,2.18470000,2.17600000,2.18120000,1495806.00000000,1740871799999999,3262297.10250000,8605,669835.00000000,1460429.06180000,0
1740871800000000,2.18130000,2.19110000,2.18130000,2.18410000,1086254.00000000,1740872699999999,2374537.21420000,7624,624608.00000000,1365249.19460000,0
1740872700000000,2.18410000,2.19320000,2.18300000,2.19160000,770564.00000000,1740873599999999,1686344.12690000,5580,482473.00000000,1055804.27910000,0
1740873600000000,2.19170000,2.19890000,2.18550000,2.18800000,1286667.00000000,1740874499999999,2817826.88380000,12064,591625.00000000,1295804.85370000,0
1740874500000000,2.18790000,2.18950000,2.17350000,2.18080000,1762130.00000000,1740875399999999,3842462.91130000,14945,519393.00000000,1133432.76590000,0
1740875400000000,2.18090000,2.19960000,2.17920000,2.19480000,800626.00000000,1740876299999999,1755106.49390000,10647,383227.00000000,839592.50630000,0
1740876300000000,2.19470000,2.19880000,2.18950000,2.19120000,880557.00000000,1740877199999999,1931733.57920000,9597,398721.00000000,874575.89730000,0
1740877200000000,2.19130000,2.20900000,2.19010000,2.20800000,1305966.00000000,1740878099999999,2873883.73450000,13093,664386.00000000,1462624.31370000,0
1740878100000000,2.20790000,2.21000000,2.19950000,2.20270000,2202820.00000000,1740878999999999,4856824.72510000,12800,735347.00000000,1621752.44180000,0
1740879000000000,2.20270000,2.20610000,2.19440000,2.19910000,1475591.00000000,1740879899999999,3246429.68420000,10305,724495.00000000,1595017.05550000,0
1740879900000000,2.19900000,2.21530000,2.19650000,2.21510000,1698485.00000000,1740880799999999,3754540.17690000,9235,997600.00000000,2205287.53690000,0
1740880800000000,2.21520000,2.26580000,2.21200000,2.25480000,7173085.00000000,1740881699999999,16107971.93490000,45767,3828919.00000000,8595880.86600000,0
1740881700000000,2.25480000,2.25540000,2.23430000,2.23870000,3121825.00000000,1740882599999999,7009440.63550000,27530,1610485.00000000,3615319.76000000,0
1740882600000000,2.23860000,2.24130000,2.22500000,2.23370000,2394575.00000000,1740883499999999,5348331.31740000,21283,1164177.00000000,2600369.66810000,0
1740883500000000,2.23360000,2.25860000,2.23260000,2.25840000,2840571.00000000,1740884399999999,6389888.58700000,21326,1642062.00000000,3694768.08220000,0
1740884400000000,2.25840000,2.26770000,2.24510000,2.25130000,1686958.00000000,1740885299999999,3805343.78890000,22419,871408.00000000,1965689.06410000,0
1740885300000000,2.25140000,2.25930000,2.24220000,2.24510000,1400782.00000000,1740886199999999,3151049.51620000,14320,808862.00000000,1819869.63050000,0
1740886200000000,2.24510000,2.25340000,2.23920000,2.25080000,852531.00000000,1740887099999999,1915005.42240000,13914,439350.00000000,986992.58340000,0
1740887100000000,2.25080000,2.26280000,2.24950000,2.25390000,1229112.00000000,1740887999999999,2772450.81460000,14698,581969.00000000,1312547.56360000,0
1740888000000000,2.25390000,2.25690000,2.24900000,2.25640000,1738859.00000000,1740888899999999,3919296.96110000,17910,1097609.00000000,2474228.79360000,0
1740888900000000,2.25650000,2.25700000,2.24300000,2.24750000,754597.00000000,1740889799999999,1696739.37360000,9703,331275.00000000,744674.09110000,0
1740889800000000,2.24740000,2.24950000,2.23940000,2.24440000,785383.00000000,1740890699999999,1761996.69180000,6707,238155.00000000,534257.14280000,0
1740890700000000,2.24450000,2.25300000,2.24220000,2.24880000,1065540.00000000,1740891599999999,2393324.95470000,7858,468240.00000000,1051992.46950000,0
1740891600000000,2.24870000,2.25490000,2.24140000,2.25490000,737854.00000000,1740892499999999,1657975.75300000,8577,319634.00000000,718160.39500000,0
1740892500000000,2.25490000,2.26580000,2.25190000,2.26110000,2143833.00000000,1740893399999999,4842417.52460000,12272,1269649.00000000,2867657.49740000,0
1740893400000000,2.26110000,2.28400000,2.26110000,2.27340000,3938371.00000000,1740894299999999,8948646.61330000,23804,2339613.00000000,5316142.70010000,0
1740894300000000,2.27340000,2.27660000,2.26320000,2.26560000,1830466.00000000,1740895199999999,4155114.94120000,17808,619539.00000000,1406607.91240000,0
1740895200000000,2.26560000,2.27000000,2.25850000,2.25970000,903028.00000000,1740896099999999,2044053.37510000,10923,415992.00000000,941508.03500000,0
1740896100000000,2.25970000,2.26730000,2.25330000,2.26660000,1132702.00000000,1740896999999999,2558447.10680000,14252,624097.00000000,1410109.50860000,0
1740897000000000,2.26650000,2.27470000,2.26190000,2.27460000,1004031.00000000,1740897899999999,2276844.33180000,9254,491896.00000000,1115721.17620000,0
1740897900000000,2.27470000,2.28510000,2.27030000,2.28420000,2410542.00000000,1740898799999999,5489766.32480000,14230,1262894.00000000,2876461.55170000,0
1740898800000000,2.28420000,2.29860000,2.27610000,2.28070000,3139827.00000000,1740899699999999,7178822.06070000,26711,1617235.00000000,3696952.16090000,0
1740899700000000,2.28070000,2.28350000,2.27280000,2.28240000,1366095.00000000,1740900599999999,3111727.09060000,14877,583393.00000000,1328737.92220000,0
1740900600000000,2.28230000,2.28370000,2.27470000,2.27950000,1508773.00000000,1740901499999999,3437806.71060000,10705,437958.00000000,998114.96900000,0
1740901500000000,2.27940000,2.28320000,2.27310000,2.27370000,864596.00000000,1740902399999999,1970138.81620000,8491,433725.00000000,988687.94760000,0
1740902400000000,2.27380000,2.28500000,2.26530000,2.26610000,2187351.00000000,1740903299999999,4975562.80990000,18884,959704.00000000,2183246.34260000,0
1740903300000000,2.26600000,2.27180000,2.26240000,2.26600000,2725822.00000000,1740904199999999,6178642.01810000,15712,1191407.00000000,2700314.48470000,0
1740904200000000,2.26610000,2.26800000,2.25740000,2.26330000,1912030.00000000,1740905099999999,4324273.11610000,10650,741126.00000000,1676147.89030000,0
1740905100000000,2.26330000,2.26630000,2.25520000,2.25520000,1422193.00000000,1740905999999999,3215807.66260000,7377,435333.00000000,984213.52520000,0
1740906000000000,2.25530000,2.26240000,2.25440000,2.26200000,1059976.00000000,1740906899999999,2393225.03450000,5976,541527.00000000,1222771.61250000,0
1740906900000000,2.26210000,2.26340000,2.25280000,2.25440000,1099006.00000000,1740907799999999,2480784.83360000,6831,402979.00000000,909429.17690000,0
1740907800000000,2.25440000,2.26830000,2.25430000,2.26450000,1270495.00000000,1740908699999999,2873823.27030000,13141,703165.00000000,1590521.87250000,0
1740908700000000,2.26450000,2.26780000,2.26080000,2.26370000,669207.00000000,1740909599999999,1515233.29960000,9627,357646.00000000,809882.66890000,0
1740909600000000,2.26370000,2.26530000,2.25520000,2.25910000,928457.00000000,1740910499999999,2098334.71460000,9824,370392.00000000,837178.67780000,0
1740910500000000,2.25900000,2.26910000,2.25860000,2.26320000,657924.00000000,1740911399999999,1489440.81440000,7905,344371.00000000,779561.71250000,0
1740911400000000,2.26330000,2.26840000,2.25850000,2.26380000,805608.00000000,1740912299999999,1823282.44500000,9570,393588.00000000,890761.64870000,0
1740912300000000,2.26370000,2.26840000,2.26110000,2.26580000,636275.00000000,1740913199999999,1441143.42800000,7272,326381.00000000,739160.03560000,0
1740913200000000,2.26580000,2.26710000,2.26060000,2.26590000,607089.00000000,1740914099999999,1374384.66330000,8228,306755.00000000,694478.10650000,0
1740914100000000,2.26590000,2.27360000,2.26170000,2.26860000,1516348.00000000,1740914999999999,3439251.13830000,13346,839021.00000000,1902885.38050000,0
1740915000000000,2.26850000,2.28010000,2.26690000,2.27960000,2539475.00000000,1740915899999999,5775435.37100000,17311,1582827.00000000,3600085.36380000,0
1740915900000000,2.27960000,2.28200000,2.27420000,2.27480000,2395153.00000000,1740916799999999,5460018.60270000,9031,893064.00000000,2035368.18900000,0
1740916800000000,2.27480000,2.27530000,2.25800000,2.26130000,2575890.00000000,1740917699999999,5827305.03820000,12873,1303319.00000000,2948442.03430000,0
1740917700000000,2.26140000,2.27400000,2.25770000,2.26720000,2317842.00000000,1740918599999999,5245400.27480000,11041,1449568.00000000,3279257.67090000,0
1740918600000000,2.26710000,2.27320000,2.26550000,2.27220000,1194930.00000000,1740919499999999,2711230.76450000,5927,281790.00000000,639711.76610000,0
1740919500000000,2.27210000,2.27810000,2.26870000,2.27400000,838395.00000000,1740920399999999,1906230.89440000,5842,367478.00000000,835579.86370000,0
1740920400000000,2.27400000,2.27400000,2.26240000,2.26730000,734855.00000000,1740921299999999,1666102.97450000,6645,363273.00000000,823508.14990000,0
1740921300000000,2.26720000,2.26720000,2.25140000,2.25510000,2853071.00000000,1740922199999999,6437015.27480000,16000,959067.00000000,2163619.77680000,0
1740922200000000,2.25520000,2.25840000,2.24630000,2.25430000,1814945.00000000,1740923099999999,4085737.86780000,11052,877593.00000000,1976003.74610000,0
1740923100000000,2.25440000,2.25630000,2.24560000,2.25580000,887389.00000000,1740923999999999,1997806.61800000,9960,442504.00000000,996300.10250000,0
1740924000000000,2.25590000,2.25880000,2.24680000,2.24840000,977648.00000000,1740924899999999,2201653.73070000,11967,369418.00000000,832122.01310000,0
1740924900000000,2.24850000,2.24900000,2.22750000,2.24300000,3235482.00000000,1740925799999999,7239357.51540000,25839,1473396.00000000,3296399.38680000,0
1740925800000000,2.24310000,2.24780000,2.22900000,2.23590000,1510753.00000000,1740926699999999,3379280.93300000,15670,578534.00000000,1293585.99970000,0
1740926700000000,2.23610000,2.23610000,2.22020000,2.22630000,3289004.00000000,1740927599999999,7324246.97870000,20624,1408011.00000000,3135921.46230000,0
1740927600000000,2.22620000,2.23840000,2.22310000,2.23360000,1813165.00000000,1740928499999999,4045293.33420000,18476,1124682.00000000,2509291.19240000,0
1740928500000000,2.23350000,2.50970000,2.22910000,2.38480000,44512417.00000000,1740929399999999,106322124.96380000,206230,24677710.00000000,58813387.19120000,0
1740929400000000,2.38440000,2.72500000,2.38000000,2.66240000,84157649.00000000,1740930299999999,215377096.04630000,493812,45551539.00000000,116722820.25970000,0
1740930300000000,2.66240000,2.67670000,2.47860000,2.59840000,66651154.00000000,1740931199999999,170194299.82390000,434438,32151069.00000000,82095124.84050000,0
1740931200000000,2.59850000,2.75500000,2.59490000,2.71910000,65472761.00000000,1740932099999999,176390931.90310000,470126,34804889.00000000,93814381.84480000,0
1740932100000000,2.71880000,2.79890000,2.70080000,2.76260000,43073577.00000000,1740932999999999,118026796.93250000,324150,22803426.00000000,62532100.63410000,0
1740933000000000,2.76260000,2.99900000,2.73410000,2.90660000,78670759.00000000,1740933899999999,226573154.33590000,392843,43340500.00000000,124958846.57620000,0
1740933900000000,2.90690000,2.91420000,2.77000000,2.84830000,35176200.00000000,1740934799999999,100189396.45120000,316587,15589372.00000000,44431590.13560000,0
1740934800000000,2.84840000,2.88000000,2.78150000,2.83150000,27477655.00000000,1740935699999999,77656136.83070000,309680,13428397.00000000,37960378.35830000,0
1740935700000000,2.83160000,2.90840000,2.82540000,2.89630000,27161989.00000000,1740936599999999,77955565.32860000,233280,13884986.00000000,39880275.04630000,0
1740936600000000,2.89630000,2.97420000,2.89550000,2.93070000,21514751.00000000,1740937499999999,63176899.15780000,231860,11373259.00000000,33399215.79020000,0
1740937500000000,2.93070000,2.93290000,2.83680000,2.87360000,19900291.00000000,1740938399999999,57193217.13500000,201251,9633995.00000000,27699878.10630000,0
1740938400000000,2.87350000,2.89060000,2.81660000,2.82060000,13884100.00000000,1740939299999999,39496104.46680000,139479,5713979.00000000,16265640.18910000,0
1740939300000000,2.82060000,2.86450000,2.80210000,2.83150000,16190245.00000000,1740940199999999,45816622.05100000,137078,7881281.00000000,22320837.77990000,0
1740940200000000,2.83150000,2.84060000,2.74540000,2.77190000,26166175.00000000,1740941099999999,72590717.39760000,199341,12337285.00000000,34242876.20070000,0
1740941100000000,2.77190000,2.81400000,2.76590000,2.79270000,12095420.00000000,1740941999999999,33739301.50250000,86682,6311385.00000000,17608189.81760000,0
1740942000000000,2.79280000,2.81000000,2.78480000,2.79090000,5912807.00000000,1740942899999999,16549126.58670000,61868,3075653.00000000,8608632.42360000,0
1740942900000000,2.79090000,2.83220000,2.79000000,2.83010000,7162685.00000000,1740943799999999,20180524.97130000,62075,4305136.00000000,12130011.60750000,0
1740943800000000,2.83010000,2.85490000,2.82630000,2.85090000,6013672.00000000,1740944699999999,17089472.66660000,48409,3446099.00000000,9794267.20990000,0
1740944700000000,2.85100000,2.89090000,2.84900000,2.87150000,7155539.00000000,1740945599999999,20546874.86370000,63106,4031862.00000000,11577738.28440000,0
1740945600000000,2.87150000,2.87620000,2.83480000,2.85540000,7726846.00000000,1740946499999999,22047354.85420000,72897,3780765.00000000,10792051.07590000,0
1740946500000000,2.85530000,2.88020000,2.85340000,2.86520000,5247852.00000000,1740947399999999,15034737.29930000,54695,2889128.00000000,8276213.10060000,0
1740947400000000,2.86520000,2.87380000,2.84210000,2.86830000,5489036.00000000,1740948299999999,15683001.36110000,48122,2522265.00000000,7207404.87510000,0
1740948300000000,2.86840000,2.87470000,2.85280000,2.86470000,3794794.00000000,1740949199999999,10872178.18210000,43504,1688225.00000000,4837033.51830000,0
1740949200000000,2.86480000,2.87710000,2.85380000,2.86990000,4806226.00000000,1740950099999999,13788494.88100000,63600,2436460.00000000,6989592.31430000,0
1740950100000000,2.86990000,2.94530000,2.86990000,2.92750000,11472591.00000000,1740950999999999,33437746.99540000,95895,6510607.00000000,18974987.88240000,0
1740951000000000,2.92750000,2.93730000,2.88140000,2.89490000,6729922.00000000,1740951899999999,19526398.60050000,83042,2893287.00000000,8396911.66800000,0
1740951900000000,2.89480000,2.91200000,2.87970000,2.90580000,4879818.00000000,1740952799999999,14137662.26370000,51392,2472148.00000000,7165442.53740000,0
1740952800000000,2.90570000,2.90640000,2.87670000,2.89540000,4489223.00000000,1740953699999999,12987595.19610000,47939,2043596.00000000,5911470.48880000,0
1740953700000000,2.89530000,2.90420000,2.88650000,2.88860000,2373876.00000000,1740954599999999,6869454.22320000,29301,1163819.00000000,3367986.36840000,0
1740954600000000,2.88860000,2.89190000,2.86330000,2.88290000,4501664.00000000,1740955499999999,12955548.97850000,33072,1984397.00000000,5710409.01720000,0
1740955500000000,2.88290000,2.92790000,2.88250000,2.91000000,5880272.00000000,1740956399999999,17069351.13730000,47158,3007881.00000000,8730675.50700000,0
1740956400000000,2.91000000,2.94290000,2.90940000,2.91220000,7208994.00000000,1740957299999999,21094682.94730000,79471,3333670.00000000,9757222.02390000,0
1740957300000000,2.91220000,2.92980000,2.89580000,2.91240000,5400384.00000000,1740958199999999,15751167.82230000,64791,2450547.00000000,7147243.02790000,0
1740958200000000,2.91240000,2.94470000,2.90360000,2.93030000,6655421.00000000,1740959099999999,19481786.48410000,68420,3183593.00000000,9320887.65330000,0
1740959100000000,2.93030000,2.96260000,2.91870000,2.93960000,8036298.00000000,1740959999999999,23642108.38920000,75198,4431481.00000000,13039432.28230000,0
1740960000000000,2.93950000,2.96760000,2.85390000,2.86520000,18401341.00000000,1740960899999999,53239863.20080000,195707,8172861.00000000,23668120.09840000,0
1740960900000000,2.86520000,2.89700000,2.85430000,2.89440000,8129666.00000000,1740961799999999,23357287.70430000,101657,4182646.00000000,12017343.01060000,0
1740961800000000,2.89440000,2.90100000,2.85770000,2.87810000,6640520.00000000,1740962699999999,19113403.05980000,72245,2848887.00000000,8196418.55950000,0
1740962700000000,2.87800000,2.89380000,2.85960000,2.86110000,5350399.00000000,1740963599999999,15398755.59750000,55524,2559718.00000000,7366945.76790000,0
1740963600000000,2.86120000,2.89440000,2.85960000,2.87640000,5957585.00000000,1740964499999999,17159023.27200000,54103,2793120.00000000,8042378.04220000,0
1740964500000000,2.87640000,2.87900000,2.80940000,2.82260000,10783097.00000000,1740965399999999,30544169.32060000,92608,4154424.00000000,11785827.02830000,0
1740965400000000,2.82280000,2.82970000,2.79760000,2.82050000,7924221.00000000,1740966299999999,22280844.02990000,70172,2828320.00000000,7954390.56160000,0
1740966300000000,2.82040000,2.82040000,2.80230000,2.81030000,3720100.00000000,1740967199999999,10453586.34970000,42579,1853620.00000000,5208342.80990000,0
1740967200000000,2.81030000,2.81850000,2.78590000,2.79600000,5180061.00000000,1740968099999999,14502977.73360000,64778,2211066.00000000,6194319.65540000,0
1740968100000000,2.79600000,2.80180000,2.76250000,2.76850000,9276916.00000000,1740968999999999,25823551.87700000,78799,4378248.00000000,12195052.10590000,0
1740969000000000,2.76850000,2.81230000,2.76590000,2.80500000,6422328.00000000,1740969899999999,17954586.31990000,59203,3955697.00000000,11060551.05300000,0
1740969900000000,2.80500000,2.82160000,2.80160000,2.81080000,4323307.00000000,1740970799999999,12159952.06770000,39530,2597317.00000000,7305786.91720000,0
1740970800000000,2.81070000,2.82240000,2.78920000,2.79730000,4209143.00000000,1740971699999999,11808390.10500000,39034,1866671.00000000,5238731.38350000,0
1740971700000000,2.79730000,2.80190000,2.77940000,2.79580000,4793026.00000000,1740972599999999,13361447.35170000,47050,2297970.00000000,6408376.00170000,0
1740972600000000,2.79580000,2.80900000,2.77920000,2.78200000,4994740.00000000,1740973499999999,13959346.54140000,39967,2283925.00000000,6389289.74000000,0
1740973500000000,2.78200000,2.80200000,2.77990000,2.79360000,2649526.00000000,1740974399999999,7397302.70970000,35567,1531279.00000000,4275778.95550000,0
1740974400000000,2.79350000,2.80460000,2.79060000,2.79420000,3536416.00000000,1740975299999999,9893825.16060000,32004,1611911.00000000,4509996.20420000,0
1740975300000000,2.79420000,2.80330000,2.78750000,2.79700000,3185305.00000000,1740976199999999,8905995.43630000,30295,1376643.00000000,3849540.48620000,0
1740976200000000,2.79700000,2.80050000,2.78710000,2.79610000,2669659.00000000,1740977099999999,7455822.69860000,20639,1499405.00000000,4186348.72370000,0
1740977100000000,2.79610000,2.81120000,2.79150000,2.80980000,4020940.00000000,1740977999999999,11258747.58570000,17768,1748489.00000000,4897373.95830000,0
1740978000000000,2.80980000,2.82360000,2.80530000,2.80900000,3935467.00000000,1740978899999999,11082329.10310000,27488,2400961.00000000,6761786.38200000,0
1740978900000000,2.80900000,2.81620000,2.80340000,2.80400000,2143993.00000000,1740979799999999,6020594.53130000,22349,1157766.00000000,3250986.14310000,0
1740979800000000,2.80390000,2.81710000,2.79930000,2.81350000,2157391.00000000,1740980699999999,6064024.58970000,16897,1252316.00000000,3520138.10530000,0
1740980700000000,2.81350000,2.82030000,2.80940000,2.81310000,1911827.00000000,1740981599999999,5380179.52630000,14888,1027691.00000000,2892231.05730000,0
1740981600000000,2.81310000,2.81480000,2.78580000,2.78720000,3935065.00000000,1740982499999999,10997519.75020000,24221,1754110.00000000,4901762.91210000,0
1740982500000000,2.78720000,2.79300000,2.77150000,2.77380000,3212567.00000000,1740983399999999,8937822.93720000,29174,1325987.00000000,3689093.51040000,0
1740983400000000,2.77380000,2.77380000,2.68540000,2.70870000,17038195.00000000,1740984299999999,46413116.95130000,111839,6959497.00000000,18939202.87900000,0
1740984300000000,2.70870000,2.71780000,2.65200000,2.67670000,17510237.00000000,1740985199999999,46942824.43480000,133850,7488686.00000000,20074972.40240000,0
1740985200000000,2.67670000,2.68470000,2.63130000,2.66580000,13771700.00000000,1740986099999999,36595927.31860000,138015,7238820.00000000,19244244.03870000,0
1740986100000000,2.66570000,2.68640000,2.65150000,2.67150000,6484206.00000000,1740986999999999,17309390.81850000,67146,3345433.00000000,8931145.17810000,0
1740987000000000,2.67140000,2.68630000,2.66420000,2.67120000,5637252.00000000,1740987899999999,15075488.73920000,44947,3220010.00000000,8612732.08660000,0
1740987900000000,2.67110000,2.69570000,2.67100000,2.68960000,6156329.00000000,1740988799999999,16535897.85680000,41107,3469972.00000000,9318496.24720000,0
1740988800000000,2.68960000,2.69600000,2.68070000,2.69050000,3602629.00000000,1740989699999999,9687365.63710000,33075,1930321.00000000,5189936.87170000,0
1740989700000000,2.69040000,2.69330000,2.63960000,2.65170000,6719037.00000000,1740990599999999,17863859.16330000,54496,2727839.00000000,7249743.52450000,0
1740990600000000,2.65170000,2.65740000,2.62440000,2.64390000,7795135.00000000,1740991499999999,20551418.70020000,70765,3739708.00000000,9864092.93580000,0
1740991500000000,2.64380000,2.64650000,2.57380000,2.59320000,16157429.00000000,1740992399999999,41961359.40310000,124004,7463902.00000000,19385128.37140000,0
1740992400000000,2.59320000,2.59730000,2.55400000,2.56810000,11139932.00000000,1740993299999999,28662324.75130000,112612,5591874.00000000,14387917.53060000,0
1740993300000000,2.56820000,2.60240000,2.52590000,2.60080000,13856514.00000000,1740994199999999,35452491.69380000,103387,7403737.00000000,18961417.75360000,0
1740994200000000,2.60080000,2.60430000,2.57070000,2.57790000,5404036.00000000,1740995099999999,13981309.86690000,52012,2884872.00000000,7465584.98720000,0
1740995100000000,2.57750000,2.58900000,2.56410000,2.57410000,4710770.00000000,1740995999999999,12151313.02770000,38741,1895849.00000000,4887606.61670000,0
1740996000000000,2.57400000,2.61390000,2.57000000,2.61320000,7538543.00000000,1740996899999999,19529290.02820000,55520,4705696.00000000,12200312.92850000,0
1740996900000000,2.61320000,2.64600000,2.60860000,2.63130000,12283551.00000000,1740997799999999,32328256.45600000,62914,8239168.00000000,21684927.47850000,0
1740997800000000,2.63140000,2.65400000,2.62280000,2.64730000,8184410.00000000,1740998699999999,21614473.55110000,50583,4667690.00000000,12330401.12700000,0
1740998700000000,2.64720000,2.67010000,2.63670000,2.66420000,8126622.00000000,1740999599999999,21570127.22980000,39388,4678355.00000000,12419415.13150000,0
1740999600000000,2.66420000,2.66990000,2.64240000,2.64250000,7960264.00000000,1741000499999999,21151052.78300000,44987,4023547.00000000,10695737.87390000,0
1741000500000000,2.64240000,2.64630000,2.62580000,2.64030000,6726228.00000000,1741001399999999,17742516.95890000,44742,3218892.00000000,8490363.31470000,0
1741001400000000,2.64030000,2.64770000,2.63690000,2.64730000,1931377.00000000,1741002299999999,5104880.01320000,25012,856384.00000000,2263656.88000000,0
1741002300000000,2.64730000,2.64840000,2.62740000,2.63370000,2163982.00000000,1741003199999999,5706074.48270000,22227,726738.00000000,1916372.93310000,0
1741003200000000,2.63370000,2.68750000,2.62910000,2.65660000,10092463.00000000,1741004099999999,26924655.44120000,81511,4790351.00000000,12776057.78810000,0
1741004100000000,2.65660000,2.66520000,2.64130000,2.64710000,5185406.00000000,1741004999999999,13757373.03180000,52718,2175165.00000000,5772648.75750000,0
1741005000000000,2.64710000,2.67500000,2.63580000,2.66900000,5026897.00000000,1741005899999999,13344096.93280000,56629,2478124.00000000,6578919.09220000,0
1741005900000000,2.66910000,2.68040000,2.66030000,2.66580000,3499935.00000000,1741006799999999,9340100.88250000,37035,1661047.00000000,4433249.73870000,0
1741006800000000,2.66580000,2.67920000,2.65710000,2.65890000,3476222.00000000,1741007699999999,9274674.08060000,37453,1500485.00000000,4004833.33130000,0
1741007700000000,2.65890000,2.67000000,2.65550000,2.66540000,3187858.00000000,1741008599999999,8485847.17050000,31683,1422934.00000000,3788964.63270000,0
1741008600000000,2.66550000,2.71590000,2.66300000,2.70680000,9668008.00000000,1741009499999999,26033284.85110000,62382,5573000.00000000,15004838.09130000,0
1741009500000000,2.70680000,2.70890000,2.68000000,2.69340000,6687875.00000000,1741010399999999,17998126.11150000,53175,3216401.00000000,8658151.00170000,0
1741010400000000,2.69330000,2.70450000,2.68110000,2.70310000,4497321.00000000,1741011299999999,12115739.72550000,44482,2259906.00000000,6088314.01510000,0
1741011300000000,2.70320000,2.70370000,2.65440000,2.68350000,7969019.00000000,1741012199999999,21313378.67520000,64004,3794077.00000000,10142553.21280000,0
1741012200000000,2.68350000,2.70670000,2.63410000,2.65010000,14206102.00000000,1741013099999999,37839598.79010000,147140,5988830.00000000,15967986.52440000,0
1741013100000000,2.65000000,2.65880000,2.55500000,2.56330000,27317831.00000000,1741013999999999,71119331.19550000,192500,11956529.00000000,31121728.12470000,0
1741014000000000,2.56340000,2.62180000,2.55890000,2.61520000,18057561.00000000,1741014899999999,46792772.31070000,138721,9515342.00000000,24660382.22210000,0
1741014900000000,2.61510000,2.64390000,2.59860000,2.63490000,8522529.00000000,1741015799999999,22362505.45550000,74071,4142946.00000000,10872146.30390000,0
1741015800000000,2.63480000,2.64060000,2.60520000,2.62160000,7355290.00000000,1741016699999999,19255359.99370000,45359,3794322.00000000,9935704.95680000,0
1741016700000000,2.62160000,2.62300000,2.59630000,2.59810000,3293943.00000000,1741017599999999,8594199.61830000,27755,1290074.00000000,3367925.40190000,0
1741017600000000,2.59820000,2.61280000,2.57750000,2.59230000,5396874.00000000,1741018499999999,13996963.03310000,44883,2685172.00000000,6964560.51820000,0
1741018500000000,2.59230000,2.62590000,2.58310000,2.61210000,4128888.00000000,1741019399999999,10777815.09050000,37485,2335280.00000000,6098977.83240000,0
1741019400000000,2.61220000,2.61570000,2.59220000,2.59740000,2881697.00000000,1741020299999999,7495683.95480000,28475,1465290.00000000,3811374.00960000,0
1741020300000000,2.59740000,2.61730000,2.59670000,2.60860000,2597621.00000000,1741021199999999,6773539.04430000,22775,1179324.00000000,3076128.48900000,0
1741021200000000,2.60850000,2.61960000,2.58540000,2.59160000,3653840.00000000,1741022099999999,9508849.54980000,27085,1491157.00000000,3882061.55160000,0
1741022100000000,2.59170000,2.61360000,2.58420000,2.60020000,2237406.00000000,1741022999999999,5814724.42550000,23978,1077225.00000000,2799724.95820000,0
1741023000000000,2.60020000,2.63700000,2.59860000,2.63170000,3569753.00000000,1741023899999999,9332762.01510000,24010,1774585.00000000,4645084.99030000,0
1741023900000000,2.63160000,2.63160000,2.59290000,2.59800000,3639204.00000000,1741024799999999,9481979.31330000,29392,1673731.00000000,4359625.47040000,0
1741024800000000,2.59800000,2.60160000,2.56700000,2.57400000,6406112.00000000,1741025699999999,16514972.01340000,59474,3236766.00000000,8348323.97280000,0
1741025700000000,2.57410000,2.58740000,2.49390000,2.50490000,20520670.00000000,1741026599999999,51991007.00710000,132732,8912159.00000000,22596930.72300000,0
1741026600000000,2.50500000,2.53270000,2.44890000,2.46590000,25789180.00000000,1741027499999999,64200438.32960000,214979,12855667.00000000,32023041.29950000,0
1741027500000000,2.46590000,2.49560000,2.44370000,2.47370000,20598207.00000000,1741028399999999,50893610.42430000,218131,11066320.00000000,27347619.09870000,0
1741028400000000,2.47370000,2.49870000,2.43400000,2.44030000,14903047.00000000,1741029299999999,36737648.62170000,172193,7087483.00000000,17478225.75350000,0
1741029300000000,2.44030000,2.45640000,2.40750000,2.43060000,20209589.00000000,1741030199999999,49154317.25700000,180991,9610425.00000000,23387946.93890000,0
1741030200000000,2.43050000,2.46850000,2.41040000,2.43120000,14734270.00000000,1741031099999999,35937869.81800000,145569,7762905.00000000,18945060.02190000,0
1741031100000000,2.43110000,2.44730000,2.34150000,2.34900000,37424369.00000000,1741031999999999,89035286.51380000,200026,16341353.00000000,38874013.05480000,0
1741032000000000,2.34900000,2.40410000,2.34610000,2.39610000,18701428.00000000,1741032899999999,44562226.76260000,181409,9675715.00000000,23055030.71400000,0
1741032900000000,2.39610000,2.41890000,2.38380000,2.39960000,10480397.00000000,1741033799999999,25180773.58190000,79338,5155110.00000000,12384743.61500000,0
1741033800000000,2.39950000,2.41350000,2.35120000,2.36180000,8424289.00000000,1741034699999999,20040610.98270000,50052,3676172.00000000,8749228.20680000,0
1741034700000000,2.36180000,2.41590000,2.36130000,2.41070000,7915822.00000000,1741035599999999,18983652.19620000,39145,4096840.00000000,9824381.64190000,0
1741035600000000,2.41080000,2.42320000,2.40060000,2.41490000,7700810.00000000,1741036499999999,18573079.17060000,34750,3268631.00000000,7885023.59900000,0
1741036500000000,2.41480000,2.42120000,2.37340000,2.38170000,5249311.00000000,1741037399999999,12578081.34570000,23439,2014895.00000000,4830260.35190000,0
1741037400000000,2.38170000,2.41290000,2.37690000,2.39230000,4099387.00000000,1741038299999999,9826972.49160000,17788,2128525.00000000,5103601.89570000,0
1741038300000000,2.39230000,2.39300000,2.29760000,2.32060000,13821672.00000000,1741039199999999,32318258.23410000,56864,6025278.00000000,14104726.06410000,0
1741039200000000,2.32060000,2.38120000,2.31880000,2.36000000,8884646.00000000,1741040099999999,20935255.10010000,44190,4462746.00000000,10516165.95590000,0
1741040100000000,2.35990000,2.39470000,2.34950000,2.39030000,6421779.00000000,1741040999999999,15267694.95700000,19410,3284908.00000000,7809988.29070000,0
1741041000000000,2.39030000,2.40070000,2.38500000,2.39740000,4936375.00000000,1741041899999999,11811686.37270000,15299,2504993.00000000,5994104.44880000,0
1741041900000000,2.39730000,2.42000000,2.39200000,2.40670000,4039777.00000000,1741042799999999,9731211.68350000,16782,2424556.00000000,5840246.10450000,0
1741042800000000,2.40670000,2.40670000,2.38340000,2.40320000,3150851.00000000,1741043699999999,7543450.25740000,15803,1546992.00000000,3705197.01150000,0
1741043700000000,2.40320000,2.42170000,2.39630000,2.41050000,4626149.00000000,1741044599999999,11165031.86780000,22118,2882490.00000000,6955775.11680000,0
1741044600000000,2.41050000,2.41900000,2.40180000,2.41290000,1876268.00000000,1741045499999999,4525548.71260000,11565,1043820.00000000,2517363.65970000,0
1741045500000000,2.41270000,2.41270000,2.38090000,2.38730000,3363204.00000000,1741046399999999,8053169.33570000,17012,1472289.00000000,3523775.73560000,0
1741046400000000,2.38730000,2.41280000,2.36290000,2.40300000,5316916.00000000,1741047299999999,12700656.01930000,36261,2816889.00000000,6735935.21120000,0
1741047300000000,2.40300000,2.42250000,2.39120000,2.40120000,4690952.00000000,1741048199999999,11301452.06290000,29464,2649522.00000000,6385820.10250000,0
1741048200000000,2.40120000,2.40830000,2.36470000,2.37670000,3633839.00000000,1741049099999999,8662791.90510000,32749,1559093.00000000,3720148.99960000,0
1741049100000000,2.37660000,2.39370000,2.35850000,2.36150000,2679939.00000000,1741049999999999,6377110.93190000,24493,1218982.00000000,2902418.43730000,0
1741050000000000,2.36150000,2.37090000,2.32120000,2.33720000,8049355.00000000,1741050899999999,18834408.49400000,49296,2612479.00000000,6113124.83040000,0
1741050900000000,2.33760000,2.35710000,2.31440000,2.34590000,5259162.00000000,1741051799999999,12290662.78620000,43447,2372131.00000000,5543017.80780000,0
1741051800000000,2.34600000,2.35560000,2.24900000,2.26630000,20097380.00000000,1741052699999999,45910352.39570000,105831,8380111.00000000,19158377.84750000,0
1741052700000000,2.26630000,2.30270000,2.24510000,2.28270000,15113018.00000000,1741053599999999,34333323.51350000,103567,8287542.00000000,18838454.07290000,0
1741053600000000,2.28280000,2.30060000,2.21230000,2.27000000,15012294.00000000,1741054499999999,33693358.08760000,87549,7469539.00000000,16776564.53430000,0
1741054500000000,2.27000000,2.27100000,2.22090000,2.26270000,9133078.00000000,1741055399999999,20495692.81490000,61303,4452782.00000000,10001494.92200000,0
1741055400000000,2.26270000,2.29600000,2.26000000,2.26840000,5269233.00000000,1741056299999999,11999084.41810000,38415,2786555.00000000,6347019.09900000,0
1741056300000000,2.26810000,2.31130000,2.26410000,2.29040000,4234241.00000000,1741057199999999,9699176.13710000,24221,2411469.00000000,5525231.12450000,0
1741057200000000,2.29040000,2.31340000,2.27700000,2.28300000,4825414.00000000,1741058099999999,11085546.92070000,26868,2614664.00000000,6009391.86660000,0
1741058100000000,2.28300000,2.29640000,2.27410000,2.29320000,3253018.00000000,1741058999999999,7431794.44910000,20727,1863529.00000000,4258154.95840000,0
1741059000000000,2.29310000,2.30720000,2.28000000,2.28250000,4037798.00000000,1741059899999999,9265781.03780000,21377,1874617.00000000,4303588.18640000,0
1741059900000000,2.28260000,2.32770000,2.27820000,2.29830000,4423471.00000000,1741060799999999,10203662.16840000,24352,2514892.00000000,5803788.47320000,0
1741060800000000,2.29840000,2.30690000,2.28790000,2.30520000,2409476.00000000,1741061699999999,5536008.89910000,18406,1211467.00000000,2783485.35400000,0
1741061700000000,2.30530000,2.31760000,2.29780000,2.30440000,2138302.00000000,1741062599999999,4933525.19400000,11085,1256879.00000000,2900565.17390000,0
1741062600000000,2.30440000,2.31250000,2.29380000,2.30930000,2263264.00000000,1741063499999999,5208999.08320000,14160,1163249.00000000,2677839.13930000,0
1741063500000000,2.30930000,2.30980000,2.28830000,2.29250000,2943651.00000000,1741064399999999,6772980.46360000,13459,1171615.00000000,2696208.72020000,0
1741064400000000,2.29260000,2.37410000,2.28800000,2.32090000,10202110.00000000,1741065299999999,23887121.92070000,55445,5724930.00000000,13406829.26140000,0
1741065300000000,2.32080000,2.34830000,2.30870000,2.34450000,5106033.00000000,1741066199999999,11888373.94050000,32550,2745785.00000000,6395473.98190000,0
1741066200000000,2.34450000,2.37700000,2.33540000,2.36860000,6166438.00000000,1741067099999999,14547662.63440000,30081,3684672.00000000,8696372.50430000,0
1741067100000000,2.36850000,2.37270000,2.34740000,2.35910000,4931632.00000000,1741067999999999,11638351.14000000,24137,2907245.00000000,6861328.07350000,0
1741068000000000,2.35920000,2.37000000,2.34240000,2.34700000,4065603.00000000,1741068899999999,9578360.47900000,22713,2283304.00000000,5380085.98450000,0
1741068900000000,2.34700000,2.36270000,2.33660000,2.35900000,3075035.00000000,1741069799999999,7218471.01910000,18727,1627125.00000000,3819859.74930000,0
1741069800000000,2.35900000,2.36370000,2.33190000,2.33930000,3744207.00000000,1741070699999999,8774481.35590000,21599,1679671.00000000,3938153.82290000,0
1741070700000000,2.33940000,2.34030000,2.31300000,2.32310000,4141603.00000000,1741071599999999,9624422.77330000,22818,1917850.00000000,4457714.97860000,0
1741071600000000,2.32320000,2.33120000,2.30630000,2.31260000,3566633.00000000,1741072499999999,8266343.63870000,21465,1595359.00000000,3697708.97250000,0
1741072500000000,2.31260000,2.32680000,2.30890000,2.32190000,2203472.00000000,1741073399999999,5110678.14090000,14920,1178737.00000000,2734203.93470000,0
1741073400000000,2.32180000,2.33880000,2.31760000,2.32230000,2459934.00000000,1741074299999999,5727891.85760000,15859,1386808.00000000,3229418.50560000,0
1741074300000000,2.32220000,2.33180000,2.31520000,2.32070000,1986071.00000000,1741075199999999,4615760.24220000,13591,1028178.00000000,2389911.62990000,0
1741075200000000,2.32070000,2.33300000,2.30180000,2.32560000,4092293.00000000,1741076099999999,9477108.74280000,24639,2140289.00000000,4959773.22920000,0
1741076100000000,2.32560000,2.37280000,2.31900000,2.34660000,4501168.00000000,1741076999999999,10553830.30540000,30639,2674129.00000000,6267835.11660000,0
1741077000000000,2.34660000,2.37370000,2.34560000,2.34930000,3548614.00000000,1741077899999999,8370076.83810000,31664,2033432.00000000,4796789.70830000,0
1741077900000000,2.34940000,2.36480000,2.33680000,2.36110000,3654238.00000000,1741078799999999,8575435.17570000,16877,2111370.00000000,4955584.48450000,0
1741078800000000,2.36110000,2.36470000,2.34350000,2.35690000,3550171.00000000,1741079699999999,8358879.96670000,22129,1802168.00000000,4243576.31780000,0
1741079700000000,2.35690000,2.35800000,2.33730000,2.35100000,2740917.00000000,1741080599999999,6429107.30710000,18217,1316592.00000000,3088136.23260000,0
1741080600000000,2.35080000,2.38060000,2.34410000,2.38020000,2704841.00000000,1741081499999999,6387057.40550000,14732,1615432.00000000,3815320.78790000,0
1741081500000000,2.38010000,2.38410000,2.35380000,2.35560000,2495940.00000000,1741082399999999,5908971.77630000,17761,1192512.00000000,2822073.42370000,0
1741082400000000,2.35560000,2.36950000,2.35120000,2.36840000,2571591.00000000,1741083299999999,6069502.30660000,18894,1338660.00000000,3160387.80870000,0
1741083300000000,2.36840000,2.37230000,2.34220000,2.36160000,4012037.00000000,1741084199999999,9455620.00630000,20729,1763772.00000000,4156709.53050000,0
1741084200000000,2.36160000,2.38690000,2.35960000,2.37120000,3351740.00000000,1741085099999999,7959894.25240000,23328,1734288.00000000,4118289.82080000,0
1741085100000000,2.37120000,2.40810000,2.36850000,2.39260000,5404600.00000000,1741085999999999,12927939.53320000,32852,3047736.00000000,7294496.80800000,0
1741086000000000,2.39270000,2.41370000,2.37710000,2.40210000,6655269.00000000,1741086899999999,15944442.17940000,37275,3508461.00000000,8401537.12810000,0
1741086900000000,2.40200000,2.40660000,2.37450000,2.39440000,5007655.00000000,1741087799999999,11972965.71880000,45397,2238472.00000000,5352314.22920000,0
1741087800000000,2.39440000,2.40470000,2.37430000,2.37720000,3403539.00000000,1741088699999999,8130933.36510000,29918,1526177.00000000,3646448.57070000,0
1741088700000000,2.37720000,2.38230000,2.35720000,2.35970000,3975119.00000000,1741089599999999,9425712.68840000,28032,1895809.00000000,4493958.21120000,0
1741089600000000,2.35960000,2.36360000,2.34570000,2.35630000,3239029.00000000,1741090499999999,7623168.00760000,24905,1316033.00000000,3097562.80040000,0
1741090500000000,2.35620000,2.35650000,2.33640000,2.33650000,3489021.00000000,1741091399999999,8185581.30750000,26349,1459273.00000000,3424562.59310000,0
1741091400000000,2.33640000,2.35770000,2.33410000,2.35690000,4369685.00000000,1741092299999999,10262581.48940000,33233,1744236.00000000,4095925.85560000,0
1741092300000000,2.35690000,2.36590000,2.34630000,2.35040000,3696879.00000000,1741093199999999,8717192.04160000,35192,1294453.00000000,3052230.24770000,0
1741093200000000,2.35030000,2.35030000,2.31080000,2.32200000,5203590.00000000,1741094099999999,12105747.90280000,41512,1826031.00000000,4247911.19470000,0
1741094100000000,2.32200000,2.33310000,2.30350000,2.30520000,6905443.00000000,1741094999999999,16000730.45490000,44702,2779485.00000000,6440218.14130000,0
1741095000000000,2.30510000,2.33320000,2.30010000,2.31900000,5591203.00000000,1741095899999999,12941504.26970000,43955,2683479.00000000,6214092.35320000,0
1741095900000000,2.31910000,2.33180000,2.29210000,2.29950000,6195556.00000000,1741096799999999,14290790.21690000,39102,2196280.00000000,5070632.86000000,0
1741096800000000,2.29960000,2.32290000,2.28870000,2.32070000,5549760.00000000,1741097699999999,12808190.31830000,41614,2922567.00000000,6748348.36810000,0
1741097700000000,2.32060000,2.33500000,2.30460000,2.32090000,3926246.00000000,1741098599999999,9109949.10440000,37105,1940676.00000000,4506025.19170000,0
1741098600000000,2.32120000,2.52620000,2.30160000,2.41070000,52813651.00000000,1741099499999999,129200665.37760000,274290,27485918.00000000,67276620.05630000,0
1741099500000000,2.41070000,2.44920000,2.35750000,2.36630000,18935225.00000000,1741100399999999,45712939.35690000,162537,8798435.00000000,21270991.08200000,0
1741100400000000,2.36630000,2.38340000,2.32680000,2.34850000,14978123.00000000,1741101299999999,35206012.34990000,137171,6767749.00000000,15913459.80320000,0
1741101300000000,2.34850000,2.35760000,2.30870000,2.33550000,12108427.00000000,1741102199999999,28201257.05480000,72587,5795779.00000000,13494090.78640000,0
1741102200000000,2.33540000,2.39140000,2.32880000,2.37890000,7063501.00000000,1741103099999999,16674982.28710000,53113,3725452.00000000,8798632.27210000,0
1741103100000000,2.37890000,2.41430000,2.37360000,2.40350000,6752380.00000000,1741103999999999,16193062.92570000,52775,3583921.00000000,8597016.10270000,0
1741104000000000,2.40350000,2.41040000,2.36050000,2.38570000,5089691.00000000,1741104899999999,12130147.04900000,39645,2650278.00000000,6318764.14760000,0
1741104900000000,2.38560000,2.39740000,2.32030000,2.32670000,7454801.00000000,1741105799999999,17566183.86270000,49915,3582640.00000000,8448336.14960000,0
1741105800000000,2.32660000,2.35760000,2.31200000,2.35640000,11911062.00000000,1741106699999999,27765793.46740000,87877,6021180.00000000,14039258.02650000,0
1741106700000000,2.35640000,2.40780000,2.35470000,2.39220000,8155171.00000000,1741107599999999,19479242.86970000,49011,4469298.00000000,10673669.32670000,0
1741107600000000,2.39210000,2.40630000,2.37550000,2.39470000,4812965.00000000,1741108499999999,11511126.91340000,35339,2167206.00000000,5183816.58150000,0
1741108500000000,2.39480000,2.45370000,2.39010000,2.44870000,16210286.00000000,1741109399999999,39360035.12920000,65899,7787094.00000000,18922006.88540000,0
1741109400000000,2.44870000,2.49500000,2.43660000,2.45940000,14286739.00000000,1741110299999999,35164029.35590000,99000,6702394.00000000,16502774.12000000,0
1741110300000000,2.45940000,2.47120000,2.43590000,2.44700000,4603738.00000000,1741111199999999,11291196.41210000,31591,2204834.00000000,5408419.78500000,0
1741111200000000,2.44700000,2.46380000,2.42830000,2.45920000,6176813.00000000,1741112099999999,15116486.65560000,37969,3224953.00000000,7895661.67070000,0
1741112100000000,2.45910000,2.46020000,2.44250000,2.45330000,3052442.00000000,1741112999999999,7480663.11390000,23515,1568793.00000000,3844897.48040000,0
1741113000000000,2.45330000,2.45980000,2.44210000,2.45230000,3259859.00000000,1741113899999999,7994238.27210000,18368,1452363.00000000,3562258.11030000,0
1741113900000000,2.45210000,2.49540000,2.45000000,2.49390000,6655477.00000000,1741114799999999,16496759.46110000,37993,3633524.00000000,9003243.60230000,0
1741114800000000,2.49380000,2.52000000,2.47580000,2.51350000,11572825.00000000,1741115699999999,28973215.79340000,86777,6550588.00000000,16404181.74070000,0
1741115700000000,2.51350000,2.51650000,2.48700000,2.48750000,6648378.00000000,1741116599999999,16635478.41660000,43035,3587516.00000000,8977594.38130000,0
1741116600000000,2.48750000,2.50120000,2.47230000,2.50000000,4599111.00000000,1741117499999999,11428349.19660000,37366,2144442.00000000,5332087.47450000,0
1741117500000000,2.49990000,2.50850000,2.49000000,2.49430000,3877026.00000000,1741118399999999,9691445.05910000,24427,1741728.00000000,4353543.22060000,0
1741118400000000,2.49430000,2.50340000,2.48060000,2.48850000,3020383.00000000,1741119299999999,7520449.44510000,24115,1271305.00000000,3165797.33460000,0
1741119300000000,2.48850000,2.50620000,2.48450000,2.49550000,3690940.00000000,1741120199999999,9217169.96540000,30219,1587545.00000000,3964863.50740000,0
1741120200000000,2.49550000,2.49720000,2.47180000,2.47930000,3651784.00000000,1741121099999999,9052882.48250000,23706,1431819.00000000,3549777.26150000,0
1741121100000000,2.47940000,2.48190000,2.43450000,2.43830000,7906603.00000000,1741121999999999,19409227.58170000,33500,2658854.00000000,6529301.30520000,0
1741122000000000,2.43830000,2.45440000,2.42730000,2.44870000,4737897.00000000,1741122899999999,11569030.50980000,28999,2074189.00000000,5067190.36830000,0
1741122900000000,2.44870000,2.53880000,2.44870000,2.52160000,7685704.00000000,1741123799999999,19186259.06360000,53912,4293200.00000000,10705222.24110000,0
1741123800000000,2.52150000,2.52170000,2.47380000,2.49280000,5513604.00000000,1741124699999999,13764922.95440000,49954,2522024.00000000,6296644.90230000,0
1741124700000000,2.49290000,2.49540000,2.46680000,2.47370000,2563492.00000000,1741125599999999,6359164.49760000,25423,1088310.00000000,2700631.72780000,0
1741125600000000,2.47370000,2.48610000,2.46530000,2.48520000,2454461.00000000,1741126499999999,6076882.99660000,24331,1239508.00000000,3067884.09800000,0
1741126500000000,2.48510000,2.48940000,2.47360000,2.47970000,2148415.00000000,1741127399999999,5330818.85900000,13226,1017710.00000000,2525665.41470000,0
1741127400000000,2.47970000,2.48850000,2.47300000,2.47830000,1545527.00000000,1741128299999999,3833704.87440000,15611,669420.00000000,1660422.80160000,0
1741128300000000,2.47830000,2.48200000,2.44790000,2.44970000,2174852.00000000,1741129199999999,5354861.94510000,20746,944695.00000000,2326299.18790000,0
1741129200000000,2.44960000,2.47000000,2.44890000,2.46740000,1518227.00000000,1741130099999999,3736899.82970000,18059,879538.00000000,2164691.21250000,0
1741130100000000,2.46730000,2.47060000,2.45000000,2.46400000,1936755.00000000,1741130999999999,4763876.19280000,15117,779010.00000000,1917440.22350000,0
1741131000000000,2.46400000,2.46590000,2.45490000,2.45850000,1023038.00000000,1741131899999999,2516409.19770000,8839,362671.00000000,891846.42670000,0
1741131900000000,2.45840000,2.46280000,2.45020000,2.45430000,1057004.00000000,1741132799999999,2595992.93520000,8112,417387.00000000,1025137.76030000,0
1741132800000000,2.45420000,2.47430000,2.44130000,2.45920000,2885444.00000000,1741133699999999,7089749.27090000,24079,1229943.00000000,3023498.64470000,0
1741133700000000,2.45910000,2.46720000,2.44520000,2.46580000,2042250.00000000,1741134599999999,5018578.74160000,24009,936322.00000000,2301827.96460000,0
1741134600000000,2.46570000,2.47290000,2.43840000,2.44700000,2256994.00000000,1741135499999999,5536738.96380000,20558,1078470.00000000,2646085.46320000,0
1741135500000000,2.44690000,2.45440000,2.43480000,2.44510000,1767267.00000000,1741136399999999,4314188.59430000,17142,733486.00000000,1790778.42440000,0
1741136400000000,2.44500000,2.45290000,2.43350000,2.45070000,1743924.00000000,1741137299999999,4256681.66390000,17101,754753.00000000,1842690.27920000,0
1741137300000000,2.45070000,2.47340000,2.44810000,2.46380000,1520481.00000000,1741138199999999,3738506.81820000,12928,878090.00000000,2159955.96870000,0
1741138200000000,2.46380000,2.48510000,2.45620000,2.47750000,2739296.00000000,1741139099999999,6773432.57840000,23450,1359965.00000000,3362791.03620000,0
1741139100000000,2.47750000,2.49600000,2.46990000,2.49590000,1799126.00000000,1741139999999999,4465883.50150000,17131,1094963.00000000,2718632.00850000,0
1741140000000000,2.49600000,2.49810000,2.47900000,2.48890000,2174797.00000000,1741140899999999,5409144.24110000,23345,1125807.00000000,2799978.02130000,0
1741140900000000,2.48890000,2.54090000,2.48070000,2.50120000,4947781.00000000,1741141799999999,12425428.65290000,59381,2777320.00000000,6976121.50470000,0
1741141800000000,2.50110000,2.51820000,2.48740000,2.51130000,3139827.00000000,1741142699999999,7857657.27430000,33822,1579639.00000000,3954161.93660000,0
1741142700000000,2.51120000,2.52980000,2.50460000,2.50760000,4888700.00000000,1741143599999999,12314401.22780000,46049,2657169.00000000,6693133.33280000,0
1741143600000000,2.50760000,2.51950000,2.49820000,2.51530000,2279998.00000000,1741144499999999,5725009.93520000,32013,1144456.00000000,2874554.20410000,0
1741144500000000,2.51540000,2.52380000,2.50680000,2.51200000,1845662.00000000,1741145399999999,4643207.05950000,16218,1087659.00000000,2736841.54710000,0
1741145400000000,2.51200000,2.51410000,2.47950000,2.48010000,2930896.00000000,1741146299999999,7309089.06980000,18350,913491.00000000,2279743.31900000,0
1741146300000000,2.48010000,2.48800000,2.43740000,2.43910000,4432271.00000000,1741147199999999,10936283.07730000,34627,1779200.00000000,4395668.55060000,0
1741147200000000,2.43910000,2.45960000,2.43420000,2.44270000,9925064.00000000,1741148099999999,24292977.14590000,67025,3598176.00000000,8807796.04680000,0
1741148100000000,2.44260000,2.45430000,2.42870000,2.44200000,5527201.00000000,1741148999999999,13493413.08050000,33499,2265868.00000000,5536449.85700000,0
1741149000000000,2.44210000,2.45340000,2.44160000,2.45300000,1587398.00000000,1741149899999999,3888338.93360000,14169,1094443.00000000,2680886.34370000,0
1741149900000000,2.45300000,2.45850000,2.44740000,2.45220000,1286318.00000000,1741150799999999,3154172.47050000,8627,844587.00000000,2071079.87100000,0
1741150800000000,2.45210000,2.45710000,2.44090000,2.45140000,1524032.00000000,1741151699999999,3732114.57810000,10281,877643.00000000,2149798.91930000,0
1741151700000000,2.45120000,2.45240000,2.43770000,2.43980000,1348259.00000000,1741152599999999,3295848.51090000,8730,740018.00000000,1808979.46760000,0
1741152600000000,2.43970000,2.44970000,2.43160000,2.43160000,1286347.00000000,1741153499999999,3140343.30270000,10080,798056.00000000,1948649.05460000,0
1741153500000000,2.43160000,2.44330000,2.43040000,2.43200000,1697490.00000000,1741154399999999,4136696.02930000,10925,887124.00000000,2161831.44930000,0
1741154400000000,2.43200000,2.43240000,2.40800000,2.42550000,3687165.00000000,1741155299999999,8920875.42700000,28396,1543647.00000000,3736109.65140000,0
1741155300000000,2.42540000,2.43290000,2.42210000,2.43050000,2188174.00000000,1741156199999999,5314243.21950000,19062,1433063.00000000,3480423.54980000,0
1741156200000000,2.43050000,2.44700000,2.42900000,2.43890000,2964897.00000000,1741157099999999,7227823.67340000,15017,2017435.00000000,4917647.03500000,0
1741157100000000,2.43880000,2.44810000,2.43770000,2.44280000,2677860.00000000,1741157999999999,6540455.79910000,16275,1678558.00000000,4099727.92650000,0
1741158000000000,2.44290000,2.45500000,2.44160000,2.44330000,1973741.00000000,1741158899999999,4830447.91630000,20101,1005261.00000000,2460202.08570000,0
1741158900000000,2.44330000,2.44400000,2.43170000,2.43910000,1427324.00000000,1741159799999999,3478438.72270000,13071,566855.00000000,1381514.96460000,0
1741159800000000,2.43910000,2.44540000,2.43160000,2.44420000,1237649.00000000,1741160699999999,3018909.82830000,15656,657629.00000000,1604160.74430000,0
1741160700000000,2.44420000,2.45450000,2.43870000,2.44730000,1312154.00000000,1741161599999999,3212845.84870000,12452,734384.00000000,1798548.88730000,0
1741161600000000,2.44720000,2.46350000,2.44500000,2.46260000,2379401.00000000,1741162499999999,5840004.70550000,22161,1500890.00000000,3684599.58030000,0
1741162500000000,2.46260000,2.47200000,2.45440000,2.45860000,2074402.00000000,1741163399999999,5110644.03250000,20292,1192072.00000000,2936302.82290000,0
1741163400000000,2.45870000,2.48400000,2.45500000,2.48100000,3664327.00000000,1741164299999999,9062409.90850000,22283,2429900.00000000,6008319.05400000,0
1741164300000000,2.48100000,2.49590000,2.47610000,2.48370000,2616299.00000000,1741165199999999,6502415.44520000,20875,1326173.00000000,3297376.48980000,0
1741165200000000,2.48380000,2.50800000,2.47710000,2.49910000,2510070.00000000,1741166099999999,6255389.85400000,23353,1170242.00000000,2917438.25140000,0
1741166100000000,2.49910000,2.51480000,2.48940000,2.50540000,3938993.00000000,1741166999999999,9860993.91250000,31415,2135774.00000000,5350162.67650000,0
1741167000000000,2.50540000,2.50830000,2.48480000,2.49710000,3296309.00000000,1741167899999999,8226382.62490000,23034,1368708.00000000,3415772.78360000,0
1741167900000000,2.49720000,2.49800000,2.48660000,2.49080000,1876548.00000000,1741168799999999,4674598.84740000,13029,809561.00000000,2016849.67030000,0
1741168800000000,2.49070000,2.50310000,2.48670000,2.49360000,1851305.00000000,1741169699999999,4616089.51800000,12807,712305.00000000,1777220.52950000,0
1741169700000000,2.49350000,2.52440000,2.49250000,2.51860000,3325143.00000000,1741170599999999,8350340.74520000,27456,1764360.00000000,4430048.55520000,0
1741170600000000,2.51870000,2.53990000,2.51400000,2.52160000,7288928.00000000,1741171499999999,18434810.55060000,58536,4319607.00000000,10926911.83110000,0
1741171500000000,2.52170000,2.52360000,2.50410000,2.51250000,4395205.00000000,1741172399999999,11051321.16540000,31525,1941798.00000000,4881861.93510000,0
1741172400000000,2.51250000,2.51470000,2.50190000,2.51060000,2404928.00000000,1741173299999999,6034033.78060000,21981,1554913.00000000,3901781.59970000,0
1741173300000000,2.51050000,2.51500000,2.49600000,2.49790000,2563795.00000000,1741174199999999,6421678.50500000,18234,896068.00000000,2246147.53550000,0
1741174200000000,2.49790000,2.50510000,2.49270000,2.50090000,1765915.00000000,1741175099999999,4413144.95660000,20192,841667.00000000,2104228.21450000,0
1741175100000000,2.50090000,2.50350000,2.46740000,2.47910000,3549207.00000000,1741175999999999,8818355.73820000,26605,1173542.00000000,2917114.54860000,0
1741176000000000,2.47920000,2.49190000,2.47640000,2.48730000,2421294.00000000,1741176899999999,6017272.55490000,21722,1274584.00000000,3168333.20740000,0
1741176900000000,2.48720000,2.49190000,2.47530000,2.49180000,2205439.00000000,1741177799999999,5477761.01540000,19867,1302520.00000000,3236471.05160000,0
1741177800000000,2.49180000,2.50790000,2.48540000,2.48790000,3827736.00000000,1741178699999999,9564388.59760000,22716,2263638.00000000,5656760.27990000,0
1741178700000000,2.48790000,2.48870000,2.46680000,2.48640000,3494958.00000000,1741179599999999,8662847.59980000,16710,1688238.00000000,4184232.23170000,0
1741179600000000,2.48640000,2.49810000,2.47860000,2.47860000,2676917.00000000,1741180499999999,6667744.55360000,18273,1286546.00000000,3204432.80500000,0
1741180500000000,2.47860000,2.49400000,2.47210000,2.48810000,2680558.00000000,1741181399999999,6653773.61410000,21867,1398348.00000000,3470445.44580000,0
1741181400000000,2.48810000,2.49120000,2.45850000,2.45910000,5183824.00000000,1741182299999999,12833955.07800000,25193,2156271.00000000,5344724.00660000,0
1741182300000000,2.45900000,2.47100000,2.44620000,2.46830000,9717503.00000000,1741183199999999,23890941.40260000,39055,5582678.00000000,13725430.46760000,0
1741183200000000,2.46820000,2.47830000,2.46620000,2.47610000,2226897.00000000,1741184099999999,5508489.05280000,14151,1214770.00000000,3005344.95120000,0
1741184100000000,2.47620000,2.47990000,2.46240000,2.47870000,1199778.00000000,1741184999999999,2965241.13020000,13062,542245.00000000,1340184.56630000,0
1741185000000000,2.47860000,2.49650000,2.44920000,2.47770000,6045320.00000000,1741185899999999,14932655.24670000,62441,2730851.00000000,6747422.42470000,0
1741185900000000,2.47760000,2.48550000,2.44820000,2.45320000,4634913.00000000,1741186799999999,11432359.24920000,55213,2178099.00000000,5376928.91890000,0
1741186800000000,2.45320000,2.49000000,2.45100000,2.45530000,6437352.00000000,1741187699999999,15893279.54330000,69184,3416299.00000000,8436100.62210000,0
1741187700000000,2.45530000,2.45780000,2.41880000,2.42870000,8048265.00000000,1741188599999999,19632684.42800000,70399,3508610.00000000,8565215.22330000,0
1741188600000000,2.42880000,2.45020000,2.42360000,2.44650000,3521495.00000000,1741189499999999,8595441.84460000,39272,1532993.00000000,3741296.01680000,0
1741189500000000,2.44650000,2.45440000,2.43250000,2.44810000,2086111.00000000,1741190399999999,5103084.87260000,20099,981549.00000000,2401835.83160000,0
1741190400000000,2.44810000,2.46420000,2.43520000,2.44610000,2546136.00000000,1741191299999999,6236115.12830000,21905,1324969.00000000,3244734.64270000,0
1741191300000000,2.44620000,2.45890000,2.42620000,2.43860000,3186105.00000000,1741192199999999,7789898.23900000,31877,1714079.00000000,4192452.84990000,0
1741192200000000,2.43870000,2.45140000,2.42590000,2.44440000,1699132.00000000,1741193099999999,4144837.45070000,17817,877698.00000000,2141449.59340000,0
1741193100000000,2.44450000,2.48070000,2.44350000,2.46690000,2759612.00000000,1741193999999999,6800674.49020000,23073,1725665.00000000,4254305.60930000,0
1741194000000000,2.46690000,2.48010000,2.46400000,2.47350000,2330402.00000000,1741194899999999,5761533.90510000,22677,1276718.00000000,3156965.96630000,0
1741194900000000,2.47350000,2.49350000,2.47090000,2.49200000,2196268.00000000,1741195799999999,5449406.11120000,17774,1208834.00000000,2999726.37190000,0
1741195800000000,2.49200000,2.50640000,2.47430000,2.48050000,2826617.00000000,1741196699999999,7048095.08410000,26845,1397279.00000000,3485254.29470000,0
1741196700000000,2.48050000,2.49030000,2.46230000,2.48900000,3032504.00000000,1741197599999999,7512557.14350000,23087,1442056.00000000,3574361.54220000,0
1741197600000000,2.48900000,2.49330000,2.46810000,2.48210000,2355428.00000000,1741198499999999,5844543.10530000,26328,900301.00000000,2235097.74490000,0
1741198500000000,2.48210000,2.49340000,2.47710000,2.49090000,1043056.00000000,1741199399999999,2594026.12860000,10184,507872.00000000,1263018.80150000,0
1741199400000000,2.49090000,2.49470000,2.48010000,2.48950000,957905.00000000,1741200299999999,2384461.18900000,10253,540710.00000000,1346187.38990000,0
1741200300000000,2.48940000,2.50600000,2.48500000,2.50220000,1711869.00000000,1741201199999999,4277356.47420000,11584,928047.00000000,2318860.48790000,0
1741201200000000,2.50220000,2.51430000,2.49550000,2.50630000,2671221.00000000,1741202099999999,6694800.00640000,20214,1398612.00000000,3506829.98200000,0
1741202100000000,2.50630000,2.51730000,2.50130000,2.50680000,1741753.00000000,1741202999999999,4369871.35150000,16974,1017855.00000000,2553930.96060000,0
1741203000000000,2.50690000,2.50970000,2.49350000,2.50040000,2320628.00000000,1741203899999999,5801662.22220000,10887,833553.00000000,2084646.74940000,0
1741203900000000,2.50050000,2.50340000,2.49440000,2.49660000,1316135.00000000,1741204799999999,3289772.70910000,8504,688632.00000000,1721403.95310000,0
1741204800000000,2.49660000,2.50550000,2.49630000,2.50190000,1231025.00000000,1741205699999999,3078946.87590000,7736,440283.00000000,1101327.42510000,0
1741205700000000,2.50190000,2.50200000,2.48870000,2.49700000,1639853.00000000,1741206599999999,4091667.46310000,10753,691914.00000000,1726566.24660000,0
1741206600000000,2.49690000,2.51050000,2.49340000,2.51030000,1122210.00000000,1741207499999999,2810105.08490000,9416,579181.00000000,1450324.65850000,0
1741207500000000,2.51020000,2.51320000,2.50180000,2.50360000,1152507.00000000,1741208399999999,2890848.53110000,9914,588825.00000000,1476745.41660000,0
1741208400000000,2.50360000,2.51260000,2.49680000,2.50240000,1312762.00000000,1741209299999999,3286530.58050000,9383,572840.00000000,1434495.07830000,0
1741209300000000,2.50250000,2.50530000,2.49080000,2.49720000,891651.00000000,1741210199999999,2226931.57820000,7221,337172.00000000,842165.33870000,0
1741210200000000,2.49720000,2.49720000,2.48830000,2.49500000,829997.00000000,1741211099999999,2069311.69790000,6809,481734.00000000,1201140.37750000,0
1741211100000000,2.49500000,2.50510000,2.49240000,2.49980000,1282354.00000000,1741211999999999,3205652.19690000,8336,645101.00000000,1612588.74360000,0
1741212000000000,2.49980000,2.50450000,2.49750000,2.50270000,893364.00000000,1741212899999999,2234349.14830000,5664,462118.00000000,1155644.94460000,0
1741212900000000,2.50260000,2.50550000,2.49360000,2.49400000,971563.00000000,1741213799999999,2428382.51020000,3994,468405.00000000,1171151.05500000,0
1741213800000000,2.49410000,2.50140000,2.49400000,2.49990000,1261469.00000000,1741214699999999,3151803.22470000,7002,414822.00000000,1036308.56810000,0
1741214700000000,2.50000000,2.51240000,2.49870000,2.50930000,960399.00000000,1741215599999999,2407136.93800000,8062,544007.00000000,1363474.35590000,0
1741215600000000,2.50930000,2.51500000,2.50150000,2.50220000,2174084.00000000,1741216499999999,5456422.24380000,14715,744444.00000000,1868501.02110000,0
1741216500000000,2.50210000,2.50530000,2.49600000,2.50040000,1164995.00000000,1741217399999999,2912669.55420000,8136,498832.00000000,1246957.12370000,0
1741217400000000,2.50050000,2.51080000,2.49990000,2.50920000,1338932.00000000,1741218299999999,3352175.80700000,8215,506143.00000000,1267593.37790000,0
1741218300000000,2.50920000,2.51130000,2.49830000,2.49980000,1029109.00000000,1741219199999999,2576243.29270000,11176,504121.00000000,1262118.76760000,0
1741219200000000,2.49980000,2.51030000,2.49070000,2.49820000,1525043.00000000,1741220099999999,3811492.73850000,12387,758898.00000000,1897818.66700000,0
1741220100000000,2.49820000,2.50480000,2.48190000,2.49130000,1914119.00000000,1741220999999999,4765499.28370000,14289,964520.00000000,2401659.11010000,0
1741221000000000,2.49130000,2.49220000,2.47570000,2.47760000,2955141.00000000,1741221899999999,7331799.39600000,19297,1109474.00000000,2752896.25250000,0
1741221900000000,2.47760000,2.48320000,2.47070000,2.47490000,1263990.00000000,1741222799999999,3129675.43230000,16106,558150.00000000,1382255.01950000,0
1741222800000000,2.47480000,2.48960000,2.47400000,2.48930000,1186167.00000000,1741223699999999,2941411.60240000,8639,861452.00000000,2136143.76640000,0
1741223700000000,2.48940000,2.49360000,2.48290000,2.48850000,1079560.00000000,1741224599999999,2687390.16260000,5968,673011.00000000,1675709.67070000,0
1741224600000000,2.48840000,2.51060000,2.48030000,2.50900000,1731659.00000000,1741225499999999,4326912.43790000,10321,742111.00000000,1853172.56290000,0
1741225500000000,2.50900000,2.54840000,2.50250000,2.51490000,7581951.00000000,1741226399999999,19162426.40730000,61834,4921650.00000000,12435288.16010000,0
1741226400000000,2.51480000,2.52590000,2.50500000,2.52380000,3180362.00000000,1741227299999999,8005185.35340000,30563,1890045.00000000,4757387.00010000,0
1741227300000000,2.52360000,2.52860000,2.50840000,2.51220000,1627193.00000000,1741228199999999,4096144.47040000,14864,861306.00000000,2167749.15560000,0
1741228200000000,2.51210000,2.51350000,2.50010000,2.50660000,1647358.00000000,1741229099999999,4127286.02620000,9335,796934.00000000,1996729.58590000,0
1741229100000000,2.50660000,2.52750000,2.50660000,2.52310000,1751141.00000000,1741229999999999,4409548.93520000,11631,1034486.00000000,2604843.50840000,0
1741230000000000,2.52310000,2.53110000,2.51650000,2.51930000,2374298.00000000,1741230899999999,5987176.05570000,15065,1405356.00000000,3543693.11800000,0
1741230900000000,2.51940000,2.52670000,2.51530000,2.52520000,1573225.00000000,1741231799999999,3967955.60860000,10331,946665.00000000,2387778.07070000,0
1741231800000000,2.52520000,2.52640000,2.51570000,2.51780000,1378651.00000000,1741232699999999,3473638.19660000,7948,805338.00000000,2028927.12840000,0
1741232700000000,2.51770000,2.51870000,2.50880000,2.51330000,1094474.00000000,1741233599999999,2749501.07250000,7365,589495.00000000,1480658.94170000,0
1741233600000000,2.51330000,2.51850000,2.50750000,2.51690000,1310968.00000000,1741234499999999,3293200.77170000,7552,648423.00000000,1629225.22270000,0
1741234500000000,2.51690000,2.51780000,2.50570000,2.51140000,1046270.00000000,1741235399999999,2628248.31180000,5375,559679.00000000,1405744.54130000,0
1741235400000000,2.51140000,2.52920000,2.51100000,2.52510000,2670459.00000000,1741236299999999,6730403.64170000,10463,1991629.00000000,5019157.00810000,0
1741236300000000,2.52510000,2.53630000,2.52040000,2.53060000,2434337.00000000,1741237199999999,6156737.04940000,13970,1488993.00000000,3766102.70710000,0
1741237200000000,2.53060000,2.53720000,2.52420000,2.52530000,1541631.00000000,1741238099999999,3902423.71550000,11118,857451.00000000,2170871.35910000,0
1741238100000000,2.52530000,2.55490000,2.52530000,2.54200000,3684531.00000000,1741238999999999,9366366.35760000,26564,2077749.00000000,5281302.37320000,0
1741239000000000,2.54200000,2.54380000,2.53300000,2.53650000,2291592.00000000,1741239899999999,5816860.82440000,13765,1407273.00000000,3572088.45530000,0
1741239900000000,2.53650000,2.53740000,2.51730000,2.52500000,3192747.00000000,1741240799999999,8063619.62830000,16554,1459023.00000000,3684804.00730000,0
1741240800000000,2.52510000,2.52680000,2.51330000,2.51590000,1565136.00000000,1741241699999999,3943039.21690000,11887,749609.00000000,1888491.97260000,0
1741241700000000,2.51600000,2.52220000,2.50910000,2.52050000,1945479.00000000,1741242599999999,4893984.75460000,11404,684855.00000000,1723214.49280000,0
1741242600000000,2.52050000,2.52050000,2.50520000,2.50530000,2412758.00000000,1741243499999999,6063447.52700000,12642,1083427.00000000,2721903.69580000,0
1741243500000000,2.50540000,2.50870000,2.50130000,2.50210000,2086864.00000000,1741244399999999,5229317.03760000,10101,1102160.00000000,2761870.36710000,0
1741244400000000,2.50220000,2.51340000,2.50070000,2.50500000,1485027.00000000,1741245299999999,3721367.48690000,10129,893206.00000000,2238615.79310000,0
1741245300000000,2.50500000,2.50770000,2.50150000,2.50390000,1352271.00000000,1741246199999999,3386151.03080000,8303,631301.00000000,1580751.38410000,0
1741246200000000,2.50380000,2.51400000,2.50300000,2.51160000,1488526.00000000,1741247099999999,3734575.98920000,12310,927843.00000000,2327769.56180000,0
1741247100000000,2.51150000,2.51750000,2.50970000,2.51230000,1133962.00000000,1741247999999999,2850562.99560000,8163,488582.00000000,1228152.04230000,0
1741248000000000,2.51230000,2.54450000,2.51030000,2.53150000,3436667.00000000,1741248899999999,8687339.28480000,27578,1903617.00000000,4807783.39980000,0
1741248900000000,2.53140000,2.55540000,2.52950000,2.54080000,4916857.00000000,1741249799999999,12513269.97610000,22352,2857389.00000000,7275514.78430000,0
1741249800000000,2.54070000,2.57740000,2.53430000,2.56760000,6263759.00000000,1741250699999999,16038586.21690000,34250,4136800.00000000,10589528.84460000,0
1741250700000000,2.56760000,2.59300000,2.55820000,2.56540000,6153728.00000000,1741251599999999,15863668.86200000,49627,3027648.00000000,7806177.57660000,0
1741251600000000,2.56540000,2.56640000,2.53590000,2.55230000,5248369.00000000,1741252499999999,13380056.05520000,33834,2462717.00000000,6279183.66980000,0
1741252500000000,2.55220000,2.57810000,2.55170000,2.56410000,3401290.00000000,1741253399999999,8739599.10340000,25278,1520313.00000000,3905626.56230000,0
1741253400000000,2.56400000,2.58980000,2.55930000,2.58470000,3766447.00000000,1741254299999999,9708245.00970000,25226,2159613.00000000,5565292.41220000,0
1741254300000000,2.58480000,2.59180000,2.57230000,2.57370000,2734018.00000000,1741255199999999,7055787.85670000,20285,1123190.00000000,2900278.36540000,0
1741255200000000,2.57380000,2.60890000,2.56880000,2.60860000,3126689.00000000,1741256099999999,8101652.35850000,26008,1791000.00000000,4642774.35790000,0
1741256100000000,2.60860000,2.64610000,2.60460000,2.63780000,10319157.00000000,1741256999999999,27142181.37110000,77325,5885326.00000000,15480272.57480000,0
1741257000000000,2.63780000,2.63790000,2.61670000,2.61870000,3793689.00000000,1741257899999999,9956521.02790000,31475,1776703.00000000,4662577.91800000,0
1741257900000000,2.61880000,2.63820000,2.61730000,2.63130000,4920738.00000000,1741258799999999,12943822.99750000,24650,3199884.00000000,8417077.14030000,0
1741258800000000,2.63140000,2.64060000,2.60800000,2.62940000,3843074.00000000,1741259699999999,10074754.20450000,35103,1708719.00000000,4480923.03180000,0
1741259700000000,2.62950000,2.63200000,2.61600000,2.62070000,1740146.00000000,1741260599999999,4565353.76680000,18698,764073.00000000,2004893.13410000,0
1741260600000000,2.62070000,2.63000000,2.60900000,2.61800000,2652516.00000000,1741261499999999,6951609.95030000,21040,1220868.00000000,3201133.35510000,0
1741261500000000,2.61810000,2.62000000,2.60630000,2.61100000,1330910.00000000,1741262399999999,3478232.46150000,13722,416992.00000000,1090364.65470000,0
1741262400000000,2.61110000,2.61740000,2.58290000,2.59230000,4257102.00000000,1741263299999999,11047998.47440000,30108,1639350.00000000,4253505.57400000,0
1741263300000000,2.59230000,2.59410000,2.56680000,2.58580000,4774122.00000000,1741264199999999,12304464.76180000,33149,2052520.00000000,5293063.30240000,0
1741264200000000,2.58580000,2.60250000,2.58450000,2.58980000,2864917.00000000,1741265099999999,7425779.46330000,27547,1544286.00000000,4002784.70480000,0
1741265100000000,2.58970000,2.59460000,2.56710000,2.57910000,5309752.00000000,1741265999999999,13694853.21030000,33782,2344562.00000000,6049954.00110000,0
1741266000000000,2.57920000,2.59440000,2.57320000,2.59340000,2905204.00000000,1741266899999999,7509892.95930000,21472,1751807.00000000,4530071.02390000,0
1741266900000000,2.59340000,2.59970000,2.57260000,2.58950000,2605796.00000000,1741267799999999,6741192.29370000,22273,1096927.00000000,2838705.55160000,0
1741267800000000,2.58950000,2.62590000,2.58910000,2.61800000,4753282.00000000,1741268699999999,12420827.79620000,36919,2631283.00000000,6875403.83580000,0
1741268700000000,2.61790000,2.61870000,2.58080000,2.59120000,3815126.00000000,1741269599999999,9938612.24890000,30164,1426775.00000000,3723044.45370000,0
1741269600000000,2.59130000,2.60230000,2.57610000,2.58380000,3551266.00000000,1741270499999999,9192624.22530000,35941,1878485.00000000,4863737.54100000,0
1741270500000000,2.58390000,2.61110000,2.57800000,2.60000000,2254893.00000000,1741271399999999,5854348.52970000,20793,1359040.00000000,3528129.67430000,0
1741271400000000,2.59990000,2.61520000,2.54640000,2.55870000,9164407.00000000,1741272299999999,23517676.61150000,87795,4044493.00000000,10382225.95240000,0
1741272300000000,2.55860000,2.60000000,2.55770000,2.58200000,5740892.00000000,1741273199999999,14826168.78830000,42865,3029814.00000000,7828850.36130000,0
1741273200000000,2.58200000,2.62870000,2.57700000,2.60420000,6505346.00000000,1741274099999999,16966902.57700000,53123,3511769.00000000,9156329.07930000,0
1741274100000000,2.60410000,2.62500000,2.59790000,2.61050000,3634365.00000000,1741274999999999,9494005.39120000,26489,1898277.00000000,4962128.41950000,0
1741275000000000,2.61040000,2.64000000,2.60060000,2.62370000,5104499.00000000,1741275899999999,13399341.50090000,32719,3479182.00000000,9132335.46250000,0
1741275900000000,2.62370000,2.62730000,2.61250000,2.62220000,3264426.00000000,1741276799999999,8551536.89280000,27017,1207559.00000000,3163437.39170000,0
1741276800000000,2.62220000,2.63920000,2.61460000,2.61500000,3928624.00000000,1741277699999999,10316047.68550000,32474,1771936.00000000,4653816.52760000,0
1741277700000000,2.61490000,2.62520000,2.60330000,2.61600000,6355822.00000000,1741278599999999,16599469.03310000,37463,4223639.00000000,11029954.21900000,0
1741278600000000,2.61590000,2.62880000,2.59930000,2.60250000,3251211.00000000,1741279499999999,8484341.33140000,35411,1380822.00000000,3606495.59220000,0
1741279500000000,2.60260000,2.61720000,2.56920000,2.57500000,4584643.00000000,1741280399999999,11862993.12790000,34529,1657912.00000000,4289581.30290000,0
1741280400000000,2.57490000,2.58000000,2.55190000,2.57300000,6795027.00000000,1741281299999999,17425007.26190000,58820,3419941.00000000,8771551.85580000,0
1741281300000000,2.57310000,2.58230000,2.56510000,2.56990000,2739845.00000000,1741282199999999,7054290.54980000,26134,1291720.00000000,3327045.13590000,0
1741282200000000,2.57000000,2.57580000,2.52860000,2.54410000,7620797.00000000,1741283099999999,19412434.39670000,41385,3318830.00000000,8454064.92940000,0
1741283100000000,2.54420000,2.55680000,2.52650000,2.55030000,3871958.00000000,1741283999999999,9826839.51790000,31292,1871354.00000000,4752099.52490000,0
1741284000000000,2.55030000,2.56870000,2.54950000,2.56710000,3449108.00000000,1741284899999999,8833652.73010000,16318,2205908.00000000,5648657.41920000,0
1741284900000000,2.56710000,2.57910000,2.56050000,2.56820000,2798609.00000000,1741285799999999,7192360.65540000,17322,1612620.00000000,4143471.03590000,0
1741285800000000,2.56820000,2.58330000,2.55880000,2.56930000,2762400.00000000,1741286699999999,7100279.53850000,23366,1496706.00000000,3847887.31310000,0
1741286700000000,2.56930000,2.57280000,2.55760000,2.56740000,1413726.00000000,1741287599999999,3627998.78200000,13681,587741.00000000,1508841.74970000,0
1741287600000000,2.56730000,2.57090000,2.55000000,2.55850000,1666536.00000000,1741288499999999,4261474.29040000,9575,667939.00000000,1708668.67330000,0
1741288500000000,2.55850000,2.57750000,2.55360000,2.56830000,1545891.00000000,1741289399999999,3963823.14540000,13500,706773.00000000,1813102.85850000,0
1741289400000000,2.56830000,2.59500000,2.55500000,2.58640000,2362553.00000000,1741290299999999,6092072.17020000,19153,1403145.00000000,3619710.23000000,0
1741290300000000,2.58630000,2.61130000,2.58290000,2.58420000,3108379.00000000,1741291199999999,8076718.76040000,30918,1545753.00000000,4015598.02890000,0
1741291200000000,2.58430000,2.60750000,2.57850000,2.60630000,1902960.00000000,1741292099999999,4936372.75910000,19903,1253110.00000000,3252727.54670000,0
1741292100000000,2.60620000,2.61170000,2.59140000,2.60120000,1909466.00000000,1741292999999999,4970546.75100000,18357,919849.00000000,2395497.40160000,0
1741293000000000,2.60120000,2.60830000,2.58550000,2.58760000,1474379.00000000,1741293899999999,3827865.51820000,15365,535467.00000000,1391936.67960000,0
1741293900000000,2.58750000,2.60600000,2.58640000,2.59760000,1659720.00000000,1741294799999999,4316031.41190000,13708,1189876.00000000,3094647.84110000,0
1741294800000000,2.59820000,2.62160000,2.59720000,2.61460000,2264651.00000000,1741295699999999,5910066.05820000,14681,1351094.00000000,3527215.80310000,0
1741295700000000,2.61460000,2.62070000,2.60380000,2.60800000,1911888.00000000,1741296599999999,4991824.61820000,17018,992615.00000000,2592198.36720000,0
1741296600000000,2.60800000,2.60820000,2.59310000,2.59940000,2252045.00000000,1741297499999999,5853654.17290000,15982,958583.00000000,2492135.88720000,0
1741297500000000,2.59940000,2.60500000,2.59340000,2.60500000,1714763.00000000,1741298399999999,4457393.64230000,13125,994846.00000000,2585973.34070000,0
1741298400000000,2.60500000,2.62620000,2.60500000,2.61050000,4468661.00000000,1741299299999999,11694979.81070000,39739,2558679.00000000,6695260.74790000,0
1741299300000000,2.61040000,2.61300000,2.57560000,2.58410000,3574370.00000000,1741300199999999,9254831.95770000,24983,1126474.00000000,2916070.20610000,0
1741300200000000,2.58420000,2.59940000,2.57500000,2.59770000,1424136.00000000,1741301099999999,3688821.24830000,11436,820739.00000000,2125889.00250000,0
1741301100000000,2.59770000,2.60680000,2.59200000,2.59400000,1027956.00000000,1741301999999999,2673545.03120000,9330,635120.00000000,1652035.30590000,0
1741302000000000,2.59410000,2.59680000,2.57950000,2.59280000,1558544.00000000,1741302899999999,4035720.93620000,15995,709921.00000000,1838542.65370000,0
1741302900000000,2.59290000,2.60410000,2.59190000,2.60060000,1164386.00000000,1741303799999999,3025779.99320000,8543,494286.00000000,1284030.55000000,0
1741303800000000,2.60060000,2.61420000,2.59970000,2.60850000,1437216.00000000,1741304699999999,3748734.53260000,7310,503246.00000000,1312350.45860000,0
1741304700000000,2.60860000,2.60880000,2.59680000,2.60010000,1834389.00000000,1741305599999999,4771481.20530000,8452,886384.00000000,2305125.40410000,0
1741305600000000,2.60000000,2.62170000,2.57630000,2.57850000,4026795.00000000,1741306499999999,10475931.53590000,27477,1706031.00000000,4446081.00800000,0
1741306500000000,2.57850000,2.58170000,2.40980000,2.44240000,48366268.00000000,1741307399999999,120204940.45980000,309591,20771311.00000000,51579829.98900000,0
1741307400000000,2.44230000,2.46720000,2.42110000,2.42720000,14518575.00000000,1741308299999999,35481787.16740000,136520,7743867.00000000,18927715.05990000,0
1741308300000000,2.42710000,2.43570000,2.37370000,2.40860000,15790368.00000000,1741309199999999,37953609.57580000,132999,7818146.00000000,18805979.22330000,0
1741309200000000,2.40870000,2.44980000,2.39050000,2.44710000,14101944.00000000,1741310099999999,34125304.46720000,109591,8083523.00000000,19562742.89930000,0
1741310100000000,2.44700000,2.49500000,2.43520000,2.48030000,14236718.00000000,1741310999999999,35154732.32700000,107876,8194035.00000000,20236918.01550000,0
1741311000000000,2.48020000,2.50410000,2.45520000,2.49440000,7332202.00000000,1741311899999999,18172154.56860000,67910,3789480.00000000,9399724.38390000,0
1741311900000000,2.49440000,2.50280000,2.47670000,2.48570000,4469884.00000000,1741312799999999,11125753.88200000,33295,2402799.00000000,5981674.79100000,0
1741312800000000,2.48560000,2.49540000,2.47260000,2.48060000,2691132.00000000,1741313699999999,6680557.74120000,17872,1578139.00000000,3919510.62290000,0
1741313700000000,2.48050000,2.48440000,2.45750000,2.46630000,4096963.00000000,1741314599999999,10107930.89460000,27166,1878920.00000000,4634147.21270000,0
1741314600000000,2.46630000,2.52530000,2.46040000,2.50820000,5620009.00000000,1741315499999999,14011010.94610000,43381,3562500.00000000,8876899.13450000,0
1741315500000000,2.50830000,2.51560000,2.48400000,2.48440000,2366264.00000000,1741316399999999,5912437.20050000,20750,1146947.00000000,2867124.29780000,0
1741316400000000,2.48450000,2.50060000,2.48040000,2.49350000,2412415.00000000,1741317299999999,6006865.47420000,17315,1367339.00000000,3404873.59440000,0
1741317300000000,2.49340000,2.49550000,2.48180000,2.49080000,1923596.00000000,1741318199999999,4785226.77140000,13118,923380.00000000,2297019.72820000,0
1741318200000000,2.49080000,2.49790000,2.47560000,2.48750000,2283150.00000000,1741319099999999,5670361.64600000,16782,1163984.00000000,2890478.04950000,0
1741319100000000,2.48750000,2.48790000,2.46820000,2.47040000,3381163.00000000,1741319999999999,8374842.50120000,15371,1461824.00000000,3621426.29430000,0
1741320000000000,2.47040000,2.48280000,2.46700000,2.48160000,2437954.00000000,1741320899999999,6034849.93080000,17872,1350374.00000000,3343445.04240000,0
1741320900000000,2.48150000,2.49370000,2.47540000,2.49360000,1890275.00000000,1741321799999999,4695082.67410000,13599,1139239.00000000,2830106.36900000,0
1741321800000000,2.49360000,2.49740000,2.48630000,2.49100000,1597759.00000000,1741322699999999,3981930.96670000,11421,768628.00000000,1915671.62790000,0
1741322700000000,2.49100000,2.49270000,2.47950000,2.48360000,1581533.00000000,1741323599999999,3932678.12370000,13898,792789.00000000,1971737.00020000,0
1741323600000000,2.48360000,2.50410000,2.48140000,2.49590000,1862027.00000000,1741324499999999,4645340.35280000,13196,924804.00000000,2306956.19870000,0
1741324500000000,2.49600000,2.51110000,2.49310000,2.50300000,2752695.00000000,1741325399999999,6889847.20010000,18788,1031914.00000000,2582729.41890000,0
1741325400000000,2.50300000,2.51190000,2.49750000,2.51070000,2377739.00000000,1741326299999999,5951185.81820000,13158,1071751.00000000,2683789.07900000,0
1741326300000000,2.51070000,2.51860000,2.50190000,2.50540000,1794891.00000000,1741327199999999,4505454.16380000,14774,1036125.00000000,2600472.39750000,0
1741327200000000,2.50550000,2.50620000,2.48720000,2.49150000,2543437.00000000,1741328099999999,6345128.37080000,13191,1035092.00000000,2581454.80480000,0
1741328100000000,2.49160000,2.49550000,2.48250000,2.48510000,1730236.00000000,1741328999999999,4304433.68970000,11554,919043.00000000,2286416.08840000,0
1741329000000000,2.48520000,2.49220000,2.48250000,2.48790000,1646226.00000000,1741329899999999,4094915.96660000,11476,1024834.00000000,2549135.97090000,0
1741329900000000,2.48800000,2.50100000,2.48580000,2.48720000,1758921.00000000,1741330799999999,4385706.24200000,13235,1043677.00000000,2602675.96460000,0
1741330800000000,2.48710000,2.50080000,2.48190000,2.49460000,1504510.00000000,1741331699999999,3746327.39380000,12735,850214.00000000,2117096.60770000,0
1741331700000000,2.49460000,2.50980000,2.49040000,2.49420000,3203344.00000000,1741332599999999,8002879.13200000,15960,1776861.00000000,4440319.40530000,0
1741332600000000,2.49420000,2.49570000,2.48750000,2.49220000,1255667.00000000,1741333499999999,3127997.82250000,11886,694198.00000000,1729350.46980000,0
1741333500000000,2.49230000,2.50680000,2.49140000,2.50620000,1575904.00000000,1741334399999999,3940222.00960000,8788,994016.00000000,2485545.13890000,0
1741334400000000,2.50620000,2.50870000,2.49550000,2.50340000,1397408.00000000,1741335299999999,3494172.27180000,11766,642396.00000000,1606404.72390000,0
1741335300000000,2.50350000,2.50900000,2.49640000,2.50120000,1320210.00000000,1741336199999999,3303848.34080000,10446,665771.00000000,1666009.62570000,0
1741336200000000,2.50120000,2.50250000,2.49290000,2.50050000,1785200.00000000,1741337099999999,4460257.52430000,10711,684159.00000000,1709438.06870000,0
1741337100000000,2.50050000,2.51560000,2.49610000,2.51500000,1617007.00000000,1741337999999999,4056558.60240000,12387,810206.00000000,2033169.91230000,0
1741338000000000,2.51500000,2.53610000,2.51270000,2.53520000,2993818.00000000,1741338899999999,7565043.22870000,23603,1596157.00000000,4033883.82270000,0
1741338900000000,2.53520000,2.56680000,2.52690000,2.56600000,3390765.00000000,1741339799999999,8624685.63250000,28837,2114342.00000000,5380284.78220000,0
1741339800000000,2.56590000,2.56990000,2.54130000,2.54790000,3482980.00000000,1741340699999999,8893843.93710000,32396,1738223.00000000,4437758.83000000,0
1741340700000000,2.54790000,2.55190000,2.53660000,2.53990000,3072583.00000000,1741341599999999,7819184.20120000,26793,1132813.00000000,2881906.58600000,0
1741341600000000,2.54000000,2.55150000,2.53580000,2.53990000,2262758.00000000,1741342499999999,5756363.50140000,17586,1384869.00000000,3523773.72610000,0
1741342500000000,2.53990000,2.54800000,2.53750000,2.54310000,1239313.00000000,1741343399999999,3151252.76730000,13678,587128.00000000,1492695.56100000,0
1741343400000000,2.54310000,2.54520000,2.53170000,2.53260000,1290149.00000000,1741344299999999,3275076.42810000,13887,416073.00000000,1056237.92080000,0
1741344300000000,2.53270000,2.54900000,2.53270000,2.54110000,1851683.00000000,1741345199999999,4705958.64900000,17332,894983.00000000,2274148.90560000,0
1741345200000000,2.54110000,2.55550000,2.53200000,2.53860000,2365795.00000000,1741346099999999,6014707.69960000,21024,1189897.00000000,3025496.96680000,0
1741346100000000,2.53860000,2.54840000,2.53510000,2.53890000,1598626.00000000,1741346999999999,4062919.36320000,10664,789725.00000000,2006674.22880000,0
1741347000000000,2.53890000,2.54050000,2.52500000,2.53020000,3310907.00000000,1741347899999999,8381899.66810000,18117,1493727.00000000,3782011.30860000,0
1741347900000000,2.53020000,2.53270000,2.52000000,2.53020000,1710181.00000000,1741348799999999,4317828.05420000,14244,679077.00000000,1715000.40540000,0
1741348800000000,2.53030000,2.54190000,2.52430000,2.53680000,2600899.00000000,1741349699999999,6590265.68860000,17251,1592755.00000000,4035381.12810000,0
1741349700000000,2.53670000,2.53690000,2.52060000,2.52450000,1909275.00000000,1741350599999999,4821905.68330000,12219,783607.00000000,1978383.23410000,0
1741350600000000,2.52450000,2.52450000,2.49690000,2.50130000,4352293.00000000,1741351499999999,10921798.96460000,24029,1461677.00000000,3668091.96720000,0
1741351500000000,2.50130000,2.51490000,2.50110000,2.51060000,2096459.00000000,1741352399999999,5258235.80350000,16630,1064586.00000000,2669848.05810000,0
1741352400000000,2.51070000,2.52970000,2.50760000,2.51860000,2252863.00000000,1741353299999999,5672217.40330000,16985,1211272.00000000,3048971.66890000,0
1741353300000000,2.51860000,2.52170000,2.50660000,2.51830000,1989041.00000000,1741354199999999,5003255.80030000,19834,1044823.00000000,2628163.06440000,0
1741354200000000,2.51820000,2.55700000,2.50790000,2.54470000,10434293.00000000,1741355099999999,26511100.38720000,77951,5249791.00000000,13337536.10670000,0
1741355100000000,2.54470000,2.54720000,2.50550000,2.51300000,3308915.00000000,1741355999999999,8364580.19500000,35404,1368110.00000000,3458619.95060000,0
1741356000000000,2.51300000,2.53000000,2.51240000,2.52070000,1657204.00000000,1741356899999999,4178983.93680000,19803,933597.00000000,2354517.05610000,0
1741356900000000,2.52080000,2.52730000,2.49020000,2.50360000,2689165.00000000,1741357799999999,6745787.38010000,19196,1339107.00000000,3359764.20590000,0
1741357800000000,2.50360000,2.53290000,2.49400000,2.52220000,4566355.00000000,1741358699999999,11455948.64080000,37357,2532842.00000000,6356175.65620000,0
1741358700000000,2.52210000,2.55650000,2.52120000,2.53290000,8152242.00000000,1741359599999999,20737776.11900000,72094,3899020.00000000,9918231.81630000,0
1741359600000000,2.53290000,2.55500000,2.52740000,2.54190000,4184174.00000000,1741360499999999,10648811.71590000,29373,2104637.00000000,5356812.11320000,0
1741360500000000,2.54190000,2.54300000,2.50930000,2.51370000,4662307.00000000,1741361399999999,11775393.27310000,26211,1938551.00000000,4897181.34880000,0
1741361400000000,2.51360000,2.51390000,2.48320000,2.49910000,7219792.00000000,1741362299999999,18014604.43600000,54891,3444131.00000000,8592001.81590000,0
1741362300000000,2.49910000,2.52810000,2.49220000,2.50350000,5282412.00000000,1741363199999999,13249872.32080000,49954,2418861.00000000,6066911.77990000,0
1741363200000000,2.50350000,2.51020000,2.41140000,2.43480000,17528981.00000000,1741364099999999,43065770.07030000,102251,7614166.00000000,18700967.77320000,0
1741364100000000,2.43480000,2.44630000,2.40730000,2.42260000,12372218.00000000,1741364999999999,29996625.43480000,97155,6126481.00000000,14855240.05800000,0
1741365000000000,2.42260000,2.42790000,2.40920000,2.41220000,7491207.00000000,1741365899999999,18114188.42540000,44377,3791491.00000000,9167997.49060000,0
1741365900000000,2.41210000,2.43510000,2.38390000,2.43290000,10106855.00000000,1741366799999999,24295761.58050000,64931,5215890.00000000,12549022.62310000,0
1741366800000000,2.43290000,2.44400000,2.39830000,2.41600000,7885146.00000000,1741367699999999,19087982.95930000,61568,4022399.00000000,9737659.67010000,0
1741367700000000,2.41610000,2.42350000,2.40120000,2.42160000,3704187.00000000,1741368599999999,8930374.01450000,35314,2089394.00000000,5037596.31910000,0
1741368600000000,2.42140000,2.44750000,2.40860000,2.44500000,4421644.00000000,1741369499999999,10739559.37600000,32023,2680522.00000000,6510715.17820000,0
1741369500000000,2.44500000,2.47610000,2.43890000,2.44660000,6569302.00000000,1741370399999999,16134845.48140000,55829,3275798.00000000,8047841.74910000,0
1741370400000000,2.44670000,2.47070000,2.43620000,2.46160000,3728713.00000000,1741371299999999,9173355.19360000,39888,1922332.00000000,4730745.16170000,0
1741371300000000,2.46160000,2.47900000,2.45820000,2.47860000,2406768.00000000,1741372199999999,5939888.01710000,27616,1330043.00000000,3284428.82740000,0
1741372200000000,2.47860000,2.50570000,2.47560000,2.49570000,3990158.00000000,1741373099999999,9943104.51890000,40621,1922603.00000000,4792432.97290000,0
1741373100000000,2.49570000,2.51840000,2.49030000,2.50730000,3090258.00000000,1741373999999999,7747863.94830000,35047,1592319.00000000,3992254.33320000,0
1741374000000000,2.50730000,2.52340000,2.49030000,2.49770000,4104873.00000000,1741374899999999,10278163.76250000,29571,1868590.00000000,4681788.17930000,0
1741374900000000,2.49770000,2.50760000,2.48540000,2.48870000,1674860.00000000,1741375799999999,4183225.22740000,16979,777582.00000000,1943197.11890000,0
1741375800000000,2.48900000,2.49750000,2.47440000,2.47570000,2494161.00000000,1741376699999999,6189166.72890000,17592,812660.00000000,2016505.23950000,0
1741376700000000,2.47570000,2.48540000,2.45760000,2.48290000,3695559.00000000,1741377599999999,9132448.99020000,21862,1588811.00000000,3931320.21310000,0
1741377600000000,2.48300000,2.49250000,2.47730000,2.48120000,2957241.00000000,1741378499999999,7345097.75520000,18758,1558222.00000000,3870356.56480000,0
1741378500000000,2.48120000,2.48680000,2.46960000,2.48100000,1700771.00000000,1741379399999999,4217670.80190000,14867,837353.00000000,2076750.57540000,0
1741379400000000,2.48110000,2.48900000,2.44290000,2.48020000,3690327.00000000,1741380299999999,9080470.17430000,33347,1672519.00000000,4118017.59840000,0
1741380300000000,2.48010000,2.53470000,2.44200000,2.46830000,9483926.00000000,1741381199999999,23577125.23650000,80334,4652634.00000000,11573915.53290000,0
1741381200000000,2.46820000,2.47150000,2.38230000,2.40250000,18526803.00000000,1741382099999999,44760119.63900000,105429,9041905.00000000,21842161.71340000,0
1741382100000000,2.40250000,2.45800000,2.40230000,2.44970000,5085230.00000000,1741382999999999,12381938.34040000,34066,3046385.00000000,7417865.54110000,0
1741383000000000,2.44980000,2.45230000,2.40710000,2.41240000,3514759.00000000,1741383899999999,8546805.69660000,21001,1277922.00000000,3106587.76280000,0
1741383900000000,2.41250000,2.42340000,2.37600000,2.39750000,5056802.00000000,1741384799999999,12116463.91410000,24313,2176939.00000000,5218034.34040000,0
1741384800000000,2.39740000,2.40060000,2.34350000,2.36460000,6838237.00000000,1741385699999999,16188616.49970000,38939,2964078.00000000,7015493.55630000,0
1741385700000000,2.36460000,2.38650000,2.35900000,2.37310000,4677313.00000000,1741386599999999,11108325.04360000,21376,2535561.00000000,6024482.68950000,0
1741386600000000,2.37310000,2.40340000,2.36770000,2.40150000,3488091.00000000,1741387499999999,8311481.79780000,25783,2175701.00000000,5185942.11450000,0
1741387500000000,2.40150000,2.40300000,2.38640000,2.39620000,1674045.00000000,1741388399999999,4011812.73320000,10384,742333.00000000,1779237.57320000,0
1741388400000000,2.39630000,2.39670000,2.35630000,2.35840000,3503206.00000000,1741389299999999,8325717.68950000,26515,1413176.00000000,3359125.39050000,0
1741389300000000,2.35850000,2.37570000,2.35780000,2.36870000,3455307.00000000,1741390199999999,8174442.09890000,25828,1640412.00000000,3881294.47670000,0
1741390200000000,2.36870000,2.37860000,2.35690000,2.37790000,2446862.00000000,1741391099999999,5796849.60220000,20250,1539040.00000000,3646424.90790000,0
1741391100000000,2.37790000,2.38800000,2.37410000,2.38550000,1692648.00000000,1741391999999999,4029269.38310000,14987,1040565.00000000,2477252.64190000,0
1741392000000000,2.38550000,2.39990000,2.36780000,2.37770000,3292590.00000000,1741392899999999,7842367.20690000,21337,1420200.00000000,3384071.74070000,0
1741392900000000,2.37770000,2.39180000,2.36800000,2.38990000,1727600.00000000,1741393799999999,4116360.05650000,11220,1047248.00000000,2496337.37160000,0
1741393800000000,2.39000000,2.39880000,2.38430000,2.39340000,1362589.00000000,1741394699999999,3259652.15320000,9256,856985.00000000,2050024.43480000,0
1741394700000000,2.39330000,2.41060000,2.39210000,2.40600000,1884341.00000000,1741395599999999,4524576.39570000,10208,1134508.00000000,2723584.38590000,0
1741395600000000,2.40590000,2.40890000,2.38760000,2.38880000,1530527.00000000,1741396499999999,3672162.47470000,8519,648676.00000000,1557659.06040000,0
1741396500000000,2.38870000,2.39300000,2.37330000,2.37550000,1227483.00000000,1741397399999999,2923878.05560000,10305,480633.00000000,1145202.72060000,0
1741397400000000,2.37550000,2.37720000,2.33850000,2.35320000,4796779.00000000,1741398299999999,11281698.85650000,32630,1897212.00000000,4459932.60440000,0
1741398300000000,2.35330000,2.36810000,2.35320000,2.36770000,1478066.00000000,1741399199999999,3491019.61730000,14053,819252.00000000,1934959.26280000,0
1741399200000000,2.36760000,2.37310000,2.35620000,2.36870000,1422140.00000000,1741400099999999,3365427.53060000,11549,723929.00000000,1713733.40110000,0
1741400100000000,2.36860000,2.37340000,2.36080000,2.36270000,1113770.00000000,1741400999999999,2636565.79440000,9731,537015.00000000,1271567.91980000,0
1741401000000000,2.36260000,2.36790000,2.35630000,2.36460000,1126419.00000000,1741401899999999,2660769.25520000,9606,412675.00000000,974857.58920000,0
1741401900000000,2.36460000,2.36640000,2.35680000,2.36040000,1213833.00000000,1741402799999999,2867304.93430000,6545,384143.00000000,907517.05310000,0
1741402800000000,2.36050000,2.36070000,2.33370000,2.33810000,3084805.00000000,1741403699999999,7238536.04150000,12326,1130617.00000000,2655657.15560000,0
1741403700000000,2.33820000,2.34570000,2.32740000,2.33130000,3155912.00000000,1741404599999999,7379449.59230000,19034,1189155.00000000,2781092.88070000,0
1741404600000000,2.33140000,2.34870000,2.33140000,2.34490000,2351146.00000000,1741405499999999,5500509.91800000,14916,1009378.00000000,2362445.75400000,0
1741405500000000,2.34500000,2.35070000,2.33800000,2.34350000,1395695.00000000,1741406399999999,3270610.13200000,10924,743583.00000000,1742392.36710000,0
1741406400000000,2.34350000,2.34790000,2.33170000,2.34530000,1153925.00000000,1741407299999999,2699441.46490000,11174,593310.00000000,1387746.23250000,0
1741407300000000,2.34530000,2.36650000,2.34240000,2.36390000,1983192.00000000,1741408199999999,4675762.39250000,11618,1006547.00000000,2373090.59560000,0
1741408200000000,2.36390000,2.37580000,2.36060000,2.36860000,1624916.00000000,1741409099999999,3848560.28250000,11670,678133.00000000,1606671.62730000,0
1741409100000000,2.36870000,2.37430000,2.36550000,2.36830000,916704.00000000,1741409999999999,2171574.70710000,7901,346649.00000000,821300.28880000,0
1741410000000000,2.36840000,2.36950000,2.35490000,2.35640000,1311982.00000000,1741410899999999,3098996.83600000,8707,432857.00000000,1022127.44330000,0
1741410900000000,2.35640000,2.35820000,2.35010000,2.35040000,795684.00000000,1741411799999999,1872602.19680000,4344,305685.00000000,719490.94990000,0
1741411800000000,2.35040000,2.35040000,2.33980000,2.34820000,1474950.00000000,1741412699999999,3458103.07170000,10599,760523.00000000,1782939.42320000,0
1741412700000000,2.34810000,2.35040000,2.34100000,2.34900000,572125.00000000,1741413599999999,1342774.57230000,6371,280660.00000000,658791.29430000,0
1741413600000000,2.34890000,2.36120000,2.34760000,2.35890000,808845.00000000,1741414499999999,1904876.38500000,4869,493155.00000000,1161289.20550000,0
1741414500000000,2.35890000,2.36300000,2.35140000,2.36140000,836985.00000000,1741415399999999,1972143.49430000,6724,410582.00000000,967936.86870000,0
1741415400000000,2.36140000,2.36240000,2.35320000,2.35660000,738305.00000000,1741416299999999,1740459.44730000,7892,234547.00000000,553022.36840000,0
1741416300000000,2.35660000,2.36010000,2.34840000,2.35920000,662190.00000000,1741417199999999,1558215.32460000,6709,293179.00000000,689905.75500000,0
1741417200000000,2.35910000,2.37240000,2.35780000,2.36760000,671794.00000000,1741418099999999,1588992.74540000,4955,393904.00000000,931948.52210000,0
1741418100000000,2.36760000,2.37420000,2.36420000,2.36600000,939616.00000000,1741418999999999,2226830.91270000,4788,488178.00000000,1156941.19670000,0
1741419000000000,2.36600000,2.37470000,2.36240000,2.37110000,704480.00000000,1741419899999999,1669200.16750000,5128,326625.00000000,774077.80300000,0
1741419900000000,2.37110000,2.37140000,2.35700000,2.36200000,752123.00000000,1741420799999999,1776885.93140000,6295,284562.00000000,672365.58400000,0
1741420800000000,2.36190000,2.36880000,2.35230000,2.35240000,872776.00000000,1741421699999999,2060771.87240000,6214,353625.00000000,835390.72240000,0
1741421700000000,2.35230000,2.35690000,2.34550000,2.35390000,1603234.00000000,1741422599999999,3767783.55100000,9237,765945.00000000,1800087.59020000,0
1741422600000000,2.35400000,2.36020000,2.34600000,2.34630000,961193.00000000,1741423499999999,2263090.92280000,9232,534589.00000000,1258910.57910000,0
1741423500000000,2.34630000,2.35400000,2.33750000,2.34100000,1735843.00000000,1741424399999999,4068571.36440000,10452,805639.00000000,1888308.06850000,0
1741424400000000,2.34100000,2.35120000,2.33960000,2.34920000,678101.00000000,1741425299999999,1591551.03190000,5601,347053.00000000,814476.31940000,0
1741425300000000,2.34910000,2.35960000,2.34910000,2.35860000,661292.00000000,1741426199999999,1557770.47560000,4798,401535.00000000,945838.08870000,0
1741426200000000,2.35850000,2.36210000,2.32980000,2.33240000,1217828.00000000,1741427099999999,2854957.07940000,6914,384904.00000000,901874.58630000,0
1741427100000000,2.33250000,2.33660000,2.32000000,2.33050000,2709178.00000000,1741427999999999,6303892.56740000,17093,1159460.00000000,2698520.16790000,0
1741428000000000,2.33020000,2.34440000,2.32980000,2.33770000,1370792.00000000,1741428899999999,3204068.11220000,9460,675279.00000000,1577807.65380000,0
1741428900000000,2.33760000,2.34410000,2.33010000,2.34390000,1123830.00000000,1741429799999999,2626900.40390000,8919,601040.00000000,1405315.25100000,0
1741429800000000,2.34380000,2.34900000,2.34080000,2.34790000,954847.00000000,1741430699999999,2239156.23520000,6039,520029.00000000,1219567.25020000,0
1741430700000000,2.34790000,2.34970000,2.33920000,2.33980000,834606.00000000,1741431599999999,1956963.20610000,4895,402128.00000000,942922.26870000,0
1741431600000000,2.33990000,2.34030000,2.32240000,2.32670000,1121428.00000000,1741432499999999,2614085.45350000,8478,392291.00000000,914612.38240000,0
1741432500000000,2.32660000,2.33070000,2.31080000,2.32210000,1767386.00000000,1741433399999999,4098594.07050000,13897,723593.00000000,1677621.99880000,0
1741433400000000,2.32210000,2.32730000,2.30500000,2.31240000,1503798.00000000,1741434299999999,3479389.38680000,11164,617017.00000000,1427720.73040000,0
1741434300000000,2.31230000,2.31840000,2.30130000,2.31640000,1770951.00000000,1741435199999999,4094149.93260000,13563,732560.00000000,1693999.07220000,0
1741435200000000,2.31640000,2.32660000,2.30630000,2.32070000,1410216.00000000,1741436099999999,3269132.45910000,11555,781391.00000000,1811396.83560000,0
1741436100000000,2.32080000,2.33910000,2.31600000,2.33100000,1519397.00000000,1741436999999999,3539893.86640000,13490,804350.00000000,1873551.41740000,0
1741437000000000,2.33090000,2.33880000,2.32610000,2.33410000,1060557.00000000,1741437899999999,2474092.79190000,7166,427653.00000000,997666.42560000,0
1741437900000000,2.33400000,2.34320000,2.32880000,2.33430000,1262326.00000000,1741438799999999,2949660.60370000,10457,667548.00000000,1560509.39340000,0
1741438800000000,2.33430000,2.34500000,2.33140000,2.33900000,898794.00000000,1741439699999999,2103210.68490000,13636,437202.00000000,1023020.01510000,0
1741439700000000,2.33910000,2.35150000,2.33410000,2.34980000,1437559.00000000,1741440599999999,3372938.04510000,14257,1044320.00000000,2450990.33780000,0
1741440600000000,2.34980000,2.35700000,2.34590000,2.35070000,1329851.00000000,1741441499999999,3127103.56240000,12040,610977.00000000,1437151.68540000,0
1741441500000000,2.35070000,2.35540000,2.34440000,2.34760000,935751.00000000,1741442399999999,2199563.37350000,12379,356496.00000000,837833.22470000,0
1741442400000000,2.34770000,2.36100000,2.34230000,2.35630000,1197192.00000000,1741443299999999,2815582.46690000,13268,499836.00000000,1176016.50420000,0
1741443300000000,2.35620000,2.35940000,2.34820000,2.35860000,814015.00000000,1741444199999999,1916424.94490000,11872,472640.00000000,1112966.87000000,0
1741444200000000,2.35860000,2.36600000,2.35400000,2.36060000,1124405.00000000,1741445099999999,2654704.53180000,12274,730576.00000000,1724880.92040000,0
1741445100000000,2.36070000,2.36070000,2.34710000,2.35070000,1499097.00000000,1741445999999999,3526247.57980000,12083,747023.00000000,1756999.75980000,0
1741446000000000,2.35060000,2.35180000,2.33610000,2.35080000,1024628.00000000,1741446899999999,2401831.53850000,10263,426483.00000000,999489.33800000,0
1741446900000000,2.35070000,2.36210000,2.34790000,2.36160000,1304682.00000000,1741447799999999,3071376.58440000,9918,739178.00000000,1741271.55510000,0
1741447800000000,2.36160000,2.36560000,2.35560000,2.35630000,642653.00000000,1741448699999999,1516457.33640000,11535,283356.00000000,668741.70230000,0
1741448700000000,2.35630000,2.36090000,2.35000000,2.35130000,446022.00000000,1741449599999999,1050192.58000000,9170,195980.00000000,461598.28710000,0
1741449600000000,2.35130000,2.35530000,2.33380000,2.34130000,1868628.00000000,1741450499999999,4373081.14440000,14742,559626.00000000,1310188.93250000,0
1741450500000000,2.34130000,2.34200000,2.31420000,2.31880000,3610546.00000000,1741451399999999,8391187.69530000,27677,1341843.00000000,3117589.14860000,0
1741451400000000,2.31870000,2.33380000,2.31210000,2.33070000,1540360.00000000,1741452299999999,3579585.65540000,19779,965840.00000000,2244867.91180000,0
1741452300000000,2.33080000,2.34110000,2.32770000,2.33620000,1038587.00000000,1741453199999999,2424163.28740000,13403,640186.00000000,1494359.87070000,0
1741453200000000,2.33610000,2.33680000,2.31060000,2.31550000,1344263.00000000,1741454099999999,3119255.42230000,15317,708237.00000000,1642946.78300000,0
1741454100000000,2.31550000,2.34650000,2.31490000,2.33750000,1922628.00000000,1741454999999999,4485987.23880000,26985,934293.00000000,2178733.23680000,0
1741455000000000,2.33750000,2.35240000,2.33650000,2.34440000,1050058.00000000,1741455899999999,2463848.51040000,20943,462745.00000000,1086014.70010000,0
1741455900000000,2.34440000,2.34880000,2.33850000,2.34800000,460300.00000000,1741456799999999,1078420.49030000,9125,217699.00000000,510131.78280000,0
1741456800000000,2.34800000,2.35570000,2.34400000,2.34610000,757193.00000000,1741457699999999,1778560.20920000,9847,298855.00000000,702111.98080000,0
1741457700000000,2.34610000,2.34820000,2.33560000,2.33650000,662605.00000000,1741458599999999,1551092.86360000,10951,268778.00000000,629138.35610000,0
1741458600000000,2.33650000,2.33950000,2.32950000,2.33590000,647487.00000000,1741459499999999,1511566.19130000,10590,300266.00000000,701029.83100000,0
1741459500000000,2.33590000,2.34290000,2.33430000,2.33890000,397007.00000000,1741460399999999,928756.09210000,7972,201313.00000000,470862.27600000,0
1741460400000000,2.33900000,2.34190000,2.32820000,2.33980000,609182.00000000,1741461299999999,1423103.51890000,8424,351782.00000000,822013.14290000,0
1741461300000000,2.33980000,2.35500000,2.33410000,2.35280000,1126883.00000000,1741462199999999,2643504.61280000,10684,644280.00000000,1511744.64950000,0
1741462200000000,2.35270000,2.35900000,2.34980000,2.35340000,935019.00000000,1741463099999999,2201745.87690000,15424,355042.00000000,836127.15890000,0
1741463100000000,2.35330000,2.36000000,2.35050000,2.35600000,666727.00000000,1741463999999999,1570599.77650000,12875,401308.00000000,945376.05660000,0
1741464000000000,2.35600000,2.35890000,2.34670000,2.34790000,872088.00000000,1741464899999999,2052099.97100000,7503,287392.00000000,676544.09080000,0
1741464900000000,2.34780000,2.34890000,2.33950000,2.34550000,682125.00000000,1741465799999999,1599287.78040000,7237,369757.00000000,866992.24420000,0
1741465800000000,2.34540000,2.34970000,2.34300000,2.34590000,231805.00000000,1741466699999999,544018.59350000,6885,142388.00000000,334165.46270000,0
1741466700000000,2.34600000,2.35260000,2.34350000,2.34620000,400871.00000000,1741467599999999,941316.83780000,5533,203530.00000000,477909.80210000,0
1741467600000000,2.34610000,2.35330000,2.34510000,2.35240000,369710.00000000,1741468499999999,868437.69940000,5326,216082.00000000,507450.26310000,0
1741468500000000,2.35240000,2.36350000,2.35200000,2.36140000,933228.00000000,1741469399999999,2202003.03650000,9040,542179.00000000,1279265.55840000,0
1741469400000000,2.36140000,2.36190000,2.35370000,2.35550000,582842.00000000,1741470299999999,1374297.01670000,8071,297779.00000000,702102.43570000,0
1741470300000000,2.35540000,2.35780000,2.34950000,2.34950000,352706.00000000,1741471199999999,829733.52160000,6488,164041.00000000,385839.02720000,0
1741471200000000,2.34950000,2.35330000,2.33140000,2.33260000,785039.00000000,1741472099999999,1838240.52250000,9501,261730.00000000,613259.30850000,0
1741472100000000,2.33260000,2.34030000,2.33040000,2.34030000,1345415.00000000,1741472999999999,3141486.77270000,9585,882380.00000000,2060566.33930000,0
1741473000000000,2.34030000,2.34620000,2.33660000,2.33940000,645950.00000000,1741473899999999,1512985.87100000,6718,298618.00000000,699322.08140000,0
1741473900000000,2.33950000,2.34340000,2.32710000,2.34250000,1798111.00000000,1741474799999999,4199037.89730000,10817,1068139.00000000,2493763.30750000,0
1741474800000000,2.34260000,2.34530000,2.33700000,2.34220000,573640.00000000,1741475699999999,1342995.85150000,11912,315480.00000000,738610.11750000,0
1741475700000000,2.34220000,2.34370000,2.32990000,2.33310000,694748.00000000,1741476599999999,1622887.01000000,7087,261792.00000000,611210.17300000,0
1741476600000000,2.33300000,2.33300000,2.31360000,2.31660000,2189467.00000000,1741477499999999,5082756.69810000,15592,924252.00000000,2145602.10960000,0
1741477500000000,2.31660000,2.32810000,2.31410000,2.32610000,1039987.00000000,1741478399999999,2414292.10850000,7815,662173.00000000,1537661.90450000,0
1741478400000000,2.32620000,2.33850000,2.31490000,2.33470000,1632863.00000000,1741479299999999,3803100.84490000,18728,814716.00000000,1897909.98580000,0
1741479300000000,2.33480000,2.34910000,2.33360000,2.34500000,1162132.00000000,1741480199999999,2720969.41920000,14981,589729.00000000,1380626.35940000,0
1741480200000000,2.34500000,2.34980000,2.33740000,2.33850000,736765.00000000,1741481099999999,1727604.95030000,10228,244204.00000000,572452.55420000,0
1741481100000000,2.33860000,2.34620000,2.33670000,2.34320000,516830.00000000,1741481999999999,1209848.54930000,8195,239142.00000000,559930.42640000,0
1741482000000000,2.34320000,2.35100000,2.34000000,2.34420000,1330799.00000000,1741482899999999,3123383.92080000,8611,721440.00000000,1693614.46970000,0
1741482900000000,2.34430000,2.34910000,2.34200000,2.34310000,478102.00000000,1741483799999999,1121400.61670000,7873,210868.00000000,494593.43790000,0
1741483800000000,2.34310000,2.34360000,2.33080000,2.33600000,595771.00000000,1741484699999999,1391985.47970000,7172,169682.00000000,396435.35540000,0
1741484700000000,2.33600000,2.33710000,2.32130000,2.32580000,503421.00000000,1741485599999999,1171502.84590000,9297,205109.00000000,477180.95890000,0
1741485600000000,2.32580000,2.33040000,2.31840000,2.32160000,1026876.00000000,1741486499999999,2385774.49480000,9172,680445.00000000,1580763.73370000,0
1741486500000000,2.32160000,2.32980000,2.31890000,2.32780000,669662.00000000,1741487399999999,1556124.77130000,9959,446682.00000000,1038149.60300000,0
1741487400000000,2.32780000,2.33360000,2.32070000,2.32070000,615590.00000000,1741488299999999,1432849.91040000,8204,317032.00000000,738163.27400000,0
1741488300000000,2.32070000,2.32230000,2.31040000,2.31180000,1755524.00000000,1741489199999999,4062710.98600000,11135,946946.00000000,2190982.25970000,0
1741489200000000,2.31180000,2.31910000,2.30550000,2.31210000,1322558.00000000,1741490099999999,3056491.36380000,15828,581782.00000000,1345042.96840000,0
1741490100000000,2.31210000,2.31900000,2.31030000,2.31640000,759920.00000000,1741490999999999,1758977.19200000,10301,410825.00000000,950924.14710000,0
1741491000000000,2.31640000,2.32490000,2.31620000,2.32430000,533073.00000000,1741491899999999,1236846.68540000,9462,282709.00000000,655933.45740000,0
1741491900000000,2.32420000,2.33060000,2.31850000,2.32270000,399423.00000000,1741492799999999,928715.22280000,8396,202248.00000000,470354.71720000,0
1741492800000000,2.32280000,2.32760000,2.32000000,2.32490000,645950.00000000,1741493699999999,1501418.61690000,8288,272279.00000000,632622.65500000,0
1741493700000000,2.32480000,2.32620000,2.31730000,2.32220000,1080074.00000000,1741494599999999,2509404.11420000,7508,469312.00000000,1090563.63360000,0
1741494600000000,2.32220000,2.32690000,2.31940000,2.32430000,698263.00000000,1741495499999999,1623222.09350000,5445,266261.00000000,618878.74610000,0
1741495500000000,2.32430000,2.33170000,2.32120000,2.32950000,401243.00000000,1741496399999999,933334.19120000,3891,169757.00000000,394845.65070000,0
1741496400000000,2.32960000,2.33190000,2.32370000,2.32800000,776492.00000000,1741497299999999,1808640.04600000,5530,288062.00000000,670572.36750000,0
1741497300000000,2.32790000,2.34300000,2.32740000,2.33870000,1525704.00000000,1741498199999999,3566373.31240000,11355,581942.00000000,1360318.97820000,0
1741498200000000,2.33860000,2.34220000,2.33120000,2.33730000,845689.00000000,1741499099999999,1976832.65910000,6547,211961.00000000,495005.90340000,0
1741499100000000,2.33730000,2.33880000,2.32930000,2.33290000,775759.00000000,1741499999999999,1810500.87300000,7475,310296.00000000,724012.46900000,0
1741500000000000,2.33300000,2.33340000,2.31260000,2.31730000,1220294.00000000,1741500899999999,2830927.98180000,11837,640389.00000000,1485117.11660000,0
1741500900000000,2.31730000,2.32320000,2.31100000,2.32030000,730200.00000000,1741501799999999,1691861.35910000,10304,474251.00000000,1098664.63020000,0
1741501800000000,2.32040000,2.32510000,2.31690000,2.32320000,473044.00000000,1741502699999999,1098665.47040000,7881,208201.00000000,483503.35950000,0
1741502700000000,2.32310000,2.32660000,2.31780000,2.32040000,350906.00000000,1741503599999999,815022.69360000,6321,180604.00000000,419454.07160000,0
1741503600000000,2.32040000,2.33390000,2.31580000,2.33270000,683011.00000000,1741504499999999,1589781.64530000,8800,290264.00000000,674930.26930000,0
1741504500000000,2.33270000,2.34080000,2.33150000,2.34010000,917539.00000000,1741505399999999,2144413.25400000,7341,425408.00000000,994212.07820000,0
1741505400000000,2.34010000,2.34390000,2.33630000,2.33750000,950326.00000000,1741506299999999,2224226.95110000,9423,432127.00000000,1011391.27720000,0
1741506300000000,2.33760000,2.34040000,2.33440000,2.33930000,494258.00000000,1741507199999999,1154872.01940000,5071,196860.00000000,460006.63040000,0
1741507200000000,2.33920000,2.34160000,2.32930000,2.33260000,734167.00000000,1741508099999999,1713936.57560000,7097,303307.00000000,708410.08610000,0
1741508100000000,2.33260000,2.34140000,2.32380000,2.32760000,1031249.00000000,1741508999999999,2405958.55600000,7993,340860.00000000,794973.98250000,0
1741509000000000,2.32750000,2.33210000,2.31580000,2.31740000,1025867.00000000,1741509899999999,2382907.98250000,8603,420080.00000000,975987.48340000,0
1741509900000000,2.31750000,2.32380000,2.31720000,2.31910000,904812.00000000,1741510799999999,2099916.30350000,7604,483572.00000000,1122196.04530000,0
1741510800000000,2.31910000,2.32380000,2.31680000,2.31910000,1552971.00000000,1741511699999999,3601707.65640000,8808,1010553.00000000,2343762.57320000,0
1741511700000000,2.31910000,2.32130000,2.31400000,2.31980000,2258425.00000000,1741512599999999,5232187.73640000,7312,981231.00000000,2274237.86950000,0
1741512600000000,2.31980000,2.32050000,2.31400000,2.31830000,1075946.00000000,1741513499999999,2491845.38430000,8617,378624.00000000,876974.35160000,0
1741513500000000,2.31830000,2.31840000,2.29390000,2.29860000,3416389.00000000,1741514399999999,7874242.47370000,21669,1200766.00000000,2766971.17280000,0
1741514400000000,2.29870000,2.30130000,2.26800000,2.27710000,6459239.00000000,1741515299999999,14749275.85250000,48669,2828984.00000000,6459897.88360000,0
1741515300000000,2.27720000,2.28220000,2.25720000,2.26150000,4829362.00000000,1741516199999999,10946291.29580000,49576,2050118.00000000,4649168.76860000,0
1741516200000000,2.26150000,2.26640000,2.25210000,2.25960000,3519754.00000000,1741517099999999,7952327.36580000,36168,1426068.00000000,3223208.54600000,0
1741517100000000,2.25950000,2.25950000,2.23990000,2.24990000,5299675.00000000,1741517999999999,11923729.62640000,39629,1773515.00000000,3991263.17990000,0
1741518000000000,2.24990000,2.26440000,2.24660000,2.25290000,3446217.00000000,1741518899999999,7773920.77500000,26210,1774766.00000000,4004925.38310000,0
1741518900000000,2.25290000,2.26190000,2.25060000,2.25860000,1845231.00000000,1741519799999999,4166606.08120000,19298,1011790.00000000,2284982.73010000,0
1741519800000000,2.25870000,2.26220000,2.24720000,2.25390000,2002832.00000000,1741520699999999,4517899.52900000,21791,960151.00000000,2166079.72110000,0
1741520700000000,2.25390000,2.26030000,2.24840000,2.25470000,1591582.00000000,1741521599999999,3586987.14220000,15089,677794.00000000,1527890.39600000,0
1741521600000000,2.25470000,2.25630000,2.22520000,2.22880000,5211429.00000000,1741522499999999,11643435.12230000,40485,1454376.00000000,3251199.05460000,0
1741522500000000,2.22870000,2.24440000,2.22870000,2.23660000,2093802.00000000,1741523399999999,4683912.67080000,21786,1011612.00000000,2261785.27020000,0
1741523400000000,2.23650000,2.24430000,2.22510000,2.23880000,1628427.00000000,1741524299999999,3640954.34570000,16886,768189.00000000,1717791.67500000,0
1741524300000000,2.23880000,2.23880000,2.22650000,2.23830000,2172125.00000000,1741525199999999,4850966.23730000,17113,1339216.00000000,2990839.85370000,0
1741525200000000,2.23830000,2.24260000,2.23050000,2.23160000,2205876.00000000,1741526099999999,4930620.21720000,22259,1106509.00000000,2473142.45680000,0
1741526100000000,2.23160000,2.23500000,2.22030000,2.23370000,2999389.00000000,1741526999999999,6679181.75270000,26672,1368346.00000000,3048627.01810000,0
1741527000000000,2.23360000,2.23390000,2.20500000,2.21470000,4388959.00000000,1741527899999999,9722714.30790000,37481,1912248.00000000,4234140.47020000,0
1741527900000000,2.21460000,2.21710000,2.16370000,2.16860000,10943850.00000000,1741528799999999,23992814.07960000,66799,3707348.00000000,8130028.26440000,0
1741528800000000,2.16870000,2.19730000,2.16750000,2.19200000,5973374.00000000,1741529699999999,13054542.52390000,60497,3164365.00000000,6915476.89280000,0
1741529700000000,2.19190000,2.20730000,2.18770000,2.20070000,3573246.00000000,1741530599999999,7859505.46310000,32455,2074649.00000000,4562708.22210000,0
1741530600000000,2.20070000,2.21170000,2.19580000,2.19610000,3456799.00000000,1741531499999999,7616408.10160000,26281,1869963.00000000,4120305.23350000,0
1741531500000000,2.19610000,2.21200000,2.19600000,2.21150000,1753798.00000000,1741532399999999,3863817.69580000,19779,993616.00000000,2189520.59510000,0
1741532400000000,2.21150000,2.21960000,2.20740000,2.21860000,2960126.00000000,1741533299999999,6553959.17330000,19456,1663241.00000000,3682274.68330000,0
1741533300000000,2.21850000,2.21900000,2.19770000,2.20490000,2746949.00000000,1741534199999999,6057325.50630000,20530,1279802.00000000,2821744.32750000,0
1741534200000000,2.20500000,2.20820000,2.18790000,2.18790000,3076864.00000000,1741535099999999,6760903.65570000,18902,1103543.00000000,2427785.66940000,0
1741535100000000,2.18780000,2.18900000,2.17300000,2.18530000,5081926.00000000,1741535999999999,11089438.28550000,43691,2892554.00000000,6313632.92630000,0
1741536000000000,2.18520000,2.19400000,2.15060000,2.18980000,11529378.00000000,1741536899999999,25018601.51070000,63154,6266414.00000000,13595861.88050000,0
1741536900000000,2.18970000,2.19750000,2.15870000,2.16900000,3097733.00000000,1741537799999999,6748747.46760000,40907,1528780.00000000,3332048.28970000,0
1741537800000000,2.16910000,2.17290000,2.14040000,2.16000000,7840805.00000000,1741538699999999,16886730.53360000,76771,3478682.00000000,7496974.40570000,0
1741538700000000,2.16000000,2.16080000,2.13170000,2.13530000,7659031.00000000,1741539599999999,16405813.10750000,58240,2944252.00000000,6305779.30340000,0
1741539600000000,2.13540000,2.16110000,2.13000000,2.15510000,6367022.00000000,1741540499999999,13670288.10590000,59281,2565213.00000000,5508493.83780000,0
1741540500000000,2.15500000,2.16200000,2.12800000,2.14070000,4400622.00000000,1741541399999999,9421946.89610000,51419,2105070.00000000,4509536.60100000,0
1741541400000000,2.14070000,2.15440000,2.11910000,2.12380000,3787998.00000000,1741542299999999,8085284.31400000,48786,1511938.00000000,3231108.64290000,0
1741542300000000,2.12380000,2.14580000,2.10220000,2.10480000,4914701.00000000,1741543199999999,10409321.65120000,55499,2361157.00000000,5003113.46820000,0
1741543200000000,2.10490000,2.12350000,2.08640000,2.10560000,8147894.00000000,1741544099999999,17146664.49620000,88973,3608927.00000000,7599719.46030000,0
1741544100000000,2.10560000,2.13960000,2.08300000,2.13220000,8049317.00000000,1741544999999999,16946238.24160000,89451,3986403.00000000,8407724.54860000,0
1741545000000000,2.13220000,2.14460000,2.09800000,2.11490000,5480299.00000000,1741545899999999,11629876.67180000,79194,2315791.00000000,4917572.00090000,0
1741545900000000,2.11490000,2.13750000,2.10350000,2.12560000,3556632.00000000,1741546799999999,7538017.90280000,59982,1757474.00000000,3726260.66550000,0
1741546800000000,2.12560000,2.13800000,2.11530000,2.12930000,3815111.00000000,1741547699999999,8115807.75640000,39612,1969217.00000000,4191252.13430000,0
1741547700000000,2.12920000,2.14110000,2.12000000,2.13600000,3418931.00000000,1741548599999999,7289584.55840000,37751,1677956.00000000,3578656.35040000,0
1741548600000000,2.13600000,2.18100000,2.13520000,2.16640000,10023050.00000000,1741549499999999,21715938.36660000,80918,5927482.00000000,12839004.98740000,0
1741549500000000,2.16640000,2.17090000,2.15600000,2.16390000,3148609.00000000,1741550399999999,6812823.60450000,32582,1590262.00000000,3441205.87710000,0
1741550400000000,2.16400000,2.19060000,2.15780000,2.19050000,4197725.00000000,1741551299999999,9141960.03720000,38695,2358966.00000000,5141027.78130000,0
1741551300000000,2.19060000,2.19150000,2.17810000,2.18080000,3092768.00000000,1741552199999999,6756485.73770000,33676,1261613.00000000,2755758.60770000,0
1741552200000000,2.18080000,2.20620000,2.18080000,2.20080000,4131356.00000000,1741553099999999,9074223.14490000,33988,2360076.00000000,5183548.47250000,0
1741553100000000,2.20090000,2.20150000,2.18570000,2.19460000,3241407.00000000,1741553999999999,7113521.52430000,22375,1623184.00000000,3561814.24780000,0
1741554000000000,2.19460000,2.20180000,2.17220000,2.18220000,2866983.00000000,1741554899999999,6268874.18260000,26170,1142007.00000000,2498499.10550000,0
1741554900000000,2.18220000,2.18610000,2.16320000,2.16480000,3716671.00000000,1741555799999999,8071406.53030000,31584,1346661.00000000,2925150.08870000,0
1741555800000000,2.16490000,2.18420000,2.16220000,2.18050000,1587339.00000000,1741556699999999,3450345.04060000,19647,730017.00000000,1587085.86690000,0
1741556700000000,2.18060000,2.19320000,2.16570000,2.16850000,2881161.00000000,1741557599999999,6277743.99250000,20106,1730036.00000000,3772612.76480000,0
1741557600000000,2.16850000,2.16850000,2.14420000,2.15070000,4582403.00000000,1741558499999999,9876826.50330000,37357,2094336.00000000,4517304.27410000,0
1741558500000000,2.15060000,2.16090000,2.13700000,2.14420000,3431097.00000000,1741559399999999,7366932.10600000,30703,1346168.00000000,2892165.40680000,0
1741559400000000,2.14420000,2.15750000,2.13350000,2.14700000,3299572.00000000,1741560299999999,7076028.17540000,24230,1398097.00000000,3000605.13240000,0
1741560300000000,2.14690000,2.15030000,2.12810000,2.13300000,2638450.00000000,1741561199999999,5643195.23980000,21995,1071286.00000000,2291727.66670000,0
1741561200000000,2.13300000,2.15340000,2.11790000,2.13950000,5730710.00000000,1741562099999999,12245347.22870000,45180,2978012.00000000,6364695.10810000,0
1741562100000000,2.13960000,2.15600000,2.12530000,2.13110000,3671249.00000000,1741562999999999,7861221.45390000,30960,1417868.00000000,3038493.51440000,0
1741563000000000,2.13100000,2.14090000,2.12400000,2.12690000,2472208.00000000,1741563899999999,5270213.26280000,24990,1337396.00000000,2851150.79830000,0
1741563900000000,2.12690000,2.14080000,2.12240000,2.13870000,2064102.00000000,1741564799999999,4399193.58060000,21624,1119241.00000000,2384911.62970000,0
1741564800000000,2.13880000,2.16060000,2.13190000,2.14370000,3722180.00000000,1741565699999999,7989844.68310000,45555,2118176.00000000,4546931.23350000,0
1741565700000000,2.14380000,2.14410000,2.11910000,2.11910000,2676034.00000000,1741566599999999,5703649.48610000,28913,1089991.00000000,2323395.26110000,0
1741566600000000,2.11910000,2.15070000,2.08720000,2.14150000,11483590.00000000,1741567499999999,24197226.41240000,87519,4193504.00000000,8841360.63210000,0
1741567500000000,2.14150000,2.17610000,2.13820000,2.16550000,6163915.00000000,1741568399999999,13309938.28750000,78604,3333588.00000000,7199144.84140000,0
1741568400000000,2.16550000,2.19770000,2.16000000,2.16780000,6522249.00000000,1741569299999999,14236715.54530000,66800,3107471.00000000,6782805.65350000,0
1741569300000000,2.16790000,2.17200000,2.15040000,2.16470000,2848381.00000000,1741570199999999,6154078.37330000,34619,1198519.00000000,2590177.97660000,0
1741570200000000,2.16460000,2.17910000,2.16180000,2.17260000,3079182.00000000,1741571099999999,6685369.49240000,28538,1978454.00000000,4296376.31040000,0
1741571100000000,2.17220000,2.17920000,2.16540000,2.16860000,1853513.00000000,1741571999999999,4025571.37870000,21191,838096.00000000,1820265.41250000,0
1741572000000000,2.16860000,2.18610000,2.16150000,2.18140000,2973383.00000000,1741572899999999,6464122.85290000,24957,1498084.00000000,3258240.80150000,0
1741572900000000,2.18130000,2.20130000,2.17530000,2.17920000,3286892.00000000,1741573799999999,7197099.75580000,25884,1900693.00000000,4162973.61670000,0
1741573800000000,2.17920000,2.19740000,2.17720000,2.18440000,2495876.00000000,1741574699999999,5461465.01860000,18122,1385402.00000000,3031336.87600000,0
1741574700000000,2.18440000,2.19070000,2.17560000,2.18260000,1645432.00000000,1741575599999999,3589882.37080000,12195,902386.00000000,1968686.44310000,0
1741575600000000,2.18270000,2.18630000,2.17050000,2.17250000,1705217.00000000,1741576499999999,3712612.29070000,16265,899165.00000000,1957877.38410000,0
1741576500000000,2.17260000,2.17610000,2.16150000,2.16700000,1734673.00000000,1741577399999999,3759524.89210000,13602,782906.00000000,1697061.97390000,0
1741577400000000,2.16700000,2.18190000,2.16480000,2.17990000,1561787.00000000,1741578299999999,3394589.29680000,15096,846032.00000000,1838851.39830000,0
1741578300000000,2.17990000,2.18360000,2.16970000,2.17020000,1461698.00000000,1741579199999999,3182580.96490000,10729,719746.00000000,1567435.97270000,0
1741579200000000,2.17020000,2.19200000,2.16830000,2.18680000,1621404.00000000,1741580099999999,3540886.85170000,16924,998520.00000000,2180827.02950000,0
1741580100000000,2.18680000,2.19660000,2.18380000,2.19270000,1790429.00000000,1741580999999999,3924953.07810000,15278,936001.00000000,2051827.46580000,0
1741581000000000,2.19270000,2.19590000,2.18760000,2.18920000,1641192.00000000,1741581899999999,3595641.85510000,12307,820399.00000000,1797723.71650000,0
1741581900000000,2.18920000,2.19660000,2.18590000,2.19490000,1235752.00000000,1741582799999999,2709001.79730000,10801,590710.00000000,1294904.72140000,0
1741582800000000,2.19490000,2.20370000,2.18960000,2.19000000,2870425.00000000,1741583699999999,6307786.95660000,14433,1605791.00000000,3529151.59170000,0
1741583700000000,2.19000000,2.20360000,2.19000000,2.20040000,1823698.00000000,1741584599999999,4010482.49680000,13258,891254.00000000,1959761.38990000,0
1741584600000000,2.20050000,2.20280000,2.18700000,2.19060000,2196577.00000000,1741585499999999,4823149.80510000,17662,873563.00000000,1917459.42310000,0
1741585500000000,2.19060000,2.19830000,2.18800000,2.19460000,1507576.00000000,1741586399999999,3307256.05540000,12536,964311.00000000,2115373.15350000,0
1741586400000000,2.19470000,2.19870000,2.18500000,2.18510000,1649315.00000000,1741587299999999,3612279.49080000,14944,636361.00000000,1393971.29820000,0
1741587300000000,2.18500000,2.19290000,2.17610000,2.17690000,2405939.00000000,1741588199999999,5253177.28360000,14156,1043349.00000000,2278143.64740000,0
1741588200000000,2.17680000,2.17850000,2.16870000,2.17500000,2514075.00000000,1741589099999999,5464278.33660000,18505,1313200.00000000,2854207.29440000,0
1741589100000000,2.17500000,2.18330000,2.17490000,2.17940000,2568973.00000000,1741589999999999,5598732.29610000,12443,1451542.00000000,3163182.74590000,0
1741590000000000,2.17940000,2.19400000,2.17460000,2.17610000,2205226.00000000,1741590899999999,4815324.34130000,15140,948289.00000000,2070514.98440000,0
1741590900000000,2.17600000,2.18210000,2.16500000,2.16590000,2180394.00000000,1741591799999999,4733900.27710000,19580,1025901.00000000,2227876.19180000,0
1741591800000000,2.16580000,2.18360000,2.15840000,2.17800000,3537734.00000000,1741592699999999,7674720.95580000,22067,1961028.00000000,4256020.92890000,0
1741592700000000,2.17810000,2.18520000,2.17370000,2.18430000,1277559.00000000,1741593599999999,2782410.27850000,11680,556195.00000000,1211784.70250000,0
1741593600000000,2.18440000,2.18580000,2.16370000,2.17500000,1672399.00000000,1741594499999999,3634266.01100000,19750,804481.00000000,1747917.55000000,0
1741594500000000,2.17500000,2.17830000,2.16050000,2.16480000,1497018.00000000,1741595399999999,3244041.85820000,24998,707588.00000000,1532932.45640000,0
1741595400000000,2.16480000,2.16600000,2.12960000,2.13700000,5902227.00000000,1741596299999999,12642124.56060000,46167,1936136.00000000,4145818.42710000,0
1741596300000000,2.13700000,2.14780000,2.12910000,2.13710000,3065344.00000000,1741597199999999,6557355.56800000,22523,1252039.00000000,2679528.47590000,0
1741597200000000,2.13710000,2.15670000,2.13630000,2.15640000,1870135.00000000,1741598099999999,4016332.07420000,21023,1080178.00000000,2320110.93540000,0
1741598100000000,2.15640000,2.26130000,2.15640000,2.23360000,19414660.00000000,1741598999999999,43372126.19050000,158990,10276928.00000000,22958700.91190000,0
1741599000000000,2.23360000,2.24080000,2.19440000,2.20140000,7429019.00000000,1741599899999999,16404843.52950000,67509,3421275.00000000,7553979.01200000,0
1741599900000000,2.20130000,2.21050000,2.16990000,2.18270000,3215396.00000000,1741600799999999,7041491.49540000,42621,1488678.00000000,3262325.62760000,0
1741600800000000,2.18270000,2.19250000,2.16880000,2.17270000,2282762.00000000,1741601699999999,4980513.45820000,31417,857638.00000000,1871883.46010000,0
1741601700000000,2.17260000,2.17970000,2.15010000,2.16070000,5011763.00000000,1741602599999999,10837808.77400000,38900,2613242.00000000,5650888.76680000,0
1741602600000000,2.16070000,2.17310000,2.15600000,2.16420000,1920418.00000000,1741603499999999,4160205.90270000,25067,958090.00000000,2075844.75280000,0
1741603500000000,2.16420000,2.18630000,2.16080000,2.18010000,2221157.00000000,1741604399999999,4833371.58720000,23411,1434519.00000000,3122094.50150000,0
1741604400000000,2.18020000,2.19070000,2.17570000,2.17980000,1635614.00000000,1741605299999999,3574664.97430000,25553,805989.00000000,1761594.45860000,0
1741605300000000,2.17970000,2.19710000,2.17570000,2.19150000,1888963.00000000,1741606199999999,4137886.71420000,16895,936662.00000000,2051862.29020000,0
1741606200000000,2.19170000,2.19640000,2.18520000,2.18980000,2532243.00000000,1741607099999999,5550832.83730000,18866,1369564.00000000,3001831.41860000,0
1741607100000000,2.18970000,2.22040000,2.18890000,2.21380000,5165875.00000000,1741607999999999,11403495.27180000,42531,2436062.00000000,5377067.80930000,0
1741608000000000,2.21390000,2.22600000,2.20110000,2.20260000,3782915.00000000,1741608899999999,8366629.26050000,40513,2001104.00000000,4426118.27330000,0
1741608900000000,2.20250000,2.21390000,2.19000000,2.19230000,2331564.00000000,1741609799999999,5139314.64460000,28962,1113743.00000000,2455956.99040000,0
1741609800000000,2.19240000,2.20660000,2.18910000,2.20020000,1758799.00000000,1741610699999999,3865145.68590000,21400,857653.00000000,1885284.74060000,0
1741610700000000,2.20010000,2.21190000,2.19510000,2.20470000,1972160.00000000,1741611599999999,4347563.20450000,18337,1001492.00000000,2207834.77240000,0
1741611600000000,2.20480000,2.20890000,2.18840000,2.19550000,2090149.00000000,1741612499999999,4596235.91750000,27382,865142.00000000,1903079.34040000,0
1741612500000000,2.19550000,2.20070000,2.17230000,2.18250000,2679328.00000000,1741613399999999,5845858.85150000,26572,1183477.00000000,2581106.82610000,0
1741613400000000,2.18240000,2.18750000,2.16010000,2.17190000,4206902.00000000,1741614299999999,9132255.26080000,66081,2330175.00000000,5059529.94130000,0
1741614300000000,2.17180000,2.17990000,2.14370000,2.15110000,5130788.00000000,1741615199999999,11057209.02610000,56444,2401106.00000000,5176233.07930000,0
1741615200000000,2.15110000,2.15110000,2.11030000,2.11440000,8863843.00000000,1741616099999999,18842728.09110000,90137,4538082.00000000,9654193.40530000,0
1741616100000000,2.11440000,2.12000000,2.08140000,2.08990000,14275209.00000000,1741616999999999,29906897.85220000,123703,6748866.00000000,14142570.30080000,0
1741617000000000,2.09000000,2.10740000,2.07590000,2.08990000,8470075.00000000,1741617899999999,17717827.85220000,91622,3402462.00000000,7123256.33880000,0
1741617900000000,2.09000000,2.10620000,2.06690000,2.09290000,8181244.00000000,1741618799999999,17032745.34020000,82988,3830729.00000000,7978225.14100000,0
1741618800000000,2.09280000,2.12020000,2.08420000,2.11840000,6797124.00000000,1741619699999999,14286920.08640000,76767,3837626.00000000,8068810.85040000,0
1741619700000000,2.11840000,2.12480000,2.10430000,2.11210000,3645397.00000000,1741620599999999,7707464.74610000,51416,1904415.00000000,4027652.53820000,0
1741620600000000,2.11210000,2.15330000,2.11190000,2.12800000,6808207.00000000,1741621499999999,14549266.97740000,67816,3389148.00000000,7247214.69190000,0
1741621500000000,2.12810000,2.14470000,2.11720000,2.11870000,3413268.00000000,1741622399999999,7277717.37610000,41713,1439945.00000000,3072936.93620000,0
1741622400000000,2.11880000,2.12870000,2.09760000,2.11070000,3891734.00000000,1741623299999999,8215038.27860000,49368,1431592.00000000,3023350.99790000,0
1741623300000000,2.11070000,2.11150000,2.09560000,2.10230000,2587703.00000000,1741624199999999,5443818.64230000,41849,1112657.00000000,2341038.27370000,0
1741624200000000,2.10230000,2.10990000,2.08860000,2.09040000,3546315.00000000,1741625099999999,7440413.47110000,44302,1379098.00000000,2894810.31210000,0
1741625100000000,2.09050000,2.09600000,2.07570000,2.09190000,4050468.00000000,1741625999999999,8450261.77750000,45977,2040603.00000000,4259585.89380000,0
1741626000000000,2.09190000,2.09830000,2.04500000,2.06060000,11223898.00000000,1741626899999999,23169920.53770000,121439,5398391.00000000,11150619.33700000,0
1741626900000000,2.06050000,2.11230000,2.05900000,2.09610000,5315212.00000000,1741627799999999,11104087.85290000,75113,2770409.00000000,5788966.48240000,0
1741627800000000,2.09620000,2.09980000,2.06550000,2.06880000,4083345.00000000,1741628699999999,8506282.62170000,65314,1538938.00000000,3205735.28580000,0
1741628700000000,2.06870000,2.07480000,2.02110000,2.05060000,10650572.00000000,1741629599999999,21748910.64680000,113980,5408188.00000000,11045655.96310000,0
1741629600000000,2.05050000,2.08790000,2.04580000,2.07280000,5969722.00000000,1741630499999999,12327037.03950000,76528,3159980.00000000,6524656.93100000,0
1741630500000000,2.07270000,2.07720000,2.04390000,2.05610000,3586680.00000000,1741631399999999,7379671.02310000,48816,1524106.00000000,3137004.62140000,0
1741631400000000,2.05610000,2.06460000,2.03330000,2.04780000,5233473.00000000,1741632299999999,10711685.64980000,56212,2258549.00000000,4622790.70770000,0
1741632300000000,2.04780000,2.04940000,1.99500000,2.00110000,15213708.00000000,1741633199999999,30597116.27950000,124651,5956885.00000000,11984376.63310000,0
1741633200000000,2.00110000,2.04110000,1.99250000,2.03830000,11214969.00000000,1741634099999999,22560168.35430000,131514,6070032.00000000,12214899.92410000,0
1741634100000000,2.03820000,2.08060000,2.03790000,2.05490000,9197224.00000000,1741634999999999,18961073.92880000,117589,4489458.00000000,9260193.66930000,0
1741635000000000,2.05480000,2.09630000,2.05220000,2.06230000,6450577.00000000,1741635899999999,13405866.83060000,84500,3220843.00000000,6695139.67980000,0
1741635900000000,2.06230000,2.07830000,2.05380000,2.07660000,4606408.00000000,1741636799999999,9512067.39340000,54520,2363412.00000000,4882000.01870000,0
1741636800000000,2.07670000,2.07860000,2.06020000,2.07440000,3287377.00000000,1741637699999999,6801129.88140000,20564,1338849.00000000,2770528.93790000,0
1741637700000000,2.07430000,2.08100000,2.05760000,2.07050000,3288488.00000000,1741638599999999,6811836.70500000,16370,1221158.00000000,2529604.20100000,0
1741638600000000,2.07060000,2.07780000,2.05110000,2.05690000,4503532.00000000,1741639499999999,9297382.27240000,31726,2397615.00000000,4949287.72130000,0
1741639500000000,2.05680000,2.08930000,2.04510000,2.07530000,4787841.00000000,1741640399999999,9903132.15180000,40208,2576097.00000000,5335705.89450000,0
1741640400000000,2.07520000,2.09230000,2.06020000,2.08810000,3434307.00000000,1741641299999999,7132433.28550000,35453,1752355.00000000,3641036.09310000,0
1741641300000000,2.08810000,2.08810000,2.06700000,2.07880000,2248634.00000000,1741642199999999,4674909.89340000,15524,1126961.00000000,2343261.86190000,0
1741642200000000,2.07880000,2.08960000,2.07060000,2.07900000,1756216.00000000,1741643099999999,3654282.07830000,14443,962791.00000000,2003474.24790000,0
1741643100000000,2.07900000,2.08100000,2.06750000,2.07280000,1349510.00000000,1741643999999999,2798762.72640000,12029,705374.00000000,1463083.43450000,0
1741644000000000,2.07280000,2.08410000,2.05960000,2.06890000,1810612.00000000,1741644899999999,3747234.74670000,20932,909145.00000000,1882053.36100000,0
1741644900000000,2.06890000,2.06900000,2.04880000,2.04950000,2457611.00000000,1741645799999999,5054897.14910000,17211,972786.00000000,2001802.10140000,0
1741645800000000,2.04940000,2.05480000,2.02570000,2.03710000,4026933.00000000,1741646699999999,8211799.38150000,28767,1726470.00000000,3521544.96220000,0
1741646700000000,2.03710000,2.06090000,2.03610000,2.04720000,2054896.00000000,1741647599999999,4211524.28600000,18766,1097753.00000000,2249783.80410000,0
1741647600000000,2.04730000,2.06120000,2.03940000,2.03940000,2019046.00000000,1741648499999999,4138414.46430000,23330,1003408.00000000,2056308.69620000,0
1741648500000000,2.03940000,2.04110000,2.02210000,2.03550000,2485033.00000000,1741649399999999,5046237.54770000,23803,963196.00000000,1956740.59570000,0
1741649400000000,2.03550000,2.05170000,2.03160000,2.04890000,1869975.00000000,1741650299999999,3820304.87940000,16984,961385.00000000,1964401.26090000,0
1741650300000000,2.04880000,2.04920000,2.01260000,2.02160000,3649377.00000000,1741651199999999,7395539.39330000,25170,1571073.00000000,3181678.58930000,0
1741651200000000,2.02160000,2.04960000,2.01940000,2.02570000,4174091.00000000,1741652099999999,8494844.53250000,34445,2034680.00000000,4142203.68340000,0
1741652100000000,2.02560000,2.02560000,1.97310000,1.97410000,10052867.00000000,1741652999999999,20087328.37850000,75445,4283949.00000000,8564107.01980000,0
1741653000000000,1.97410000,1.98390000,1.92000000,1.92230000,18328337.00000000,1741653899999999,35722534.87040000,115293,8064718.00000000,15729981.16400000,0
1741653900000000,1.92240000,1.95870000,1.90000000,1.95450000,15373793.00000000,1741654799999999,29586922.34080000,108465,7283125.00000000,14032440.18700000,0
1741654800000000,1.95440000,1.95700000,1.90400000,1.91920000,10516253.00000000,1741655699999999,20276887.29290000,95667,5408279.00000000,10427242.66850000,0
1741655700000000,1.91930000,1.94970000,1.91060000,1.93730000,6709779.00000000,1741656599999999,12957736.05680000,76482,3443670.00000000,6650434.54450000,0
1741656600000000,1.93730000,2.00890000,1.93690000,2.00710000,11246632.00000000,1741657499999999,22255504.97580000,78564,6522023.00000000,12903138.54010000,0
1741657500000000,2.00720000,2.02740000,1.99020000,2.02700000,5610454.00000000,1741658399999999,11287656.49810000,44640,2843688.00000000,5721410.59720000,0
1741658400000000,2.02690000,2.04300000,2.01510000,2.03700000,5124697.00000000,1741659299999999,10409083.19940000,42611,2705534.00000000,5496859.05950000,0
1741659300000000,2.03700000,2.06460000,2.03140000,2.04650000,4690713.00000000,1741660199999999,9603254.82830000,35450,2282340.00000000,4675698.88970000,0
1741660200000000,2.04650000,2.05060000,2.03190000,2.03770000,4498044.00000000,1741661099999999,9183428.37370000,28315,1965216.00000000,4014056.63410000,0
1741661100000000,2.03770000,2.05360000,2.02600000,2.03570000,3765949.00000000,1741661999999999,7675840.95590000,27844,1534853.00000000,3131899.16630000,0
1741662000000000,2.03570000,2.06460000,2.03200000,2.05330000,2560616.00000000,1741662899999999,5245816.82450000,24260,1381817.00000000,2830472.45890000,0
1741662900000000,2.05320000,2.05520000,2.04150000,2.04580000,1274097.00000000,1741663799999999,2607538.73180000,13253,632682.00000000,1295185.80990000,0
1741663800000000,2.04580000,2.05350000,2.04130000,2.05000000,1567103.00000000,1741664699999999,3211229.61780000,11681,912800.00000000,1870889.66450000,0
1741664700000000,2.05000000,2.05820000,2.04430000,2.04620000,1528476.00000000,1741665599999999,3136695.52270000,11456,775177.00000000,1591026.09370000,0
1741665600000000,2.04610000,2.06110000,2.04180000,2.05600000,2195566.00000000,1741666499999999,4510005.53830000,18575,1110109.00000000,2279868.84850000,0
1741666500000000,2.05600000,2.08610000,2.05520000,2.07920000,4450365.00000000,1741667399999999,9227812.47830000,32064,2391663.00000000,4959160.96900000,0
1741667400000000,2.07910000,2.08090000,2.06440000,2.06820000,1628243.00000000,1741668299999999,3374237.23010000,16343,831426.00000000,1723022.35230000,0
1741668300000000,2.06820000,2.07800000,2.06440000,2.07370000,1608918.00000000,1741669199999999,3331964.00970000,13406,855247.00000000,1770137.84780000,0
1741669200000000,2.07360000,2.12250000,2.06940000,2.11060000,5379318.00000000,1741670099999999,11293210.74090000,36606,3043765.00000000,6390876.57440000,0
1741670100000000,2.11060000,2.13140000,2.09810000,2.10510000,6290568.00000000,1741670999999999,13289869.04490000,43264,3416140.00000000,7216814.41380000,0
1741671000000000,2.10500000,2.10660000,2.08550000,2.09110000,4276521.00000000,1741671899999999,8962213.17110000,25959,1684002.00000000,3529511.78790000,0
1741671900000000,2.09100000,2.10480000,2.08790000,2.10100000,1969357.00000000,1741672799999999,4131182.34630000,13209,1215305.00000000,2549787.73140000,0
1741672800000000,2.10100000,2.12450000,2.09960000,2.11740000,2233537.00000000,1741673699999999,4714629.40260000,17234,1322508.00000000,2791927.44930000,0
1741673700000000,2.11740000,2.12380000,2.10780000,2.11200000,2344741.00000000,1741674599999999,4960593.19600000,19910,1323184.00000000,2799001.42430000,0
1741674600000000,2.11210000,2.11410000,2.09830000,2.10410000,2211910.00000000,1741675499999999,4654013.25250000,15161,724412.00000000,1524381.41660000,0
1741675500000000,2.10420000,2.10460000,2.08080000,2.08390000,2986179.00000000,1741676399999999,6244606.28710000,15694,1084748.00000000,2267744.22070000,0
1741676400000000,2.08400000,2.09710000,2.08170000,2.09680000,2517451.00000000,1741677299999999,5260444.93520000,15473,1223472.00000000,2557015.31200000,0
1741677300000000,2.09680000,2.11150000,2.09100000,2.09780000,1808341.00000000,1741678199999999,3802127.26390000,13159,981339.00000000,2063761.99450000,0
1741678200000000,2.09780000,2.09830000,2.08400000,2.08700000,1945716.00000000,1741679099999999,4067131.57240000,12551,861190.00000000,1800198.73190000,0
1741679100000000,2.08700000,2.10110000,2.08270000,2.09520000,1719616.00000000,1741679999999999,3596661.94710000,10682,1017153.00000000,2127496.13090000,0
1741680000000000,2.09520000,2.12250000,2.09000000,2.12140000,3358881.00000000,1741680899999999,7082304.31900000,15498,2089646.00000000,4405144.40360000,0
1741680900000000,2.12130000,2.13150000,2.11170000,2.12000000,2876311.00000000,1741681799999999,6097984.68640000,21527,1456763.00000000,3089720.67140000,0
1741681800000000,2.12000000,2.12090000,2.10940000,2.12010000,2483100.00000000,1741682699999999,5252396.11800000,15372,970438.00000000,2052838.20320000,0
1741682700000000,2.12010000,2.13690000,2.11750000,2.12060000,3592228.00000000,1741683599999999,7645156.39610000,29013,1648510.00000000,3508553.55030000,0
1741683600000000,2.12050000,2.14270000,2.11910000,2.13440000,2854911.00000000,1741684499999999,6082421.62230000,20749,1564341.00000000,3332849.69920000,0
1741684500000000,2.13440000,2.14950000,2.13440000,2.14650000,2288661.00000000,1741685399999999,4904389.74170000,15480,1339815.00000000,2871164.20130000,0
1741685400000000,2.14640000,2.14670000,2.13290000,2.13320000,2565184.00000000,1741686299999999,5486941.98860000,13630,1315854.00000000,2814392.35480000,0
1741686300000000,2.13320000,2.14030000,2.12790000,2.12880000,2089343.00000000,1741687199999999,4457581.19720000,11482,652743.00000000,1392920.12760000,0
1741687200000000,2.12880000,2.14200000,2.12420000,2.13390000,2694421.00000000,1741688099999999,5749918.80090000,11019,947694.00000000,2022466.31050000,0
1741688100000000,2.13380000,2.14240000,2.13150000,2.13700000,1427456.00000000,1741688999999999,3050114.31870000,7171,655088.00000000,1400276.47710000,0
1741689000000000,2.13710000,2.15440000,2.13440000,2.14860000,1905588.00000000,1741689899999999,4089810.32760000,11437,1117675.00000000,2398780.01860000,0
1741689900000000,2.14850000,2.15310000,2.13870000,2.14700000,1295401.00000000,1741690799999999,2778255.71720000,8881,657337.00000000,1409736.40800000,0
1741690800000000,2.14690000,2.15500000,2.12680000,2.12960000,2688128.00000000,1741691699999999,5749718.80130000,16101,1205028.00000000,2577724.16530000,0
1741691700000000,2.12960000,2.14660000,2.12960000,2.14450000,1539623.00000000,1741692599999999,3293561.96320000,9360,617296.00000000,1320675.48520000,0
1741692600000000,2.14460000,2.16380000,2.14350000,2.16290000,2584531.00000000,1741693499999999,5564595.52560000,12724,1521418.00000000,3276275.80460000,0
1741693500000000,2.16290000,2.16460000,2.15120000,2.15600000,1295512.00000000,1741694399999999,2793701.95720000,11727,618340.00000000,1333525.73500000,0
1741694400000000,2.15590000,2.16070000,2.12110000,2.12610000,4128355.00000000,1741695299999999,8845912.18230000,25715,1517278.00000000,3249997.40970000,0
1741695300000000,2.12610000,2.14150000,2.12210000,2.13620000,2468329.00000000,1741696199999999,5264220.34270000,15654,1213144.00000000,2587259.07030000,0
1741696200000000,2.13620000,2.13950000,2.11190000,2.11570000,4368815.00000000,1741697099999999,9274566.99810000,19944,1546616.00000000,3282850.81520000,0
1741697100000000,2.11570000,2.11690000,2.10000000,2.11130000,6091099.00000000,1741697999999999,12844110.78220000,33058,3595297.00000000,7582764.36930000,0
1741698000000000,2.11120000,2.11550000,2.08450000,2.08760000,6570943.00000000,1741698899999999,13764861.22860000,33653,2687773.00000000,5635742.11460000,0
1741698900000000,2.08770000,2.15500000,2.08650000,2.11890000,8067386.00000000,1741699799999999,17058901.15500000,45886,4435332.00000000,9373080.75180000,0
1741699800000000,2.11870000,2.13960000,2.10060000,2.12650000,9094909.00000000,1741700699999999,19296049.88630000,75866,4829858.00000000,10251379.11980000,0
1741700700000000,2.12650000,2.14200000,2.11240000,2.11350000,4767917.00000000,1741701599999999,10141241.74220000,34674,2429665.00000000,5170178.67280000,0
1741701600000000,2.11350000,2.12980000,2.08710000,2.10710000,9065501.00000000,1741702499999999,19129632.88060000,58625,4688273.00000000,9892113.05930000,0
1741702500000000,2.10700000,2.11390000,2.08110000,2.08420000,5292782.00000000,1741703399999999,11104412.58170000,36995,2414930.00000000,5068209.05090000,0
1741703400000000,2.08420000,2.09580000,2.05590000,2.07060000,12104590.00000000,1741704299999999,25071759.40930000,65545,6312985.00000000,13074309.94130000,0
1741704300000000,2.07050000,2.10310000,2.06160000,2.07660000,7763726.00000000,1741705199999999,16134717.92510000,44677,4166222.00000000,8660495.04840000,0
1741705200000000,2.07680000,2.12360000,2.07280000,2.11080000,8283948.00000000,1741706099999999,17424172.50960000,36067,4301094.00000000,9043591.11760000,0
1741706100000000,2.11080000,2.12630000,2.10850000,2.11080000,6196170.00000000,1741706999999999,13116200.79730000,29756,3364530.00000000,7123300.66210000,0
1741707000000000,2.11070000,2.13380000,2.10810000,2.12910000,3965635.00000000,1741707899999999,8425390.67830000,22189,2425887.00000000,5154095.51980000,0
1741707900000000,2.12900000,2.14560000,2.12280000,2.13580000,4341603.00000000,1741708799999999,9272787.50070000,21856,2307506.00000000,4928810.57120000,0
1741708800000000,2.13580000,2.13770000,2.10740000,2.10930000,3777337.00000000,1741709699999999,8017153.33520000,22040,1733569.00000000,3678088.09020000,0
1741709700000000,2.10940000,2.14040000,2.10720000,2.13810000,2628715.00000000,1741710599999999,5586703.50320000,16389,1558188.00000000,3311789.81220000,0
1741710600000000,2.13820000,2.14550000,2.12680000,2.13290000,3839850.00000000,1741711499999999,8208765.14680000,16795,2176614.00000000,4652081.84420000,0
1741711500000000,2.13290000,2.14040000,2.12180000,2.12460000,2135055.00000000,1741712399999999,4548011.97950000,13228,1078327.00000000,2297221.89930000,0
1741712400000000,2.12450000,2.12750000,2.11660000,2.12030000,2220966.00000000,1741713299999999,4711617.74910000,13042,1131532.00000000,2400213.54110000,0
1741713300000000,2.12030000,2.12480000,2.09330000,2.09480000,2929771.00000000,1741714199999999,6179982.23560000,8482,1234518.00000000,2603646.09370000,0
1741714200000000,2.09470000,2.10410000,2.08000000,2.10260000,4140204.00000000,1741715099999999,8662053.16140000,10687,2115958.00000000,4428576.37330000,0
1741715100000000,2.10230000,2.11190000,2.09430000,2.10020000,2018377.00000000,1741715999999999,4248470.39000000,5812,973353.00000000,2049449.70440000,0
1741716000000000,2.10010000,2.16070000,2.09910000,2.15820000,5369242.00000000,1741716899999999,11477926.34880000,17879,3232908.00000000,6910072.54760000,0
1741716900000000,2.15810000,2.17820000,2.14100000,2.16940000,7709203.00000000,1741717799999999,16670129.32830000,26517,4361723.00000000,9431861.78940000,0
1741717800000000,2.16940000,2.17560000,2.15550000,2.17300000,4320965.00000000,1741718699999999,9352045.26890000,12070,2035518.00000000,4407475.41140000,0
1741718700000000,2.17300000,2.19960000,2.16770000,2.18170000,6797378.00000000,1741719599999999,14856449.51740000,20989,3394119.00000000,7416380.42890000,0
1741719600000000,2.18160000,2.19680000,2.17470000,2.18870000,4843186.00000000,1741720499999999,10585846.86470000,17238,2112303.00000000,4617943.35140000,0
1741720500000000,2.18870000,2.19620000,2.17430000,2.19490000,4045227.00000000,1741721399999999,8840687.38890000,8552,2006931.00000000,4385785.01900000,0
1741721400000000,2.19490000,2.20150000,2.18850000,2.19490000,2713257.00000000,1741722299999999,5957633.16990000,7565,1497040.00000000,3287446.73050000,0
1741722300000000,2.19490000,2.21380000,2.19080000,2.20860000,3562266.00000000,1741723199999999,7846706.74840000,10170,1775546.00000000,3911443.23380000,0
1741723200000000,2.20870000,2.21060000,2.19030000,2.19320000,2534975.00000000,1741724099999999,5568911.03820000,11640,1151533.00000000,2529466.44740000,0
1741724100000000,2.19330000,2.19490000,2.17620000,2.17810000,2912322.00000000,1741724999999999,6365088.49430000,9911,1114063.00000000,2435430.86370000,0
1741725000000000,2.17820000,2.19770000,2.17810000,2.19760000,1725212.00000000,1741725899999999,3774522.13740000,7406,1059267.00000000,2317420.05030000,0
1741725900000000,2.19770000,2.20610000,2.19180000,2.19260000,1891139.00000000,1741726799999999,4158666.03160000,7737,981005.00000000,2157653.03930000,0
1741726800000000,2.19270000,2.20930000,2.19200000,2.20630000,1549450.00000000,1741727699999999,3413205.35030000,7005,915345.00000000,2016576.41050000,0
1741727700000000,2.20630000,2.21060000,2.20070000,2.20650000,1214587.00000000,1741728599999999,2677905.35370000,4754,461158.00000000,1016777.50620000,0
1741728600000000,2.20650000,2.20870000,2.18200000,2.18810000,2090845.00000000,1741729499999999,4584495.71920000,6699,796184.00000000,1746470.69830000,0
1741729500000000,2.18810000,2.20000000,2.18810000,2.19400000,828213.00000000,1741730399999999,1816863.16210000,5423,499777.00000000,1096356.70070000,0
1741730400000000,2.19390000,2.20320000,2.19300000,2.20290000,1433882.00000000,1741731299999999,3154436.35630000,6252,866674.00000000,1907132.54650000,0
1741731300000000,2.20280000,2.20480000,2.19020000,2.19650000,1334068.00000000,1741732199999999,2931244.91160000,5136,661176.00000000,1452303.93930000,0
1741732200000000,2.19650000,2.19670000,2.18670000,2.19370000,1100363.00000000,1741733099999999,2411463.61220000,5220,500940.00000000,1098088.90770000,0
1741733100000000,2.19360000,2.19860000,2.18920000,2.19480000,824163.00000000,1741733999999999,1808935.50250000,4464,423140.00000000,928764.81100000,0
1741734000000000,2.19470000,2.19630000,2.17850000,2.18110000,1428904.00000000,1741734899999999,3121575.41130000,7483,504731.00000000,1102692.04950000,0
1741734900000000,2.18100000,2.18100000,2.16630000,2.17160000,2530418.00000000,1741735799999999,5496242.52590000,10544,925941.00000000,2011116.31210000,0
1741735800000000,2.17160000,2.17420000,2.16330000,2.17090000,1938838.00000000,1741736699999999,4205665.53660000,8041,984479.00000000,2135806.85190000,0
1741736700000000,2.17090000,2.17250000,2.16340000,2.17110000,1332631.00000000,1741737599999999,2888620.59810000,5696,707524.00000000,1533748.60570000,0
1741737600000000,2.17100000,2.18270000,2.16000000,2.18220000,2917798.00000000,1741738499999999,6340510.61820000,13863,1445718.00000000,3142641.23280000,0
1741738500000000,2.18220000,2.19740000,2.17840000,2.18650000,2918492.00000000,1741739399999999,6379945.05210000,12682,1682508.00000000,3679626.65060000,0
1741739400000000,2.18660000,2.19830000,2.18180000,2.18510000,1890199.00000000,1741740299999999,4141347.70200000,9720,1083950.00000000,2375377.39280000,0
1741740300000000,2.18510000,2.18680000,2.17390000,2.18120000,1641048.00000000,1741741199999999,3576547.73830000,7745,689186.00000000,1501859.11550000,0
1741741200000000,2.18130000,2.20520000,2.17740000,2.19740000,2278123.00000000,1741742099999999,4993377.94770000,9923,1454302.00000000,3188316.35860000,0
1741742100000000,2.19740000,2.21270000,2.19330000,2.20690000,2415423.00000000,1741742999999999,5325725.79050000,10387,1209784.00000000,2667403.56390000,0
1741743000000000,2.20690000,2.22120000,2.20420000,2.21200000,3396130.00000000,1741743899999999,7511231.16150000,13970,1908593.00000000,4221800.68510000,0
1741743900000000,2.21190000,2.24640000,2.21150000,2.23010000,4201095.00000000,1741744799999999,9374316.01800000,18008,2509658.00000000,5597378.87650000,0
1741744800000000,2.23020000,2.24500000,2.21400000,2.24260000,2422611.00000000,1741745699999999,5400535.29950000,13982,1157663.00000000,2580611.08660000,0
1741745700000000,2.24270000,2.24440000,2.21570000,2.21720000,2411208.00000000,1741746599999999,5369725.29880000,11339,979755.00000000,2180096.85620000,0
1741746600000000,2.21730000,2.21850000,2.19370000,2.20130000,3087058.00000000,1741747499999999,6801057.47250000,14525,1350178.00000000,2973872.53970000,0
1741747500000000,2.20120000,2.20380000,2.18910000,2.19580000,2451050.00000000,1741748399999999,5385348.32730000,9574,1356971.00000000,2981170.45160000,0
1741748400000000,2.19570000,2.20970000,2.19030000,2.20530000,1615159.00000000,1741749299999999,3551145.42460000,10501,1018420.00000000,2239570.24480000,0
1741749300000000,2.20540000,2.20560000,2.19080000,2.19830000,1682319.00000000,1741750199999999,3696692.45250000,8326,658580.00000000,1446837.63820000,0
1741750200000000,2.19830000,2.20250000,2.18040000,2.18290000,2036066.00000000,1741751099999999,4459935.08310000,10075,688653.00000000,1508367.32740000,0
1741751100000000,2.18290000,2.18340000,2.16550000,2.16820000,2859575.00000000,1741751999999999,6212883.40690000,13561,935788.00000000,2033277.23440000,0
1741752000000000,2.16810000,2.16860000,2.15600000,2.16560000,3793835.00000000,1741752899999999,8202803.11070000,27018,2132766.00000000,4611833.66200000,0
1741752900000000,2.16550000,2.16970000,2.15020000,2.15210000,2774027.00000000,1741753799999999,5991008.24390000,21813,991991.00000000,2141824.52800000,0
1741753800000000,2.15200000,2.15960000,2.14350000,2.14840000,3109852.00000000,1741754699999999,6687461.98200000,23336,1481011.00000000,3185672.20580000,0
1741754700000000,2.14850000,2.16170000,2.14320000,2.15860000,3679778.00000000,1741755599999999,7918600.85610000,17869,2296721.00000000,4943444.71330000,0
1741755600000000,2.15870000,2.16910000,2.15600000,2.16910000,2042550.00000000,1741756499999999,4418409.03060000,15717,1254345.00000000,2713857.08630000,0
1741756500000000,2.16910000,2.17500000,2.16150000,2.16150000,1902997.00000000,1741757399999999,4124863.36530000,14475,882075.00000000,1912442.71760000,0
1741757400000000,2.16140000,2.17800000,2.16080000,2.17320000,1001961.00000000,1741758299999999,2175305.04290000,10222,645278.00000000,1400970.74680000,0
1741758300000000,2.17310000,2.18730000,2.16800000,2.18270000,1514889.00000000,1741759199999999,3302703.40010000,8959,967234.00000000,2109436.45600000,0
1741759200000000,2.18280000,2.18630000,2.16300000,2.16670000,1479526.00000000,1741760099999999,3213742.05240000,13924,600552.00000000,1303947.76080000,0
1741760100000000,2.16670000,2.17730000,2.16250000,2.17420000,1845998.00000000,1741760999999999,4006922.58030000,11497,1029574.00000000,2234331.39700000,0
1741761000000000,2.17430000,2.17850000,2.15280000,2.15390000,2002490.00000000,1741761899999999,4330584.28930000,14362,808764.00000000,1749749.53650000,0
1741761900000000,2.15390000,2.16150000,2.14540000,2.15990000,2221671.00000000,1741762799999999,4780360.42430000,19808,1164590.00000000,2505727.93770000,0
1741762800000000,2.15990000,2.17990000,2.15910000,2.16640000,2191882.00000000,1741763699999999,4754161.06860000,21482,1342236.00000000,2911899.18210000,0
1741763700000000,2.16650000,2.17600000,2.15860000,2.17080000,1432403.00000000,1741764599999999,3103545.24100000,11685,679795.00000000,1473221.42450000,0
1741764600000000,2.17070000,2.18130000,2.16680000,2.17230000,1551804.00000000,1741765499999999,3372470.11940000,15737,796761.00000000,1731940.89240000,0
1741765500000000,2.17230000,2.19430000,2.16890000,2.18870000,1726413.00000000,1741766399999999,3771632.29150000,11255,850516.00000000,1857393.14670000,0
1741766400000000,2.18860000,2.21920000,2.18540000,2.21670000,2664493.00000000,1741767299999999,5867859.21620000,19379,1750692.00000000,3855104.41130000,0
1741767300000000,2.21680000,2.21810000,2.18690000,2.21060000,3234724.00000000,1741768199999999,7120386.07780000,30370,1406614.00000000,3096242.54910000,0
1741768200000000,2.21060000,2.22650000,2.19990000,2.22100000,4586328.00000000,1741769099999999,10154451.15910000,24393,2684701.00000000,5943955.82200000,0
1741769100000000,2.22100000,2.23720000,2.21740000,2.22250000,2728646.00000000,1741769999999999,6077072.82960000,27103,1467665.00000000,3269107.15360000,0
1741770000000000,2.22260000,2.23190000,2.20560000,2.21280000,4384006.00000000,1741770899999999,9719850.80180000,36673,1883109.00000000,4174443.25340000,0
1741770900000000,2.21270000,2.21450000,2.19000000,2.19090000,4899637.00000000,1741771799999999,10775793.06450000,23474,1927607.00000000,4238654.18390000,0
1741771800000000,2.19090000,2.20500000,2.19050000,2.20400000,1767376.00000000,1741772699999999,3886647.11770000,16972,916494.00000000,2015530.70100000,0
1741772700000000,2.20400000,2.20800000,2.19740000,2.20350000,945564.00000000,1741773599999999,2083493.07660000,9384,526822.00000000,1161012.72700000,0
1741773600000000,2.20350000,2.20870000,2.18860000,2.19470000,1516676.00000000,1741774499999999,3328334.32830000,9133,789288.00000000,1731841.75780000,0
1741774500000000,2.19480000,2.20280000,2.18950000,2.19520000,1570112.00000000,1741775399999999,3447794.59220000,13623,914657.00000000,2008408.86290000,0
1741775400000000,2.19530000,2.19820000,2.17630000,2.18060000,2017631.00000000,1741776299999999,4406897.09370000,17145,656719.00000000,1434378.14070000,0
1741776300000000,2.18070000,2.18680000,2.16770000,2.17900000,2135540.00000000,1741777199999999,4647667.36140000,16884,893908.00000000,1945457.36410000,0
1741777200000000,2.17890000,2.19130000,2.17880000,2.19020000,1087266.00000000,1741778099999999,2377491.59780000,13451,647553.00000000,1415904.79280000,0
1741778100000000,2.19010000,2.19570000,2.18560000,2.19260000,1206688.00000000,1741778999999999,2644484.01730000,11622,612141.00000000,1341599.91320000,0
1741779000000000,2.19260000,2.20230000,2.18900000,2.19970000,1067384.00000000,1741779899999999,2345959.37820000,12863,602359.00000000,1324079.60520000,0
1741779900000000,2.19970000,2.21560000,2.19580000,2.21430000,1419286.00000000,1741780799999999,3130770.57380000,10991,909288.00000000,2006345.23120000,0
1741780800000000,2.21430000,2.22020000,2.19670000,2.20220000,3255421.00000000,1741781699999999,7184792.42360000,20851,1145167.00000000,2530764.33340000,0
1741781700000000,2.20220000,2.23710000,2.19940000,2.23510000,2854400.00000000,1741782599999999,6331716.40630000,21277,1662375.00000000,3688567.11630000,0
1741782600000000,2.23510000,2.27690000,2.23400000,2.23820000,17101565.00000000,1741783499999999,38569529.40400000,118377,8822728.00000000,19900838.83080000,0
1741783500000000,2.23820000,2.25380000,2.22120000,2.25170000,5767765.00000000,1741784399999999,12893060.56790000,52608,3168369.00000000,7086202.36770000,0
1741784400000000,2.25160000,2.26050000,2.22870000,2.23970000,5044948.00000000,1741785299999999,11336314.01690000,59897,2160676.00000000,4858153.22620000,0
1741785300000000,2.23970000,2.24140000,2.21330000,2.22070000,3509932.00000000,1741786199999999,7806432.19550000,45196,1378478.00000000,3066562.17090000,0
1741786200000000,2.22070000,2.23490000,2.20870000,2.21610000,4759322.00000000,1741787099999999,10578381.64580000,73487,2151388.00000000,4783633.41640000,0
1741787100000000,2.21610000,2.22360000,2.17740000,2.18880000,6605698.00000000,1741787999999999,14513776.03910000,71112,3410054.00000000,7493751.96370000,0
1741788000000000,2.18880000,2.19750000,2.17450000,2.18410000,4157730.00000000,1741788899999999,9095429.84700000,54258,2172714.00000000,4751901.32730000,0
1741788900000000,2.18420000,2.19180000,2.17390000,2.18070000,2448531.00000000,1741789799999999,5342510.04870000,32828,1256141.00000000,2741704.81190000,0
1741789800000000,2.18080000,2.19120000,2.15240000,2.17000000,5960308.00000000,1741790699999999,12915588.76280000,63086,2623221.00000000,5685241.99030000,0
1741790700000000,2.17010000,2.17580000,2.15920000,2.16760000,2687245.00000000,1741791599999999,5825262.43860000,33971,1512145.00000000,3278082.46350000,0
1741791600000000,2.16770000,2.17290000,2.13330000,2.14230000,5683938.00000000,1741792499999999,12197991.23400000,63691,2878115.00000000,6176720.82800000,0
1741792500000000,2.14240000,2.16420000,2.13820000,2.16060000,4023667.00000000,1741793399999999,8673663.33500000,41188,2305177.00000000,4972050.64140000,0
1741793400000000,2.16070000,2.17600000,2.16060000,2.17080000,3600125.00000000,1741794299999999,7805471.35000000,32270,2088473.00000000,4529023.99310000,0
1741794300000000,2.17090000,2.23500000,2.16950000,2.20380000,14032078.00000000,1741795199999999,30956985.66450000,73048,7530040.00000000,16611317.70400000,0
1741795200000000,2.20370000,2.25340000,2.18850000,2.24990000,13039793.00000000,1741796099999999,29004070.01610000,114106,6155302.00000000,13710509.65940000,0
1741796100000000,2.25000000,2.25440000,2.19360000,2.19580000,6618034.00000000,1741796999999999,14692162.44960000,61437,2728611.00000000,6055431.03150000,0
1741797000000000,2.19580000,2.22030000,2.19380000,2.19650000,4227554.00000000,1741797899999999,9326991.43430000,42996,2358977.00000000,5205671.72660000,0
1741797900000000,2.19650000,2.21490000,2.19530000,2.20070000,2297103.00000000,1741798799999999,5065724.31860000,32711,1119560.00000000,2469590.78710000,0
1741798800000000,2.20080000,2.22370000,2.19690000,2.21640000,2773126.00000000,1741799699999999,6136700.46680000,37681,1442636.00000000,3193375.73060000,0
1741799700000000,2.21640000,2.23150000,2.21520000,2.22820000,2221570.00000000,1741800599999999,4944101.28030000,27120,1155220.00000000,2571038.97720000,0
1741800600000000,2.22820000,2.23530000,2.21270000,2.21410000,3104268.00000000,1741801499999999,6903918.93100000,31401,1441764.00000000,3207650.80100000,0
1741801500000000,2.21410000,2.22040000,2.20140000,2.20690000,2565227.00000000,1741802399999999,5672944.92590000,25964,1126202.00000000,2491043.56660000,0
1741802400000000,2.20700000,2.22900000,2.20370000,2.22280000,2091437.00000000,1741803299999999,4632740.47050000,26496,1062730.00000000,2354348.64760000,0
1741803300000000,2.22270000,2.23380000,2.22170000,2.23090000,1506725.00000000,1741804199999999,3357653.46390000,26812,750128.00000000,1671558.44850000,0
1741804200000000,2.23100000,2.23540000,2.21900000,2.23530000,1229420.00000000,1741805099999999,2740734.74630000,14141,703145.00000000,1567381.05650000,0
1741805100000000,2.23520000,2.24560000,2.22750000,2.23260000,2205526.00000000,1741805999999999,4932846.65070000,17966,1220236.00000000,2729712.67730000,0
1741806000000000,2.23250000,2.23640000,2.21950000,2.23550000,1385077.00000000,1741806899999999,3084557.00920000,16122,625529.00000000,1392769.52970000,0
1741806900000000,2.23540000,2.24650000,2.22940000,2.24290000,2390485.00000000,1741807799999999,5356073.22620000,19291,1341982.00000000,3007354.52520000,0
1741807800000000,2.24300000,2.24680000,2.22590000,2.23450000,3082317.00000000,1741808699999999,6891255.93370000,29710,989923.00000000,2213335.12080000,0
1741808700000000,2.23450000,2.24650000,2.22750000,2.23790000,2015757.00000000,1741809599999999,4509473.19920000,25914,1158838.00000000,2592698.21850000,0
1741809600000000,2.23790000,2.24240000,2.22850000,2.23520000,1596171.00000000,1741810499999999,3570252.21900000,16432,868031.00000000,1941374.13450000,0
1741810500000000,2.23510000,2.23760000,2.22250000,2.22320000,1119285.00000000,1741811399999999,2495807.22120000,15675,519885.00000000,1159379.29090000,0
1741811400000000,2.22320000,2.23630000,2.22320000,2.23240000,1642564.00000000,1741812299999999,3665767.88080000,14974,1065100.00000000,2376412.62270000,0
1741812300000000,2.23230000,2.23600000,2.22360000,2.22940000,952766.00000000,1741813199999999,2122878.23760000,14354,447585.00000000,997446.51860000,0
1741813200000000,2.22940000,2.23760000,2.22340000,2.23270000,1379481.00000000,1741814099999999,3079033.06920000,13051,816001.00000000,1821177.63150000,0
1741814100000000,2.23260000,2.24040000,2.22590000,2.23070000,1112081.00000000,1741814999999999,2485147.45890000,10196,591981.00000000,1322794.12200000,0
1741815000000000,2.23070000,2.23450000,2.21780000,2.21920000,1263863.00000000,1741815899999999,2809488.64580000,13539,589153.00000000,1309643.30890000,0
1741815900000000,2.21910000,2.22310000,2.21200000,2.22010000,1140313.00000000,1741816799999999,2527630.22650000,14664,564899.00000000,1252391.17430000,0
1741816800000000,2.22020000,2.23010000,2.21780000,2.22730000,1400238.00000000,1741817699999999,3116029.70900000,22130,877129.00000000,1952102.17000000,0
1741817700000000,2.22720000,2.23910000,2.22570000,2.23310000,1497198.00000000,1741818599999999,3344183.10850000,13388,894935.00000000,1998842.31630000,0
1741818600000000,2.23310000,2.24000000,2.22940000,2.23440000,1567393.00000000,1741819499999999,3502768.05100000,20508,892441.00000000,1994264.19900000,0
1741819500000000,2.23450000,2.23520000,2.22850000,2.22940000,1162160.00000000,1741820399999999,2594027.79900000,12967,581203.00000000,1297114.67380000,0
1741820400000000,2.22950000,2.23160000,2.22230000,2.22430000,798340.00000000,1741821299999999,1777244.43150000,13689,330417.00000000,735614.35300000,0
1741821300000000,2.22430000,2.23090000,2.22140000,2.22770000,975625.00000000,1741822199999999,2171543.72190000,9995,494042.00000000,1099692.54430000,0
1741822200000000,2.22760000,2.23670000,2.22370000,2.23540000,1220800.00000000,1741823099999999,2725852.80460000,12907,781034.00000000,1743998.64330000,0
1741823100000000,2.23540000,2.24330000,2.23270000,2.23960000,2759253.00000000,1741823999999999,6176645.15870000,16099,1600971.00000000,3583269.62520000,0
1741824000000000,2.23950000,2.24560000,2.23030000,2.23130000,1280405.00000000,1741824899999999,2862895.38140000,18679,586340.00000000,1311691.68900000,0
1741824900000000,2.23120000,2.25290000,2.22620000,2.23980000,2820172.00000000,1741825799999999,6329833.28490000,29064,1472572.00000000,3307285.58470000,0
1741825800000000,2.23980000,2.24870000,2.23320000,2.24770000,1633159.00000000,1741826699999999,3661193.93120000,25250,766063.00000000,1717600.27280000,0
1741826700000000,2.24780000,2.24810000,2.23210000,2.23350000,1510893.00000000,1741827599999999,3380936.41690000,15505,639944.00000000,1432128.11820000,0
1741827600000000,2.23350000,2.24640000,2.22690000,2.24410000,1362116.00000000,1741828499999999,3045045.09690000,15220,637810.00000000,1425849.45840000,0
1741828500000000,2.24400000,2.24770000,2.23210000,2.24150000,1109444.00000000,1741829399999999,2484655.33820000,9000,551442.00000000,1234330.41340000,0
1741829400000000,2.24150000,2.24590000,2.23390000,2.23610000,887878.00000000,1741830299999999,1988669.47350000,9490,306243.00000000,685712.31470000,0
1741830300000000,2.23610000,2.25600000,2.23580000,2.24920000,1920999.00000000,1741831199999999,4319030.88190000,14866,939187.00000000,2111792.59200000,0
1741831200000000,2.24920000,2.25880000,2.24530000,2.25570000,1365950.00000000,1741832099999999,3077132.65550000,11343,716438.00000000,1613952.77580000,0
1741832100000000,2.25570000,2.25600000,2.24780000,2.25080000,1093076.00000000,1741832999999999,2461041.09530000,6518,649784.00000000,1463050.68020000,0
1741833000000000,2.25070000,2.25200000,2.24050000,2.24140000,1482145.00000000,1741833899999999,3325167.32100000,6774,878480.00000000,1970432.14820000,0
1741833900000000,2.24130000,2.24610000,2.23360000,2.23500000,1394564.00000000,1741834799999999,3123307.11520000,6273,647623.00000000,1450524.63820000,0
1741834800000000,2.23500000,2.24300000,2.23200000,2.24230000,1581379.00000000,1741835699999999,3539207.32830000,10022,1103776.00000000,2470307.33310000,0
1741835700000000,2.24220000,2.25100000,2.24190000,2.24190000,918377.00000000,1741836599999999,2062684.23740000,5692,512345.00000000,1150809.15440000,0
1741836600000000,2.24200000,2.24230000,2.23450000,2.23950000,972359.00000000,1741837499999999,2175547.19810000,4942,526954.00000000,1178945.33370000,0
1741837500000000,2.23940000,2.24440000,2.23620000,2.24080000,942163.00000000,1741838399999999,2111144.65920000,5421,468320.00000000,1049288.33960000,0
1741838400000000,2.24070000,2.24600000,2.23910000,2.24050000,1907129.00000000,1741839299999999,4275986.70170000,9254,831682.00000000,1864644.97950000,0
1741839300000000,2.24060000,2.24270000,2.23010000,2.23060000,1641956.00000000,1741840199999999,3669011.01920000,8535,907743.00000000,2028300.97400000,0
1741840200000000,2.23060000,2.23500000,2.22100000,2.22540000,1470366.00000000,1741841099999999,3273161.86550000,9140,601391.00000000,1339083.00030000,0
1741841100000000,2.22550000,2.23590000,2.22460000,2.23020000,1018828.00000000,1741841999999999,2272279.65020000,8037,441977.00000000,985523.63690000,0
1741842000000000,2.23030000,2.23970000,2.22880000,2.23830000,641263.00000000,1741842899999999,1433393.60100000,9351,324016.00000000,724320.93810000,0
1741842900000000,2.23820000,2.25390000,2.23560000,2.25080000,1789117.00000000,1741843799999999,4020525.24550000,8483,987949.00000000,2220424.87680000,0
1741843800000000,2.25080000,2.25120000,2.23530000,2.23750000,1487208.00000000,1741844699999999,3334871.88910000,9242,553908.00000000,1241967.58020000,0
1741844700000000,2.23740000,2.24600000,2.23200000,2.23480000,1443239.00000000,1741845599999999,3231116.55530000,8461,474518.00000000,1061659.82760000,0
1741845600000000,2.23480000,2.23810000,2.22270000,2.22470000,1298214.00000000,1741846499999999,2891500.83630000,11576,552342.00000000,1230548.70380000,0
1741846500000000,2.22480000,2.22810000,2.21760000,2.22320000,2177518.00000000,1741847399999999,4839479.01240000,10916,1015446.00000000,2256625.86450000,0
1741847400000000,2.22320000,2.23000000,2.22160000,2.22670000,1755261.00000000,1741848299999999,3907612.82960000,9747,1138383.00000000,2534633.36740000,0
1741848300000000,2.22680000,2.23290000,2.22440000,2.22920000,1403384.00000000,1741849199999999,3127457.01600000,12938,917939.00000000,2045714.64150000,0
1741849200000000,2.22930000,2.23240000,2.22370000,2.22930000,1670148.00000000,1741850099999999,3721638.67890000,9847,1186553.00000000,2644213.19150000,0
1741850100000000,2.22940000,2.24180000,2.22850000,2.23910000,1249275.00000000,1741850999999999,2793688.73400000,13901,619929.00000000,1386218.55900000,0
1741851000000000,2.23920000,2.24110000,2.22970000,2.23070000,795475.00000000,1741851899999999,1777725.70000000,5866,386676.00000000,864207.01730000,0
1741851900000000,2.23080000,2.24050000,2.22490000,2.23400000,2179925.00000000,1741852799999999,4864332.33130000,7667,1356619.00000000,3025629.15680000,0
1741852800000000,2.23400000,2.24440000,2.23160000,2.23860000,770277.00000000,1741853699999999,1724527.27090000,6112,431073.00000000,965139.55730000,0
1741853700000000,2.23850000,2.24000000,2.21900000,2.21970000,1804495.00000000,1741854599999999,4021771.83980000,7470,852854.00000000,1901237.19280000,0
1741854600000000,2.21980000,2.22660000,2.21370000,2.21890000,1949266.00000000,1741855499999999,4328557.87700000,9569,953159.00000000,2117095.30870000,0
1741855500000000,2.21890000,2.23440000,2.21860000,2.23230000,1201296.00000000,1741856399999999,2675266.64060000,9042,657392.00000000,1463737.14100000,0
1741856400000000,2.23240000,2.24670000,2.23200000,2.24110000,2548025.00000000,1741857299999999,5706883.42320000,15162,1311548.00000000,2937039.29120000,0
1741857300000000,2.24110000,2.24930000,2.23990000,2.24430000,2023890.00000000,1741858199999999,4544773.69630000,11310,1120212.00000000,2515735.10060000,0
1741858200000000,2.24440000,2.25650000,2.24270000,2.25570000,2907942.00000000,1741859099999999,6547390.50010000,12223,1687165.00000000,3798998.17090000,0
1741859100000000,2.25580000,2.28890000,2.25570000,2.28050000,7596041.00000000,1741859999999999,17277852.36270000,37007,4289961.00000000,9754316.86770000,0
1741860000000000,2.28050000,2.28150000,2.26100000,2.26760000,2234434.00000000,1741860899999999,5071259.01610000,19456,1085617.00000000,2464369.94090000,0
1741860900000000,2.26770000,2.26960000,2.25030000,2.26120000,3018654.00000000,1741861799999999,6817537.05180000,16796,1190437.00000000,2687624.10270000,0
1741861800000000,2.26120000,2.26700000,2.25470000,2.25700000,1318391.00000000,1741862699999999,2981637.50300000,12442,676493.00000000,1530200.96690000,0
1741862700000000,2.25710000,2.27780000,2.25400000,2.26870000,2365165.00000000,1741863599999999,5361633.91950000,16397,1653065.00000000,3747045.65920000,0
1741863600000000,2.26860000,2.27500000,2.26400000,2.26980000,1942227.00000000,1741864499999999,4407627.45620000,20322,900295.00000000,2043106.76920000,0
1741864500000000,2.26980000,2.26980000,2.25980000,2.26430000,1577916.00000000,1741865399999999,3572987.23180000,17477,848839.00000000,1922146.95250000,0
1741865400000000,2.26420000,2.27220000,2.26000000,2.26880000,1471010.00000000,1741866299999999,3335364.97420000,19077,792721.00000000,1797118.88870000,0
1741866300000000,2.26890000,2.28420000,2.26180000,2.28410000,1941026.00000000,1741867199999999,4411651.53390000,27095,1084493.00000000,2465064.81050000,0
1741867200000000,2.28410000,2.29050000,2.27510000,2.27760000,3243978.00000000,1741868099999999,7400707.85440000,42981,1579168.00000000,3604024.98250000,0
1741868100000000,2.27770000,2.32490000,2.27750000,2.32350000,9736295.00000000,1741868999999999,22461381.08580000,59991,4407361.00000000,10159828.62120000,0
1741869000000000,2.32350000,2.34280000,2.28880000,2.30300000,12518202.00000000,1741869899999999,28967424.97600000,93733,5915353.00000000,13689718.71120000,0
1741869900000000,2.30300000,2.30460000,2.28210000,2.29350000,4256774.00000000,1741870799999999,9759605.88030000,41275,1868628.00000000,4284969.63560000,0
1741870800000000,2.29340000,2.32470000,2.29270000,2.30880000,4676922.00000000,1741871699999999,10814943.31270000,63749,2655614.00000000,6140454.66140000,0
1741871700000000,2.30880000,2.34700000,2.30830000,2.34000000,5372510.00000000,1741872599999999,12517692.14060000,57890,3085696.00000000,7188324.02740000,0
1741872600000000,2.34010000,2.34700000,2.31280000,2.31710000,6948107.00000000,1741873499999999,16181087.96870000,74258,3392066.00000000,7898416.08020000,0
1741873500000000,2.31710000,2.31840000,2.27420000,2.28350000,7353790.00000000,1741874399999999,16873023.10210000,70314,2902258.00000000,6660624.11920000,0
1741874400000000,2.28350000,2.31700000,2.27660000,2.30850000,6666297.00000000,1741875299999999,15338598.60560000,74945,3738668.00000000,8604687.92770000,0
1741875300000000,2.30850000,2.33180000,2.30590000,2.31180000,5978149.00000000,1741876199999999,13862508.38430000,64838,2678189.00000000,6212847.68710000,0
1741876200000000,2.31170000,2.32830000,2.31040000,2.32380000,2839539.00000000,1741877099999999,6588339.52010000,37722,1502932.00000000,3488082.19660000,0
1741877100000000,2.32370000,2.33690000,2.31070000,2.32050000,4140486.00000000,1741877999999999,9631942.59810000,38719,1836504.00000000,4273693.58460000,0
1741878000000000,2.32040000,2.32710000,2.29460000,2.30900000,3178939.00000000,1741878899999999,7340191.07440000,45067,1738627.00000000,4015485.01330000,0
1741878900000000,2.30900000,2.31760000,2.29850000,2.30760000,2546587.00000000,1741879799999999,5877172.41700000,34371,1061167.00000000,2450034.73700000,0
1741879800000000,2.30760000,2.31550000,2.28200000,2.29340000,5014625.00000000,1741880699999999,11499030.06800000,50155,2086343.00000000,4784517.40380000,0
1741880700000000,2.29330000,2.29450000,2.27660000,2.28790000,4748934.00000000,1741881599999999,10839912.48890000,38659,1861553.00000000,4250689.82570000,0
1741881600000000,2.28800000,2.30860000,2.28500000,2.28980000,3200087.00000000,1741882499999999,7342668.72480000,41988,1742147.00000000,3997393.94500000,0
1741882500000000,2.28980000,2.29340000,2.26700000,2.27030000,3877749.00000000,1741883399999999,8839615.03570000,54313,1644240.00000000,3750630.45140000,0
1741883400000000,2.27020000,2.28940000,2.26720000,2.27320000,3066608.00000000,1741884299999999,6984669.19700000,38827,1677031.00000000,3820438.94670000,0
1741884300000000,2.27330000,2.27690000,2.25540000,2.27090000,5043919.00000000,1741885199999999,11413432.77050000,44008,2233597.00000000,5055147.38720000,0
1741885200000000,2.27090000,2.27340000,2.25140000,2.26170000,3766402.00000000,1741886099999999,8530350.26640000,43896,1819233.00000000,4120831.01660000,0
1741886100000000,2.26180000,2.26250000,2.24180000,2.24660000,3561248.00000000,1741886999999999,8007954.75690000,31663,1487951.00000000,3345455.70690000,0
1741887000000000,2.24650000,2.24800000,2.22720000,2.23000000,4325301.00000000,1741887899999999,9662767.81950000,49783,2102231.00000000,4696568.51750000,0
1741887900000000,2.23000000,2.23260000,2.21510000,2.22190000,6567353.00000000,1741888799999999,14601517.58010000,54086,2879301.00000000,6401564.32790000,0
1741888800000000,2.22190000,2.25190000,2.21980000,2.24850000,3920842.00000000,1741889699999999,8778109.92460000,43208,2629472.00000000,5885997.53760000,0
1741889700000000,2.24850000,2.25850000,2.23870000,2.25710000,2168649.00000000,1741890599999999,4876065.45100000,22947,1252657.00000000,2818332.19760000,0
1741890600000000,2.25720000,2.27380000,2.25140000,2.26680000,3188314.00000000,1741891499999999,7209689.87330000,29835,1917736.00000000,4337191.33940000,0
1741891500000000,2.26670000,2.27220000,2.25610000,2.26270000,1884701.00000000,1741892399999999,4265957.53720000,18305,688089.00000000,1558395.60990000,0
1741892400000000,2.26270000,2.26540000,2.24490000,2.25090000,1650224.00000000,1741893299999999,3721521.35570000,14238,721163.00000000,1626758.76390000,0
1741893300000000,2.25100000,2.25140000,2.23570000,2.23890000,1513714.00000000,1741894199999999,3393737.26980000,19873,564099.00000000,1264922.30090000,0
1741894200000000,2.23890000,2.24350000,2.23050000,2.23310000,1762262.00000000,1741895099999999,3940891.61070000,18660,829002.00000000,1854031.75490000,0
1741895100000000,2.23310000,2.24490000,2.22920000,2.23870000,1316779.00000000,1741895999999999,2946581.55090000,21663,726740.00000000,1626690.93790000,0
1741896000000000,2.23870000,2.24910000,2.23670000,2.24590000,946246.00000000,1741896899999999,2124236.68550000,13829,670569.00000000,1505509.82610000,0
1741896900000000,2.24590000,2.25820000,2.24430000,2.25760000,833952.00000000,1741897799999999,1878374.71550000,11627,524986.00000000,1182639.88260000,0
1741897800000000,2.25760000,2.26030000,2.23430000,2.23440000,870646.00000000,1741898699999999,1957056.00460000,13443,388603.00000000,874114.44120000,0
1741898700000000,2.23440000,2.23500000,2.21870000,2.22130000,2492043.00000000,1741899599999999,5547607.30770000,23747,1115515.00000000,2483251.96950000,0
1741899600000000,2.22120000,2.23250000,2.22030000,2.22400000,1126784.00000000,1741900499999999,2509497.53820000,13803,666509.00000000,1484559.64480000,0
1741900500000000,2.22410000,2.23270000,2.22010000,2.23140000,807039.00000000,1741901399999999,1796657.65710000,8896,419799.00000000,934795.31920000,0
1741901400000000,2.23150000,2.23220000,2.21850000,2.23140000,1096886.00000000,1741902299999999,2440324.29000000,15104,631570.00000000,1404982.80190000,0
1741902300000000,2.23140000,2.23780000,2.22690000,2.23780000,671105.00000000,1741903199999999,1497014.79400000,10216,400543.00000000,893545.05370000,0
1741903200000000,2.23780000,2.24890000,2.23250000,2.24740000,1800221.00000000,1741904099999999,4037426.55180000,19032,1139198.00000000,2554593.98680000,0
1741904100000000,2.24750000,2.24890000,2.23430000,2.24790000,1579041.00000000,1741904999999999,3538455.09590000,12878,811883.00000000,1819537.91870000,0
1741905000000000,2.24790000,2.25290000,2.24420000,2.25260000,1216278.00000000,1741905899999999,2735619.30890000,10437,506503.00000000,1139313.97080000,0
1741905900000000,2.25260000,2.26890000,2.25240000,2.26770000,1958624.00000000,1741906799999999,4427185.28090000,15057,1403237.00000000,3172462.24460000,0
1741906800000000,2.26770000,2.27610000,2.25950000,2.27050000,2107599.00000000,1741907699999999,4778493.64430000,23661,1051199.00000000,2384611.00870000,0
1741907700000000,2.27040000,2.27070000,2.24730000,2.24780000,1822122.00000000,1741908599999999,4112746.42240000,15431,634962.00000000,1432518.42250000,0
1741908600000000,2.24770000,2.25540000,2.24430000,2.24730000,1010524.00000000,1741909499999999,2272033.81760000,12411,541278.00000000,1217261.80040000,0
1741909500000000,2.24730000,2.25490000,2.24720000,2.25270000,649757.00000000,1741910399999999,1462907.85960000,9561,376197.00000000,847042.79260000,0
1741910400000000,2.25260000,2.25370000,2.23710000,2.24470000,1968023.00000000,1741911299999999,4416027.98020000,18841,639733.00000000,1435445.53980000,0
1741911300000000,2.24470000,2.25430000,2.23730000,2.25200000,1106600.00000000,1741912199999999,2485908.57740000,15251,686015.00000000,1541316.43140000,0
1741912200000000,2.25190000,2.26820000,2.25160000,2.26780000,1841506.00000000,1741913099999999,4160229.02410000,18711,1146486.00000000,2590139.57040000,0
1741913100000000,2.26780000,2.27480000,2.26210000,2.26510000,1711413.00000000,1741913999999999,3883025.75270000,15967,927408.00000000,2104696.23850000,0
1741914000000000,2.26520000,2.26540000,2.25450000,2.26300000,1048054.00000000,1741914899999999,2368936.46550000,12951,450898.00000000,1019120.52920000,0
1741914900000000,2.26310000,2.26430000,2.25380000,2.26230000,664154.00000000,1741915799999999,1499985.03470000,11707,304354.00000000,687587.16590000,0
1741915800000000,2.26240000,2.27780000,2.26220000,2.27400000,1558327.00000000,1741916699999999,3538439.27990000,14907,852994.00000000,1936800.62870000,0
1741916700000000,2.27400000,2.27560000,2.26560000,2.26610000,2710855.00000000,1741917599999999,6155399.47190000,13965,791688.00000000,1797083.29830000,0
1741917600000000,2.26600000,2.27120000,2.26230000,2.26380000,1262599.00000000,1741918499999999,2860875.54930000,10555,648264.00000000,1469249.29820000,0
1741918500000000,2.26380000,2.28050000,2.26120000,2.27850000,5875612.00000000,1741919399999999,13338154.95510000,20484,3576049.00000000,8110755.17200000,0
1741919400000000,2.27840000,2.28580000,2.27080000,2.28430000,4927843.00000000,1741920299999999,11221295.96380000,25533,2692096.00000000,6126920.85180000,0
1741920300000000,2.28420000,2.30080000,2.28010000,2.29550000,3986246.00000000,1741921199999999,9132736.38900000,27470,2399771.00000000,5498355.54170000,0
1741921200000000,2.29550000,2.29580000,2.28540000,2.28770000,2329976.00000000,1741922099999999,5331623.43060000,19373,721611.00000000,1651357.02030000,0
1741922100000000,2.28780000,2.29470000,2.28480000,2.28520000,1048416.00000000,1741922999999999,2400390.65220000,12356,540901.00000000,1238689.95320000,0
1741923000000000,2.28520000,2.29030000,2.27900000,2.28900000,2574581.00000000,1741923899999999,5883133.12540000,13523,863111.00000000,1972346.72660000,0
1741923900000000,2.28910000,2.29260000,2.27790000,2.29110000,4914215.00000000,1741924799999999,11222434.41800000,18949,2858895.00000000,6526857.37280000,0
1741924800000000,2.29110000,2.29920000,2.29040000,2.29860000,2525500.00000000,1741925699999999,5798096.29820000,15869,985764.00000000,2262889.81700000,0
1741925700000000,2.29850000,2.29850000,2.29080000,2.29240000,604076.00000000,1741926599999999,1385947.96930000,10050,286648.00000000,657667.23540000,0
1741926600000000,2.29230000,2.29420000,2.28670000,2.29040000,1005851.00000000,1741927499999999,2304054.09170000,11803,500743.00000000,1147235.97820000,0
1741927500000000,2.29040000,2.29790000,2.29040000,2.29410000,618745.00000000,1741928399999999,1420444.62550000,11573,322759.00000000,740978.93280000,0
1741928400000000,2.29410000,2.29670000,2.28760000,2.28790000,965403.00000000,1741929299999999,2211968.89120000,7768,372751.00000000,854035.10310000,0
1741929300000000,2.28780000,2.29780000,2.28780000,2.29460000,861267.00000000,1741930199999999,1975852.96360000,6417,440015.00000000,1009374.65020000,0
1741930200000000,2.29470000,2.30960000,2.29280000,2.30760000,1688876.00000000,1741931099999999,3891585.18130000,13519,822904.00000000,1895961.56540000,0
1741931100000000,2.30750000,2.30770000,2.29820000,2.30080000,2190626.00000000,1741931999999999,5044052.77970000,14287,944901.00000000,2176230.40090000,0
1741932000000000,2.30080000,2.32000000,2.28000000,2.29580000,9472835.00000000,1741932899999999,21788162.64910000,35396,4946842.00000000,11387212.05770000,0
1741932900000000,2.29580000,2.29820000,2.28470000,2.28650000,1488129.00000000,1741933799999999,3408917.24180000,15205,607731.00000000,1392030.72130000,0
1741933800000000,2.28650000,2.29080000,2.27990000,2.28130000,1830268.00000000,1741934699999999,4182177.59330000,13764,791592.00000000,1808591.42190000,0
1741934700000000,2.28120000,2.28800000,2.28050000,2.28680000,1834313.00000000,1741935599999999,4189250.33830000,14183,1028175.00000000,2348097.86200000,0
1741935600000000,2.28680000,2.29830000,2.28090000,2.29310000,1810429.00000000,1741936499999999,4145084.09370000,14091,1213695.00000000,2778653.16280000,0
1741936500000000,2.29320000,2.29850000,2.29150000,2.29410000,1107447.00000000,1741937399999999,2541763.28960000,8625,402090.00000000,922590.65180000,0
1741937400000000,2.29410000,2.30110000,2.28710000,2.30050000,1017298.00000000,1741938299999999,2331905.37590000,9770,439074.00000000,1007149.89410000,0
1741938300000000,2.30050000,2.30550000,2.29440000,2.29460000,1008261.00000000,1741939199999999,2318889.27030000,7714,602056.00000000,1384462.84010000,0
1741939200000000,2.29450000,2.30020000,2.29020000,2.29590000,640545.00000000,1741940099999999,1470382.37670000,7353,370174.00000000,849851.28780000,0
1741940100000000,2.29590000,2.30890000,2.29550000,2.30620000,1440782.00000000,1741940999999999,3319504.24530000,11911,660261.00000000,1520898.70290000,0
1741941000000000,2.30620000,2.31990000,2.30300000,2.30840000,3152246.00000000,1741941899999999,7285037.90640000,22915,1606632.00000000,3713457.92360000,0
1741941900000000,2.30850000,2.31700000,2.30810000,2.30890000,1706580.00000000,1741942799999999,3946875.43740000,16609,715546.00000000,1655034.10730000,0
1741942800000000,2.30890000,2.31950000,2.30580000,2.31070000,1112262.00000000,1741943699999999,2572424.92350000,16214,550499.00000000,1273003.21520000,0
1741943700000000,2.31070000,2.32450000,2.30810000,2.32230000,1537236.00000000,1741944599999999,3562415.30160000,13463,923702.00000000,2140950.24610000,0
1741944600000000,2.32230000,2.32590000,2.31300000,2.32240000,1073211.00000000,1741945499999999,2489729.69430000,13203,434807.00000000,1008509.67110000,0
1741945500000000,2.32250000,2.32290000,2.31170000,2.31380000,851175.00000000,1741946399999999,1971642.72770000,9085,360816.00000000,835884.54290000,0
1741946400000000,2.31380000,2.31480000,2.30500000,2.30800000,1158966.00000000,1741947299999999,2675744.02720000,9235,309144.00000000,713676.91030000,0
1741947300000000,2.30810000,2.32500000,2.30790000,2.32370000,1299086.00000000,1741948199999999,3010480.07410000,11736,807620.00000000,1871404.58300000,0
1741948200000000,2.32370000,2.33050000,2.32280000,2.32460000,1564827.00000000,1741949099999999,3641037.68730000,16934,916316.00000000,2132258.24200000,0
1741949100000000,2.32460000,2.33220000,2.31800000,2.32180000,1715452.00000000,1741949999999999,3988743.51840000,18520,619102.00000000,1440070.40920000,0
1741950000000000,2.32170000,2.32320000,2.31140000,2.31660000,1898591.00000000,1741950899999999,4401319.44400000,18611,775013.00000000,1797214.46940000,0
1741950900000000,2.31660000,2.32250000,2.31340000,2.32140000,856969.00000000,1741951799999999,1986550.06460000,11352,477572.00000000,1107107.62190000,0
1741951800000000,2.32140000,2.32380000,2.31760000,2.31900000,812928.00000000,1741952699999999,1886742.09720000,8887,463551.00000000,1075826.92240000,0
1741952700000000,2.31900000,2.32010000,2.31440000,2.31650000,599160.00000000,1741953599999999,1388184.68970000,7978,214405.00000000,496800.31100000,0
1741953600000000,2.31660000,2.31990000,2.30890000,2.31850000,1176561.00000000,1741954499999999,2722391.62370000,10420,469482.00000000,1086397.48880000,0
1741954500000000,2.31860000,2.32080000,2.31340000,2.31560000,886360.00000000,1741955399999999,2054317.89000000,8733,367974.00000000,852961.82270000,0
1741955400000000,2.31570000,2.31600000,2.30000000,2.30140000,1974808.00000000,1741956299999999,4553122.67880000,12492,593737.00000000,1369693.74130000,0
1741956300000000,2.30140000,2.30720000,2.29650000,2.30670000,1611150.00000000,1741957199999999,3708575.51250000,15891,853202.00000000,1964248.15760000,0
1741957200000000,2.30680000,2.31640000,2.30620000,2.30710000,1566297.00000000,1741958099999999,3620978.34080000,13934,698986.00000000,1616004.38940000,0
1741958100000000,2.30700000,2.31260000,2.30260000,2.30410000,1036570.00000000,1741958999999999,2391572.01640000,10368,400730.00000000,924618.27780000,0
1741959000000000,2.30420000,2.32180000,2.30070000,2.30880000,3996055.00000000,1741959899999999,9233407.33450000,28360,2054893.00000000,4748492.59470000,0
1741959900000000,2.30890000,2.34640000,2.30890000,2.33640000,6911841.00000000,1741960799999999,16118978.02880000,60533,4038652.00000000,9420745.60860000,0
1741960800000000,2.33630000,2.34000000,2.31470000,2.32170000,6750021.00000000,1741961699999999,15692733.42880000,67047,3296845.00000000,7663659.06990000,0
1741961700000000,2.32170000,2.32620000,2.30870000,2.31710000,2175643.00000000,1741962599999999,5041716.41000000,35626,1014222.00000000,2351032.15060000,0
1741962600000000,2.31700000,2.34300000,2.31530000,2.34010000,6781506.00000000,1741963499999999,15827444.08450000,43677,3692094.00000000,8613977.11380000,0
1741963500000000,2.34010000,2.34270000,2.32880000,2.33330000,5700843.00000000,1741964399999999,13326553.10380000,38701,2219793.00000000,5186727.81200000,0
1741964400000000,2.33330000,2.37740000,2.33320000,2.36670000,8443886.00000000,1741965299999999,19921811.65720000,89108,5418171.00000000,12780375.08660000,0
1741965300000000,2.36670000,2.38930000,2.36270000,2.37660000,7391097.00000000,1741966199999999,17577225.46960000,67889,3969387.00000000,9441112.61590000,0
1741966200000000,2.37670000,2.38640000,2.37280000,2.37920000,4132589.00000000,1741967099999999,9836831.46870000,49321,1907173.00000000,4540037.71490000,0
1741967100000000,2.37930000,2.37970000,2.35230000,2.35830000,4405525.00000000,1741967999999999,10412865.72120000,46771,1696285.00000000,4009498.50010000,0
1741968000000000,2.35820000,2.36520000,2.34460000,2.35220000,3020102.00000000,1741968899999999,7104554.08000000,35772,1445211.00000000,3400940.61800000,0
1741968900000000,2.35210000,2.36200000,2.34750000,2.34980000,2336405.00000000,1741969799999999,5503610.82850000,27266,1113355.00000000,2623449.17790000,0
1741969800000000,2.34980000,2.35990000,2.34170000,2.35790000,2406391.00000000,1741970699999999,5657886.89210000,35881,1199970.00000000,2822025.86460000,0
1741970700000000,2.35790000,2.36830000,2.35000000,2.36800000,1700342.00000000,1741971599999999,4013590.87160000,17918,1110194.00000000,2620940.98650000,0
1741971600000000,2.36800000,2.37230000,2.35920000,2.36260000,2072303.00000000,1741972499999999,4902588.35800000,22921,939466.00000000,2222558.22050000,0
1741972500000000,2.36260000,2.36420000,2.35340000,2.35630000,977153.00000000,1741973399999999,2303960.35020000,14631,407712.00000000,961268.58680000,0
1741973400000000,2.35630000,2.35910000,2.34470000,2.34470000,1081348.00000000,1741974299999999,2541085.46200000,18223,458554.00000000,1077793.18010000,0
1741974300000000,2.34470000,2.34750000,2.33770000,2.34650000,2356078.00000000,1741975199999999,5520101.90530000,17297,1021880.00000000,2395269.87310000,0
1741975200000000,2.34640000,2.35560000,2.34390000,2.34580000,1566982.00000000,1741976099999999,3683019.01450000,19964,731405.00000000,1719004.57710000,0
1741976100000000,2.34580000,2.34660000,2.33590000,2.34050000,1278610.00000000,1741976999999999,2992048.45920000,16245,448815.00000000,1050540.34010000,0
1741977000000000,2.34060000,2.35780000,2.33920000,2.35250000,1271680.00000000,1741977899999999,2987100.15040000,13172,792280.00000000,1860885.30810000,0
1741977900000000,2.35260000,2.35300000,2.34680000,2.34900000,677404.00000000,1741978799999999,1591751.05210000,9072,233751.00000000,549309.35920000,0
1741978800000000,2.34890000,2.36220000,2.34410000,2.36030000,880660.00000000,1741979699999999,2074035.83170000,8835,489218.00000000,1152411.35160000,0
1741979700000000,2.36020000,2.36360000,2.35390000,2.35610000,868090.00000000,1741980599999999,2047239.02730000,11429,462933.00000000,1091868.41900000,0
1741980600000000,2.35610000,2.35980000,2.35000000,2.35020000,778522.00000000,1741981499999999,1834636.70080000,10425,250301.00000000,589639.87520000,0
1741981500000000,2.35020000,2.35860000,2.34320000,2.35510000,1021086.00000000,1741982399999999,2399509.57080000,14086,502179.00000000,1180399.34320000,0
1741982400000000,2.35500000,2.35830000,2.34520000,2.34620000,725178.00000000,1741983299999999,1703997.50540000,10109,364305.00000000,856157.33670000,0
1741983300000000,2.34630000,2.34820000,2.33130000,2.34060000,2082533.00000000,1741984199999999,4870761.96310000,18818,1183902.00000000,2768885.96480000,0
1741984200000000,2.34050000,2.34790000,2.33630000,2.34750000,1142811.00000000,1741985099999999,2676054.21430000,16209,606633.00000000,1420869.36050000,0
1741985100000000,2.34760000,2.34960000,2.34330000,2.34770000,686431.00000000,1741985999999999,1610567.72600000,9281,247596.00000000,580994.28550000,0
1741986000000000,2.34780000,2.35100000,2.34030000,2.34220000,1161175.00000000,1741986899999999,2723834.41030000,9104,349905.00000000,820948.95310000,0
1741986900000000,2.34220000,2.34700000,2.33640000,2.33660000,930312.00000000,1741987799999999,2178572.71860000,9059,416420.00000000,975112.17430000,0
1741987800000000,2.33650000,2.34320000,2.33230000,2.34080000,765661.00000000,1741988699999999,1789714.34510000,8324,364371.00000000,851820.53150000,0
1741988700000000,2.34080000,2.35400000,2.33750000,2.35360000,719206.00000000,1741989599999999,1686238.32460000,12979,448338.00000000,1051588.46500000,0
1741989600000000,2.35360000,2.35550000,2.34490000,2.34850000,1003826.00000000,1741990499999999,2358050.68710000,12743,430883.00000000,1011982.22950000,0
1741990500000000,2.34850000,2.35480000,2.34810000,2.35140000,1066809.00000000,1741991399999999,2508370.14970000,10834,462419.00000000,1087400.45520000,0
1741991400000000,2.35140000,2.36160000,2.34970000,2.35990000,1036868.00000000,1741992299999999,2443900.35520000,11073,708799.00000000,1670799.73660000,0
1741992300000000,2.35990000,2.37270000,2.35990000,2.36830000,2390647.00000000,1741993199999999,5659144.02140000,18629,1586427.00000000,3755322.12190000,0
1741993200000000,2.36840000,2.36890000,2.35720000,2.35930000,876168.00000000,1741994099999999,2069365.77440000,12089,290230.00000000,685321.99640000,0
1741994100000000,2.35940000,2.36530000,2.35500000,2.36500000,836774.00000000,1741994999999999,1976021.47070000,8744,403072.00000000,951831.58510000,0
1741995000000000,2.36510000,2.36740000,2.35470000,2.35540000,880366.00000000,1741995899999999,2080025.62630000,14537,360793.00000000,852299.67310000,0
1741995900000000,2.35530000,2.36080000,2.35300000,2.35640000,770036.00000000,1741996799999999,1814302.03550000,9499,295522.00000000,696291.52610000,0
1741996800000000,2.35640000,2.36660000,2.35250000,2.36120000,1157245.00000000,1741997699999999,2730534.21160000,16255,643497.00000000,1518760.02260000,0
1741997700000000,2.36120000,2.37000000,2.36120000,2.36990000,1133918.00000000,1741998599999999,2682836.20400000,13449,538781.00000000,1274955.63510000,0
1741998600000000,2.36990000,2.37500000,2.36850000,2.37130000,1558701.00000000,1741999499999999,3696933.24440000,13486,734442.00000000,1742270.98740000,0
1741999500000000,2.37130000,2.38800000,2.37100000,2.38000000,2110722.00000000,1742000399999999,5027232.17300000,18748,982875.00000000,2340234.06460000,0
1742000400000000,2.38000000,2.39890000,2.37660000,2.39480000,2148781.00000000,1742001299999999,5135831.63620000,23991,1442020.00000000,3447891.80090000,0
1742001300000000,2.39470000,2.39490000,2.38500000,2.38670000,1294625.00000000,1742002199999999,3095325.78850000,15515,600021.00000000,1434514.22220000,0
1742002200000000,2.38680000,2.38690000,2.37730000,2.38630000,1020775.00000000,1742003099999999,2430950.84170000,16235,557234.00000000,1327047.90240000,0
1742003100000000,2.38630000,2.39570000,2.38570000,2.39070000,1134543.00000000,1742003999999999,2713369.02040000,13582,608634.00000000,1455624.96630000,0
1742004000000000,2.39070000,2.39450000,2.38360000,2.39260000,923484.00000000,1742004899999999,2205956.26360000,10036,454043.00000000,1084806.54650000,0
1742004900000000,2.39260000,2.39860000,2.38960000,2.39480000,1365893.00000000,1742005799999999,3270310.14840000,13821,835367.00000000,1999836.09210000,0
1742005800000000,2.39480000,2.39710000,2.38740000,2.39110000,1068234.00000000,1742006699999999,2556501.93400000,12262,615925.00000000,1474005.97880000,0
1742006700000000,2.39110000,2.41070000,2.39110000,2.40290000,2682113.00000000,1742007599999999,6447192.71830000,19493,1620739.00000000,3895757.86420000,0
1742007600000000,2.40300000,2.41690000,2.39990000,2.40860000,1809331.00000000,1742008499999999,4355219.65070000,18395,994606.00000000,2394346.78290000,0
1742008500000000,2.40860000,2.43050000,2.40850000,2.42270000,3907550.00000000,1742009399999999,9469751.27480000,34670,2576985.00000000,6243594.07950000,0
1742009400000000,2.42270000,2.42990000,2.41520000,2.41650000,1955839.00000000,1742010299999999,4736008.78020000,19757,948063.00000000,2295893.52900000,0
1742010300000000,2.41650000,2.42540000,2.41600000,2.42470000,1642233.00000000,1742011199999999,3975288.90720000,15767,923776.00000000,2236311.53970000,0
1742011200000000,2.42470000,2.44370000,2.42470000,2.43570000,2730699.00000000,1742012099999999,6651341.54760000,31277,1468915.00000000,3578437.04020000,0
1742012100000000,2.43560000,2.44930000,2.43540000,2.44900000,2420390.00000000,1742012999999999,5912204.49630000,29083,1322334.00000000,3230478.65360000,0
1742013000000000,2.44890000,2.47510000,2.44530000,2.45950000,5035977.00000000,1742013899999999,12393738.15460000,49688,2648490.00000000,6514799.95610000,0
1742013900000000,2.45960000,2.46830000,2.45000000,2.46520000,2169234.00000000,1742014799999999,5331066.18370000,21350,1256389.00000000,3087940.72000000,0
1742014800000000,2.46510000,2.46740000,2.44710000,2.45500000,2760462.00000000,1742015699999999,6773100.50230000,19959,1371111.00000000,3363231.62940000,0
1742015700000000,2.45500000,2.46140000,2.44140000,2.44180000,1867301.00000000,1742016599999999,4575852.03010000,16716,793577.00000000,1945017.50220000,0
1742016600000000,2.44180000,2.44990000,2.43770000,2.43810000,2599816.00000000,1742017499999999,6349878.45710000,19681,1265034.00000000,3090475.27020000,0
1742017500000000,2.43810000,2.43980000,2.42630000,2.42650000,2453072.00000000,1742018399999999,5967483.28260000,18779,1122895.00000000,2732457.73490000,0
1742018400000000,2.42650000,2.43650000,2.42520000,2.43500000,3762366.00000000,1742019299999999,9148199.69500000,19908,2295746.00000000,5583176.97110000,0
1742019300000000,2.43500000,2.44110000,2.43140000,2.43330000,2908004.00000000,1742020199999999,7085297.48970000,15466,1977776.00000000,4818973.06220000,0
1742020200000000,2.43330000,2.43330000,2.41760000,2.41760000,2013814.00000000,1742021099999999,4883754.89110000,14209,565404.00000000,1372867.71520000,0
1742021100000000,2.41770000,2.42340000,2.41190000,2.41690000,2694687.00000000,1742021999999999,6512083.73590000,17198,1072240.00000000,2590931.70740000,0
1742022000000000,2.41680000,2.42050000,2.39680000,2.40550000,3355335.00000000,1742022899999999,8068635.31210000,23277,1279345.00000000,3077084.68050000,0
1742022900000000,2.40550000,2.40630000,2.37560000,2.38040000,4023699.00000000,1742023799999999,9607183.45920000,28309,1839875.00000000,4394064.67710000,0
1742023800000000,2.38030000,2.38990000,2.37340000,2.38650000,3675838.00000000,1742024699999999,8757536.51720000,25724,1738042.00000000,4142114.94110000,0
1742024700000000,2.38650000,2.40000000,2.38630000,2.39300000,3149964.00000000,1742025599999999,7540689.36750000,15383,1720623.00000000,4119219.90180000,0
1742025600000000,2.39290000,2.40380000,2.39140000,2.39550000,1336514.00000000,1742026499999999,3203672.36010000,17956,773508.00000000,1854321.53090000,0
1742026500000000,2.39540000,2.40180000,2.38600000,2.39980000,1165896.00000000,1742027399999999,2791704.70350000,16647,557729.00000000,1335892.44150000,0
1742027400000000,2.39980000,2.41440000,2.39700000,2.41250000,1878911.00000000,1742028299999999,4523186.40720000,16809,1163240.00000000,2800975.51420000,0
1742028300000000,2.41250000,2.41830000,2.40880000,2.41230000,2902940.00000000,1742029199999999,7005602.94700000,19186,1883379.00000000,4544969.63640000,0
1742029200000000,2.41230000,2.41240000,2.40120000,2.40820000,2079937.00000000,1742030099999999,5004690.49770000,20022,513996.00000000,1236962.40860000,0
1742030100000000,2.40810000,2.40860000,2.39720000,2.39940000,1323111.00000000,1742030999999999,3178005.22450000,12268,513043.00000000,1232412.74950000,0
1742031000000000,2.39940000,2.41020000,2.39760000,2.40560000,1151567.00000000,1742031899999999,2767341.50000000,12431,587735.00000000,1412520.73250000,0
1742031900000000,2.40570000,2.41230000,2.40170000,2.41130000,914766.00000000,1742032799999999,2201451.94190000,7011,382713.00000000,921340.79540000,0
1742032800000000,2.41130000,2.41130000,2.40110000,2.40540000,761731.00000000,1742033699999999,1832439.42540000,9501,469705.00000000,1130035.99330000,0
1742033700000000,2.40550000,2.40790000,2.39820000,2.40090000,802683.00000000,1742034599999999,1928491.55720000,8573,412181.00000000,990382.20620000,0
1742034600000000,2.40100000,2.41190000,2.39980000,2.40570000,736784.00000000,1742035499999999,1774122.56110000,10876,449319.00000000,1082094.72140000,0
1742035500000000,2.40560000,2.41300000,2.40520000,2.40930000,1282990.00000000,1742036399999999,3091855.19820000,9183,781334.00000000,1882654.61110000,0
1742036400000000,2.40940000,2.41020000,2.40200000,2.40590000,1103752.00000000,1742037299999999,2654676.59850000,9411,651219.00000000,1565810.96560000,0
1742037300000000,2.40590000,2.41190000,2.40340000,2.41190000,645221.00000000,1742038199999999,1553585.38830000,6847,329067.00000000,792558.98340000,0
1742038200000000,2.41180000,2.42000000,2.41040000,2.41880000,1610681.00000000,1742039099999999,3889295.40030000,11862,1011058.00000000,2441835.91790000,0
1742039100000000,2.41880000,2.42600000,2.41600000,2.42520000,1833513.00000000,1742039999999999,4439364.60330000,11448,1368322.00000000,3312717.08760000,0
1742040000000000,2.42530000,2.42920000,2.41480000,2.42690000,1639598.00000000,1742040899999999,3970783.32780000,19090,740603.00000000,1794020.28040000,0
1742040900000000,2.42680000,2.43110000,2.42070000,2.42610000,970899.00000000,1742041799999999,2356327.37340000,13150,525917.00000000,1276447.64270000,0
1742041800000000,2.42600000,2.43500000,2.42320000,2.43410000,1013840.00000000,1742042699999999,2463102.16550000,11548,618223.00000000,1502121.48730000,0
1742042700000000,2.43420000,2.44250000,2.42710000,2.42710000,1425328.00000000,1742043599999999,3470801.55500000,13789,653584.00000000,1592236.10150000,0
1742043600000000,2.42700000,2.44160000,2.42680000,2.43980000,958994.00000000,1742044499999999,2336228.38910000,12288,461696.00000000,1124417.20290000,0
1742044500000000,2.43980000,2.44840000,2.43360000,2.44550000,1411252.00000000,1742045399999999,3446526.10370000,12556,823432.00000000,2010660.52420000,0
1742045400000000,2.44550000,2.45390000,2.44000000,2.44970000,2090337.00000000,1742046299999999,5117696.61610000,21843,1210083.00000000,2962967.31910000,0
1742046300000000,2.44970000,2.45220000,2.44100000,2.44580000,1678136.00000000,1742047199999999,4104173.27690000,17215,672259.00000000,1644190.42090000,0
1742047200000000,2.44570000,2.44580000,2.42770000,2.43190000,2113617.00000000,1742048099999999,5146502.66620000,20190,541527.00000000,1318132.44580000,0
1742048100000000,2.43180000,2.43180000,2.41320000,2.41860000,3014740.00000000,1742048999999999,7296213.79640000,23242,1339013.00000000,3239599.14620000,0
1742049000000000,2.41860000,2.42550000,2.41370000,2.42370000,1177631.00000000,1742049899999999,2850006.48980000,18019,528663.00000000,1279533.96140000,0
1742049900000000,2.42360000,2.43050000,2.42250000,2.42340000,1305562.00000000,1742050799999999,3168598.32590000,13203,758542.00000000,1841252.80110000,0
1742050800000000,2.42340000,2.43860000,2.42310000,2.43310000,1100941.00000000,1742051699999999,2678805.81000000,16248,681405.00000000,1657956.94770000,0
1742051700000000,2.43320000,2.43550000,2.42650000,2.42680000,1052668.00000000,1742052599999999,2558436.94720000,11772,588300.00000000,1429873.89980000,0
1742052600000000,2.42690000,2.43180000,2.42080000,2.42880000,921729.00000000,1742053499999999,2235468.73120000,11533,363002.00000000,880719.48030000,0
1742053500000000,2.42880000,2.43500000,2.42460000,2.42620000,950516.00000000,1742054399999999,2309332.02840000,10735,372151.00000000,904208.26510000,0
1742054400000000,2.42610000,2.42810000,2.41760000,2.42030000,1018458.00000000,1742055299999999,2465768.07060000,14806,410846.00000000,994660.47210000,0
1742055300000000,2.42040000,2.42190000,2.40860000,2.41420000,1611191.00000000,1742056199999999,3890596.79220000,15554,725410.00000000,1751750.31640000,0
1742056200000000,2.41420000,2.42350000,2.40790000,2.42060000,1353069.00000000,1742057099999999,3270091.34790000,14624,630036.00000000,1523118.13370000,0
1742057100000000,2.42060000,2.42450000,2.41100000,2.41140000,812677.00000000,1742057999999999,1964840.90450000,13796,319584.00000000,772970.67180000,0
1742058000000000,2.41130000,2.41800000,2.41050000,2.41560000,846607.00000000,1742058899999999,2043330.15650000,11326,395420.00000000,954236.53220000,0
1742058900000000,2.41560000,2.42100000,2.41560000,2.41900000,1015915.00000000,1742059799999999,2456449.72230000,12427,723771.00000000,1749845.70480000,0
1742059800000000,2.41910000,2.41960000,2.40980000,2.41130000,742289.00000000,1742060699999999,1791163.99930000,10408,355223.00000000,857071.94710000,0
1742060700000000,2.41120000,2.41900000,2.40900000,2.41840000,1058281.00000000,1742061599999999,2554020.79230000,9806,665423.00000000,1606485.78040000,0
1742061600000000,2.41840000,2.42190000,2.41590000,2.41840000,871356.00000000,1742062499999999,2107952.96830000,8864,560622.00000000,1356463.80440000,0
1742062500000000,2.41840000,2.41910000,2.41130000,2.41330000,651868.00000000,1742063399999999,1573869.38320000,7260,432293.00000000,1043595.08320000,0
1742063400000000,2.41330000,2.41700000,2.39410000,2.40190000,2270747.00000000,1742064299999999,5456635.69510000,14348,763309.00000000,1833622.21250000,0
1742064300000000,2.40190000,2.40750000,2.40190000,2.40630000,869139.00000000,1742065199999999,2090086.82550000,8227,350237.00000000,842317.54670000,0
1742065200000000,2.40630000,2.40640000,2.39520000,2.39920000,1579070.00000000,1742066099999999,3789073.27860000,12317,519582.00000000,1246716.97660000,0
1742066100000000,2.39920000,2.40380000,2.39770000,2.39980000,1005948.00000000,1742066999999999,2414459.08720000,10100,515908.00000000,1238172.57160000,0
1742067000000000,2.39980000,2.40360000,2.39350000,2.40270000,959161.00000000,1742067899999999,2301291.23650000,15060,403624.00000000,968396.95080000,0
1742067900000000,2.40270000,2.40590000,2.39850000,2.40150000,716684.00000000,1742068799999999,1721625.76500000,9607,339527.00000000,815541.13030000,0
1742068800000000,2.40150000,2.40930000,2.40040000,2.40720000,816327.00000000,1742069699999999,1963279.35500000,10726,377442.00000000,907641.01550000,0
1742069700000000,2.40730000,2.41830000,2.40500000,2.41520000,1692678.00000000,1742070599999999,4085287.78580000,11070,1104103.00000000,2664296.56550000,0
1742070600000000,2.41520000,2.41520000,2.40660000,2.40780000,636017.00000000,1742071499999999,1532521.18020000,7165,287414.00000000,692480.02320000,0
1742071500000000,2.40780000,2.41360000,2.40750000,2.41090000,492534.00000000,1742072399999999,1187562.29540000,6965,265610.00000000,640342.97650000,0
1742072400000000,2.41090000,2.41780000,2.41060000,2.41500000,945055.00000000,1742073299999999,2281742.87140000,7511,606872.00000000,1465172.11830000,0
1742073300000000,2.41500000,2.41550000,2.40970000,2.41470000,329957.00000000,1742074199999999,795892.80920000,5425,190791.00000000,460217.97860000,0
1742074200000000,2.41470000,2.41870000,2.41220000,2.41400000,694279.00000000,1742075099999999,1677178.44310000,6427,402334.00000000,971958.40120000,0
1742075100000000,2.41410000,2.41760000,2.41080000,2.41350000,360230.00000000,1742075999999999,869557.84090000,7171,210564.00000000,508248.79140000,0
1742076000000000,2.41350000,2.41620000,2.40630000,2.40830000,956951.00000000,1742076899999999,2307754.41130000,12354,644604.00000000,1554152.77840000,0
1742076900000000,2.40820000,2.41170000,2.39910000,2.40160000,955152.00000000,1742077799999999,2296577.16920000,9320,349125.00000000,839349.13210000,0
1742077800000000,2.40150000,2.40570000,2.39580000,2.39630000,830899.00000000,1742078699999999,1995847.11310000,8641,473564.00000000,1137736.44500000,0
1742078700000000,2.39640000,2.40480000,2.39640000,2.40260000,618484.00000000,1742079599999999,1484761.05850000,9117,309759.00000000,743553.53070000,0
1742079600000000,2.40250000,2.40310000,2.39470000,2.39730000,720949.00000000,1742080499999999,1730205.26090000,8831,323169.00000000,775454.71870000,0
1742080500000000,2.39730000,2.39730000,2.38440000,2.38740000,2097503.00000000,1742081399999999,5012383.17240000,13263,702641.00000000,1679269.38290000,0
1742081400000000,2.38750000,2.39180000,2.38260000,2.38970000,999278.00000000,1742082299999999,2385685.53800000,11201,482724.00000000,1152639.92490000,0
1742082300000000,2.38970000,2.39430000,2.38730000,2.39110000,636753.00000000,1742083199999999,1522080.24820000,7977,314295.00000000,751285.11190000,0
1742083200000000,2.39110000,2.39320000,2.37790000,2.38500000,1935968.00000000,1742084099999999,4615372.39900000,22018,740098.00000000,1764886.82730000,0
1742084100000000,2.38510000,2.39100000,2.38130000,2.38810000,846617.00000000,1742084999999999,2020859.21500000,17227,480306.00000000,1146611.37040000,0
1742085000000000,2.38810000,2.40040000,2.38660000,2.39970000,1126676.00000000,1742085899999999,2699137.01910000,17283,614074.00000000,1471173.69640000,0
1742085900000000,2.39960000,2.40710000,2.39740000,2.40340000,1225881.00000000,1742086799999999,2944084.28350000,12876,772467.00000000,1855334.98790000,0
1742086800000000,2.40330000,2.41090000,2.39800000,2.39800000,929058.00000000,1742087699999999,2234718.41400000,12537,461292.00000000,1109562.89020000,0
1742087700000000,2.39800000,2.40470000,2.39790000,2.39950000,552214.00000000,1742088599999999,1325799.93390000,8224,162581.00000000,390368.07250000,0
1742088600000000,2.39940000,2.39950000,2.38000000,2.38680000,1841503.00000000,1742089499999999,4399109.32870000,20323,580700.00000000,1386642.51470000,0
1742089500000000,2.38680000,2.39210000,2.37710000,2.37910000,1476828.00000000,1742090399999999,3519072.66460000,17575,630484.00000000,1502782.46890000,0
1742090400000000,2.37900000,2.38200000,2.36350000,2.36820000,3033107.00000000,1742091299999999,7193604.81370000,26665,1101960.00000000,2613968.49560000,0
1742091300000000,2.36820000,2.37550000,2.36270000,2.37490000,2283079.00000000,1742092199999999,5407815.94360000,20574,1176220.00000000,2787065.92620000,0
1742092200000000,2.37490000,2.38320000,2.37250000,2.37750000,1314216.00000000,1742093099999999,3126140.14920000,13248,719775.00000000,1712230.36610000,0
1742093100000000,2.37750000,2.37850000,2.36780000,2.37100000,1311459.00000000,1742093999999999,3112793.78580000,11894,413994.00000000,982553.59140000,0
1742094000000000,2.37110000,2.37670000,2.36800000,2.37120000,881049.00000000,1742094899999999,2089768.77000000,11025,467124.00000000,1108014.40210000,0
1742094900000000,2.37120000,2.38150000,2.37110000,2.38050000,624015.00000000,1742095799999999,1483326.70430000,11178,390908.00000000,929170.47640000,0
1742095800000000,2.38060000,2.38380000,2.37760000,2.38040000,1029293.00000000,1742096699999999,2450416.66600000,9139,442259.00000000,1052889.39470000,0
1742096700000000,2.38030000,2.38590000,2.37710000,2.38240000,517672.00000000,1742097599999999,1232780.60550000,7363,296677.00000000,706682.50100000,0
1742097600000000,2.38250000,2.39380000,2.38160000,2.38690000,698404.00000000,1742098499999999,1667956.24450000,9416,463134.00000000,1105951.75150000,0
1742098500000000,2.38700000,2.39380000,2.38360000,2.38420000,499686.00000000,1742099399999999,1193599.67550000,7304,291776.00000000,697073.74960000,0
1742099400000000,2.38420000,2.38890000,2.38230000,2.38660000,889816.00000000,1742100299999999,2122249.91480000,8485,493631.00000000,1177243.13860000,0
1742100300000000,2.38670000,2.38950000,2.38080000,2.38480000,480392.00000000,1742101199999999,1145835.69910000,6674,270971.00000000,646520.39270000,0
1742101200000000,2.38490000,2.38970000,2.38110000,2.38670000,420676.00000000,1742102099999999,1003913.12160000,5160,187172.00000000,446636.85690000,0
1742102100000000,2.38670000,2.39380000,2.38630000,2.39330000,448764.00000000,1742102999999999,1073082.77970000,5122,306526.00000000,732940.33450000,0
1742103000000000,2.39320000,2.39370000,2.38750000,2.38760000,562132.00000000,1742103899999999,1343475.04050000,5964,195949.00000000,468280.43200000,0
1742103900000000,2.38770000,2.39300000,2.38540000,2.39270000,265188.00000000,1742104799999999,633437.77870000,5314,112548.00000000,268871.43410000,0
1742104800000000,2.39270000,2.39600000,2.38820000,2.39300000,467873.00000000,1742105699999999,1118854.05790000,6199,289951.00000000,693273.01030000,0
1742105700000000,2.39310000,2.39420000,2.38810000,2.39010000,300590.00000000,1742106599999999,718615.98460000,4825,153084.00000000,366020.22430000,0
1742106600000000,2.39010000,2.39600000,2.38890000,2.39310000,573104.00000000,1742107499999999,1371445.92050000,6858,359409.00000000,860067.16000000,0
1742107500000000,2.39310000,2.39400000,2.38920000,2.38920000,467016.00000000,1742108399999999,1116987.33860000,5749,218316.00000000,522301.91030000,0
1742108400000000,2.38920000,2.38970000,2.36840000,2.37090000,1316849.00000000,1742109299999999,3129517.62900000,12895,494333.00000000,1174390.97320000,0
1742109300000000,2.37100000,2.37920000,2.36800000,2.37530000,1471236.00000000,1742110199999999,3492639.23130000,12164,755714.00000000,1794411.39190000,0
1742110200000000,2.37530000,2.38660000,2.37520000,2.38580000,1001338.00000000,1742111099999999,2386311.12180000,9562,774239.00000000,1845045.37020000,0
1742111100000000,2.38580000,2.38600000,2.37810000,2.38090000,664147.00000000,1742111999999999,1582007.50690000,6715,370894.00000000,883415.70160000,0
1742112000000000,2.38080000,2.38510000,2.37290000,2.37740000,564583.00000000,1742112899999999,1342721.95680000,9103,267239.00000000,635422.68740000,0
1742112900000000,2.37750000,2.37790000,2.37110000,2.37430000,952397.00000000,1742113799999999,2260541.66790000,9986,412688.00000000,979496.81270000,0
1742113800000000,2.37430000,2.38190000,2.37300000,2.37720000,515958.00000000,1742114699999999,1226579.74710000,8324,278293.00000000,661643.94820000,0
1742114700000000,2.37720000,2.38170000,2.37590000,2.37720000,384690.00000000,1742115599999999,914975.26260000,7028,172377.00000000,410056.21780000,0
1742115600000000,2.37730000,2.37790000,2.36880000,2.37200000,929543.00000000,1742116499999999,2203919.57830000,6391,493204.00000000,1169320.08800000,0
1742116500000000,2.37200000,2.37450000,2.35560000,2.35940000,1927503.00000000,1742117399999999,4553669.87900000,15905,754292.00000000,1782616.23650000,0
1742117400000000,2.35940000,2.36330000,2.33740000,2.34110000,4087426.00000000,1742118299999999,9602321.31900000,32070,1578444.00000000,3710372.49950000,0
1742118300000000,2.34110000,2.35200000,2.34040000,2.35160000,1891556.00000000,1742119199999999,4442453.21650000,16300,1095173.00000000,2572211.92550000,0
1742119200000000,2.35150000,2.35950000,2.34820000,2.35720000,1512118.00000000,1742120099999999,3559061.76190000,13965,934628.00000000,2199688.95260000,0
1742120100000000,2.35730000,2.35760000,2.34480000,2.34830000,1195119.00000000,1742120999999999,2808008.27390000,12950,406005.00000000,953755.17780000,0
1742121000000000,2.34830000,2.35190000,2.34210000,2.35190000,1489546.00000000,1742121899999999,3494918.82090000,14260,750171.00000000,1760074.54120000,0
1742121900000000,2.35190000,2.35190000,2.34430000,2.34810000,786423.00000000,1742122799999999,1846845.48010000,11396,402928.00000000,946148.78720000,0
1742122800000000,2.34810000,2.35050000,2.32740000,2.33350000,4328111.00000000,1742123699999999,10104259.89890000,34403,1303480.00000000,3044192.93820000,0
1742123700000000,2.33350000,2.33350000,2.30950000,2.31700000,5850612.00000000,1742124599999999,13557500.62140000,42904,2470961.00000000,5724352.42880000,0
1742124600000000,2.31690000,2.32110000,2.28900000,2.29660000,6128191.00000000,1742125499999999,14098754.57540000,53677,2181993.00000000,5020278.76630000,0
1742125500000000,2.29650000,2.30250000,2.28750000,2.29810000,3581287.00000000,1742126399999999,8222475.78680000,41197,1907688.00000000,4380766.08110000,0
1742126400000000,2.29810000,2.31320000,2.29550000,2.31160000,3463333.00000000,1742127299999999,7988904.23840000,28357,2325566.00000000,5364390.18300000,0
1742127300000000,2.31160000,2.32210000,2.30170000,2.31900000,1951120.00000000,1742128199999999,4512585.71830000,23390,1073963.00000000,2483804.94530000,0
1742128200000000,2.31900000,2.31910000,2.30840000,2.31110000,1465261.00000000,1742129099999999,3390215.06530000,15164,539319.00000000,1248121.00620000,0
1742129100000000,2.31120000,2.31330000,2.30260000,2.30670000,1258926.00000000,1742129999999999,2905400.15870000,18437,596531.00000000,1376890.09350000,0
1742130000000000,2.30670000,2.32120000,2.30560000,2.31000000,2428211.00000000,1742130899999999,5620372.80950000,21084,1194575.00000000,2765447.86920000,0
1742130900000000,2.31000000,2.31010000,2.28600000,2.29990000,4699273.00000000,1742131799999999,10796812.02530000,30454,2140258.00000000,4917854.22240000,0
1742131800000000,2.29990000,2.30850000,2.28840000,2.29190000,1930099.00000000,1742132699999999,4439762.28920000,19166,920879.00000000,2117966.71060000,0
1742132700000000,2.29200000,2.29250000,2.26770000,2.27540000,4561488.00000000,1742133599999999,10390254.54660000,36454,1679322.00000000,3824121.62800000,0
1742133600000000,2.27530000,2.28850000,2.27320000,2.27550000,2484413.00000000,1742134499999999,5665446.49530000,30441,1273143.00000000,2903525.37180000,0
1742134500000000,2.27550000,2.28700000,2.27240000,2.28500000,1208315.00000000,1742135399999999,2756220.33740000,18218,752011.00000000,1715084.59700000,0
1742135400000000,2.28500000,2.28650000,2.27340000,2.28200000,891549.00000000,1742136299999999,2034706.32010000,16058,426518.00000000,973250.88140000,0
1742136300000000,2.28210000,2.30300000,2.27810000,2.30200000,2409451.00000000,1742137199999999,5526662.43180000,18630,1589912.00000000,3647724.28230000,0
1742137200000000,2.30190000,2.30690000,2.29430000,2.29740000,2215546.00000000,1742138099999999,5092845.14420000,21601,1110566.00000000,2552803.17780000,0
1742138100000000,2.29740000,2.29840000,2.28290000,2.28980000,1205580.00000000,1742138999999999,2760505.15720000,12101,455437.00000000,1043104.69850000,0
1742139000000000,2.28990000,2.29940000,2.28510000,2.29400000,1182607.00000000,1742139899999999,2712256.43030000,16771,529242.00000000,1213706.72270000,0
1742139900000000,2.29400000,2.30170000,2.29160000,2.29610000,1113051.00000000,1742140799999999,2556604.17830000,14889,531594.00000000,1221087.03550000,0
1742140800000000,2.29600000,2.35200000,2.29320000,2.32350000,7885686.00000000,1742141699999999,18365751.27280000,69027,4871807.00000000,11341521.99280000,0
1742141700000000,2.32360000,2.34100000,2.31820000,2.33540000,4771019.00000000,1742142599999999,11128554.48660000,50884,2248375.00000000,5246757.08290000,0
1742142600000000,2.33550000,2.34000000,2.32270000,2.33100000,2390953.00000000,1742143499999999,5576363.47410000,34945,1043959.00000000,2434973.07840000,0
1742143500000000,2.33090000,2.33490000,2.31090000,2.31700000,2161775.00000000,1742144399999999,5023089.53110000,23755,1024138.00000000,2381351.96990000,0
1742144400000000,2.31690000,2.33170000,2.31610000,2.32600000,2211812.00000000,1742145299999999,5137030.41230000,22851,1057978.00000000,2457871.97960000,0
1742145300000000,2.32600000,2.33040000,2.31330000,2.31540000,1763840.00000000,1742146199999999,4095602.90330000,15717,667170.00000000,1550325.27820000,0
1742146200000000,2.31540000,2.32150000,2.31170000,2.31720000,1215255.00000000,1742147099999999,2816281.83070000,15240,752187.00000000,1743271.92100000,0
1742147100000000,2.31730000,2.32280000,2.30720000,2.32090000,819166.00000000,1742147999999999,1896268.93620000,13522,357311.00000000,827197.65190000,0
1742148000000000,2.32100000,2.32250000,2.31020000,2.31950000,767334.00000000,1742148899999999,1777952.11520000,15869,333667.00000000,773213.61030000,0
1742148900000000,2.31950000,2.32830000,2.31590000,2.32790000,776441.00000000,1742149799999999,1803822.61600000,9655,496952.00000000,1154605.44440000,0
1742149800000000,2.32780000,2.33420000,2.32320000,2.32890000,1231057.00000000,1742150699999999,2866237.14380000,14704,673074.00000000,1566830.69140000,0
1742150700000000,2.32890000,2.32900000,2.31750000,2.31980000,603076.00000000,1742151599999999,1400181.48000000,12425,258309.00000000,599740.07890000,0
1742151600000000,2.31980000,2.32070000,2.29700000,2.30230000,2197132.00000000,1742152499999999,5074332.13770000,18885,694561.00000000,1604300.72570000,0
1742152500000000,2.30240000,2.30800000,2.28400000,2.30460000,2696519.00000000,1742153399999999,6187613.31520000,40010,1209239.00000000,2774628.08230000,0
1742153400000000,2.30460000,2.30640000,2.29310000,2.30060000,929914.00000000,1742154299999999,2137746.68050000,12148,404283.00000000,929202.96910000,0
1742154300000000,2.30070000,2.30330000,2.29200000,2.29480000,1277513.00000000,1742155199999999,2933008.88280000,13120,472344.00000000,1084245.63930000,0
1742155200000000,2.29480000,2.30950000,2.29280000,2.30850000,899451.00000000,1742156099999999,2071106.47930000,15795,492401.00000000,1133680.97780000,0
1742156100000000,2.30860000,2.31250000,2.29910000,2.30050000,704170.00000000,1742156999999999,1622797.78830000,12467,256467.00000000,591713.33140000,0
1742157000000000,2.30050000,2.30810000,2.30050000,2.30490000,593222.00000000,1742157899999999,1366752.86110000,9495,293310.00000000,675668.57140000,0
1742157900000000,2.30500000,2.30950000,2.29760000,2.30900000,443484.00000000,1742158799999999,1021239.05650000,6998,250010.00000000,575700.97080000,0
1742158800000000,2.30890000,2.31860000,2.30760000,2.31560000,1664455.00000000,1742159699999999,3850256.49990000,13115,992344.00000000,2294867.89200000,0
1742159700000000,2.31560000,2.32080000,2.31190000,2.32010000,623571.00000000,1742160599999999,1444301.75320000,6336,336819.00000000,780196.09760000,0
1742160600000000,2.32000000,2.32000000,2.30410000,2.30710000,887575.00000000,1742161499999999,2048439.28450000,5914,366498.00000000,845421.91220000,0
1742161500000000,2.30720000,2.30940000,2.29770000,2.30390000,801791.00000000,1742162399999999,1846226.20760000,10150,419634.00000000,966378.08550000,0
1742162400000000,2.30380000,2.30680000,2.28450000,2.29900000,1991808.00000000,1742163299999999,4568357.04700000,25257,648779.00000000,1489156.04450000,0
1742163300000000,2.29900000,2.31180000,2.29860000,2.30840000,1246858.00000000,1742164199999999,2873862.76300000,13811,543865.00000000,1253583.48790000,0
1742164200000000,2.30830000,2.31020000,2.29770000,2.30790000,786713.00000000,1742165099999999,1813371.84560000,15392,385937.00000000,889490.83140000,0
1742165100000000,2.30800000,2.30820000,2.28900000,2.28980000,1031716.00000000,1742165999999999,2369117.60270000,9397,409794.00000000,940899.29850000,0
1742166000000000,2.28980000,2.29720000,2.28280000,2.29380000,1717435.00000000,1742166899999999,3933057.96400000,17534,942360.00000000,2158835.03750000,0
1742166900000000,2.29380000,2.29890000,2.28730000,2.29450000,937277.00000000,1742167799999999,2150788.79060000,11202,399554.00000000,916616.55060000,0
1742167800000000,2.29450000,2.30570000,2.29250000,2.30430000,946360.00000000,1742168699999999,2176290.13390000,11652,542536.00000000,1247328.25150000,0
1742168700000000,2.30430000,2.30440000,2.29370000,2.29380000,951247.00000000,1742169599999999,2186592.66050000,10268,323777.00000000,744172.90030000,0
1742169600000000,2.29380000,2.30960000,2.29150000,2.30510000,1400657.00000000,1742170499999999,3225579.07850000,13108,975149.00000000,2245553.81620000,0
1742170500000000,2.30500000,2.31380000,2.30400000,2.31280000,1685771.00000000,1742171399999999,3894040.39350000,13456,873843.00000000,2018552.48480000,0
1742171400000000,2.31270000,2.32370000,2.31090000,2.32330000,1484122.00000000,1742172299999999,3440451.95130000,14515,913158.00000000,2116540.21500000,0
1742172300000000,2.32330000,2.33640000,2.32170000,2.32890000,1703557.00000000,1742173199999999,3969406.24490000,15012,970115.00000000,2260418.02150000,0
1742173200000000,2.32880000,2.33820000,2.32070000,2.32170000,1244055.00000000,1742174099999999,2898662.18230000,10663,545027.00000000,1270763.33680000,0
1742174100000000,2.32180000,2.32610000,2.31760000,2.32240000,1052403.00000000,1742174999999999,2443215.92560000,10862,590950.00000000,1371824.79880000,0
1742175000000000,2.32240000,2.33330000,2.32190000,2.33260000,1157658.00000000,1742175899999999,2696414.98470000,8984,776985.00000000,1809783.15460000,0
1742175900000000,2.33260000,2.34550000,2.33210000,2.33590000,2500740.00000000,1742176799999999,5854466.54190000,16239,1240689.00000000,2904156.36840000,0
1742176800000000,2.33590000,2.34190000,2.33300000,2.33530000,621337.00000000,1742177699999999,1452598.13020000,7648,286818.00000000,670629.92730000,0
1742177700000000,2.33540000,2.34540000,2.33140000,2.34210000,1014931.00000000,1742178599999999,2372891.22120000,8132,573811.00000000,1341722.04340000,0
1742178600000000,2.34210000,2.34450000,2.33650000,2.34290000,720903.00000000,1742179499999999,1687047.49010000,8409,306437.00000000,717134.61440000,0
1742179500000000,2.34300000,2.34600000,2.33600000,2.34220000,967187.00000000,1742180399999999,2265119.49870000,6530,579855.00000000,1358558.30040000,0
1742180400000000,2.34210000,2.35630000,2.34170000,2.35050000,1889477.00000000,1742181299999999,4441544.28500000,11624,1294743.00000000,3043863.01270000,0
1742181300000000,2.35040000,2.35100000,2.34280000,2.34620000,1267525.00000000,1742182199999999,2974959.28990000,9935,612701.00000000,1438227.33550000,0
1742182200000000,2.34630000,2.35000000,2.34290000,2.34900000,611322.00000000,1742183099999999,1434282.23030000,6579,259050.00000000,607912.11370000,0
1742183100000000,2.34890000,2.35820000,2.34880000,2.35510000,750088.00000000,1742183999999999,1765842.55100000,6806,462255.00000000,1088056.41540000,0
1742184000000000,2.35510000,2.36640000,2.35490000,2.35820000,1259743.00000000,1742184899999999,2973829.44260000,12300,820483.00000000,1936857.97000000,0
1742184900000000,2.35820000,2.37000000,2.35810000,2.36510000,1407539.00000000,1742185799999999,3328138.94220000,11286,796157.00000000,1882420.74250000,0
1742185800000000,2.36500000,2.36940000,2.35650000,2.35680000,1199426.00000000,1742186699999999,2833682.83050000,10712,602113.00000000,1422218.53490000,0
1742186700000000,2.35670000,2.35830000,2.34940000,2.35280000,1756552.00000000,1742187599999999,4133010.02670000,10582,793864.00000000,1868222.21750000,0
1742187600000000,2.35270000,2.35270000,2.34110000,2.34410000,2259744.00000000,1742188499999999,5302506.46990000,12721,1047116.00000000,2457271.95980000,0
1742188500000000,2.34400000,2.34970000,2.34370000,2.34560000,634008.00000000,1742189399999999,1487452.66670000,8555,255493.00000000,599396.13430000,0
1742189400000000,2.34550000,2.34900000,2.33800000,2.34210000,781780.00000000,1742190299999999,1831142.87040000,9735,336666.00000000,788709.49080000,0
1742190300000000,2.34210000,2.34220000,2.32780000,2.32830000,1875335.00000000,1742191199999999,4377817.79400000,10859,453962.00000000,1059774.36470000,0
1742191200000000,2.32840000,2.33740000,2.32840000,2.33250000,1250412.00000000,1742192099999999,2917008.94550000,8025,659842.00000000,1539554.36080000,0
1742192100000000,2.33240000,2.33320000,2.31400000,2.31620000,2147697.00000000,1742192999999999,4988011.16760000,13107,820458.00000000,1906503.90030000,0
1742193000000000,2.31620000,2.32600000,2.30700000,2.32560000,1962392.00000000,1742193899999999,4544326.12630000,17883,1035542.00000000,2397950.06230000,0
1742193900000000,2.32570000,2.33330000,2.32510000,2.32940000,1684565.00000000,1742194799999999,3924077.30970000,11550,897883.00000000,2091540.64270000,0
1742194800000000,2.32950000,2.34270000,2.32810000,2.33450000,1645229.00000000,1742195699999999,3845947.43870000,17167,926670.00000000,2165978.21470000,0
1742195700000000,2.33450000,2.34040000,2.32850000,2.33700000,1317999.00000000,1742196599999999,3076411.65740000,12939,734551.00000000,1714655.44990000,0
1742196600000000,2.33690000,2.33900000,2.33160000,2.33720000,474358.00000000,1742197499999999,1107721.52570000,8528,284581.00000000,664624.72130000,0
1742197500000000,2.33720000,2.34390000,2.33580000,2.33630000,1102523.00000000,1742198399999999,2579703.14560000,9272,618887.00000000,1448022.70260000,0
1742198400000000,2.33640000,2.33720000,2.32610000,2.32730000,732267.00000000,1742199299999999,1706630.56560000,8809,258882.00000000,603389.32100000,0
1742199300000000,2.32730000,2.33570000,2.32010000,2.33410000,1097211.00000000,1742200199999999,2554961.59370000,10235,708056.00000000,1649746.71020000,0
1742200200000000,2.33410000,2.33740000,2.33060000,2.33460000,808553.00000000,1742201099999999,1888253.57430000,9607,391211.00000000,913558.95880000,0
1742201100000000,2.33470000,2.35250000,2.33290000,2.34640000,2074908.00000000,1742201999999999,4863398.11340000,16758,1385502.00000000,3247328.38580000,0
1742202000000000,2.34640000,2.35280000,2.34310000,2.34880000,1004748.00000000,1742202899999999,2358769.24350000,11642,568038.00000000,1333797.26360000,0
1742202900000000,2.34890000,2.35570000,2.34820000,2.35210000,1276876.00000000,1742203799999999,3003593.31140000,11086,654703.00000000,1540175.83270000,0
1742203800000000,2.35210000,2.35320000,2.34300000,2.34320000,820011.00000000,1742204699999999,1925181.32590000,8648,431424.00000000,1012906.06330000,0
1742204700000000,2.34320000,2.35110000,2.34060000,2.34780000,1288180.00000000,1742205599999999,3022575.88730000,9069,431142.00000000,1011641.39340000,0
1742205600000000,2.34770000,2.34950000,2.33510000,2.33640000,884003.00000000,1742206499999999,2069054.49850000,9109,317932.00000000,744471.60150000,0
1742206500000000,2.33630000,2.34480000,2.33400000,2.33440000,1477816.00000000,1742207399999999,3457264.89980000,10195,756562.00000000,1770192.81890000,0
1742207400000000,2.33440000,2.33490000,2.32970000,2.33330000,942282.00000000,1742208299999999,2197305.74500000,7973,430781.00000000,1004631.04720000,0
1742208300000000,2.33330000,2.33740000,2.32940000,2.33080000,1009803.00000000,1742209199999999,2355733.21580000,7109,399067.00000000,931429.42240000,0
1742209200000000,2.33080000,2.33270000,2.32370000,2.33240000,954769.00000000,1742210099999999,2222566.36880000,9456,533794.00000000,1242428.71020000,0
1742210100000000,2.33230000,2.34290000,2.33180000,2.33860000,1154806.00000000,1742210999999999,2701087.37210000,8911,683084.00000000,1597645.79080000,0
1742211000000000,2.33860000,2.34410000,2.33730000,2.33950000,696103.00000000,1742211899999999,1629372.07500000,9060,434480.00000000,1017034.21650000,0
1742211900000000,2.33960000,2.34240000,2.33780000,2.33870000,509723.00000000,1742212799999999,1193101.71010000,7416,209168.00000000,489574.64010000,0
1742212800000000,2.33870000,2.35490000,2.33350000,2.34440000,2887077.00000000,1742213699999999,6769762.65980000,33214,1690796.00000000,3964141.49030000,0
1742213700000000,2.34440000,2.34440000,2.33170000,2.33950000,1545074.00000000,1742214599999999,3613029.18870000,19689,493746.00000000,1154448.70890000,0
1742214600000000,2.33960000,2.36790000,2.33640000,2.34450000,5769674.00000000,1742215499999999,13570432.27210000,32713,2893330.00000000,6805095.37700000,0
1742215500000000,2.34460000,2.34970000,2.33190000,2.33270000,1800722.00000000,1742216399999999,4212739.10730000,24096,788820.00000000,1845409.89870000,0
1742216400000000,2.33270000,2.33760000,2.32270000,2.33390000,2295369.00000000,1742217299999999,5349777.31190000,26279,935306.00000000,2179985.21210000,0
1742217300000000,2.33400000,2.33810000,2.32280000,2.32480000,1064124.00000000,1742218199999999,2478684.60260000,17538,559378.00000000,1303261.13430000,0
1742218200000000,2.32490000,2.34560000,2.31830000,2.33750000,2398152.00000000,1742219099999999,5593896.44110000,25423,1082573.00000000,2526274.79280000,0
1742219100000000,2.33760000,2.33970000,2.31950000,2.32420000,1737410.00000000,1742219999999999,4041037.26650000,18885,651754.00000000,1516405.83780000,0
1742220000000000,2.32410000,2.32500000,2.30690000,2.32120000,3541235.00000000,1742220899999999,8199540.66630000,39987,1542569.00000000,3571234.29160000,0
1742220900000000,2.32120000,2.32920000,2.31230000,2.32100000,1297127.00000000,1742221799999999,3009104.84740000,34706,688670.00000000,1597544.39790000,0
1742221800000000,2.32110000,2.33360000,2.31900000,2.33070000,1013121.00000000,1742222699999999,2358801.60580000,19014,593469.00000000,1381965.57160000,0
1742222700000000,2.33080000,2.33510000,2.32010000,2.32270000,1469135.00000000,1742223599999999,3419413.19860000,13533,734885.00000000,1710010.32000000,0
1742223600000000,2.32280000,2.33090000,2.31110000,2.32900000,2286394.00000000,1742224499999999,5306228.32830000,21952,1018107.00000000,2363414.98100000,0
1742224500000000,2.32910000,2.34130000,2.32570000,2.33380000,1853227.00000000,1742225399999999,4324654.05100000,22337,681398.00000000,1590136.47450000,0
1742225400000000,2.33380000,2.33950000,2.32860000,2.33640000,1260336.00000000,1742226299999999,2942633.21880000,13512,407170.00000000,950846.54960000,0
1742226300000000,2.33630000,2.35200000,2.33560000,2.34460000,2130225.00000000,1742227199999999,4995262.18530000,15455,931759.00000000,2184997.32100000,0
1742227200000000,2.34460000,2.35580000,2.33880000,2.34890000,2921393.00000000,1742228099999999,6855964.77600000,20083,1126240.00000000,2645615.05860000,0
1742228100000000,2.34900000,2.34990000,2.34150000,2.34410000,1116449.00000000,1742228999999999,2619048.87330000,14875,660830.00000000,1550257.96860000,0
1742229000000000,2.34410000,2.34980000,2.33180000,2.33320000,973558.00000000,1742229899999999,2278068.10410000,11734,350812.00000000,821281.55620000,0
1742229900000000,2.33320000,2.34540000,2.33020000,2.34170000,866543.00000000,1742230799999999,2026438.56210000,9734,449820.00000000,1052034.75780000,0
1742230800000000,2.34160000,2.35260000,2.33860000,2.35230000,1270013.00000000,1742231699999999,2982853.25020000,10819,739527.00000000,1736737.88520000,0
1742231700000000,2.35230000,2.35720000,2.34830000,2.34910000,1909054.00000000,1742232599999999,4493135.26960000,13316,1020191.00000000,2401158.11850000,0
1742232600000000,2.34900000,2.35900000,2.34670000,2.35720000,1833037.00000000,1742233499999999,4315754.93740000,17187,896502.00000000,2110390.89750000,0
1742233500000000,2.35720000,2.36070000,2.35270000,2.35580000,1186485.00000000,1742234399999999,2798432.30440000,9816,726797.00000000,1714543.12320000,0
1742234400000000,2.35570000,2.35980000,2.34720000,2.35070000,2291111.00000000,1742235299999999,5392354.52440000,13289,1207349.00000000,2841749.19960000,0
1742235300000000,2.35060000,2.35890000,2.34950000,2.35730000,1411469.00000000,1742236199999999,3322466.46400000,12153,783989.00000000,1844697.60920000,0
1742236200000000,2.35730000,2.37410000,2.35620000,2.37150000,2819103.00000000,1742237099999999,6674764.59420000,21053,1719884.00000000,4072504.59880000,0
1742237100000000,2.37150000,2.37880000,2.36730000,2.37380000,2905750.00000000,1742237999999999,6895547.18160000,23451,1502692.00000000,3565859.46640000,0
1742238000000000,2.37380000,2.37760000,2.36710000,2.36830000,1474185.00000000,1742238899999999,3497396.04940000,16114,738955.00000000,1754022.74810000,0
1742238900000000,2.36830000,2.37140000,2.36510000,2.36700000,983226.00000000,1742239799999999,2328232.03710000,11145,465051.00000000,1101454.10560000,0
1742239800000000,2.36700000,2.37200000,2.36510000,2.37080000,766093.00000000,1742240699999999,1814473.60210000,11766,413920.00000000,980519.07980000,0
1742240700000000,2.37070000,2.37260000,2.35910000,2.36010000,923209.00000000,1742241599999999,2183564.55390000,9722,409853.00000000,968960.05770000,0
1742241600000000,2.36020000,2.36270000,2.35420000,2.36070000,1753051.00000000,1742242499999999,4133570.28010000,9822,760177.00000000,1793308.84420000,0
1742242500000000,2.36060000,2.36280000,2.35150000,2.35400000,819553.00000000,1742243399999999,1930641.17630000,6562,345091.00000000,813138.57920000,0
1742243400000000,2.35390000,2.35600000,2.34620000,2.35170000,1099037.00000000,1742244299999999,2582887.81610000,10947,511691.00000000,1202355.96840000,0
1742244300000000,2.35170000,2.35570000,2.34470000,2.34860000,917811.00000000,1742245199999999,2158528.81950000,8474,474039.00000000,1115016.58410000,0
1742245200000000,2.34870000,2.35270000,2.34640000,2.34770000,753266.00000000,1742246099999999,1769339.19830000,6187,431256.00000000,1012966.70630000,0
1742246100000000,2.34760000,2.35690000,2.34450000,2.34990000,917330.00000000,1742246999999999,2155430.42960000,10043,492278.00000000,1156897.26860000,0
1742247000000000,2.34980000,2.34990000,2.33710000,2.33950000,1684243.00000000,1742247899999999,3945073.46820000,12052,554131.00000000,1297674.76550000,0
1742247900000000,2.33940000,2.34690000,2.33920000,2.34260000,512193.00000000,1742248799999999,1200438.32950000,5453,269629.00000000,631888.61230000,0
1742248800000000,2.34260000,2.34380000,2.33720000,2.34380000,942413.00000000,1742249699999999,2205507.40530000,9210,480667.00000000,1124756.93550000,0
1742249700000000,2.34380000,2.34580000,2.34110000,2.34420000,799879.00000000,1742250599999999,1874829.58400000,5045,457378.00000000,1072043.78170000,0
1742250600000000,2.34420000,2.35000000,2.34410000,2.34730000,634527.00000000,1742251499999999,1489561.95950000,5064,395856.00000000,929260.84640000,0
1742251500000000,2.34730000,2.35020000,2.34600000,2.34790000,497154.00000000,1742252399999999,1167549.00480000,4508,202349.00000000,475188.89520000,0
1742252400000000,2.34790000,2.34810000,2.33950000,2.34090000,495722.00000000,1742253299999999,1161633.72140000,5528,184030.00000000,431198.26740000,0
1742253300000000,2.34090000,2.34390000,2.33660000,2.33730000,848998.00000000,1742254199999999,1987031.34610000,6499,415447.00000000,972462.27150000,0
1742254200000000,2.33720000,2.34490000,2.33460000,2.34330000,1123892.00000000,1742255099999999,2628837.73110000,8701,541580.00000000,1266804.51050000,0
1742255100000000,2.34340000,2.34460000,2.33800000,2.33820000,562253.00000000,1742255999999999,1315920.57220000,6191,244775.00000000,572946.99550000,0
1742256000000000,2.33810000,2.33960000,2.32910000,2.33070000,1340486.00000000,1742256899999999,3129563.42520000,10975,565687.00000000,1321166.03680000,0
1742256900000000,2.33080000,2.33990000,2.32920000,2.32920000,965367.00000000,1742257799999999,2251394.48170000,8603,511881.00000000,1193595.69750000,0
1742257800000000,2.32920000,2.33210000,2.32110000,2.32330000,1434459.00000000,1742258699999999,3337888.42810000,11959,647775.00000000,1507379.92030000,0
1742258700000000,2.32330000,2.32380000,2.31400000,2.32360000,2133897.00000000,1742259599999999,4947246.58790000,15881,1135533.00000000,2632514.81190000,0
1742259600000000,2.32360000,2.33000000,2.31430000,2.31870000,1067741.00000000,1742260499999999,2479374.71720000,9730,533197.00000000,1238660.44320000,0
1742260500000000,2.31870000,2.31880000,2.29820000,2.30780000,3838346.00000000,1742261399999999,8851224.72980000,26980,1425155.00000000,3286973.38420000,0
1742261400000000,2.30780000,2.30780000,2.29460000,2.29750000,2220967.00000000,1742262299999999,5108394.67550000,23108,904411.00000000,2080662.31400000,0
1742262300000000,2.29760000,2.30420000,2.28030000,2.29150000,5110087.00000000,1742263199999999,11691562.88650000,30081,3040514.00000000,6957313.26410000,0
1742263200000000,2.29150000,2.30520000,2.28850000,2.30410000,3394718.00000000,1742264099999999,7797230.43690000,23144,1921859.00000000,4414440.59680000,0
1742264100000000,2.30410000,2.30710000,2.29590000,2.30450000,1617647.00000000,1742264999999999,3724147.32600000,11716,995474.00000000,2292580.94320000,0
1742265000000000,2.30440000,2.30820000,2.29880000,2.30330000,909508.00000000,1742265899999999,2094785.26190000,8770,484008.00000000,1114669.54440000,0
1742265900000000,2.30340000,2.30710000,2.29750000,2.29970000,1035390.00000000,1742266799999999,2383435.01980000,11175,417248.00000000,960565.12410000,0
1742266800000000,2.29960000,2.29960000,2.28780000,2.29510000,1427821.00000000,1742267699999999,3274125.34880000,17890,546228.00000000,1252301.91950000,0
1742267700000000,2.29510000,2.29660000,2.28030000,2.28250000,2568098.00000000,1742268599999999,5875046.67390000,17304,939170.00000000,2148624.52010000,0
1742268600000000,2.28250000,2.28460000,2.27420000,2.28160000,4038446.00000000,1742269499999999,9207681.53390000,18431,2153711.00000000,4910171.98640000,0
1742269500000000,2.28160000,2.28710000,2.27670000,2.28600000,2333701.00000000,1742270399999999,5325453.89310000,10550,1436200.00000000,3277548.60090000,0
1742270400000000,2.28610000,2.29460000,2.28330000,2.29380000,2246307.00000000,1742271299999999,5145379.50550000,12489,1450456.00000000,3322343.26590000,0
1742271300000000,2.29380000,2.29620000,2.28710000,2.28910000,1151174.00000000,1742272199999999,2636819.37250000,7717,354616.00000000,812207.04660000,0
1742272200000000,2.28910000,2.29160000,2.28150000,2.28240000,944577.00000000,1742273099999999,2159061.45460000,10221,448691.00000000,1025636.17440000,0
1742273100000000,2.28240000,2.28660000,2.27700000,2.28160000,1650071.00000000,1742273999999999,3764082.94400000,11258,878400.00000000,2004656.53610000,0
1742274000000000,2.28160000,2.28920000,2.28070000,2.28570000,861175.00000000,1742274899999999,1969053.94560000,7301,420985.00000000,962340.30150000,0
1742274900000000,2.28560000,2.29450000,2.28500000,2.29430000,1017143.00000000,1742275799999999,2329173.93940000,8172,733541.00000000,1679925.20890000,0
1742275800000000,2.29440000,2.30150000,2.29100000,2.29780000,1821714.00000000,1742276699999999,4184797.29450000,9874,706915.00000000,1623670.95540000,0
1742276700000000,2.29780000,2.29830000,2.28730000,2.28990000,714367.00000000,1742277599999999,1637047.64020000,7187,328992.00000000,754081.34020000,0
1742277600000000,2.28990000,2.29250000,2.28250000,2.28490000,625590.00000000,1742278499999999,1430579.62760000,6615,280745.00000000,642029.75470000,0
1742278500000000,2.28480000,2.28660000,2.26940000,2.27490000,3045260.00000000,1742279399999999,6931009.38950000,16077,1506507.00000000,3429751.40980000,0
1742279400000000,2.27480000,2.27660000,2.25550000,2.25550000,4546041.00000000,1742280299999999,10293858.05860000,28512,2025296.00000000,4585725.31310000,0
1742280300000000,2.25550000,2.25650000,2.24320000,2.25260000,6356452.00000000,1742281199999999,14301408.78030000,32967,2775563.00000000,6245926.96960000,0
1742281200000000,2.25250000,2.28240000,2.25140000,2.27130000,4383650.00000000,1742282099999999,9950280.02140000,30275,2940729.00000000,6672757.00210000,0
1742282100000000,2.27130000,2.28800000,2.27090000,2.28500000,1774839.00000000,1742282999999999,4046375.50040000,18394,1015983.00000000,2315932.54670000,0
1742283000000000,2.28490000,2.28680000,2.27930000,2.28470000,1675796.00000000,1742283899999999,3824555.91390000,14787,588872.00000000,1343998.84720000,0
1742283900000000,2.28470000,2.28970000,2.28240000,2.28940000,863492.00000000,1742284799999999,1974714.19810000,10412,443154.00000000,1013407.43310000,0
1742284800000000,2.28940000,2.29610000,2.28660000,2.28870000,1890648.00000000,1742285699999999,4332281.24380000,11345,675507.00000000,1548272.72850000,0
1742285700000000,2.28870000,2.29650000,2.28450000,2.29500000,870289.00000000,1742286599999999,1993083.02890000,11373,472383.00000000,1082020.21340000,0
1742286600000000,2.29510000,2.30520000,2.29490000,2.29760000,1516652.00000000,1742287499999999,3485833.99720000,14297,722248.00000000,1660237.52610000,0
1742287500000000,2.29760000,2.30150000,2.29220000,2.29500000,1298135.00000000,1742288399999999,2980839.21550000,8208,659610.00000000,1514439.72790000,0
1742288400000000,2.29500000,2.29760000,2.29040000,2.29130000,920312.00000000,1742289299999999,2110690.32310000,6763,369089.00000000,846565.81430000,0
1742289300000000,2.29130000,2.29150000,2.28480000,2.28610000,832859.00000000,1742290199999999,1905123.99200000,6912,268095.00000000,613217.64640000,0
1742290200000000,2.28600000,2.29530000,2.28480000,2.28970000,883653.00000000,1742291099999999,2024123.53750000,6764,520248.00000000,1191913.46080000,0
1742291100000000,2.28970000,2.29160000,2.27420000,2.27690000,971999.00000000,1742291999999999,2218965.37250000,9610,308252.00000000,703962.39030000,0
1742292000000000,2.27700000,2.28460000,2.27570000,2.27810000,813567.00000000,1742292899999999,1855031.60000000,10846,387896.00000000,884623.46670000,0
1742292900000000,2.27820000,2.27830000,2.26650000,2.27270000,2147459.00000000,1742293799999999,4876999.67900000,13012,773801.00000000,1756848.47040000,0
1742293800000000,2.27260000,2.27780000,2.26510000,2.27570000,1054100.00000000,1742294699999999,2394802.50410000,9643,473300.00000000,1075824.32670000,0
1742294700000000,2.27570000,2.27580000,2.26320000,2.27240000,3511826.00000000,1742295599999999,7970368.20580000,13769,1285893.00000000,2918968.12860000,0
1742295600000000,2.27250000,2.27610000,2.26470000,2.27240000,986355.00000000,1742296499999999,2240196.70990000,11029,503002.00000000,1142460.86750000,0
1742296500000000,2.27250000,2.27450000,2.26840000,2.27140000,825223.00000000,1742297399999999,1874281.31690000,8154,532403.00000000,1209272.87500000,0
1742297400000000,2.27150000,2.27490000,2.26520000,2.26590000,590938.00000000,1742298299999999,1341805.58650000,7395,312285.00000000,709052.73750000,0
1742298300000000,2.26580000,2.27150000,2.26000000,2.26190000,2224089.00000000,1742299199999999,5035121.56190000,17378,799470.00000000,1809324.41140000,0
1742299200000000,2.26190000,2.26800000,2.25550000,2.26120000,1305189.00000000,1742300099999999,2951131.76350000,13766,557841.00000000,1261371.39940000,0
1742300100000000,2.26120000,2.26770000,2.25660000,2.25880000,1384279.00000000,1742300999999999,3132312.59880000,11763,737595.00000000,1669381.81450000,0
1742301000000000,2.25880000,2.25890000,2.24900000,2.25650000,2594116.00000000,1742301899999999,5842755.66000000,17292,1450761.00000000,3268372.73730000,0
1742301900000000,2.25640000,2.25640000,2.24570000,2.24780000,2145418.00000000,1742302799999999,4825965.85580000,14076,1065049.00000000,2395576.55380000,0
1742302800000000,2.24780000,2.25920000,2.24600000,2.25170000,1452863.00000000,1742303699999999,3272962.39740000,15171,929587.00000000,2093844.59220000,0
1742303700000000,2.25180000,2.26000000,2.24860000,2.25880000,1457238.00000000,1742304599999999,3285729.40890000,17203,874248.00000000,1971307.50690000,0
1742304600000000,2.25890000,2.25960000,2.22750000,2.23310000,6308421.00000000,1742305499999999,14124221.94060000,55651,2771362.00000000,6206582.14950000,0
1742305500000000,2.23300000,2.23860000,2.22500000,2.23430000,3533474.00000000,1742306399999999,7887756.79010000,51978,1567023.00000000,3498500.94230000,0
1742306400000000,2.23420000,2.24620000,2.23100000,2.24110000,2457074.00000000,1742307299999999,5500983.55960000,32672,1243779.00000000,2784779.94300000,0
1742307300000000,2.24110000,2.24860000,2.23640000,2.24800000,2977603.00000000,1742308199999999,6673118.63040000,21110,1358627.00000000,3045687.10130000,0
1742308200000000,2.24810000,2.26450000,2.24550000,2.25880000,3508649.00000000,1742309099999999,7920852.74150000,25127,2229182.00000000,5033422.17260000,0
1742309100000000,2.25890000,2.25890000,2.25000000,2.25820000,1431704.00000000,1742309999999999,3226459.63230000,15210,737279.00000000,1661445.24900000,0
1742310000000000,2.25820000,2.25820000,2.24630000,2.25120000,1079596.00000000,1742310899999999,2428447.52760000,16329,419791.00000000,944232.14770000,0
1742310900000000,2.25110000,2.25220000,2.24040000,2.24720000,2069877.00000000,1742311799999999,4648808.39700000,13188,734812.00000000,1651261.67260000,0
1742311800000000,2.24710000,2.25720000,2.24340000,2.24690000,1155125.00000000,1742312699999999,2598437.40630000,13323,653985.00000000,1471183.04350000,0
1742312700000000,2.24690000,2.25040000,2.23330000,2.23710000,1588034.00000000,1742313599999999,3556701.75510000,12383,621603.00000000,1391468.13860000,0
1742313600000000,2.23710000,2.24920000,2.23390000,2.24900000,1621597.00000000,1742314499999999,3633573.57210000,13831,955262.00000000,2141165.40720000,0
1742314500000000,2.24900000,2.25250000,2.24210000,2.25220000,893980.00000000,1742315399999999,2008834.87250000,13358,447146.00000000,1004830.43460000,0
1742315400000000,2.25220000,2.25390000,2.23950000,2.24010000,1039456.00000000,1742316299999999,2336774.38310000,10842,512380.00000000,1151636.35270000,0
1742316300000000,2.24010000,2.24580000,2.23270000,2.24440000,1336083.00000000,1742317199999999,2990515.37420000,10444,540029.00000000,1209126.91220000,0
1742317200000000,2.24450000,2.24670000,2.23280000,2.23810000,1058989.00000000,1742318099999999,2370377.15840000,11963,491339.00000000,1099682.80300000,0
1742318100000000,2.23820000,2.23950000,2.22570000,2.22910000,2381168.00000000,1742318999999999,5311687.05950000,20576,1164253.00000000,2596918.37560000,0
1742319000000000,2.22910000,2.23940000,2.22390000,2.23480000,1836571.00000000,1742319899999999,4096877.59580000,17054,1073048.00000000,2394251.27470000,0
1742319900000000,2.23470000,2.23770000,2.22250000,2.22930000,1574392.00000000,1742320799999999,3507297.17850000,13317,803832.00000000,1790722.79270000,0
1742320800000000,2.22930000,2.23900000,2.22670000,2.23790000,1496282.00000000,1742321699999999,3340246.36330000,12574,727055.00000000,1623421.10770000,0
1742321700000000,2.23780000,2.24290000,2.23300000,2.23300000,1279694.00000000,1742322599999999,2865635.68270000,9560,711917.00000000,1594202.04740000,0
1742322600000000,2.23300000,2.24180000,2.22870000,2.24010000,883468.00000000,1742323499999999,1974572.36300000,9131,493276.00000000,1102580.78810000,0
1742323500000000,2.24000000,2.25050000,2.23940000,2.24700000,1657087.00000000,1742324399999999,3721208.91430000,13713,751746.00000000,1688564.29860000,0
1742324400000000,2.24690000,2.25600000,2.24540000,2.25580000,937994.00000000,1742325299999999,2112085.86450000,9713,587099.00000000,1321813.51620000,0
1742325300000000,2.25570000,2.25930000,2.25120000,2.25230000,1420585.00000000,1742326199999999,3203137.17000000,13025,788812.00000000,1778571.85620000,0
1742326200000000,2.25230000,2.25820000,2.25220000,2.25480000,689586.00000000,1742327099999999,1555094.83320000,10438,330157.00000000,744574.93300000,0
1742327100000000,2.25480000,2.26630000,2.25170000,2.26280000,2271080.00000000,1742327999999999,5133507.33720000,13844,1498892.00000000,3388115.48120000,0
1742328000000000,2.26280000,2.26980000,2.25920000,2.25940000,1352878.00000000,1742328899999999,3063172.10040000,10120,724802.00000000,1641133.87510000,0
1742328900000000,2.25950000,2.26100000,2.25300000,2.25340000,921972.00000000,1742329799999999,2080550.79390000,7482,343243.00000000,774701.04020000,0
1742329800000000,2.25340000,2.25600000,2.25020000,2.25310000,815236.00000000,1742330699999999,1836618.15230000,7039,374247.00000000,843141.71080000,0
1742330700000000,2.25300000,2.25890000,2.25120000,2.25800000,676037.00000000,1742331599999999,1524853.92640000,7215,336502.00000000,758917.51880000,0
1742331600000000,2.25790000,2.26690000,2.25510000,2.26670000,1135844.00000000,1742332499999999,2566923.70630000,7600,705079.00000000,1593278.09760000,0
1742332500000000,2.26670000,2.26730000,2.26220000,2.26380000,729640.00000000,1742333399999999,1652535.39620000,4198,339259.00000000,768400.71780000,0
1742333400000000,2.26380000,2.26380000,2.25330000,2.25550000,543063.00000000,1742334299999999,1225355.27340000,5355,226711.00000000,511492.77780000,0
1742334300000000,2.25550000,2.26270000,2.25450000,2.26170000,357984.00000000,1742335199999999,808277.21030000,4098,188094.00000000,424712.79700000,0
1742335200000000,2.26170000,2.26860000,2.25780000,2.26600000,957855.00000000,1742336099999999,2168481.38820000,11505,489930.00000000,1109389.34260000,0
1742336100000000,2.26610000,2.27090000,2.26340000,2.26630000,720705.00000000,1742336999999999,1633662.48520000,6042,358023.00000000,811567.39900000,0
1742337000000000,2.26640000,2.27630000,2.26450000,2.27510000,1418480.00000000,1742337899999999,3221670.20580000,7979,909882.00000000,2067029.12990000,0
1742337900000000,2.27500000,2.28450000,2.27340000,2.28090000,1587955.00000000,1742338799999999,3618924.98900000,10317,904028.00000000,2060082.19640000,0
1742338800000000,2.28090000,2.29240000,2.28090000,2.29110000,1445046.00000000,1742339699999999,3306210.72510000,13306,809343.00000000,1851798.59360000,0
1742339700000000,2.29100000,2.29490000,2.28520000,2.29030000,1019779.00000000,1742340599999999,2334907.52860000,9671,433243.00000000,991933.91180000,0
1742340600000000,2.29030000,2.29110000,2.28350000,2.28700000,1079989.00000000,1742341499999999,2468790.30870000,9703,380326.00000000,869522.21320000,0
1742341500000000,2.28700000,2.28990000,2.28500000,2.28510000,677733.00000000,1742342399999999,1550156.66380000,6797,279246.00000000,638829.06750000,0
1742342400000000,2.28510000,2.28990000,2.28000000,2.28810000,896065.00000000,1742343299999999,2047334.55610000,9265,446011.00000000,1019196.33490000,0
1742343300000000,2.28810000,2.29870000,2.28750000,2.29640000,1388562.00000000,1742344199999999,3185394.80770000,11203,858975.00000000,1970702.45250000,0
1742344200000000,2.29640000,2.30810000,2.29390000,2.29440000,1887747.00000000,1742345099999999,4342599.81330000,16011,1049019.00000000,2412801.64120000,0
1742345100000000,2.29440000,2.30000000,2.28950000,2.29120000,1332898.00000000,1742345999999999,3058390.21210000,7789,482324.00000000,1107013.44870000,0
1742346000000000,2.29110000,2.29210000,2.28080000,2.28080000,1004412.00000000,1742346899999999,2297753.17550000,9941,308702.00000000,706373.88980000,0
1742346900000000,2.28080000,2.28560000,2.27740000,2.27980000,1464093.00000000,1742347799999999,3339946.97880000,9880,579556.00000000,1322418.19430000,0
1742347800000000,2.27980000,2.28380000,2.27430000,2.27800000,974665.00000000,1742348699999999,2220926.21060000,10421,429692.00000000,979303.13290000,0
1742348700000000,2.27800000,2.28240000,2.26960000,2.26990000,887921.00000000,1742349599999999,2020408.01500000,11926,434052.00000000,987991.44190000,0
1742349600000000,2.26990000,2.27530000,2.26530000,2.27260000,1076413.00000000,1742350499999999,2443765.08640000,10269,619943.00000000,1407425.90340000,0
1742350500000000,2.27250000,2.27770000,2.27010000,2.27320000,801323.00000000,1742351399999999,1821715.22470000,7080,505905.00000000,1150174.32300000,0
1742351400000000,2.27320000,2.28000000,2.27030000,2.27760000,1107158.00000000,1742352299999999,2519662.63790000,8055,645351.00000000,1468999.34650000,0
1742352300000000,2.27760000,2.28200000,2.27410000,2.28150000,1058198.00000000,1742353199999999,2410476.89240000,5769,678624.00000000,1545848.98320000,0
1742353200000000,2.28150000,2.28790000,2.28100000,2.28780000,1219613.00000000,1742354099999999,2786320.09770000,8897,713972.00000000,1631114.61630000,0
1742354100000000,2.28780000,2.29140000,2.27830000,2.27960000,819683.00000000,1742354999999999,1873545.88690000,6922,418001.00000000,955669.80570000,0
1742355000000000,2.27960000,2.29340000,2.27750000,2.28850000,750544.00000000,1742355899999999,1716422.99320000,7984,432078.00000000,988280.18360000,0
1742355900000000,2.28850000,2.29750000,2.28630000,2.29540000,832960.00000000,1742356799999999,1909476.39450000,6610,508754.00000000,1166533.93550000,0
1742356800000000,2.29540000,2.29740000,2.28950000,2.29010000,790253.00000000,1742357699999999,1811961.08090000,6729,319730.00000000,732953.02250000,0
1742357700000000,2.29010000,2.29520000,2.28750000,2.28870000,941374.00000000,1742358599999999,2157025.28550000,7861,442190.00000000,1013176.07770000,0
1742358600000000,2.28860000,2.29310000,2.28590000,2.29110000,794631.00000000,1742359499999999,1819043.49370000,7077,379983.00000000,869932.98830000,0
1742359500000000,2.29100000,2.29590000,2.29000000,2.29160000,856812.00000000,1742360399999999,1964464.12740000,7099,360714.00000000,826959.12400000,0
1742360400000000,2.29150000,2.29800000,2.29130000,2.29290000,787988.00000000,1742361299999999,1808720.17330000,7463,439728.00000000,1009304.47940000,0
1742361300000000,2.29290000,2.29920000,2.29290000,2.29790000,688851.00000000,1742362199999999,1581731.76140000,5607,420651.00000000,965968.40560000,0
1742362200000000,2.29790000,2.30220000,2.29500000,2.29500000,1723161.00000000,1742363099999999,3961577.26520000,8430,742888.00000000,1707529.29180000,0
1742363100000000,2.29510000,2.30060000,2.29370000,2.29940000,677515.00000000,1742363999999999,1556680.81340000,6243,348452.00000000,800769.04750000,0
1742364000000000,2.29950000,2.30480000,2.29680000,2.30230000,981543.00000000,1742364899999999,2257688.44550000,8173,527148.00000000,1212597.05810000,0
1742364900000000,2.30220000,2.30230000,2.29140000,2.29140000,936934.00000000,1742365799999999,2152271.66250000,6931,415820.00000000,955253.05060000,0
1742365800000000,2.29140000,2.29150000,2.28330000,2.28380000,2043979.00000000,1742366699999999,4675967.81610000,8886,820195.00000000,1876374.00720000,0
1742366700000000,2.28380000,2.29000000,2.28280000,2.28920000,858989.00000000,1742367599999999,1963806.75090000,7821,388107.00000000,887266.58590000,0
1742367600000000,2.28920000,2.28990000,2.28340000,2.28460000,666791.00000000,1742368499999999,1524511.75510000,7067,229327.00000000,524271.36140000,0
1742368500000000,2.28460000,2.30200000,2.28460000,2.30040000,1728251.00000000,1742369399999999,3967569.03680000,8154,1245766.00000000,2859620.78090000,0
1742369400000000,2.30050000,2.30320000,2.29470000,2.29790000,1166970.00000000,1742370299999999,2683021.13900000,11209,556822.00000000,1280383.21370000,0
1742370300000000,2.29790000,2.29900000,2.29050000,2.29320000,886430.00000000,1742371199999999,2033544.08710000,8236,351074.00000000,805361.68780000,0
1742371200000000,2.29330000,2.30140000,2.29320000,2.29900000,829289.00000000,1742372099999999,1906238.50600000,7588,443828.00000000,1020129.03290000,0
1742372100000000,2.29900000,2.30210000,2.29600000,2.30020000,886519.00000000,1742372999999999,2038589.23630000,6654,619185.00000000,1424017.50820000,0
1742373000000000,2.30020000,2.30890000,2.29950000,2.30180000,1502634.00000000,1742373899999999,3462796.49600000,10786,919395.00000000,2118895.79680000,0
1742373900000000,2.30180000,2.31310000,2.30050000,2.30940000,1939794.00000000,1742374799999999,4478214.37180000,9275,1332053.00000000,3074997.45240000,0
1742374800000000,2.30940000,2.31240000,2.30540000,2.30670000,822442.00000000,1742375699999999,1898722.23450000,7609,400749.00000000,925299.56760000,0
1742375700000000,2.30670000,2.31720000,2.30670000,2.31510000,1205995.00000000,1742376599999999,2789394.63070000,9946,641143.00000000,1483072.37220000,0
1742376600000000,2.31500000,2.31680000,2.30860000,2.30870000,825728.00000000,1742377499999999,1909959.32790000,8456,440893.00000000,1019893.46070000,0
1742377500000000,2.30870000,2.31530000,2.30680000,2.31290000,529366.00000000,1742378399999999,1223517.78560000,5752,301288.00000000,696457.72840000,0
1742378400000000,2.31300000,2.32120000,2.31190000,2.31690000,1158671.00000000,1742379299999999,2685096.83180000,9175,578533.00000000,1341009.42420000,0
1742379300000000,2.31700000,2.32000000,2.31440000,2.31600000,710569.00000000,1742380199999999,1646513.75790000,6890,333438.00000000,772627.36660000,0
1742380200000000,2.31610000,2.33900000,2.31000000,2.31380000,3950172.00000000,1742381099999999,9182754.81300000,26415,1849203.00000000,4300738.91880000,0
1742381100000000,2.31380000,2.31520000,2.31010000,2.31160000,1465234.00000000,1742381999999999,3389148.22390000,12135,597681.00000000,1382399.01560000,0
1742382000000000,2.31170000,2.32090000,2.30760000,2.31730000,2299807.00000000,1742382899999999,5319386.16730000,17251,1259670.00000000,2913754.02600000,0
1742382900000000,2.31730000,2.33610000,2.31490000,2.32640000,3343539.00000000,1742383799999999,7784955.02890000,23363,1398122.00000000,3254956.14430000,0
1742383800000000,2.32640000,2.34880000,2.32510000,2.33900000,4336178.00000000,1742384699999999,10144276.28200000,31829,2334013.00000000,5461009.42360000,0
1742384700000000,2.33890000,2.34200000,2.33310000,2.33630000,2091356.00000000,1742385599999999,4888703.13640000,17844,919763.00000000,2149811.95440000,0
1742385600000000,2.33620000,2.34050000,2.32780000,2.33070000,1831825.00000000,1742386499999999,4272338.37950000,14065,857625.00000000,2000799.27090000,0
1742386500000000,2.33070000,2.33300000,2.31860000,2.32280000,2105778.00000000,1742387399999999,4895444.24800000,14549,915157.00000000,2127183.34370000,0
1742387400000000,2.32280000,2.33130000,2.31830000,2.32250000,1374206.00000000,1742388299999999,3192694.17680000,14329,575068.00000000,1336115.83600000,0
1742388300000000,2.32250000,2.32890000,2.31720000,2.32720000,1227492.00000000,1742389199999999,2849757.80780000,11493,620483.00000000,1440922.98130000,0
1742389200000000,2.32730000,2.46870000,2.32130000,2.45180000,33662327.00000000,1742390099999999,81190865.61990000,187651,18701290.00000000,45116769.11180000,0
1742390100000000,2.45170000,2.59000000,2.44190000,2.49000000,57696245.00000000,1742390999999999,144909584.38180000,304026,29627203.00000000,74450210.15510000,0
1742391000000000,2.48990000,2.50580000,2.45580000,2.50180000,23692764.00000000,1742391899999999,58829545.03520000,150100,12371330.00000000,30734745.75440000,0
1742391900000000,2.50170000,2.53430000,2.49810000,2.52280000,21413238.00000000,1742392799999999,53966536.75730000,131592,10478207.00000000,26412229.54320000,0
1742392800000000,2.52280000,2.58120000,2.52280000,2.55080000,25344717.00000000,1742393699999999,64877709.36110000,145912,11403192.00000000,29180652.33740000,0
1742393700000000,2.55080000,2.57770000,2.53320000,2.53610000,14319309.00000000,1742394599999999,36644927.50550000,98148,6862002.00000000,17563879.39190000,0
1742394600000000,2.53610000,2.53610000,2.48590000,2.50690000,27239382.00000000,1742395499999999,68173137.03860000,128724,13877673.00000000,34726048.46150000,0
1742395500000000,2.50700000,2.55480000,2.49470000,2.53990000,10612454.00000000,1742396399999999,26779264.35390000,69820,5889714.00000000,14866570.75030000,0
1742396400000000,2.53980000,2.55580000,2.52450000,2.52950000,8029900.00000000,1742397299999999,20397590.72380000,63452,3950890.00000000,10040581.68850000,0
1742397300000000,2.52950000,2.55350000,2.52890000,2.55090000,7447740.00000000,1742398199999999,18927741.06250000,46052,4239302.00000000,10773655.86010000,0
1742398200000000,2.55080000,2.56580000,2.54420000,2.56120000,7581055.00000000,1742399099999999,19377716.20160000,51238,3997728.00000000,10218409.94920000,0
1742399100000000,2.56120000,2.58000000,2.54850000,2.55480000,8012099.00000000,1742399999999999,20540319.42860000,51467,3656487.00000000,9376762.51680000,0
1742400000000000,2.55480000,2.56680000,2.52300000,2.53220000,7257221.00000000,1742400899999999,18432230.74230000,55575,3107734.00000000,7894339.54240000,0
1742400900000000,2.53230000,2.54920000,2.50770000,2.52920000,10004280.00000000,1742401799999999,25307227.78480000,56877,5172859.00000000,13096385.44050000,0
1742401800000000,2.52910000,2.53300000,2.50220000,2.50780000,6439311.00000000,1742402699999999,16173061.28820000,47715,2932779.00000000,7364879.24190000,0
1742402700000000,2.50780000,2.52650000,2.50460000,2.51610000,4444980.00000000,1742403599999999,11182278.38020000,29273,2626311.00000000,6606009.12310000,0
1742403600000000,2.51610000,2.52900000,2.51000000,2.52080000,2624774.00000000,1742404499999999,6608585.24200000,25488,1287650.00000000,3242668.74420000,0
1742404500000000,2.52090000,2.53190000,2.50510000,2.50770000,2672384.00000000,1742405399999999,6736038.90310000,22624,1229418.00000000,3099706.84790000,0
1742405400000000,2.50770000,2.51000000,2.46850000,2.47620000,12865643.00000000,1742406299999999,31948285.23490000,74391,5798341.00000000,14394423.94620000,0
1742406300000000,2.47620000,2.49640000,2.47230000,2.49120000,5489284.00000000,1742407199999999,13654722.74590000,29989,2775257.00000000,6902771.59810000,0
1742407200000000,2.49120000,2.53330000,2.45250000,2.50070000,17217417.00000000,1742408099999999,42874612.15420000,106824,8740639.00000000,21776653.07180000,0
1742408100000000,2.50080000,2.51370000,2.47310000,2.47790000,5032428.00000000,1742408999999999,12561151.81110000,61194,2507739.00000000,6261574.87370000,0
1742409000000000,2.47780000,2.50130000,2.47130000,2.48320000,4093810.00000000,1742409899999999,10176522.03110000,41011,2052013.00000000,5101091.32090000,0
1742409900000000,2.48320000,2.52860000,2.47830000,2.51410000,7012417.00000000,1742410799999999,17593255.05920000,50514,3941074.00000000,9883648.66990000,0
1742410800000000,2.51410000,2.53990000,2.51330000,2.53050000,7579625.00000000,1742411699999999,19149440.90330000,54522,4174268.00000000,10545346.25140000,0
1742411700000000,2.53050000,2.53260000,2.48810000,2.49360000,5749286.00000000,1742412599999999,14389032.75160000,45072,2444366.00000000,6118482.42060000,0
1742412600000000,2.49360000,2.50270000,2.47300000,2.48980000,5471077.00000000,1742413499999999,13609918.22070000,41956,2717380.00000000,6759770.56300000,0
1742413500000000,2.48980000,2.49690000,2.47900000,2.48770000,3274619.00000000,1742414399999999,8145985.63730000,28362,1657267.00000000,4123603.83970000,0
1742414400000000,2.48780000,2.51400000,2.48650000,2.50960000,3438296.00000000,1742415299999999,8608237.96630000,23970,1777399.00000000,4450039.53770000,0
1742415300000000,2.50970000,2.51680000,2.49840000,2.50370000,2543585.00000000,1742416199999999,6378726.19480000,18547,1047384.00000000,2627476.74550000,0
1742416200000000,2.50360000,2.50410000,2.48960000,2.49050000,1428880.00000000,1742417099999999,3568348.50040000,13980,610536.00000000,1524880.99880000,0
1742417100000000,2.49040000,2.49050000,2.47620000,2.48970000,2578319.00000000,1742417999999999,6400723.86830000,17343,1261591.00000000,3131827.46500000,0
1742418000000000,2.48960000,2.51570000,2.48820000,2.51280000,3543237.00000000,1742418899999999,8878214.27790000,21116,1892947.00000000,4742183.69890000,0
1742418900000000,2.51280000,2.51480000,2.50320000,2.50660000,2004386.00000000,1742419799999999,5027727.49450000,13153,845023.00000000,2119692.20580000,0
1742419800000000,2.50670000,2.52000000,2.49760000,2.50030000,1917728.00000000,1742420699999999,4811092.72170000,14381,808795.00000000,2029652.22010000,0
1742420700000000,2.50040000,2.51330000,2.49930000,2.50460000,1213898.00000000,1742421599999999,3042493.82480000,12506,805276.00000000,2018567.23190000,0
1742421600000000,2.50460000,2.52500000,2.50450000,2.52500000,2493978.00000000,1742422499999999,6270941.83970000,19849,1607464.00000000,4042387.69750000,0
1742422500000000,2.52500000,2.52650000,2.51570000,2.51930000,1753568.00000000,1742423399999999,4419953.53750000,14234,869426.00000000,2191739.99780000,0
1742423400000000,2.51940000,2.56720000,2.51730000,2.54700000,5253322.00000000,1742424299999999,13363601.52280000,29975,3234584.00000000,8227286.25100000,0
1742424300000000,2.54700000,2.55840000,2.52780000,2.53090000,4134717.00000000,1742425199999999,10505205.17870000,32169,2253123.00000000,5725068.39490000,0
1742425200000000,2.53100000,2.54440000,2.53100000,2.53680000,2287507.00000000,1742426099999999,5805784.35760000,19334,1337427.00000000,3394485.84510000,0
1742426100000000,2.53680000,2.55500000,2.53650000,2.55360000,2050118.00000000,1742426999999999,5223142.28340000,18361,1098268.00000000,2798106.91910000,0
1742427000000000,2.55350000,2.55500000,2.54250000,2.54940000,2220907.00000000,1742427899999999,5662938.04280000,19250,1031767.00000000,2630774.58100000,0
1742427900000000,2.54930000,2.55790000,2.53910000,2.54690000,2570262.00000000,1742428799999999,6552414.19300000,21306,1319375.00000000,3363305.79950000,0
1742428800000000,2.54690000,2.56380000,2.53900000,2.54720000,5904694.00000000,1742429699999999,15060210.25400000,44733,3170906.00000000,8088317.33610000,0
1742429700000000,2.54710000,2.54780000,2.51820000,2.52830000,5032876.00000000,1742430599999999,12720167.94610000,35278,2092778.00000000,5288693.56590000,0
1742430600000000,2.52830000,2.53250000,2.50640000,2.50890000,3417792.00000000,1742431499999999,8599007.20510000,28474,1174858.00000000,2956535.45190000,0
1742431500000000,2.50880000,2.51490000,2.49720000,2.50510000,4080096.00000000,1742432399999999,10221684.51050000,26973,1888598.00000000,4731300.55700000,0
1742432400000000,2.50510000,2.51680000,2.50130000,2.51490000,4514928.00000000,1742433299999999,11325745.30970000,23021,1856273.00000000,4657352.44540000,0
1742433300000000,2.51490000,2.51630000,2.50760000,2.50900000,3239307.00000000,1742434199999999,8133944.86960000,18649,1636370.00000000,4108547.51210000,0
1742434200000000,2.50900000,2.50900000,2.48560000,2.48860000,2987621.00000000,1742435099999999,7454282.35160000,24090,939613.00000000,2344130.01620000,0
1742435100000000,2.48860000,2.50330000,2.48860000,2.49580000,1832109.00000000,1742435999999999,4577133.96110000,15871,1132755.00000000,2830154.28730000,0
1742436000000000,2.49580000,2.49890000,2.48790000,2.49330000,1531811.00000000,1742436899999999,3820040.60800000,16752,822939.00000000,2052266.64270000,0
1742436900000000,2.49330000,2.49330000,2.47900000,2.48570000,2072454.00000000,1742437799999999,5149869.43640000,17456,1001551.00000000,2489055.73130000,0
1742437800000000,2.48580000,2.49380000,2.47840000,2.49150000,1782506.00000000,1742438699999999,4429482.00520000,12754,1030166.00000000,2560225.83150000,0
1742438700000000,2.49150000,2.49690000,2.49080000,2.49440000,1133443.00000000,1742439599999999,2826451.77960000,9272,684400.00000000,1706600.39780000,0
1742439600000000,2.49440000,2.49670000,2.48500000,2.48500000,1390187.00000000,1742440499999999,3464063.24500000,7967,829929.00000000,2068346.06690000,0
1742440500000000,2.48500000,2.49150000,2.48360000,2.48970000,1063849.00000000,1742441399999999,2646828.53740000,6939,666445.00000000,1658172.23090000,0
1742441400000000,2.48970000,2.49120000,2.48430000,2.49080000,985483.00000000,1742442299999999,2451508.53600000,6820,598905.00000000,1489899.91070000,0
1742442300000000,2.49090000,2.49420000,2.48170000,2.48450000,1148267.00000000,1742443199999999,2854334.30310000,9895,695726.00000000,1729294.36770000,0
1742443200000000,2.48450000,2.48730000,2.47430000,2.47760000,1729355.00000000,1742444099999999,4289973.55890000,12395,819190.00000000,2032540.19060000,0
1742444100000000,2.47760000,2.47870000,2.46820000,2.46930000,2923615.00000000,1742444999999999,7226452.25790000,14692,1012256.00000000,2501815.06070000,0
1742445000000000,2.46930000,2.47060000,2.45370000,2.46090000,3409472.00000000,1742445899999999,8390046.34760000,23295,1582945.00000000,3896087.71320000,0
1742445900000000,2.46090000,2.46560000,2.45340000,2.46510000,2657726.00000000,1742446799999999,6538645.96760000,17695,1743322.00000000,4289444.75340000,0
1742446800000000,2.46510000,2.47060000,2.46030000,2.46430000,1643664.00000000,1742447699999999,4052063.34820000,13910,1030977.00000000,2541870.61940000,0
1742447700000000,2.46430000,2.46500000,2.43510000,2.43960000,3651549.00000000,1742448599999999,8939104.32200000,23551,1287123.00000000,3151902.99680000,0
1742448600000000,2.43960000,2.44850000,2.43480000,2.43480000,2870562.00000000,1742449499999999,7010895.96000000,18162,1171369.00000000,2861201.59120000,0
1742449500000000,2.43490000,2.45070000,2.43120000,2.44910000,1967697.00000000,1742450399999999,4804311.90850000,16972,1343771.00000000,3282064.44220000,0
1742450400000000,2.44920000,2.45750000,2.44700000,2.45650000,1597125.00000000,1742451299999999,3916754.26870000,10698,1035793.00000000,2540486.30750000,0
1742451300000000,2.45650000,2.46460000,2.45240000,2.45800000,1418872.00000000,1742452199999999,3489304.34320000,9765,859698.00000000,2114258.41100000,0
1742452200000000,2.45800000,2.46100000,2.44380000,2.44760000,1532869.00000000,1742453099999999,3757919.50310000,13152,637376.00000000,1563308.04330000,0
1742453100000000,2.44770000,2.45520000,2.44560000,2.45310000,1863827.00000000,1742453999999999,4567698.63990000,12976,1067911.00000000,2617489.01340000,0
1742454000000000,2.45310000,2.45700000,2.44890000,2.45510000,1321949.00000000,1742454899999999,3242545.82550000,10391,769429.00000000,1887536.09890000,0
1742454900000000,2.45510000,2.45620000,2.44380000,2.44750000,1459489.00000000,1742455799999999,3575058.90540000,10742,658064.00000000,1611672.39980000,0
1742455800000000,2.44750000,2.45600000,2.44420000,2.45440000,1109534.00000000,1742456699999999,2719485.26380000,12124,671010.00000000,1644777.62800000,0
1742456700000000,2.45440000,2.47030000,2.45440000,2.46440000,1867170.00000000,1742457599999999,4602404.51100000,14678,1191839.00000000,2937392.02380000,0
1742457600000000,2.46430000,2.47580000,2.46400000,2.47570000,2908714.00000000,1742458499999999,7182264.33040000,19912,1798185.00000000,4440135.01570000,0
1742458500000000,2.47560000,2.49280000,2.47450000,2.48360000,3531115.00000000,1742459399999999,8767560.16010000,20689,2090929.00000000,5191146.13700000,0
1742459400000000,2.48360000,2.49750000,2.47790000,2.49220000,3142661.00000000,1742460299999999,7829719.95100000,23257,1985064.00000000,4946420.30550000,0
1742460300000000,2.49220000,2.51800000,2.48850000,2.51120000,4866959.00000000,1742461199999999,12177239.09650000,30526,3363287.00000000,8413651.46600000,0
1742461200000000,2.51110000,2.51820000,2.49800000,2.50300000,3440523.00000000,1742462099999999,8618567.09840000,27840,1860537.00000000,4660229.82630000,0
1742462100000000,2.50310000,2.50610000,2.48800000,2.49890000,3184016.00000000,1742462999999999,7952607.28330000,23647,1832835.00000000,4579171.12600000,0
1742463000000000,2.49880000,2.51500000,2.49690000,2.51050000,3171350.00000000,1742463899999999,7952452.05460000,29500,1820895.00000000,4565346.52060000,0
1742463900000000,2.51050000,2.51780000,2.50460000,2.51230000,2641671.00000000,1742464799999999,6629279.27580000,21963,1528665.00000000,3836097.69460000,0
1742464800000000,2.51220000,2.51760000,2.49290000,2.49980000,2431091.00000000,1742465699999999,6085703.11430000,27808,985540.00000000,2467887.41080000,0
1742465700000000,2.49990000,2.50270000,2.46710000,2.48340000,4146157.00000000,1742466599999999,10284565.08270000,52685,1717626.00000000,4261456.33040000,0
1742466600000000,2.48350000,2.49000000,2.47500000,2.48990000,1735178.00000000,1742467499999999,4307380.01370000,22195,855907.00000000,2125384.88030000,0
1742467500000000,2.49000000,2.49130000,2.47880000,2.47920000,1112077.00000000,1742468399999999,2762547.83290000,14042,466564.00000000,1159170.57390000,0
1742468400000000,2.47920000,2.48550000,2.47170000,2.47290000,1518007.00000000,1742469299999999,3762656.02340000,16239,591600.00000000,1466452.72020000,0
1742469300000000,2.47290000,2.47940000,2.46830000,2.47870000,1204844.00000000,1742470199999999,2980234.24950000,15702,602231.00000000,1489805.45920000,0
1742470200000000,2.47860000,2.49380000,2.47750000,2.48840000,1521572.00000000,1742471099999999,3784668.27060000,15682,882508.00000000,2195227.17950000,0
1742471100000000,2.48840000,2.49300000,2.48540000,2.49090000,1033594.00000000,1742471999999999,2572472.46920000,15018,571634.00000000,1422629.51830000,0
1742472000000000,2.49090000,2.49100000,2.47610000,2.47920000,1131639.00000000,1742472899999999,2808589.41630000,14286,476026.00000000,1181446.93030000,0
1742472900000000,2.47920000,2.49090000,2.47750000,2.48420000,1014971.00000000,1742473799999999,2521411.53750000,10702,478986.00000000,1189333.96340000,0
1742473800000000,2.48420000,2.49000000,2.48030000,2.48360000,1343193.00000000,1742474699999999,3338604.69950000,10573,574686.00000000,1428778.05300000,0
1742474700000000,2.48350000,2.50020000,2.47840000,2.49400000,1294688.00000000,1742475599999999,3225440.30930000,13971,701620.00000000,1747951.10230000,0
1742475600000000,2.49400000,2.49990000,2.48480000,2.48590000,1273714.00000000,1742476499999999,3174244.36870000,16458,567899.00000000,1415755.74430000,0
1742476500000000,2.48590000,2.48990000,2.47800000,2.47960000,1561197.00000000,1742477399999999,3875850.33760000,14081,757911.00000000,1881764.67950000,0
1742477400000000,2.47970000,2.50580000,2.47590000,2.50200000,3290863.00000000,1742478299999999,8204302.00550000,29547,1599387.00000000,3989610.79470000,0
1742478300000000,2.50190000,2.50910000,2.49030000,2.50070000,2521266.00000000,1742479199999999,6303008.63390000,28119,1113045.00000000,2782456.86420000,0
1742479200000000,2.50060000,2.51490000,2.49990000,2.50810000,3552388.00000000,1742480099999999,8917115.70290000,32456,1874030.00000000,4704628.41220000,0
1742480100000000,2.50810000,2.51860000,2.50340000,2.51040000,2785755.00000000,1742480999999999,7000099.93160000,30496,1684950.00000000,4233529.31730000,0
1742481000000000,2.51030000,2.51040000,2.49370000,2.50080000,2785739.00000000,1742481899999999,6964172.49670000,27348,1435422.00000000,3588715.92480000,0
1742481900000000,2.50080000,2.50410000,2.49230000,2.49900000,1713499.00000000,1742482799999999,4279434.22430000,17233,862790.00000000,2154246.07510000,0
1742482800000000,2.49900000,2.50100000,2.46260000,2.49030000,6568856.00000000,1742483699999999,16286430.74210000,57501,2674816.00000000,6637319.71150000,0
1742483700000000,2.49030000,2.49100000,2.46350000,2.47310000,3526245.00000000,1742484599999999,8722983.91930000,36638,1740343.00000000,4304452.66270000,0
1742484600000000,2.47310000,2.47370000,2.43970000,2.45170000,6537160.00000000,1742485499999999,16033544.34940000,57483,3167998.00000000,7768434.54120000,0
1742485500000000,2.45180000,2.45800000,2.43740000,2.43880000,3499145.00000000,1742486399999999,8560748.95290000,36155,1837527.00000000,4496100.00330000,0
1742486400000000,2.43870000,2.45800000,2.43510000,2.43600000,3369221.00000000,1742487299999999,8239609.47800000,39312,1761140.00000000,4308419.26850000,0
1742487300000000,2.43600000,2.44310000,2.42160000,2.42220000,5290153.00000000,1742488199999999,12853446.10890000,40711,2090506.00000000,5080719.99150000,0
1742488200000000,2.42230000,2.42770000,2.39630000,2.40420000,8623856.00000000,1742489099999999,20814884.19210000,70845,4299600.00000000,10384721.69770000,0
1742489100000000,2.40420000,2.40500000,2.38900000,2.40270000,5265682.00000000,1742489999999999,12620599.75520000,45741,3084130.00000000,7393612.46260000,0
1742490000000000,2.40260000,2.42540000,2.40050000,2.42340000,4709190.00000000,1742490899999999,11361486.39730000,31129,3275489.00000000,7903202.34190000,0
1742490900000000,2.42340000,2.42480000,2.40300000,2.40680000,2934557.00000000,1742491799999999,7082474.75460000,23649,843758.00000000,2036686.21680000,0
1742491800000000,2.40680000,2.42560000,2.40610000,2.42520000,2235522.00000000,1742492699999999,5402715.61030000,19043,1412012.00000000,3413086.14250000,0
1742492700000000,2.42520000,2.43190000,2.41760000,2.42610000,2747306.00000000,1742493599999999,6662798.39870000,19341,1425727.00000000,3457659.77750000,0
1742493600000000,2.42610000,2.43990000,2.42470000,2.43730000,2054035.00000000,1742494499999999,4998864.24080000,17564,1332219.00000000,3242627.94550000,0
1742494500000000,2.43720000,2.44850000,2.42940000,2.42970000,2210539.00000000,1742495399999999,5391765.67430000,17506,1284659.00000000,3134328.24050000,0
1742495400000000,2.42980000,2.44580000,2.42950000,2.43510000,1131161.00000000,1742496299999999,2760486.87690000,14945,637328.00000000,1555755.04960000,0
1742496300000000,2.43510000,2.44000000,2.42940000,2.43050000,958541.00000000,1742497199999999,2334435.72520000,12639,397505.00000000,968287.60120000,0
1742497200000000,2.43050000,2.43230000,2.41870000,2.42420000,1918805.00000000,1742498099999999,4652986.71440000,14253,585195.00000000,1419687.61210000,0
1742498100000000,2.42420000,2.43590000,2.42400000,2.42510000,1432006.00000000,1742498999999999,3479684.85350000,11785,742103.00000000,1803846.29630000,0
1742499000000000,2.42500000,2.44230000,2.42500000,2.44150000,1345070.00000000,1742499899999999,3274722.81670000,14513,817734.00000000,1991451.28730000,0
1742499900000000,2.44150000,2.44260000,2.43470000,2.43630000,753752.00000000,1742500799999999,1838233.51010000,12749,342893.00000000,836373.99760000,0
1742500800000000,2.43620000,2.44570000,2.43560000,2.44490000,732427.00000000,1742501699999999,1788829.81280000,8218,449835.00000000,1098646.98830000,0
1742501700000000,2.44490000,2.45180000,2.44400000,2.44800000,982501.00000000,1742502599999999,2406443.81930000,8389,523543.00000000,1282162.08310000,0
1742502600000000,2.44790000,2.45500000,2.44630000,2.45150000,1086370.00000000,1742503499999999,2662640.05430000,8610,597616.00000000,1464760.23710000,0
1742503500000000,2.45140000,2.45140000,2.44540000,2.44590000,1057676.00000000,1742504399999999,2590396.59190000,8629,397364.00000000,973091.13710000,0
1742504400000000,2.44590000,2.44920000,2.43440000,2.43770000,1334858.00000000,1742505299999999,3257533.74910000,10061,524494.00000000,1279636.05920000,0
1742505300000000,2.43770000,2.43850000,2.43330000,2.43830000,1595543.00000000,1742506199999999,3886637.83010000,7577,701228.00000000,1707873.71790000,0
1742506200000000,2.43840000,2.44380000,2.42840000,2.43350000,980210.00000000,1742507099999999,2387278.82360000,9161,478634.00000000,1165707.04150000,0
1742507100000000,2.43350000,2.43970000,2.43060000,2.43810000,831952.00000000,1742507999999999,2025679.86760000,8928,542134.00000000,1319841.17650000,0
1742508000000000,2.43800000,2.44260000,2.43010000,2.43310000,660475.00000000,1742508899999999,1609027.58570000,13453,329480.00000000,802771.79910000,0
1742508900000000,2.43320000,2.43660000,2.41830000,2.42110000,1532889.00000000,1742509799999999,3717880.74620000,16507,527753.00000000,1279679.40280000,0
1742509800000000,2.42110000,2.42910000,2.41880000,2.42800000,1304908.00000000,1742510699999999,3161812.89780000,12475,454769.00000000,1102393.53160000,0
1742510700000000,2.42790000,2.43010000,2.41830000,2.42280000,1011309.00000000,1742511599999999,2452597.24300000,9317,404602.00000000,981348.91830000,0
1742511600000000,2.42280000,2.42370000,2.41480000,2.41680000,1279598.00000000,1742512499999999,3095078.33520000,9632,547294.00000000,1323573.04870000,0
1742512500000000,2.41670000,2.42560000,2.41310000,2.42460000,968131.00000000,1742513399999999,2341003.73010000,8608,415839.00000000,1005685.56550000,0
1742513400000000,2.42460000,2.43300000,2.42310000,2.43180000,1077697.00000000,1742514299999999,2618273.26690000,8290,604792.00000000,1469359.58430000,0
1742514300000000,2.43190000,2.43770000,2.42970000,2.43610000,1025407.00000000,1742515199999999,2496630.69170000,7286,628184.00000000,1529443.80280000,0
1742515200000000,2.43600000,2.44460000,2.42960000,2.44170000,1044170.00000000,1742516099999999,2545991.69230000,13016,507458.00000000,1237685.76680000,0
1742516100000000,2.44170000,2.44210000,2.42500000,2.42510000,970096.00000000,1742516999999999,2359582.09790000,10398,376960.00000000,916407.32630000,0
1742517000000000,2.42500000,2.43160000,2.42130000,2.42510000,734086.00000000,1742517899999999,1781412.07870000,11346,373583.00000000,906695.19720000,0
1742517900000000,2.42520000,2.43940000,2.42440000,2.43870000,830415.00000000,1742518799999999,2021463.94730000,9527,590201.00000000,1436782.43390000,0
1742518800000000,2.43870000,2.44970000,2.43590000,2.44800000,803206.00000000,1742519699999999,1961735.72390000,8967,549842.00000000,1343157.53310000,0
1742519700000000,2.44810000,2.44960000,2.44130000,2.44280000,1077747.00000000,1742520599999999,2634704.88570000,9250,561888.00000000,1373639.66470000,0
1742520600000000,2.44280000,2.45320000,2.44100000,2.44840000,2233398.00000000,1742521499999999,5468052.74800000,12138,991119.00000000,2426501.14000000,0
1742521500000000,2.44850000,2.46430000,2.44760000,2.46160000,3234947.00000000,1742522399999999,7952690.27980000,22264,1840478.00000000,4523909.29130000,0
1742522400000000,2.46150000,2.46690000,2.43810000,2.44290000,3161549.00000000,1742523299999999,7762841.08100000,26531,1638307.00000000,4024223.80560000,0
1742523300000000,2.44290000,2.44420000,2.43300000,2.43790000,1902974.00000000,1742524199999999,4639116.84460000,15520,1084773.00000000,2644139.16510000,0
1742524200000000,2.43790000,2.44430000,2.43180000,2.43180000,1122482.00000000,1742525099999999,2737715.45720000,8543,613039.00000000,1495336.83350000,0
1742525100000000,2.43180000,2.43820000,2.42920000,2.43340000,1018565.00000000,1742525999999999,2478954.15550000,10439,594245.00000000,1446357.22690000,0
1742526000000000,2.43350000,2.43490000,2.41510000,2.41880000,1973273.00000000,1742526899999999,4779713.51470000,12053,839626.00000000,2033273.33150000,0
1742526900000000,2.41890000,2.42630000,2.41250000,2.42610000,1410872.00000000,1742527799999999,3415468.43360000,9765,998023.00000000,2416338.40950000,0
1742527800000000,2.42610000,2.42840000,2.41740000,2.42200000,1330411.00000000,1742528699999999,3221685.22080000,11330,640637.00000000,1551201.06430000,0
1742528700000000,2.42200000,2.43140000,2.42080000,2.42370000,2079165.00000000,1742529599999999,5044543.89660000,9336,1155319.00000000,2803174.39590000,0
1742529600000000,2.42360000,2.43440000,2.42160000,2.43090000,1196419.00000000,1742530499999999,2906444.16670000,8876,693728.00000000,1685109.44540000,0
1742530500000000,2.43080000,2.43500000,2.42470000,2.43180000,1469571.00000000,1742531399999999,3572591.08320000,7668,786196.00000000,1911367.11360000,0
1742531400000000,2.43170000,2.43520000,2.42750000,2.42760000,895595.00000000,1742532299999999,2178113.40690000,6981,523294.00000000,1272743.33040000,0
1742532300000000,2.42750000,2.43190000,2.42540000,2.42540000,1089391.00000000,1742533199999999,2646192.24980000,7066,636335.00000000,1545827.13800000,0
1742533200000000,2.42530000,2.42620000,2.41530000,2.41940000,1361052.00000000,1742534099999999,3292514.66590000,10558,714579.00000000,1728766.79670000,0
1742534100000000,2.41940000,2.42390000,2.41520000,2.41540000,997341.00000000,1742534999999999,2413430.53520000,8201,523879.00000000,1267879.00950000,0
1742535000000000,2.41530000,2.41740000,2.40900000,2.41120000,1375051.00000000,1742535899999999,3318133.64490000,9736,695919.00000000,1679553.68390000,0
1742535900000000,2.41120000,2.42090000,2.40820000,2.41980000,1285744.00000000,1742536799999999,3103094.22830000,10605,835888.00000000,2017360.86290000,0
1742536800000000,2.41990000,2.41990000,2.40460000,2.40590000,1921427.00000000,1742537699999999,4634413.87120000,12183,810675.00000000,1954469.25770000,0
1742537700000000,2.40590000,2.41020000,2.39970000,2.40960000,1552184.00000000,1742538599999999,3732501.29990000,15611,708162.00000000,1703310.96590000,0
1742538600000000,2.40960000,2.41470000,2.40130000,2.40700000,1865066.00000000,1742539499999999,4491931.38360000,12888,1317294.00000000,3172685.76970000,0
1742539500000000,2.40710000,2.40900000,2.40160000,2.40660000,1585031.00000000,1742540399999999,3811939.47650000,13214,772262.00000000,1857029.56610000,0
1742540400000000,2.40650000,2.40760000,2.39480000,2.39750000,2157621.00000000,1742541299999999,5176075.55570000,14212,1216057.00000000,2917117.01680000,0
1742541300000000,2.39750000,2.39790000,2.38420000,2.38950000,3517599.00000000,1742542199999999,8403066.27100000,21221,1731329.00000000,4135946.11490000,0
1742542200000000,2.38950000,2.39090000,2.38340000,2.39080000,2280059.00000000,1742543099999999,5442504.81680000,14798,944157.00000000,2253658.32230000,0
1742543100000000,2.39080000,2.41380000,2.39080000,2.40830000,3934180.00000000,1742543999999999,9462440.24430000,18558,2549709.00000000,6130173.42640000,0
1742544000000000,2.40830000,2.41800000,2.40680000,2.41410000,2421137.00000000,1742544899999999,5842566.14150000,16220,1260148.00000000,3040962.26570000,0
1742544900000000,2.41420000,2.41450000,2.39650000,2.40090000,2128082.00000000,1742545799999999,5112695.37070000,17256,1012893.00000000,2432929.94440000,0
1742545800000000,2.40080000,2.40620000,2.38880000,2.40170000,1973951.00000000,1742546699999999,4734401.79760000,21428,852381.00000000,2044902.92630000,0
1742546700000000,2.40180000,2.40870000,2.40090000,2.40720000,867637.00000000,1742547599999999,2086522.44730000,9435,420836.00000000,1012149.42700000,0
1742547600000000,2.40720000,2.40930000,2.39550000,2.40920000,1337109.00000000,1742548499999999,3212078.56650000,10348,487289.00000000,1171003.86680000,0
1742548500000000,2.40930000,2.41860000,2.40870000,2.41470000,2021696.00000000,1742549399999999,4882949.34530000,12915,1078752.00000000,2605643.84960000,0
1742549400000000,2.41470000,2.42050000,2.41270000,2.41380000,1027305.00000000,1742550299999999,2482400.06100000,11311,444314.00000000,1073831.81500000,0
1742550300000000,2.41380000,2.41440000,2.40190000,2.40500000,1346141.00000000,1742551199999999,3240476.12690000,8102,480642.00000000,1157067.66130000,0
1742551200000000,2.40510000,2.40550000,2.39650000,2.40030000,1071076.00000000,1742552099999999,2571385.91790000,8392,467807.00000000,1123166.86130000,0
1742552100000000,2.40040000,2.40220000,2.37130000,2.37990000,3777877.00000000,1742552999999999,9004727.39620000,22847,1319206.00000000,3144262.74070000,0
1742553000000000,2.37980000,2.38730000,2.37200000,2.38600000,1702479.00000000,1742553899999999,4051797.00120000,18901,944829.00000000,2248821.68410000,0
1742553900000000,2.38610000,2.39120000,2.38420000,2.38810000,1199414.00000000,1742554799999999,2864783.36050000,10474,704888.00000000,1683612.62070000,0
1742554800000000,2.38810000,2.38870000,2.37810000,2.38270000,1235206.00000000,1742555699999999,2943027.29630000,12016,672998.00000000,1603691.89470000,0
1742555700000000,2.38260000,2.38820000,2.37340000,2.37470000,1521476.00000000,1742556599999999,3618211.07020000,11805,606408.00000000,1442358.28980000,0
1742556600000000,2.37470000,2.38350000,2.37460000,2.38140000,1330364.00000000,1742557499999999,3164891.67800000,11509,532219.00000000,1266144.90420000,0
1742557500000000,2.38130000,2.39150000,2.38070000,2.38830000,1712129.00000000,1742558399999999,4087840.40770000,12601,870457.00000000,2078149.01590000,0
1742558400000000,2.38820000,2.39900000,2.38490000,2.39470000,1477823.00000000,1742559299999999,3533958.94780000,11714,810744.00000000,1938826.45520000,0
1742559300000000,2.39470000,2.39640000,2.39000000,2.39230000,1174462.00000000,1742560199999999,2809815.47360000,10001,383407.00000000,917189.49860000,0
1742560200000000,2.39230000,2.39350000,2.37010000,2.37830000,2185154.00000000,1742561099999999,5197958.70050000,19106,1013686.00000000,2410534.24450000,0
1742561100000000,2.37830000,2.38370000,2.36440000,2.36880000,2571092.00000000,1742561999999999,6098850.49930000,19352,743320.00000000,1763649.69520000,0
1742562000000000,2.36880000,2.38000000,2.36580000,2.37880000,1237456.00000000,1742562899999999,2937493.46210000,13787,661670.00000000,1570872.92040000,0
1742562900000000,2.37870000,2.38340000,2.36720000,2.37150000,1640679.00000000,1742563799999999,3894603.71710000,15626,661676.00000000,1571401.18450000,0
1742563800000000,2.37150000,2.37830000,2.35640000,2.37460000,3856900.00000000,1742564699999999,9116722.02640000,33775,2090635.00000000,4943447.26880000,0
1742564700000000,2.37470000,2.38630000,2.37180000,2.38230000,1986224.00000000,1742565599999999,4726898.05590000,24151,1080559.00000000,2572237.16600000,0
1742565600000000,2.38240000,2.38460000,2.36070000,2.36820000,1786136.00000000,1742566499999999,4231538.48860000,22576,813190.00000000,1926354.43340000,0
1742566500000000,2.36810000,2.38890000,2.36450000,2.37950000,2550908.00000000,1742567399999999,6073353.14500000,21401,1462887.00000000,3483289.42030000,0
1742567400000000,2.37940000,2.38440000,2.37280000,2.37610000,2579120.00000000,1742568299999999,6135691.04720000,15537,1333745.00000000,3173430.61780000,0
1742568300000000,2.37620000,2.38850000,2.37450000,2.38670000,1064560.00000000,1742569199999999,2534345.27460000,12539,584101.00000000,1390922.76140000,0
1742569200000000,2.38660000,2.39000000,2.37600000,2.37640000,1120882.00000000,1742570099999999,2673455.71980000,10718,557378.00000000,1329910.59670000,0
1742570100000000,2.37640000,2.38500000,2.37440000,2.38220000,1167171.00000000,1742570999999999,2778848.66640000,10685,688702.00000000,1639723.32460000,0
1742571000000000,2.38210000,2.38930000,2.36930000,2.37070000,1224462.00000000,1742571899999999,2910391.25900000,10424,429149.00000000,1020883.22820000,0
1742571900000000,2.37060000,2.37700000,2.36800000,2.37260000,1756457.00000000,1742572799999999,4167805.86990000,12818,1015029.00000000,2408504.90580000,0
1742572800000000,2.37250000,2.37820000,2.36140000,2.37750000,2227886.00000000,1742573699999999,5276187.52290000,17174,1098845.00000000,2603113.63490000,0
1742573700000000,2.37760000,2.38680000,2.36830000,2.38210000,1104873.00000000,1742574599999999,2627619.65040000,13319,445867.00000000,1060889.99170000,0
1742574600000000,2.38200000,2.38890000,2.37830000,2.37960000,1347854.00000000,1742575499999999,3214394.72140000,12062,671765.00000000,1602326.67260000,0
1742575500000000,2.37960000,2.39820000,2.37930000,2.39690000,1670961.00000000,1742576399999999,3997620.40700000,12456,1043130.00000000,2495560.93680000,0
1742576400000000,2.39680000,2.39700000,2.38770000,2.39220000,1199106.00000000,1742577299999999,2868452.99590000,8755,570029.00000000,1363586.81510000,0
1742577300000000,2.39230000,2.39440000,2.38750000,2.39230000,821163.00000000,1742578199999999,1963662.52030000,6207,429254.00000000,1026481.20820000,0
1742578200000000,2.39230000,2.40800000,2.39060000,2.40420000,1541358.00000000,1742579099999999,3698290.78440000,8733,844707.00000000,2027696.57280000,0
1742579100000000,2.40420000,2.40850000,2.40050000,2.40270000,1297669.00000000,1742579999999999,3120088.76150000,10360,632149.00000000,1520045.65160000,0
1742580000000000,2.40280000,2.40900000,2.40100000,2.40770000,1092671.00000000,1742580899999999,2627322.59940000,11018,706427.00000000,1698625.63650000,0
1742580900000000,2.40770000,2.41260000,2.40530000,2.40850000,1120700.00000000,1742581799999999,2700435.65070000,8989,590651.00000000,1423190.69970000,0
1742581800000000,2.40850000,2.42420000,2.40830000,2.41400000,3192329.00000000,1742582699999999,7713964.76690000,17078,1706188.00000000,4122613.66610000,0
1742582700000000,2.41400000,2.41530000,2.40080000,2.40120000,1730362.00000000,1742583599999999,4166826.88280000,12294,636618.00000000,1533193.64750000,0
1742583600000000,2.40130000,2.40490000,2.39740000,2.40310000,991508.00000000,1742584499999999,2380545.74560000,10564,433082.00000000,1039875.79070000,0
1742584500000000,2.40310000,2.41180000,2.40300000,2.40680000,598767.00000000,1742585399999999,1441846.74460000,7383,309350.00000000,744984.03460000,0
1742585400000000,2.40680000,2.40900000,2.39480000,2.39860000,887062.00000000,1742586299999999,2130133.92480000,9608,299303.00000000,718795.85610000,0
1742586300000000,2.39870000,2.40270000,2.39780000,2.40200000,939248.00000000,1742587199999999,2254212.82150000,8091,556990.00000000,1336885.85770000,0
1742587200000000,2.40200000,2.40200000,2.39340000,2.39560000,596309.00000000,1742588099999999,1429226.62410000,6757,229524.00000000,550112.06780000,0
1742588100000000,2.39570000,2.39800000,2.39200000,2.39740000,499520.00000000,1742588999999999,1196463.00310000,5875,226319.00000000,542024.33580000,0
1742589000000000,2.39740000,2.40210000,2.39690000,2.40170000,434026.00000000,1742589899999999,1041480.27730000,5890,243208.00000000,583623.48230000,0
1742589900000000,2.40170000,2.40460000,2.39780000,2.40190000,374579.00000000,1742590799999999,899714.27340000,6038,161805.00000000,388629.20750000,0
1742590800000000,2.40190000,2.40470000,2.39820000,2.40300000,1428100.00000000,1742591699999999,3428516.91220000,6546,727293.00000000,1745724.72080000,0
1742591700000000,2.40310000,2.40570000,2.40060000,2.40320000,895028.00000000,1742592599999999,2150923.80210000,5957,503762.00000000,1210494.94990000,0
1742592600000000,2.40320000,2.41560000,2.40270000,2.40630000,1023498.00000000,1742593499999999,2465809.07440000,9686,611027.00000000,1472237.85130000,0
1742593500000000,2.40620000,2.40810000,2.39350000,2.39770000,691794.00000000,1742594399999999,1660423.68660000,8110,239064.00000000,573918.95890000,0
1742594400000000,2.39770000,2.39820000,2.38250000,2.38580000,1240650.00000000,1742595299999999,2963570.62180000,12127,471180.00000000,1125495.19210000,0
1742595300000000,2.38570000,2.39430000,2.38570000,2.38970000,724237.00000000,1742596199999999,1731049.75140000,5436,467279.00000000,1116858.50520000,0
1742596200000000,2.38960000,2.38970000,2.37900000,2.37930000,951673.00000000,1742597099999999,2268080.36950000,8755,411043.00000000,979423.97500000,0
1742597100000000,2.37940000,2.38790000,2.37840000,2.38750000,630159.00000000,1742597999999999,1501790.23010000,7136,368547.00000000,878439.74500000,0
1742598000000000,2.38740000,2.39370000,2.38210000,2.39280000,521552.00000000,1742598899999999,1245606.41970000,5545,335627.00000000,801609.16380000,0
1742598900000000,2.39270000,2.39270000,2.38410000,2.38680000,407584.00000000,1742599799999999,973668.26560000,5439,155833.00000000,372190.94900000,0
1742599800000000,2.38670000,2.38760000,2.37800000,2.37900000,610375.00000000,1742600699999999,1453358.03610000,5136,265415.00000000,631923.09920000,0
1742600700000000,2.37900000,2.38420000,2.37460000,2.38090000,777213.00000000,1742601599999999,1849707.84570000,8720,468964.00000000,1116266.65120000,0
1742601600000000,2.38090000,2.38670000,2.37350000,2.38260000,1395412.00000000,1742602499999999,3322706.87300000,12324,625719.00000000,1490345.06500000,0
1742602500000000,2.38260000,2.39300000,2.38250000,2.39010000,685154.00000000,1742603399999999,1637143.91570000,8428,412058.00000000,984583.17020000,0
1742603400000000,2.39000000,2.40560000,2.38580000,2.39810000,1894850.00000000,1742604299999999,4544032.36260000,12583,1279472.00000000,3068479.20290000,0
1742604300000000,2.39810000,2.40260000,2.39420000,2.39860000,1008015.00000000,1742605199999999,2417423.59700000,7889,440873.00000000,1057521.57840000,0
1742605200000000,2.39860000,2.40700000,2.39860000,2.40270000,948435.00000000,1742606099999999,2280519.26720000,7279,660441.00000000,1588241.46600000,0
1742606100000000,2.40270000,2.40340000,2.38990000,2.39130000,1090863.00000000,1742606999999999,2614276.41220000,6843,239341.00000000,573591.81710000,0
1742607000000000,2.39120000,2.39120000,2.38340000,2.38800000,601569.00000000,1742607899999999,1435905.99780000,7948,256577.00000000,612408.59190000,0
1742607900000000,2.38800000,2.39000000,2.38520000,2.38860000,570757.00000000,1742608799999999,1362810.09230000,7120,268215.00000000,640464.95490000,0
1742608800000000,2.38870000,2.39330000,2.38450000,2.38990000,711046.00000000,1742609699999999,1698446.73390000,6881,341888.00000000,816570.94300000,0
1742609700000000,2.38990000,2.39230000,2.38670000,2.39020000,413805.00000000,1742610599999999,988835.05470000,5078,207258.00000000,495262.42120000,0
1742610600000000,2.39010000,2.39570000,2.39000000,2.39540000,452701.00000000,1742611499999999,1083323.68150000,4785,237992.00000000,569447.53520000,0
1742611500000000,2.39540000,2.39630000,2.38930000,2.39030000,431164.00000000,1742612399999999,1030915.40380000,3849,176646.00000000,422371.34810000,0
1742612400000000,2.39030000,2.39120000,2.38060000,2.38060000,481687.00000000,1742613299999999,1148371.59790000,5415,201257.00000000,479770.26340000,0
1742613300000000,2.38060000,2.38770000,2.38060000,2.38540000,484055.00000000,1742614199999999,1154364.81220000,4772,273021.00000000,651096.78990000,0
1742614200000000,2.38540000,2.38840000,2.38400000,2.38660000,473953.00000000,1742615099999999,1131056.02310000,4339,236601.00000000,564697.32320000,0
1742615100000000,2.38670000,2.39060000,2.38550000,2.38910000,327658.00000000,1742615999999999,782575.94990000,4927,123251.00000000,294384.09650000,0
1742616000000000,2.38910000,2.39310000,2.38460000,2.39190000,594127.00000000,1742616899999999,1419098.14170000,5553,383649.00000000,916313.89230000,0
1742616900000000,2.39190000,2.39410000,2.38810000,2.39070000,360974.00000000,1742617799999999,863241.87590000,3832,139869.00000000,334475.85420000,0
1742617800000000,2.39080000,2.39570000,2.39070000,2.39520000,308580.00000000,1742618699999999,738576.81260000,4002,153891.00000000,368290.96030000,0
1742618700000000,2.39520000,2.39940000,2.39380000,2.39730000,355802.00000000,1742619599999999,852730.54110000,4311,156256.00000000,374428.08230000,0
1742619600000000,2.39730000,2.39920000,2.39370000,2.39880000,411499.00000000,1742620499999999,986317.21730000,3670,156655.00000000,375498.32490000,0
1742620500000000,2.39880000,2.40130000,2.39570000,2.39700000,566737.00000000,1742621399999999,1359793.23510000,4077,255585.00000000,613178.66500000,0
1742621400000000,2.39700000,2.39700000,2.39020000,2.39240000,412740.00000000,1742622299999999,987773.45150000,4565,138364.00000000,331078.58000000,0
1742622300000000,2.39240000,2.39540000,2.39070000,2.39340000,354210.00000000,1742623199999999,847749.10480000,4524,194703.00000000,466039.50330000,0
1742623200000000,2.39340000,2.40210000,2.39230000,2.40000000,982519.00000000,1742624099999999,2358282.94100000,5788,581998.00000000,1397128.53180000,0
1742624100000000,2.40000000,2.40530000,2.39910000,2.39910000,737168.00000000,1742624999999999,1771342.95740000,5527,328063.00000000,788339.83590000,0
1742625000000000,2.39920000,2.40210000,2.39570000,2.40120000,433434.00000000,1742625899999999,1039807.88020000,4037,205163.00000000,492122.20110000,0
1742625900000000,2.40110000,2.40500000,2.40100000,2.40330000,632780.00000000,1742626799999999,1521157.18210000,4069,395371.00000000,950468.31340000,0
1742626800000000,2.40330000,2.40770000,2.40330000,2.40540000,750264.00000000,1742627699999999,1804875.64290000,5636,312432.00000000,751597.88260000,0
1742627700000000,2.40530000,2.40570000,2.40200000,2.40440000,540249.00000000,1742628599999999,1298697.64110000,4921,202970.00000000,487925.72210000,0
1742628600000000,2.40440000,2.41330000,2.40440000,2.40880000,1062639.00000000,1742629499999999,2560681.63030000,6430,575843.00000000,1387601.01070000,0
1742629500000000,2.40890000,2.40890000,2.39910000,2.40140000,490750.00000000,1742630399999999,1179492.48030000,5387,175127.00000000,420811.57850000,0
1742630400000000,2.40150000,2.40240000,2.39830000,2.40170000,498725.00000000,1742631299999999,1197185.29730000,4700,237873.00000000,571015.66580000,0
1742631300000000,2.40170000,2.40350000,2.39890000,2.39980000,510940.00000000,1742632199999999,1226528.59210000,4803,199774.00000000,479569.07590000,0
1742632200000000,2.39980000,2.40200000,2.39480000,2.40090000,952182.00000000,1742633099999999,2282676.68190000,6725,386610.00000000,926842.98150000,0
1742633100000000,2.40090000,2.40570000,2.39920000,2.40400000,838259.00000000,1742633999999999,2014281.21650000,3865,618440.00000000,1486069.36190000,0
1742634000000000,2.40400000,2.40770000,2.40270000,2.40320000,715985.00000000,1742634899999999,1722588.73360000,5047,358575.00000000,862662.34610000,0
1742634900000000,2.40330000,2.41100000,2.40160000,2.40810000,851862.00000000,1742635799999999,2050403.27520000,8701,468436.00000000,1127551.18960000,0
1742635800000000,2.40810000,2.41470000,2.40790000,2.41300000,963729.00000000,1742636699999999,2324301.18380000,7982,567516.00000000,1368690.29640000,0
1742636700000000,2.41300000,2.41700000,2.40550000,2.40590000,879011.00000000,1742637599999999,2119624.71060000,7365,510086.00000000,1230261.17570000,0
1742637600000000,2.40590000,2.40800000,2.40230000,2.40240000,381861.00000000,1742638499999999,918378.61480000,5601,170202.00000000,409390.59330000,0
1742638500000000,2.40250000,2.40890000,2.40200000,2.40200000,670806.00000000,1742639399999999,1613675.28240000,5927,338027.00000000,813156.30490000,0
1742639400000000,2.40210000,2.40570000,2.39940000,2.40000000,620645.00000000,1742640299999999,1490929.15990000,6538,270854.00000000,650683.27680000,0
1742640300000000,2.39990000,2.40120000,2.39520000,2.39660000,1005757.00000000,1742641199999999,2411103.57550000,7492,493751.00000000,1183734.64970000,0
1742641200000000,2.39650000,2.39830000,2.38630000,2.38940000,1471518.00000000,1742642099999999,3519174.66840000,9190,489107.00000000,1169859.27200000,0
1742642100000000,2.38930000,2.39310000,2.38490000,2.39240000,1312795.00000000,1742642999999999,3136798.22900000,7595,695627.00000000,1662093.66250000,0
1742643000000000,2.39230000,2.39500000,2.38850000,2.39300000,892468.00000000,1742643899999999,2134892.89010000,7795,463821.00000000,1109640.35830000,0
1742643900000000,2.39300000,2.39510000,2.39150000,2.39390000,512563.00000000,1742644799999999,1226806.20120000,5026,297648.00000000,712439.11690000,0
1742644800000000,2.39380000,2.39520000,2.38870000,2.39390000,599976.00000000,1742645699999999,1434423.47310000,6688,338119.00000000,808462.18450000,0
1742645700000000,2.39390000,2.39620000,2.39100000,2.39290000,587765.00000000,1742646599999999,1407319.82930000,5805,367662.00000000,880366.97440000,0
1742646600000000,2.39290000,2.39290000,2.38750000,2.39090000,487675.00000000,1742647499999999,1165551.51740000,5588,264405.00000000,631916.53330000,0
1742647500000000,2.39090000,2.39700000,2.38970000,2.39480000,418211.00000000,1742648399999999,1001288.69240000,5366,216236.00000000,517796.52920000,0
1742648400000000,2.39490000,2.39630000,2.38870000,2.39010000,572147.00000000,1742649299999999,1368332.39570000,5625,296864.00000000,709940.29280000,0
1742649300000000,2.39010000,2.39130000,2.37840000,2.38140000,1141348.00000000,1742650199999999,2719820.68860000,7978,452126.00000000,1077442.75650000,0
1742650200000000,2.38150000,2.38480000,2.37760000,2.38390000,633094.00000000,1742651099999999,1507108.98540000,9596,311379.00000000,741327.71250000,0
1742651100000000,2.38400000,2.38860000,2.38340000,2.38820000,411262.00000000,1742651999999999,981653.52430000,4439,207150.00000000,494427.94120000,0
1742652000000000,2.38810000,2.38810000,2.38020000,2.38630000,439774.00000000,1742652899999999,1048334.29800000,5635,227980.00000000,543395.84530000,0
1742652900000000,2.38620000,2.38660000,2.37510000,2.37740000,869630.00000000,1742653799999999,2068625.81880000,7519,479114.00000000,1139325.98430000,0
1742653800000000,2.37740000,2.37740000,2.37030000,2.37550000,1516947.00000000,1742654699999999,3601104.68600000,11002,756995.00000000,1797339.72460000,0
1742654700000000,2.37540000,2.37550000,2.36890000,2.37050000,677694.00000000,1742655599999999,1607393.30780000,9789,309004.00000000,733025.28000000,0
1742655600000000,2.37060000,2.37810000,2.36930000,2.37650000,867109.00000000,1742656499999999,2057950.39260000,7981,475414.00000000,1128494.27520000,0
1742656500000000,2.37640000,2.37800000,2.37110000,2.37170000,504199.00000000,1742657399999999,1196626.65010000,6136,232836.00000000,552562.52910000,0
1742657400000000,2.37160000,2.37640000,2.36680000,2.36880000,1075404.00000000,1742658299999999,2548823.11110000,9294,589948.00000000,1397822.65070000,0
1742658300000000,2.36870000,2.37970000,2.36730000,2.37800000,499874.00000000,1742659199999999,1186947.93150000,7271,301582.00000000,716184.16610000,0
1742659200000000,2.37790000,2.38240000,2.37330000,2.38080000,739898.00000000,1742660099999999,1759410.94340000,8224,315902.00000000,751020.93710000,0
1742660100000000,2.38080000,2.38710000,2.37860000,2.38570000,1280978.00000000,1742660999999999,3052567.03580000,9584,815434.00000000,1942854.66250000,0
1742661000000000,2.38570000,2.38670000,2.38000000,2.38440000,567758.00000000,1742661899999999,1352969.58460000,6657,256604.00000000,611525.03290000,0
1742661900000000,2.38440000,2.38440000,2.37760000,2.38420000,421865.00000000,1742662799999999,1004304.04670000,5703,217401.00000000,517517.02730000,0
1742662800000000,2.38430000,2.38660000,2.38180000,2.38350000,793331.00000000,1742663699999999,1891292.06310000,4973,275709.00000000,657446.99450000,0
1742663700000000,2.38350000,2.38790000,2.38050000,2.38550000,759934.00000000,1742664599999999,1811778.30760000,5441,310617.00000000,740578.48630000,0
1742664600000000,2.38540000,2.38740000,2.38280000,2.38730000,438727.00000000,1742665499999999,1046271.86900000,4933,238298.00000000,568319.77980000,0
1742665500000000,2.38730000,2.39260000,2.38440000,2.39210000,1558088.00000000,1742666399999999,3725293.06410000,7343,1161010.00000000,2775942.89160000,0
1742666400000000,2.39210000,2.39250000,2.38820000,2.39120000,464495.00000000,1742667299999999,1110314.14610000,4708,252089.00000000,602580.80630000,0
1742667300000000,2.39130000,2.39320000,2.38610000,2.38690000,549231.00000000,1742668199999999,1313035.88620000,5307,240529.00000000,575071.47430000,0
1742668200000000,2.38690000,2.39160000,2.38470000,2.39070000,579950.00000000,1742669099999999,1384721.07900000,4545,312327.00000000,745758.65990000,0
1742669100000000,2.39080000,2.39120000,2.38680000,2.38790000,388238.00000000,1742669999999999,927251.29180000,4208,96904.00000000,231420.23610000,0
1742670000000000,2.38790000,2.38800000,2.38330000,2.38370000,493990.00000000,1742670899999999,1178014.11590000,4235,158356.00000000,377645.64490000,0
1742670900000000,2.38360000,2.38600000,2.38170000,2.38590000,771521.00000000,1742671799999999,1839180.81620000,4386,379276.00000000,904203.95050000,0
1742671800000000,2.38600000,2.38940000,2.38410000,2.38430000,677617.00000000,1742672699999999,1616981.64030000,4314,268226.00000000,640045.36170000,0
1742672700000000,2.38440000,2.38500000,2.37840000,2.38110000,551537.00000000,1742673599999999,1313079.54870000,4554,183596.00000000,437167.70020000,0
1742673600000000,2.38110000,2.38390000,2.37950000,2.38310000,574516.00000000,1742674499999999,1368402.46620000,5582,229505.00000000,546624.87780000,0
1742674500000000,2.38310000,2.38310000,2.37560000,2.37890000,634388.00000000,1742675399999999,1508680.65310000,5427,178987.00000000,425650.79380000,0
1742675400000000,2.37890000,2.38230000,2.37740000,2.37740000,532974.00000000,1742676299999999,1268676.52480000,4838,231734.00000000,551660.88400000,0
1742676300000000,2.37740000,2.38000000,2.37210000,2.37210000,661158.00000000,1742677199999999,1571201.28040000,5093,187170.00000000,444869.04350000,0
1742677200000000,2.37220000,2.37380000,2.36350000,2.37360000,1554978.00000000,1742678099999999,3682321.92960000,10382,878377.00000000,2080132.14250000,0
1742678100000000,2.37370000,2.37530000,2.36490000,2.36850000,904828.00000000,1742678999999999,2145321.63040000,5513,452829.00000000,1073507.08380000,0
1742679000000000,2.36850000,2.37160000,2.35940000,2.36160000,1902110.00000000,1742679899999999,4499158.77910000,8116,582760.00000000,1378399.80790000,0
1742679900000000,2.36160000,2.37220000,2.35980000,2.36850000,806252.00000000,1742680799999999,1908628.42730000,8813,408187.00000000,966359.22980000,0
1742680800000000,2.36840000,2.37530000,2.36700000,2.37300000,751076.00000000,1742681699999999,1780338.33740000,12608,375707.00000000,890682.32900000,0
1742681700000000,2.37290000,2.37620000,2.37100000,2.37230000,627938.00000000,1742682599999999,1490528.12720000,4340,240071.00000000,569839.48210000,0
1742682600000000,2.37230000,2.37480000,2.37090000,2.37260000,353680.00000000,1742683499999999,839198.32800000,4373,147458.00000000,349882.74950000,0
1742683500000000,2.37250000,2.37260000,2.36370000,2.36570000,476410.00000000,1742684399999999,1127533.11650000,4702,204606.00000000,484181.51560000,0
1742684400000000,2.36560000,2.36620000,2.35980000,2.36520000,898765.00000000,1742685299999999,2123703.71780000,6650,373390.00000000,882367.90390000,0
1742685300000000,2.36530000,2.36880000,2.36430000,2.36610000,449387.00000000,1742686199999999,1063816.68340000,5342,208286.00000000,493070.11050000,0
1742686200000000,2.36600000,2.36980000,2.36180000,2.36620000,778218.00000000,1742687099999999,1840614.84170000,6549,447745.00000000,1059005.10560000,0
1742687100000000,2.36620000,2.37200000,2.36370000,2.37110000,792918.00000000,1742687999999999,1877598.41780000,5571,475465.00000000,1126100.42940000,0
1742688000000000,2.37120000,2.37180000,2.36500000,2.36920000,762753.00000000,1742688899999999,1806559.05130000,11247,268357.00000000,635594.52990000,0
1742688900000000,2.36920000,2.37900000,2.36910000,2.37530000,947407.00000000,1742689799999999,2249837.47870000,8556,371009.00000000,881081.24380000,0
1742689800000000,2.37530000,2.37940000,2.37190000,2.37530000,960471.00000000,1742690699999999,2282348.58690000,8632,597660.00000000,1420145.00640000,0
1742690700000000,2.37520000,2.37720000,2.37130000,2.37470000,500796.00000000,1742691599999999,1188888.86230000,7660,158053.00000000,375253.61310000,0
1742691600000000,2.37470000,2.37660000,2.36900000,2.37280000,786548.00000000,1742692499999999,1866090.31830000,7988,214203.00000000,508203.10060000,0
1742692500000000,2.37280000,2.38120000,2.37240000,2.37800000,710453.00000000,1742693399999999,1689090.21660000,7015,197045.00000000,468501.44320000,0
1742693400000000,2.37800000,2.38440000,2.37710000,2.38230000,891766.00000000,1742694299999999,2123317.42560000,7412,339635.00000000,808725.84550000,0
1742694300000000,2.38240000,2.38270000,2.37760000,2.38000000,517193.00000000,1742695199999999,1231036.73670000,5009,169808.00000000,404130.58880000,0
1742695200000000,2.38000000,2.38020000,2.37410000,2.37620000,766910.00000000,1742696099999999,1822671.46940000,5548,146860.00000000,349115.17610000,0
1742696100000000,2.37620000,2.38080000,2.37620000,2.37900000,445572.00000000,1742696999999999,1059985.49650000,4489,168508.00000000,400857.27690000,0
1742697000000000,2.37900000,2.38450000,2.37840000,2.38130000,594570.00000000,1742697899999999,1415939.66410000,4785,255821.00000000,609258.90240000,0
1742697900000000,2.38130000,2.38860000,2.38130000,2.38640000,880991.00000000,1742698799999999,2102334.81460000,6726,541514.00000000,1292157.82190000,0
1742698800000000,2.38630000,2.38760000,2.38310000,2.38600000,498947.00000000,1742699699999999,1190214.38490000,5223,183001.00000000,436520.27320000,0
1742699700000000,2.38600000,2.38970000,2.38600000,2.38960000,571823.00000000,1742700599999999,1365675.82820000,5176,199067.00000000,475421.66600000,0
1742700600000000,2.38960000,2.39250000,2.38910000,2.38930000,862559.00000000,1742701499999999,2061875.74750000,5215,311974.00000000,745764.50000000,0
1742701500000000,2.38930000,2.39190000,2.38690000,2.38840000,345899.00000000,1742702399999999,826135.37650000,3989,109978.00000000,262697.59470000,0
1742702400000000,2.38840000,2.39060000,2.38170000,2.38380000,765770.00000000,1742703299999999,1827096.14010000,6162,267740.00000000,638925.75460000,0
1742703300000000,2.38380000,2.38700000,2.38220000,2.38630000,489832.00000000,1742704199999999,1168132.88250000,4760,201704.00000000,480983.75550000,0
1742704200000000,2.38630000,2.38790000,2.38270000,2.38270000,454826.00000000,1742705099999999,1085449.26110000,4748,123436.00000000,294568.53800000,0
1742705100000000,2.38270000,2.38350000,2.37960000,2.38130000,669165.00000000,1742705999999999,1593354.51670000,4498,233302.00000000,555481.13090000,0
1742706000000000,2.38140000,2.38470000,2.38050000,2.38050000,587824.00000000,1742706899999999,1400541.84300000,4806,132171.00000000,314915.82120000,0
1742706900000000,2.38060000,2.38160000,2.37700000,2.37940000,460079.00000000,1742707799999999,1094673.26770000,3975,223472.00000000,531684.33070000,0
1742707800000000,2.37940000,2.38280000,2.37760000,2.38250000,423148.00000000,1742708699999999,1007420.15840000,4069,138979.00000000,330872.31060000,0
1742708700000000,2.38250000,2.38830000,2.38250000,2.38830000,873466.00000000,1742709599999999,2083951.96960000,5397,355183.00000000,847338.50490000,0
1742709600000000,2.38820000,2.38870000,2.38550000,2.38790000,854144.00000000,1742710499999999,2039316.37430000,5008,202081.00000000,482507.52820000,0
1742710500000000,2.38790000,2.39160000,2.38620000,2.38840000,710950.00000000,1742711399999999,1698703.01280000,5521,256939.00000000,613978.01370000,0
1742711400000000,2.38840000,2.38990000,2.38600000,2.38960000,360959.00000000,1742712299999999,862141.32490000,3551,126761.00000000,302761.45240000,0
1742712300000000,2.38960000,2.39350000,2.38950000,2.39140000,615379.00000000,1742713199999999,1471718.64900000,5211,281288.00000000,672707.59000000,0
1742713200000000,2.39150000,2.39750000,2.39090000,2.39470000,479659.00000000,1742714099999999,1148527.93860000,5024,211696.00000000,506873.03800000,0
1742714100000000,2.39470000,2.39840000,2.39410000,2.39830000,553257.00000000,1742714999999999,1325273.90770000,4204,294380.00000000,705216.45380000,0
1742715000000000,2.39840000,2.39980000,2.39660000,2.39740000,535377.00000000,1742715899999999,1284123.85430000,4985,314449.00000000,754203.03480000,0
1742715900000000,2.39740000,2.40150000,2.39440000,2.39540000,1115205.00000000,1742716799999999,2674581.58440000,6457,613444.00000000,1471296.97070000,0
1742716800000000,2.39540000,2.39640000,2.39170000,2.39240000,619469.00000000,1742717699999999,1482913.30950000,4891,238103.00000000,570007.60620000,0
1742717700000000,2.39240000,2.39410000,2.38890000,2.39040000,658934.00000000,1742718599999999,1576199.31210000,3912,293150.00000000,701097.00040000,0
1742718600000000,2.39030000,2.39400000,2.39000000,2.39210000,369188.00000000,1742719499999999,883284.59520000,4238,178440.00000000,426920.52190000,0
1742719500000000,2.39210000,2.39430000,2.39100000,2.39410000,337779.00000000,1742720399999999,808381.02930000,3364,217369.00000000,520252.86150000,0
1742720400000000,2.39420000,2.39870000,2.39400000,2.39860000,489296.00000000,1742721299999999,1172547.40360000,3520,325789.00000000,780646.89380000,0
1742721300000000,2.39860000,2.39950000,2.39230000,2.39280000,1045332.00000000,1742722199999999,2505963.77050000,5217,296106.00000000,709852.74040000,0
1742722200000000,2.39280000,2.39480000,2.38760000,2.38840000,600126.00000000,1742723099999999,1434847.84180000,4635,292050.00000000,698234.50280000,0
1742723100000000,2.38850000,2.38980000,2.38500000,2.38720000,732320.00000000,1742723999999999,1748196.16860000,4821,367420.00000000,877081.24510000,0
1742724000000000,2.38720000,2.38890000,2.38490000,2.38580000,417595.00000000,1742724899999999,996716.40600000,4661,181759.00000000,433851.35720000,0
1742724900000000,2.38580000,2.39140000,2.38500000,2.38930000,602319.00000000,1742725799999999,1439069.15860000,5684,351030.00000000,838576.10590000,0
1742725800000000,2.38930000,2.39530000,2.38700000,2.39460000,612250.00000000,1742726699999999,1463535.23120000,4725,330445.00000000,790137.78940000,0
1742726700000000,2.39460000,2.39800000,2.39130000,2.39590000,1856681.00000000,1742727599999999,4446391.28530000,5184,982261.00000000,2352347.36070000,0
1742727600000000,2.39590000,2.41000000,2.39590000,2.40590000,2287619.00000000,1742728499999999,5498819.26130000,15733,1401696.00000000,3369399.08590000,0
1742728500000000,2.40600000,2.42820000,2.40600000,2.41590000,4809650.00000000,1742729399999999,11631776.92010000,34931,2831544.00000000,6847777.84610000,0
1742729400000000,2.41590000,2.41750000,2.40880000,2.41000000,1217528.00000000,1742730299999999,2936328.21420000,14150,606962.00000000,1463794.62540000,0
1742730300000000,2.41010000,2.41530000,2.40280000,2.40520000,1387930.00000000,1742731199999999,3341564.08140000,9895,408215.00000000,982953.62810000,0
1742731200000000,2.40510000,2.41130000,2.40180000,2.40200000,946136.00000000,1742732099999999,2276628.87140000,7774,439417.00000000,1057741.72050000,0
1742732100000000,2.40200000,2.40340000,2.39600000,2.39960000,1308053.00000000,1742732999999999,3139194.75820000,9805,545445.00000000,1309041.64940000,0
1742733000000000,2.39960000,2.40370000,2.39890000,2.40340000,475118.00000000,1742733899999999,1140967.44740000,5718,270983.00000000,650797.93990000,0
1742733900000000,2.40340000,2.40640000,2.40170000,2.40270000,472433.00000000,1742734799999999,1135866.22460000,5194,242317.00000000,582537.44930000,0
1742734800000000,2.40260000,2.40370000,2.39380000,2.39900000,756989.00000000,1742735699999999,1815418.63880000,7632,410469.00000000,984318.64300000,0
1742735700000000,2.39900000,2.40950000,2.39900000,2.40890000,635383.00000000,1742736599999999,1527836.28120000,5945,408983.00000000,983232.85330000,0
1742736600000000,2.40890000,2.41410000,2.40770000,2.41140000,962400.00000000,1742737499999999,2320416.30700000,7166,572332.00000000,1379844.97820000,0
1742737500000000,2.41140000,2.42040000,2.41130000,2.41810000,1621753.00000000,1742738399999999,3919451.69400000,9509,1211221.00000000,2927057.01980000,0
1742738400000000,2.41810000,2.42360000,2.41360000,2.41590000,2043935.00000000,1742739299999999,4942349.95930000,11039,1046480.00000000,2532236.40440000,0
1742739300000000,2.41590000,2.41840000,2.40590000,2.40830000,1407028.00000000,1742740199999999,3391102.46450000,9684,527083.00000000,1270723.73130000,0
1742740200000000,2.40820000,2.41700000,2.40810000,2.41210000,783500.00000000,1742741099999999,1891198.34630000,8391,349423.00000000,843667.66100000,0
1742741100000000,2.41210000,2.41490000,2.40900000,2.40910000,758975.00000000,1742741999999999,1830803.00580000,6560,373196.00000000,900256.27270000,0
1742742000000000,2.40910000,2.41100000,2.40280000,2.40670000,850485.00000000,1742742899999999,2046632.35110000,7805,297339.00000000,715839.65470000,0
1742742900000000,2.40680000,2.41670000,2.40420000,2.41230000,949111.00000000,1742743799999999,2290494.83890000,7822,660664.00000000,1594609.83430000,0
1742743800000000,2.41230000,2.41970000,2.40960000,2.41380000,799989.00000000,1742744699999999,1930962.25230000,8349,441666.00000000,1066076.97390000,0
1742744700000000,2.41390000,2.41740000,2.41250000,2.41330000,418186.00000000,1742745599999999,1009942.18110000,5192,190631.00000000,460362.62990000,0
1742745600000000,2.41330000,2.41570000,2.40620000,2.41500000,763960.00000000,1742746499999999,1841359.16210000,6320,431231.00000000,1039233.10530000,0
1742746500000000,2.41490000,2.41740000,2.41150000,2.41190000,518737.00000000,1742747399999999,1252518.04450000,7617,218869.00000000,528480.72850000,0
1742747400000000,2.41190000,2.41290000,2.39460000,2.40020000,1723096.00000000,1742748299999999,4138250.13160000,10960,768344.00000000,1844493.73890000,0
1742748300000000,2.40020000,2.40620000,2.39810000,2.40040000,975961.00000000,1742749199999999,2344025.28130000,7631,532828.00000000,1279796.46710000,0
1742749200000000,2.40050000,2.40610000,2.40000000,2.40280000,292610.00000000,1742750099999999,703398.04510000,4396,134061.00000000,322289.98950000,0
1742750100000000,2.40290000,2.41040000,2.40220000,2.40950000,700676.00000000,1742750999999999,1687099.04120000,5717,412461.00000000,993175.03600000,0
1742751000000000,2.40950000,2.41060000,2.39510000,2.39760000,1070143.00000000,1742751899999999,2570446.11050000,10205,335576.00000000,805955.79080000,0
1742751900000000,2.39760000,2.40200000,2.39400000,2.40050000,531495.00000000,1742752799999999,1274400.67320000,5956,252084.00000000,604276.16620000,0
1742752800000000,2.40050000,2.40150000,2.39150000,2.39380000,650961.00000000,1742753699999999,1559737.59880000,5926,272508.00000000,652851.54520000,0
1742753700000000,2.39390000,2.39690000,2.38590000,2.38640000,984912.00000000,1742754599999999,2353679.30340000,8181,465924.00000000,1113332.78250000,0
1742754600000000,2.38650000,2.39380000,2.38650000,2.39350000,585079.00000000,1742755499999999,1399127.00040000,7123,291730.00000000,697593.35600000,0
1742755500000000,2.39340000,2.39770000,2.39090000,2.39090000,582094.00000000,1742756399999999,1394139.98440000,4977,265071.00000000,634799.35790000,0
1742756400000000,2.39090000,2.39540000,2.38740000,2.39500000,426324.00000000,1742757299999999,1019504.88100000,4587,227533.00000000,544176.06970000,0
1742757300000000,2.39510000,2.39730000,2.39360000,2.39460000,302447.00000000,1742758199999999,724454.63570000,4503,148030.00000000,354576.00710000,0
1742758200000000,2.39460000,2.40140000,2.39120000,2.39990000,872817.00000000,1742759099999999,2092757.18070000,6944,544852.00000000,1306775.52690000,0
1742759100000000,2.39980000,2.40250000,2.39750000,2.40030000,498154.00000000,1742759999999999,1195887.16750000,4282,193241.00000000,463878.45520000,0
1742760000000000,2.40040000,2.40680000,2.40010000,2.40460000,471730.00000000,1742760899999999,1134327.24660000,5627,301260.00000000,724419.95890000,0
1742760900000000,2.40460000,2.40870000,2.40440000,2.40860000,261263.00000000,1742761799999999,628804.47560000,3944,143745.00000000,345979.89910000,0
1742761800000000,2.40860000,2.40900000,2.40310000,2.40330000,343723.00000000,1742762699999999,826941.01340000,4661,164390.00000000,395535.41620000,0
1742762700000000,2.40330000,2.40620000,2.40030000,2.40190000,499932.00000000,1742763599999999,1201232.29940000,4765,205570.00000000,493889.56850000,0
1742763600000000,2.40190000,2.40200000,2.39500000,2.39510000,524807.00000000,1742764499999999,1259667.73270000,3715,155283.00000000,372685.87820000,0
1742764500000000,2.39510000,2.39510000,2.38810000,2.39080000,821834.00000000,1742765399999999,1964476.54380000,5959,519650.00000000,1242103.87850000,0
1742765400000000,2.39080000,2.39640000,2.39070000,2.39420000,376804.00000000,1742766299999999,902108.44890000,3211,210018.00000000,502712.99880000,0
1742766300000000,2.39420000,2.40180000,2.39370000,2.40110000,308579.00000000,1742767199999999,739998.36970000,3791,182621.00000000,438044.79820000,0
1742767200000000,2.40110000,2.41940000,2.40030000,2.41610000,2052870.00000000,1742768099999999,4945829.67790000,13670,1231653.00000000,2967319.38710000,0
1742768100000000,2.41610000,2.42700000,2.41540000,2.41850000,2161042.00000000,1742768999999999,5231433.24910000,13129,1223779.00000000,2962687.86130000,0
1742769000000000,2.41850000,2.41880000,2.41020000,2.41180000,865461.00000000,1742769899999999,2088815.47340000,10763,327413.00000000,790173.94780000,0
1742769900000000,2.41190000,2.41870000,2.40860000,2.41750000,847080.00000000,1742770799999999,2043862.20070000,8006,347918.00000000,839827.63090000,0
1742770800000000,2.41750000,2.42390000,2.41740000,2.42190000,1238893.00000000,1742771699999999,2999228.54200000,9555,725372.00000000,1755931.81500000,0
1742771700000000,2.42200000,2.42930000,2.41850000,2.42800000,1576419.00000000,1742772599999999,3822146.85020000,10067,755831.00000000,1833128.44330000,0
1742772600000000,2.42790000,2.43680000,2.42670000,2.42830000,2177542.00000000,1742773499999999,5295696.60070000,15592,1244932.00000000,3027245.23430000,0
1742773500000000,2.42840000,2.44090000,2.42680000,2.43930000,1937013.00000000,1742774399999999,4717773.20000000,18008,1056637.00000000,2573828.51170000,0
1742774400000000,2.43920000,2.43940000,2.42510000,2.42570000,1613707.00000000,1742775299999999,3921549.77350000,14107,543706.00000000,1321073.59910000,0
1742775300000000,2.42580000,2.44320000,2.42580000,2.44320000,1600711.00000000,1742776199999999,3902061.09450000,17867,905986.00000000,2208328.07770000,0
1742776200000000,2.44320000,2.45780000,2.44140000,2.44430000,2971444.00000000,1742777099999999,7276734.76830000,32296,1361443.00000000,3333890.37250000,0
1742777100000000,2.44440000,2.44980000,2.43370000,2.43530000,1568759.00000000,1742777999999999,3828742.38630000,14208,608738.00000000,1485905.58850000,0
1742778000000000,2.43540000,2.43690000,2.41940000,2.42360000,1995248.00000000,1742778899999999,4838454.29270000,16436,803554.00000000,1947968.83320000,0
1742778900000000,2.42350000,2.43000000,2.41790000,2.41860000,1883889.00000000,1742779799999999,4569589.74690000,15462,1073766.00000000,2605009.76470000,0
1742779800000000,2.41860000,2.42360000,2.41610000,2.41850000,1081069.00000000,1742780699999999,2615722.48630000,11639,403345.00000000,975885.86640000,0
1742780700000000,2.41850000,2.42120000,2.41340000,2.41540000,899078.00000000,1742781599999999,2173065.43500000,8734,278766.00000000,673739.98380000,0
1742781600000000,2.41530000,2.42760000,2.41390000,2.42670000,1456401.00000000,1742782499999999,3529317.77780000,11460,544697.00000000,1319966.98860000,0
1742782500000000,2.42680000,2.42680000,2.41680000,2.42190000,1016933.00000000,1742783399999999,2463932.36750000,7783,334101.00000000,809259.69360000,0
1742783400000000,2.42190000,2.42970000,2.41930000,2.42900000,691430.00000000,1742784299999999,1676297.03260000,8953,315818.00000000,765688.56870000,0
1742784300000000,2.42890000,2.43570000,2.42890000,2.43140000,679195.00000000,1742785199999999,1651998.42420000,6355,334145.00000000,812616.14610000,0
1742785200000000,2.43130000,2.44160000,2.43040000,2.44090000,1384354.00000000,1742786099999999,3375116.82220000,11432,678332.00000000,1653811.59610000,0
1742786100000000,2.44090000,2.45500000,2.43650000,2.44510000,2698077.00000000,1742786999999999,6604786.66820000,20476,1457621.00000000,3568362.57370000,0
1742787000000000,2.44500000,2.44780000,2.44000000,2.44280000,1101340.00000000,1742787899999999,2691177.80330000,10140,563044.00000000,1375765.13810000,0
1742787900000000,2.44280000,2.44440000,2.43710000,2.44340000,990623.00000000,1742788799999999,2417784.64980000,8385,468515.00000000,1143525.19570000,0
1742788800000000,2.44340000,2.45870000,2.44330000,2.45200000,2361825.00000000,1742789699999999,5793642.63460000,17280,1063774.00000000,2609380.69480000,0
1742789700000000,2.45200000,2.45680000,2.44900000,2.45080000,1053535.00000000,1742790599999999,2583503.89170000,8118,416311.00000000,1020792.60830000,0
1742790600000000,2.45090000,2.45330000,2.44670000,2.45220000,1125457.00000000,1742791499999999,2758068.78010000,9178,461914.00000000,1131951.99400000,0
1742791500000000,2.45230000,2.45470000,2.44900000,2.45140000,1899228.00000000,1742792399999999,4657741.29970000,10984,658331.00000000,1614483.48600000,0
1742792400000000,2.45140000,2.46460000,2.45010000,2.46140000,2873366.00000000,1742793299999999,7068803.94470000,15368,1435085.00000000,3530327.87830000,0
1742793300000000,2.46140000,2.46660000,2.46080000,2.46590000,1442356.00000000,1742794199999999,3553368.22590000,10543,703580.00000000,1733327.84010000,0
1742794200000000,2.46590000,2.46940000,2.45920000,2.46130000,1767805.00000000,1742795099999999,4355061.40030000,10187,845692.00000000,2083493.07920000,0
1742795100000000,2.46140000,2.46250000,2.44920000,2.45230000,1999680.00000000,1742795999999999,4909106.44240000,9047,572596.00000000,1405388.93330000,0
1742796000000000,2.45240000,2.46580000,2.45240000,2.46480000,2338054.00000000,1742796899999999,5750115.18030000,14740,1342753.00000000,3302240.25930000,0
1742796900000000,2.46480000,2.46790000,2.45670000,2.46130000,1198104.00000000,1742797799999999,2949503.44030000,8895,477885.00000000,1176642.48540000,0
1742797800000000,2.46140000,2.46230000,2.45510000,2.45900000,1285226.00000000,1742798699999999,3158110.48850000,7430,764554.00000000,1878559.37350000,0
1742798700000000,2.45910000,2.46270000,2.45610000,2.45710000,917204.00000000,1742799599999999,2256433.66410000,6815,384814.00000000,946827.00870000,0
1742799600000000,2.45700000,2.46240000,2.45310000,2.45590000,1001605.00000000,1742800499999999,2462595.14350000,7505,447063.00000000,1099190.59450000,0
1742800500000000,2.45590000,2.46530000,2.45500000,2.45560000,2763502.00000000,1742801399999999,6797160.01790000,8648,1323946.00000000,3256078.07990000,0
1742801400000000,2.45560000,2.45680000,2.43830000,2.43880000,2657104.00000000,1742802299999999,6498852.96800000,14058,995431.00000000,2434790.91530000,0
1742802300000000,2.43880000,2.44860000,2.43880000,2.44330000,1681069.00000000,1742803199999999,4111129.65170000,8065,564422.00000000,1380223.14320000,0
1742803200000000,2.44320000,2.45440000,2.44300000,2.45370000,1578173.00000000,1742804099999999,3866317.59400000,8592,976741.00000000,2392968.61520000,0
1742804100000000,2.45360000,2.45580000,2.44940000,2.45390000,2340743.00000000,1742804999999999,5740492.71230000,13154,840839.00000000,2062083.96350000,0
1742805000000000,2.45380000,2.45620000,2.44720000,2.45150000,1184081.00000000,1742805899999999,2903796.70520000,9091,582702.00000000,1429208.82620000,0
1742805900000000,2.45150000,2.46860000,2.45050000,2.46240000,2383088.00000000,1742806799999999,5869255.28220000,13381,1632934.00000000,4020985.28280000,0
1742806800000000,2.46240000,2.46630000,2.45750000,2.46210000,1381905.00000000,1742807699999999,3400250.01490000,8696,684444.00000000,1684248.70040000,0
1742807700000000,2.46200000,2.46400000,2.45310000,2.45500000,1171301.00000000,1742808599999999,2877542.40010000,5962,510903.00000000,1254840.65700000,0
1742808600000000,2.45510000,2.46390000,2.45430000,2.45940000,1063665.00000000,1742809499999999,2616047.17910000,6489,658170.00000000,1618623.94900000,0
1742809500000000,2.45940000,2.46540000,2.45940000,2.46280000,856671.00000000,1742810399999999,2109649.21850000,6453,463348.00000000,1141150.71120000,0
1742810400000000,2.46280000,2.46550000,2.45970000,2.46280000,1059731.00000000,1742811299999999,2609991.50590000,6832,671746.00000000,1654535.06080000,0
1742811300000000,2.46290000,2.47570000,2.46160000,2.46870000,1856570.00000000,1742812199999999,4584689.80720000,8519,1127505.00000000,2784246.81820000,0
1742812200000000,2.46860000,2.47720000,2.46760000,2.47150000,1853422.00000000,1742813099999999,4583862.25290000,10810,788310.00000000,1949771.68480000,0
1742813100000000,2.47150000,2.47450000,2.46940000,2.47060000,1564826.00000000,1742813999999999,3868180.05500000,7091,707723.00000000,1749185.58890000,0
1742814000000000,2.47060000,2.47150000,2.46400000,2.46540000,1018110.00000000,1742814899999999,2512043.13780000,7130,470219.00000000,1160208.94580000,0
1742814900000000,2.46550000,2.46550000,2.45550000,2.45810000,1326877.00000000,1742815799999999,3262986.32370000,9053,590453.00000000,1451821.24690000,0
1742815800000000,2.45810000,2.46460000,2.45720000,2.46220000,859894.00000000,1742816699999999,2116571.89470000,6038,546014.00000000,1344101.48970000,0
1742816700000000,2.46210000,2.46580000,2.45840000,2.45940000,1275303.00000000,1742817599999999,3139375.31380000,6485,637421.00000000,1569191.23140000,0
1742817600000000,2.45950000,2.46080000,2.45150000,2.45590000,1005780.00000000,1742818499999999,2469070.14540000,10203,505631.00000000,1241147.01210000,0
1742818500000000,2.45580000,2.45620000,2.44810000,2.45190000,2103012.00000000,1742819399999999,5155854.12230000,9008,1065142.00000000,2611168.78230000,0
1742819400000000,2.45180000,2.45810000,2.45160000,2.45620000,779601.00000000,1742820299999999,1913834.37650000,7187,385669.00000000,946668.53420000,0
1742820300000000,2.45610000,2.45990000,2.45210000,2.45420000,1191581.00000000,1742821199999999,2927507.37750000,7921,447561.00000000,1099525.69290000,0
1742821200000000,2.45410000,2.45430000,2.44220000,2.44590000,1798550.00000000,1742822099999999,4401619.95940000,10014,902311.00000000,2208230.46630000,0
1742822100000000,2.44590000,2.45030000,2.44470000,2.44930000,708998.00000000,1742822999999999,1735517.22330000,6381,378254.00000000,925929.27920000,0
1742823000000000,2.44920000,2.45970000,2.44790000,2.45310000,1918463.00000000,1742823899999999,4711425.04480000,15241,1041628.00000000,2558109.94160000,0
1742823900000000,2.45320000,2.45750000,2.44820000,2.45690000,1313463.00000000,1742824799999999,3222762.47720000,13052,690909.00000000,1695366.62800000,0
1742824800000000,2.45680000,2.48200000,2.45500000,2.48170000,2986403.00000000,1742825699999999,7369594.41760000,18165,1765483.00000000,4356914.03500000,0
1742825700000000,2.48170000,2.50440000,2.47690000,2.47810000,7968046.00000000,1742826599999999,19851717.50740000,45729,4632411.00000000,11541152.46940000,0
1742826600000000,2.47810000,2.47920000,2.46430000,2.47780000,2457848.00000000,1742827499999999,6075225.84460000,25465,1280536.00000000,3165436.73620000,0
1742827500000000,2.47780000,2.48050000,2.46650000,2.46800000,1626063.00000000,1742828399999999,4023801.01110000,13661,872967.00000000,2161144.08770000,0
1742828400000000,2.46800000,2.47240000,2.46040000,2.47110000,1411272.00000000,1742829299999999,3480791.82520000,12170,747284.00000000,1843332.96570000,0
1742829300000000,2.47110000,2.47820000,2.46560000,2.46910000,1406828.00000000,1742830199999999,3480201.45090000,10497,724991.00000000,1793530.63440000,0
1742830200000000,2.46900000,2.47660000,2.46670000,2.47450000,762934.00000000,1742831099999999,1886053.68170000,10450,386086.00000000,954351.99090000,0
1742831100000000,2.47460000,2.47620000,2.46690000,2.47380000,1280272.00000000,1742831999999999,3163206.14540000,8393,542896.00000000,1341446.81420000,0
1742832000000000,2.47380000,2.47500000,2.46290000,2.46510000,1302899.00000000,1742832899999999,3217443.40890000,8774,453660.00000000,1119995.10110000,0
1742832900000000,2.46520000,2.46570000,2.44930000,2.45000000,1817409.00000000,1742833799999999,4463238.78550000,15046,714431.00000000,1754434.54610000,0
1742833800000000,2.45000000,2.45790000,2.44590000,2.45420000,1719096.00000000,1742834699999999,4214371.51360000,12149,868113.00000000,2128315.11820000,0
1742834700000000,2.45430000,2.45910000,2.45180000,2.45880000,1140103.00000000,1742835599999999,2798788.07210000,5923,565770.00000000,1389085.38640000,0
1742835600000000,2.45890000,2.46430000,2.45430000,2.45670000,1610101.00000000,1742836499999999,3960822.69420000,7491,1119304.00000000,2753576.40050000,0
1742836500000000,2.45680000,2.47310000,2.45510000,2.47260000,2925116.00000000,1742837399999999,7217243.40550000,11989,2275601.00000000,5614120.25720000,0
1742837400000000,2.47260000,2.47520000,2.46590000,2.46710000,1815342.00000000,1742838299999999,4487466.12670000,11953,1242238.00000000,3070950.72650000,0
1742838300000000,2.46710000,2.47270000,2.46460000,2.46920000,1287616.00000000,1742839199999999,3179494.58900000,9028,697342.00000000,1721815.68370000,0
1742839200000000,2.46920000,2.46930000,2.46320000,2.46720000,717087.00000000,1742840099999999,1767921.12810000,6560,369759.00000000,911699.61050000,0
1742840100000000,2.46710000,2.46890000,2.46100000,2.46450000,1043626.00000000,1742840999999999,2572371.72890000,5882,239978.00000000,591731.81920000,0
1742841000000000,2.46450000,2.47220000,2.45800000,2.47080000,872970.00000000,1742841899999999,2151877.04100000,7619,463946.00000000,1143662.55900000,0
1742841900000000,2.47080000,2.47660000,2.46760000,2.47420000,1149494.00000000,1742842799999999,2842216.18530000,9056,688448.00000000,1702376.79070000,0
1742842800000000,2.47430000,2.47580000,2.46850000,2.47110000,894893.00000000,1742843699999999,2211885.65880000,7708,424813.00000000,1050035.93180000,0
1742843700000000,2.47110000,2.47530000,2.46910000,2.47140000,1024298.00000000,1742844599999999,2532620.20250000,6599,436775.00000000,1079872.97390000,0
1742844600000000,2.47130000,2.47130000,2.46210000,2.46440000,775996.00000000,1742845499999999,1913645.41860000,6248,440109.00000000,1085456.36770000,0
1742845500000000,2.46440000,2.46970000,2.46290000,2.46530000,457258.00000000,1742846399999999,1127811.93860000,6081,187563.00000000,462595.92050000,0
1742846400000000,2.46530000,2.47540000,2.46360000,2.47530000,718015.00000000,1742847299999999,1773901.34320000,5657,397682.00000000,982682.18360000,0
1742847300000000,2.47530000,2.47700000,2.47100000,2.47210000,666287.00000000,1742848199999999,1647813.00860000,5204,320798.00000000,793401.42570000,0
1742848200000000,2.47200000,2.47200000,2.46150000,2.46190000,725463.00000000,1742849099999999,1789616.26010000,4656,322829.00000000,796345.61370000,0
1742849100000000,2.46190000,2.46190000,2.45460000,2.45840000,1242403.00000000,1742849999999999,3054336.04780000,7135,486720.00000000,1196714.30200000,0
1742850000000000,2.45840000,2.46240000,2.45760000,2.46130000,668204.00000000,1742850899999999,1643744.89850000,6286,319046.00000000,784790.09000000,0
1742850900000000,2.46140000,2.46870000,2.46080000,2.46690000,588076.00000000,1742851799999999,1449896.27710000,4461,335989.00000000,828480.31950000,0
1742851800000000,2.46690000,2.46800000,2.45500000,2.46270000,906675.00000000,1742852699999999,2230438.66060000,5920,388688.00000000,956347.28650000,0
1742852700000000,2.46270000,2.46360000,2.45760000,2.45900000,460047.00000000,1742853599999999,1132112.13560000,4326,178671.00000000,439676.99790000,0
1742853600000000,2.45900000,2.46100000,2.44850000,2.44900000,1226225.00000000,1742854499999999,3009835.30570000,10023,455706.00000000,1118798.18690000,0
1742854500000000,2.44910000,2.45380000,2.44560000,2.45220000,786012.00000000,1742855399999999,1925198.01120000,6324,539098.00000000,1320497.23460000,0
1742855400000000,2.45210000,2.45700000,2.45030000,2.45380000,717009.00000000,1742856299999999,1759250.09600000,4872,304455.00000000,747047.21550000,0
1742856300000000,2.45380000,2.45390000,2.44560000,2.44890000,1018205.00000000,1742857199999999,2492890.87530000,6715,438281.00000000,1073034.70770000,0
1742857200000000,2.44880000,2.44950000,2.43880000,2.44000000,1252245.00000000,1742858099999999,3059118.16160000,9398,528055.00000000,1290339.15120000,0
1742858100000000,2.43990000,2.44120000,2.42730000,2.43490000,2074049.00000000,1742858999999999,5048070.43550000,13122,617914.00000000,1504231.71690000,0
1742859000000000,2.43500000,2.44200000,2.43490000,2.44200000,735341.00000000,1742859899999999,1793441.37930000,6978,431877.00000000,1053394.61830000,0
1742859900000000,2.44200000,2.45200000,2.44170000,2.45010000,762978.00000000,1742860799999999,1867604.30300000,6866,412669.00000000,1010210.95910000,0
1742860800000000,2.45010000,2.45410000,2.44240000,2.45210000,898888.00000000,1742861699999999,2201382.34610000,8244,386781.00000000,947377.20980000,0
1742861700000000,2.45210000,2.46650000,2.45030000,2.45820000,2081350.00000000,1742862599999999,5118859.43700000,11364,1166122.00000000,2867882.90010000,0
1742862600000000,2.45820000,2.46550000,2.45120000,2.45620000,2571680.00000000,1742863499999999,6321246.09160000,11941,1223163.00000000,3007349.45530000,0
1742863500000000,2.45620000,2.45940000,2.45200000,2.45360000,889681.00000000,1742864399999999,2184386.87170000,7192,329635.00000000,809592.07930000,0
1742864400000000,2.45360000,2.45360000,2.44270000,2.44350000,1752946.00000000,1742865299999999,4291828.26590000,8713,577047.00000000,1412394.51400000,0
1742865300000000,2.44350000,2.44490000,2.43510000,2.43580000,880818.00000000,1742866199999999,2149095.95740000,7261,324914.00000000,792725.22410000,0
1742866200000000,2.43570000,2.43960000,2.42710000,2.43960000,1517168.00000000,1742867099999999,3690351.42140000,14372,844493.00000000,2053938.94360000,0
1742867100000000,2.43970000,2.44340000,2.43500000,2.43690000,598040.00000000,1742867999999999,1458551.18190000,6135,289487.00000000,706040.08360000,0
1742868000000000,2.43690000,2.43780000,2.42780000,2.43190000,923967.00000000,1742868899999999,2246664.93710000,7722,283472.00000000,689054.72220000,0
1742868900000000,2.43200000,2.43480000,2.43060000,2.43480000,551938.00000000,1742869799999999,1342834.02340000,5928,322463.00000000,784472.34040000,0
1742869800000000,2.43480000,2.43480000,2.42840000,2.42950000,654236.00000000,1742870699999999,1590681.40750000,5774,255324.00000000,620656.43110000,0
1742870700000000,2.42950000,2.43220000,2.42150000,2.42540000,1033860.00000000,1742871599999999,2508876.59970000,7888,475397.00000000,1153792.54050000,0
1742871600000000,2.42550000,2.43040000,2.42190000,2.42530000,1676757.00000000,1742872499999999,4066602.92560000,8756,489883.00000000,1188797.93540000,0
1742872500000000,2.42530000,2.42530000,2.41440000,2.42180000,1486376.00000000,1742873399999999,3595376.83280000,10863,630622.00000000,1525318.31680000,0
1742873400000000,2.42180000,2.42460000,2.41350000,2.41540000,1618072.00000000,1742874299999999,3913289.28180000,9949,955371.00000000,2311166.52760000,0
1742874300000000,2.41540000,2.41820000,2.40870000,2.41420000,1613232.00000000,1742875199999999,3891643.36920000,11205,685736.00000000,1654275.45480000,0
1742875200000000,2.41420000,2.42060000,2.40710000,2.41890000,1324660.00000000,1742876099999999,3195758.75840000,9320,499801.00000000,1206450.70770000,0
1742876100000000,2.41880000,2.42340000,2.41700000,2.41870000,450213.00000000,1742876999999999,1089643.87300000,4540,199455.00000000,482728.35780000,0
1742877000000000,2.41860000,2.42390000,2.41650000,2.42370000,779760.00000000,1742877899999999,1888210.21100000,5566,434923.00000000,1053288.60990000,0
1742877900000000,2.42370000,2.42600000,2.42040000,2.42550000,608245.00000000,1742878799999999,1473643.45120000,5323,312395.00000000,756858.45140000,0
1742878800000000,2.42550000,2.42920000,2.42300000,2.42510000,825342.00000000,1742879699999999,2002323.32660000,6672,338047.00000000,820100.12420000,0
1742879700000000,2.42500000,2.42970000,2.42310000,2.42810000,753939.00000000,1742880599999999,1829532.80760000,5883,265009.00000000,643109.52900000,0
1742880600000000,2.42800000,2.43240000,2.42630000,2.42990000,689349.00000000,1742881499999999,1674992.32880000,6827,391934.00000000,952315.65770000,0
1742881500000000,2.42990000,2.43270000,2.42920000,2.42990000,383190.00000000,1742882399999999,931427.61490000,3420,138235.00000000,336010.21370000,0
1742882400000000,2.43000000,2.43530000,2.42710000,2.42850000,1411992.00000000,1742883299999999,3434116.90730000,6981,405906.00000000,986845.00740000,0
1742883300000000,2.42840000,2.42850000,2.41930000,2.42270000,1037699.00000000,1742884199999999,2515167.56330000,6985,597291.00000000,1447965.62320000,0
1742884200000000,2.42280000,2.42380000,2.41560000,2.41570000,1090389.00000000,1742885099999999,2639094.27120000,7510,340452.00000000,824007.03140000,0
1742885100000000,2.41570000,2.41740000,2.41280000,2.41460000,1423505.00000000,1742885999999999,3437247.30740000,8216,625056.00000000,1509283.79570000,0
1742886000000000,2.41450000,2.42130000,2.41410000,2.41790000,936659.00000000,1742886899999999,2265077.18310000,8274,481578.00000000,1164670.29360000,0
1742886900000000,2.41800000,2.42660000,2.41670000,2.42340000,1261746.00000000,1742887799999999,3055344.10400000,6970,829005.00000000,2006692.78230000,0
1742887800000000,2.42330000,2.42330000,2.41540000,2.41630000,587179.00000000,1742888699999999,1420020.75560000,4734,261897.00000000,633358.59330000,0
1742888700000000,2.41630000,2.42370000,2.41620000,2.42270000,379492.00000000,1742889599999999,918946.99080000,3554,179052.00000000,433620.07890000,0
1742889600000000,2.42260000,2.42640000,2.42170000,2.42510000,572785.00000000,1742890499999999,1388696.59840000,4932,245997.00000000,596388.33770000,0
1742890500000000,2.42520000,2.42970000,2.42030000,2.42860000,563270.00000000,1742891399999999,1366637.47030000,6600,292006.00000000,708503.28200000,0
1742891400000000,2.42860000,2.43100000,2.42790000,2.43050000,839127.00000000,1742892299999999,2038949.67680000,5567,512945.00000000,1246368.26020000,0
1742892300000000,2.43050000,2.43710000,2.42830000,2.43380000,1527099.00000000,1742893199999999,3715631.48860000,8313,1224275.00000000,2978807.32440000,0
1742893200000000,2.43370000,2.43730000,2.43040000,2.43250000,655124.00000000,1742894099999999,1594433.40550000,5508,362952.00000000,883401.99900000,0
1742894100000000,2.43250000,2.43500000,2.43070000,2.43340000,1019391.00000000,1742894999999999,2479288.84230000,4810,595913.00000000,1449070.13610000,0
1742895000000000,2.43350000,2.44180000,2.43310000,2.43790000,1833234.00000000,1742895899999999,4467008.72630000,9537,1228055.00000000,2992413.45400000,0
1742895900000000,2.43790000,2.44280000,2.43680000,2.44010000,723815.00000000,1742896799999999,1766650.27910000,5622,437178.00000000,1067059.31760000,0
1742896800000000,2.44000000,2.44170000,2.43500000,2.43650000,514005.00000000,1742897699999999,1253286.38890000,4643,260176.00000000,634523.43380000,0
1742897700000000,2.43660000,2.43950000,2.43310000,2.43790000,466119.00000000,1742898599999999,1135281.29150000,5435,238130.00000000,579954.66230000,0
1742898600000000,2.43800000,2.44600000,2.43710000,2.44500000,668192.00000000,1742899499999999,1631407.39200000,6252,331969.00000000,810450.72320000,0
1742899500000000,2.44510000,2.44760000,2.44180000,2.44310000,688021.00000000,1742900399999999,1681859.85630000,6554,418988.00000000,1024109.58440000,0
1742900400000000,2.44310000,2.44650000,2.43660000,2.43920000,1524775.00000000,1742901299999999,3723862.15580000,8885,257817.00000000,629194.31780000,0
1742901300000000,2.43930000,2.44680000,2.43850000,2.44560000,692995.00000000,1742902199999999,1693830.47200000,6915,290280.00000000,709294.88950000,0
1742902200000000,2.44570000,2.45000000,2.44200000,2.44850000,972890.00000000,1742903099999999,2380398.47780000,7317,436699.00000000,1068740.55710000,0
1742903100000000,2.44860000,2.45000000,2.44400000,2.44460000,655467.00000000,1742903999999999,1604134.12160000,5190,383396.00000000,938461.66850000,0
1742904000000000,2.44470000,2.44660000,2.43780000,2.44280000,1307314.00000000,1742904899999999,3190088.66200000,7456,520402.00000000,1269815.58760000,0
1742904900000000,2.44270000,2.44300000,2.43870000,2.44040000,455026.00000000,1742905799999999,1110548.66810000,4673,176538.00000000,430880.63370000,0
1742905800000000,2.44040000,2.44520000,2.43010000,2.43590000,1500849.00000000,1742906699999999,3656584.81780000,9345,731320.00000000,1782018.19960000,0
1742906700000000,2.43590000,2.43690000,2.42910000,2.43150000,803491.00000000,1742907599999999,1955170.47300000,6271,213936.00000000,520393.52820000,0
1742907600000000,2.43160000,2.44300000,2.43040000,2.44150000,692382.00000000,1742908499999999,1687760.92040000,7409,346104.00000000,843671.99160000,0
1742908500000000,2.44150000,2.45170000,2.44150000,2.45110000,2117954.00000000,1742909399999999,5186448.63610000,12934,1083434.00000000,2652973.48780000,0
1742909400000000,2.45110000,2.45780000,2.43670000,2.43860000,2178136.00000000,1742910299999999,5331888.65490000,22847,919392.00000000,2251153.83820000,0
1742910300000000,2.43870000,2.44480000,2.42670000,2.44020000,1710500.00000000,1742911199999999,4166728.82260000,19714,723097.00000000,1761244.94150000,0
1742911200000000,2.44030000,2.44330000,2.42970000,2.44210000,1052599.00000000,1742912099999999,2565424.71700000,14097,548983.00000000,1337820.87920000,0
1742912100000000,2.44200000,2.44600000,2.43570000,2.44170000,984223.00000000,1742912999999999,2402331.43390000,11654,470545.00000000,1148851.81220000,0
1742913000000000,2.44170000,2.45490000,2.43910000,2.45320000,1603372.00000000,1742913899999999,3922756.77860000,12428,923563.00000000,2259911.49390000,0
1742913900000000,2.45320000,2.45430000,2.44470000,2.45010000,1389325.00000000,1742914799999999,3403098.01520000,12828,469387.00000000,1149548.95520000,0
1742914800000000,2.45010000,2.45550000,2.44420000,2.44790000,1091157.00000000,1742915699999999,2672866.12970000,11281,503307.00000000,1232995.60720000,0
1742915700000000,2.44780000,2.44930000,2.44000000,2.44470000,1557670.00000000,1742916599999999,3806626.61790000,10824,744296.00000000,1819210.90840000,0
1742916600000000,2.44470000,2.44650000,2.43500000,2.44590000,1131832.00000000,1742917499999999,2762670.09830000,9178,547322.00000000,1336136.64920000,0
1742917500000000,2.44590000,2.44770000,2.43550000,2.43770000,1275031.00000000,1742918399999999,3110044.13850000,9776,555213.00000000,1354182.25930000,0
1742918400000000,2.43780000,2.44420000,2.43490000,2.44200000,884862.00000000,1742919299999999,2159314.11180000,9090,575483.00000000,1404475.05130000,0
1742919300000000,2.44200000,2.44300000,2.43400000,2.43450000,1790837.00000000,1742920199999999,4366893.95390000,10546,777178.00000000,1895101.55330000,0
1742920200000000,2.43440000,2.43550000,2.42430000,2.43060000,1592672.00000000,1742921099999999,3869510.47620000,13173,556108.00000000,1351297.99600000,0
1742921100000000,2.43060000,2.43420000,2.42690000,2.43200000,661034.00000000,1742921999999999,1606899.59120000,7131,364239.00000000,885434.76300000,0
1742922000000000,2.43200000,2.44420000,2.43200000,2.44100000,821777.00000000,1742922899999999,2004634.27670000,7501,448681.00000000,1094342.64350000,0
1742922900000000,2.44100000,2.44390000,2.43780000,2.44210000,1854699.00000000,1742923799999999,4526896.44620000,8513,1436177.00000000,3505343.76420000,0
1742923800000000,2.44200000,2.44790000,2.44130000,2.44720000,894987.00000000,1742924699999999,2189069.58860000,7508,396139.00000000,968947.38220000,0
1742924700000000,2.44720000,2.47830000,2.44280000,2.46380000,7324775.00000000,1742925599999999,18070747.48960000,52545,3591041.00000000,8854043.66340000,0
1742925600000000,2.46380000,2.47540000,2.46250000,2.46730000,2821529.00000000,1742926499999999,6967093.16800000,22498,1616737.00000000,3992285.86220000,0
1742926500000000,2.46740000,2.46850000,2.45430000,2.45850000,2233566.00000000,1742927399999999,5493075.26200000,12257,1168922.00000000,2873568.72990000,0
1742927400000000,2.45840000,2.45950000,2.44160000,2.44370000,1719654.00000000,1742928299999999,4211329.36170000,11922,502564.00000000,1230898.02080000,0
1742928300000000,2.44360000,2.45270000,2.44200000,2.45190000,792844.00000000,1742929199999999,1941748.53770000,6180,539746.00000000,1321941.30430000,0
1742929200000000,2.45180000,2.46270000,2.45170000,2.45620000,887716.00000000,1742930099999999,2182605.23220000,7569,462207.00000000,1136322.82270000,0
1742930100000000,2.45620000,2.46090000,2.45370000,2.45550000,599516.00000000,1742930999999999,1473428.61540000,6788,292898.00000000,719925.99540000,0
1742931000000000,2.45560000,2.45720000,2.45030000,2.45710000,711830.00000000,1742931899999999,1746931.39680000,8370,268116.00000000,658078.09380000,0
1742931900000000,2.45720000,2.46260000,2.45690000,2.45920000,808909.00000000,1742932799999999,1990245.25860000,7693,461598.00000000,1135835.69370000,0
1742932800000000,2.45920000,2.47000000,2.45600000,2.46490000,1499289.00000000,1742933699999999,3695332.57120000,12378,875495.00000000,2157746.16260000,0
1742933700000000,2.46490000,2.46940000,2.46080000,2.46090000,721938.00000000,1742934599999999,1780144.45140000,6863,303707.00000000,749084.24010000,0
1742934600000000,2.46090000,2.46150000,2.45440000,2.45560000,596338.00000000,1742935499999999,1465344.81510000,6502,212091.00000000,521223.55440000,0
1742935500000000,2.45560000,2.45610000,2.45000000,2.45180000,627702.00000000,1742936399999999,1539286.70810000,5879,225387.00000000,552676.38530000,0
1742936400000000,2.45180000,2.45960000,2.45180000,2.45800000,576602.00000000,1742937299999999,1416376.69960000,4425,321327.00000000,789028.62840000,0
1742937300000000,2.45800000,2.46160000,2.45200000,2.45210000,619264.00000000,1742938199999999,1522110.93850000,4784,417453.00000000,1026131.57030000,0
1742938200000000,2.45200000,2.45380000,2.44500000,2.44710000,1389456.00000000,1742939099999999,3401780.00990000,5171,272921.00000000,668204.60020000,0
1742939100000000,2.44710000,2.45040000,2.44220000,2.44320000,560320.00000000,1742939999999999,1371134.62770000,4974,322184.00000000,788635.52380000,0
1742940000000000,2.44310000,2.44700000,2.43750000,2.44500000,1195389.00000000,1742940899999999,2919125.77320000,9822,509569.00000000,1244958.31610000,0
1742940900000000,2.44490000,2.44540000,2.43650000,2.43910000,589399.00000000,1742941799999999,1438119.27030000,5630,281734.00000000,687313.77640000,0
1742941800000000,2.43900000,2.44430000,2.43350000,2.44410000,582929.00000000,1742942699999999,1421730.08150000,6152,339338.00000000,827773.15550000,0
1742942700000000,2.44410000,2.44530000,2.44130000,2.44410000,584399.00000000,1742943599999999,1428002.46570000,4276,407462.00000000,995640.76760000,0
1742943600000000,2.44410000,2.44740000,2.43700000,2.44110000,494202.00000000,1742944499999999,1205757.97860000,5069,272458.00000000,664691.57440000,0
1742944500000000,2.44110000,2.44880000,2.44050000,2.44850000,418027.00000000,1742945399999999,1022164.88320000,5828,227357.00000000,555956.14050000,0
1742945400000000,2.44840000,2.45170000,2.44490000,2.45040000,425703.00000000,1742946299999999,1042466.24960000,4830,215255.00000000,527155.56840000,0
1742946300000000,2.45040000,2.45270000,2.44750000,2.44920000,564639.00000000,1742947199999999,1383522.41840000,4480,295110.00000000,723119.19470000,0
1742947200000000,2.44910000,2.45150000,2.44320000,2.44610000,807670.00000000,1742948099999999,1976190.77430000,8107,352744.00000000,863079.95260000,0
1742948100000000,2.44610000,2.45600000,2.44490000,2.45440000,630761.00000000,1742948999999999,1546489.85350000,8187,339559.00000000,832474.16220000,0
1742949000000000,2.45440000,2.45750000,2.44970000,2.45590000,1219008.00000000,1742949899999999,2991110.60000000,8399,667053.00000000,1636390.00460000,0
1742949900000000,2.45580000,2.45780000,2.45270000,2.45500000,591187.00000000,1742950799999999,1451832.99060000,5037,179309.00000000,440340.00560000,0
1742950800000000,2.45510000,2.46000000,2.45400000,2.45890000,749833.00000000,1742951699999999,1842591.67540000,4948,236039.00000000,579988.54780000,0
1742951700000000,2.45880000,2.47940000,2.45660000,2.47120000,3790516.00000000,1742952599999999,9368225.94440000,19928,2240293.00000000,5535263.19360000,0
1742952600000000,2.47120000,2.47790000,2.46800000,2.46950000,1838953.00000000,1742953499999999,4546428.67370000,10301,492412.00000000,1217411.94750000,0
1742953500000000,2.46950000,2.47120000,2.46460000,2.46900000,929883.00000000,1742954399999999,2294327.51860000,5454,365946.00000000,902618.08760000,0
1742954400000000,2.46910000,2.47220000,2.45950000,2.45960000,1232601.00000000,1742955299999999,3038336.90620000,7393,336712.00000000,830479.67680000,0
1742955300000000,2.45950000,2.45980000,2.45590000,2.45900000,845111.00000000,1742956199999999,2077412.60770000,7935,321029.00000000,789110.54140000,0
1742956200000000,2.45910000,2.46240000,2.44230000,2.44600000,2217905.00000000,1742957099999999,5437723.50780000,12644,1052502.00000000,2581902.66360000,0
1742957100000000,2.44610000,2.44930000,2.43930000,2.44130000,867137.00000000,1742957999999999,2118555.06190000,8612,399573.00000000,976318.95310000,0
1742958000000000,2.44130000,2.44730000,2.44010000,2.44430000,645788.00000000,1742958899999999,1578440.18130000,5911,359013.00000000,877578.59770000,0
1742958900000000,2.44430000,2.45070000,2.44190000,2.44450000,1487126.00000000,1742959799999999,3637641.88420000,6967,355003.00000000,868468.20370000,0
1742959800000000,2.44450000,2.44460000,2.43630000,2.43820000,848732.00000000,1742960699999999,2070547.31420000,7314,527738.00000000,1287190.06260000,0
1742960700000000,2.43810000,2.44050000,2.43550000,2.43830000,754887.00000000,1742961599999999,1840564.96230000,7037,470278.00000000,1146650.08490000,0
1742961600000000,2.43830000,2.44400000,2.43540000,2.44380000,774836.00000000,1742962499999999,1890990.09220000,5194,471486.00000000,1150618.25910000,0
1742962500000000,2.44380000,2.44670000,2.44000000,2.44570000,361781.00000000,1742963399999999,884083.33060000,3546,180824.00000000,441924.57630000,0
1742963400000000,2.44560000,2.45040000,2.44530000,2.45030000,397990.00000000,1742964299999999,974483.70130000,3801,249066.00000000,609862.46110000,0
1742964300000000,2.45030000,2.45060000,2.44510000,2.44840000,508476.00000000,1742965199999999,1244505.97140000,3986,232064.00000000,568016.39370000,0
1742965200000000,2.44830000,2.44900000,2.44290000,2.44390000,670430.00000000,1742966099999999,1639818.53130000,3549,346446.00000000,847391.60150000,0
1742966100000000,2.44400000,2.44890000,2.44260000,2.44860000,451976.00000000,1742966999999999,1105491.38730000,4016,194306.00000000,475230.21700000,0
1742967000000000,2.44850000,2.45870000,2.44850000,2.45630000,950941.00000000,1742967899999999,2333670.96140000,7226,494998.00000000,1214570.21220000,0
1742967900000000,2.45620000,2.45690000,2.45340000,2.45610000,327240.00000000,1742968799999999,803333.68710000,3577,210905.00000000,517743.88750000,0
1742968800000000,2.45610000,2.45690000,2.44940000,2.45370000,735994.00000000,1742969699999999,1805734.77990000,4724,209977.00000000,514876.38250000,0
1742969700000000,2.45360000,2.45480000,2.45050000,2.45160000,489607.00000000,1742970599999999,1200915.12080000,3332,337895.00000000,828817.95000000,0
1742970600000000,2.45150000,2.45460000,2.45030000,2.45450000,525281.00000000,1742971499999999,1288513.26550000,4238,174366.00000000,427712.86520000,0
1742971500000000,2.45440000,2.45740000,2.45100000,2.45570000,762869.00000000,1742972399999999,1872010.21410000,6097,397113.00000000,974515.29480000,0
1742972400000000,2.45570000,2.45710000,2.45030000,2.45100000,763405.00000000,1742973299999999,1872336.94480000,6229,203557.00000000,499303.01780000,0
1742973300000000,2.45110000,2.45630000,2.45050000,2.45600000,996229.00000000,1742974199999999,2443188.82560000,7013,420903.00000000,1032372.35480000,0
1742974200000000,2.45590000,2.46680000,2.45590000,2.46250000,2205215.00000000,1742975099999999,5429191.80980000,12218,1120461.00000000,2758716.27610000,0
1742975100000000,2.46250000,2.47070000,2.46060000,2.46500000,2899899.00000000,1742975999999999,7150058.95660000,11532,1652843.00000000,4075894.00090000,0
1742976000000000,2.46510000,2.47010000,2.46170000,2.46230000,1338649.00000000,1742976899999999,3300572.65560000,8320,499651.00000000,1232323.34620000,0
1742976900000000,2.46230000,2.46900000,2.46200000,2.46900000,774658.00000000,1742977799999999,1910274.61820000,7407,419614.00000000,1034760.28230000,0
1742977800000000,2.46900000,2.47230000,2.46640000,2.46810000,1109309.00000000,1742978699999999,2739452.78530000,8124,448764.00000000,1108314.26420000,0
1742978700000000,2.46810000,2.46810000,2.45950000,2.46400000,1068556.00000000,1742979599999999,2630541.24350000,6623,320656.00000000,789686.54870000,0
1742979600000000,2.46400000,2.46670000,2.46160000,2.46230000,562213.00000000,1742980499999999,1385180.03410000,6621,210230.00000000,517982.57600000,0
1742980500000000,2.46230000,2.46950000,2.45800000,2.46940000,666696.00000000,1742981399999999,1642191.88760000,6754,305937.00000000,753728.90710000,0
1742981400000000,2.46940000,2.47290000,2.46510000,2.46700000,775892.00000000,1742982299999999,1915716.13490000,7592,400084.00000000,987993.56620000,0
1742982300000000,2.46700000,2.46790000,2.46050000,2.46520000,864848.00000000,1742983199999999,2130757.18640000,5583,250711.00000000,617877.78470000,0
1742983200000000,2.46520000,2.46710000,2.46140000,2.46460000,1030205.00000000,1742984099999999,2538699.36210000,7690,418239.00000000,1030525.38830000,0
1742984100000000,2.46450000,2.46930000,2.46450000,2.46670000,921233.00000000,1742984999999999,2272648.29260000,7503,440875.00000000,1087629.28930000,0
1742985000000000,2.46680000,2.46890000,2.46250000,2.46260000,1235861.00000000,1742985899999999,3047682.81130000,6698,470251.00000000,1160100.33440000,0
1742985900000000,2.46250000,2.46630000,2.46010000,2.46320000,1505501.00000000,1742986799999999,3707674.78660000,6689,530391.00000000,1306233.22180000,0
1742986800000000,2.46320000,2.46880000,2.46290000,2.46880000,924152.00000000,1742987699999999,2278965.44460000,7178,560022.00000000,1381056.62630000,0
1742987700000000,2.46880000,2.47000000,2.46530000,2.46860000,1888396.00000000,1742988599999999,4661073.86770000,6883,606459.00000000,1497131.48380000,0
1742988600000000,2.46850000,2.46930000,2.45090000,2.45460000,4481742.00000000,1742989499999999,11024230.75170000,18327,1072181.00000000,2635682.50180000,0
1742989500000000,2.45470000,2.45860000,2.45340000,2.45670000,908342.00000000,1742990399999999,2231132.25520000,6740,477708.00000000,1173317.12150000,0
1742990400000000,2.45670000,2.45920000,2.45130000,2.45390000,734687.00000000,1742991299999999,1803591.52360000,5856,343439.00000000,843155.66150000,0
1742991300000000,2.45400000,2.45440000,2.44560000,2.44860000,1528790.00000000,1742992199999999,3743171.06470000,8269,769951.00000000,1884805.63450000,0
1742992200000000,2.44860000,2.45030000,2.44380000,2.44940000,1137939.00000000,1742993099999999,2784107.58960000,10349,562712.00000000,1376728.76320000,0
1742993100000000,2.44950000,2.45250000,2.44600000,2.45240000,894720.00000000,1742993999999999,2192219.16990000,7689,333477.00000000,817135.15460000,0
1742994000000000,2.45240000,2.45250000,2.44200000,2.44320000,1073309.00000000,1742994899999999,2626261.16880000,9588,497657.00000000,1217428.30210000,0
1742994900000000,2.44320000,2.44320000,2.43600000,2.43780000,2096406.00000000,1742995799999999,5112133.44660000,9763,1257570.00000000,3066340.67340000,0
1742995800000000,2.43780000,2.44510000,2.42850000,2.44510000,3026564.00000000,1742996699999999,7375437.33710000,23432,1935718.00000000,4717272.36880000,0
1742996700000000,2.44510000,2.44870000,2.41270000,2.41690000,5481973.00000000,1742997599999999,13299297.54650000,31179,2955063.00000000,7163258.99700000,0
1742997600000000,2.41690000,2.42960000,2.41380000,2.42340000,2620403.00000000,1742998499999999,6350397.01640000,22766,1462362.00000000,3543608.82260000,0
1742998500000000,2.42330000,2.42670000,2.40160000,2.41090000,4726011.00000000,1742999399999999,11391184.31320000,28499,2130867.00000000,5137489.37650000,0
1742999400000000,2.41090000,2.41240000,2.39840000,2.40070000,3612924.00000000,1743000299999999,8691121.71120000,22863,1374797.00000000,3308206.11400000,0
1743000300000000,2.40060000,2.41580000,2.39520000,2.40880000,3069487.00000000,1743001199999999,7382653.61600000,21938,1786008.00000000,4295319.42860000,0
1743001200000000,2.40880000,2.41700000,2.40730000,2.41160000,2649312.00000000,1743002099999999,6391482.88170000,14441,1833266.00000000,4423018.13320000,0
1743002100000000,2.41170000,2.41440000,2.40630000,2.40930000,1480110.00000000,1743002999999999,3566888.98540000,10513,972523.00000000,2343695.95380000,0
1743003000000000,2.40930000,2.41390000,2.40420000,2.41110000,1070898.00000000,1743003899999999,2580487.24800000,9505,613796.00000000,1479143.81470000,0
1743003900000000,2.41100000,2.41500000,2.40130000,2.40540000,1406343.00000000,1743004799999999,3387067.74650000,10072,670858.00000000,1615663.51420000,0
1743004800000000,2.40530000,2.41350000,2.39880000,2.41180000,971968.00000000,1743005699999999,2339102.88810000,10482,534598.00000000,1286762.38620000,0
1743005700000000,2.41170000,2.41170000,2.39860000,2.40820000,1415253.00000000,1743006599999999,3401258.29290000,10393,776607.00000000,1866145.19830000,0
1743006600000000,2.40820000,2.41230000,2.39920000,2.40170000,1267253.00000000,1743007499999999,3047752.31400000,10089,595187.00000000,1431807.42340000,0
1743007500000000,2.40170000,2.40870000,2.39940000,2.40230000,775369.00000000,1743008399999999,1863331.54950000,8897,360422.00000000,866077.86030000,0
1743008400000000,2.40220000,2.40580000,2.39990000,2.40300000,1722711.00000000,1743009299999999,4139687.72770000,13725,799966.00000000,1922620.93420000,0
1743009300000000,2.40310000,2.40390000,2.38650000,2.38760000,2744364.00000000,1743010199999999,6568190.06720000,20132,1049122.00000000,2511737.64470000,0
1743010200000000,2.38760000,2.39500000,2.37900000,2.39220000,2821809.00000000,1743011099999999,6730901.24220000,21256,1205558.00000000,2877337.70400000,0
1743011100000000,2.39210000,2.39540000,2.38470000,2.38900000,894376.00000000,1743011999999999,2136372.40830000,10133,382758.00000000,914619.75850000,0
1743012000000000,2.38900000,2.39320000,2.38330000,2.39000000,655354.00000000,1743012899999999,1565291.82290000,7566,306262.00000000,731474.28110000,0
1743012900000000,2.38990000,2.39300000,2.38630000,2.38870000,938449.00000000,1743013799999999,2241794.01660000,9194,346727.00000000,828250.78040000,0
1743013800000000,2.38860000,2.39200000,2.37650000,2.37860000,1146121.00000000,1743014699999999,2731170.62020000,10761,472502.00000000,1126489.56970000,0
1743014700000000,2.37870000,2.38090000,2.36730000,2.37040000,1558111.00000000,1743015599999999,3699521.75310000,14022,673515.00000000,1599525.33790000,0
1743015600000000,2.37030000,2.37600000,2.36000000,2.36290000,3299635.00000000,1743016499999999,7807335.64650000,24222,1679116.00000000,3974341.23050000,0
1743016500000000,2.36280000,2.37600000,2.35840000,2.36890000,2158663.00000000,1743017399999999,5109903.69580000,17225,1107087.00000000,2620479.99670000,0
1743017400000000,2.36900000,2.38250000,2.36900000,2.38180000,1362406.00000000,1743018299999999,3239693.46100000,11369,992616.00000000,2360881.68930000,0
1743018300000000,2.38180000,2.38540000,2.36610000,2.37170000,1699498.00000000,1743019199999999,4041417.41080000,15078,851782.00000000,2025898.35570000,0
1743019200000000,2.37160000,2.38060000,2.36030000,2.37380000,2293118.00000000,1743020099999999,5440944.64670000,20153,1199491.00000000,2846322.21310000,0
1743020100000000,2.37390000,2.38260000,2.37200000,2.38010000,1138571.00000000,1743020999999999,2708550.11360000,9512,760597.00000000,1809182.03040000,0
1743021000000000,2.38010000,2.38870000,2.38000000,2.38430000,1226271.00000000,1743021899999999,2924906.64660000,9093,667196.00000000,1591209.15010000,0
1743021900000000,2.38420000,2.38670000,2.37890000,2.38180000,1235960.00000000,1743022799999999,2945463.78140000,9647,654566.00000000,1559914.76920000,0
1743022800000000,2.38190000,2.38380000,2.37490000,2.38150000,1373060.00000000,1743023699999999,3267125.86510000,6287,566083.00000000,1346808.00430000,0
1743023700000000,2.38150000,2.38150000,2.36660000,2.37160000,903642.00000000,1743024599999999,2144670.71680000,8916,412471.00000000,978889.61160000,0
1743024600000000,2.37160000,2.37160000,2.33330000,2.35690000,3534168.00000000,1743025499999999,8306745.96500000,32108,1404580.00000000,3299666.82680000,0
1743025500000000,2.35700000,2.36880000,2.35610000,2.36350000,1421518.00000000,1743026399999999,3359261.89600000,12041,838226.00000000,1980396.06580000,0
1743026400000000,2.36340000,2.36360000,2.34540000,2.35190000,1688001.00000000,1743027299999999,3974864.06980000,16382,762309.00000000,1794773.20540000,0
1743027300000000,2.35200000,2.35430000,2.33820000,2.34050000,1760089.00000000,1743028199999999,4125906.84940000,16560,872201.00000000,2044710.06520000,0
1743028200000000,2.34050000,2.35230000,2.34050000,2.34910000,1203132.00000000,1743029099999999,2823842.40000000,9573,748816.00000000,1757182.47650000,0
1743029100000000,2.34900000,2.35230000,2.34200000,2.34310000,1292655.00000000,1743029999999999,3034930.65400000,12440,612455.00000000,1437571.44830000,0
1743030000000000,2.34310000,2.34380000,2.32800000,2.33820000,2397612.00000000,1743030899999999,5599715.59860000,18227,1132760.00000000,2646356.97170000,0
1743030900000000,2.33830000,2.34200000,2.33290000,2.33960000,921733.00000000,1743031799999999,2154894.87530000,12963,496389.00000000,1160591.03090000,0
1743031800000000,2.33950000,2.34530000,2.33880000,2.34160000,1231534.00000000,1743032699999999,2885530.49250000,14424,735317.00000000,1722829.12810000,0
1743032700000000,2.34160000,2.35160000,2.34030000,2.34940000,1815282.00000000,1743033599999999,4262720.07560000,10011,1147166.00000000,2693983.89040000,0
1743033600000000,2.34940000,2.35500000,2.34510000,2.35180000,2755757.00000000,1743034499999999,6476971.52970000,17620,1846071.00000000,4338890.47580000,0
1743034500000000,2.35180000,2.35930000,2.34540000,2.35890000,1301277.00000000,1743035399999999,3059981.05420000,9133,796687.00000000,1873858.91190000,0
1743035400000000,2.35900000,2.36990000,2.35760000,2.35950000,3241959.00000000,1743036299999999,7663027.76200000,22134,1755794.00000000,4149993.49120000,0
1743036300000000,2.35950000,2.36640000,2.35910000,2.36580000,1559087.00000000,1743037199999999,3684619.80710000,11066,753197.00000000,1779857.94710000,0
1743037200000000,2.36580000,2.37300000,2.36430000,2.36880000,1849560.00000000,1743038099999999,4381255.85200000,11412,1058084.00000000,2506706.85740000,0
1743038100000000,2.36870000,2.36980000,2.36040000,2.36940000,805278.00000000,1743038999999999,1905029.25450000,7171,531084.00000000,1256526.99220000,0
1743039000000000,2.36940000,2.36970000,2.36440000,2.36810000,1504671.00000000,1743039899999999,3561661.35770000,7424,592771.00000000,1403014.27950000,0
1743039900000000,2.36810000,2.37420000,2.36520000,2.37100000,930543.00000000,1743040799999999,2206029.22040000,8285,527388.00000000,1250334.24090000,0
1743040800000000,2.37100000,2.38050000,2.36930000,2.37850000,1665725.00000000,1743041699999999,3958447.58500000,11001,1118866.00000000,2658801.91540000,0
1743041700000000,2.37850000,2.38210000,2.37340000,2.37770000,1018245.00000000,1743042599999999,2421616.80940000,6560,596656.00000000,1419024.52270000,0
1743042600000000,2.37770000,2.38330000,2.37590000,2.38270000,713260.00000000,1743043499999999,1697711.44540000,7612,363753.00000000,865879.79920000,0
1743043500000000,2.38280000,2.39000000,2.38080000,2.38460000,1002853.00000000,1743044399999999,2392607.44960000,7302,504528.00000000,1203577.33990000,0
1743044400000000,2.38460000,2.38590000,2.37790000,2.38240000,879817.00000000,1743045299999999,2094678.81350000,6185,512479.00000000,1220158.67930000,0
1743045300000000,2.38240000,2.38240000,2.37590000,2.37980000,505387.00000000,1743046199999999,1202140.71020000,5007,221016.00000000,525724.74180000,0
1743046200000000,2.37970000,2.38510000,2.37910000,2.37990000,666958.00000000,1743047099999999,1588900.41940000,5452,353921.00000000,843192.30420000,0
1743047100000000,2.37990000,2.38210000,2.37630000,2.37800000,409367.00000000,1743047999999999,973625.67200000,5072,187081.00000000,444964.51410000,0
1743048000000000,2.37810000,2.37830000,2.36930000,2.37310000,1057782.00000000,1743048899999999,2510797.09420000,6327,267150.00000000,634204.35530000,0
1743048900000000,2.37310000,2.37850000,2.37180000,2.37710000,970208.00000000,1743049799999999,2304009.11630000,4757,326733.00000000,775882.90400000,0
1743049800000000,2.37700000,2.38070000,2.37280000,2.37480000,691587.00000000,1743050699999999,1643321.77090000,5663,178413.00000000,423995.68100000,0
1743050700000000,2.37490000,2.37590000,2.37240000,2.37470000,694812.00000000,1743051599999999,1649437.04920000,4180,166833.00000000,396076.15080000,0
1743051600000000,2.37460000,2.37460000,2.36980000,2.37160000,560479.00000000,1743052499999999,1328902.31430000,5466,205116.00000000,486331.28930000,0
1743052500000000,2.37160000,2.37260000,2.36640000,2.37010000,630943.00000000,1743053399999999,1494819.72640000,5395,233721.00000000,553714.18160000,0
1743053400000000,2.37000000,2.37000000,2.36670000,2.36680000,787435.00000000,1743054299999999,1864963.86270000,4879,426540.00000000,1010175.60250000,0
1743054300000000,2.36680000,2.36780000,2.35540000,2.35750000,1632149.00000000,1743055199999999,3854297.48430000,7729,523463.00000000,1235174.50530000,0
1743055200000000,2.35750000,2.36360000,2.35590000,2.36350000,899831.00000000,1743056099999999,2122530.56260000,6289,477382.00000000,1126284.32060000,0
1743056100000000,2.36350000,2.36920000,2.36250000,2.36810000,647817.00000000,1743056999999999,1532739.76820000,5732,363228.00000000,859236.13790000,0
1743057000000000,2.36810000,2.36990000,2.36430000,2.36470000,812734.00000000,1743057899999999,1923314.14530000,6860,342569.00000000,810727.15390000,0
1743057900000000,2.36470000,2.36520000,2.35720000,2.36070000,1453486.00000000,1743058799999999,3431737.40600000,7196,854198.00000000,2016585.18250000,0
1743058800000000,2.36080000,2.36480000,2.35560000,2.36330000,2002131.00000000,1743059699999999,4724232.27270000,8321,1233168.00000000,2910111.75920000,0
1743059700000000,2.36320000,2.36410000,2.35680000,2.35900000,754117.00000000,1743060599999999,1779516.16170000,5760,262371.00000000,618982.07110000,0
1743060600000000,2.35900000,2.36190000,2.35380000,2.35540000,1055406.00000000,1743061499999999,2487917.48460000,8612,371852.00000000,876387.69960000,0
1743061500000000,2.35540000,2.36960000,2.35190000,2.36450000,2288746.00000000,1743062399999999,5407405.31620000,10601,1600599.00000000,3781469.56340000,0
1743062400000000,2.36450000,2.37110000,2.36180000,2.36650000,1061292.00000000,1743063299999999,2511288.14300000,10786,565459.00000000,1338106.18210000,0
1743063300000000,2.36650000,2.37770000,2.36550000,2.37530000,1257212.00000000,1743064199999999,2982912.55240000,11380,696679.00000000,1652652.99830000,0
1743064200000000,2.37530000,2.37990000,2.37310000,2.37520000,1118060.00000000,1743065099999999,2657679.22420000,11670,412312.00000000,980145.59320000,0
1743065100000000,2.37520000,2.37550000,2.36810000,2.37170000,659617.00000000,1743065999999999,1564575.91870000,7286,299697.00000000,710851.92830000,0
1743066000000000,2.37180000,2.37560000,2.36690000,2.36960000,561241.00000000,1743066899999999,1331280.77440000,9610,256366.00000000,608190.13040000,0
1743066900000000,2.36960000,2.37160000,2.36510000,2.36560000,587286.00000000,1743067799999999,1390609.08350000,6081,216566.00000000,512834.85810000,0
1743067800000000,2.36560000,2.37060000,2.36450000,2.36900000,563818.00000000,1743068699999999,1334953.75080000,5406,260540.00000000,616859.57020000,0
1743068700000000,2.36900000,2.37670000,2.36820000,2.37170000,993717.00000000,1743069599999999,2358162.48780000,6170,392371.00000000,931347.18500000,0
1743069600000000,2.37160000,2.37750000,2.36900000,2.37000000,533587.00000000,1743070499999999,1266281.67220000,6793,286908.00000000,680881.14340000,0
1743070500000000,2.37000000,2.37100000,2.36740000,2.36750000,794822.00000000,1743071399999999,1883215.43860000,5216,242860.00000000,575366.64670000,0
1743071400000000,2.36750000,2.37000000,2.35960000,2.35990000,908865.00000000,1743072299999999,2149362.23900000,5965,296186.00000000,700775.19720000,0
1743072300000000,2.36000000,2.36050000,2.35400000,2.35720000,1018997.00000000,1743073199999999,2401335.70840000,9292,452387.00000000,1066031.50460000,0
1743073200000000,2.35720000,2.36660000,2.35570000,2.36220000,777540.00000000,1743074099999999,1837030.34770000,6368,414939.00000000,980435.00480000,0
1743074100000000,2.36220000,2.36500000,2.34970000,2.35090000,1233631.00000000,1743074999999999,2906346.32860000,9239,328506.00000000,774347.41620000,0
1743075000000000,2.35080000,2.35650000,2.34700000,2.34780000,1320594.00000000,1743075899999999,3105460.21710000,10364,618230.00000000,1453858.24630000,0
1743075900000000,2.34790000,2.35000000,2.33920000,2.34320000,2148781.00000000,1743076799999999,5034538.65440000,14057,1000997.00000000,2345550.49320000,0
1743076800000000,2.34310000,2.34310000,2.32960000,2.33970000,3909730.00000000,1743077699999999,9130001.13290000,22190,1951287.00000000,4557995.55170000,0
1743077700000000,2.33960000,2.34330000,2.32400000,2.34070000,2113471.00000000,1743078599999999,4936636.18260000,14319,1014608.00000000,2371513.27710000,0
1743078600000000,2.34070000,2.34770000,2.33540000,2.34230000,1495884.00000000,1743079499999999,3504556.23410000,14992,741949.00000000,1738223.84540000,0
1743079500000000,2.34220000,2.34360000,2.33520000,2.33700000,1092237.00000000,1743080399999999,2553690.13210000,12019,527960.00000000,1234366.02160000,0
1743080400000000,2.33700000,2.34630000,2.33500000,2.34080000,1198334.00000000,1743081299999999,2807035.44710000,11307,753068.00000000,1764510.16730000,0
1743081300000000,2.34070000,2.34280000,2.31890000,2.32590000,2913503.00000000,1743082199999999,6782623.70920000,26875,1294717.00000000,3013881.57310000,0
1743082200000000,2.32580000,2.33260000,2.30210000,2.31140000,5590944.00000000,1743083099999999,12930668.70240000,48714,2204842.00000000,5098081.05770000,0
1743083100000000,2.31140000,2.32780000,2.30740000,2.32540000,2777637.00000000,1743083999999999,6436576.28040000,26969,1346111.00000000,3120192.86780000,0
1743084000000000,2.32530000,2.33390000,2.31850000,2.32660000,1546710.00000000,1743084899999999,3600167.30770000,17406,710570.00000000,1654585.80780000,0
1743084900000000,2.32670000,2.33600000,2.32490000,2.33540000,1745238.00000000,1743085799999999,4067787.41710000,9669,1021737.00000000,2381644.62400000,0
1743085800000000,2.33530000,2.35440000,2.33470000,2.35010000,2781152.00000000,1743086699999999,6523701.64510000,15808,1476026.00000000,3460615.15090000,0
1743086700000000,2.35010000,2.36500000,2.34760000,2.36310000,2881211.00000000,1743087599999999,6788999.59300000,21797,1394359.00000000,3284840.91940000,0
1743087600000000,2.36320000,2.36700000,2.35620000,2.36600000,2920619.00000000,1743088499999999,6897836.57210000,20391,1309436.00000000,3093874.75140000,0
1743088500000000,2.36600000,2.36610000,2.35560000,2.35690000,1527854.00000000,1743089399999999,3608700.34330000,12887,660208.00000000,1559184.30650000,0
1743089400000000,2.35690000,2.35760000,2.34050000,2.34060000,1556401.00000000,1743090299999999,3657103.49870000,13057,451364.00000000,1060687.91300000,0
1743090300000000,2.34070000,2.34620000,2.33800000,2.34020000,1202859.00000000,1743091199999999,2817119.74030000,10164,657060.00000000,1538870.48480000,0
1743091200000000,2.34010000,2.34730000,2.33520000,2.34220000,1232920.00000000,1743092099999999,2887218.55140000,14391,586142.00000000,1373147.91370000,0
1743092100000000,2.34210000,2.35220000,2.33980000,2.33980000,1149889.00000000,1743092999999999,2697067.60240000,10560,522856.00000000,1227028.57970000,0
1743093000000000,2.33970000,2.35000000,2.33940000,2.34930000,706030.00000000,1743093899999999,1654588.37390000,9902,415352.00000000,973460.08290000,0
1743093900000000,2.34940000,2.35060000,2.33180000,2.33380000,1230487.00000000,1743094799999999,2879599.85900000,8920,402804.00000000,942581.47360000,0
1743094800000000,2.33380000,2.34000000,2.33250000,2.33650000,1289212.00000000,1743095699999999,3011257.62670000,10398,651427.00000000,1521433.67400000,0
1743095700000000,2.33640000,2.33970000,2.32980000,2.33340000,1142946.00000000,1743096599999999,2667124.77300000,9666,555625.00000000,1296671.04070000,0
1743096600000000,2.33330000,2.33390000,2.32060000,2.32850000,1551147.00000000,1743097499999999,3610353.03580000,12416,884677.00000000,2058743.98370000,0
1743097500000000,2.32850000,2.33500000,2.32000000,2.32190000,1301879.00000000,1743098399999999,3029511.88990000,13075,653573.00000000,1521090.91530000,0
1743098400000000,2.32180000,2.33310000,2.31930000,2.33300000,1276309.00000000,1743099299999999,2969425.81800000,9898,903542.00000000,2102610.29030000,0
1743099300000000,2.33300000,2.34240000,2.32810000,2.33700000,1308076.00000000,1743100199999999,3055423.64450000,7393,907573.00000000,2120293.34000000,0
1743100200000000,2.33700000,2.34890000,2.33670000,2.34730000,1155092.00000000,1743101099999999,2706135.54700000,8705,763848.00000000,1789296.44330000,0
1743101100000000,2.34730000,2.35620000,2.34720000,2.35100000,1574558.00000000,1743101999999999,3704311.49870000,8322,834967.00000000,1964170.03110000,0
1743102000000000,2.35110000,2.35340000,2.34450000,2.35060000,1293446.00000000,1743102899999999,3037290.59380000,7481,574087.00000000,1347784.15950000,0
1743102900000000,2.35050000,2.35640000,2.34710000,2.35170000,951704.00000000,1743103799999999,2238763.32010000,8124,618670.00000000,1455471.77630000,0
1743103800000000,2.35170000,2.35410000,2.34580000,2.35060000,1050213.00000000,1743104699999999,2468884.84640000,8489,661202.00000000,1554015.80460000,0
1743104700000000,2.35060000,2.35100000,2.33850000,2.33960000,1112170.00000000,1743105599999999,2606342.35490000,7490,583695.00000000,1367809.85820000,0
1743105600000000,2.33950000,2.34040000,2.33110000,2.33220000,1100114.00000000,1743106499999999,2568972.42140000,5497,539909.00000000,1260677.37400000,0
1743106500000000,2.33230000,2.34080000,2.32920000,2.33830000,1098628.00000000,1743107399999999,2567508.10980000,6908,694098.00000000,1622275.01070000,0
1743107400000000,2.33830000,2.34540000,2.33620000,2.34370000,672568.00000000,1743108299999999,1574090.76030000,5907,440176.00000000,1030215.02970000,0
1743108300000000,2.34370000,2.34410000,2.33790000,2.33900000,597996.00000000,1743109199999999,1399387.16380000,4610,306083.00000000,716199.13370000,0
1743109200000000,2.33900000,2.33960000,2.33130000,2.33300000,476245.00000000,1743110099999999,1111988.28250000,4263,231498.00000000,540487.34210000,0
1743110100000000,2.33300000,2.35500000,2.33170000,2.34920000,978363.00000000,1743110999999999,2294061.20300000,7646,567836.00000000,1330928.23580000,0
1743111000000000,2.34910000,2.36000000,2.34660000,2.35640000,869589.00000000,1743111899999999,2046517.50810000,8706,493793.00000000,1161834.38520000,0
1743111900000000,2.35640000,2.35930000,2.34810000,2.35360000,656258.00000000,1743112799999999,1544522.12980000,8063,346573.00000000,815622.16880000,0
1743112800000000,2.35350000,2.35700000,2.34770000,2.34770000,802543.00000000,1743113699999999,1887373.94040000,8122,355270.00000000,835638.88710000,0
1743113700000000,2.34770000,2.35120000,2.34680000,2.34900000,673535.00000000,1743114599999999,1581987.89640000,4768,406787.00000000,955466.60180000,0
1743114600000000,2.34900000,2.35090000,2.34730000,2.34930000,473902.00000000,1743115499999999,1113147.45230000,3574,297529.00000000,698842.39490000,0
1743115500000000,2.34930000,2.35320000,2.34710000,2.34980000,557932.00000000,1743116399999999,1311434.16640000,4962,243225.00000000,571681.64490000,0
1743116400000000,2.34980000,2.35060000,2.33580000,2.33750000,1112372.00000000,1743117299999999,2603660.64750000,8565,444478.00000000,1040016.51320000,0
1743117300000000,2.33740000,2.34190000,2.33530000,2.34130000,1035632.00000000,1743118199999999,2421084.20810000,6345,383660.00000000,897118.85640000,0
1743118200000000,2.34140000,2.34450000,2.33460000,2.33570000,507592.00000000,1743119099999999,1187562.89260000,5750,202387.00000000,473600.31060000,0
1743119100000000,2.33560000,2.34130000,2.33490000,2.34100000,425204.00000000,1743119999999999,994057.44310000,4949,191261.00000000,447163.75520000,0
1743120000000000,2.34110000,2.34140000,2.32440000,2.32450000,1055806.00000000,1743120899999999,2460897.69100000,10986,392474.00000000,914936.63230000,0
1743120900000000,2.32460000,2.32910000,2.32050000,2.32200000,946698.00000000,1743121799999999,2200654.51970000,7347,317185.00000000,737218.89720000,0
1743121800000000,2.32200000,2.32960000,2.30770000,2.32900000,2343393.00000000,1743122699999999,5430885.49300000,20544,949839.00000000,2202023.83560000,0
1743122700000000,2.32900000,2.33750000,2.32390000,2.33580000,704112.00000000,1743123599999999,1642395.41740000,9477,359514.00000000,838406.20280000,0
1743123600000000,2.33580000,2.33630000,2.31960000,2.31970000,833554.00000000,1743124499999999,1940448.95100000,8160,379579.00000000,883518.41380000,0
1743124500000000,2.31970000,2.32660000,2.31460000,2.32450000,1292328.00000000,1743125399999999,2999193.43280000,7235,834284.00000000,1936704.09140000,0
1743125400000000,2.32460000,2.34330000,2.32190000,2.34090000,1587416.00000000,1743126299999999,3706851.82980000,14199,991465.00000000,2315572.17630000,0
1743126300000000,2.34080000,2.34110000,2.32820000,2.32900000,1292407.00000000,1743127199999999,3017964.40540000,9525,537378.00000000,1254655.34340000,0
1743127200000000,2.32910000,2.33300000,2.32500000,2.33000000,1037487.00000000,1743128099999999,2417076.04440000,8386,592922.00000000,1381203.51210000,0
1743128100000000,2.33000000,2.33630000,2.32630000,2.32680000,831098.00000000,1743128999999999,1937745.62840000,6271,506747.00000000,1181560.69240000,0
1743129000000000,2.32690000,2.32690000,2.31290000,2.32000000,1336134.00000000,1743129899999999,3097761.11710000,10805,804654.00000000,1865119.30510000,0
1743129900000000,2.32000000,2.32340000,2.31590000,2.31870000,1608757.00000000,1743130799999999,3731877.42700000,6925,880762.00000000,2044132.23330000,0
1743130800000000,2.31870000,2.31990000,2.30180000,2.30600000,2147531.00000000,1743131699999999,4958480.53450000,13711,990116.00000000,2285573.87420000,0
1743131700000000,2.30600000,2.31120000,2.30220000,2.30700000,1803142.00000000,1743132599999999,4156637.94540000,14866,893617.00000000,2059972.58800000,0
1743132600000000,2.30710000,2.31120000,2.30590000,2.30850000,800403.00000000,1743133499999999,1848102.39680000,6613,452635.00000000,1044936.10810000,0
1743133500000000,2.30850000,2.31260000,2.30530000,2.31040000,901589.00000000,1743134399999999,2081184.02990000,5621,409220.00000000,944736.99520000,0
1743134400000000,2.31040000,2.31400000,2.30960000,2.31320000,974739.00000000,1743135299999999,2253429.79680000,5745,542877.00000000,1254962.51770000,0
1743135300000000,2.31310000,2.31330000,2.30340000,2.30700000,1197118.00000000,1743136199999999,2763374.81920000,8658,590485.00000000,1362987.18880000,0
1743136200000000,2.30700000,2.30700000,2.26060000,2.27030000,10503486.00000000,1743137099999999,23966509.62050000,64567,4047389.00000000,9226135.65200000,0
1743137100000000,2.27020000,2.27790000,2.26050000,2.27570000,4235728.00000000,1743137999999999,9608157.16610000,38494,2251618.00000000,5110325.30140000,0
1743138000000000,2.27570000,2.27780000,2.26620000,2.26970000,2255299.00000000,1743138899999999,5125909.73680000,20256,1072075.00000000,2435913.46550000,0
1743138900000000,2.26970000,2.27540000,2.25420000,2.25720000,2996204.00000000,1743139799999999,6786981.95170000,17108,1298452.00000000,2942380.48920000,0
1743139800000000,2.25720000,2.26530000,2.25520000,2.25950000,1902546.00000000,1743140699999999,4299691.66560000,16150,1051381.00000000,2376194.24580000,0
1743140700000000,2.25950000,2.26100000,2.24610000,2.25250000,3679461.00000000,1743141599999999,8291857.41120000,25583,1332481.00000000,3002885.77090000,0
1743141600000000,2.25250000,2.26600000,2.24800000,2.26570000,1723401.00000000,1743142499999999,3891135.46080000,14415,1029519.00000000,2324652.79360000,0
1743142500000000,2.26570000,2.26770000,2.26040000,2.26520000,1398009.00000000,1743143399999999,3164274.05740000,8608,871442.00000000,1972457.91230000,0
1743143400000000,2.26520000,2.26560000,2.24670000,2.24920000,1839471.00000000,1743144299999999,4149433.84820000,9966,987189.00000000,2226712.20550000,0
1743144300000000,2.24930000,2.25240000,2.23750000,2.23920000,3776401.00000000,1743145199999999,8474606.39090000,19930,1422554.00000000,3193369.91880000,0
1743145200000000,2.23930000,2.25000000,2.23640000,2.24170000,2441348.00000000,1743146099999999,5477681.63580000,20963,1212759.00000000,2721290.61700000,0
1743146100000000,2.24170000,2.24960000,2.23900000,2.24370000,2035195.00000000,1743146999999999,4566704.37130000,11457,1067663.00000000,2395478.07520000,0
1743147000000000,2.24370000,2.24650000,2.23220000,2.23360000,2491713.00000000,1743147899999999,5580887.03300000,13539,1234643.00000000,2765613.69630000,0
1743147900000000,2.23360000,2.23800000,2.21710000,2.22080000,5081253.00000000,1743148799999999,11316837.83780000,31404,2417989.00000000,5387221.70800000,0
1743148800000000,2.22090000,2.24100000,2.21840000,2.23510000,3019040.00000000,1743149699999999,6745297.51650000,26933,1561579.00000000,3488397.78250000,0
1743149700000000,2.23510000,2.24300000,2.22560000,2.22590000,2068730.00000000,1743150599999999,4626139.81140000,15759,966243.00000000,2161068.67900000,0
1743150600000000,2.22580000,2.23280000,2.22280000,2.23140000,1756630.00000000,1743151499999999,3914264.05270000,16916,863839.00000000,1924817.49810000,0
1743151500000000,2.23130000,2.23900000,2.23130000,2.23280000,1890479.00000000,1743152399999999,4225245.14020000,9872,1238380.00000000,2767911.58140000,0
1743152400000000,2.23270000,2.23620000,2.22040000,2.22090000,2387111.00000000,1743153299999999,5319159.87130000,14593,1155810.00000000,2576750.32760000,0
1743153300000000,2.22100000,2.23240000,2.21830000,2.23200000,1704482.00000000,1743154199999999,3792510.63610000,17680,1045792.00000000,2327190.83820000,0
1743154200000000,2.23210000,2.23870000,2.22720000,2.22990000,1544610.00000000,1743155099999999,3448870.49320000,9429,876068.00000000,1956228.30710000,0
1743155100000000,2.23000000,2.23070000,2.22160000,2.22240000,1813455.00000000,1743155999999999,4035040.36290000,7445,851917.00000000,1895554.35610000,0
1743156000000000,2.22240000,2.23000000,2.21680000,2.22500000,2572340.00000000,1743156899999999,5717874.27110000,12832,1564661.00000000,3479082.13820000,0
1743156900000000,2.22510000,2.22870000,2.21680000,2.22860000,1443360.00000000,1743157799999999,3207350.13610000,9355,990088.00000000,2199957.13370000,0
1743157800000000,2.22860000,2.23070000,2.21930000,2.22030000,1442007.00000000,1743158699999999,3207807.15580000,7709,848928.00000000,1888701.96700000,0
1743158700000000,2.22040000,2.22160000,2.20000000,2.20740000,4717682.00000000,1743159599999999,10421048.18280000,17366,1422363.00000000,3145232.00870000,0
1743159600000000,2.20750000,2.20940000,2.19500000,2.19550000,3728672.00000000,1743160499999999,8210047.96130000,23157,1454102.00000000,3202613.46040000,0
1743160500000000,2.19550000,2.21590000,2.19450000,2.20910000,4756691.00000000,1743161399999999,10489023.85360000,33737,2361015.00000000,5206893.87320000,0
1743161400000000,2.20900000,2.21950000,2.20770000,2.21480000,3041614.00000000,1743162299999999,6734267.60650000,25668,1538327.00000000,3406891.84000000,0
1743162300000000,2.21480000,2.22810000,2.21380000,2.22710000,2246396.00000000,1743163199999999,4993829.94410000,16264,1162447.00000000,2584719.33560000,0
1743163200000000,2.22700000,2.23260000,2.22070000,2.22630000,2397264.00000000,1743164099999999,5337133.90360000,16006,1362495.00000000,3033501.93130000,0
1743164100000000,2.22630000,2.24090000,2.22250000,2.24030000,2882738.00000000,1743164999999999,6437421.24450000,15030,1717743.00000000,3835687.55840000,0
1743165000000000,2.24020000,2.24620000,2.21060000,2.21800000,5906393.00000000,1743165899999999,13152958.93960000,37433,2929819.00000000,6524939.66750000,0
1743165900000000,2.21800000,2.22310000,2.21000000,2.21200000,1767291.00000000,1743166799999999,3917185.86720000,14550,950889.00000000,2108193.37810000,0
1743166800000000,2.21210000,2.21880000,2.20750000,2.21490000,1988778.00000000,1743167699999999,4401321.50480000,16861,1162104.00000000,2572009.72580000,0
1743167700000000,2.21490000,2.22300000,2.20780000,2.20910000,2824718.00000000,1743168599999999,6254209.26440000,12093,1809263.00000000,4005177.45630000,0
1743168600000000,2.20910000,2.21860000,2.20130000,2.21070000,2982212.00000000,1743169499999999,6589965.77870000,21036,1639345.00000000,3622993.66290000,0
1743169500000000,2.21070000,2.21470000,2.19000000,2.19720000,3163871.00000000,1743170399999999,6960889.06740000,24160,1168723.00000000,2570675.80230000,0
1743170400000000,2.19730000,2.20370000,2.17460000,2.18400000,6899476.00000000,1743171299999999,15076398.13400000,44884,2718748.00000000,5943282.35460000,0
1743171300000000,2.18400000,2.19980000,2.18100000,2.19520000,3900801.00000000,1743172199999999,8543957.74060000,30097,1875140.00000000,4108223.80980000,0
1743172200000000,2.19520000,2.20710000,2.19190000,2.20420000,2605823.00000000,1743173099999999,5728856.82370000,19309,1446394.00000000,3180752.99330000,0
1743173100000000,2.20410000,2.20620000,2.19510000,2.19840000,2065765.00000000,1743173999999999,4546500.97790000,14677,1087851.00000000,2394910.29160000,0
1743174000000000,2.19840000,2.19900000,2.18540000,2.19350000,3060681.00000000,1743174899999999,6706574.08070000,22407,1678316.00000000,3677423.39460000,0
1743174900000000,2.19360000,2.19880000,2.18300000,2.18590000,2853588.00000000,1743175799999999,6253063.19690000,17547,1377993.00000000,3021318.35490000,0
1743175800000000,2.18590000,2.19720000,2.18390000,2.18800000,2295452.00000000,1743176699999999,5028419.71550000,14421,1416957.00000000,3103854.41370000,0
1743176700000000,2.18800000,2.19030000,2.17700000,2.17850000,2326044.00000000,1743177599999999,5078946.84420000,17447,1273806.00000000,2781896.32460000,0
1743177600000000,2.17850000,2.18970000,2.17440000,2.18530000,2843450.00000000,1743178499999999,6203254.98980000,20480,1278548.00000000,2789289.82180000,0
1743178500000000,2.18530000,2.18990000,2.17420000,2.18400000,2816157.00000000,1743179399999999,6149577.13550000,18258,1226645.00000000,2679176.19480000,0
1743179400000000,2.18410000,2.18580000,2.16880000,2.17070000,2686475.00000000,1743180299999999,5849614.43520000,16292,1243205.00000000,2706456.92200000,0
1743180300000000,2.17080000,2.17180000,2.15350000,2.16420000,4072105.00000000,1743181199999999,8808602.06100000,28481,2142696.00000000,4634728.77800000,0
1743181200000000,2.16410000,2.17080000,2.16050000,2.16740000,2444641.00000000,1743182099999999,5293347.57330000,19743,1298650.00000000,2811938.67960000,0
1743182100000000,2.16750000,2.17900000,2.16310000,2.16570000,2431840.00000000,1743182999999999,5285178.82280000,14455,1416455.00000000,3078535.52400000,0
1743183000000000,2.16570000,2.17200000,2.15910000,2.16910000,1113693.00000000,1743183899999999,2413126.19430000,13122,544216.00000000,1179198.56450000,0
1743183900000000,2.16910000,2.18110000,2.16810000,2.18060000,1051817.00000000,1743184799999999,2288368.67270000,9244,555618.00000000,1209011.73330000,0
1743184800000000,2.18070000,2.19320000,2.17910000,2.18990000,2121442.00000000,1743185699999999,4640126.73640000,11740,1437575.00000000,3144309.67830000,0
1743185700000000,2.18990000,2.19200000,2.18050000,2.18330000,1310943.00000000,1743186599999999,2863982.70450000,9310,608718.00000000,1329851.82750000,0
1743186600000000,2.18330000,2.19180000,2.18290000,2.19000000,1354473.00000000,1743187499999999,2964795.99780000,7877,916726.00000000,2006762.09440000,0
1743187500000000,2.19000000,2.19030000,2.17820000,2.18330000,1196438.00000000,1743188399999999,2612659.80160000,8207,627295.00000000,1369656.83860000,0
1743188400000000,2.18330000,2.18450000,2.17800000,2.18350000,1163846.00000000,1743189299999999,2538499.60530000,10982,540751.00000000,1179336.77070000,0
1743189300000000,2.18360000,2.18430000,2.17400000,2.17690000,782957.00000000,1743190199999999,1704997.25600000,7628,281767.00000000,613540.52170000,0
1743190200000000,2.17690000,2.18020000,2.16950000,2.17260000,1452951.00000000,1743191099999999,3160210.46160000,9499,702710.00000000,1528176.38220000,0
1743191100000000,2.17260000,2.18210000,2.16940000,2.18020000,1237440.00000000,1743191999999999,2693738.26950000,11344,517508.00000000,1126476.22020000,0
1743192000000000,2.18020000,2.19240000,2.17980000,2.18550000,1593189.00000000,1743192899999999,3484236.55310000,9559,866436.00000000,1895077.25310000,0
1743192900000000,2.18550000,2.19280000,2.18450000,2.19150000,1384786.00000000,1743193799999999,3032158.73990000,8892,752670.00000000,1648160.05630000,0
1743193800000000,2.19150000,2.19780000,2.18530000,2.19180000,2024289.00000000,1743194699999999,4437278.00330000,12894,1000403.00000000,2192359.36930000,0
1743194700000000,2.19180000,2.19230000,2.16700000,2.17320000,1943698.00000000,1743195599999999,4234729.42310000,14632,681116.00000000,1484771.27370000,0
1743195600000000,2.17330000,2.17770000,2.16200000,2.17540000,2002796.00000000,1743196499999999,4345942.17380000,13702,1282329.00000000,2782888.92880000,0
1743196500000000,2.17540000,2.17690000,2.15870000,2.17590000,1653899.00000000,1743197399999999,3584507.56030000,10742,652755.00000000,1415004.20200000,0
1743197400000000,2.17590000,2.18630000,2.17450000,2.18180000,888824.00000000,1743198299999999,1939078.91820000,10367,534796.00000000,1166571.16450000,0
1743198300000000,2.18180000,2.18310000,2.17240000,2.18270000,812943.00000000,1743199199999999,1771696.63250000,8192,466420.00000000,1016384.31530000,0
1743199200000000,2.18270000,2.19310000,2.18210000,2.19090000,803927.00000000,1743200099999999,1759148.05710000,7790,464100.00000000,1015606.30630000,0
1743200100000000,2.19080000,2.19320000,2.18510000,2.19050000,934152.00000000,1743200999999999,2045404.21700000,9290,456884.00000000,1000244.17110000,0
1743201000000000,2.19050000,2.19960000,2.18970000,2.19670000,1356411.00000000,1743201899999999,2977341.65830000,9793,867557.00000000,1904126.58230000,0
1743201900000000,2.19680000,2.20680000,2.19600000,2.20670000,1310162.00000000,1743202799999999,2883398.88750000,10168,870252.00000000,1915590.66910000,0
1743202800000000,2.20670000,2.21190000,2.20370000,2.20430000,2876373.00000000,1743203699999999,6350571.58190000,14698,1807571.00000000,3991247.25650000,0
1743203700000000,2.20440000,2.20550000,2.19650000,2.19940000,982777.00000000,1743204599999999,2162888.94590000,7331,519850.00000000,1144192.17420000,0
1743204600000000,2.19950000,2.20780000,2.19700000,2.20550000,1082433.00000000,1743205499999999,2384735.58090000,8216,486443.00000000,1071486.61990000,0
1743205500000000,2.20550000,2.20740000,2.20140000,2.20730000,550933.00000000,1743206399999999,1214380.82170000,6175,350435.00000000,772467.39080000,0
1743206400000000,2.20720000,2.21410000,2.20020000,2.21410000,1095722.00000000,1743207299999999,2420789.89870000,10253,595997.00000000,1316983.14540000,0
1743207300000000,2.21410000,2.21790000,2.20980000,2.21510000,2053211.00000000,1743208199999999,4547884.64130000,10925,966438.00000000,2140766.59600000,0
1743208200000000,2.21510000,2.22670000,2.21160000,2.22200000,1529314.00000000,1743209099999999,3397421.17630000,9985,863829.00000000,1919161.94990000,0
1743209100000000,2.22190000,2.22260000,2.20380000,2.20670000,1411651.00000000,1743209999999999,3125912.53420000,9636,564014.00000000,1248809.02920000,0
1743210000000000,2.20680000,2.21740000,2.20580000,2.21310000,968088.00000000,1743210899999999,2142047.27330000,8913,565718.00000000,1251630.32580000,0
1743210900000000,2.21310000,2.21340000,2.19720000,2.19800000,1205231.00000000,1743211799999999,2653381.98440000,11094,425217.00000000,936020.48920000,0
1743211800000000,2.19800000,2.20350000,2.19220000,2.19280000,1171110.00000000,1743212699999999,2573070.39040000,11157,356418.00000000,783402.34300000,0
1743212700000000,2.19290000,2.19380000,2.18300000,2.19180000,1319240.00000000,1743213599999999,2887833.71550000,9459,560246.00000000,1226154.42970000,0
1743213600000000,2.19180000,2.19900000,2.19180000,2.19490000,1062240.00000000,1743214499999999,2332588.82860000,7724,634655.00000000,1393414.95120000,0
1743214500000000,2.19490000,2.19540000,2.18190000,2.18300000,796593.00000000,1743215399999999,1742100.27170000,5662,207583.00000000,453951.98470000,0
1743215400000000,2.18300000,2.18790000,2.16920000,2.16920000,1525509.00000000,1743216299999999,3321797.95110000,8152,392977.00000000,856279.39000000,0
1743216300000000,2.16920000,2.17600000,2.16050000,2.16140000,1564571.00000000,1743217199999999,3394182.17910000,12500,598723.00000000,1299520.09550000,0
1743217200000000,2.16140000,2.16580000,2.12900000,2.14000000,5880597.00000000,1743218099999999,12620114.47700000,43486,2407568.00000000,5163213.28870000,0
1743218100000000,2.14010000,2.15450000,2.13920000,2.14810000,1803378.00000000,1743218999999999,3875266.50070000,17446,918391.00000000,1973126.46220000,0
1743219000000000,2.14810000,2.17310000,2.14800000,2.17220000,1338469.00000000,1743219899999999,2894011.94890000,15404,725890.00000000,1569049.18390000,0
1743219900000000,2.17220000,2.18000000,2.16780000,2.17630000,1113083.00000000,1743220799999999,2419848.08690000,11895,578424.00000000,1257863.72430000,0
1743220800000000,2.17630000,2.18620000,2.17220000,2.17840000,1316932.00000000,1743221699999999,2870317.81030000,12957,714345.00000000,1556663.82920000,0
1743221700000000,2.17830000,2.17830000,2.16240000,2.16700000,1039850.00000000,1743222599999999,2255254.10900000,8184,372641.00000000,807899.64590000,0
1743222600000000,2.16690000,2.17300000,2.15850000,2.16410000,936455.00000000,1743223499999999,2027824.46960000,10167,409346.00000000,886403.07490000,0
1743223500000000,2.16400000,2.16710000,2.16040000,2.16660000,658485.00000000,1743224399999999,1424526.09290000,7861,292881.00000000,633744.10850000,0
1743224400000000,2.16650000,2.16690000,2.15510000,2.16080000,1043958.00000000,1743225299999999,2254922.91090000,7855,399850.00000000,863724.27260000,0
1743225300000000,2.16070000,2.16160000,2.14390000,2.14520000,1309767.00000000,1743226199999999,2816331.73290000,8548,497954.00000000,1070465.69100000,0
1743226200000000,2.14510000,2.15400000,2.14000000,2.15380000,1277221.00000000,1743227099999999,2740481.39440000,10530,642756.00000000,1379657.75300000,0
1743227100000000,2.15370000,2.15710000,2.14690000,2.15540000,708456.00000000,1743227999999999,1524751.54970000,8015,467544.00000000,1006349.05090000,0
1743228000000000,2.15540000,2.15580000,2.13110000,2.13330000,1673131.00000000,1743228899999999,3581767.67620000,14357,931056.00000000,1993041.96900000,0
1743228900000000,2.13330000,2.13690000,2.12450000,2.13110000,2900952.00000000,1743229799999999,6178305.93100000,17711,1174559.00000000,2502419.34400000,0
1743229800000000,2.13110000,2.14980000,2.13040000,2.14770000,1621244.00000000,1743230699999999,3468966.55910000,11190,1037220.00000000,2219409.82370000,0
1743230700000000,2.14780000,2.14820000,2.13440000,2.13620000,1559708.00000000,1743231599999999,3338059.17030000,8229,709247.00000000,1517680.94200000,0
1743231600000000,2.13620000,2.13660000,2.11440000,2.12730000,3299663.00000000,1743232499999999,7015579.05370000,20750,1253591.00000000,2664719.68340000,0
1743232500000000,2.12720000,2.13870000,2.11970000,2.13730000,1651091.00000000,1743233399999999,3515522.89360000,10625,777369.00000000,1654867.10980000,0
1743233400000000,2.13730000,2.13850000,2.12010000,2.12780000,1886106.00000000,1743234299999999,4015122.24780000,12187,926747.00000000,1971745.37360000,0
1743234300000000,2.12790000,2.13120000,2.11120000,2.12230000,2424316.00000000,1743235199999999,5138914.52200000,18810,1204666.00000000,2553209.84820000,0
1743235200000000,2.12230000,2.13350000,2.11760000,2.12780000,2725029.00000000,1743236099999999,5794157.66290000,17450,1329447.00000000,2826199.40200000,0
1743236100000000,2.12790000,2.13570000,2.12000000,2.12890000,1860055.00000000,1743236999999999,3960476.98120000,12709,847852.00000000,1805689.07100000,0
1743237000000000,2.12880000,2.14320000,2.12880000,2.13960000,1901451.00000000,1743237899999999,4065107.68500000,12054,1109966.00000000,2373194.52590000,0
1743237900000000,2.13970000,2.14330000,2.13360000,2.13950000,1335292.00000000,1743238799999999,2855971.61040000,8218,681328.00000000,1457271.42980000,0
1743238800000000,2.13940000,2.14340000,2.12690000,2.12720000,2005984.00000000,1743239699999999,4280937.21950000,11127,1062694.00000000,2267636.45270000,0
1743239700000000,2.12720000,2.12720000,2.11530000,2.11740000,1656908.00000000,1743240599999999,3514754.68160000,12668,931397.00000000,1975589.13730000,0
1743240600000000,2.11750000,2.12290000,2.08710000,2.09340000,6799237.00000000,1743241499999999,14304066.20900000,32346,2788631.00000000,5866883.09550000,0
1743241500000000,2.09340000,2.10830000,2.08820000,2.10380000,4424528.00000000,1743242399999999,9292919.96890000,34992,2246972.00000000,4717892.02460000,0
1743242400000000,2.10380000,2.10540000,2.08690000,2.10060000,3781260.00000000,1743243299999999,7923361.99080000,23161,1429013.00000000,2995025.14540000,0
1743243300000000,2.10050000,2.10720000,2.09150000,2.09350000,2155066.00000000,1743244199999999,4523808.35010000,14769,1008992.00000000,2118366.05950000,0
1743244200000000,2.09340000,2.09420000,2.07710000,2.08270000,6172137.00000000,1743245099999999,12855000.20690000,30570,2616004.00000000,5448131.63280000,0
1743245100000000,2.08270000,2.08580000,2.07070000,2.07220000,4153790.00000000,1743245999999999,8631067.76140000,28864,1973053.00000000,4100347.28390000,0
1743246000000000,2.07220000,2.08830000,2.06690000,2.08750000,2945624.00000000,1743246899999999,6118112.28660000,26211,1741503.00000000,3617445.73320000,0
1743246900000000,2.08750000,2.08900000,2.06250000,2.07410000,5419841.00000000,1743247799999999,11231052.81250000,35269,2807510.00000000,5818971.36760000,0
1743247800000000,2.07410000,2.07730000,2.06120000,2.06230000,3815016.00000000,1743248699999999,7889299.33320000,29766,1798715.00000000,3719100.55990000,0
1743248700000000,2.06230000,2.08800000,2.06070000,2.08710000,2888463.00000000,1743249599999999,5981937.69730000,23524,1846041.00000000,3823987.62850000,0
1743249600000000,2.08800000,2.10210000,2.08170000,2.09940000,4011093.00000000,1743250499999999,8390707.39190000,27721,2046826.00000000,4283085.22800000,0
1743250500000000,2.09930000,2.11120000,2.09600000,2.10340000,3228551.00000000,1743251399999999,6795851.19210000,20001,1819027.00000000,3829028.88400000,0
1743251400000000,2.10330000,2.10960000,2.09180000,2.09990000,2915980.00000000,1743252299999999,6126540.76860000,16378,1496513.00000000,3144179.01770000,0
1743252300000000,2.09980000,2.10550000,2.09360000,2.10350000,1551305.00000000,1743253199999999,3258409.85090000,11780,825804.00000000,1734491.22030000,0
1743253200000000,2.10340000,2.13180000,2.10280000,2.12630000,5248198.00000000,1743254099999999,11127677.71430000,32487,2472542.00000000,5240734.18940000,0
1743254100000000,2.12630000,2.13340000,2.12010000,2.12920000,2773541.00000000,1743254999999999,5897399.13850000,16449,1433942.00000000,3048579.25330000,0
1743255000000000,2.12920000,2.12990000,2.11730000,2.12190000,1867478.00000000,1743255899999999,3965056.52990000,10664,744809.00000000,1580692.48140000,0
1743255900000000,2.12190000,2.14090000,2.12090000,2.13840000,2951819.00000000,1743256799999999,6303146.88210000,15901,2005533.00000000,4282107.01150000,0
1743256800000000,2.13840000,2.13840000,2.11610000,2.12060000,3683579.00000000,1743257699999999,7826484.35650000,16060,1584550.00000000,3366856.91360000,0
1743257700000000,2.12070000,2.12260000,2.10940000,2.11610000,2372248.00000000,1743258599999999,5020296.30870000,14356,1258821.00000000,2664085.30220000,0
1743258600000000,2.11600000,2.12970000,2.11390000,2.12410000,1260257.00000000,1743259499999999,2674841.09230000,10409,753361.00000000,1599021.91110000,0
1743259500000000,2.12410000,2.12500000,2.11410000,2.11690000,1282049.00000000,1743260399999999,2716684.51620000,10299,778512.00000000,1649841.33910000,0
1743260400000000,2.11680000,2.12510000,2.11670000,2.12330000,902857.00000000,1743261299999999,1915090.91910000,9055,503559.00000000,1068078.83930000,0
1743261300000000,2.12330000,2.12790000,2.11410000,2.11920000,1149015.00000000,1743262199999999,2437929.12830000,7824,575098.00000000,1219956.89280000,0
1743262200000000,2.11920000,2.11980000,2.10670000,2.10930000,1174808.00000000,1743263099999999,2481629.37450000,12242,669963.00000000,1415241.85190000,0
1743263100000000,2.10940000,2.11550000,2.10520000,2.10730000,902608.00000000,1743263999999999,1905321.91780000,6963,515002.00000000,1087410.03030000,0
1743264000000000,2.10730000,2.11930000,2.10680000,2.11730000,1083542.00000000,1743264899999999,2289830.16300000,11899,541362.00000000,1144325.60580000,0
1743264900000000,2.11730000,2.11770000,2.10280000,2.10680000,1822198.00000000,1743265799999999,3843386.24500000,13834,1004559.00000000,2118656.47270000,0
1743265800000000,2.10680000,2.11950000,2.10580000,2.10910000,1097761.00000000,1743266699999999,2321688.91640000,10532,769217.00000000,1627290.12260000,0
1743266700000000,2.10910000,2.11240000,2.09270000,2.09700000,2185418.00000000,1743267599999999,4594150.17560000,22109,874455.00000000,1838358.26780000,0
1743267600000000,2.09690000,2.10160000,2.08270000,2.08470000,2621268.00000000,1743268499999999,5486557.80790000,20100,949755.00000000,1988585.61860000,0
1743268500000000,2.08480000,2.10370000,2.07170000,2.10110000,3476465.00000000,1743269399999999,7244629.36230000,30226,1719300.00000000,3585529.53890000,0
1743269400000000,2.10110000,2.13630000,2.09950000,2.10030000,4764427.00000000,1743270299999999,10095672.09640000,45602,2497120.00000000,5293655.25430000,0
1743270300000000,2.10030000,2.11730000,2.09860000,2.11230000,2548526.00000000,1743271199999999,5371154.13560000,26219,1327531.00000000,2798401.26510000,0
1743271200000000,2.11220000,2.12630000,2.10880000,2.12230000,2296621.00000000,1743272099999999,4869218.91670000,23183,1159982.00000000,2459236.06960000,0
1743272100000000,2.12220000,2.12400000,2.11220000,2.12020000,1982007.00000000,1743272999999999,4195462.82840000,14090,983499.00000000,2081654.26010000,0
1743273000000000,2.12020000,2.13350000,2.11670000,2.12970000,1827484.00000000,1743273899999999,3887366.04490000,13074,1011071.00000000,2150272.20640000,0
1743273900000000,2.12980000,2.13300000,2.11550000,2.11930000,1310783.00000000,1743274799999999,2785996.69170000,11787,576674.00000000,1226161.14030000,0
1743274800000000,2.11930000,2.12690000,2.11600000,2.11850000,981694.00000000,1743275699999999,2082742.17250000,12041,510604.00000000,1083308.78990000,0
1743275700000000,2.11850000,2.12210000,2.11200000,2.11990000,871149.00000000,1743276599999999,1845061.58720000,7676,406426.00000000,860930.73880000,0
1743276600000000,2.12000000,2.12410000,2.11150000,2.12020000,1049965.00000000,1743277499999999,2223174.33790000,10323,366454.00000000,775862.12930000,0
1743277500000000,2.12020000,2.13290000,2.11930000,2.13280000,857722.00000000,1743278399999999,1823171.42850000,8844,636645.00000000,1353464.51090000,0
1743278400000000,2.13270000,2.13280000,2.11780000,2.11980000,1002488.00000000,1743279299999999,2130252.51790000,9874,432428.00000000,918853.13020000,0
1743279300000000,2.11980000,2.12860000,2.11710000,2.12180000,614942.00000000,1743280199999999,1305214.51530000,9291,300989.00000000,638528.33620000,0
1743280200000000,2.12170000,2.12720000,2.11350000,2.11390000,947186.00000000,1743281099999999,2008846.02250000,8362,464026.00000000,984157.04660000,0
1743281100000000,2.11380000,2.11590000,2.10200000,2.10290000,1981618.00000000,1743281999999999,4175024.81600000,13226,929282.00000000,1957806.47340000,0
1743282000000000,2.10290000,2.12230000,2.10230000,2.12160000,1349486.00000000,1743282899999999,2851878.61810000,11775,759397.00000000,1605155.09600000,0
1743282900000000,2.12160000,2.12560000,2.11220000,2.11270000,951930.00000000,1743283799999999,2017236.98020000,7635,456603.00000000,968061.47140000,0
1743283800000000,2.11260000,2.11600000,2.10260000,2.11510000,702592.00000000,1743284699999999,1481527.84720000,7803,367764.00000000,775737.83650000,0
1743284700000000,2.11510000,2.12340000,2.11110000,2.11690000,533948.00000000,1743285599999999,1130854.47000000,7595,367120.00000000,777505.14350000,0
1743285600000000,2.11690000,2.12190000,2.11480000,2.12130000,1019381.00000000,1743286499999999,2159612.71630000,8927,401128.00000000,849893.11640000,0
1743286500000000,2.12120000,2.12650000,2.11830000,2.12550000,689662.00000000,1743287399999999,1463444.69600000,5608,308615.00000000,654799.31080000,0
1743287400000000,2.12550000,2.12680000,2.11790000,2.11850000,759408.00000000,1743288299999999,1611164.80910000,4647,358908.00000000,761118.34440000,0
1743288300000000,2.11850000,2.11960000,2.11070000,2.11760000,586127.00000000,1743289199999999,1239599.52110000,7150,298836.00000000,631983.58950000,0
1743289200000000,2.11770000,2.12320000,2.11470000,2.12310000,699156.00000000,1743290099999999,1481687.98060000,4791,421626.00000000,893604.84810000,0
1743290100000000,2.12310000,2.12940000,2.12190000,2.12810000,861014.00000000,1743290999999999,1831172.86130000,5784,353423.00000000,751541.30890000,0
1743291000000000,2.12800000,2.13130000,2.12400000,2.13080000,941983.00000000,1743291899999999,2004452.92280000,6390,548943.00000000,1168294.40960000,0
1743291900000000,2.13080000,2.14260000,2.13030000,2.13510000,1466343.00000000,1743292799999999,3134404.22980000,8044,646868.00000000,1382454.56700000,0
1743292800000000,2.13520000,2.13810000,2.12540000,2.13710000,1497237.00000000,1743293699999999,3193150.44250000,10497,726656.00000000,1549752.27640000,0
1743293700000000,2.13710000,2.14030000,2.12880000,2.13000000,720000.00000000,1743294599999999,1537264.03790000,6830,411666.00000000,879185.05150000,0
1743294600000000,2.13010000,2.13010000,2.11590000,2.12180000,1181118.00000000,1743295499999999,2506312.36660000,11177,643796.00000000,1366072.93760000,0
1743295500000000,2.12180000,2.13820000,2.12130000,2.13520000,733833.00000000,1743296399999999,1565096.11950000,8696,384702.00000000,820292.71720000,0
1743296400000000,2.13510000,2.15820000,2.13370000,2.15130000,3159940.00000000,1743297299999999,6792979.21740000,23935,1513658.00000000,3253670.16410000,0
1743297300000000,2.15130000,2.15460000,2.14380000,2.15330000,1626171.00000000,1743298199999999,3492644.52850000,14975,712596.00000000,1530831.72520000,0
1743298200000000,2.15330000,2.16710000,2.15180000,2.15630000,3382345.00000000,1743299099999999,7310416.61360000,14938,2332619.00000000,5041044.77650000,0
1743299100000000,2.15630000,2.16650000,2.15280000,2.16540000,1121192.00000000,1743299999999999,2421758.29810000,9015,719386.00000000,1554078.93680000,0
1743300000000000,2.16540000,2.18040000,2.16320000,2.17260000,3675148.00000000,1743300899999999,7992428.43840000,21124,2203284.00000000,4791635.23250000,0
1743300900000000,2.17250000,2.18280000,2.17120000,2.17450000,1543223.00000000,1743301799999999,3359635.76370000,10943,973268.00000000,2119013.10890000,0
1743301800000000,2.17450000,2.19730000,2.16960000,2.19340000,2617634.00000000,1743302699999999,5722325.12930000,18312,1607667.00000000,3514216.52580000,0
1743302700000000,2.19350000,2.19680000,2.18570000,2.19070000,1722248.00000000,1743303599999999,3772942.29240000,15473,926654.00000000,2030006.11330000,0
1743303600000000,2.19080000,2.20310000,2.18760000,2.19880000,2806365.00000000,1743304499999999,6165570.46330000,17591,1318694.00000000,2896300.27750000,0
1743304500000000,2.19890000,2.21420000,2.19230000,2.21100000,3799174.00000000,1743305399999999,8378309.20000000,26069,1910918.00000000,4214934.03450000,0
1743305400000000,2.21100000,2.21250000,2.18570000,2.18710000,2626008.00000000,1743306299999999,5770635.74880000,19364,887813.00000000,1952012.29330000,0
1743306300000000,2.18720000,2.19790000,2.18020000,2.18240000,2476955.00000000,1743307199999999,5417548.49530000,16905,1315865.00000000,2879094.49990000,0
1743307200000000,2.18230000,2.19400000,2.18160000,2.19100000,1201960.00000000,1743308099999999,2629609.32870000,10735,567505.00000000,1241777.34930000,0
1743308100000000,2.19100000,2.19470000,2.17710000,2.17740000,1341881.00000000,1743308999999999,2931827.99710000,10510,470534.00000000,1028147.60450000,0
1743309000000000,2.17730000,2.18680000,2.17310000,2.18390000,1326861.00000000,1743309899999999,2892015.48350000,10718,611758.00000000,1333777.58910000,0
1743309900000000,2.18380000,2.18860000,2.17650000,2.17830000,1073795.00000000,1743310799999999,2345112.81970000,8996,520452.00000000,1137004.31180000,0
1743310800000000,2.17830000,2.18470000,2.17440000,2.18330000,1353851.00000000,1743311699999999,2952319.01260000,10463,867232.00000000,1891038.46560000,0
1743311700000000,2.18320000,2.19000000,2.17920000,2.18720000,762267.00000000,1743312599999999,1667176.57590000,7140,402251.00000000,879648.33430000,0
1743312600000000,2.18730000,2.19230000,2.18500000,2.18590000,880038.00000000,1743313499999999,1926109.35710000,6689,509108.00000000,1114291.43370000,0
1743313500000000,2.18590000,2.18770000,2.17580000,2.17860000,766235.00000000,1743314399999999,1672901.35030000,6014,456764.00000000,997501.69640000,0
1743314400000000,2.17850000,2.17880000,2.16870000,2.16930000,1122627.00000000,1743315299999999,2439807.29160000,7968,515627.00000000,1120755.48710000,0
1743315300000000,2.16930000,2.17000000,2.15860000,2.16470000,2741896.00000000,1743316199999999,5933988.86470000,11264,1267922.00000000,2745054.33870000,0
1743316200000000,2.16480000,2.18170000,2.16480000,2.18020000,948343.00000000,1743317099999999,2061381.33360000,8514,574834.00000000,1249667.30840000,0
1743317100000000,2.18030000,2.18440000,2.17450000,2.17880000,699039.00000000,1743317999999999,1523514.61230000,8596,283983.00000000,619050.64650000,0
1743318000000000,2.17880000,2.19140000,2.17880000,2.19030000,1239519.00000000,1743318899999999,2711462.14560000,8698,722420.00000000,1579767.22360000,0
1743318900000000,2.19020000,2.19380000,2.18850000,2.18870000,1453809.00000000,1743319799999999,3184807.91860000,12280,726785.00000000,1591832.98810000,0
1743319800000000,2.18870000,2.19110000,2.18240000,2.18260000,876673.00000000,1743320699999999,1916512.76400000,8515,381707.00000000,834674.24570000,0
1743320700000000,2.18270000,2.18410000,2.17300000,2.17580000,1338567.00000000,1743321599999999,2915117.46620000,7781,371423.00000000,809648.13460000,0
1743321600000000,2.17580000,2.18270000,2.17440000,2.18270000,636156.00000000,1743322499999999,1385510.14560000,8368,368173.00000000,801818.46630000,0
1743322500000000,2.18280000,2.18650000,2.18060000,2.18390000,500441.00000000,1743323399999999,1092852.77310000,6943,191368.00000000,417855.25310000,0
1743323400000000,2.18380000,2.19080000,2.18340000,2.18670000,1141616.00000000,1743324299999999,2497712.99690000,8833,509451.00000000,1114754.13860000,0
1743324300000000,2.18670000,2.19880000,2.18670000,2.19650000,977282.00000000,1743325199999999,2145468.74230000,10263,380262.00000000,834685.98780000,0
1743325200000000,2.19660000,2.19890000,2.19000000,2.19240000,575023.00000000,1743326099999999,1261937.31970000,8954,243017.00000000,533026.43790000,0
1743326100000000,2.19240000,2.19460000,2.18790000,2.19270000,1207906.00000000,1743326999999999,2647328.03260000,6738,412993.00000000,904863.25590000,0
1743327000000000,2.19260000,2.19450000,2.17950000,2.18130000,1309081.00000000,1743327899999999,2858933.39730000,10057,543043.00000000,1186059.07070000,0
1743327900000000,2.18140000,2.18460000,2.17740000,2.17960000,823656.00000000,1743328799999999,1796035.38910000,4935,456946.00000000,996313.98660000,0
1743328800000000,2.17960000,2.18740000,2.17700000,2.18400000,1132572.00000000,1743329699999999,2471024.89050000,5663,699320.00000000,1525574.83910000,0
1743329700000000,2.18400000,2.18430000,2.16500000,2.16810000,1989981.00000000,1743330599999999,4320754.69410000,11145,785959.00000000,1705886.60150000,0
1743330600000000,2.16810000,2.16990000,2.15410000,2.15490000,2622708.00000000,1743331499999999,5669678.10040000,19612,982687.00000000,2123848.34420000,0
1743331500000000,2.15490000,2.16330000,2.15380000,2.16000000,1193222.00000000,1743332399999999,2576793.88610000,9431,683798.00000000,1476717.84010000,0
1743332400000000,2.16000000,2.17320000,2.15930000,2.17220000,1435467.00000000,1743333299999999,3111975.97680000,8126,1048185.00000000,2272535.74620000,0
1743333300000000,2.17220000,2.17600000,2.15900000,2.16410000,1290322.00000000,1743334199999999,2796103.60530000,9281,542309.00000000,1175572.17850000,0
1743334200000000,2.16410000,2.16730000,2.15680000,2.16420000,2322369.00000000,1743335099999999,5020080.65770000,13217,917350.00000000,1983811.25680000,0
1743335100000000,2.16420000,2.16660000,2.15990000,2.16260000,742641.00000000,1743335999999999,1606149.34190000,7703,432378.00000000,935182.51300000,0
1743336000000000,2.16260000,2.16520000,2.15440000,2.16160000,1734299.00000000,1743336899999999,3744292.43310000,10093,864332.00000000,1866512.97860000,0
1743336900000000,2.16150000,2.16920000,2.15900000,2.16700000,898155.00000000,1743337799999999,1943235.71970000,11591,516555.00000000,1117572.52760000,0
1743337800000000,2.16700000,2.16820000,2.15660000,2.15690000,995801.00000000,1743338699999999,2153104.16650000,7777,524968.00000000,1135026.90040000,0
1743338700000000,2.15690000,2.15970000,2.15290000,2.15760000,933964.00000000,1743339599999999,2013765.59440000,7146,474328.00000000,1022686.90420000,0
1743339600000000,2.15750000,2.15840000,2.14620000,2.15280000,1736536.00000000,1743340499999999,3735113.27680000,10099,720217.00000000,1549361.39710000,0
1743340500000000,2.15290000,2.16000000,2.14270000,2.14320000,1425707.00000000,1743341399999999,3065408.43270000,7766,496981.00000000,1070039.05940000,0
1743341400000000,2.14320000,2.14680000,2.12770000,2.14420000,5253736.00000000,1743342299999999,11228909.06840000,32749,2131784.00000000,4556037.27340000,0
1743342300000000,2.14410000,2.14710000,2.12660000,2.12830000,3011523.00000000,1743343199999999,6427573.10810000,17701,1604163.00000000,3424278.68450000,0
1743343200000000,2.12830000,2.13380000,2.12300000,2.13300000,2234479.00000000,1743344099999999,4755391.50710000,16396,925997.00000000,1971348.88980000,0
1743344100000000,2.13290000,2.14500000,2.13070000,2.13810000,2895221.00000000,1743344999999999,6195299.84000000,15262,1058971.00000000,2266061.15410000,0
1743345000000000,2.13810000,2.14280000,2.13350000,2.14110000,1918253.00000000,1743345899999999,4102467.08440000,11468,929072.00000000,1986669.99820000,0
1743345900000000,2.14110000,2.15230000,2.13970000,2.14360000,1809212.00000000,1743346799999999,3885657.48300000,9675,932244.00000000,2001898.21580000,0
1743346800000000,2.14370000,2.15220000,2.14100000,2.15130000,1362168.00000000,1743347699999999,2922226.85120000,9641,637925.00000000,1369202.18850000,0
1743347700000000,2.15130000,2.15840000,2.14380000,2.14660000,1618715.00000000,1743348599999999,3481542.58580000,9666,1072545.00000000,2307268.96890000,0
1743348600000000,2.14660000,2.14880000,2.13730000,2.14160000,1112166.00000000,1743349499999999,2382567.62650000,9469,599455.00000000,1284167.58380000,0
1743349500000000,2.14150000,2.14520000,2.13610000,2.13760000,1090204.00000000,1743350399999999,2333661.21070000,8231,578771.00000000,1238924.07230000,0
1743350400000000,2.13770000,2.14520000,2.13630000,2.14480000,961530.00000000,1743351299999999,2058564.75380000,6948,605127.00000000,1295373.95850000,0
1743351300000000,2.14480000,2.14660000,2.13460000,2.13510000,701218.00000000,1743352199999999,1501668.76700000,4838,378358.00000000,810394.82200000,0
1743352200000000,2.13510000,2.13570000,2.12320000,2.12910000,2028699.00000000,1743353099999999,4317401.74470000,13127,908126.00000000,1932735.83520000,0
1743353100000000,2.12900000,2.13260000,2.11660000,2.12380000,1637302.00000000,1743353999999999,3477250.11010000,14519,682089.00000000,1449396.13350000,0
1743354000000000,2.12380000,2.13380000,2.11500000,2.13180000,1813252.00000000,1743354899999999,3854119.97480000,16120,956758.00000000,2034717.87030000,0
1743354900000000,2.13170000,2.13860000,2.12910000,2.13300000,767082.00000000,1743355799999999,1637443.00230000,10066,432627.00000000,923436.36340000,0
1743355800000000,2.13310000,2.13740000,2.12800000,2.12910000,734062.00000000,1743356699999999,1565692.04790000,7485,353676.00000000,754542.14100000,0
1743356700000000,2.12900000,2.13240000,2.12600000,2.13110000,486571.00000000,1743357599999999,1036032.49480000,5330,182881.00000000,389370.17890000,0
1743357600000000,2.13120000,2.14720000,2.12980000,2.14190000,1168440.00000000,1743358499999999,2498527.19120000,13644,688466.00000000,1472397.82770000,0
1743358500000000,2.14190000,2.14960000,2.14040000,2.14960000,665279.00000000,1743359399999999,1427090.83330000,11139,365164.00000000,783512.97310000,0
1743359400000000,2.14960000,2.15080000,2.13780000,2.14020000,757647.00000000,1743360299999999,1623705.02020000,7821,300638.00000000,644495.94120000,0
1743360300000000,2.14020000,2.16140000,2.13920000,2.15990000,2895412.00000000,1743361199999999,6233034.75550000,16676,2205119.00000000,4746997.56440000,0
1743361200000000,2.15990000,2.17110000,2.15460000,2.15640000,2345845.00000000,1743362099999999,5072499.41380000,17872,1443480.00000000,3120683.10420000,0
1743362100000000,2.15630000,2.15780000,2.14860000,2.14930000,727803.00000000,1743362999999999,1566434.60460000,8133,318331.00000000,685289.06730000,0
1743363000000000,2.14930000,2.15200000,2.14760000,2.14800000,472886.00000000,1743363899999999,1016500.13210000,6659,242716.00000000,521736.82150000,0
1743363900000000,2.14800000,2.14850000,2.14150000,2.14340000,540849.00000000,1743364799999999,1159915.89440000,6110,235159.00000000,504262.99590000,0
1743364800000000,2.14340000,2.14540000,2.13460000,2.14460000,1047286.00000000,1743365699999999,2240677.83480000,8733,463305.00000000,991803.40700000,0
1743365700000000,2.14470000,2.14870000,2.14220000,2.14230000,826983.00000000,1743366599999999,1774547.71940000,6024,504408.00000000,1082472.12240000,0
1743366600000000,2.14220000,2.14550000,2.13280000,2.13670000,593164.00000000,1743367499999999,1269031.06580000,8032,256853.00000000,549386.50280000,0
1743367500000000,2.13670000,2.13840000,2.13210000,2.13750000,949814.00000000,1743368399999999,2028442.60730000,6933,638055.00000000,1362701.24770000,0
1743368400000000,2.13740000,2.15680000,2.13710000,2.15630000,1038273.00000000,1743369299999999,2227726.55760000,7796,569094.00000000,1221150.34200000,0
1743369300000000,2.15620000,2.15630000,2.14770000,2.15180000,748312.00000000,1743370199999999,1609193.26170000,4653,279038.00000000,600003.78190000,0
1743370200000000,2.15170000,2.15210000,2.14130000,2.14610000,654876.00000000,1743371099999999,1405383.84600000,5085,246361.00000000,528642.55400000,0
1743371100000000,2.14600000,2.14640000,2.12230000,2.13220000,1180976.00000000,1743371999999999,2516384.35940000,10993,445274.00000000,948221.80550000,0
1743372000000000,2.13230000,2.13230000,2.10770000,2.11960000,4813137.00000000,1743372899999999,10180868.63510000,30461,2491019.00000000,5269150.94010000,0
1743372900000000,2.11950000,2.13380000,2.11340000,2.13260000,1358979.00000000,1743373799999999,2886133.09590000,16964,727580.00000000,1545827.22430000,0
1743373800000000,2.13270000,2.16380000,2.13130000,2.14920000,2360557.00000000,1743374699999999,5074253.53530000,24187,1044199.00000000,2244184.60300000,0
1743374700000000,2.14910000,2.15520000,2.13920000,2.14070000,1464517.00000000,1743375599999999,3142290.51940000,16107,535898.00000000,1150688.09210000,0
1743375600000000,2.14070000,2.14190000,2.12840000,2.13370000,1043135.00000000,1743376499999999,2227382.74930000,13850,456338.00000000,974415.95160000,0
1743376500000000,2.13360000,2.13590000,2.12290000,2.12310000,676934.00000000,1743377399999999,1441422.90150000,12145,330626.00000000,703794.65130000,0
1743377400000000,2.12290000,2.14190000,2.12050000,2.13980000,922297.00000000,1743378299999999,1965227.02040000,9818,507400.00000000,1081378.13070000,0
1743378300000000,2.13970000,2.14150000,2.12910000,2.13690000,1306915.00000000,1743379199999999,2790739.25960000,9499,536645.00000000,1145709.25640000,0
1743379200000000,2.13710000,2.14100000,2.12720000,2.12870000,2029619.00000000,1743380099999999,4329856.43380000,19544,760728.00000000,1622840.89080000,0
1743380100000000,2.12860000,2.13250000,2.10880000,2.11070000,2296982.00000000,1743380999999999,4863235.08930000,23037,1001253.00000000,2119970.65670000,0
1743381000000000,2.11080000,2.11110000,2.08070000,2.08340000,6224204.00000000,1743381899999999,13021280.52570000,44917,2448812.00000000,5119299.58110000,0
1743381900000000,2.08330000,2.09580000,2.08130000,2.09130000,4568257.00000000,1743382799999999,9545704.93300000,34995,2139411.00000000,4470772.69360000,0
1743382800000000,2.09130000,2.11190000,2.08760000,2.10070000,2245506.00000000,1743383699999999,4723674.31490000,32042,1192874.00000000,2508932.53320000,0
1743383700000000,2.10060000,2.13120000,2.09770000,2.12400000,2388005.00000000,1743384599999999,5045682.99400000,23263,1170027.00000000,2472078.54400000,0
1743384600000000,2.12400000,2.12470000,2.11040000,2.11880000,1606241.00000000,1743385499999999,3400700.12170000,15059,819374.00000000,1734880.70430000,0
1743385500000000,2.11880000,2.12330000,2.10640000,2.12020000,2346382.00000000,1743386399999999,4957039.21930000,14442,1362913.00000000,2878761.49410000,0
1743386400000000,2.12030000,2.12350000,2.09950000,2.10230000,1250683.00000000,1743387299999999,2637748.06770000,15446,659218.00000000,1390416.79730000,0
1743387300000000,2.10240000,2.10970000,2.09160000,2.09570000,1464807.00000000,1743388199999999,3074499.54730000,12200,810206.00000000,1700630.15670000,0
1743388200000000,2.09560000,2.11370000,2.09270000,2.10990000,1637821.00000000,1743389099999999,3441854.34780000,12517,1132937.00000000,2380919.97320000,0
1743389100000000,2.11000000,2.12290000,2.10290000,2.10340000,1466700.00000000,1743389999999999,3098315.23140000,13097,736119.00000000,1555161.04270000,0
1743390000000000,2.10340000,2.11060000,2.09230000,2.09300000,1522205.00000000,1743390899999999,3199001.71470000,12841,671898.00000000,1411894.83500000,0
1743390900000000,2.09310000,2.09990000,2.08640000,2.09810000,1603689.00000000,1743391799999999,3355149.05410000,14600,878196.00000000,1837786.93400000,0
1743391800000000,2.09810000,2.10170000,2.08350000,2.08350000,2483625.00000000,1743392699999999,5187851.68300000,18185,1169917.00000000,2443274.51520000,0
1743392700000000,2.08340000,2.08730000,2.07900000,2.08110000,2468131.00000000,1743393599999999,5139079.50800000,14480,1283749.00000000,2673233.42290000,0
1743393600000000,2.08110000,2.09320000,2.08030000,2.08770000,1449518.00000000,1743394499999999,3024729.00420000,13894,746105.00000000,1557106.09230000,0
1743394500000000,2.08770000,2.08860000,2.07130000,2.07700000,2371809.00000000,1743395399999999,4925536.44850000,18317,1111583.00000000,2308221.83200000,0
1743395400000000,2.07710000,2.09200000,2.07430000,2.09140000,2305616.00000000,1743396299999999,4804189.34760000,18264,1243190.00000000,2591075.91130000,0
1743396300000000,2.09140000,2.09730000,2.08030000,2.08860000,1511008.00000000,1743397199999999,3156577.30080000,14746,697753.00000000,1457629.94880000,0
1743397200000000,2.08870000,2.10650000,2.08720000,2.10580000,1782828.00000000,1743398099999999,3742789.80740000,20025,924819.00000000,1941613.38650000,0
1743398100000000,2.10590000,2.11490000,2.09900000,2.10940000,1543996.00000000,1743398999999999,3253812.00730000,14170,1049704.00000000,2211950.88090000,0
1743399000000000,2.10950000,2.11070000,2.09970000,2.10430000,966530.00000000,1743399899999999,2033181.89130000,8080,510283.00000000,1073425.36150000,0
1743399900000000,2.10420000,2.10770000,2.09910000,2.10150000,1004612.00000000,1743400799999999,2112575.29290000,7152,566804.00000000,1191988.46690000,0
1743400800000000,2.10160000,2.10570000,2.08230000,2.08250000,2464278.00000000,1743401699999999,5160473.56630000,15830,920860.00000000,1927580.08800000,0
1743401700000000,2.08260000,2.09240000,2.07660000,2.07880000,2789114.00000000,1743402599999999,5815607.08720000,21378,1603380.00000000,3343694.99170000,0
1743402600000000,2.07880000,2.08380000,2.07280000,2.08260000,2317039.00000000,1743403499999999,4814326.03370000,17151,1288214.00000000,2676827.02150000,0
1743403500000000,2.08260000,2.08590000,2.07700000,2.07910000,1685687.00000000,1743404399999999,3506008.37980000,11694,1011618.00000000,2103741.56990000,0
1743404400000000,2.07920000,2.09580000,2.06940000,2.07490000,2896115.00000000,1743405299999999,6025827.44640000,23957,1606840.00000000,3343362.95870000,0
1743405300000000,2.07500000,2.07550000,2.05910000,2.06760000,5094321.00000000,1743406199999999,10522069.91860000,34818,2560487.00000000,5290027.29950000,0
1743406200000000,2.06760000,2.06940000,2.05650000,2.06140000,2931986.00000000,1743407099999999,6044115.91010000,24288,1478715.00000000,3048644.54090000,0
1743407100000000,2.06140000,2.06580000,2.05380000,2.06540000,2749955.00000000,1743407999999999,5660349.10680000,16826,1739435.00000000,3580079.97600000,0
1743408000000000,2.06540000,2.07930000,2.06460000,2.07320000,2696237.00000000,1743408899999999,5585692.76780000,21285,1425173.00000000,2952309.13110000,0
1743408900000000,2.07320000,2.07410000,2.05940000,2.07110000,1607665.00000000,1743409799999999,3321972.41440000,12088,785298.00000000,1622902.13050000,0
1743409800000000,2.07110000,2.07850000,2.06810000,2.06900000,2006194.00000000,1743410699999999,4158157.94380000,17852,1024680.00000000,2123655.62280000,0
1743410700000000,2.06900000,2.07440000,2.05430000,2.05540000,2209104.00000000,1743411599999999,4556885.43810000,14072,1225143.00000000,2527078.82050000,0
1743411600000000,2.05550000,2.07830000,2.04960000,2.05370000,6704013.00000000,1743412499999999,13804700.84150000,39666,3084721.00000000,6356246.34870000,0
1743412500000000,2.05370000,2.06670000,2.05340000,2.06580000,2375231.00000000,1743413399999999,4890965.31120000,21790,1214868.00000000,2501533.24500000,0
1743413400000000,2.06570000,2.06800000,2.04160000,2.04780000,3349141.00000000,1743414299999999,6870189.13870000,28793,1363792.00000000,2798977.94220000,0
1743414300000000,2.04780000,2.04850000,2.03380000,2.04420000,4317361.00000000,1743415199999999,8810336.81020000,29026,2088316.00000000,4261963.90570000,0
1743415200000000,2.04430000,2.05170000,2.02450000,2.03310000,5003483.00000000,1743416099999999,10181596.82120000,31326,2391963.00000000,4867431.33830000,0
1743416100000000,2.03300000,2.05260000,2.02380000,2.04930000,3843126.00000000,1743416999999999,7839114.65990000,26215,2082049.00000000,4246601.51150000,0
1743417000000000,2.04930000,2.05870000,2.04040000,2.05810000,2287543.00000000,1743417899999999,4689813.62420000,19925,1222757.00000000,2507239.86490000,0
1743417900000000,2.05800000,2.07350000,2.05780000,2.07160000,3662523.00000000,1743418799999999,7576197.55120000,22570,1871186.00000000,3870359.79690000,0
1743418800000000,2.07160000,2.07650000,2.05790000,2.06490000,2724193.00000000,1743419699999999,5626768.54290000,16988,1358082.00000000,2805386.37480000,0
1743419700000000,2.06490000,2.07150000,2.05370000,2.05390000,1724594.00000000,1743420599999999,3557260.44990000,14082,777258.00000000,1603416.92740000,0
1743420600000000,2.05400000,2.06620000,2.05270000,2.06600000,1717595.00000000,1743421499999999,3536277.41080000,9700,992415.00000000,2043200.34020000,0
1743421500000000,2.06590000,2.09430000,2.06460000,2.08260000,3913002.00000000,1743422399999999,8145979.03350000,27228,2404448.00000000,5003995.65990000,0
1743422400000000,2.08270000,2.09000000,2.07310000,2.07310000,1847238.00000000,1743423299999999,3843172.94390000,17742,898867.00000000,1870516.88980000,0
1743423300000000,2.07310000,2.08310000,2.07000000,2.08180000,1725540.00000000,1743424199999999,3584100.24550000,11770,928943.00000000,1929417.64120000,0
1743424200000000,2.08180000,2.10280000,2.07800000,2.10090000,3706034.00000000,1743425099999999,7746629.59850000,22118,2324351.00000000,4860120.05150000,0
1743425100000000,2.10100000,2.12110000,2.09340000,2.10320000,5733110.00000000,1743425999999999,12086428.24780000,36430,2846943.00000000,6002756.84550000,0
1743426000000000,2.10330000,2.11480000,2.09500000,2.09660000,4067954.00000000,1743426899999999,8554550.33780000,31596,2040306.00000000,4291174.57640000,0
1743426900000000,2.09660000,2.10140000,2.08690000,2.08940000,1888558.00000000,1743427799999999,3951884.84600000,17324,928167.00000000,1942317.13050000,0
1743427800000000,2.08940000,2.09230000,2.06550000,2.06840000,5397282.00000000,1743428699999999,11205200.76870000,49060,2431447.00000000,5046086.18740000,0
1743428700000000,2.06830000,2.09140000,2.05940000,2.07930000,2982489.00000000,1743429599999999,6188742.49180000,34571,1801723.00000000,3739187.17300000,0
1743429600000000,2.07940000,2.11000000,2.07940000,2.10460000,4611962.00000000,1743430499999999,9691041.24350000,38534,2321147.00000000,4874953.93260000,0
1743430500000000,2.10450000,2.11160000,2.08790000,2.08900000,3138749.00000000,1743431399999999,6581989.38530000,25747,1317232.00000000,2763809.29560000,0
1743431400000000,2.08910000,2.11370000,2.08900000,2.10180000,2855195.00000000,1743432299999999,6011235.12640000,25708,1704601.00000000,3588898.25900000,0
1743432300000000,2.10180000,2.12330000,2.10160000,2.11280000,3846020.00000000,1743433199999999,8130712.98360000,27283,2443728.00000000,5166071.76520000,0
1743433200000000,2.11280000,2.12910000,2.11260000,2.11410000,4300884.00000000,1743434099999999,9128328.59670000,31239,2740026.00000000,5815602.29330000,0
1743434100000000,2.11410000,2.13740000,2.11170000,2.12950000,3214253.00000000,1743434999999999,6837907.62800000,21833,1922108.00000000,4086946.01630000,0
1743435000000000,2.12960000,2.14150000,2.12100000,2.12130000,2580106.00000000,1743435899999999,5493198.89470000,22956,1317232.00000000,2805791.97250000,0
1743435900000000,2.12120000,2.13010000,2.11750000,2.11870000,1864044.00000000,1743436799999999,3958975.45030000,13219,837670.00000000,1779445.56150000,0
1743436800000000,2.11870000,2.13190000,2.11300000,2.11420000,2157612.00000000,1743437699999999,4582171.85670000,19446,979999.00000000,2082846.62500000,0
1743437700000000,2.11410000,2.12890000,2.11160000,2.12800000,1270788.00000000,1743438599999999,2691424.76480000,16573,723191.00000000,1532231.60060000,0
1743438600000000,2.12800000,2.12840000,2.11740000,2.11810000,1492900.00000000,1743439499999999,3166316.18240000,15228,432455.00000000,917415.63210000,0
1743439500000000,2.11820000,2.12190000,2.10950000,2.11210000,1147998.00000000,1743440399999999,2429745.69180000,12299,437919.00000000,927028.66810000,0
1743440400000000,2.11210000,2.12630000,2.10870000,2.12300000,1233078.00000000,1743441299999999,2611510.53290000,11303,679643.00000000,1439629.55520000,0
1743441300000000,2.12310000,2.12370000,2.10500000,2.11000000,1431314.00000000,1743442199999999,3022624.00260000,13731,563172.00000000,1188980.30680000,0
1743442200000000,2.11000000,2.11220000,2.08740000,2.08840000,2410206.00000000,1743443099999999,5054099.23120000,20831,885367.00000000,1856730.14470000,0
1743443100000000,2.08840000,2.10080000,2.08050000,2.09300000,4041292.00000000,1743443999999999,8445705.68800000,24880,2113182.00000000,4417657.51190000,0
1743444000000000,2.09310000,2.11320000,2.09310000,2.10820000,1500843.00000000,1743444899999999,3156135.92600000,22187,813323.00000000,1710844.93290000,0
1743444900000000,2.10810000,2.11320000,2.10490000,2.11260000,889730.00000000,1743445799999999,1875899.86480000,13081,365445.00000000,770506.34130000,0
1743445800000000,2.11270000,2.12500000,2.11030000,2.11840000,1231388.00000000,1743446699999999,2607345.02020000,14119,643259.00000000,1361832.71020000,0
1743446700000000,2.11850000,2.12100000,2.11420000,2.11520000,1062419.00000000,1743447599999999,2249159.34170000,11428,426729.00000000,903551.47720000,0
1743447600000000,2.11520000,2.12400000,2.11350000,2.12080000,782975.00000000,1743448499999999,1659228.55930000,12952,341479.00000000,723575.25510000,0
1743448500000000,2.12070000,2.12120000,2.10610000,2.10670000,1172826.00000000,1743449399999999,2478414.07750000,8786,270083.00000000,570784.51310000,0
1743449400000000,2.10670000,2.11010000,2.10310000,2.10310000,822491.00000000,1743450299999999,1732687.65170000,8806,234582.00000000,494192.93010000,0
1743450300000000,2.10320000,2.10350000,2.08890000,2.09090000,2660852.00000000,1743451199999999,5575034.50470000,17967,1118766.00000000,2343570.89990000,0
1743451200000000,2.09090000,2.10460000,2.09030000,2.10180000,1154805.00000000,1743452099999999,2423307.33810000,12243,640860.00000000,1344990.15230000,0
1743452100000000,2.10170000,2.10520000,2.09720000,2.10240000,1059337.00000000,1743452999999999,2225400.08070000,5435,304993.00000000,640903.94530000,0
1743453000000000,2.10250000,2.10360000,2.09620000,2.09870000,698591.00000000,1743453899999999,1466015.82120000,6231,323911.00000000,679798.14960000,0
1743453900000000,2.09870000,2.09870000,2.08470000,2.08600000,1671322.00000000,1743454799999999,3491040.72210000,7600,886566.00000000,1850971.04500000,0
1743454800000000,2.08610000,2.09350000,2.08570000,2.09290000,824688.00000000,1743455699999999,1723170.75810000,8465,484308.00000000,1012028.47800000,0
1743455700000000,2.09300000,2.09310000,2.08500000,2.08880000,917115.00000000,1743456599999999,1916456.05970000,5887,405448.00000000,847054.10770000,0
1743456600000000,2.08880000,2.09490000,2.08800000,2.09110000,541091.00000000,1743457499999999,1131922.21290000,5186,277123.00000000,579670.81920000,0
1743457500000000,2.09110000,2.09670000,2.08880000,2.08980000,391388.00000000,1743458399999999,819098.51690000,5740,204543.00000000,428165.25770000,0
1743458400000000,2.08970000,2.08970000,2.08100000,2.08280000,2614566.00000000,1743459299999999,5450828.45580000,14798,1101984.00000000,2297481.19400000,0
1743459300000000,2.08280000,2.08280000,2.07510000,2.07920000,2247719.00000000,1743460199999999,4672422.93550000,10782,1111237.00000000,2309817.64260000,0
1743460200000000,2.07930000,2.08470000,2.07520000,2.08370000,2042850.00000000,1743461099999999,4251087.59850000,12907,1169795.00000000,2433727.27990000,0
1743461100000000,2.08360000,2.08730000,2.08130000,2.08310000,1333017.00000000,1743461999999999,2778911.32330000,7786,540066.00000000,1125926.86060000,0
1743462000000000,2.08300000,2.09350000,2.08160000,2.09190000,1907996.00000000,1743462899999999,3986859.55840000,9385,1255379.00000000,2622965.48180000,0
1743462900000000,2.09200000,2.09950000,2.08530000,2.08710000,1297034.00000000,1743463799999999,2711562.60300000,14045,618324.00000000,1292619.15760000,0
1743463800000000,2.08700000,2.09530000,2.08380000,2.09200000,1719581.00000000,1743464699999999,3593101.25720000,10061,1026687.00000000,2145023.30640000,0
1743464700000000,2.09200000,2.09210000,2.08570000,2.08990000,2262407.00000000,1743465599999999,4727490.33710000,10118,1218912.00000000,2547086.59590000,0
